kategori,name,price_raw,price
air-mineral,Aqua Air Mineral Cup 220 Ml Ktn,Rp53.550,53550.0
air-mineral,LE MINERALE WATER PET 330ML,Rp2.400,2400.0
air-mineral,AQUA AIR MINERAL BOTOL 1500 ML,Rp10.100,10100.0
air-mineral,Fiji Natural Mineral Water 1000ml PET [ Dus isi 12 Botol Plastik ],Rp738.000,738000.0
air-mineral,Le Minerale Water Pet 330Ml,Rp2.660,2660.0
air-mineral,CRYSTALLINE AIR MINERAL 330ML,Rp2.340,2340.0
air-mineral,NESTLE PURE LIFE 600 ML - AIR MINERAL,Rp3.730,3730.0
air-mineral,VIT AIR MINERAL BTL 1500 GR,Rp4.910,4910.0
air-mineral,AQUVIVA AIR MINERAL BOTOL 700 ML - Hypermart,Rp3.630,3630.0
air-mineral,CRYSTALLINE AIR MINERAL 600ML,Rp3.630,3630.0
air-mineral,NESTLE PURE LIFE 600 ML - AIR MINERAL,Rp3.730,3730.0
air-mineral,Amidis Air Mineral Pet 600Ml,Rp4.270,4270.0
air-mineral,AMIDIS AIR MINERAL PET 1500ML,Rp8.550,8550.0
air-mineral,CRYSTALLINE AIR MINERAL 330ML,Rp2.340,2340.0
air-mineral,Aqua Air Mineral Btl 600 Ml,Rp3.730,3730.0
air-mineral,Air Minum Le Minerale Galon 15 Liter,Rp26.778,26778.0
air-mineral,CRYSTALLINE AIR MINERAL 600ML,Rp6.490,6490.0
air-mineral,AQUVIVA AIR MINERAL BOTOL 1600 ML,Rp7.480,7480.0
air-mineral,AQUA AIR MINERAL BOTOL 1500 ML,Rp6.410,6410.0
air-mineral,Club Mineral Water 1500 mL,Rp4.830,4830.0
air-mineral,Crystalline Air Mineral 600Ml,Rp4.480,4480.0
air-mineral,AQUVIVA AIR MINERAL BOTOL 700 ML - Hypermart,Rp3.950,3950.0
air-mineral,CRYSTALLINE AIR MINERAL 1500 ML,Rp5.870,5870.0
air-mineral,[EDISI TERBATAS x TAHILALATS] Crystalin Air Minum Mineral 600ml - [1 Botol],Rp4.250,4250.0
air-mineral,HYPERMART VALUE PLUS DRINKING WATER 1500 ML BOTOL - AIR MINERAL,Rp4.270,4270.0
air-mineral,Cleo Air Murni 550ml 1 pack + 2 Galon 19L,Rp143.250,143250.0
air-mineral,"PRE-ORDER [SUPER HEMAT] Air Murni Cleo 12,8 LT - Bundling Hemat 6 Galon",Rp135.161,135161.0
air-mineral,Fiji Natural Mineral Water 330ml PET [ Dus isi 24 Botol Plastik ],Rp615.000,615000.0
air-mineral,VIT AIR MINERAL BTL 1500 GR,Rp4.450,4450.0
air-mineral,ORGANIQUE Premium Alkaline mineral water teknologi USA. 1200 ml isi 12,Rp222.000,222000.0
air-mineral,"Perfect Alkaline Water 1 Liter PH 9,5 (BELI 6 DUS)",Rp328.500,328500.0
air-mineral,Paket 3 Karton Air minum Nestle Pure Life 330 mL (KHUSUS WILAYAH DKI JAKARTA),Rp190.500,190500.0
air-mineral,VIT AIR MINERAL CUP 200ML KTN,Rp36.370,36370.0
air-mineral,PRISTINE WATER 600 ML,Rp5.900,5900.0
air-mineral,Aqua Reflections Natural Mineral Water 750ml [ Dus isi 6 Botol Kaca ],Rp195.000,195000.0
air-mineral,Equil Sparkling Mineral Water 760ml [ Dus isi 6 Botol Kaca ] JNE Cargo Termasuk Packing Kayu,Rp286.400,286400.0
air-mineral,Le Minerale Water Pet 330Ml,Rp2.660,2660.0
air-mineral,LE MINERALE AIR MINERAL PET 1500 ML,Rp6.410,6410.0
air-mineral,LE MINERALE 600ML - AIR MINERAL,Rp3.730,3730.0
air-mineral,VIT AIR MINERAL BTL 1500 GR,Rp4.590,4590.0
air-mineral,Nestle Pure Life 600 Ml,Rp4.590,4590.0
air-mineral,Crystalline Air Mineral 600Ml,Rp5.230,5230.0
air-mineral,VIT AIR MINERAL BTL 550ML,Rp2.660,2660.0
air-mineral,Pristine Water 400Ml,Rp4.700,4700.0
air-mineral,CRYSTALLINE AIR MINERAL 600ml,Rp3.630,3630.0
air-mineral,AQUVIVA AIR MINERAL BOTOL 1600 ML,Rp7.160,7160.0
air-mineral,Crystalline Air Mineral 600Ml,Rp2.660,2660.0
air-mineral,NESTLE PURE LIFE 1500 ML,Rp7.800,7800.0
air-mineral,CRYSTALLINE AIR MINERAL 600 ML,Rp3.630,3630.0
air-mineral,WPC PEMB PORSELEN BIRU BOTOL 750 ML,Rp17.110,17110.0
air-mineral,Cleo Glass 330ml Still Mineral Water [ Dus isi 12 Botol Kaca ],Rp113.334,113334.0
air-mineral,PRISTINE WATER 600 ML - AIR MINERAL,Rp5.660,5660.0
air-mineral,Vegeta Scrubber (PAKET ISI 2) + Adem Sari Sparkling (PAKET ISI 2) + Amunizer,Rp67.000,67000.0
air-mineral,AQUA AIR MINERAL BOTOL 1500 ML,Rp8.760,8760.0
air-mineral,6 Karton Cleo Air Murni Botol Eco Lite 500ml 144 botol,Rp237.600,237600.0
air-mineral,VIT AIR MINERAL BTL 1500 GR,Rp4.450,4450.0
air-mineral,Flow air mineral 600 ml,Rp8.000,8000.0
air-mineral,ANGGUR AUTUM ROYAL 500 GR,Rp68.800,68800.0
air-mineral,HYPERMART VALUE PLUS DRINKING WATER BOTOL 600 ML - AIR MINERAL,Rp2.230,2230.0
air-mineral,VIT AIR MINERAL BTL 1500 GR,Rp4.050,4050.0
air-mineral,AQUA AIR MINERAL BTL 330 ML,Rp2.450,2450.0
air-mineral,Acqua Panna Natural Mineral Water 1000ml PET [ Dus isi 12 Botol Plastik ],Rp632.145,632145.0
air-mineral,LE MINERALE 600ML - AIR MINERAL,Rp3.730,3730.0
air-mineral,air zam zam barcode kemasan 5 liter,Rp467.000,467000.0
air-mineral,HYPERMART VALUE PLUS DRINKING WATER BOTOL 600 ML - AIR MINERAL,Rp2.050,2050.0
air-mineral,Aqua Air Mineral Btl 330 Ml,Rp2.450,2450.0
air-mineral,LE MINERALE 600ML - AIR MINERAL,Rp3.000,3000.0
air-mineral,HYPERMART VALUE PLUS DRINKING WATER BOTOL 600 ML - AIR MINERAL,Rp2.050,2050.0
air-mineral,HYPERMART VALUE PLUS DRINKING WATER BOTOL 600 ML - AIR MINERAL,Rp2.230,2230.0
air-mineral,LE MINERALE AIR MINERAL PET 1500 ML,Rp6.410,6410.0
air-mineral,CRYSTALLINE AIR MINERAL 1500 ML,Rp6.300,6300.0
air-mineral,Amidis Air Mineral Pet 600Ml,Rp3.630,3630.0
air-mineral,VIT AIR MINERAL BTL 1500 GR,Rp4.050,4050.0
air-mineral,AQUA AIR MINERAL BOTOL 1500 ML,Rp6.410,6410.0
air-mineral,PRISTINE WATER 600 ML - AIR MINERAL,Rp5.150,5150.0
air-mineral,AQUA AIR MINERAL BOTOL 600 ML,Rp3.730,3730.0
air-mineral,PRIM-A PET 1500 ML - AIR MINERAL,Rp4.910,4910.0
air-mineral,PAKET HEMAT 3 KARTON RON88 240ML + 3 KARTON RON88 380ML (KURIR TOKO),Rp211.500,211500.0
air-mineral,RON88 Botol Lux 500 ml (6 karton gratis 1 karton)(KURIR TOKO),Rp307.560,307560.0
air-mineral,[BARU-HANDGRIP] Crystalin Air Minum Mineral 1500ml - [1 Botol],Rp8.350,8350.0
air-mineral,AQUA AIR MINERAL BOTOL 1500 ML,Rp6.410,6410.0
air-mineral,Le Minerale 330Ml Air Mineral,Rp3.200,3200.0
air-mineral,HYPERMART VALUE PLUS DRINKING WATER BOTOL 600 ML - AIR MINERAL,Rp3.210,3210.0
air-mineral,VIT AIR MINERAL BTL 1500 GR,Rp4.450,4450.0
air-mineral,Flow air mineral 600 ml,Rp8.000,8000.0
air-mineral,Paket 5 Botol Le Minerale 600 ml,Rp15.500,15500.0
air-mineral,LE MINERALE WATER PET 330 ML - AIR MINERAL,Rp2.660,2660.0
air-mineral,[HARGA SPECIAL] Buavita Korean Muscat Grape 245ml Multipack Isi 6,Rp58.300,58300.0
air-mineral,My Organik dengan Mother Cuka Apel Organic 2in1 Botol 500 ml,Rp79.276,79276.0
air-mineral,Le Minerale Water Pet 330Ml,Rp2.400,2400.0
air-mineral,AMIDIS AIR MINERAL 5 LTR,Rp25.750,25750.0
air-mineral,VP Drinking Water 1500 Ml Btl,Rp6.420,6420.0
air-mineral,AQUA AIR MINERAL BOTOL 1500 ML,Rp6.410,6410.0
air-mineral,AQUA AIR MINERAL BTL 600 ML,Rp3.000,3000.0
air-mineral,Le Minerale 600Ml,Rp3.730,3730.0
air-mineral,LE MINERALE AIR MINERAL PET 1500 ML,Rp8.550,8550.0
air-mineral,CRYSTALLINE AIR MINERAL 1500 ML,Rp6.300,6300.0
air-mineral,ADES NATURAL 600 ML,Rp3.630,3630.0
air-mineral,AMIDIS AIR MINERAL PET 330 ML,Rp2.770,2770.0
air-mineral,HYPERMART VALUE PLUS DRINKING WATER 1500 ML BOTOL - AIR MINERAL,Rp3.990,3990.0
air-mineral,AQUA AIR MINERAL BOTOL 1500 ML,Rp6.190,6190.0
air-mineral,HYPERMART VALUE PLUS DRINKING WATER BOTTLE 330 ML - AIR MINERAL,Rp1.870,1870.0
air-mineral,RON88 Cup 200ml (10 karton bonus 3 karton),Rp364.000,364000.0
air-mineral,Amidis Air Mineral Pet 600Ml,Rp4.800,4800.0
air-mineral,AIR CUP 600ml - PAKET 6 KARTON,Rp199.200,199200.0
air-mineral,AQUA AIR MINERAL BOTOL 1500 ML,Rp5.980,5980.0
air-mineral,Iceland berry lemonade 275 ml,Rp37.000,37000.0
air-mineral,Nestle Pure Life 600 Ml,Rp3.730,3730.0
air-mineral,AQUA AIR MINERAL BOTOL 1500 ML,Rp6.410,6410.0
air-mineral,PRISTINE WATER 600 ML,Rp5.660,5660.0
air-mineral,AMIDIS AIR MINERAL 5 LTR,Rp27.810,27810.0
air-mineral,VP Drinking Water 600 Ml Btl,Rp2.130,2130.0
air-mineral,AMIDIS AIR MINERAL PET 330 ML,Rp2.770,2770.0
air-mineral,CRYSTALLINE AIR MINERAL 1500 ML,Rp6.300,6300.0
air-mineral,HPM VP DRINKING WATER 330ML BTL,Rp2.670,2670.0
air-mineral,VP Drinking Water 1500 Ml Btl,Rp4.270,4270.0
air-mineral,Aqua Air Mineral Btl 330 Ml,Rp2.450,2450.0
air-mineral,AQUA AIR MINERAL BOTOL 600 ML,Rp3.950,3950.0
air-mineral,ORGANIQUE Premium Alkaline mineral water teknologi USA. 330 ml isi 30,Rp210.900,210900.0
air-mineral,AQUA AIR MINERAL BOTOL 1500 ML,Rp5.350,5350.0
air-mineral,Es Batu - Ice Cubes - Jakarta Barat - Pengiriman Khusus Instan,Rp15.000,15000.0
air-mineral,CRYSTALLINE AIR MINERAL 1500 ML,Rp6.300,6300.0
air-mineral,PRISTINE WATER 600 ML - AIR MINERAL,Rp5.900,5900.0
air-mineral,AQUA 1500 ML BD 6 - AIR MINERAL,Rp38.510,38510.0
air-mineral,AQUA AIR MINERAL BOTOL 24 X 600 ML KARTON,Rp74.140,74140.0
air-mineral,VP Drinking Water 600 Ml Btl,Rp3.210,3210.0
air-mineral,PRISTINE WATER 600 ML - AIR MINERAL,Rp5.150,5150.0
air-mineral,AQUVIVA AIR MINERAL BOTOL 700 ML,Rp3.630,3630.0
air-mineral,CRYSTALLINE AIR MINERAL 1500 ML,Rp10.260,10260.0
air-mineral,HYPERMART VALUE PLUS DRINKING WATER BOTTLE 330 ML - AIR MINERAL,Rp1.870,1870.0
air-mineral,COCOMAXI Aloebest Minuman Lidah Buaya Rasa Orange 500 ml - Isi 5 Pcs,Rp47.520,47520.0
air-mineral,RON88 Kemasan 300ml Isi 24 Botol (INSTAN),Rp28.500,28500.0
air-mineral,[PAKET] 10 Karton Cleo Air Murni Botol 1L Praktis 120 botol,Rp413.750,413750.0
air-mineral,ANGGUR AUTUM ROYAL 500 GR,Rp56.050,56050.0
air-mineral,Acqua Panna Natural Mineral Water 750ml [ Dus isi 12 Botol Kaca ] JNE Cargo Termasuk Packing Kayu,Rp656.145,656145.0
air-mineral,AQUA AIR MINERAL BOTOL 12 X 1500 ML KARTON - Hypermart,Rp70.390,70390.0
air-mineral,LE MINERALE WATER PET 330ML,Rp2.660,2660.0
air-mineral,CRYSTALLINE AIR MINERAL 600ML,Rp3.630,3630.0
air-mineral,Le Minerale 600Ml,Rp3.950,3950.0
air-mineral,Nestle Pure Life 600 Ml,Rp5.340,5340.0
air-mineral,VP Drinking Water 600 Ml Btl,Rp2.520,2520.0
air-mineral,AQUA AIR MINERAL BTL 330 ML,Rp2.560,2560.0
air-mineral,AQUA AIR MINERAL BOTOL 330 ML,Rp2.450,2450.0
air-mineral,VP Drinking Water 600 Ml Btl,Rp2.050,2050.0
air-mineral,NESTLE PURE LIFE 330 ML,Rp4.550,4550.0
air-mineral,Evian Glass Natural Mineral Water 330ml [ Dus isi 20 Botol Kaca ],Rp960.000,960000.0
air-mineral,Le Minerale Water Pet 330Ml,Rp2.560,2560.0
air-mineral,VP Drinking Water 1500 Ml Btl,Rp6.420,6420.0
air-mineral,Acqua Panna Natural Mineral Water 250ml [ Dus isi 24 Botol Kaca ],Rp792.540,792540.0
air-mineral,AMIDIS AIR MINERAL PET 1500ML,Rp6.410,6410.0
air-mineral,CRYSTALLINE AIR MINERAL 1500 ML,Rp7.480,7480.0
air-mineral,Nestle Pure Life 600 Ml,Rp3.730,3730.0
air-mineral,Nestle Pure Life 600 Ml,Rp4.590,4590.0
air-mineral,LE MINERALE 600ML - AIR MINERAL,Rp3.730,3730.0
air-mineral,Le Minerale Water Pet 330Ml,Rp2.130,2130.0
air-mineral,AQUA AIR MINERAL BOTOL 1500 ML,Rp6.410,6410.0
air-mineral,NESTLE PURE LIFE 1500 ML,Rp7.050,7050.0
air-mineral,NESTLE PURE LIFE AIR MINERAL 330 ML,Rp2.683,2683.0
air-mineral,RON88 Botol 600 ml (6 karton gratis 1 karton) (KURIR TOKO),Rp312.000,312000.0
air-mineral,"Perfect Alkaline Water 500 ml PH 9,5 (BELI 5 DUS)",Rp518.750,518750.0
air-mineral,CRYSTALLINE AIR MINERAL 600ML,Rp3.630,3630.0
air-mineral,HYPERMART VALUE PLUS DRINKING WATER 1500 ML BOTOL - AIR MINERAL,Rp6.420,6420.0
air-mineral,Larutan Cap Kaki Tiga Cooltopia Lemon Lime Can 320 ml,Rp8.200,8200.0
air-mineral,CRYSTALLINE AIR MINERAL 200 ML KARTON,Rp39.750,39750.0
air-mineral,Nestle Pure Life 600 Ml,Rp5.340,5340.0
air-mineral,VIT AIR MINERAL BTL 550ML,Rp2.660,2660.0
air-mineral,AQUA AIR MINERAL BOTOL 12 X 1500 ML KARTON - Hypermart,Rp70.390,70390.0
air-mineral,VIT AIR MINERAL BTL 1500 GR,Rp4.050,4050.0
air-mineral,AMIDIS AIR MINERAL 5 LTR,Rp21.650,21650.0
air-mineral,ANGGUR AUTUM ROYAL 500 GR,Rp56.050,56050.0
air-mineral,Crystalline Air Mineral 220 Ml karton,Rp39.750,39750.0
air-mineral,Aqua Air Mineral Btl 330 Ml,Rp2.450,2450.0
air-mineral,AMIDIS AIR MINERAL PET 600ml,Rp3.730,3730.0
air-mineral,LE MINERALE AIR MINERAL PET 1500 ML,Rp8.230,8230.0
air-mineral,Pristine Water 400Ml,Rp5.340,5340.0
air-mineral,NESTLE PURE LIFE 600 ML - AIR MINERAL,Rp3.730,3730.0
air-mineral,Aqua Air Mineral Btl 330 Ml,Rp2.450,2450.0
air-mineral,Aqua Air Mineral Btl 330 Ml,Rp2.340,2340.0
air-mineral,VP Drinking Water 1500 Ml Btl,Rp4.270,4270.0
air-mineral,HYPERMART VALUE PLUS DRINKING WATER 1500 ML BOTOL - AIR MINERAL,Rp4.270,4270.0
air-mineral,Gelas Plastik Minum Ocean Ukuran Sedang (Medium) Lucky Star HAC5,Rp5.000,5000.0
air-mineral,PRISTINE WATER 600 ML,Rp5.340,5340.0
air-mineral,Adem Sari Ching Ku Botol 350 Ml X4,Rp43.600,43600.0
air-mineral,NESTLE PURE LIFE 1500 ML,Rp7.480,7480.0
air-mineral,VIT AIR MINERAL BTL 1500 GR,Rp4.910,4910.0
air-mineral,Amidis Air Mineral Pet 600Ml,Rp4.270,4270.0
air-mineral,AQUVIVA AIR MINERAL BOTOL 1600 ML,Rp7.260,7260.0
air-mineral,LE MINERALE AIR MINERAL PET 1500 ML,Rp6.800,6800.0
air-mineral,PRISTINE WATER 600 ML - AIR MINERAL,Rp5.190,5190.0
air-mineral,PRISTINE WATER 600 ML,Rp6.100,6100.0
air-mineral,VP Drinking Water 600 Ml Btl,Rp3.210,3210.0
air-mineral,PRISTINE WATER 600 ML - AIR MINERAL,Rp5.150,5150.0
air-mineral,AQUVIVA AIR MINERAL BOTOL 700 ML,Rp3.630,3630.0
air-mineral,CRYSTALLINE AIR MINERAL 1500 ML,Rp10.260,10260.0
air-mineral,HYPERMART VALUE PLUS DRINKING WATER BOTTLE 330 ML - AIR MINERAL,Rp1.870,1870.0
air-mineral,Le Minerale 600Ml,Rp3.000,3000.0
air-mineral,AQUA AIR MINERAL BOTOL 600 ML,Rp3.730,3730.0
air-mineral,Aqua Air Mineral Btl 330 Ml,Rp3.520,3520.0
air-mineral,NESTLE PURE LIFE AIR MINERAL 1500 ML,Rp6.705,6705.0
air-mineral,AQUA AIR MINERAL BTL 330 ML,Rp2.450,2450.0
air-mineral,AQUA AIR MINERAL BTL 330 ML,Rp4.490,4490.0
air-mineral,PROMO 2 BOX! Premium Alkaline Mineral Water ( 2 box 330 ml ),Rp421.800,421800.0
air-mineral,ANGGUR AUTUM ROYAL 530-550 GR,Rp70.560,70560.0
air-mineral,AQUVIVA AIR MINERAL BOTOL 1600 ML - Hypermart,Rp7.160,7160.0
air-mineral,AQUA AIR MINERAL BOTOL 1500 ML,Rp6.730,6730.0
air-mineral,AQUA AIR MINERAL BTL 600 ML,Rp3.730,3730.0
air-mineral,HPM VP DRINKING WATER 330ML BTL,Rp2.670,2670.0
air-mineral,LE MINERALE AIR MINERAL PET 1500 ML - AIR MINERAL,Rp6.410,6410.0
air-mineral,NESTLE PURE LIFE 330 ML,Rp5.020,5020.0
air-mineral,NESTLE PURE LIFE 330 ML,Rp2.770,2770.0
air-mineral,Aqua Air Mineral Btl 330 Ml,Rp2.880,2880.0
air-mineral,PRISTINE WATER 400ML - AIR MINERAL,Rp4.050,4050.0
air-mineral,PRISTINE WATER 600 ML,Rp6.410,6410.0
air-mineral,AQUA 1500 ML BD 6 - AIR MINERAL,Rp38.510,38510.0
air-mineral,HYPERMART VALUE PLUS DRINKING WATER BOTOL 600 ML - AIR MINERAL,Rp2.130,2130.0
air-mineral,Perfect Alkaline Water 1 Liter,Rp19.700,19700.0
air-mineral,VIT AIR MINERAL BTL 1500 GR,Rp4.590,4590.0
air-mineral,Air Mineral Perfect Alkaline 1L,Rp19.700,19700.0
air-mineral,[PAKET] 15 Karton 1L Praktis Cleo Air Murni Botol 180 botol,Rp604.800,604800.0
air-mineral,PRISTINE WATER 400 ML - AIR MINERAL,Rp4.050,4050.0
air-mineral,Le Minerale 600Ml,Rp2.770,2770.0
air-mineral,PRISTINE WATER 400 ML - AIR MINERAL,Rp4.050,4050.0
air-mineral,Le Minerale Water Pet 330Ml,Rp2.050,2050.0
air-mineral,ANGGUR AUTUM ROYAL 530-550 GR,Rp56.050,56050.0
air-mineral,HYPERMART VALUE PLUS DRINKING WATER BOTTLE 330 ML - AIR MINERAL,Rp1.850,1850.0
air-mineral,AMIDIS AIR MINERAL 5 LTR,Rp21.650,21650.0
air-mineral,Aqua Air Mineral Btl 330 Ml,Rp3.520,3520.0
air-mineral,VP Drinking Water 600 Ml Btl,Rp2.030,2030.0
air-mineral,AQUA AIR MINERAL BTL 330 ML,Rp2.450,2450.0
air-mineral,AQUA AIR MINERAL BOTOL 1500 ML,Rp6.410,6410.0
air-mineral,AQUA AIR MINERAL BOTOL 1500 ML,Rp6.410,6410.0
air-mineral,Le Minerale Water Pet 330Ml,Rp2.450,2450.0
air-mineral,Aqua Air Mineral Btl 330 Ml,Rp2.450,2450.0
air-mineral,VP Drinking Water 1500 Ml Btl,Rp4.050,4050.0
air-mineral,LE MINERALE AIR MINERAL PET 1500 ML,Rp5.770,5770.0
air-mineral,Obat Herbal Sesak Nafas Paru Paru BronkitisTBC Paling Ampuh mbiopro 380 ML,Rp360.000,360000.0
air-mineral,Aqua Air Mineral Btl 600 Ml,Rp3.730,3730.0
air-mineral,LE MINERALE AIR MINERAL PET 1500 ML,Rp6.410,6410.0
air-mineral,AQUA AIR MINERAL BTL 330 ML,Rp2.450,2450.0
air-mineral,VP Drinking Water 1500 Ml Btl,Rp6.420,6420.0
air-mineral,LE MINERALE AIR MINERAL PET 1500 ML,Rp5.770,5770.0
air-mineral,AQUA AIR MINERAL BOTOL 1500 ML,Rp6.410,6410.0
air-mineral,ADEM SARI CHINGKU PET 350 ML,Rp9.620,9620.0
air-mineral,Le Minerale 600Ml,Rp3.950,3950.0
air-mineral,LE MINERALE AIR MINERAL PET 1500 ML,Rp6.730,6730.0
air-mineral,PAKET HEMAT 2 KARTON RON88 600ML + 3 KARTON RON88 380ML (KURIR TOKO),Rp228.000,228000.0
air-mineral,Pristine Water 400Ml,Rp4.270,4270.0
air-mineral,NESTLE PURE LIFE 330 ML,Rp3.700,3700.0
air-mineral,AQUA AIR MINERAL BOTOL 1500 ML,Rp6.410,6410.0
air-mineral,Crystalline Air Mineral 600Ml,Rp3.630,3630.0
air-mineral,LE MINERALE WATER PET 330ml,Rp2.660,2660.0
air-mineral,Crystalline Air Mineral 220 Ml karton,Rp40.200,40200.0
air-mineral,Le Minerale 600Ml,Rp2.560,2560.0
air-mineral,CRYSTALLINE AIR MINERAL 1500 ML,Rp6.300,6300.0
air-mineral,PRISTINE WATER 600 ML - AIR MINERAL,Rp5.660,5660.0
air-mineral,PRISTINE WATER 600 ML - AIR MINERAL,Rp5.150,5150.0
air-mineral,PRISTINE WATER 600 ML,Rp6.100,6100.0
air-mineral,Aqua Air Mineral Btl 600 Ml,Rp3.850,3850.0
air-mineral,AQUA AIR MINERAL BTL 330 ML,Rp2.450,2450.0
air-mineral,HYPERMART VALUE PLUS DRINKING WATER BOTOL 600 ML - AIR MINERAL,Rp2.050,2050.0
air-mineral,CRYSTALLINE AIR MINERAL 600ML,Rp3.630,3630.0
air-mineral,HPM VALUE PLUS DRINKING WATER BOTOL 600 ML - AIR MINERAL,Rp2.130,2130.0
air-mineral,PRISTINE WATER 600 ML - AIR MINERAL,Rp5.660,5660.0
air-mineral,AQUA AIR MINERAL BOTOL 1500 ML,Rp6.410,6410.0
air-mineral,VP Drinking Water 600 Ml Btl,Rp2.130,2130.0
air-mineral,GLACIER Plastic Bottle Indonesia Premium Water 550ml,Rp79.000,79000.0
air-mineral,Amidis Air Mineral Pet 600Ml,Rp2.800,2800.0
air-mineral,LE MINERALE WATER PET 330 ML - AIR MINERAL,Rp2.400,2400.0
air-mineral,Crystalline Air Mineral 600Ml,Rp3.630,3630.0
air-mineral,Crystalline Air Mineral 600Ml,Rp3.630,3630.0
air-mineral,HYPERMART VALUE PLUS DRINKING WATER 1500 ML BOTOL - AIR MINERAL,Rp6.420,6420.0
air-mineral,Air Mineral Alkaline Organique Water 1 Botol 330 ml,Rp8.436,8436.0
air-mineral,Nestle Pure Life 600 Ml,Rp5.020,5020.0
air-mineral,PRISTINE WATER 600 ML - AIR MINERAL,Rp5.660,5660.0
air-mineral,Pristine Water 400Ml,Rp4.050,4050.0
air-mineral,Le Minerale Water Pet 330Ml,Rp2.660,2660.0
air-mineral,HYPERMART VALUE PLUS DRINKING WATER 1500 ML BOTOL - AIR MINERAL,Rp4.270,4270.0
air-mineral,VP Drinking Water 600 Ml Btl,Rp3.210,3210.0
air-mineral,RON88 Botol 600 ml (isi 24 botol) (INSTAN),Rp47.000,47000.0
air-mineral,Nestle Pure Life Air Mineral Botol 1.500 ml,Rp8.400,8400.0
air-mineral,VIT AIR MINERAL BTL 1500 GR,Rp3.950,3950.0
air-mineral,Leminerale 1500Ml Air Mineral,Rp9.400,9400.0
air-mineral,Eternalplus Special Edition 20 Botol x 500ml (1 carton) | Alkaline Water pH8+ | Minuman Air Alkali,Rp180.000,180000.0
air-mineral,NESTLE PURE LIFE 600 ML - AIR MINERAL,Rp3.730,3730.0
air-mineral,CRYSTALLINE AIR MINERAL 600 ML,Rp3.630,3630.0
air-mineral,PRISTINE WATER 600 ML - AIR MINERAL,Rp5.660,5660.0
air-mineral,HPM VALUE PLUS DRINKING WATER 1500 ML BOTOL - AIR MINERAL,Rp4.150,4150.0
air-mineral,LE MINERALE 600ML - AIR MINERAL,Rp3.730,3730.0
air-mineral,LE MINERALE AIR MINERAL PET 1500 ML,Rp6.410,6410.0
air-mineral,AQUA AIR MINERAL CUP 200/220 ML KTN,Rp46.990,46990.0
air-mineral,CHI FOREST Sparkling Water White Peach 480 ml Air Bersoda Persik x 15 PCS (1 Carton),Rp133.500,133500.0
air-mineral,Nestle Pure Life 600 Ml,Rp3.630,3630.0
air-mineral,Aqua Air Mineral Btl 330 Ml,Rp2.450,2450.0
air-mineral,AQUA AIR MINERAL BOTOL 1500 ML,Rp5.350,5350.0
air-mineral,Aqua Segar Lebat dan Cerah,Rp30.000,30000.0
air-mineral,HPM VALUE PLUS DRINKING WATER 1500 ML BOTOL - AIR MINERAL,Rp4.270,4270.0
air-mineral,HPM VALUE PLUS DRINKING WATER BOTOL 600 ML - AIR MINERAL,Rp2.130,2130.0
air-mineral,LE MINERALE AIR MINERAL PET 1500 ML,Rp5.770,5770.0
air-mineral,AQUA AIR MINERAL BTL 330 ML,Rp2.450,2450.0
air-mineral,CRYSTALLINE AIR MINERAL 600ML,Rp3.630,3630.0
air-mineral,AMIDIS AIR MINERAL PET 330 ML,Rp2.770,2770.0
air-mineral,VIT AIR MINERAL BTL 1500 GR,Rp4.590,4590.0
air-mineral,CRYSTALLINE AIR MINERAL 1500 ML,Rp6.300,6300.0
air-mineral,LE MINERALE AIR MINERAL PET 1500 ML,Rp8.870,8870.0
air-mineral,AQUA CLICK & GO 750ML,Rp7.370,7370.0
air-mineral,zam zam barcode 5 liter air zam zam oleh oleh haji,Rp550.000,550000.0
air-mineral,Le Minerale 600Ml,Rp3.730,3730.0
air-mineral,NESTLE PURE LIFE 1500 ML - AIR MINERAL,Rp7.050,7050.0
air-mineral,AQUA AIR MINERAL BTL 330 ML,Rp2.450,2450.0
air-mineral,CRYSTALLINE AIR MINERAL 1500 ML,Rp4.890,4890.0
air-mineral,Air Mineral Nestle Botol 330 Ml,Rp3.500,3500.0
air-mineral,AMIDIS AIR MINERAL PET 600ML,Rp3.950,3950.0
air-mineral,Amidis Air Botol 1500 Ml,Rp10.800,10800.0
air-mineral,[CLEO X DENSU] 3 Karton 1L Praktis Cleo Air Murni Botol 36 botol,Rp135.500,135500.0
air-mineral,PROMO 10 BOX! Organique Water 500 ml,Rp1.775.900,1775900.0
air-mineral,RON88 Botol 1500 ml (isi 12 botol) (INSTAN),Rp51.000,51000.0
air-mineral,Larutan Penyegar Cap Badak Botol untuk Panas Dalam (500 ml),Rp9.900,9900.0
air-mineral,[LIVE SALE] Air Murni Cleo Galon 19 LT Handle SE - Bundle Hemat 4 Galon,Rp157.000,157000.0
air-mineral,VP Drinking Water 600 Ml Btl,Rp3.210,3210.0
air-mineral,Cleo Glass Natural Mineral Water 330ml [ Dus isi 12 Botol Kaca ],Rp113.334,113334.0
air-mineral,PRISTINE WATER 600 ML - AIR MINERAL,Rp5.150,5150.0
air-mineral,PRISTINE WATER 600 ML,Rp6.100,6100.0
air-mineral,Aqua Air Mineral Btl 600 Ml,Rp3.850,3850.0
air-mineral,AQUA AIR MINERAL BTL 330 ML,Rp2.450,2450.0
air-mineral,HYPERMART VALUE PLUS DRINKING WATER BOTOL 600 ML - AIR MINERAL,Rp2.050,2050.0
air-mineral,Acqua Panna Natural Mineral Water 500ml [ Dus isi 24 Botol Kaca ] JNE Cargo Termasuk Packing Kayu,Rp1.104.720,1104720.0
air-mineral,RON88 Natural Mineral Water 240ml PET [ Dus isi 24 Botol Plastik ],Rp32.000,32000.0
air-mineral,Equil 760ml Sparkling Mineral Water [ Dus isi 6 Botol Kaca ],Rp266.400,266400.0
air-mineral,AQUA AIR MINERAL BTL 600 ML,Rp3.730,3730.0
air-mineral,AQUVIVA AIR MINERAL BOTOL 700 ML,Rp3.630,3630.0
air-mineral,Aqua Air Mineral Btl 600 Ml,Rp3.200,3200.0
air-mineral,PRISTINE WATER 400 ML - AIR MINERAL,Rp4.050,4050.0
air-mineral,LE MINERALE WATER PET 330 ML - AIR MINERAL,Rp2.660,2660.0
air-mineral,Nestle Pure Life 600 Ml,Rp3.630,3630.0
air-mineral,VIT AIR MINERAL BTL 1500 GR,Rp6.090,6090.0
air-mineral,AQUA AIR MINERAL BOTOL 1500 ML,Rp6.410,6410.0
air-mineral,CRYSTALLINE AIR MINERAL 1500 ML,Rp6.300,6300.0
air-mineral,AQUA AIR MINERAL BTL 600 ML,Rp3.730,3730.0
air-mineral,Le Minerale 600Ml,Rp3.950,3950.0
air-mineral,NESTLE PURE LIFE 1500ML BD 6,Rp42.290,42290.0
air-mineral,PROMO 3 BOX! Organique Water 1200 ml,Rp632.700,632700.0
air-mineral,Le Minerale 600Ml,Rp3.730,3730.0
air-mineral,Aqua Air Mineral Btl 330 Ml,Rp2.560,2560.0
air-mineral,AQUA AIR MINERAL BOTOL 1500 ML,Rp6.410,6410.0
air-mineral,HPM VP DRINKING WATER BOTTLE 330 ML - AIR MINERAL,Rp1.870,1870.0
air-mineral,Aqua Air Mineral Btl 600 Ml,Rp3.730,3730.0
air-mineral,PRISTINE WATER 600 ML - AIR MINERAL,Rp5.660,5660.0
air-mineral,Amidis Air Mineral Botol 600 Ml,Rp4.300,4300.0
air-mineral,AQUA AIR MINERAL BTL 600 ML,Rp3.730,3730.0
air-mineral,LE MINERALE WATER PET 330ML,Rp2.660,2660.0
air-mineral,LE MINERALE WATER PET 330 ML - AIR MINERAL,Rp2.290,2290.0
air-mineral,"Perfect Alkaline Water 200 ml PH 9,5 (BELI 6 DUS)",Rp430.500,430500.0
air-mineral,Air minum MINRAL CUP 200ML isi 48 cup (INSTAN & KARGO),Rp24.000,24000.0
air-mineral,RON88 Botol Diamond Elite Natural 380 ml (INSTAN & KARGO),Rp60.000,60000.0
air-mineral,VP Drinking Water 600 Ml Btl,Rp3.210,3210.0
air-mineral,RON88 Botol 240 ml (6 karton gratis 1 karton) (KURIR TOKO),Rp180.000,180000.0
air-mineral,LE MINERALE 600ML - AIR MINERAL,Rp3.950,3950.0
air-mineral,NESTLE PURE LIFE 330 ML,Rp3.200,3200.0
air-mineral,AQUA AIR MINERAL BOTOL 600 ML,Rp3.730,3730.0
air-mineral,CRYSTALLINE AIR MINERAL 600 ML,Rp3.630,3630.0
air-mineral,[EXCLUSIVE BUNDLE] Cleo Air Murni Botol 1L Praktis 36 botol + Cleo 2 Galon 19L SE,Rp213.800,213800.0
air-mineral,AMIDIS AIR MINERAL 5 LTR,Rp25.750,25750.0
air-mineral,Cleo Platine Sparkling Mineral Water 380ml [ Dus isi 12 Botol Kaca ],Rp188.334,188334.0
air-mineral,HPM VP DRINKING WATER 330ML BTL,Rp1.870,1870.0
air-mineral,LE MINERALE WATER PET 330ml,Rp2.660,2660.0
air-mineral,Nestle Pure Life 600 Ml,Rp3.730,3730.0
air-mineral,NESTLE PURE LIFE 1500 ML,Rp7.050,7050.0
air-mineral,LE MINERALE PET 1500 ML - AIR MINERAL,Rp5.050,5050.0
air-mineral,CRYSTALLINE AIR MINERAL 1500 ML,Rp9.510,9510.0
air-mineral,Air minum MINRAL 380ML isi 24 botol (INSTAN & KARGO),Rp33.000,33000.0
air-mineral,RON88 Alkaline 400 ml pH 8.8+ (INSTAN & KARGO),Rp64.000,64000.0
air-mineral,LE MINERALE AIR MINERAL PET 1500 ML,Rp8.440,8440.0
air-mineral,[EDISI TERBATAS x TAHILALATS] Crystalin Air Minum Mineral 600ml - [1 Banded isi 24 Botol],Rp74.000,74000.0
air-mineral,NESTLE PURE LIFE 600 ML - AIR MINERAL,Rp3.730,3730.0
air-mineral,AMIDIS AIR MINERAL PET 600 ML,Rp2.990,2990.0
air-mineral,Pristine 8.6 Plus 600Ml .,Rp8.600,8600.0
air-mineral,air zam zam barcode kemasan 5 liter,Rp467.000,467000.0
air-mineral,Crystalline Air Mineral 600Ml,Rp3.090,3090.0
air-mineral,Sultaniindonesia,Rp35.000,35000.0
air-mineral,CRYSTALLINE AIR MINERAL 600ML,Rp3.630,3630.0
air-mineral,VIT AIR MINERAL BTL 550ML,Rp2.660,2660.0
air-mineral,Crystalline Air Mineral 600Ml,Rp4.050,4050.0
air-mineral,GO NUTRITION GALON BOTTLE 2LT LITER 2000ML,Rp150.000,150000.0
air-mineral,NESTLE PURE LIFE 330 ML,Rp2.400,2400.0
air-mineral,BALIAN SPARKLING NATURAL MINERAL WATER GLASS 330ML,Rp25.750,25750.0
air-mineral,PRISTINE WATER 600 ML,Rp6.100,6100.0
air-mineral,Acqua Panna Natural Mineral Water 1000ml PET [ Dus isi 12 Botol Plastik ],Rp632.145,632145.0
air-mineral,Aqua Air Mineral Btl 600 Ml,Rp3.850,3850.0
air-mineral,AQUVIVA AIR MINERAL BOTOL 700 ML,Rp3.630,3630.0
air-mineral,RON88 Natural Mineral Water 240ml PET [ Dus isi 24 Botol Plastik ],Rp32.000,32000.0
air-mineral,CRYSTALLINE AIR MINERAL 1500 ML,Rp6.300,6300.0
air-mineral,VIT AIR MINERAL BTL 1500 GR,Rp4.050,4050.0
air-mineral,LE MINERALE WATER PET 330ML,Rp2.660,2660.0
air-mineral,PRISTINE WATER 400ML - AIR MINERAL,Rp4.050,4050.0
air-mineral,AMIDIS AIR MINERAL 5 LITER,Rp23.530,23530.0
air-mineral,HYPERMART VALUE PLUS DRINKING WATER 1500 ML BOTOL - AIR MINERAL,Rp4.270,4270.0
air-mineral,PRISTINE WATER 600 ML,Rp5.890,5890.0
air-mineral,Aqua Air Mineral Cup 220 Ml Ktn,Rp45.350,45350.0
air-mineral,PRISTINE WATER 400ML - AIR MINERAL,Rp4.150,4150.0
air-mineral,PRISTINE WATER 600 ML - AIR MINERAL,Rp5.660,5660.0
air-mineral,CRYSTALLINE AIR MINERAL 330ML,Rp2.340,2340.0
air-mineral,PRISTINE WATER 400ML - AIR MINERAL,Rp4.050,4050.0
air-mineral,Pristine Water 400Ml,Rp4.270,4270.0
air-mineral,AQUVIVA AIR MINERAL BOTOL 700 ML - Hypermart,Rp3.630,3630.0
air-mineral,VIT AIR MINERAL BTL 550ML,Rp2.660,2660.0
air-mineral,LE MINERALE 600ML - AIR MINERAL,Rp6.490,6490.0
air-mineral,Yoa Mineral Botol 1500 Ml,Rp4.275,4275.0
air-mineral,AQUA AIR MINERAL BOTOL 12 X 1500 ML KARTON,Rp66.330,66330.0
air-mineral,Adem Sari Ching Ku Madu Lemon Tea Botol 1 Karton,Rp261.400,261400.0
air-mineral,[PAYDAY SALE] 3 Karton 1L Praktis Cleo Air Murni Botol 36 botol,Rp151.100,151100.0
air-mineral,[CLEO X DENSU] 5 Karton 1L Praktis Cleo Air Murni Botol 60 botol,Rp228.500,228500.0
air-mineral,[COMBOO PILIHAN] Cleo Air Murni Botol 1L Praktis 24 botol + Cleo Mini 220ml 48 botol,Rp147.750,147750.0
air-mineral,NESTLE PURE LIFE 330 ML,Rp2.590,2590.0
air-mineral,NESTLE PURE LIFE 330 ML - AIR MINERAL - AIR MINERAL,Rp2.770,2770.0
air-mineral,LE MINERALE WATER PET 330ML,Rp2.660,2660.0
air-mineral,Chi Forest Sparkling Water White Peach Air Soda 480 mL,Rp8.900,8900.0
air-mineral,NESTLE PURE LIFE 600 ML - AIR MINERAL,Rp3.000,3000.0
air-mineral,HPM VP DRINKING WATER 330ML BTL,Rp2.670,2670.0
air-mineral,NESTLE PURE LIFE 600 ML - AIR MINERAL,Rp3.730,3730.0
air-mineral,AQUVIVA AIR MINERAL BOTOL 1600 ML,Rp7.160,7160.0
air-mineral,LE MINERALE WATER PET 330 ML - AIR MINERAL,Rp2.660,2660.0
air-mineral,PRISTINE WATER 400 ML - AIR MINERAL,Rp4.150,4150.0
air-mineral,PRISTINE WATER 400ML - AIR MINERAL,Rp3.990,3990.0
air-mineral,VP Drinking Water 1500 Ml Btl,Rp4.150,4150.0
air-mineral,Crystalline Air Mineral 220 Ml karton,Rp39.750,39750.0
air-mineral,Fiji Natural Mineral Water 1500ml PET [ Dus isi 12 Botol Plastik ],Rp820.000,820000.0
air-mineral,Nestle Pure Life 600 Ml,Rp3.730,3730.0
air-mineral,Aqua Air Mineral Btl 600 Ml,Rp3.730,3730.0
air-mineral,NESTLE PURE LIFE 600 ML - AIR MINERAL,Rp3.730,3730.0
air-mineral,VP Drinking Water 600 Ml Btl,Rp3.210,3210.0
air-mineral,VP Drinking Water 600 Ml Btl,Rp2.130,2130.0
air-mineral,CRYSTALLINE AIR MINERAL 200 ML KARTON,Rp40.200,40200.0
air-mineral,BELI 2 LEBIH HEMAT MADU BS HONEY BPOM HALAL,Rp198.000,198000.0
air-mineral,PROMO! Natural Premium Alkaline Mineral Water ( 500 ml + 1200 ml ),Rp421.800,421800.0
air-mineral,[New Arrival Day] Air Murni Cleo Galon 19 LT Handle SE - Bundle Hemat 4 Galon,Rp153.000,153000.0
air-mineral,Air Mineral Aqua Botol 1500 Ml.,Rp9.600,9600.0
air-mineral,PROMO 2 BOX! Premium Alkaline Mineral Water ( 2 box 500 ml ),Rp399.500,399500.0
air-mineral,VP DRINKING WATER 600 ML BTL,Rp1.990,1990.0
air-mineral,PRISTINE WATER 600 ML,Rp5.900,5900.0
air-mineral,PRISTINE WATER 600 ML - AIR MINERAL,Rp5.150,5150.0
air-mineral,Le Minerale Water Pet 330Ml,Rp2.660,2660.0
air-mineral,Aqua Air Mineral Btl 600 Ml,Rp3.730,3730.0
air-mineral,VP DRINKING WATER 1500 ML BTL,Rp6.420,6420.0
air-mineral,AQUA AIR MINERAL BOTOL 1500 ML,Rp6.410,6410.0
air-mineral,LE MINERALE 600ml,Rp3.730,3730.0
air-mineral,Le Minerale 600Ml,Rp3.730,3730.0
air-mineral,HYPERMART VALUE PLUS DRINKING WATER BOTTLE 330 ML - AIR MINERAL,Rp1.850,1850.0
air-mineral,VIT AIR MINERAL BTL 1500 GR,Rp4.590,4590.0
air-mineral,AMIDIS AIR MINERAL PET 600 ML,Rp3.950,3950.0
air-mineral,Pocari Sweat Ion Water Botol 350ml,Rp10.800,10800.0
air-mineral,PRISTINE WATER 600 ML,Rp6.100,6100.0
air-mineral,Acqua Panna Natural Mineral Water 1000ml PET [ Dus isi 12 Botol Plastik ],Rp632.145,632145.0
air-mineral,Aqua Air Mineral Btl 600 Ml,Rp3.850,3850.0
air-mineral,AQUVIVA AIR MINERAL BOTOL 700 ML,Rp3.630,3630.0
air-mineral,RON88 Natural Mineral Water 240ml PET [ Dus isi 24 Botol Plastik ],Rp32.000,32000.0
air-mineral,Pristine Water 400Ml,Rp4.700,4700.0
air-mineral,LE MINERALE AIR MINERAL PET 1500 ML - AIR MINERAL,Rp6.410,6410.0
air-mineral,LE MINERALE 600ML - AIR MINERAL,Rp3.730,3730.0
air-mineral,Crystalline Air Mineral 600Ml,Rp4.160,4160.0
air-mineral,AQUVIVA AIR MINERAL BOTOL 700 ML - Hypermart,Rp3.630,3630.0
air-mineral,LE MINERALE WATER PET 330 ML - AIR MINERAL,Rp2.400,2400.0
air-mineral,AQUA AIR MINERAL BOTOL 1500 ML,Rp6.990,6990.0
air-mineral,RON88 Cup 200 ml (isi 48 cup) (INSTAN & KARGO),Rp26.500,26500.0
air-mineral,AQUA AIR MINERAL BOTOL 1500 ML,Rp7.690,7690.0
air-mineral,Amidis Air Mineral Pet 600Ml,Rp3.950,3950.0
air-mineral,AQUA AIR MINERAL BTL 330 ML,Rp2.450,2450.0
air-mineral,CRYSTALLINE AIR MINERAL 1500 ML,Rp8.440,8440.0
air-mineral,PRISTINE WATER 600 ML - AIR MINERAL,Rp4.990,4990.0
air-mineral,VP DRINKING WATER 1500 ML BTL,Rp6.420,6420.0
air-mineral,Ron 88 Elite Natural 380 Ml,Rp3.400,3400.0
air-mineral,Acqua Panna Natural Mineral Water 750ml [ Dus isi 12 Botol Kaca ],Rp632.145,632145.0
air-mineral,Isi Ulang Galon RON88 19 Liter,Rp18.500,18500.0
air-mineral,Aqua Reflections Natural Mineral Water 380ml [ Dus isi 12 Botol Kaca ],Rp210.000,210000.0
air-mineral,AQUA AIR MINERAL BOTOL 1500 ML,Rp6.410,6410.0
air-mineral,Paket 3 Botol Le Minerale 600 ml,Rp9.300,9300.0
air-mineral,"PROMO! Premium Alkaline Mineral Water, High PH ( 500 ml + 330 ml )",Rp410.700,410700.0
air-mineral,Cleo Air Murni 220ml 3 packs + Cup 220 ml 2 karton,Rp127.850,127850.0
air-mineral,Larutan Cap Kaki Tiga Anak Rasa Strawberry 2 Kaleng,Rp13.700,13700.0
air-mineral,Fiji Natural Mineral Water 500ml PET [ Dus isi 24 Botol Plastik ],Rp841.000,841000.0
air-mineral,AQUA CLICK & GO 750ML,Rp6.800,6800.0
air-mineral,Aqua Air Mineral Btl 600 Ml,Rp4.590,4590.0
air-mineral,HYPERMART VALUE PLUS DRINKING WATER BOTOL 600 ML - AIR MINERAL,Rp3.210,3210.0
air-mineral,VIT AIR MINERAL BTL 550ML,Rp2.660,2660.0
air-mineral,CRYSTALLINE AIR MINERAL 330ML,Rp2.770,2770.0
air-mineral,VP Drinking Water 600 Ml Btl,Rp3.210,3210.0
air-mineral,AQUA AIR MINERAL BTL 600 ML,Rp3.730,3730.0
air-mineral,Pristine Water 400Ml,Rp5.340,5340.0
air-mineral,VIT AIR MINERAL BTL 1500 GR,Rp4.590,4590.0
air-mineral,NESTLE PURE LIFE 600 ML - AIR MINERAL,Rp3.730,3730.0
air-mineral,AQUVIVA AIR MINERAL BOTOL 700 ML - Hypermart,Rp3.950,3950.0
air-mineral,Le Minerale Water Pet 330Ml,Rp2.660,2660.0
air-mineral,VP Drinking Water 600 Ml Btl,Rp3.210,3210.0
air-mineral,VIT AIR MINERAL BTL 1500 GR,Rp4.590,4590.0
air-mineral,Le Minerale 600Ml,Rp3.950,3950.0
air-mineral,AQUVIVA AIR MINERAL BOTOL 1600 ML,Rp7.160,7160.0
air-mineral,Fiji Natural Mineral Water 330ml PET [ Dus isi 24 Botol Plastik ],Rp615.000,615000.0
air-mineral,LE MINERALE 600 ML - AIR MINERAL,Rp3.730,3730.0
air-mineral,NESTLE PURE LIFE 600 ML - AIR MINERAL,Rp3.000,3000.0
air-mineral,VIT AIR MINERAL BTL 550ML,Rp2.020,2020.0
air-mineral,Le Minerale 600Ml,Rp3.950,3950.0
air-mineral,AMIDIS AIR MINERAL PET 600ML,Rp3.950,3950.0
air-mineral,PRISTINE WATER 400ml,Rp4.270,4270.0
air-mineral,LE MINERALE AIR MINERAL PET 1500 ML,Rp6.410,6410.0
air-mineral,CRYSTALLINE AIR MINERAL 1500 ML,Rp6.300,6300.0
air-mineral,Le Minerale Water Pet 330Ml,Rp2.660,2660.0
air-mineral,AQUA AIR MINERAL BOTOL 1500 ML,Rp6.410,6410.0
air-mineral,Buavita Korean Strawberry 245ml Multipack Isi 3,Rp29.200,29200.0
air-mineral,Ron 88 Elite 600 Ml .,Rp4.200,4200.0
air-mineral,Aqua Air Mineral Btl 330 Ml,Rp2.450,2450.0
air-mineral,Nestle Pure Life 600 Ml,Rp3.630,3630.0
air-mineral,Prim-A Air Mineral Botol PET 1500ml isi 12 pcs,Rp49.000,49000.0
air-mineral,[SPESIAL] 3 Karton 1L Praktis Cleo Air Murni Botol 36 botol Nanofilter,Rp151.100,151100.0
air-mineral,Adem Sari Ching Ku Botol 350 Ml,Rp10.900,10900.0
air-mineral,Prim-A Air Mineral Cup 220ml isi 48 pcs Kualitas Terjamin,Rp32.000,32000.0
air-mineral,Aqua Air Mineral Cup 220 Ml Ktn,Rp45.350,45350.0
air-mineral,Acqua Panna Natural Mineral Water 1000ml PET [ Dus isi 12 Botol Plastik ],Rp632.145,632145.0
air-mineral,HYPERMART VALUE PLUS DRINKING WATER BOTOL 600 ML - AIR MINERAL,Rp2.050,2050.0
air-mineral,PRISTINE WATER 600 ML,Rp6.100,6100.0
air-mineral,air zam zam barcode kemasan 5 liter,Rp467.000,467000.0
air-mineral,RON88 Natural Mineral Water 240ml PET [ Dus isi 24 Botol Plastik ],Rp32.000,32000.0
air-mineral,PRISTINE WATER 400ML - AIR MINERAL,Rp4.050,4050.0
air-mineral,AQUA AIR MINERAL BOTOL 1500 ML,Rp8.980,8980.0
air-mineral,Le Minerale Water Pet 330Ml,Rp2.050,2050.0
air-mineral,LE MINERALE WATER PET 330ML,Rp2.400,2400.0
air-mineral,HYPERMART VALUE PLUS DRINKING WATER BOTTLE 330 ML - AIR MINERAL,Rp1.870,1870.0
air-mineral,NESTLE PURE LIFE 600 ML - AIR MINERAL,Rp3.730,3730.0
air-mineral,RON88 Botol 1500 ml (6 karton gratis 1 karton) (KURIR TOKO),Rp342.000,342000.0
air-mineral,Le Minerale 600Ml Air Mineral,Rp4.200,4200.0
air-mineral,LE MINERALE AIR MINERAL PET 1500 ML - AIR MINERAL,Rp6.410,6410.0
air-mineral,Adem Sari Ching Ku Madu Lemon Tea,Rp10.900,10900.0
air-mineral,Acqua Panna Natural Mineral Water 500ml PET [ Dus isi 24 Botol Plastik ],Rp792.540,792540.0
air-mineral,AQUA AIR MINERAL BTL 330 ML,Rp2.450,2450.0
air-mineral,Pristine Water 400Ml,Rp4.270,4270.0
air-mineral,CRYSTALLINE AIR MINERAL 600ml,Rp3.630,3630.0
air-mineral,Aqua Air Mineral Btl 600 Ml,Rp3.730,3730.0
air-mineral,VP DRINKING WATER 1500 ML BTL,Rp6.420,6420.0
air-mineral,CRYSTALLINE AIR MINERAL 1500 ML,Rp6.300,6300.0
air-mineral,AQUA AIR MINERAL BTL 600 ML,Rp3.730,3730.0
air-mineral,Le Minerale 600Ml,Rp4.160,4160.0
air-mineral,LE MINERALE WATER PET 330ML,Rp2.400,2400.0
air-mineral,NESTLE PURE LIFE 1500 ML - AIR MINERAL,Rp7.050,7050.0
air-mineral,ADES NATURAL 600 ML - AIR MINERAL,Rp3.630,3630.0
air-mineral,PRISTINE WATER 600 ML - AIR MINERAL,Rp5.150,5150.0
air-mineral,AMIDIS AIR MINERAL 5 LTR,Rp20.600,20600.0
air-mineral,Aqua Air Mineral Btl 600 Ml,Rp3.850,3850.0
air-mineral,CRYSTALLINE AIR MINERAL 1500 ML,Rp10.260,10260.0
air-mineral,PROMO 2 BOX! Premium Alkaline Mineral Water ( 2 box 1200 ml ),Rp444.000,444000.0
air-mineral,VP DRINKING WATER 600 ML BTL,Rp3.210,3210.0
air-mineral,AQUA AIR MINERAL BOTOL 600 ML,Rp3.730,3730.0
air-mineral,Aqua Air Mineral Btl 600 Ml,Rp5.340,5340.0
air-mineral,Pristine Water 400Ml,Rp4.270,4270.0
air-mineral,HYPERMART VALUE PLUS DRINKING WATER 1500 ML BOTOL - AIR MINERAL,Rp4.150,4150.0
air-mineral,NESTLE PURE LIFE 600 ML - AIR MINERAL,Rp3.730,3730.0
air-mineral,AQUA AIR MINERAL BOTOL 1500 ML,Rp6.410,6410.0
air-mineral,AQUA CLICK & GO 750ML - AIR MINERAL,Rp6.840,6840.0
air-mineral,HYPERMART VALUE PLUS DRINKING WATER 1500 ML BOTOL - AIR MINERAL,Rp4.270,4270.0
air-mineral,AMIDIS AIR MINERAL PET 1500ML,Rp6.200,6200.0
air-mineral,Le Minerale Karton [1500 ml / 12 Botol],Rp79.800,79800.0
air-mineral,PRISTINE WATER 600 ML,Rp5.660,5660.0
air-mineral,PRISTINE WATER 400ML - AIR MINERAL,Rp4.050,4050.0
air-mineral,PROMO 3 BOX! Organique Water 500 ml,Rp566.100,566100.0
air-mineral,RON88 Botol Lux 500 ml (isi 24 botol) (INSTAN),Rp52.000,52000.0
air-mineral,"Perfect Alkaline Water 300 ml PH 9,5 (INSTAN & KARGO)",Rp80.000,80000.0
air-mineral,AQUA AIR MINERAL BOTOL 1500 ML,Rp6.410,6410.0
air-mineral,NESTLE PURE LIFE 600 ML - AIR MINERAL,Rp3.730,3730.0
air-mineral,HPM VALUE PLUS DRINKING WATER BOTOL 600 ML - AIR MINERAL,Rp2.130,2130.0
air-mineral,AQUVIVA AIR MINERAL BOTOL 1600 ML - Hypermart,Rp7.160,7160.0
air-mineral,AQUA AIR MINERAL CUP 200/220 ML KTN,Rp41.100,41100.0
air-mineral,PRISTINE WATER 400ML - AIR MINERAL,Rp4.050,4050.0
air-mineral,Air Minum Le Minerale Botol 1500 ml,Rp6.650,6650.0
air-mineral,New Arrival Day 5 Karton 1L Praktis Cleo Air Murni Botol 60 botol,Rp220.000,220000.0
air-mineral,[CLEO X STAR] Air Murni Cleo Mini 220 3D - Bundling Hemat 5 Packs,Rp144.700,144700.0
air-mineral,Air Mineral Crystalline Botol Isi 1500 Ml,Rp8.800,8800.0
air-mineral,Perfect Alkaline Water 500Ml,Rp10.300,10300.0
air-mineral,"Cleo Air Murni 220ml 3 packs + 3 Galon 12,8L",Rp147.100,147100.0
air-mineral,VIT AIR MINERAL BTL 1500 GR,Rp6.500,6500.0
air-mineral,Crystalline Air Mineral 220 Ml karton,Rp39.750,39750.0
air-mineral,HYPERMART VALUE PLUS DRINKING WATER BOTTLE 330 ML - AIR MINERAL,Rp1.750,1750.0
air-mineral,Equil Sparkling Mineral Water 760ml [ Dus isi 6 Botol Kaca ],Rp266.400,266400.0
air-mineral,PRIM-A PET 1500 ML,Rp4.910,4910.0
air-mineral,Acqua Panna Natural Mineral Water 1000ml PET [ Dus isi 12 Botol Plastik ],Rp632.145,632145.0
air-mineral,HYPERMART VALUE PLUS DRINKING WATER BOTOL 600 ML - AIR MINERAL,Rp2.050,2050.0
air-mineral,PRISTINE WATER 600 ML,Rp6.100,6100.0
air-mineral,air zam zam barcode kemasan 5 liter,Rp467.000,467000.0
air-mineral,RON88 Natural Mineral Water 240ml PET [ Dus isi 24 Botol Plastik ],Rp32.000,32000.0
air-mineral,Paket 5 Botol Le Minerale Air Mineral 1500 ml,Rp33.250,33250.0
air-mineral,VIT AIR MINERAL BTL 1500 GR,Rp4.590,4590.0
air-mineral,AQUA AIR MINERAL BTL 600 ML,Rp3.730,3730.0
air-mineral,LE MINERALE AIR MINERAL PET 1500 ML - AIR MINERAL,Rp5.050,5050.0
air-mineral,CRYSTALLINE AIR MINERAL 1500 ML,Rp6.300,6300.0
air-mineral,AQUA AIR MINERAL BOTOL 1500 ML,Rp6.410,6410.0
air-mineral,Aqua Air Mineral Btl 600 Ml,Rp4.480,4480.0
air-mineral,LE MINERALE AIR MINERAL PET 1500 ML,Rp6.410,6410.0
air-mineral,VIT AIR MINERAL BTL 1500 GR,Rp4.910,4910.0
air-mineral,LE MINERALE AIR MINERAL PET 1500 ML,Rp6.410,6410.0
air-mineral,Cleo Mini 3D Still Mineral Water 220ml PET [ Dus isi 24 Botol Plastik ],Rp35.834,35834.0
air-mineral,Crystalline Air Mineral 600Ml,Rp2.980,2980.0
air-mineral,PRISTINE WATER 600 ML,Rp5.660,5660.0
air-mineral,VP DRINKING WATER 1500 ML BTL,Rp6.420,6420.0
air-mineral,NESTLE PURE LIFE 600 ML - AIR MINERAL,Rp3.730,3730.0
air-mineral,VIT AIR MINERAL BTL 1500 GR,Rp4.590,4590.0
air-mineral,AQUA AIR MINERAL BTL 330 ML,Rp2.450,2450.0
air-mineral,NESTLE PURE LIFE 600 ML - AIR MINERAL,Rp3.950,3950.0
air-mineral,Pristine Water 400Ml,Rp4.800,4800.0
air-mineral,PRISTINE WATER 600 ML,Rp6.090,6090.0
air-mineral,AQUA AIR MINERAL BTL 330 ML,Rp2.450,2450.0
air-mineral,PRISTINE WATER 600 ML,Rp5.660,5660.0
air-mineral,AMIDIS AIR MINERAL PET 1500ML,Rp6.410,6410.0
air-mineral,Adem Sari Dus 5'S 7Gr Value Pack (6Pcs),Rp106.000,106000.0
air-mineral,[MEGA SALE - KHUSUS AREA JAWA] Air Murni Cleo Mini 220 3D - Bundling Hemat 5 Packs,Rp121.550,121550.0
air-mineral,Aqua Air Mineral Cup 220 Ml Ktn,Rp60.800,60800.0
air-mineral,Cleo Praktis Natural Mineral Water 1000ml PET [ Dus isi 12 Botol Plastik ],Rp52.500,52500.0
air-mineral,AMIDIS AIR MINERAL 5 LTR,Rp26.740,26740.0
air-mineral,Amidis Air Mineral Pet 600Ml,Rp3.950,3950.0
air-mineral,NESTLE PURE LIFE 1500ML BD 6,Rp34.000,34000.0
air-mineral,AQUA AIR MINERAL CUP 200/220 ML KTN,Rp41.100,41100.0
air-mineral,Equil 380ml Sparkling Mineral Water [ Dus isi 12 Botol Kaca ],Rp355.200,355200.0
air-mineral,Nestle Pure Life 600 Ml,Rp3.730,3730.0
air-mineral,Nestle Pure Life 600 Ml,Rp5.660,5660.0
air-mineral,VP Drinking Water 1500 Ml Btl,Rp4.050,4050.0
air-mineral,PRISTINE WATER 400ML - AIR MINERAL,Rp4.050,4050.0
air-mineral,AQUVIVA AIR MINERAL BOTOL 700 ML - Hypermart,Rp3.630,3630.0
air-mineral,NESTLE PURE LIFE 1500 ML,Rp7.450,7450.0
air-mineral,VIT AIR MINERAL BTL 1500 GR,Rp4.590,4590.0
air-mineral,AQUA AIR MINERAL BTL 330 ML,Rp2.450,2450.0
air-mineral,Crystalline Air Mineral 600Ml,Rp3.630,3630.0
air-mineral,HPM VP DRINKING WATER 330ML BTL,Rp2.670,2670.0
air-mineral,Botol MINRAL 1500ml isi 12 botol (INSTAN),Rp38.000,38000.0
air-mineral,Aqua Air Mineral Btl 600 Ml,Rp3.730,3730.0
air-mineral,LE MINERALE AIR MINERAL PET 1500 ML,Rp5.800,5800.0
air-mineral,AQUA AIR MINERAL BTL 600 ML,Rp3.730,3730.0
air-mineral,Organique Water 500 ml isi 20 botol,Rp199.800,199800.0
air-mineral,[HARGA SPECIAL] Buavita Korean Strawberry 245ml Multipack Isi 6,Rp58.300,58300.0
air-mineral,LE MINERALE 600ML - AIR MINERAL,Rp3.730,3730.0
air-mineral,Le Minerale Air Minum dalam kemasan Botol 600 ml Quartet,Rp12.400,12400.0
air-mineral,Equil Natural Mineral Water 380ml [ Dus isi 12 Botol Kaca ],Rp333.000,333000.0
air-mineral,CLEO X DENSU 4 Karton 1L Praktis Cleo Air Murni Botol 48 botol,Rp190.350,190350.0
air-mineral,PRISTINE WATER 400ML - AIR MINERAL,Rp4.150,4150.0
air-mineral,Pristine 8.6+ Natural Mineral Water 600ml PET [ Dus isi 24 Botol Plastik ],Rp129.000,129000.0
air-mineral,LE MINERALE AIR MINERAL PET 1500 ML,Rp6.410,6410.0
air-mineral,PRISTINE WATER 600 ML,Rp5.660,5660.0
air-mineral,Aqua Air Mineral Btl 600 Ml,Rp3.730,3730.0
air-mineral,AQUA AIR MINERAL BOTOL 1500 ML,Rp7.690,7690.0
air-mineral,AQUA AIR MINERAL BOTOL 1500 ML,Rp7.910,7910.0
air-mineral,AQUA AIR MINERAL BOTOL 600 ML,Rp3.730,3730.0
air-mineral,HYPERMART VALUE PLUS DRINKING WATER BOTOL 600 ML - AIR MINERAL,Rp2.050,2050.0
air-mineral,PRISTINE WATER 600 ML - AIR MINERAL,Rp5.150,5150.0
air-mineral,Acqua Panna Natural Mineral Water 1000ml PET [ Dus isi 12 Botol Plastik ],Rp632.145,632145.0
air-mineral,CRYSTALLINE AIR MINERAL 1500 ML,Rp10.260,10260.0
air-mineral,AQUA AIR MINERAL BTL 330 ML,Rp2.450,2450.0
air-mineral,VIT AIR MINERAL BTL 550ML,Rp2.500,2500.0
air-mineral,RON88 Botol 240ml (isi 24 botol) (INSTAN & KARGO),Rp22.700,22700.0
air-mineral,Le Minerale Water Pet 330Ml,Rp2.020,2020.0
air-mineral,Aqua Air Mineral Btl 600 Ml,Rp3.200,3200.0
air-mineral,LE MINERALE 600ml,Rp3.730,3730.0
air-mineral,AQUVIVA AIR MINERAL BOTOL 700 ML - Hypermart,Rp3.630,3630.0
air-mineral,AQUA AIR MINERAL BOTOL 330 ML,Rp2.450,2450.0
air-mineral,CRYSTALLINE AIR MINERAL 330ML,Rp2.340,2340.0
air-mineral,HYPERMART VALUE PLUS DRINKING WATER 1500 ML BOTOL - AIR MINERAL,Rp4.270,4270.0
air-mineral,Ron 88 Elite 1500 Ml air mineral,Rp9.500,9500.0
air-mineral,Adem Sari Ching Ku Minuman Penyejuk Kaleng Sparkling Lemon 2x320 ml,Rp20.700,20700.0
air-mineral,PROMO 10 BOX! Organique Water 330 ml,Rp1.887.000,1887000.0
air-mineral,Equil Sparkling Mineral Water 760ml [ Dus isi 6 Botol Kaca ],Rp266.400,266400.0
air-mineral,AQUA AIR MINERAL BOTOL 1500 ML,Rp6.410,6410.0
air-mineral,Le Minerale 600Ml,Rp3.730,3730.0
air-mineral,Nestle Pure Life 600 Ml,Rp3.730,3730.0
air-mineral,Crystalline Air Mineral 600Ml,Rp3.090,3090.0
air-mineral,CRYSTALLINE AIR MINERAL 1500 ML,Rp5.050,5050.0
air-mineral,AQUA AIR MINERAL BOTOL 330 ML,Rp2.450,2450.0
air-mineral,Aqua Air Mineral Btl 600 Ml,Rp4.160,4160.0
air-mineral,AQUA CLICK & GO 750ML,Rp8.760,8760.0
air-mineral,PRISTINE WATER 600 ML - AIR MINERAL,Rp5.660,5660.0
air-mineral,CRYSTALLINE AIR MINERAL 1500 ML,Rp8.870,8870.0
air-mineral,AQUVIVA AIR MINERAL BOTOL 700 ML - Hypermart,Rp3.630,3630.0
air-mineral,LE MINERALE AIR MINERAL PET 1500 ML - AIR MINERAL,Rp6.990,6990.0
air-mineral,LE MINERALE WATER PET 330ML,Rp2.990,2990.0
air-mineral,AMIDIS AIR MINERAL PET 330 ML,Rp2.770,2770.0
air-mineral,CRYSTALLINE AIR MINERAL 600ML,Rp3.630,3630.0
air-mineral,PRISTINE WATER 600 ML - AIR MINERAL,Rp5.660,5660.0
air-mineral,AQUA AIR MINERAL BOTOL 1500 ML,Rp6.410,6410.0
air-mineral,Le Minerale 600Ml,Rp3.500,3500.0
air-mineral,ANGGUR AUTUM ROYAL 500 GR,Rp67.930,67930.0
air-mineral,VP Drinking Water 1500 Ml Btl,Rp4.150,4150.0
air-mineral,Crystalline Air Mineral 220 Ml karton,Rp39.790,39790.0
air-mineral,Nestle Pure Life 600 Ml,Rp3.000,3000.0
air-mineral,Kaki Tiga Pet Ukuran 500Ml,Rp8.260,8260.0
air-mineral,PRISTINE WATER 1500ML - AIR MINERAL,Rp9.900,9900.0
air-mineral,AQUVIVA AIR MINERAL BOTOL 700 ML,Rp3.630,3630.0
air-mineral,Le Minerale 600Ml,Rp3.730,3730.0
air-mineral,AMIDIS AIR MINERAL PET 1500ML,Rp6.410,6410.0
air-mineral,AMIDIS AIR MINERAL PET 600ML,Rp3.950,3950.0
air-mineral,VP DRINKING WATER BOTOL 600 ML,Rp3.210,3210.0
air-mineral,Le Minerale 600Ml,Rp3.730,3730.0
air-mineral,Aqua Air Mineral Btl 600 Ml,Rp4.160,4160.0
air-mineral,Botol MINRAL 600ml isi 24 botol (INSTAN),Rp37.000,37000.0
air-mineral,HYPERMART VALUE PLUS DRINKING WATER BOTOL 600 ML - AIR MINERAL,Rp2.130,2130.0
air-mineral,RON88 Botol natural 380 ml (6 karton gratis 1 karton) (KURIR TOKO),Rp273.000,273000.0
air-mineral,"Perfect Alkaline Water 200 ml PH 9,5 (INSTAN & KARGO)",Rp70.000,70000.0
air-mineral,"Perfect Alkaline Water 500ml PH 9,5 (PAKET 10 DUS)",Rp1.032.500,1032500.0
air-mineral,Pristine Water 400Ml,Rp5.020,5020.0
air-mineral,CRYSTALLINE AIR MINERAL 600ML,Rp3.630,3630.0
air-mineral,AQUA AIR MINERAL BOTOL 1500 ML,Rp6.410,6410.0
air-mineral,AQUA AIR MINERAL BTL 600 ML,Rp3.730,3730.0
air-mineral,PROMO 5 BOX! Organique Water 1200 ml,Rp1.054.500,1054500.0
air-mineral,PROMO! Natural Premium Alkaline Mineral Water ( 330 ml + 1200 ml ),Rp432.900,432900.0
air-mineral,NESTLE PURE LIFE 330 ML,Rp2.770,2770.0
air-mineral,Le Minerale Water Pet 330Ml,Rp2.880,2880.0
air-mineral,Crystalline Air Mineral 600Ml,Rp5.230,5230.0
air-mineral,VIT AIR MINERAL BTL 1500 GR,Rp5.340,5340.0
air-mineral,LE MINERALE WATER PET 330ML,Rp2.660,2660.0
air-mineral,HYPERMART VALUE PLUS DRINKING WATER BOTOL 600 ML - AIR MINERAL,Rp2.050,2050.0
air-mineral,PRISTINE WATER 600 ML - AIR MINERAL,Rp5.150,5150.0
air-mineral,Acqua Panna Natural Mineral Water 1000ml PET [ Dus isi 12 Botol Plastik ],Rp632.145,632145.0
air-mineral,CRYSTALLINE AIR MINERAL 1500 ML,Rp10.260,10260.0
air-mineral,AQUA AIR MINERAL BTL 330 ML,Rp2.450,2450.0
air-mineral,LE MINERALE WATER PET 330ML,Rp2.660,2660.0
air-mineral,Amidis Air Mineral Pet 600Ml,Rp4.160,4160.0
air-mineral,AMIDIS AIR MINERAL PET 600ML,Rp3.950,3950.0
air-mineral,Crystalline Air Mineral 600Ml,Rp3.630,3630.0
air-mineral,PRIM-A PET 600 ML,Rp3.090,3090.0
air-mineral,PROMO 3 BOX! Organique Water 330 ml,Rp599.400,599400.0
air-mineral,Aqua Air Mineral Botol Isi 600 Ml,Rp4.400,4400.0
air-mineral,CRYSTALLINE AIR MINERAL 600 ML,Rp2.890,2890.0
air-mineral,AQUA AIR MINERAL BOTOL 1500 ML,Rp6.410,6410.0
air-mineral,[New Arrival Day] 4 Karton 1L Praktis Cleo Air Murni Botol 48 botol,Rp177.500,177500.0
air-mineral,Air Murni Cleo Galon 19 LT Handle SE - Bundle Hemat 4 Galon,Rp134.271,134271.0
air-mineral,[KHUSUS AREA JAWA] Air Murni Cleo Mini 220 3D - Bundling RESELLER,Rp156.629,156629.0
air-mineral,LE MINERALE AIR MINERAL PET 1500 ML - AIR MINERAL,Rp6.410,6410.0
air-mineral,BELI 2 LEBIH HEMAT - Jahe Merah Amanah Bubuk Isi 10 Sachet - Dapat 2 Renceng,Rp34.000,34000.0
air-mineral,Vegeta Scurbber (PAKET ISI 2) +Adem Sari Sparkling Lemon Vit C Can 320ml (PAKET ISI 2)+Adem Sari Herbal Lemon Tea Pet 350ml,Rp67.200,67200.0
air-mineral,Adem Sari Ching Ku Minuman Penyejuk Kaleng 2 Kaleng - 320 Ml,Rp20.700,20700.0
air-mineral,Buavita Korean Strawberry 245ml Twinpack,Rp19.900,19900.0
air-mineral,Crystalline Air Mineral 600Ml,Rp3.630,3630.0
air-mineral,Nestle Pure Life 600 Ml,Rp5.340,5340.0
air-mineral,Nestle Pure Life 600 Ml,Rp4.590,4590.0
air-mineral,LE MINERALE AIR MINERAL PET 1500 ML - AIR MINERAL,Rp6.410,6410.0
air-mineral,AQUVIVA AIR MINERAL BOTOL 700 ML,Rp3.630,3630.0
air-mineral,AMIDIS AIR MINERAL 5 LTR,Rp27.810,27810.0
air-mineral,AQUA AIR MINERAL BTL 600 ML,Rp6.490,6490.0
air-mineral,Acqua Panna Natural Mineral Water 1000ml PET [ Dus isi 12 Botol Plastik ],Rp632.145,632145.0
air-mineral,AMIDIS AIR MINERAL 5 LITER,Rp21.650,21650.0
air-mineral,HYPERMART VALUE PLUS DRINKING WATER 1500 ML BOTOL - AIR MINERAL,Rp4.270,4270.0
air-mineral,Obat Mbiopro Sakit Maagh Asam Lambung Gerd Paling Ampuh 380 ML,Rp360.000,360000.0
air-mineral,NESTLE PURE LIFE 600 ML - AIR MINERAL,Rp3.730,3730.0
air-mineral,Aqua Air Mineral Btl 600 Ml,Rp3.730,3730.0
air-mineral,ADES NATURAL 600 ML,Rp4.160,4160.0
air-mineral,Aqua Air Mineral Btl 330 Ml,Rp2.450,2450.0
air-mineral,Aqua Air Mineral Btl 330 Ml,Rp2.450,2450.0
air-mineral,Crystalline Air Mineral 600Ml,Rp3.630,3630.0
air-mineral,Aqua Air Mineral Btl 600 Ml,Rp3.310,3310.0
air-mineral,NESTLE PURE LIFE 1500 ML - AIR MINERAL,Rp6.100,6100.0
air-mineral,Equil Natural Mineral Water 760ml [ Dus isi 6 Botol Kaca ],Rp249.750,249750.0
air-mineral,AQUVIVA AIR MINERAL BOTOL 700 ML - Hypermart,Rp3.630,3630.0
air-mineral,HYPERMART VALUE PLUS DRINKING WATER BOTTLE 330 ML - AIR MINERAL,Rp1.750,1750.0
air-mineral,Le Minerale 600Ml,Rp2.240,2240.0
air-mineral,RON88 Botol Natural 380ml (INSTAN & KARGO),Rp31.140,31140.0
air-mineral,CRYSTALLINE AIR MINERAL 600ML,Rp3.630,3630.0
air-mineral,PROMO 5 BOX! Organique Water 330 ml,Rp999.000,999000.0
air-mineral,[SPECIAL 12.12] CHAKO LAB Bawang Cup Christmas Edition 1050ml,Rp650.000,650000.0
air-mineral,PROMO 5 BOX! Organique Water 500 ml,Rp943.500,943500.0
air-mineral,Botol MINRAL 200ML isi 24 botol (INSTAN & KARGO),Rp25.750,25750.0
air-mineral,PAKET HEMAT 2 KARTON RON88 600ML + 2 KARTON RON88 1500ML (KURIR TOKO),Rp206.000,206000.0
air-mineral,PRISTINE WATER 600 ML,Rp6.090,6090.0
air-mineral,Pristine Water 400Ml,Rp4.160,4160.0
air-mineral,AMIDIS AIR MINERAL PET 600ML,Rp3.730,3730.0
air-mineral,Perfect Alkaline Water 500 Ml,Rp10.300,10300.0
air-mineral,Minuman Air Mineral Nestle Botol 600 Ml,Rp4.700,4700.0
air-mineral,5 Karton 1L Praktis Cleo Air Murni Botol 60 botol,Rp330.750,330750.0
air-mineral,PRISTINE WATER 600 ML,Rp6.090,6090.0
air-mineral,VIT AIR MINERAL BTL 550ML,Rp2.130,2130.0
air-mineral,Aqua Air Mineral Btl 330 Ml,Rp2.450,2450.0
air-mineral,Lasegar Larutan Penyegar 200 Ml Botol,Rp7.400,7400.0
air-mineral,Buavita Korean Muscat Grape 245ml Twinpack,Rp19.900,19900.0
air-mineral,"Cleo Air Murni Cup 220ml 5 karton + Galon 12,8L",Rp182.700,182700.0
air-mineral,[SUPER HEMAT] Air Murni Cleo Galon 19 LT Handle SE - Bundle Hemat 4 Galon,Rp155.483,155483.0
air-mineral,Acqua Panna Natural Mineral Water 500ml PET [ Dus isi 24 Botol Plastik ],Rp792.540,792540.0
air-mineral,HYPERMART VALUE PLUS DRINKING WATER BOTOL 600 ML - AIR MINERAL,Rp2.050,2050.0
air-mineral,AQUVIVA AIR MINERAL BOTOL 700 ML,Rp3.630,3630.0
air-mineral,Aqua Air Mineral Btl 330 Ml,Rp2.450,2450.0
air-mineral,AQUA AIR MINERAL BOTOL 600 ML,Rp3.730,3730.0
air-mineral,[SUPER HEMAT] Air Murni Cleo Galon 19 LT Handle SE - Bundle Hemat 4 Galon,Rp155.483,155483.0
air-mineral,"PRE-ORDER [SPESIAL] Air Murni Cleo 12,8 LT - Bundling Hemat 6 Galon",Rp126.850,126850.0
air-mineral,Le Minerale 1500 ml - Minuman Kemasan - Halodoc,Rp6.770,6770.0
air-mineral,"Perfect Alkaline Water Galon 10 Liter PH 9,5",Rp66.750,66750.0
air-mineral,Cleo Air Murni 220ml 3 packs + 2 Galon 19L,Rp164.700,164700.0
air-mineral,KHUSUS AREA JAWA [FLASH SALE] Cleo Air Murni 3D 550ml 24 pcs - Bundling Hemat 3 Karton,Rp180.500,180500.0
air-mineral,Air zamzam 1 liter asli - Repack dari Air Zamzam Galon 5 liter Barcode,Rp175.000,175000.0
air-mineral,Eternalplus Special Edition 40 Botol x 250ml (1 carton) | Alkaline Water pH8+ | Minuman Air Alkali,Rp219.900,219900.0
air-mineral,AMIDIS AIR MINERAL PET 600ML,Rp3.950,3950.0
air-mineral,LE MINERALE 600ML - AIR MINERAL,Rp3.730,3730.0
air-mineral,[MEGA SALE] Air Murni Cleo Galon 19 LT Handle SE - Bundle Hemat 4 Galon,Rp262.500,262500.0
air-mineral,"Perfect Alkaline Water 500 ml PH 9,5 paket 3 karton",Rp354.000,354000.0
air-mineral,Buavita Korean Muscat Grape 245ml Multipack Isi 3,Rp29.200,29200.0
air-mineral,Buavita Korean Strawberry 245ml,Rp10.500,10500.0
air-mineral,LE MINERALE AIR MINERAL PET 1500 ML,Rp8.330,8330.0
air-mineral,"Perfect Alkaline Water 2 Liter PH 9,5 (INSTAN & KARGO)",Rp63.880,63880.0
air-mineral,CRYSTALIN Air Mineral Water Gelas 220 ml x 48 cup / Karton,Rp34.500,34500.0
air-mineral,Prim-A air Mineral Botol PET 330ml isi 24 pcs,Rp43.000,43000.0
air-mineral,[FLASH SALE - KHUSUS AREA JAWA] Air Murni Cleo Mini 220 3D - Bundling Hemat 5 Packs,Rp153.600,153600.0
air-mineral,[MEGA SALE] 3 karton 1L Praktis Cleo Air Murni Botol 36 botol,Rp130.189,130189.0
air-mineral,Le Minerale Air Minum dalam Kemasan Botol 600 ml (6 Botol),Rp18.600,18600.0
air-mineral,Le Minerale 600Ml,Rp3.730,3730.0
air-mineral,AQUVIVA Air Mineral 700 ml,Rp5.300,5300.0
air-mineral,Pristine 8.6 Plus 1500 Ml,Rp15.900,15900.0
air-mineral,[CLEO X DENSU] 6 Karton Cleo Air Murni Botol 1L Praktis 72 botol,Rp242.000,242000.0
air-mineral,Isi Ulang Galon Perfect Alkaline Water 10 Liter PH 9.5,Rp24.000,24000.0
air-mineral,RON88 GALON + ISI AIR 19 LITER,Rp52.000,52000.0
air-mineral,"PRE-ORDER [MEGA SALE] Air Murni Cleo 12,8 LT - Bundling Hemat 6 Galon",Rp128.902,128902.0
air-mineral,Crystalline air mineral pet 600Ml,Rp3.900,3900.0
air-mineral,Cleo Air Murni 330ml 3 karton + Cup 220ml,Rp184.700,184700.0
air-mineral,"Perfect Alkaline Water 2 Liter PH 9,5 (PAKET 5 KARTON)",Rp353.500,353500.0
air-mineral,[FLASH SALE] Cleo Air Murni 3D 330ml karton - Bundling Hemat 3 Karton,Rp150.999,150999.0
air-mineral,[CLEO X WARUNG NINIT] Cleo Air Murni Botol 1L Praktis,Rp236.000,236000.0
air-mineral,PROMO - Nestle Pure Life Air Minum Mix Ukuran - Paket 3 Karton,Rp173.684,173684.0
air-mineral,AQUA AIR MINERAL BOTOL 1500 ML,Rp5.980,5980.0
air-mineral,POCARI SWEET Ion Water 500ml,Rp13.000,13000.0
air-mineral,AMIDIS AIR MINERAL PET 600 ML,Rp3.950,3950.0
air-mineral,RON88 Botol 1500 ml PAKET 3 KARTON,Rp178.000,178000.0
air-mineral,4 Karton Cleo Air Murni Botol Eco Lite 500ml 96 botol,Rp174.500,174500.0
air-mineral,Cleo Air Murni 220ml 3 packs + 330ml 1 karton,Rp142.500,142500.0
air-mineral,"PRE-ORDER [FLASH SALE] Air Murni Cleo 12,8 LT - Bundling Hemat 6 Galon",Rp126.850,126850.0
air-mineral,"Perfect Alkaline Water 300 ml PH 9,5 paket 3 karton",Rp283.500,283500.0
air-mineral,10 Karton Cleo Air Murni Botol Eco Lite 500ml 240 botol,Rp387.500,387500.0
air-mineral,Air Murni Cleo Glass 330 ml Box 12 pcs - Bundling Hemat 2 Karton,Rp188.250,188250.0
air-mineral,[FLASH SALE] Air Murni Cleo Galon 19 LT Handle SE - Bundle Hemat 4 Galon,Rp146.400,146400.0
air-mineral,[SUPER HEMAT] Air Murni Cleo Galon 19 LT Handle SE - Bundling Hemat 5 Galon,Rp183.000,183000.0
air-mineral,Prim-A Air Mineral Botol PET 600ml isi 24 pcs,Rp49.000,49000.0
air-mineral,PRISTINE WATER 600 ML,Rp5.230,5230.0
air-mineral,"Perfect Alkaline Water Galon 10 Liter PH 9,5 (minimal 5)",Rp305.000,305000.0
air-mineral,CADOS PAKET PROMO HERBAL DRINK JAMU CADOS TRADISIONAL DRINK DENGAN RASA LEMON,Rp135.000,135000.0
air-mineral,Nestle Pure Life Air Minum Mix Ukuran - Paket 3 Karton,Rp175.784,175784.0
air-mineral,"Perfect Alkaline Water 500 ml PH 9,5 (PAKET 5 KARTON)",Rp518.750,518750.0
air-mineral,GLACIER Glass Bottle Indonesia Premium Water (KURIR TOKO & INSTAN),Rp96.000,96000.0
air-mineral,6 Karton Cleo Air Murni Botol 1L Praktis 72 botol,Rp367.500,367500.0
air-mineral,Nutrive Benecol Lychee Menurunkan Kadar kolesterol 100 ml (6 Botol),Rp55.600,55600.0
air-mineral,"Perfect Alkaline Water 200 ml PH 9,5 paket 3 karton",Rp235.500,235500.0
air-mineral,[SPESIAL] Air Murni Cleo Galon 19 LT Handle SE - Bundle Hemat 4 Galon,Rp157.000,157000.0
air-mineral,Buavita Korean Muscat Grape 245ml,Rp10.500,10500.0
air-mineral,[FLASH SALE] Air Murni Cup Cleo 220 40 pcs - Bundling Hemat 5 Karton,Rp158.500,158500.0
air-mineral,Cleo Air Murni 2 Galon 19L + 330ml 1 karton,Rp99.178,99178.0
air-mineral,Acqua Panna Natural Mineral Water 500ml PET [ Dus isi 24 Botol Plastik ],Rp792.540,792540.0
air-mineral,HYPERMART VALUE PLUS DRINKING WATER BOTOL 600 ML - AIR MINERAL,Rp2.050,2050.0
air-mineral,AQUVIVA AIR MINERAL BOTOL 700 ML,Rp3.630,3630.0
air-mineral,Aqua Air Mineral Btl 330 Ml,Rp2.450,2450.0
air-mineral,AQUA AIR MINERAL BOTOL 600 ML,Rp3.730,3730.0
air-mineral,[FLASH SALE] Cleo Air Murni 5 Galon 19L REFILL,Rp122.800,122800.0
air-mineral,CLUB AIR MINERAL 600 ML BOTOL,Rp5.029,5029.0
air-mineral,PROMO 10 BOX! Organique Water 1200 ml,Rp1.998.000,1998000.0
air-mineral,Adem Sari Ching Ku Sprakling Lemon 320 Ml X4,Rp40.500,40500.0
air-mineral,[CLEO X DENSU] 4 Galon 19 LT Handle SE Air Murni Cleo Galon,Rp157.000,157000.0
air-mineral,"Perfect Alkaline Water 300 ml PH 9,5 (BELI 6 KARTON)",Rp496.500,496500.0
air-mineral,"Perfect Alkaline Water 500 ml medium PH 9,5 isi 12 botol (TIK)",Rp65.000,65000.0
air-mineral,Larutan Cap Kaki Tiga Anak Rasa Jeruk Can 250 ml,Rp6.900,6900.0
air-mineral,"Perfect Alkaline Water 1 Liter PH 9,5 paket 3 karton",Rp174.000,174000.0
air-mineral,Air Zam Zam Asli zamzam zam-zam 5 Liter Original Asli Saudi Arabia,Rp375.000,375000.0
air-mineral,Eternalplus Special Edition 20 Botol x 330ml (1 carton) | Alkaline Water pH8+ | Minuman Air Alkali,Rp160.000,160000.0
air-mineral,12 Karton Cleo Air Murni Botol Eco Lite 500ml 288 botol,Rp462.750,462750.0
air-mineral,AQUA AIR MINERAL BTL 600 ML,Rp3.730,3730.0
air-mineral,CRYSTALLINE AIR MINERAL 1500 ML,Rp8.010,8010.0
air-mineral,[SPESIAL] Air Murni Cup Cleo 220 40 pcs - Bundling Hemat 5 Karton,Rp158.500,158500.0
air-mineral,Adem Sari Ching Ku Minuman Penyejuk Kaleng 320 Ml,Rp10.300,10300.0
air-mineral,AQUA AIR MINERAL BTL 600 ML,Rp3.730,3730.0
air-mineral,Air Mineral Ron 88 Elite 200 Ml,Rp2.000,2000.0
air-mineral,Nestle Pure Life Air Minum Ukuran 600mL,Rp183.711,183711.0
air-mineral,Adem Sari Ching Ku Minuman Penyejuk Kaleng Sparkling Lemon 3x320 Ml,Rp30.400,30400.0
air-mineral,FIORENTINO FM FLEXIBEL ANYAM / FLEXIBEL AIR DINGIN,Rp15.000,15000.0
air-mineral,Le Minerale Water Pet 330Ml,Rp2.130,2130.0
air-mineral,Tango Wafer Duo Choco & Vanilla Delight [1 Pack isi 2 x 50 Gram],Rp40.400,40400.0
air-mineral,Aqua Air Mineral Btl 330 Ml,Rp2.450,2450.0
air-mineral,Nestle Pure Life Air Minum Ukuran 330mL - Paket 3 Karton,Rp140.553,140553.0
air-mineral,VIT AIR MINERAL BTL 550ML,Rp2.660,2660.0
air-mineral,Le Minerale 600Ml,Rp3.730,3730.0
air-mineral,AQUA AIR MINERAL BOTOL 1500 ML,Rp8.120,8120.0
air-mineral,AQUA AIR MINERAL BOTOL 1500 ML,Rp6.410,6410.0
air-mineral,Aqua Air Mineral Btl 600 Ml,Rp3.730,3730.0
air-mineral,Aqua Air Mineral Btl 600 Ml,Rp4.590,4590.0
air-mineral,VP Drinking Water 1500 Ml Btl,Rp4.270,4270.0
air-mineral,Aqua Air Mineral Btl 600 Ml,Rp2.990,2990.0
air-mineral,WALATRA HERBAL Kurma Madu Untuk Asam Lambung Anemia Menambah Imun Tubuh BPOM MD Suplemen Kesehatan Alami,Rp110.000,110000.0
air-mineral,NESTLE PURE LIFE 600 ML - AIR MINERAL,Rp3.730,3730.0
air-mineral,AQUA AIR MINERAL BOTOL 1500 ML,Rp6.730,6730.0
air-mineral,Adem Sari Ching Ku Minuman Penyejuk Kaleng 4x320 Ml,Rp40.500,40500.0
air-mineral,Nestle Pure Life 600 Ml,Rp2.700,2700.0
air-mineral,Magic Water Minuman Magic Water Powder Drink Magic Water Serbuk Minuman MagicWater 1 Kg,Rp91.000,91000.0
air-mineral,HPM VALUE PLUS DRINKING WATER 1500 ML BOTOL - AIR MINERAL,Rp4.270,4270.0
air-mineral,Air Mineral Nestle Pure Life 1500mL - 1 Karton / Pure Life / Air Mineral / Air Mineral Botol,Rp66.200,66200.0
air-mineral,Nestle Pure Life Air Minum Ukuran 1500mL,Rp196.356,196356.0
air-mineral,Le Minerale Water Pet 330Ml,Rp2.560,2560.0
air-mineral,RON88 Botol Kaca 330ml (isi 12 botol) (INSTAN & KARGO),Rp65.000,65000.0
air-mineral,"Cleo Air Murni 1500ml 1 karton + 3 Galon 12,8L",Rp144.600,144600.0
air-mineral,[Free Cetakan Ice Cream] Buavita Korean Range Strawberry Isi 6 + Buavita Grape Isi 6,Rp116.600,116600.0
air-mineral,Hydro Coco Original 250 ml (Pack - 3 Botol),Rp27.200,27200.0
air-mineral,VP Drinking Water 600 Ml Btl,Rp2.600,2600.0
air-mineral,HYPERMART VALUE PLUS DRINKING WATER BOTOL 600 ML - AIR MINERAL,Rp2.130,2130.0
air-mineral,Aqua Air Mineral Btl 600 Ml,Rp4.270,4270.0
air-mineral,Vit Air Mineral 1500 ml - Halodoc,Rp6.280,6280.0
air-mineral,zam zam barcode 5 liter air zam zam oleh oleh haji AIR ZAM ZAM ASLI,Rp550.000,550000.0
air-mineral,ANGGUR AUTUM ROYAL 530-550 GR,Rp56.050,56050.0
air-mineral,Air Mineral Alkaline Organique Water 1 Botol 500 ml,Rp10.656,10656.0
air-mineral,AMIDIS AIR MINERAL 5 LTR,Rp26.420,26420.0
air-mineral,Crystalline Air Mineral 600Ml,Rp3.630,3630.0
air-mineral,Crystalline Air Mineral 220 Ml karton,Rp39.750,39750.0
air-mineral,Air Mineral Nestle Pure Life 600mL - 1 Karton / Pure Life / Air Mineral / Air Mineral Botol,Rp60.600,60600.0
air-mineral,ANGGUR AUTUM ROYAL 530-550 GR,Rp76.450,76450.0
air-mineral,CRYSTALLINE AIR MINERAL 600ML,Rp3.630,3630.0
air-mineral,VP Drinking Water 600 Ml Btl,Rp3.210,3210.0
air-mineral,Equil 760ml Sparkling Mineral Water [ Dus isi 6 Botol Kaca ],Rp266.400,266400.0
air-mineral,PRISTINE WATER 600 ML,Rp6.100,6100.0
air-mineral,HYPERMART VALUE PLUS DRINKING WATER BOTOL 600 ML - AIR MINERAL,Rp2.230,2230.0
air-mineral,air zam zam barcode kemasan 5 liter,Rp467.000,467000.0
air-mineral,Narwastu - Sacramental Drink Moona isi 100 pcs - MTD004,Rp100.000,100000.0
air-mineral,[EXCLUSIVE SISWANTO] Buavita Juice Apple 1L Isi 2,Rp56.100,56100.0
air-mineral,ANGGUR AUTUM ROYAL 530-550 GR,Rp65.090,65090.0
air-mineral,Le Minerale Water Pet 330Ml,Rp2.130,2130.0
air-mineral,Buavita Korean Strawberry 245ml Multipack Isi 6,Rp58.300,58300.0
air-mineral,AQUVIVA AIR MINERAL BOTOL 1600 ML - Hypermart,Rp7.160,7160.0
air-mineral,AQUVIVA Air Mineral 1600 ml,Rp7.900,7900.0
air-mineral,Le Minerale 600Ml,Rp2.560,2560.0
air-mineral,Amidis Air Mineral Pet 600Ml,Rp3.730,3730.0
air-mineral,Crystalline Air Mineral 600Ml,Rp3.090,3090.0
air-mineral,Le Minerale Water Pet 330Ml,Rp3.840,3840.0
air-mineral,Buavita Korean Muscat Grape 245ml Multipack Isi 6,Rp58.300,58300.0
air-mineral,HPM VP DRINKING WATER 330ML BTL,Rp1.870,1870.0
air-mineral,Aqua Air Mineral Btl 600 Ml,Rp3.200,3200.0
air-mineral,VP DRINKING WATER 600 ML BTL,Rp3.210,3210.0
air-mineral,LE MINERALE WATER PET 330ML,Rp2.660,2660.0
air-mineral,VP Drinking Water 1500 Ml Btl,Rp6.420,6420.0
air-mineral,AQUA AIR MINERAL BOTOL 1500 ML,Rp8.980,8980.0
air-mineral,VP Drinking Water 1500 Ml Btl,Rp6.420,6420.0
air-mineral,LE MINERALE AIR MINERAL PET 1500 ML - AIR MINERAL,Rp6.410,6410.0
air-mineral,AQUA AIR MINERAL BTL 330 ML,Rp2.450,2450.0
air-mineral,Crystalline Air Mineral 600Ml,Rp4.050,4050.0
air-mineral,ANGGUR AUTUM ROYAL 500 GR,Rp56.050,56050.0
air-mineral,ANGGUR AUTUM ROYAL 500 GR,Rp70.760,70760.0
air-mineral,Paket 2 Galon Le Minerale 15 L,Rp53.556,53556.0
air-mineral,ANGGUR AUTUM ROYAL 530-550 GR,Rp53.760,53760.0
air-mineral,VP Drinking Water 600 Ml Btl,Rp3.210,3210.0
air-mineral,AQUA AIR MINERAL BTL 330 ML,Rp2.450,2450.0
air-mineral,Pristine Water 400Ml,Rp4.160,4160.0
air-mineral,LE MINERALE AIR MINERAL PET 1500 ML,Rp9.300,9300.0
air-mineral,PRISTINE WATER 600 ML,Rp5.870,5870.0
air-mineral,ANGGUR AUTUM ROYAL 500 GR,Rp56.050,56050.0
air-mineral,PRISTINE WATER 600 ML - AIR MINERAL,Rp5.660,5660.0
air-mineral,AQUVIVA AIR MINERAL BOTOL 700 ML - Hypermart,Rp3.630,3630.0
air-mineral,HPM VP DRINKING WATER 330ML BTL,Rp2.670,2670.0
air-mineral,ANGGUR AUTUM ROYAL 500 GR,Rp56.050,56050.0
air-mineral,Acqua Panna Natural Mineral Water 250ml [ Dus isi 24 Botol Kaca ],Rp792.540,792540.0
air-mineral,AQUVIVA AIR MINERAL BOTOL 700 ML,Rp3.310,3310.0
air-mineral,AQUA AIR MINERAL BOTOL 1500 ML,Rp7.690,7690.0
air-mineral,VP Drinking Water 600 Ml Btl,Rp2.050,2050.0
air-mineral,LE MINERALE 600 ML - AIR MINERAL,Rp3.730,3730.0
air-mineral,Crystalline Air Mineral 600Ml,Rp3.840,3840.0
air-mineral,AMIDIS AIR MINERAL 600 ML BOTOL,Rp3.894,3894.0
air-mineral,Aqua Air Mineral Btl 600 Ml,Rp3.730,3730.0
air-mineral,Nestle Pure Life 600 Ml,Rp3.730,3730.0
air-mineral,HPM VALUE PLUS DRINKING WATER BOTOL 600 ML - AIR MINERAL,Rp2.130,2130.0
air-mineral,ANGGUR AUTUM ROYAL 530-550 GR,Rp70.810,70810.0
air-mineral,CRYSTALLINE AIR MINERAL 600ML,Rp3.630,3630.0
air-mineral,VIT AIR MINERAL BTL 1500 GR,Rp4.910,4910.0
air-mineral,Le Minerale Water Pet 330Ml,Rp2.660,2660.0
air-mineral,PRIM-A PET 1500 ML,Rp4.750,4750.0
air-mineral,VIT AIR MINERAL CUP 200ML KTN,Rp28.850,28850.0
air-mineral,AQUA CLICK & GO 750ML,Rp7.850,7850.0
air-mineral,AQUA CLICK & GO 750ML,Rp7.950,7950.0
air-mineral,ADES NATURAL 600 ML,Rp3.100,3100.0
air-mineral,PRIM-A PET 600 ML,Rp2.400,2400.0
air-mineral,Nestle Purelife 600Ml 1 Box - Isi 24 Botol,Rp84.000,84000.0
air-mineral,HYPERMART VALUE PLUS DRINKING WATER BOTOL 600 ML - AIR MINERAL,Rp1.990,1990.0
air-mineral,BALIAN SPARKLING NATURAL MINERAL WATER GLASS 750ML,Rp33.890,33890.0
air-mineral,Pristine 8.6+ Natural Mineral Water 600ml PET [ Dus isi 24 Botol Plastik ],Rp129.000,129000.0
air-mineral,VP Drinking Water 600 Ml Btl,Rp3.210,3210.0
air-mineral,Equil 760ml Sparkling Mineral Water [ Dus isi 6 Botol Kaca ],Rp266.400,266400.0
air-mineral,PRISTINE WATER 600 ML,Rp6.100,6100.0
air-mineral,HYPERMART VALUE PLUS DRINKING WATER BOTOL 600 ML - AIR MINERAL,Rp2.230,2230.0
air-mineral,air zam zam barcode kemasan 5 liter,Rp467.000,467000.0
air-mineral,Aqua Reflections Natural Mineral Water 380ml [ Dus isi 12 Botol Kaca ] JNE Termasuk Packing Kayu,Rp234.000,234000.0
air-mineral,Fiji 500ml PET Natural Mineral Water [ Dus isi 24 Botol Plastik ],Rp841.000,841000.0
air-mineral,Acqua Panna Still Mineral Water 250ml [ Dus isi 24 Botol Kaca ],Rp792.540,792540.0
air-mineral,Equil Natural Mineral Water 760ml [ Dus isi 6 Botol Kaca ] JNE Cargo Termasuk Packing Kayu,Rp269.750,269750.0
air-mineral,Le Minerale 600Ml,Rp3.000,3000.0
air-mineral,HPM VALUE PLUS DRINKING WATER BOTOL 600 ML - AIR MINERAL,Rp2.050,2050.0
air-mineral,AQUA AIR MINERAL BOTOL 330 ML,Rp2.050,2050.0
air-mineral,CRYSTALLINE AIR MINERAL 24 X 600 ML KARTON - Hypermart,Rp72.830,72830.0
air-mineral,NESTLE PURE LIFE 24 X 330 ML KARTON - Hypermart,Rp60.230,60230.0
air-mineral,Acqua Panna Still Mineral Water 500ml PET [ Dus isi 24 Botol Plastik ],Rp792.540,792540.0
air-mineral,Acqua Panna 750ml Still Mineral Water [ Dus isi 12 Botol Kaca ],Rp632.145,632145.0
air-mineral,Equil Natural Mineral Water 760ml [ Dus isi 6 Botol Kaca ],Rp249.750,249750.0
air-mineral,Nestle Pure Life 600 Ml,Rp5.230,5230.0
air-mineral,PRIM-A PET 1500 ML - AIR MINERAL,Rp4.910,4910.0
air-mineral,AQUA CLICK & GO 750ML,Rp8.550,8550.0
air-mineral,CLEO AIR MINERAL 550 ML BOTOL,Rp3.772,3772.0
air-mineral,VIT AIR MINERAL BTL 1500 GR,Rp4.590,4590.0
air-mineral,VIT AIR MINERAL BTL 550ML,Rp2.880,2880.0
air-mineral,VIT AIR MINERAL BTL 550ML,Rp2.560,2560.0
air-mineral,NESTLE PURE LIFE 330 ML,Rp3.410,3410.0
air-mineral,Aqua Air Mineral Btl 600 Ml,Rp3.730,3730.0
air-mineral,HPM VP DRINKING WATER BOTTLE 330 ML - AIR MINERAL,Rp1.870,1870.0
air-mineral,PRIM-A PET 1500 ML - AIR MINERAL,Rp4.910,4910.0
air-mineral,VIT AIR MINERAL BTL 550ML,Rp2.660,2660.0
air-mineral,AQUVIVA AIR MINERAL BOTOL 700 ML - Hypermart,Rp3.950,3950.0
air-mineral,AMIDIS AIR MINERAL PET 1500ML,Rp8.330,8330.0
air-mineral,VIT AIR MINERAL BTL 550ML,Rp2.130,2130.0
air-mineral,OXGNDW AIR OXY 470 ML BOTOL,Rp13.503,13503.0
air-mineral,ADES NATURAL 600 ML,Rp4.270,4270.0
air-mineral,PAKET 25 KARTON CUP HURA 200ML (KURIR TOKO),Rp500.000,500000.0
air-mineral,RON88 380ML PAKET 50 KARTON (KURIR TOKO),Rp2.085.000,2085000.0
air-mineral,Equil 380ml Natural Mineral Water [ Dus isi 12 Botol Kaca ],Rp333.000,333000.0
air-mineral,AMIDIS AIR MINERAL PET 330 ML,Rp2.770,2770.0
air-mineral,LE MINERALE AIR MINERAL PET 1500 ML,Rp9.080,9080.0
air-mineral,AQUVIVA AIR MINERAL BOTOL 1600 ML - Hypermart,Rp7.160,7160.0
air-mineral,[EDISI TERBATAS x TAHILALATS] Crystalin Air Minum Mineral 330ml - [1 Botol],Rp3.700,3700.0
air-mineral,HPM VP DRINKING WATER 330ML BTL,Rp2.670,2670.0
air-mineral,HPM VP DRINKING WATER 330ML BTL,Rp2.670,2670.0
air-mineral,HYPERMART VALUE PLUS DRINKING WATER BOTTLE 330 ML - AIR MINERAL,Rp2.670,2670.0
air-mineral,Cleo Glass Still Mineral Water 330ml [ Dus isi 12 Botol Kaca ],Rp113.334,113334.0
air-mineral,ADES NATURAL 600 ML,Rp4.160,4160.0
air-mineral,NESTLE PURE LIFE AIR MINERAL 330 ML,Rp3.143,3143.0
air-mineral,Acqua Panna Natural Mineral Water 500ml [ Dus isi 24 Botol Kaca ] JNE Cargo Termasuk Packing Kayu,Rp1.104.720,1104720.0
air-mineral,RON88 Still Mineral Water 600ml PET [ Dus isi 24 Botol Plastik ],Rp54.117,54117.0
air-mineral,Perfect Alkaline Mineral Water 500ml PET [ Dus isi 24 Botol Plastik ],Rp134.644,134644.0
air-mineral,Cleo Glass 330ml Natural Mineral Water [ Dus isi 12 Botol Kaca ],Rp113.334,113334.0
air-mineral,RON88 380ml PET Natural Mineral Water [ Dus isi 24 Botol Plastik ],Rp46.667,46667.0
air-mineral,Aqua Reflections Still Mineral Water 750ml [ Dus isi 6 Botol Kaca ],Rp195.000,195000.0
air-mineral,Oasis+ Natural Mineral Water 330ml PET [ Dus isi 24 Botol Plastik ],Rp110.000,110000.0
air-mineral,Crystalin Natural Mineral Water 330ml PET [ Dus isi 24 Botol ],Rp52.992,52992.0
air-mineral,Crystalline Air Mineral 600Ml,Rp4.480,4480.0
air-mineral,Le Minerale Water Pet 330Ml,Rp2.560,2560.0
air-mineral,AQUA CLICK & GO 750ML,Rp7.370,7370.0
air-mineral,PRISTINE WATER 600 ML - AIR MINERAL,Rp5.150,5150.0
air-mineral,AQUA 1500 ML BD 6 - AIR MINERAL,Rp31.850,31850.0
air-mineral,PRIM-A PET 600 ML,Rp4.480,4480.0
air-mineral,AQUA CLICK & GO 750ML - AIR MINERAL,Rp7.480,7480.0
air-mineral,Evian Natural Mineral Water 500ml PET [ Dus isi 24 Botol Plastik ],Rp768.000,768000.0
air-mineral,AQUA CLICK & GO 750ML,Rp7.370,7370.0
air-mineral,SAN PELLEGRINO SPARKLING MIN WTR 750 ML,Rp51.490,51490.0
air-mineral,Equil 760ml Sparkling Mineral Water [ Dus isi 6 Botol Kaca ],Rp266.400,266400.0
air-mineral,Aqua Air Mineral Btl 600 Ml,Rp3.850,3850.0
air-mineral,LE MINERALE 600ML - AIR MINERAL,Rp3.730,3730.0
air-mineral,RON88 Natural Mineral Water 240ml PET [ Dus isi 24 Botol Plastik ],Rp32.000,32000.0
air-mineral,CRYSTALLINE AIR MINERAL 1500 ML,Rp10.260,10260.0
air-mineral,Crystalin Natural Mineral Water 330ml PET [ Dus isi 24 Botol ],Rp52.992,52992.0
air-mineral,AQUA CLICK & GO 750ML,Rp7.370,7370.0
air-mineral,SAN PELLEGRINO SPARKLING MIN WTR 750 ML,Rp51.490,51490.0
air-mineral,FIJI ARTESIAN WATER 330ML,Rp22.990,22990.0
air-mineral,BALIAN SPARKLING NATURAL MINERAL WATER GLASS 750ML,Rp35.990,35990.0
air-mineral,Botol MINRAL 600ml isi 24 botol (PAKET 10 KARTON),Rp342.000,342000.0
air-mineral,"Herbal Amandel Paling Ampuh, Radang Amandel, Amandel Bengkak, Sakit Tenggorokan, Susah Menelan,Minuman mbiopro 380 ML",Rp360.000,360000.0
air-mineral,RON88 Botol 300 ml PAKET 6 KARTON (KURIR TOKO),Rp265.000,265000.0
air-mineral,Aqua Air Mineral Btl 600 Ml,Rp5.340,5340.0
air-mineral,PRIM-A PET 1500 ML,Rp5.230,5230.0
air-mineral,CRYSTALLINE AIR MINERAL 1500 ML,Rp8.550,8550.0
air-mineral,AQUA CLICK & GO 750ML,Rp6.800,6800.0
air-mineral,Equil Natural Mineral Water 380ml [ Dus isi 12 Botol Kaca ] JNE Cargo Termasuk Packing Kayu,Rp353.000,353000.0
air-mineral,Nestle Purelife 600Ml 1 Box - Isi 24 Botol,Rp84.000,84000.0
air-mineral,PRISTINE WATER 1500ML,Rp11.220,11220.0
air-mineral,Evian Natural Mineral Water 500ml PET [ Dus isi 24 Botol Plastik ],Rp768.000,768000.0
air-mineral,San Pellegrino Sparkling Mineral Water 500ml [ Dus isi 24 Botol Kaca ],Rp1.056.720,1056720.0
air-mineral,CRYSTALLINE AIR MINERAL 330ML,Rp2.340,2340.0
air-mineral,ADES NATURAL 600 ML,Rp3.950,3950.0
air-mineral,PRISTINE WATER 600 ML,Rp5.660,5660.0
air-mineral,VIT AIR MINERAL BTL 1500 GR,Rp4.590,4590.0
air-mineral,AQUA CLICK & GO 750ML,Rp7.480,7480.0
air-mineral,AQUA CLICK & GO 750ML - AIR MINERAL,Rp7.480,7480.0
air-mineral,PRIM-A PET 600 ML,Rp4.480,4480.0
air-mineral,PRISTINE WATER 600 ML - AIR MINERAL,Rp5.150,5150.0
air-mineral,AQUA 1500 ML BD 6 - AIR MINERAL,Rp31.850,31850.0
air-mineral,AQUA CLICK & GO 750ML,Rp7.370,7370.0
air-mineral,Crystalline Air Mineral 600Ml,Rp4.480,4480.0
air-mineral,Le Minerale Water Pet 330Ml,Rp2.560,2560.0
air-mineral,Evian Natural Mineral Water 500ml PET [ Dus isi 24 Botol Plastik ],Rp768.000,768000.0
air-mineral,Aqua Air Mineral Btl 330 Ml,Rp3.730,3730.0
air-mineral,ADES NATURAL 600 ML - AIR MINERAL,Rp4.160,4160.0
air-mineral,AMIDIS AIR MINERAL PET 330 ML,Rp2.660,2660.0
air-mineral,PRISTINE WATER 400ml,Rp4.050,4050.0
air-mineral,AQUA AIR MINERAL BOTOL 24 X 600 ML KARTON - Hypermart,Rp89.440,89440.0
air-mineral,AQUA AIR MINERAL BOTOL 24 X 600 ML KARTON - Hypermart,Rp74.140,74140.0
air-mineral,VIT AIR MINERAL BTL 1500 GR,Rp4.590,4590.0
air-mineral,Jim Beam Black Cherry American Bourbon Whiskey 700ml,Rp505.000,505000.0
air-mineral,ADES NATURAL 600 ML,Rp3.950,3950.0
air-mineral,ADEM SARI CHING-KU MINUMAN BERPERISA LEMON 350 ML BOTOL,Rp9.608,9608.0
air-mineral,Flow air mineral 600 ml - TISPY BRO,Rp8.000,8000.0
air-mineral,Fiji 500ml PET Natural Mineral Water [ Dus isi 24 Botol Plastik ],Rp841.000,841000.0
air-mineral,RON88 Still Mineral Water 240ml PET [ Dus isi 24 Botol Plastik ],Rp32.000,32000.0
air-mineral,Crystalin Still Mineral Water 600ml PET [ Dus isi 24 Botol Plastik ],Rp66.748,66748.0
air-mineral,Fiji Still Mineral Water 1000ml PET [ Dus isi 12 Botol Plastik ],Rp738.000,738000.0
air-mineral,ADES NATURAL 600 ML - AIR MINERAL,Rp3.700,3700.0
air-mineral,AMIDIS AIR MINERAL 5 LTR,Rp33.160,33160.0
air-mineral,VIT AIR MINERAL BTL 550ML,Rp2.660,2660.0
air-mineral,Le Minerale Water Pet 330Ml,Rp2.660,2660.0
air-mineral,ADES AIR MINERAL 330 ML BOTOL,Rp4.726,4726.0
air-mineral,CLUB AIR MINERAL 600 ML BOTOL,Rp4.052,4052.0
air-mineral,HPM VP DRINKING WATER 330ML BTL,Rp2.670,2670.0
air-mineral,VIT AIR MINERAL BTL 550ML,Rp2.660,2660.0
air-mineral,Cleo Praktis Still Mineral Water 1000ml PET [ Dus isi 12 Botol Plastik ],Rp52.500,52500.0
air-mineral,PRIM-A PET 600 ML - AIR MINERAL,Rp2.400,2400.0
air-mineral,PRISTINE WATER 600 ML,Rp5.660,5660.0
air-mineral,AQUVIVA AIR MINERAL BOTOL 700 ML - Hypermart,Rp3.840,3840.0
air-mineral,LE MINERALE 600ML - AIR MINERAL,Rp3.730,3730.0
air-mineral,AQUA AIR MINERAL 250 ML BOTOL,Rp8.047,8047.0
air-mineral,AMIDIS AIR MINERAL PET 330 ML,Rp2.770,2770.0
air-mineral,Equil 760ml Sparkling Mineral Water [ Dus isi 6 Botol Kaca ],Rp266.400,266400.0
air-mineral,Aqua Air Mineral Btl 600 Ml,Rp3.850,3850.0
air-mineral,LE MINERALE 600ML - AIR MINERAL,Rp3.730,3730.0
air-mineral,RON88 Natural Mineral Water 240ml PET [ Dus isi 24 Botol Plastik ],Rp32.000,32000.0
air-mineral,CRYSTALLINE AIR MINERAL 1500 ML,Rp10.260,10260.0
air-mineral,CRYSTALIN Air Mineral Water Btl 330 ml,Rp3.900,3900.0
air-mineral,AQUA AIR MINERAL BOTOL 24 X 600 ML KARTON,Rp74.140,74140.0
air-mineral,Crystalline Air Mineral 600Ml,Rp5.550,5550.0
air-mineral,Oasis+ 500ml PET Alkaline Mineral Water [ Dus isi 24 Botol Plastik ],Rp128.667,128667.0
air-mineral,Acqua Panna 500ml Still Mineral Water [ Dus isi 24 Botol Kaca ],Rp1.056.720,1056720.0
air-mineral,HPM VALUE PLUS DRINKING WATER BOTOL 600 ML - AIR MINERAL,Rp2.050,2050.0
air-mineral,AQUA AIR MINERAL BOTOL 24 X 600 ML KARTON - Hypermart,Rp74.140,74140.0
air-mineral,NESTLE PURE LIFE 330 ML,Rp3.410,3410.0
air-mineral,PRIM-A PET 1500 ML,Rp6.410,6410.0
air-mineral,AQUA CLICK & GO 750ML,Rp7.480,7480.0
air-mineral,AQUVIVA AIR MINERAL BOTOL 700 ML,Rp3.630,3630.0
air-mineral,PRIM-A PET 600 ML,Rp3.090,3090.0
air-mineral,NESTLE PURE LIFE 330 ML,Rp2.770,2770.0
air-mineral,AQUA CLICK & GO 750ML - AIR MINERAL,Rp8.590,8590.0
air-mineral,PRIM-A PET 600 ML,Rp5.120,5120.0
air-mineral,AQUVIVA AIR MINERAL BOTOL 1600 ML - Hypermart,Rp7.480,7480.0
air-mineral,Air minum MINRAL 380ML isi 24 botol (PAKET 10 KARTON),Rp302.000,302000.0
air-mineral,ADES NATURAL 600 ML,Rp3.950,3950.0
air-mineral,VIT AIR MINERAL BTL 550ML,Rp2.660,2660.0
air-mineral,AQUA CLICK & GO 750ML,Rp6.840,6840.0
air-mineral,RON88 240ml PET Alkaline Mineral Water [ Dus isi 24 Botol Plastik ],Rp32.000,32000.0
air-mineral,Oasis+ Still Mineral Water 330ml PET [ Dus isi 24 Botol Plastik ],Rp110.000,110000.0
air-mineral,AQUA 600ML BD 6 - AIR MINERAL,Rp22.460,22460.0
air-mineral,Acqua Panna Natural Mineral Water 500ml PET [ Dus isi 24 Botol Plastik ],Rp792.540,792540.0
air-mineral,PRISTINE WATER 1500ML,Rp8.850,8850.0
air-mineral,PRIM-A PET 600 ML,Rp3.100,3100.0
air-mineral,VIT AIR MINERAL CUP 200ML KTN,Rp30.900,30900.0
air-mineral,PRIM-A PET 600 ML - AIR MINERAL,Rp4.150,4150.0
air-mineral,PRIM-A PET 1500 ML,Rp4.450,4450.0
air-mineral,PRIM-A PET 600 ML,Rp4.750,4750.0
air-mineral,NESTLE PURE LIFE 1500ML BD 6,Rp34.000,34000.0
air-mineral,Perfect Natural Mineral Water 300ml PET [ Dus isi 24 Botol Plastik ],Rp102.917,102917.0
air-mineral,Perfect 1000ml PET Still Mineral Water [ Dus isi 6 Botol Plastik ],Rp65.619,65619.0
air-mineral,Oasis+ 330ml PET Alkaline Mineral Water [ Dus isi 24 Botol Plastik ],Rp110.000,110000.0
air-mineral,Oasis+ 500ml PET Natural Mineral Water [ Dus isi 24 Botol Plastik ],Rp128.667,128667.0
air-mineral,(Paket 3 dus) RON88 Still Mineral Water 240ml PET [ Dus isi 24 Botol Plastik ],Rp90.000,90000.0
air-mineral,(Paket 2 dus) RON88 Natural Mineral Water 240ml PET [ Dus isi 24 Botol Plastik ],Rp62.000,62000.0
air-mineral,AMIDIS AIR MINUM PET 12 X 1500 ML KARTON - Hypermart,Rp75.480,75480.0
air-mineral,Acqua Panna Still Mineral Water 500ml [ Dus isi 24 Botol Kaca ],Rp792.540,792540.0
air-mineral,Aqua Reflections Sparkling Mineral Water 380ml [ Dus isi 12 Botol Kaca ],Rp229.917,229917.0
air-mineral,Pristine 8.6+ 400ml PET Still Mineral Water [ Dus isi 24 Botol Plastik ],Rp91.667,91667.0
air-mineral,Cleo 3D Natural Mineral Water 550ml PET [ Dus isi 24 Botol Plastik ],Rp74.167,74167.0
air-mineral,Cleo Glass Alkaline Mineral Water 330ml [ Dus isi 12 Botol Kaca ],Rp113.334,113334.0
air-mineral,Cleo Praktis Natural Mineral Water 1000ml PET [ Dus isi 12 Botol Plastik ],Rp52.500,52500.0
air-mineral,ADES NATURAL 600 ML,Rp3.950,3950.0
air-mineral,CLEO AIR MINERAL 550 ML BOTOL,Rp4.026,4026.0
air-mineral,PAKET 5 KARTON RON88 Alkaline 400 ml pH 8.8+ (KURIR TOKO),Rp320.000,320000.0
air-mineral,AMIDIS AIR MINERAL PET 1500ML,Rp6.410,6410.0
air-mineral,FIJI NATURAL ARTESIAN WATER 500ml - 3 BOTOL,Rp99.000,99000.0
air-mineral,FIJI NATURAL ARTESIAN WATER 330ml,Rp25.000,25000.0
air-mineral,FIJI NATURAL ARTESIAN WATER 1000ml,Rp58.000,58000.0
air-mineral,NESTLE PURE LIFE AIR MINERAL 600 ML,Rp3.798,3798.0
air-mineral,OXGNDW AIR OXY 470 ML BOTOL,Rp11.666,11666.0
air-mineral,Pristine 8.6+ Yusen Natural Mineral Water 480ml [ Dus isi 12 Botol Kaca ],Rp183.334,183334.0
air-mineral,Aqua Air Mineral Btl 600 Ml,Rp5.120,5120.0
air-mineral,NESTLE PURE LIFE 330 ML,Rp2.880,2880.0
air-mineral,LE MINERALE PET 12 X 1500 ML KARTON - Hypermart,Rp79.170,79170.0
air-mineral,ADES NATURAL 600 ML,Rp4.160,4160.0
air-mineral,Fiji 1500ml PET Still Mineral Water [ Dus isi 12 Botol Plastik ],Rp820.000,820000.0
air-mineral,VP Drinking Water 600 Ml Btl,Rp3.210,3210.0
air-mineral,Aqua Air Mineral Btl 330 Ml,Rp2.450,2450.0
air-mineral,VP Drinking Water 600 Ml Btl,Rp3.210,3210.0
air-mineral,Aqua Air Mineral Btl 600 Ml,Rp3.850,3850.0
air-mineral,LE MINERALE 600ML - AIR MINERAL,Rp3.730,3730.0
air-mineral,AQUA AIR MINERAL BTL 330 ML,Rp2.450,2450.0
air-mineral,Perfect Still Mineral Water 1000ml PET [ Dus isi 6 Botol Plastik ],Rp65.619,65619.0
air-mineral,CRYSTALLINE AIR MINERAL 330ML,Rp2.340,2340.0
air-mineral,AMIDIS AIR MINERAL PET 330 ML,Rp2.660,2660.0
air-mineral,VIT AIR MINERAL BTL 550ML,Rp2.660,2660.0
air-mineral,LE MINERALE WATER PET 330ml,Rp2.660,2660.0
air-mineral,AQUA CLICK & GO 750ML,Rp7.480,7480.0
air-mineral,NESTLE PURE LIFE 1500 ML - AIR MINERAL,Rp7.050,7050.0
air-mineral,AMIDIS AIR MINERAL PET 330 ML,Rp3.410,3410.0
air-mineral,AQUA CLICK & GO 750ML,Rp6.800,6800.0
air-mineral,Evian Glass Natural Mineral Water 330ml [ Dus isi 20 Botol Kaca ] JNE Cargo Termasuk Packing Kayu,Rp1.000.000,1000000.0
air-mineral,Pristine 8.6+ Yusen Natural Mineral Water 480ml [ Dus isi 12 Botol Kaca ] JNE Cargo Termasuk Packing Kayu,Rp207.334,207334.0
air-mineral,EQUITY WATER 1500 ML - AIR,Rp20.990,20990.0
air-mineral,CRYSTALLINE AIR MINERAL 1500 ML,Rp6.300,6300.0
air-mineral,PRIM-A PET 600 ML - AIR MINERAL,Rp3.090,3090.0
air-mineral,NESTLE PURE LIFE 1500 ML,Rp7.050,7050.0
air-mineral,LE MINERALE 600ml,Rp3.950,3950.0
air-mineral,Aqua Air Mineral Btl 330 Ml,Rp3.730,3730.0
air-mineral,Botol MINRAL 200ML isi 24 botol (PAKET 10 KARTON),Rp222.000,222000.0
air-mineral,AQUA AIR MINERAL 330 ML BOTOL,Rp4.024,4024.0
air-mineral,Pristine Water 400Ml,Rp4.700,4700.0
air-mineral,AQUA AIR MINERAL BOTOL 24 X 600 ML KARTON - Hypermart,Rp74.350,74350.0
air-mineral,ADES NATURAL 600 ML,Rp3.700,3700.0
air-mineral,NESTLE PURE LIFE 1500ML BD 6,Rp34.790,34790.0
air-mineral,PRIM-A PET 1500 ML,Rp5.050,5050.0
air-mineral,OXGNDW AIR OXY 470 ML BOTOL,Rp11.666,11666.0
air-mineral,Pristine 8.6+ Yusen Natural Mineral Water 480ml [ Dus isi 12 Botol Kaca ],Rp183.334,183334.0
air-mineral,Fiji 1500ml PET Still Mineral Water [ Dus isi 12 Botol Plastik ],Rp820.000,820000.0
air-mineral,VP Drinking Water 600 Ml Btl,Rp3.210,3210.0
air-mineral,Aqua Air Mineral Btl 600 Ml,Rp5.120,5120.0
air-mineral,LE MINERALE PET 12 X 1500 ML KARTON - Hypermart,Rp79.170,79170.0
air-mineral,NESTLE PURE LIFE 330 ML,Rp2.880,2880.0
air-mineral,ADES NATURAL 600 ML,Rp4.160,4160.0
air-mineral,Amidis Air Mineral Pet 600Ml,Rp3.730,3730.0
air-mineral,PRIM-A PET 600 ML,Rp3.090,3090.0
air-mineral,AQUVIVA AIR MINERAL BOTOL 700 ML - Hypermart,Rp3.950,3950.0
air-mineral,AQUVIVA AIR MINERAL BOTOL 700 ML - Hypermart,Rp3.950,3950.0
air-mineral,Acqua Panna 250ml Natural Mineral Water [ Dus isi 24 Botol Kaca ],Rp792.540,792540.0
air-mineral,VIT AIR MINERAL BTL 1500 GR,Rp4.590,4590.0
air-mineral,AQUA CLICK & GO 750ML,Rp6.590,6590.0
air-mineral,Aqua Air Mineral Botol Isi 600 Ml,Rp4.400,4400.0
air-mineral,VIT AIR MINERAL BTL 550ML,Rp2.660,2660.0
air-mineral,PRISTINE WATER 400ML - AIR MINERAL,Rp4.650,4650.0
air-mineral,NESTLE PURE LIFE 1500ML BD 6,Rp32.990,32990.0
air-mineral,AQUA CLICK & GO 750ML - AIR MINERAL,Rp7.480,7480.0
air-mineral,FIJI NATURAL ARTESIAN WATER 330ml,Rp25.000,25000.0
air-mineral,PAKET 6 KARTON HURA CUP 200ML,Rp115.200,115200.0
air-mineral,LE MINERALE 600 ML - AIR MINERAL,Rp3.000,3000.0
air-mineral,PRISTINE WATER 600 ML - AIR MINERAL,Rp5.150,5150.0
air-mineral,Fiji 1000ml PET Still Mineral Water [ Dus isi 12 Botol Plastik ],Rp738.000,738000.0
air-mineral,RON88 380ml PET Still Mineral Water [ Dus isi 24 Botol Plastik ],Rp46.667,46667.0
air-mineral,RON88 600ml PET Natural Mineral Water [ Dus isi 24 Botol Plastik ],Rp54.117,54117.0
air-mineral,Aqua Reflections Natural Mineral Water 380ml [ Dus isi 12 Botol Kaca ],Rp210.000,210000.0
air-mineral,Equil 760ml Sparkling Mineral Water [ Dus isi 6 Botol Kaca ],Rp266.400,266400.0
air-mineral,Acqua Panna 500ml PET Natural Mineral Water [ Dus isi 24 Botol ],Rp792.540,792540.0
air-mineral,EQUITY WATER 1500 ML,Rp20.600,20600.0
air-mineral,VIT AIR MINERAL BTL 1500 GR,Rp4.590,4590.0
air-mineral,AMIDIS AIR MINERAL PET 1500ML,Rp6.410,6410.0
air-mineral,VIT AIR MINERAL BTL 1500 GR,Rp4.590,4590.0
air-mineral,Le Minerale 600Ml,Rp3.950,3950.0
air-mineral,NESTLE PURE LIFE AIR MINERAL 600 ML,Rp4.558,4558.0
air-mineral,Aqua Air Mineral Btl 330 Ml,Rp2.450,2450.0
air-mineral,VP Drinking Water 600 Ml Btl,Rp3.210,3210.0
air-mineral,Aqua Air Mineral Btl 600 Ml,Rp3.850,3850.0
air-mineral,LE MINERALE 600ML - AIR MINERAL,Rp3.730,3730.0
air-mineral,AQUA AIR MINERAL BTL 330 ML,Rp2.450,2450.0
air-mineral,AMIDIS AIR MINERAL PET 600ML,Rp3.100,3100.0
air-mineral,NESTLE PURE LIFE 24 X 330 ML KARTON,Rp60.230,60230.0
air-mineral,AMIDIS AIR MINERAL PET 1500ML,Rp6.200,6200.0
air-mineral,PRISTINE WATER 400ML - AIR MINERAL,Rp4.150,4150.0
air-mineral,CRYSTALLINE AIR MINERAL 330ML,Rp2.300,2300.0
air-mineral,PRISTINE WATER 600 ML,Rp5.660,5660.0
air-mineral,AMIDIS AIR MINERAL PET 330 ML,Rp3.410,3410.0
air-mineral,Oasis+ 500ml PET Natural Mineral Water [ Dus isi 24 Botol Plastik ],Rp128.667,128667.0
air-mineral,AQUA AIR MINERAL 330 ML BOTOL,Rp3.798,3798.0
air-mineral,CRYSTALLINE AIR MINERAL 330ML,Rp2.340,2340.0
air-mineral,AQUA AIR MINERAL BOTOL 24 X 600 ML KARTON - Hypermart,Rp74.140,74140.0
air-mineral,VIT AIR MINERAL BTL 1500 GR,Rp4.590,4590.0
air-mineral,AMIDIS AIR MINERAL PET 1500ML,Rp6.410,6410.0
air-mineral,VIT AIR MINERAL BTL 1500 GR,Rp4.590,4590.0
air-mineral,EQUITY WATER 1500 ML,Rp20.600,20600.0
air-mineral,NESTLE PURE LIFE AIR MINERAL 600 ML,Rp4.558,4558.0
air-mineral,Le Minerale 600Ml,Rp3.950,3950.0
air-mineral,Nestle Pure Life 600 Ml,Rp3.950,3950.0
air-mineral,"Perfect Alkaline Water Galon 10 Liter PH 9,5 (BELI 5 GALON GRATIS WATER PUMP)",Rp300.000,300000.0
air-mineral,NESTLE PURE LIFE 1500ML BD 6,Rp34.000,34000.0
air-mineral,LE MINERALE 600 ML - AIR MINERAL,Rp3.000,3000.0
air-mineral,Cleo 3D 550ml PET Natural Mineral Water [ Dus isi 24 Botol Plastik ],Rp74.167,74167.0
air-mineral,Cleo Praktis 1000ml PET Natural Mineral Water [ Dus isi 12 Botol Plastik ],Rp52.500,52500.0
air-mineral,PRIM-A PET 1500 ML,Rp6.730,6730.0
air-mineral,NESTLE PURE LIFE 600 ML,Rp3.730,3730.0
air-mineral,PRISTINE WATER 600 ML,Rp5.660,5660.0
air-mineral,Amidis Air Mineral Pet 600Ml,Rp4.910,4910.0
air-mineral,NESTLE PURE LIFE 1500 ML,Rp9.830,9830.0
air-mineral,AQUA AIR MINERAL 250 ML BOTOL,Rp4.695,4695.0
air-mineral,Oasis 1500ml PET Natural Mineral Water [ Dus isi 12 Botol Plastik ],Rp61.267,61267.0
air-mineral,AQUVIVA AIR MINERAL BOTOL 1600 ML - Hypermart,Rp9.510,9510.0
air-mineral,CRYSTALLINE AIR MINERAL 330ML,Rp3.950,3950.0
air-mineral,VIT AIR MINERAL CUP 200ML KTN,Rp30.900,30900.0
air-mineral,AQUA CLICK & GO 750ML,Rp9.400,9400.0
air-mineral,AMIDIS AIR MINERAL PET 330 ML,Rp2.660,2660.0
air-mineral,Le Minerale 600 Ml Isi 24,Rp99.120,99120.0
air-mineral,Sierra Botol 600 Ml .,Rp6.000,6000.0
air-mineral,EQUITY ORGANIQUE WATER 380 ML,Rp8.850,8850.0
air-mineral,CRYSTALLINE AIR MINERAL 330ML,Rp2.600,2600.0
air-mineral,PRIM-A PET 1500 ML,Rp6.000,6000.0
air-mineral,CRYSTALLINE AIR MINERAL 12 X 1500 ML KARTON - Hypermart,Rp71.700,71700.0
air-mineral,Oasis Cup 240ml Natural Mineral Water [ Dus isi 48 Cup Plastik ],Rp32.100,32100.0
air-mineral,Cleo Mini 3D Natural Mineral Water 220ml PET [ Dus isi 24 Botol Plastik ],Rp35.834,35834.0
air-mineral,Cleo Praktis 1000ml PET Still Mineral Water [ Dus isi 12 Botol Plastik ],Rp52.500,52500.0
air-mineral,Fiji 500ml PET Still Mineral Water [ Dus isi 24 Botol Plastik ],Rp841.000,841000.0
air-mineral,Equil 380ml Sparkling Mineral Water [ Dus isi 12 Botol Kaca ],Rp355.200,355200.0
air-mineral,AQUVIVA AIR MINERAL BOTOL 700 ML - Hypermart,Rp3.840,3840.0
air-mineral,Crystalline Air Mineral 600Ml,Rp3.630,3630.0
air-mineral,AQUVIVA AIR MINERAL BOTOL 1600 ML - Hypermart,Rp7.260,7260.0
air-mineral,AQUA CLICK & GO 750ML,Rp6.840,6840.0
air-mineral,Le Minerale Water Pet 330Ml,Rp2.660,2660.0
air-mineral,4 PCS - Fruitamin Cocobit Guava 350 mL,Rp33.960,33960.0
air-mineral,Evian Glass Natural Mineral Water 750ml [ Dus isi 12 Botol Kaca ] JNE Cargo Termasuk Packing Kayu,Rp888.000,888000.0
air-mineral,Pristine 8.6+ 600ml PET Alkaline Mineral Water [ Dus isi 24 Botol Plastik ],Rp129.000,129000.0
air-mineral,Fiji 1500ml PET Still Mineral Water [ Dus isi 12 Botol Plastik ],Rp820.000,820000.0
air-mineral,PRIM-A PET 600 ML,Rp3.090,3090.0
air-mineral,AQUA AIR MINERAL BOTOL 24 X 600 ML KARTON - Hypermart,Rp74.140,74140.0
air-mineral,CRYSTALLINE AIR MINERAL 330ML,Rp2.340,2340.0
air-mineral,ADES NATURAL 600 ML,Rp3.950,3950.0
air-mineral,LE MINERALE PET 1500 ML - AIR MINERAL,Rp5.050,5050.0
air-mineral,Aqua Air Mineral Btl 600 Ml,Rp3.850,3850.0
air-mineral,Acqua Panna Natural Mineral Water 1000ml PET [ Dus isi 12 Botol Plastik ],Rp632.145,632145.0
air-mineral,LE MINERALE AIR MINERAL PET 1500 ML,Rp6.410,6410.0
air-mineral,LE MINERALE 600ML - AIR MINERAL,Rp3.730,3730.0
air-mineral,RON88 Natural Mineral Water 240ml PET [ Dus isi 24 Botol Plastik ],Rp32.000,32000.0
bubuk-minuman-lainnya,BEVERIX Teh Kekinian Lemon Tea 500 GR - Serbuk Minuman Teh Premium 2IN1 Rasa Lemon Tea,Rp46.000,46000.0
bubuk-minuman-lainnya,Arnav Charcoal Powder Drink 1 Kg - Bubuk Minuman Arang Karbon Aktiv,Rp138.000,138000.0
bubuk-minuman-lainnya,JAPO Bubuk Minuman Choco Mix 1 Kg,Rp66.000,66000.0
bubuk-minuman-lainnya,OMURA Bubuk Minuman Premium Rasa Durian / Duren 100 Gram Halal & BPOM Blend Powder,Rp20.000,20000.0
bubuk-minuman-lainnya,VEGETA HERBAL RASA ANGGUR 5 GRAM HANGER 12 SACHET,Rp49.362,49362.0
bubuk-minuman-lainnya,OMURA Bubuk Minuman Premium Rasa Kurma 500 Gr Omura Blend Powder,Rp41.000,41000.0
bubuk-minuman-lainnya,OMURA Bubuk Minuman Premium Rasa Kurma 1 Kg / 1000 Gram Omura Blend Powder,Rp68.000,68000.0
bubuk-minuman-lainnya,FLIMTY RASA RASPBERRY 15 GRAM BOX 16 SACHET,Rp297.950,297950.0
bubuk-minuman-lainnya,Bubuk Minuman Rasa Pandan Powder Drink Varian Rasa Pandan,Rp75.000,75000.0
bubuk-minuman-lainnya,JAPO Bubuk Minuman Mango Plain 1 Kg,Rp83.000,83000.0
bubuk-minuman-lainnya,JAPO Bubuk Minuman Vanila Original 500 gr,Rp33.000,33000.0
bubuk-minuman-lainnya,Minuman Herbal Jahe Merah Al Wafa Serbuk Toples 330gr,Rp29.900,29900.0
bubuk-minuman-lainnya,OMURA Blend Bubuk Minuman Rasa Pink Bubble Gum Powder Drink 1 Kg Omura Powder,Rp68.000,68000.0
bubuk-minuman-lainnya,HOTTO MAME - 3 SACHET 90 GRAM - MULTIGRAIN WITH EDAMAME,Rp75.000,75000.0
bubuk-minuman-lainnya,Hard Matcha Ice Cream Dessert / Bubuk Es Krim Rasa Green Tea 250 GR,Rp48.025,48025.0
bubuk-minuman-lainnya,MAXFOOD - [25 KG] Teh Solo Powder Drink / Bubuk Minuman Rasa Teh Solo,Rp1.747.500,1747500.0
bubuk-minuman-lainnya,OMURA Bubuk Minuman Premium Rasa Teh Solo / Teh Manis 1 Kg Isi 2 Pcs Mix Gula Instant Powder Drink,Rp134.000,134000.0
bubuk-minuman-lainnya,MultiBev Lemongrass Powder 1Kg - Bubuk Minuman Rasa Daun Serai cocok untuk Horeca,Rp75.000,75000.0
bubuk-minuman-lainnya,Bubuqu Mochaccino Powder Drink 1 Kg - Minuman Bubuk Instan Mocaccino,Rp62.000,62000.0
bubuk-minuman-lainnya,Lychee Tea Powder Drink Bubuqu 1 Kg - Minuman Bubuk Teh Leci,Rp61.999,61999.0
bubuk-minuman-lainnya,Powder Drink Red Velvet Bubuqu 1 Kg - Bubuk Minuman Kue Red Velvet,Rp72.440,72440.0
bubuk-minuman-lainnya,Edamfit Edamame Instant Cereal 250gr - Membantu Redakan Gerd & Asam Lambung - 1 Pouch,Rp80.080,80080.0
bubuk-minuman-lainnya,Blackcurrant Powder Drink Bubuqu 1 Kg - Bubuk Minuman Anggur Hitam,Rp54.500,54500.0
bubuk-minuman-lainnya,Taro Powder Drink Arnav 1 Kg - Minuman Bubuk Talas Ungu Premium,Rp115.425,115425.0
bubuk-minuman-lainnya,Bubuk Minuman Rasa Teh Susu 500 GR / Milk Tea 500 GR,Rp57.550,57550.0
bubuk-minuman-lainnya,Bubuk Minuman Premium Rasa Strawberry Serbuk Minuman Premium Strawberry,Rp110.000,110000.0
bubuk-minuman-lainnya,Powder Topping Minuman Powder,Rp113.000,113000.0
bubuk-minuman-lainnya,Es Teh Poci Sakura Matcha Latte Carton Pack (1 karton isi 15 renteng),Rp380.000,380000.0
bubuk-minuman-lainnya,OMURA Blend Bubuk Minuman Rasa Apple Tea / Teh Apel Powder Drink 1 Kg Omura Powder,Rp68.000,68000.0
bubuk-minuman-lainnya,OHIMEN MINUMAN SERBUK RASA APEL 3 GRAM SACHET,Rp201.657,201657.0
bubuk-minuman-lainnya,NutriSari Jeruk Manis 40 Sachet - Minuman Jeruk Vitamin C Vitamin D,Rp59.900,59900.0
bubuk-minuman-lainnya,Buy Scrubber Minuman Serat Dus Jeruk 6's 7.1 Gr (Paket isi 4) Free Tumbler,Rp72.000,72000.0
bubuk-minuman-lainnya,Adem Sari Ching Ku Botol 1 Karton,Rp261.400,261400.0
bubuk-minuman-lainnya,Adem Sari Dus dan Scrubber Jeruk Dus,Rp39.800,39800.0
bubuk-minuman-lainnya,Bubuk Minuman Premium Rasa BLACK CHOCO GRANULE 1Kg JBD | Jakarta Bubble Drink | HALAL&BPOM,Rp90.000,90000.0
bubuk-minuman-lainnya,Powder Minuman Varian TEA 500 Gr | Jakarta Bubble Drink,Rp77.000,77000.0
bubuk-minuman-lainnya,Bubuk Minuman Premium Rasa BISCUIT BANANA 1Kg JBD | Jakarta Bubble Drink | HALAL&BPOM,Rp65.100,65100.0
bubuk-minuman-lainnya,SELAKSA MAKNA Jahe Merah Original 100gr Paket 2 Pcs Gula Gula Gula,Rp70.000,70000.0
bubuk-minuman-lainnya,"Mganik Superfood Labu Kuning 500gr - Ramuan Superfood Diabetes & Nutrisi, 20 Sachet @25gr",Rp299.000,299000.0
bubuk-minuman-lainnya,MGANIK METAFIBER 252 Gr Gram 42 Serving Minuman Serat Fiber Untuk Diab,Rp299.000,299000.0
bubuk-minuman-lainnya,OMURA Blend Bubuk Minuman Premium Rasa Melon Squash Tanpa Susu Powder Drink 500 Gr Omura Powder,Rp41.000,41000.0
bubuk-minuman-lainnya,MSH Daun Bayam Murni Bubuk,Rp105.550,105550.0
bubuk-minuman-lainnya,OMURA Bubuk Minuman Premium Rasa Durian / Duren 500 Gram Halal & BPOM Blend Powder,Rp41.000,41000.0
bubuk-minuman-lainnya,Bubuk Minuman Rasa Choco Biscuit/Chcolate Biskuit 1 KG Omura Blend,Rp68.000,68000.0
bubuk-minuman-lainnya,Orange Powder Drink Bubuqu 1 Kg - Minuman Bubuk Jeruk,Rp54.500,54500.0
bubuk-minuman-lainnya,NUTRISARI AUSTRALIAN LIME 11 GR X 10 PCS,Rp19.600,19600.0
bubuk-minuman-lainnya,JAPO Bubuk Minuman Choco Malt 1 Kg,Rp67.000,67000.0
bubuk-minuman-lainnya,Bubuk Minuman Rasa Milk Tea / Milktea 500 Gr Omura Blend,Rp41.000,41000.0
bubuk-minuman-lainnya,XTRAT Xocollat Chocolate Drink - Minuman Cokelat 1 kg,Rp140.000,140000.0
bubuk-minuman-lainnya,OMURA Blend Bubuk Minuman Rasa Jagung Manis / Sweet Corn Powder Drink 500 GR Omura Powder,Rp36.000,36000.0
bubuk-minuman-lainnya,OMURA Bubuk Minuman Premium Rasa Lychee Tea / Teh Leci 500 Gram Halal & BPOM Blend Powder,Rp41.000,41000.0
bubuk-minuman-lainnya,OMURA Bubuk Minuman Premium Rasa Chocolate / Coklat / Cokelat 100 Gram Halal & BPOM Blend Powder,Rp20.000,20000.0
bubuk-minuman-lainnya,Bubuk Minuman King Powder Rasa Choco Tobblerone,Rp53.000,53000.0
bubuk-minuman-lainnya,Mamacia Treats Krimer Bubuk / Creamer Powder Premium Non Dairy 50 gr,Rp20.500,20500.0
bubuk-minuman-lainnya,JSR KEBAS KESEMUTAN - BUMI ORGANIK. JURU SEHAT RASULULLAH PACK MUDAH DIMINUM,Rp35.816,35816.0
bubuk-minuman-lainnya,JAPO Bubuk Minuman Vanila Original 1 Kg,Rp63.000,63000.0
bubuk-minuman-lainnya,Bubuk Minuman Es Sticky Milk Premium Rasa Coffee Caramel / Kopi Karamel 1 Kg Mengandung Gula Susu Dan Krimer Es Kwentel Omura Powder Drink,Rp68.000,68000.0
bubuk-minuman-lainnya,Jakarta Selatan,Rp35.900,35900.0
bubuk-minuman-lainnya,Matcha Latte Powder 800 Gram - Bubuk Minuman Teh Hijau Otten Coffee cocok untuk Horeca,Rp205.000,205000.0
bubuk-minuman-lainnya,Steva Indonesia,Rp59.200,59200.0
bubuk-minuman-lainnya,AMH Jahe Merah Herbal - 5 Sachet,Rp9.700,9700.0
bubuk-minuman-lainnya,Bubuqu Powder Drink Chocolate Milk - Bubuk Minuman Cokelat Susu 1 Kg,Rp72.439,72439.0
bubuk-minuman-lainnya,OMURA Blend Bubuk Minuman Rasa Pink Bubble Gum Powder Drink 1 Kg Omura Powder,Rp68.000,68000.0
bubuk-minuman-lainnya,Mocha Powder 800gr - Bubuk Minuman Moka Otten Coffee cocok untuk Horeca,Rp155.000,155000.0
bubuk-minuman-lainnya,Delifru Matcha Premium Grade Powder Drink 500 Gr - Bubuk Minuman Matcha Premium,Rp339.610,339610.0
bubuk-minuman-lainnya,Otten - Lemon Tea Powder Drink / Bubuk Minuman Serbuk Teh Rasa Lemon - 1 Kg,Rp99.000,99000.0
bubuk-minuman-lainnya,Otten - Blackcurrant Tea Powder Drink / Bubuk Minuman Serbuk Teh Rasa Blackcurrant - 1 Kg,Rp99.000,99000.0
bubuk-minuman-lainnya,[BUBUK CHOCO FRUIT] JBD Bubuk Minuman Buah COKLAT Premium 1 KG | Powder Non Gula | Halal & BPOM,Rp115.000,115000.0
bubuk-minuman-lainnya,SAMPLE Bubuk Minuman Premium Rasa STRAWBERRY HALAL 20gr Siap Seduh | Jakarta Bubble Drink,Rp2.400,2400.0
bubuk-minuman-lainnya,[BUBUK REKOMENDASI TAKJIL RAMADHAN] Bubuk Minuman Premium 1kg ANEKA VARIAN RASA,Rp85.000,85000.0
bubuk-minuman-lainnya,JBD Premium VANILLA Bubuk Minuman Rasa VANILLA 500gram BPOM HALAL,Rp45.000,45000.0
bubuk-minuman-lainnya,TRIVICO Strawberry Powder 100gr Strawberry Bubuk Food Grade Minuman Dessert Smoothie 100gr Premium,Rp99.999,99999.0
bubuk-minuman-lainnya,Arnav Powder Drink Matcha Latte - Bubuk Minuman Matcha Susu 1 Kg,Rp114.895,114895.0
bubuk-minuman-lainnya,Bubuk Minuman Es Sticky Milk Premium Rasa Banana / Pisang Susu Korea 1 Kg Mengandung Gula Susu Dan Krimer Es Kwentel Omura Powder Drink,Rp68.000,68000.0
bubuk-minuman-lainnya,OMURA Bubuk Minuman Premium Rasa Passion Fruit Tea / Teh Markisa 1 Kg / 1000 Gram Halal & BPOM Blend Powder,Rp68.000,68000.0
bubuk-minuman-lainnya,JAPO Bubuk Minuman Apple Tea 500 gr,Rp33.000,33000.0
bubuk-minuman-lainnya,Nutrisari Australian Lim Fc 11 Grx10Pcs,Rp19.600,19600.0
bubuk-minuman-lainnya,Bubuk Daun Kelor Serbuk Alami Original Sherin Moringa Oleifera Pure Organic,Rp40.000,40000.0
bubuk-minuman-lainnya,FiberCreme Sachet 20 gr - 3 Pcs,Rp15.800,15800.0
bubuk-minuman-lainnya,Bubuqu Powder Drink Bubble Gum - Bubuk Minuman Permen Karet 1 Kg,Rp60.775,60775.0
bubuk-minuman-lainnya,NUTRISARI AMERICAN ORANGE 10 PCS X 12 GR,Rp24.600,24600.0
bubuk-minuman-lainnya,OMURA Bubuk Macchiato Cream Cheese Premium 1 Kg | Topping Minuman Instant | Foam Keju Powder,Rp115.000,115000.0
bubuk-minuman-lainnya,MultiBev - Minuman Bubuk Red Velvet Powder 1Kg,Rp75.000,75000.0
bubuk-minuman-lainnya,NUTRISARI AUSTRALIAN LIME 11 GR X 10 PCS,Rp19.600,19600.0
bubuk-minuman-lainnya,MAX TEA TEA TARIK 24X5X25 GR,Rp13.790,13790.0
bubuk-minuman-lainnya,AMH Jahe Merah Herbal 1 renceng - (10 Sachet),Rp20.000,20000.0
bubuk-minuman-lainnya,Herbilogy Beet Extract Powder 75 gr - Bubuk Ekstrak Buah Bit,Rp116.800,116800.0
bubuk-minuman-lainnya,Bubuk Gelato Rasa Matcha Greentea 1 KG / Gelato Powder Matcha 1 KG,Rp157.100,157100.0
bubuk-minuman-lainnya,Maxfood - Soft Dark Chocolate Ice Cream / Bubuk Es Krim Rasa Dark Coklat 1 KG,Rp176.100,176100.0
bubuk-minuman-lainnya,OMURA Bubuk Minuman Premium Rasa Avocado 500 Gram Halal & BPOM Blend Powder,Rp36.000,36000.0
bubuk-minuman-lainnya,Powder Drink Green Apple Bubuqu 1 Kg - Bubuk Minuman Apel Hijau,Rp54.500,54500.0
bubuk-minuman-lainnya,Pop Ice Milk Shake Powder Rasa Yoghurt Stroberi | Renceng - 25gr x 10 Sachet,Rp14.522,14522.0
bubuk-minuman-lainnya,Tropicana Slim Salted Caramel Cocoa 4 Sachet,Rp26.700,26700.0
bubuk-minuman-lainnya,Adem Sari Larutan Penyejuk Dus 5'S 2 pcs x7Gr,Rp41.500,41500.0
bubuk-minuman-lainnya,"Mganik Superfood Labu Kuning 500gr - Ramuan Superfood Diabetes & Nutrisi, 20 Sachet @25gr",Rp289.000,289000.0
bubuk-minuman-lainnya,Primaline Vanilla 800gr - Minuman Powder Premium,Rp53.000,53000.0
bubuk-minuman-lainnya,MultiBev - Creamer Powder 1Kg - Minuman Bubuk Krimer | Sirup Halal Minuman Kekinian ala Kafe,Rp65.000,65000.0
bubuk-minuman-lainnya,Taro Creme Powder 800gr - Bubuk Minuman Rasa Taro Otten Coffee cocok untuk Horeca,Rp160.000,160000.0
bubuk-minuman-lainnya,Pop Ice Milk Shake Powder Rasa Choco Cheese | Renceng - 23gr x 10 Sachet,Rp14.522,14522.0
bubuk-minuman-lainnya,New Arrival Day OMURA Blend Bubuk Minuman Rasa Teh Kurma 1 Kg Mengandung Gula Halal BPOM Powder Drink Omura Powder,Rp67.000,67000.0
bubuk-minuman-lainnya,Vegeta Herbal 6S,Rp22.650,22650.0
bubuk-minuman-lainnya,OMURA Bubuk Minuman Premium Rasa Choco Hazelnut / Coklat Kacang Hazel 100 Gram Halal & BPOM Blend Powder,Rp20.000,20000.0
bubuk-minuman-lainnya,NUTRISARI AUSTRALIAN LIME 11 GR X 10 PCS,Rp21.390,21390.0
bubuk-minuman-lainnya,New Arrival Day OMURA Blend Bubuk Minuman Rasa Teh Kurma 500 Gram Mengandung Gula Halal BPOM Blend Drink Omura Powder,Rp41.000,41000.0
bubuk-minuman-lainnya,OMURA Bubuk Minuman Premium Rasa Permen Karet 100 Gram Halal & BPOM Blend Powder,Rp20.000,20000.0
bubuk-minuman-lainnya,OMURA Bubuk Minuman Premium Rasa Dark Chocolate / Coklat 100 Gram Halal & BPOM Blend Powder,Rp20.000,20000.0
bubuk-minuman-lainnya,SELAKSA MAKNA Jahe Merah Paket Kencur dan Lemon,Rp75.000,75000.0
bubuk-minuman-lainnya,OMURA Bubuk Minuman Premium Rasa Anggur Blackcurrant 500 Gram Halal & BPOM Blend Powder,Rp41.000,41000.0
bubuk-minuman-lainnya,JAPO Bubuk Minuman Rasa Lemonade 500 gr,Rp33.000,33000.0
bubuk-minuman-lainnya,[TANPA GULA] Bubuk Minuman Non Gula Rasa Choco Hazelnut / Coklat Hazelnut 250 Gram Tanpa Gula Halal BPOM IPP Premium Plain Omura Powder,Rp30.000,30000.0
bubuk-minuman-lainnya,JAPO Bubuk Minuman Redvelvet Plain 1 Kg,Rp83.000,83000.0
bubuk-minuman-lainnya,TONG TJI LEMON TEA 15 S X 2 GR,Rp27.800,27800.0
bubuk-minuman-lainnya,Bubuk Minuman Es Sticky Milk Premium Rasa Chocolate / Cokelat / Coklat 1 Kg Mengandung Gula Susu Dan Krimer Es Kwentel Omura Powder,Rp68.000,68000.0
bubuk-minuman-lainnya,OMURA Blend Bubuk Minuman Rasa Strawberry Tea / Teh Stroberi Powder Drink 500 GR Omura Powder,Rp41.000,41000.0
bubuk-minuman-lainnya,OMURA Blend Bubuk Minuman Premium Rasa Strawberry Squash Tanpa Susu Powder Drink 500 Gr Omura Powder,Rp41.000,41000.0
bubuk-minuman-lainnya,Bubuk Minuman Es Sticky Milk Premium Rasa Creamy Cappuccino 1 Kg Mengandung Gula Susu Dan Krimer Es Kwentel Omura Powder Drink,Rp68.000,68000.0
bubuk-minuman-lainnya,Mango Powder Drink Bubuqu 1 Kg - Minuman Bubuk Mangga,Rp54.500,54500.0
bubuk-minuman-lainnya,Dark Choco Powder Drink Bubuqu 1 Kg - Minuman Bubuk Cokelat,Rp55.870,55870.0
bubuk-minuman-lainnya,Matchamu Matcha Komorebi Powder 15gr,Rp24.400,24400.0
bubuk-minuman-lainnya,[BUBBLE GUM SERIES] Bubuk Minuman Premium Rasa Permen Karet 1 KG 500 GRAM Halal BPOM Blend Powder,Rp120.000,120000.0
bubuk-minuman-lainnya,mGanik Metafiber Suplemen Serat 450gr rasa Leci,Rp299.000,299000.0
bubuk-minuman-lainnya,Herbilogy PlantPro Powder - Unflavored 280g,Rp292.800,292800.0
bubuk-minuman-lainnya,Denali Frappe Powder Flavoured Heavenly Tiramisu Bubuk Minuman,Rp111.500,111500.0
bubuk-minuman-lainnya,Vegeta Herbal Dus 3x6'S & Adem Sari Dus 3x5's,Rp118.600,118600.0
bubuk-minuman-lainnya,Beorganik Kale Powder / Sayur Kale Bubuk Asli Organik 65gr,Rp73.840,73840.0
bubuk-minuman-lainnya,AMH Jahe Merah Herbal - 5 Sachet,Rp9.700,9700.0
bubuk-minuman-lainnya,Bubuqu Powder Drink Chocolate Milk - Bubuk Minuman Cokelat Susu 1 Kg,Rp72.439,72439.0
bubuk-minuman-lainnya,OMURA Blend Bubuk Minuman Rasa Pink Bubble Gum Powder Drink 1 Kg Omura Powder,Rp68.000,68000.0
bubuk-minuman-lainnya,Mocha Powder 800gr - Bubuk Minuman Moka Otten Coffee cocok untuk Horeca,Rp155.000,155000.0
bubuk-minuman-lainnya,Delifru Matcha Premium Grade Powder Drink 500 Gr - Bubuk Minuman Matcha Premium,Rp339.610,339610.0
bubuk-minuman-lainnya,￼Homelab Pure Uji Matcha Japan - Bubuk Pure Matcha 200 Gram,Rp252.990,252990.0
bubuk-minuman-lainnya,[BUNDLING 3 RENCENG] Tong Tji Tematik Teh Tarik Renceng isi 10 Sachet - Powder Drink (Minuman Serbuk Instant),Rp76.050,76050.0
bubuk-minuman-lainnya,MAXFOOD - Korean Banana Milkshake / Bubuk Minuman Serbuk Rasa Susu Pisang,Rp65.050,65050.0
bubuk-minuman-lainnya,Laoats Susu Almond Milkins Powder Drink,Rp40.845,40845.0
bubuk-minuman-lainnya,[Beli Banyak Lebih Hemat! Paket Bubuk Minuman - Diskon GILA] Bubuk Minuman PREMIUM Aneka RASA | Powder CHOCO Drink Instan 1KG,Rp80.000,80000.0
bubuk-minuman-lainnya,SAMPLE Bubuk Minuman Premium Rasa LYCHEE HALAL 20gr Siap Seduh | Jakarta Bubble Drink,Rp2.400,2400.0
bubuk-minuman-lainnya,NARWASTU - SACRAMENTAL DRINK & HOSTI - LAST SUPER - BTN 002,Rp130.000,130000.0
bubuk-minuman-lainnya,CANGKIR MAS Jahe Merah Original 330 Gram Paket isi 3,Rp178.605,178605.0
bubuk-minuman-lainnya,OMURA Bubuk Minuman Premium Rasa Royal Chocolate / Coklat 100 Gram Halal & BPOM Blend Powder,Rp20.000,20000.0
bubuk-minuman-lainnya,[TANPA GULA] Bubuk Minuman Premium Non Gula Rasa Permen Karet / Bubble Gum 1 Kg Halal & BPOM IPP Premium Plain Omura Powder,Rp90.000,90000.0
bubuk-minuman-lainnya,OMURA Bubuk Minuman Premium Rasa Kelapa Kopyor / Pink Lava 1 Kg / 1000 Gram Halal & BPOM Blend Powder,Rp68.000,68000.0
bubuk-minuman-lainnya,Paket Susu Jahe Merah 41 - (3 renceng),Rp52.000,52000.0
bubuk-minuman-lainnya,JAPO Bubuk Minuman Rasa Taro 1 Kg,Rp63.000,63000.0
bubuk-minuman-lainnya,Vanilla Powder Drink Bubuqu 1 Kg - Minuman Bubuk Vanila,Rp58.900,58900.0
bubuk-minuman-lainnya,OMURA Bubuk Macchiato Premium Rasa Vanilla 500 Gram | Topping Minuman Instant | Machiato Foam Powder,Rp63.000,63000.0
bubuk-minuman-lainnya,Bubuk Minuman King Powder Rasa Blackforrest Serbuk Minuman Blackforrest,Rp109.000,109000.0
bubuk-minuman-lainnya,Avocado Powder Drink Arnav 1 Kg - Minuman Bubuk Alpukat Premium,Rp121.500,121500.0
bubuk-minuman-lainnya,Arnav Cereal Corn Flake Powder Drink 1 kg,Rp138.000,138000.0
bubuk-minuman-lainnya,VEGETA HERBAL RASA ANGGUR 5 GRAM HANGER 12 SACHET,Rp56.319,56319.0
bubuk-minuman-lainnya,OMURA Blend Bubuk Minuman Rasa Green Tea / Matcha Powder Drink 1 Kg Omura Powder,Rp68.000,68000.0
bubuk-minuman-lainnya,JAPO Bubuk Minuman Lychee Tea 1 Kg,Rp63.000,63000.0
bubuk-minuman-lainnya,JAPO Bubuk Minuman Choco Hazelnut 500 gr,Rp36.000,36000.0
bubuk-minuman-lainnya,D'Lanier Chocolate Powder Drink Intense - 1kg,Rp305.000,305000.0
bubuk-minuman-lainnya,AmsterGoat Susu Kambing Bubuk 250G Bisa COD - by nabawiherbal,Rp85.000,85000.0
bubuk-minuman-lainnya,Vegeta Herbal 2 pcs+ Adem Sari Dus 5's + Free Tumblr,Rp57.300,57300.0
bubuk-minuman-lainnya,NutriSari Less Sugar Jeruk Sonkit 40 sachet - Jeruk Sonkit Lebih Rendah Gula,Rp65.000,65000.0
bubuk-minuman-lainnya,Tiramisu Milkshake / Bubuk Minuman Rasa Tiramisu 1 KG,Rp151.100,151100.0
bubuk-minuman-lainnya,Pop Ice Sultan Milk Shake Powder Rasa Italian Chocolate | 25gr x 10 Sachet,Rp14.522,14522.0
bubuk-minuman-lainnya,Natural Blanched Almond Powder / Almond Bubuk 1000 gr,Rp227.900,227900.0
bubuk-minuman-lainnya,MAX TEA TEA TARIK 24X5X25 GR,Rp13.790,13790.0
bubuk-minuman-lainnya,Lemumine Goalmond Etawa Powder Drink 1KG,Rp120.000,120000.0
bubuk-minuman-lainnya,MORIFA Blue Butterfly Pea Powder - Bubuk Bunga Telang Halus Organik Natural 20gr,Rp49.500,49500.0
bubuk-minuman-lainnya,Mocha Powder 800gr / Bubuk Minuman Moka Otten Coffee cocok untuk Horeca,Rp155.000,155000.0
bubuk-minuman-lainnya,Bubuk / Hojicha Powder Premium Grade - 1kg,Rp645.990,645990.0
bubuk-minuman-lainnya,SAMPLE Bubuk Minuman Premium Rasa CARAMELLO HALAL 20gr Siap Seduh | Jakarta Bubble Drink,Rp2.400,2400.0
bubuk-minuman-lainnya,SAMPLE Bubuk Minuman Premium Rasa CHOCO SIGNATURE HALAL 20gr Siap Seduh | Jakarta Bubble Drink,Rp3.800,3800.0
bubuk-minuman-lainnya,SAMPLE Bubuk Minuman Premium Rasa LEMON TEA HALAL 20gr Siap Seduh | Jakarta Bubble Drink,Rp2.400,2400.0
bubuk-minuman-lainnya,SAMPLE Bubuk Minuman Premium Rasa GRAPE HALAL 20gr Siap Seduh | Jakarta Bubble Drink,Rp2.400,2400.0
bubuk-minuman-lainnya,[PAKET BUAH FRUITY] Bubuk Minuman 1Kg – Varian Rasa BUAH FRUITY | Jakarta Bubble Drink POWDER,Rp80.000,80000.0
bubuk-minuman-lainnya,Healthy Choice Red Ginger Drink 300 gr Alami Gula Jahe Merah untuk Kesehatan Tubuh & Hangat Badan,Rp69.030,69030.0
bubuk-minuman-lainnya,OMURA Bubuk Minuman Premium Rasa Nanas / Pineapple 1 Kg / 1000 Gram Halal & BPOM Blend Powder,Rp68.000,68000.0
bubuk-minuman-lainnya,Bubuk Minuman Es Sticky Milk Premium Rasa Thai Tea 1 Kg Mengandung Gula Susu Dan Krimer Es Kwentel Omura Powder,Rp68.000,68000.0
bubuk-minuman-lainnya,Bubuk Minuman King Powder Rasa Vanilla Blue,Rp64.500,64500.0
bubuk-minuman-lainnya,Bubuk Minuman King Powder Rasa Honey Tea Serbuk Minuman Teh Madu,Rp43.000,43000.0
bubuk-minuman-lainnya,Laoats Nutriside Powder Drink,Rp37.999,37999.0
bubuk-minuman-lainnya,Bubuk Minuman King Powder Rasa Watermelon Fruit Powder Drink Reguler Semangka,Rp43.000,43000.0
bubuk-minuman-lainnya,Mocha Powder 800gr - Bubuk Minuman Moka Otten Coffee cocok untuk Horeca,Rp155.000,155000.0
bubuk-minuman-lainnya,Royal Flakes Sereal Asam Lambung 250gr - Membantu Mengurangi Masalah Pencernaan - Halal & BPOM - Bubur Instan Umbi Garut Alami,Rp76.050,76050.0
bubuk-minuman-lainnya,Matchamu 3 pcs Matcha Maneki Powder 15gr,Rp27.600,27600.0
bubuk-minuman-lainnya,Powder Matcha Latte Bubuk La Terra 1 kg,Rp168.750,168750.0
bubuk-minuman-lainnya,NF CMP MINUMAN SERBUK DAUN MULBERRY,Rp229.900,229900.0
bubuk-minuman-lainnya,Beverix Powder Drink Bubuk Minuman Es Teh Jumbo Rasa Lemon Tea Ice Premium Kemasan 200 gram Serbuk Minuman Lemon Tea Murah Bebas Susu Rendah gula Rendah lemak Alami,Rp50.000,50000.0
bubuk-minuman-lainnya,Bubuk Minuman King Powder Rasa Mango Tea Serbuk Minuman Teh Mangga,Rp40.000,40000.0
bubuk-minuman-lainnya,Bubuk Minuman Rasa Teh Tarik 500 Gr Omura Blend,Rp41.000,41000.0
bubuk-minuman-lainnya,OMURA Bubuk Minuman Premium Rasa Mango / Mangga 100 Gram Halal & BPOM Blend Powder,Rp20.000,20000.0
bubuk-minuman-lainnya,Bali Hai Draft Beer Pint Minuman Bir 220 ml,Rp17.000,17000.0
bubuk-minuman-lainnya,Bubuk Minuman Es Sticky Milk Premium Rasa Pink Bubble Gum / Cotton Candy 500 Gram Mengandung Gula Susu Dan Krimer Es Kwentel Omura Powder Drink,Rp41.000,41000.0
bubuk-minuman-lainnya,Bubuk Minuman King Powder Rasa Pineapple Serbuk Minuman Nanas,Rp43.000,43000.0
bubuk-minuman-lainnya,Bubuk Minuman Premium Rasa Red Velvet Serbuk Minuman Premium Red Velvet,Rp110.000,110000.0
bubuk-minuman-lainnya,NUTRISARI AMERICAN ORG 10 PCS X 12 GR,Rp24.600,24600.0
bubuk-minuman-lainnya,Bubuqu Powder Drink Cookies & Cream - Bubuk Minuman Kue & Krim 1 Kg,Rp62.000,62000.0
bubuk-minuman-lainnya,Delifru Matcha Premium Grade Powder Drink 500 Gr - Bubuk Minuman Matcha Premium,Rp339.610,339610.0
bubuk-minuman-lainnya,Bubuqu Powder Drink Avocado Milk - Bubuk Minuman Alpukat Susu 1 Kg,Rp64.599,64599.0
bubuk-minuman-lainnya,Matchamu Abang Teh Tarik Pouch isi 30 sachet,Rp77.900,77900.0
bubuk-minuman-lainnya,"Bubuk Cappucino Premium, Premium Powder Cappucino, Bubuk Kopi Cappucino Premium",Rp124.000,124000.0
bubuk-minuman-lainnya,JAPO Bubuk Minuman Choco Caramel 500 gr,Rp36.000,36000.0
bubuk-minuman-lainnya,Pandan Latte Powder Drink Bubuqu 1 Kg - Minuman Bubuk Pandan Susu,Rp62.000,62000.0
bubuk-minuman-lainnya,mGanik Metafiber Travel Size Leci 7 Sachet vitamin untuk Diabetes,Rp79.000,79000.0
bubuk-minuman-lainnya,Bubuqu Powder Drink Watermelon Squash - Bubuk Minuman Semangka 1 Kg,Rp54.500,54500.0
bubuk-minuman-lainnya,Powder Drink Pandan Latte Bubuqu 1 Kg - Bubuk Minuman Pandan Susu,Rp62.000,62000.0
bubuk-minuman-lainnya,Powder Drink Matcha Green Tea Latte Bubuqu 1 Kg - Bubuk Minuman Teh Matcha Susu,Rp46.495,46495.0
bubuk-minuman-lainnya,PN1 5 Pouch (60 Sachet) FREE 1 Box (3 Sachet) - Minuman Tinggi Protein Tinggi Serat Multivitamin Rendah Gula Rendah Kalori Vegan Friendly A05,Rp1.494.000,1494000.0
bubuk-minuman-lainnya,Earl Grey Latte Powder Drink Arnav 1 Kg - Bubuk Minuman Earl Grey Susu Premium,Rp221.500,221500.0
bubuk-minuman-lainnya,NutriSari Peach Tea 160 sachet - Minuman Teh Rasa Buah Peach dengan Vitamin C & Vitamin D,Rp242.000,242000.0
bubuk-minuman-lainnya,Adem Sari Ching Ku Sparkling Lemon 1 Karton,Rp235.200,235200.0
bubuk-minuman-lainnya,Scrubber Minuman Serat Dus 6's 7.1 Gr Jeruk X2,Rp36.800,36800.0
bubuk-minuman-lainnya,Pop Ice Sultan Milk Shake Powder Rasa Popcorn Caramel | 25gr x 10 Sachet,Rp14.522,14522.0
bubuk-minuman-lainnya,Pop Ice Milk Shake Powder Rasa Sirsak | Renceng - 25gr x 10 Sachet,Rp13.796,13796.0
bubuk-minuman-lainnya,[Promo] Es teh Poci Gula Aren Carton Pack (1 karton isi 15 renteng),Rp380.000,380000.0
bubuk-minuman-lainnya,mGanik Metafiber Suplemen Serat 450gr Rasa Leci,Rp299.000,299000.0
bubuk-minuman-lainnya,JBD Premium BUBBLE GUM Bubuk Minuman Rasa BUBBLE GUM 500gram BPOM HALAL,Rp45.000,45000.0
bubuk-minuman-lainnya,JBD Premium TIRAMISU Bubuk Minuman Rasa TIRAMISU 500gram BPOM HALAL,Rp45.000,45000.0
bubuk-minuman-lainnya,[PAKET REGULER USAHA ES AQUARIUM] Bubuk Minuman JBD | Modal Kecil Bisnis Es Buah Lengkap SIAP JUALAN,Rp849.000,849000.0
bubuk-minuman-lainnya,SAMPLE Bubuk Minuman Premium Rasa TIRAMISU HALAL 20gr Siap Seduh | Jakarta Bubble Drink,Rp2.400,2400.0
bubuk-minuman-lainnya,"Wight Plus | (dapat 5 Serbuk) zuriat 125 Gram Al Madinah | Paket Promil Alami Serbuk Zuriat Original + Konsultasi Gratis & Ebook Promil | Bantu Kesuburan, Hormon & Siklus Haid",Rp155.393,155393.0
bubuk-minuman-lainnya,OMURA Bubuk Minuman Premium Rasa Kelapa Kopyor / Pink Lava 500 Gram Halal & BPOM Blend Powder,Rp41.000,41000.0
bubuk-minuman-lainnya,Suur Lemoen Matcha Powder / Bubuk Matcha 400 gr,Rp101.900,101900.0
bubuk-minuman-lainnya,Mister Halu Ginseng Botanikal Herbal Pria 1Box isi 5 Sachet,Rp261.250,261250.0
bubuk-minuman-lainnya,Jahe Merah Bubuk dari BUMIFARM Official,Rp24.717,24717.0
bubuk-minuman-lainnya,JAPO Bubuk Minuman Hazelnut 500 gr,Rp33.000,33000.0
bubuk-minuman-lainnya,Sweet Matcha Powder 1 Kg - Bubuk Minuman Teh Hijau Otten Coffee cocok untuk Horeca,Rp499.000,499000.0
bubuk-minuman-lainnya,Bubuk Minuman Rasa Mango Squash Tanpa Susu 1 Kg Omura Blend,Rp68.000,68000.0
bubuk-minuman-lainnya,JAPO Bubuk Minuman Dark Choco Cokelat Dark 1 Kg,Rp69.000,69000.0
bubuk-minuman-lainnya,Avocado Powder 800gr - Bubuk Minuman Otten Coffee cocok untuk Horeca,Rp160.000,160000.0
bubuk-minuman-lainnya,Sweet Matcha Powder 1 Kg - Bubuk Minuman Teh Hijau Otten Coffee cocok untuk Horeca,Rp499.000,499000.0
bubuk-minuman-lainnya,HOTTO PURTO MULTIGRAIN WITH PURPLE POTATO (16 SACHET / 1 POUCH),Rp290.000,290000.0
bubuk-minuman-lainnya,mganik SuperfoodLabu Kuning 20 Sachet - Minuman Superfood,Rp289.000,289000.0
bubuk-minuman-lainnya,Milk Tea Time Teh Tarik 15 pcs,Rp22.800,22800.0
bubuk-minuman-lainnya,Primaline Blackcurrant 800gr - Minuman Powder Premium,Rp53.000,53000.0
bubuk-minuman-lainnya,Paket 6 Bubuk Minuman Premium Matcha/Choco/Hojicha/Taro/Red Vel/Sakura,Rp510.990,510990.0
bubuk-minuman-lainnya,Maxfood - Bundle Bubuk Teh Minuman Rasa Buah Lemon Tea + Mango Tea 1 KG,Rp124.900,124900.0
bubuk-minuman-lainnya,AMH Susu Jahe Merah Herbal - 10 Sachet,Rp14.000,14000.0
bubuk-minuman-lainnya,Vegeta Scrubber (PAKET ISI 2) + Adem Sari Dus 12's Free Tumblr,Rp77.600,77600.0
bubuk-minuman-lainnya,Buy Vegeta Campuran Minuman 6'S Herbal 4.6 Gr (Paket isi 4) Free Tumbler,Rp74.500,74500.0
bubuk-minuman-lainnya,WRP 1 Month Diet Package - Paket Diet Hemat,Rp1.306.900,1306900.0
bubuk-minuman-lainnya,VEGETA HERBAL RASA ANGGUR 5 GRAM HANGER 12 SACHET,Rp48.274,48274.0
bubuk-minuman-lainnya,NUTRISARI AMERICAN ORANGE 10 PCS X 12 GR,Rp24.600,24600.0
bubuk-minuman-lainnya,Nutrisari American Org 10 Pcs X 12 Gr,Rp21.070,21070.0
bubuk-minuman-lainnya,Bubuk Minuman Es Sticky Milk Premium Rasa Pink Bubble Gum / Cotton Candy 1 Kg Mengandung Gula Susu Dan Krimer Es Kwentel Omura Powder Drink,Rp68.000,68000.0
bubuk-minuman-lainnya,Bubuk Minuman Es Sticky Milk Premium Rasa Choco Biscuit / Cookies n Cream 1 Kg Mengandung Gula Susu Dan Krimer Es Kwentel Omura Powder Drink,Rp68.000,68000.0
bubuk-minuman-lainnya,Grass Jelly Premix Powder Arnav 1 Kg - Bubuk Premix Cincau Premium,Rp116.000,116000.0
bubuk-minuman-lainnya,[TANPA GULA] Bubuk Minuman Tanpa Gula Rasa Teh Solo 1 Kg Halal BPOM IPP Plain No Sugar Omura Powder,Rp90.000,90000.0
bubuk-minuman-lainnya,Bubuk Minuman King Powder Rasa Cotton Candy,Rp33.000,33000.0
bubuk-minuman-lainnya,Mix Roots Original 60gr Astro Goods,Rp36.300,36300.0
bubuk-minuman-lainnya,BEVERIX Bubuk Sticky Milk Rasa Matcha Greentea 500 GR - Topping Minuman Kekinian Rasa Matcha Green Tea,Rp69.000,69000.0
bubuk-minuman-lainnya,Clifermile Susu Kambing Bubuk 200 G,Rp99.000,99000.0
bubuk-minuman-lainnya,Sido Muncul Jamu Komplit Pegal Linu isi 7gr x 20pcs - Membantu Meredakan Pegal Linu,Rp98.000,98000.0
bubuk-minuman-lainnya,Matchamu Abang Teh Tarik Pouch isi 30 sachet,Rp77.900,77900.0
bubuk-minuman-lainnya,Homelab 1Kg Bubuk Taro Latte / Ube Taro Latte Premium Grade Powder,Rp339.990,339990.0
bubuk-minuman-lainnya,Bubuk Minuman Rasa Mochacino / Mocha 1 Kg Omura Blend,Rp68.000,68000.0
bubuk-minuman-lainnya,"Fenugreek Klabet Bubuk FLOZINDO – Herbal Alami, Kontrol Gula Darah, Turunkan Kolesterol",Rp25.920,25920.0
bubuk-minuman-lainnya,Jakarta Selatan,Rp1.299.900,1299900.0
bubuk-minuman-lainnya,Bubuk Powder Minuman Varian Ice 500 Gr | Jakarta Bubble Drink,Rp45.000,45000.0
bubuk-minuman-lainnya,[PAKET COFFEE] Bubuk Minuman 1Kg – Varian Rasa COFFEE | Jakarta Bubble Drink POWDER,Rp70.000,70000.0
bubuk-minuman-lainnya,Bubuqu Powder Drink Cookies & Cream - Bubuk Minuman Kue & Krim 1 Kg,Rp62.000,62000.0
bubuk-minuman-lainnya,Delifru Matcha Premium Grade Powder Drink 500 Gr - Bubuk Minuman Matcha Premium,Rp339.610,339610.0
bubuk-minuman-lainnya,Bubuqu Powder Drink Avocado Milk - Bubuk Minuman Alpukat Susu 1 Kg,Rp64.599,64599.0
bubuk-minuman-lainnya,Matchamu Abang Teh Tarik Pouch isi 30 sachet,Rp77.900,77900.0
bubuk-minuman-lainnya,"Bubuk Cappucino Premium, Premium Powder Cappucino, Bubuk Kopi Cappucino Premium",Rp124.000,124000.0
bubuk-minuman-lainnya,[PAKET COFFEE] Bubuk Minuman 1Kg – Varian Rasa COFFEE | Jakarta Bubble Drink POWDER,Rp70.000,70000.0
bubuk-minuman-lainnya,Laoats Peach Gum Drink Powder,Rp45.999,45999.0
bubuk-minuman-lainnya,JSR BUNDLING DIYEET & GLOWING - BUMI ORGANIK,Rp72.700,72700.0
bubuk-minuman-lainnya,[TANPA GULA] Bubuk Minuman Premium Non Gula Rasa Red Velvet 1 Kg Halal & BPOM IPP Premium Plain Omura Powder,Rp90.000,90000.0
bubuk-minuman-lainnya,OMURA Blend Bubuk Minuman Premium Rasa Semangka / Watermelon Powder Drink 1 Kg Omura Powder,Rp68.000,68000.0
bubuk-minuman-lainnya,MAX TEA TEA TARIK 24X5X25 GR,Rp13.790,13790.0
bubuk-minuman-lainnya,Sari Temulawak 85 Instan Plus Madu Jeruk,Rp27.700,27700.0
bubuk-minuman-lainnya,"Jamu instan Jantung, Kolesterol, Darah Tinggi, Stroke, - Wedang Uwuh Jayyida Minuman Bubuk",Rp180.000,180000.0
bubuk-minuman-lainnya,Laoats Ketans Rce Powder Drink,Rp40.845,40845.0
bubuk-minuman-lainnya,Laoats Vicenza Powder Drink,Rp40.845,40845.0
bubuk-minuman-lainnya,OMURA Bubuk Minuman Premium Rasa Taro Latte 100 Gram Halal & BPOM Blend Powder,Rp20.000,20000.0
bubuk-minuman-lainnya,Paket Bundling Powder Drink Bubuqu Taro 1Kg + Bubuk Minuman Raspberry Squash 1Kg,Rp110.675,110675.0
bubuk-minuman-lainnya,OMURA Bubuk Minuman Premium Rasa Green Tea Matcha 100 Gram Halal & BPOM Blend Powder,Rp20.000,20000.0
bubuk-minuman-lainnya,VEGETA SCRUBBER RASA JERUK 7.1 GRAM HANGER 12 SACHET,Rp37.234,37234.0
bubuk-minuman-lainnya,Denali - Cocoa Signature Powder,Rp139.000,139000.0
bubuk-minuman-lainnya,MAXFOOD - Gelato Powder Vanilla / Bubuk Gelato Rasa Vanilla 1 KG,Rp157.100,157100.0
bubuk-minuman-lainnya,HOTTO PURTO MULTIGRAIN WITH PURPLE POTATO - 2 POUCH - 32 SACHET,Rp570.000,570000.0
bubuk-minuman-lainnya,Ferswit Susu Bubuk Edamame Jepang Pertama Di indonesia Aman Dikonsumsi Tanpa Efek Samping 200 Gram,Rp107.000,107000.0
bubuk-minuman-lainnya,JAPO Bubuk Minuman Rasa Capucino 1 Kg,Rp63.000,63000.0
bubuk-minuman-lainnya,sriwilujeng minuman jahe merah asli original 500gram Serbuk Minuman Bubuk Instan Manis Gula Putih Brown Air Sachet,Rp113.432,113432.0
bubuk-minuman-lainnya,Pop Ice Permen Kapas 10 pcs,Rp14.522,14522.0
bubuk-minuman-lainnya,Powder Drink Lime Honey Bubuqu 1 Kg - Bubuk Minuman Madu Jeruk Nipis,Rp54.500,54500.0
bubuk-minuman-lainnya,POWDER DREAMS Bubuk Minuman Varian Rasa Milk Tea 1 kg,Rp120.000,120000.0
bubuk-minuman-lainnya,"NutriSari Tea Package (40 Sch) - Lemon Tea, Lychee Tea, Orange Tea, & Apple Tea",Rp59.900,59900.0
bubuk-minuman-lainnya,Powder Taro La Terra 1 kg,Rp175.000,175000.0
bubuk-minuman-lainnya,JBD Premium CHOCO ALMOND Bubuk Minuman Rasa CHOCO ALMOND 500gram BPOM HALAL,Rp52.000,52000.0
bubuk-minuman-lainnya,[Promo] Es teh Poci Pandan Vanilla Carton Pack (1 karton isi 15 renteng),Rp280.000,280000.0
bubuk-minuman-lainnya,Wight Plus | 1 Botol Serbuk zuriat 125 Gram promil 1 Botol | Madu Promil & Serbuk Zuriat + Panduan Lengkap | Mendukung Vitalitas dan Kesehatan Pria,Rp33.139,33139.0
bubuk-minuman-lainnya,Bubuqu Powder Drink Cookies & Cream - Bubuk Minuman Kue & Krim 1 Kg,Rp62.000,62000.0
bubuk-minuman-lainnya,OMURA Bubuk Minuman Premium Rasa Red Velvet 100 Gram Halal & BPOM Blend Powder,Rp20.000,20000.0
bubuk-minuman-lainnya,Laoats Oat Fresine Powder Drink,Rp40.845,40845.0
bubuk-minuman-lainnya,NUTRISARI AMERICAN ORANGE 10 PCS X 12 GR,Rp24.600,24600.0
bubuk-minuman-lainnya,Bubuk Minuman Es Sticky Milk Premium Rasa Creamy Vanilla / Vanila 500 Gram Mengandung Gula Susu Dan Krimer Es Kwentel Omura Powder Drink,Rp41.000,41000.0
bubuk-minuman-lainnya,OMURA Blend Bubuk Minuman Rasa Taro Powder Drink 1 Kg Omura Powder,Rp68.000,68000.0
bubuk-minuman-lainnya,Bubuk Minuman Rasa Permen Karet / Blue Bubble Gum 500 Gr Omura Blend,Rp41.000,41000.0
bubuk-minuman-lainnya,DAUN KELOR BUBUK 50GR - MORINGA BUBUK BUMIFARM,Rp17.812,17812.0
bubuk-minuman-lainnya,MAX TEA TEA TARIK 24X5X25 GR,Rp13.790,13790.0
bubuk-minuman-lainnya,Kab. Banyumas,Rp20.898,20898.0
bubuk-minuman-lainnya,Singabera Premium Lemongrass Ginger (Jahe Sereh) - 12 Box @ 12 sachets,Rp374.292,374292.0
bubuk-minuman-lainnya,MAX TEA TEA TARIK 24X5X25 GR,Rp13.790,13790.0
bubuk-minuman-lainnya,Beverix Powder Drink Bubuk Es Teh Jumbo Blend Boba Nyoklat Premium Mix Gula Asli Kemasan 200 gram Serbuk,Rp28.000,28000.0
bubuk-minuman-lainnya,MAX TEA TEA TARIK 24X5X25 GR,Rp16.040,16040.0
bubuk-minuman-lainnya,[TANPA GULA] Bubuk Minuman Non Gula Rasa Coffee Latte / Kopi Susu 500 Gram Tanpa Gula Halal BPOM IPP Premium Plain Omura Powder,Rp50.000,50000.0
bubuk-minuman-lainnya,MultiBev - Lemongrass Powder 1 Kg - Minuman Bubuk,Rp75.000,75000.0
bubuk-minuman-lainnya,XTRAT Xocollat Chocolate Drink Series - Minuman Cokelat 150 gram,Rp40.000,40000.0
bubuk-minuman-lainnya,Matchamu 3 box/ 9 sachet Black Sesame Latte,Rp44.000,44000.0
bubuk-minuman-lainnya,JAPO Bubuk Minuman Avocado 1 Kg,Rp63.000,63000.0
bubuk-minuman-lainnya,JAPO Bubuk Minuman Mango Mix Gula 500 gr,Rp33.000,33000.0
bubuk-minuman-lainnya,[TANPA GULA] Bubuk Minuman Non Gula Rasa Avocado / Alpukat 250 Gram Tanpa Gula Halal BPOM IPP Premium Plain Omura Powder,Rp30.000,30000.0
bubuk-minuman-lainnya,Bubuk Minuman Es Sticky Milk Premium Rasa Strawberry / Stroberi 1 Kg Mengandung Gula Susu Dan Krimer Es Kwentel Omura Powder,Rp68.000,68000.0
bubuk-minuman-lainnya,Bubuk Krimer Premium 250 Gr Creamer Nabati Non Diary Es Teller Sticky Milk Topping NDC Gurih Creamy Omura Powder,Rp31.500,31500.0
bubuk-minuman-lainnya,Herbadrink Kunyit Asam - Minuman Serbuk Lancar Haid,Rp18.600,18600.0
bubuk-minuman-lainnya,OMURA Blend Bubuk Minuman Rasa Sirsak Powder Drink 500 GR Omura Powder,Rp41.000,41000.0
bubuk-minuman-lainnya,MultiBev - Taro Powder 1Kg - Bubuk Minuman,Rp75.000,75000.0
bubuk-minuman-lainnya,SRIWILUJENG minuman wedang jahe merah plus original Bubuk Instan Tanpa Ampas 150g - Minuman Herbal Sehat,Rp35.910,35910.0
bubuk-minuman-lainnya,Energen Jahe Bag 10X32 Gram,Rp40.900,40900.0
bubuk-minuman-lainnya,Jakarta Selatan,Rp32.000,32000.0
bubuk-minuman-lainnya,Arnav Black Tea Leaves - Premium Daun Teh Hitam 500 Gr,Rp54.500,54500.0
bubuk-minuman-lainnya,mGanik Metafiber Suplemen Serat 450gr rasa Leci,Rp299.000,299000.0
bubuk-minuman-lainnya,Maxfood - Bundle Bubuk Teh Minuman Rasa Buah Lemon Tea + Kiwi Tea 1 KG,Rp124.900,124900.0
bubuk-minuman-lainnya,Bubuqu Powder Drink Avocado Milk - Bubuk Minuman Alpukat Susu 1 Kg,Rp64.599,64599.0
bubuk-minuman-lainnya,Delifru Matcha Premium Grade Powder Drink 500 Gr - Bubuk Minuman Matcha Premium,Rp339.610,339610.0
bubuk-minuman-lainnya,OMURA Bubuk Minuman Premium Rasa Orange / Jeruk 100 Gram Halal & BPOM Blend Powder,Rp20.000,20000.0
bubuk-minuman-lainnya,Serbuk Minuman SQUASH Premium Rasa Buah Segar Tanpa Creamer Kemasan 1 Kg - Beverix,Rp80.500,80500.0
bubuk-minuman-lainnya,Matchamu Abang Teh Tarik Pouch isi 30 sachet,Rp77.900,77900.0
bubuk-minuman-lainnya,Pop Ice Milk Shake Powder Rasa Blueberry | Renceng - 25gr x 10 Sachet,Rp14.522,14522.0
bubuk-minuman-lainnya,Matchamu 2 pcs Matcha Minori Powder 15gr,Rp41.900,41900.0
bubuk-minuman-lainnya,Pop Ice Permen Anggur Muscat,Rp14.522,14522.0
bubuk-minuman-lainnya,Pop Ice Milk Shake Powder Rasa Mangga | Renceng - 25gr x 10 Sachet,Rp14.522,14522.0
bubuk-minuman-lainnya,Edamfit Edamame Instant Cereal 250gr - Membantu Menurunkan Gula Darah - Kaya Serat & Protein - Halal & BPOM RI MD 021235001900001,Rp104.000,104000.0
bubuk-minuman-lainnya,Red Velvet Powder Drink Arnav 1 Kg - Bubuk Minuman Kue Red Velvet Premium,Rp121.400,121400.0
bubuk-minuman-lainnya,NutriSari Kelapa Muda 40 sachet - Minuman Buah Vitamin C,Rp59.900,59900.0
bubuk-minuman-lainnya,Paket Bundling Bubuk Minuman 2Kg Bubuqu Caramel + Bubuqu Dark Choco,Rp134.102,134102.0
bubuk-minuman-lainnya,[BUBUK ES KOPI GEROBAK KELILING] JBD Bubuk Minuman KOPI Premium 1 KG | Powder Non Gula Halal & BPOM,Rp96.000,96000.0
bubuk-minuman-lainnya,Bubuk Minuman Premium Rasa ALMOND MILK 1Kg JBD | Jakarta Bubble Drink | HALAL&BPOM,Rp96.000,96000.0
bubuk-minuman-lainnya,Bubuk Minuman Premium Rasa CHOCO ALMOND 1Kg JBD | Jakarta Bubble Drink | HALAL&BPOM,Rp105.000,105000.0
bubuk-minuman-lainnya,Bubuk Minuman Premium Rasa DARK CHOCOLATE 1Kg JBD | Jakarta Bubble Drink | HALAL&BPOM,Rp73.500,73500.0
bubuk-minuman-lainnya,DRiPP Premium Matcha Powder 760 GR - Bubuk Minuman Rasa Matcha cocok untuk Horeca / Horeka,Rp251.700,251700.0
bubuk-minuman-lainnya,"Bubuk Green Tea Premium, Premium Powder Green Tea",Rp110.000,110000.0
bubuk-minuman-lainnya,"Mugo, Ginger Latte, Jahe Latte Gula Aren Murni White Sugar Free Praktis Tanpa Ampas Hangat 150 gram",Rp28.000,28000.0
bubuk-minuman-lainnya,Kab. Kulon Progo,Rp19.825,19825.0
bubuk-minuman-lainnya,Venaron Nutribien Rasa Melon 1 Sachet - Minuman Serbuk Tinggi Serat,Rp15.700,15700.0
bubuk-minuman-lainnya,MAX TEA TEA TARIK 5 X 25 GR,Rp13.790,13790.0
bubuk-minuman-lainnya,TONG TJI LEMON TEA 15 S X 2 GR,Rp27.990,27990.0
bubuk-minuman-lainnya,Red Ginger Powder Drink Arnav 500 gr - Minuman Bubuk Jahe Merah,Rp54.500,54500.0
bubuk-minuman-lainnya,PROMO Paket Bubuk Matcha / Hojicha / Chocolate - PREMIUM GRADE,Rp292.990,292990.0
bubuk-minuman-lainnya,MAXFOOD - Gelato Powder Chocolate Hazelnut / Bubuk Gelato Rasa Coklat Hazelnut 1 KG,Rp189.100,189100.0
bubuk-minuman-lainnya,mGanik Metafiber Suplemen Serat 450gr rasa Leci,Rp299.000,299000.0
bubuk-minuman-lainnya,Bubuk Coklat / Chocolate Powder Premium Grade - 1kg,Rp349.990,349990.0
bubuk-minuman-lainnya,Homelab Pure Extract Sakura - Bubuk Sakura Asli / Murni / Ekstrak 80g,Rp165.990,165990.0
bubuk-minuman-lainnya,Jakarta Barat,Rp77.628,77628.0
bubuk-minuman-lainnya,[PAYDAY] Jestham Triple Bioflek Powder Drink,Rp227.000,227000.0
bubuk-minuman-lainnya,Pop Ice Milk Shake Powder Rasa Active Choco Malt | Renceng - 23gr x 10 Sachet,Rp14.522,14522.0
bubuk-minuman-lainnya,Pop Ice Milk Shake Powder Rasa Active Tornado Squash 25gr - 10pcs,Rp16.440,16440.0
bubuk-minuman-lainnya,Adem Sari Larutan Penyejuk Dus 5'S 1 Karton7Gr,Rp1.949.300,1949300.0
bubuk-minuman-lainnya,Twin Pack: Tropicana Slim Mint Cocoa (10 Sch) - Minuman Bebas Gula,Rp85.000,85000.0
bubuk-minuman-lainnya,Bubuk Minuman Es Sticky Milk Premium Rasa Vanilla Blue 500 Gram Mengandung Gula Susu Dan Krimer Es Kwentel Omura Powder Drink,Rp41.000,41000.0
bubuk-minuman-lainnya,Kab. Tangerang,Rp37.000,37000.0
bubuk-minuman-lainnya,Bubuk Minuman Rasa Mochacino / Mocha 500 Gr Omura Blend,Rp41.000,41000.0
bubuk-minuman-lainnya,Denali - Lemon Tea Powder,Rp93.000,93000.0
bubuk-minuman-lainnya,Sari Temulawak 85 Instan Original,Rp27.700,27700.0
bubuk-minuman-lainnya,JAPO Bubuk Minuman Dark Choco Plain 1 Kg,Rp115.000,115000.0
bubuk-minuman-lainnya,JAPO Bubuk Minuman Blueberry 500 gr,Rp33.000,33000.0
bubuk-minuman-lainnya,JAPO Bubuk Minuman Mango 1 Kg,Rp63.000,63000.0
bubuk-minuman-lainnya,Matchamu 3 box/ 15 sachet Abang Teh Tarik,Rp38.000,38000.0
bubuk-minuman-lainnya,Delifru Matcha Premium Grade Powder Drink 500 Gr - Bubuk Minuman Matcha Premium,Rp339.610,339610.0
bubuk-minuman-lainnya,Earl Grey Latte Powder Drink Arnav 1 Kg - Minuman Bubuk Earl Grey Susu,Rp221.500,221500.0
bubuk-minuman-lainnya,Bubuqu Powder Drink Avocado Milk - Bubuk Minuman Alpukat Susu 1 Kg,Rp64.599,64599.0
bubuk-minuman-lainnya,NutriSari Leci 40 sachet - Minuman Buah Vitamin C & Vitamin D,Rp59.900,59900.0
bubuk-minuman-lainnya,Bubuk Minuman Premium Rasa LYCHEE 1Kg JBD | Jakarta Bubble Drink | HALAL&BPOM,Rp65.100,65100.0
bubuk-minuman-lainnya,MAXFOOD - Gelato Powder Strawberry / Bubuk Gelato Rasa Stroberi 1 KG,Rp157.100,157100.0
bubuk-minuman-lainnya,TONG TJI LEMON TEA 15 S X 2 GR,Rp27.800,27800.0
bubuk-minuman-lainnya,Bubuk Minuman King Powder Rasa Almond Serbuk Minuman Kacang Almond,Rp75.000,75000.0
bubuk-minuman-lainnya,Powder Flavor Hojicha No Sugar Arteristo 500gr,Rp156.250,156250.0
bubuk-minuman-lainnya,[TANPA GULA] Bubuk Minuman Premium Non Gula Rasa Taro 1 Kg Omura Powder Halal & BPOM IPP Premium Plain,Rp90.000,90000.0
bubuk-minuman-lainnya,Bubuk Minuman Es Sticky Milk Premium Rasa Durian 1 Kg Mengandung Gula Susu Dan Krimer Es Kwentel Omura Powder,Rp68.000,68000.0
bubuk-minuman-lainnya,Delifru Matcha Ceremonial Grade Powder Drink 30 Gr - Bubuk Minuman Matcha Ceremonial,Rp133.150,133150.0
bubuk-minuman-lainnya,KUNITARO UJI MATCHA IRI MIZUDASHI GENMAICHA L191M,Rp119.004,119004.0
bubuk-minuman-lainnya,NUTRISARI AUSTRALIAN LIME 11 GR X 10 PCS,Rp21.390,21390.0
bubuk-minuman-lainnya,OMURA Bubuk Minuman Premium Rasa Orange / Jeruk 100 Gram Halal & BPOM Blend Powder,Rp20.000,20000.0
bubuk-minuman-lainnya,OMURA Bubuk Minuman Premium Rasa Lemonade / Lemon 100 Gram Halal & BPOM Blend Powder,Rp20.000,20000.0
bubuk-minuman-lainnya,VEGETA HERBAL RASA ANGGUR 5 GRAM HANGER 12 SACHET,Rp44.679,44679.0
bubuk-minuman-lainnya,Kopi Gmax Kopi Gingseng Gula Aren Bisa Grosir,Rp21.000,21000.0
bubuk-minuman-lainnya,JAPO Bubuk Minuman Avocado 500 gr,Rp33.000,33000.0
bubuk-minuman-lainnya,GOMILKU SASCHET SR12 KEMASAN EKONOMIS,Rp7.000,7000.0
bubuk-minuman-lainnya,Bubuqu Powder Drink Avocado Milk - Bubuk Minuman Alpukat Susu 1 Kg,Rp64.599,64599.0
bubuk-minuman-lainnya,Delifru Matcha Premium Grade Powder Drink 500 Gr - Bubuk Minuman Matcha Premium,Rp339.610,339610.0
bubuk-minuman-lainnya,OMURA Bubuk Minuman Premium Rasa Orange / Jeruk 100 Gram Halal & BPOM Blend Powder,Rp20.000,20000.0
bubuk-minuman-lainnya,Serbuk Minuman SQUASH Premium Rasa Buah Segar Tanpa Creamer Kemasan 1 Kg - Beverix,Rp80.500,80500.0
bubuk-minuman-lainnya,Matchamu Abang Teh Tarik Pouch isi 30 sachet,Rp77.900,77900.0
bubuk-minuman-lainnya,Bubuqu Powder Drink Blackcurrant - Bubuk Minuman Anggur Hitam 1 Kg,Rp54.500,54500.0
bubuk-minuman-lainnya,Herbilogy Golden Latte - Herbs (non Coffee) latte base 10 sachet,Rp89.000,89000.0
bubuk-minuman-lainnya,Paket Protemil 3 Rasa (15pcs) / Makanan Instan / Siap Makan,Rp103.500,103500.0
bubuk-minuman-lainnya,AMH Jahe Merah Super AMH isi 10 sachet Menjaga Kesehatan Minuman Herbal 5 Renceng 50 sachet 20 gram/sachet BPOM & HALAL,Rp2.500,2500.0
bubuk-minuman-lainnya,Paket Bundling Powder Drink Bubuqu Taro 1Kg + Bubuk Minuman Raspberry Squash 1Kg,Rp110.675,110675.0
bubuk-minuman-lainnya,MSH Asam Kandis Pack Premium 50gr,Rp12.252,12252.0
bubuk-minuman-lainnya,[SERIES] Bubuk Minuman Non Gula Aneka Rasa 1 Kg Tanpa Gula Halal BPOM IPP Premium Plain Omura Powder,Rp90.000,90000.0
bubuk-minuman-lainnya,AMH Etawa Jahe Bundling (5 BOX),Rp150.000,150000.0
bubuk-minuman-lainnya,Denali Frappe Powder Flavoured Mango Delight Bubuk Minuman Mangga,Rp111.500,111500.0
bubuk-minuman-lainnya,Pop Ice Sultan Milk Shake Powder Rasa Cheesu Red Velvet | 23gr x 10 Sachet,Rp13.796,13796.0
bubuk-minuman-lainnya,X'TRAGIN Jahe Merah Herbal Drink Minuman Serbuk,Rp23.000,23000.0
bubuk-minuman-lainnya,Tropicana Slim Mint Cocoa 60 gram Sayurbox,Rp30.100,30100.0
bubuk-minuman-lainnya,SAMPLE Bubuk Minuman Premium Rasa MANGO HALAL 20gr Siap Seduh | Jakarta Bubble Drink,Rp2.400,2400.0
bubuk-minuman-lainnya,[BUBUK CAPPUCINO Cincau] Bubuk Minuman Premium 1kg ANEKA aneka RASA Best Seller | Jakarta Bubble Drink | 1KG,Rp96.000,96000.0
bubuk-minuman-lainnya,AMH Jahe Merah Herbal - 10 Sachet,Rp13.200,13200.0
bubuk-minuman-lainnya,OMURA Blend Bubuk Minuman Rasa Orange / Jeruk Powder Drink 1 Kg Omura Powder,Rp67.000,67000.0
bubuk-minuman-lainnya,OMURA Blend Bubuk Minuman Rasa Orange / Jeruk Powder Drink 500 GR Omura Powder,Rp41.000,41000.0
bubuk-minuman-lainnya,M+Susu Variant Anggur (10 Box),Rp90.000,90000.0
bubuk-minuman-lainnya,Bubuk Minuman Es Sticky Milk Premium Rasa Thai Tea 500 GR Mengandung Gula Susu Dan Krimer Es Kwentel Omura Powder,Rp41.000,41000.0
bubuk-minuman-lainnya,Bubuk Minuman Es Sticky Milk Premium Rasa Melon 1 Kg Mengandung Gula Susu Dan Krimer Es Kwentel Omura Powder,Rp68.000,68000.0
bubuk-minuman-lainnya,NUTRISARI AMERICAN ORANGE 10 PCS X 12 GR,Rp24.600,24600.0
bubuk-minuman-lainnya,JAPO Bubuk Minuman Vanila Late 1 Kg,Rp63.000,63000.0
bubuk-minuman-lainnya,OMURA Bubuk Macchiato Cream Cheese Premium 500 Gram | Topping Minuman Instant | Foam Keju Powder,Rp65.000,65000.0
bubuk-minuman-lainnya,Suur Lemoen - Pure Matcha Powder 40 gr | Ceremonial Grade | Tanpa Campuran No Sugar No Creamer,Rp101.900,101900.0
bubuk-minuman-lainnya,ESSENLI Pure Banana Powder / Bubuk Minuman Pisang Drink,Rp55.500,55500.0
bubuk-minuman-lainnya,[TANPA GULA] Bubuk Minuman Non Gula Rasa Strawberry / Stroberi 250 Gram Tanpa Gula Halal BPOM IPP Premium Plain Omura Powder,Rp30.000,30000.0
bubuk-minuman-lainnya,OMURA Blend Bubuk Minuman Premium Rasa Alpukat / Avocado Milk Instant Powder Drink 500 Gram Omura Powder,Rp41.000,41000.0
bubuk-minuman-lainnya,"Bubuk Cappucino Premium, Premium Powder Cappucino, Bubuk Kopi Cappucino Premium",Rp124.000,124000.0
bubuk-minuman-lainnya,Femmy Fyber 6 Box Hemat – 1 Bulan Fiber Drink Garcinia,Rp600.000,600000.0
bubuk-minuman-lainnya,MAX TEA TEA TARIK 5 X 25 GR,Rp14.450,14450.0
bubuk-minuman-lainnya,Combo Pack - Bionfit Blackcurrant Fiber with Bird Nest (2 Box),Rp230.000,230000.0
bubuk-minuman-lainnya,Salted Caramel Powder Drink Bubuqu 1 Kg - Minuman Bubuk Karamel Asin,Rp58.900,58900.0
bubuk-minuman-lainnya,Blackcurrant Powder Drink Bubuqu 1 Kg - Minuman Bubuk Anggur Hitam,Rp51.775,51775.0
bubuk-minuman-lainnya,Powder Lemongrass La Terra 1 kg,Rp118.750,118750.0
bubuk-minuman-lainnya,AMH Jahe Merah Susu 1 Rcg ( 10 Sachet ),Rp20.000,20000.0
bubuk-minuman-lainnya,MAXFOOD - 1KG GINGER LEMONGRASS MAX FOOD / BUBUK MINUMAN RASA JAHE SEREH,Rp101.100,101100.0
bubuk-minuman-lainnya,Bubuk Minuman Rasa Red Velvet 800gr / Otten Coffee Powder cocok untuk Horeca,Rp160.000,160000.0
bubuk-minuman-lainnya,"Susu Etaku Atasi Asma , Sesak Nafas , Nyeri Dada , Pneumonia Tbc Paru dan Batuk Berdarah Susu Kambing Bubuk Etawa",Rp95.000,95000.0
bubuk-minuman-lainnya,Powder Drink Cotton Candy Bubuqu 1 Kg - Bubuk Minuman Kembang Gula,Rp62.000,62000.0
bubuk-minuman-lainnya,Hojicha Powder Drink Arnav 1 Kg - Bubuk Minuman Hojicha Premium,Rp221.500,221500.0
bubuk-minuman-lainnya,MAXFOOD - Premix Powder Drink Mix / Bubuk Minuman Mix,Rp39.550,39550.0
bubuk-minuman-lainnya,Pop Ice Milk Shake Powder Rasa Cappucino | Renceng - 23gr x 10 Sachet,Rp14.522,14522.0
bubuk-minuman-lainnya,Pop Ice Milk Shake Powder Rasa Jambu Biji | Renceng - 25gr x 10 Sachet,Rp13.796,13796.0
bubuk-minuman-lainnya,PROMO Paket 3 Bungkus Premium Powder Matcha / Hojicha / Chocolate @1kg,Rp1.450.000,1450000.0
bubuk-minuman-lainnya,AMANAH - Jahe Merah Super AMH Amanah Isi 10 Renceng - by nabawiherbal,Rp18.000,18000.0
bubuk-minuman-lainnya,DRiPP - Premium Matcha Powder 760gr - Bubuk Minuman Rasa Matcha,Rp251.700,251700.0
bubuk-minuman-lainnya,JAPO Bubuk Minuman Rasa Thai Tea 1 Kg,Rp63.000,63000.0
bubuk-minuman-lainnya,YANGGUANGSHENGHAO 3PCS 500gram Oufen Lotus Powder Bubuk Akar Teratai Original BPOM RI-Paket Hemat Bundling 3PCS Tiktok shop,Rp115.000,115000.0
bubuk-minuman-lainnya,SELAKSA MAKNA Jahe Merah Lemon Paket 2 Pcs,Rp70.000,70000.0
bubuk-minuman-lainnya,[FREE] Diabetasol Susu Rendah Gula 170g - Dapatkan Gratis dari Paket Promo Elvasense,Rp999.999,999999.0
bubuk-minuman-lainnya,Wight Plus Detox Jamu Wanita 1 Pak Isi 20 Pcs |Jamu Herbal Alami Bantu Bersihin Rahim & Haid Lancar,Rp75.287,75287.0
bubuk-minuman-lainnya,OMURA Blend Bubuk Minuman Premium Rasa Jeruk Mandarin / Mandarin Orange Powder Drink 500 Gr Omura Powder,Rp41.000,41000.0
bubuk-minuman-lainnya,Royal Flakes Sereal Asam Lambung 250gr - Membantu Mengatasi Asam Lambung dan Gerd - Halal & BPOM - Bubur Instan Umbi Garut Alami,Rp76.050,76050.0
bubuk-minuman-lainnya,[TANPA GULA] Bubuk Minuman Non Gula Rasa Red Velvet 500 Gram Tanpa Gula Halal BPOM IPP Premium Plain Omura Powder,Rp50.000,50000.0
bubuk-minuman-lainnya,SOLITA Rasa Coklat Travel isi 6 Sachet Minuman Kesehatan Asam Lambung khusus Maag & GERD,Rp68.600,68600.0
bubuk-minuman-lainnya,Powder Dark Chocolatte La Terra 1 kg,Rp187.500,187500.0
bubuk-minuman-lainnya,Bubble Gum Powder Drink Bubuqu 1 Kg - Minuman Bubuk Permen Karet,Rp62.000,62000.0
bubuk-minuman-lainnya,Bubuk Minuman Premium Plain Tanpa Gula Rasa Chocolate / Coklat 250 Gr Instant Powder Drink Horeca Omura Powder,Rp30.000,30000.0
bubuk-minuman-lainnya,MAX TEA TEA TARIK 5 X 25 GR,Rp14.890,14890.0
bubuk-minuman-lainnya,NUTRISARI AUSTRALIAN LIME 11 GR X 10 PCS,Rp21.390,21390.0
bubuk-minuman-lainnya,OMURA Bubuk Minuman Premium Rasa Durian / Duren 100 Gram Halal & BPOM Blend Powder,Rp20.000,20000.0
bubuk-minuman-lainnya,Powder Matcha Latte Bubuk La Terra 1 kg,Rp168.750,168750.0
bubuk-minuman-lainnya,Delifru Matcha Premium Grade Powder Drink 500 Gr - Bubuk Minuman Matcha Premium,Rp339.610,339610.0
bubuk-minuman-lainnya,OMURA Bubuk Minuman Premium Rasa Orange / Jeruk 100 Gram Halal & BPOM Blend Powder,Rp20.000,20000.0
bubuk-minuman-lainnya,Choco Biscuit Powder Drink Bubuqu 1 Kg - Minuman Bubuk Biskuit Cokelat,Rp72.440,72440.0
bubuk-minuman-lainnya,Bubuk Minuman Rasa Choco Banana Powder Coklat Pisang,Rp53.000,53000.0
bubuk-minuman-lainnya,Minuman Herbal Jahe Merah Al Wafa Serbuk Toples 500gr,Rp39.900,39900.0
bubuk-minuman-lainnya,OMURA Bubuk Minuman Premium Rasa Anggur Blackcurrant 100 Gram Halal & BPOM Blend Powder,Rp20.000,20000.0
bubuk-minuman-lainnya,JAPO Bubuk Minuman Rasa Dark Cookies 1 Kg,Rp66.000,66000.0
bubuk-minuman-lainnya,[TANPA GULA] Bubuk Minuman Non Gula Rasa Cappuccino / Cappucino 250 Gram Tanpa Gula Halal BPOM IPP Premium Plain Omura Powder,Rp30.000,30000.0
bubuk-minuman-lainnya,JAPO Bubuk Minuman Choco Mede 1 Kg,Rp66.000,66000.0
bubuk-minuman-lainnya,Bubuk Minuman Rasa Red Velvet 800gr / Otten Coffee Powder cocok untuk Horeca,Rp160.000,160000.0
bubuk-minuman-lainnya,Herbilogy PlantPro Powder–Cocoa 280g (plant protein),Rp295.850,295850.0
bubuk-minuman-lainnya,minuman Jahe merah BUNDLING 10 @150gram Rempah Asli Minuman Ekonomis Bubuk Halal Ideal untuk Kebutuhan Ekonomis,Rp331.415,331415.0
bubuk-minuman-lainnya,Paket Bundling Bubuk Minuman 2Kg Bubuqu Caramel + Bubuqu Dark Choco,Rp134.102,134102.0
bubuk-minuman-lainnya,OMURA Blend Bubuk Minuman Rasa Lemon Tea Powder Drink 1 Kg Omura Powder,Rp68.000,68000.0
bubuk-minuman-lainnya,MAXFOOD - Rich Matcha Powder / Bubuk Matcha / Bubuk Green Tea 1 kg,Rp195.095,195095.0
bubuk-minuman-lainnya,Jakarta Barat,Rp127.390,127390.0
bubuk-minuman-lainnya,Cookies & Cream Powder Drink Bubuqu 1 Kg - Minuman Bubuk Kue & Krim,Rp44.175,44175.0
bubuk-minuman-lainnya,VEGETA HERBAL RASA ANGGUR 5 GRAM HANGER 12 SACHET,Rp43.018,43018.0
bubuk-minuman-lainnya,Pop Ice Milk Shake Powder Rasa Stroberi | Renceng - 25gr x 10 Sachet,Rp14.522,14522.0
bubuk-minuman-lainnya,Pop Ice Milk Shake Powder Rasa Melon | Renceng - 25gr x 10 Sachet,Rp14.522,14522.0
bubuk-minuman-lainnya,NutriSari Mix 40 Rasa - Minuman Buah Tinggi Vitamin C Vitamin D,Rp55.000,55000.0
bubuk-minuman-lainnya,[Special Bundle] Adem Sari + Antis Package,Rp45.600,45600.0
bubuk-minuman-lainnya,X'Tragin Es Kunyit Asam,Rp26.000,26000.0
bubuk-minuman-lainnya,Bubuk Minuman Premium Rasa VANILLA 1Kg JBD | Jakarta Bubble Drink | HALAL&BPOM,Rp45.000,45000.0
bubuk-minuman-lainnya,Matcha Latte Powder Drink Arnav 1 Kg - Minuman Bubuk Matcha Susu,Rp114.900,114900.0
bubuk-minuman-lainnya,CANGKIR MAS Jahe Merah Original Paket 6 Box,Rp137.445,137445.0
bubuk-minuman-lainnya,OMURA Blend Bubuk Minuman Rasa Choco Hazelnut / Cokelat Kacang Hazel Powder Drink 500 GR Omura Powder,Rp36.000,36000.0
bubuk-minuman-lainnya,Bubuk Minuman Es Sticky Milk Premium Rasa Choco Malt / Coklat Malt 500 GR Mengandung Gula Susu Dan Krimer Es Kwentel Omura Powder,Rp41.000,41000.0
bubuk-minuman-lainnya,SUL7AN Bubuk Minuman Rasa Choco Malt / Mil0 1 KG Mengandung Gula Instant Powder Drink Sultan Powder,Rp56.000,56000.0
bubuk-minuman-lainnya,Jahe Wangi Sidomuncul Isi 5 Sachet - Minuman Hangat Tradisional,Rp10.000,10000.0
bubuk-minuman-lainnya,OMURA Bubuk Minuman Premium Rasa Choco Malt / Milo 100 Gram Halal & BPOM Blend Powder,Rp20.000,20000.0
bubuk-minuman-lainnya,MSH JSR Vertigo 50 gram,Rp29.473,29473.0
bubuk-minuman-lainnya,OHIMEN MINUMAN SERBUK RASA MELON 3 GRAM BOX 5 SACHET,Rp318.248,318248.0
bubuk-minuman-lainnya,Bubuk Minuman King Powder Rasa Peach Tea Serbuk Minuman Teh Peach,Rp43.000,43000.0
bubuk-minuman-lainnya,Edamfit Edamame Instant Cereal 250gr - Membantu Menurunkan Gula Darah - Kaya Serat & Protein - Halal & BPOM RI MD 021235001900001,Rp81.000,81000.0
bubuk-minuman-lainnya,[TANPA GULA] Bubuk Minuman Premium Non Gula Rasa Choco Hazelnut 1 Kg Halal & BPOM IPP Premium Plain Omura Powder,Rp90.000,90000.0
bubuk-minuman-lainnya,JAPO Bubuk Minuman Rasa Choco Original 1 Kg,Rp69.000,69000.0
bubuk-minuman-lainnya,Selaksa Makna Red Ginger Lemon Can 200 Gr,Rp132.000,132000.0
bubuk-minuman-lainnya,ESSENLI Premium Pure Matcha Powder 1Kg,Rp653.000,653000.0
bubuk-minuman-lainnya,JAPO Bubuk Minuman Lemon Tea 500 gr,Rp33.000,33000.0
bubuk-minuman-lainnya,Paket Bundling Bubuqu Banana Milk 1Kg + Syrup Delifru Hazelnut 1L,Rp169.575,169575.0
bubuk-minuman-lainnya,MAXFOOD - Gelato Powder Dark Chocolate / Bubuk Gelato Rasa Coklat 1 KG,Rp203.100,203100.0
bubuk-minuman-lainnya,AMH Jahe Merah Herbal Bundling 2 BOX - (40 Sachet),Rp60.000,60000.0
bubuk-minuman-lainnya,Slice Plain Ice Cream / Bubuk Es Krim Tanpa Rasa 1 KG,Rp126.100,126100.0
bubuk-minuman-lainnya,Frozzy Pop Cokelat 500gr - Minuman Powder,Rp33.120,33120.0
bubuk-minuman-lainnya,Bubuk Minuman King Powder Rasa Coffee Caramel Serbuk Minuman Kopi Caramel,Rp46.000,46000.0
bubuk-minuman-lainnya,FLIMEAL MINUMAN SEREAL RASA COKLAT 50 GRAM BOX 12 SACHET (600 GRAM),Rp303.757,303757.0
bubuk-minuman-lainnya,X'TRAGIN Kopi Jahe Ginseng Herbal Drink Minuman Serbuk,Rp31.000,31000.0
bubuk-minuman-lainnya,Adem Sari Larutan Penyejuk Dus 5'S x3 7Gr,Rp61.600,61600.0
bubuk-minuman-lainnya,HNH Skincare - Teh Hijau Rasa Leci Rose,Rp91.052,91052.0
bubuk-minuman-lainnya,SAMPLE Bubuk Minuman Premium Rasa MOCHACINNO HALAL 20gr Siap Seduh | Jakarta Bubble Drink,Rp2.400,2400.0
bubuk-minuman-lainnya,Bubuk Minuman Premium Rasa BISCUIT BANANA 1Kg JBD | Jakarta Bubble Drink | HALAL&BPOM,Rp65.100,65100.0
bubuk-minuman-lainnya,JBD Premium HAZELNUT Bubuk Minuman Rasa HAZELNUT 500gram BPOM HALAL,Rp45.000,45000.0
bubuk-minuman-lainnya,SELAKSA MAKNA Jahe Merah Kencur Paket isi 5pcs,Rp155.000,155000.0
bubuk-minuman-lainnya,VEGETA HERBAL 6S - OBAT HERBAL,Rp19.600,19600.0
bubuk-minuman-lainnya,Mamacia Treats Organic Food Powder Pure Bubuk Murni Food Grade Jilid 2,Rp20.450,20450.0
bubuk-minuman-lainnya,Bubuk Minuman Es Sticky Milk Premium Rasa Melon 500 GR Mengandung Gula Susu Dan Krimer Es Kwentel Omura Powder,Rp41.000,41000.0
bubuk-minuman-lainnya,Serbuk Haldi Doodh Cairo Food - 100 Gram,Rp45.300,45300.0
bubuk-minuman-lainnya,Laoats Meal Routine Powder Drink,Rp40.845,40845.0
bubuk-minuman-lainnya,Nutrisari American Org 10 Pcs X 12 Gr,Rp21.390,21390.0
bubuk-minuman-lainnya,Herbadrink Sari Jahe - Minuman Serbuk Pengahangat Tubuh,Rp18.600,18600.0
bubuk-minuman-lainnya,JAPO Bubuk Minuman Choco Malt 500 gr,Rp37.000,37000.0
bubuk-minuman-lainnya,OMURA Bubuk Minuman Premium Rasa Taro Latte 1 Kg / 1000 Gram Halal & BPOM Blend Powder,Rp68.000,68000.0
bubuk-minuman-lainnya,OMURA Bubuk Minuman Premium Rasa Durian / Duren 100 Gram Halal & BPOM Blend Powder,Rp20.000,20000.0
bubuk-minuman-lainnya,Powder Matcha Latte Bubuk La Terra 1 kg,Rp168.750,168750.0
bubuk-minuman-lainnya,Delifru Matcha Premium Grade Powder Drink 500 Gr - Bubuk Minuman Matcha Premium,Rp339.610,339610.0
bubuk-minuman-lainnya,OMURA Bubuk Minuman Premium Rasa Orange / Jeruk 100 Gram Halal & BPOM Blend Powder,Rp20.000,20000.0
bubuk-minuman-lainnya,Choco Biscuit Powder Drink Bubuqu 1 Kg - Minuman Bubuk Biskuit Cokelat,Rp72.440,72440.0
bubuk-minuman-lainnya,Laoats Meal Routine Powder Drink,Rp40.845,40845.0
bubuk-minuman-lainnya,Mamacia Treats Organic Food Powder Pure Bubuk Murni Food Grade Jilid 2,Rp20.450,20450.0
bubuk-minuman-lainnya,Bubuk Minuman Es Sticky Milk Premium Rasa Melon 500 GR Mengandung Gula Susu Dan Krimer Es Kwentel Omura Powder,Rp41.000,41000.0
bubuk-minuman-lainnya,Nutrisari American Org 10 Pcs X 12 Gr,Rp21.390,21390.0
bubuk-minuman-lainnya,OMURA Bubuk Minuman Premium Rasa Taro Latte 1 Kg / 1000 Gram Halal & BPOM Blend Powder,Rp68.000,68000.0
bubuk-minuman-lainnya,Herbadrink Sari Jahe - Minuman Serbuk Pengahangat Tubuh,Rp18.600,18600.0
bubuk-minuman-lainnya,JAPO Bubuk Minuman Choco Malt 500 gr,Rp37.000,37000.0
bubuk-minuman-lainnya,Flimty Fiber 1 Box isi 16 Sachet Mango Raspberry Blackcurrant Flimtea Flimity Asli Original Official,Rp280.250,280250.0
bubuk-minuman-lainnya,CANGKIR MAS Jahe Merah Original 1 Kg,Rp175.000,175000.0
bubuk-minuman-lainnya,BALANS Lite Recharge Active Fiber Drink 14 Sachet,Rp371.420,371420.0
bubuk-minuman-lainnya,[VANILLA SERIES] Bubuk Minuman Premium Mix Rasa Vanila Instant 500 Gram Powder Drink Omura Powder,Rp120.000,120000.0
bubuk-minuman-lainnya,FiberCreme Sachet 100 gr Twinpack,Rp33.088,33088.0
bubuk-minuman-lainnya,NUTRISARI Jeruk Peras Minuman Bubuk Isi 5x14gr,Rp12.900,12900.0
bubuk-minuman-lainnya,Special Gift Bubuqu Bubuk Minuman 30 Gram Random Variant,Rp1.000.000,1000000.0
bubuk-minuman-lainnya,MAXFOOD - Lychee Squash Powder Drink / Bubuk Minuman Squash Rasa Leci 1 KG,Rp78.100,78100.0
bubuk-minuman-lainnya,"minuman jahe merah asli original Sriwilujeng 150g - HALAL PIRT | Menghangatkan, Imunitas, Tanpa Ampas, Bubuk Minuman Instan Serbuk Manis",Rp35.910,35910.0
bubuk-minuman-lainnya,Salted Caramel Milkshake Powder Drink / Bubuk Minuman Rasa Karamel 1 KG,Rp107.100,107100.0
bubuk-minuman-lainnya,Primaline Green Tea Matcha 800gr - Minuman Powder Premium,Rp154.442,154442.0
bubuk-minuman-lainnya,"Matchamu Bundle Matcha 5 varian (Kana, Komorebi, Minori, Midori, Maneki)",Rp135.400,135400.0
bubuk-minuman-lainnya,Natural Blanched Almond Powder / Almond Bubuk 500gr,Rp129.000,129000.0
bubuk-minuman-lainnya,NutriSari Peach Tea 40 sachet - Minuman Teh Rasa Buah Peach dengan Vitamin C & Vitamin D,Rp60.500,60500.0
bubuk-minuman-lainnya,Banana Milk Powder Drink Bubuqu 1 Kg - Minuman Bubuk Susu Pisang Korea,Rp58.900,58900.0
bubuk-minuman-lainnya,NUTIVER Moringa Latte Minuman Daun Kelor Bubuk Kelor Latte Vegan Moringa Powder Friendly & Bebas Laktosa 200gr,Rp39.778,39778.0
bubuk-minuman-lainnya,Adem Sari Box isi 5 Sachet,Rp18.700,18700.0
bubuk-minuman-lainnya,Bubuk Minuman Premium Rasa AVOCADO 1Kg JBD | Jakarta Bubble Drink | HALAL&BPOM,Rp80.000,80000.0
bubuk-minuman-lainnya,[BUBUK ES BUBBLE BOBA TEH] Bubuk Minuman Premium Powder Drink Serbuk non GULA 1kg ANEKA VARIAN RASA Best Seller 1KG,Rp80.000,80000.0
bubuk-minuman-lainnya,JBD Premium CREAMY CHOCOLATE Bubuk Minuman Rasa CHOCO 500gram BPOM HALAL,Rp52.000,52000.0
bubuk-minuman-lainnya,Bubuk Minuman Es Sticky Milk Premium Rasa Choco Malt / Coklat Malt 1 Kg Mengandung Gula Susu Dan Krimer Es Kwentel Omura Powder,Rp68.000,68000.0
bubuk-minuman-lainnya,Bubuk Minuman Es Sticky Milk Premium Rasa Mangga / Mango 1 Kg Mengandung Gula Susu Dan Krimer Es Kwentel Omura Powder,Rp68.000,68000.0
bubuk-minuman-lainnya,TONG TJI LEMON TEA 15 S X 2 GR,Rp31.020,31020.0
bubuk-minuman-lainnya,BEVERIX 500 GRAM Bubuk Minuman ANEKA RASA MILKSHAKE 3 IN 1 Beverix Powder Drink Serbuk,Rp47.000,47000.0
bubuk-minuman-lainnya,[TANPA GULA] Bubuk Minuman Non Gula Rasa Chocolate / Coklat / Cokelat 500 Gram Tanpa Gula Halal BPOM IPP Premium Plain Omura Powder,Rp50.000,50000.0
bubuk-minuman-lainnya,MAX TEA TEA TARIK 5 X 25 GR,Rp13.790,13790.0
bubuk-minuman-lainnya,Nestle Milo Complete Mix 960gr by Nestle Professional,Rp130.000,130000.0
bubuk-minuman-lainnya,NUTRISARI AUSTRALIAN LIME 11 GR X 10 PCS,Rp21.390,21390.0
bubuk-minuman-lainnya,Caramel Latte Powder Drink Bubuqu 1 Kg - Minuman Bubuk Karamel Susu,Rp62.000,62000.0
bubuk-minuman-lainnya,[TOPPING] Bubuk Creamer / Krimer Nabati Non Diary Krimer Premium 1 Kg Omura Powder,Rp87.000,87000.0
bubuk-minuman-lainnya,Taro Latte Powder Drink Bubuqu 1 Kg - Minuman Bubuk Talas Ungu Susu,Rp61.999,61999.0
bubuk-minuman-lainnya,Alamix Jahe Minuman Herbal Cair Instan Siap Seduh,Rp20.000,20000.0
bubuk-minuman-lainnya,Bubuk Minuman Choco Caramel Powder Drink Reguler Cokelat Caramel,Rp53.000,53000.0
bubuk-minuman-lainnya,MAX TEA TEA TARIK 24X5X25 GR,Rp13.790,13790.0
bubuk-minuman-lainnya,PAKET PROMO! BELI FLYON COKLAT DAPET 1 FLYON ORIGINAL,Rp300.000,300000.0
bubuk-minuman-lainnya,Herbilogy Matcha Powder - Pure Matcha,Rp110.000,110000.0
bubuk-minuman-lainnya,[TANPA GULA] Bubuk Minuman Non Gula Rasa Cappuccino / Cappucino 500 Gram Tanpa Gula Halal BPOM IPP Premium Plain Omura Powder,Rp50.000,50000.0
bubuk-minuman-lainnya,"Mganik SuperfoodLabu Kuning 500gr - Ramuan Superfood Diabetes & Nutrisi, 20 Sachet @25gr",Rp289.000,289000.0
bubuk-minuman-lainnya,Bubuqu Powder Drink Guava Squash - Bubuk Minuman Jambu Biji 1 Kg,Rp54.500,54500.0
bubuk-minuman-lainnya,Powder Drink Avocado Milk Bubuqu 1 Kg - Bubuk Minuman Alpukat Susu,Rp64.600,64600.0
bubuk-minuman-lainnya,Powder Drink Mochaccino Bubuqu 1 Kg - Bubuk Minuman Mocaccino,Rp62.000,62000.0
bubuk-minuman-lainnya,Primaline Lemonade Tea 625gr - Minuman Powder Premium,Rp40.280,40280.0
bubuk-minuman-lainnya,X'TRAGIN Bandrek Susu plus Jahe Merah Herbal Drink Minuman Serbuk,Rp84.000,84000.0
bubuk-minuman-lainnya,Homelab Bubuk Minuman Matcha Premium / Greentea Matcha Powder - 1 KG,Rp385.990,385990.0
bubuk-minuman-lainnya,Scrubber Minuman Serat Dus Jeruk 6's 7.1 Gr,Rp18.800,18800.0
bubuk-minuman-lainnya,NutriSari Blackcurrant 40 Sachet,Rp60.500,60500.0
bubuk-minuman-lainnya,Jakarta Selatan,Rp215.990,215990.0
bubuk-minuman-lainnya,(Free Tumbler Susu Jahe) Paket Super Hangat - Susu Jahe Super 20 Sachet + Kopi Jahe Robusta dan Arabica 20 Sachet,Rp80.008,80008.0
bubuk-minuman-lainnya,Bubuk Minuman Premium Rasa BLUEBERRY 1Kg JBD | Jakarta Bubble Drink | HALAL&BPOM,Rp65.100,65100.0
bubuk-minuman-lainnya,Bubuk Minuman Premium Rasa CHOCO CHEESE 1Kg JBD | Jakarta Bubble Drink | HALAL&BPOM,Rp115.000,115000.0
bubuk-minuman-lainnya,JBD Premium VANILLA LATTE Bubuk Minuman Rasa VANILLA LATTE 500gram BPOM HALAL,Rp55.000,55000.0
bubuk-minuman-lainnya,JBD Premium RED VELVET Bubuk Minuman Rasa RED VELVET 500gram BPOM HALAL,Rp55.000,55000.0
bubuk-minuman-lainnya,[BUBUK VARIAN TEH] JBD Bubuk Minuman TEH Premium 1 KG | Powder Non Gula | Halal & BPOM,Rp126.000,126000.0
bubuk-minuman-lainnya,OMURA Bubuk Minuman Premium Rasa Orange / Jeruk 100 Gram Halal & BPOM Blend Powder,Rp20.000,20000.0
bubuk-minuman-lainnya,Matchamu Sakura Latte 500gr,Rp158.400,158400.0
bubuk-minuman-lainnya,Mocha Powder 800gr - Bubuk Minuman Moka Otten Coffee cocok untuk Horeca,Rp155.000,155000.0
bubuk-minuman-lainnya,OMURA Bubuk Macchiato Cream Cheese Premium 500 Gram | Topping Minuman Instant | Foam Keju Powder,Rp65.000,65000.0
bubuk-minuman-lainnya,AMH Jahe Merah Herbal - 5 Sachet,Rp9.700,9700.0
bubuk-minuman-lainnya,OMURA Blend Bubuk Minuman Rasa Melon Powder Drink 500 GR Omura Powder,Rp41.000,41000.0
bubuk-minuman-lainnya,MOMYES ALMOND MIX - Minuman Almond Dengan Daun Katuk & Kelor - Bundling 2 Greentea + 1,Rp162.499,162499.0
bubuk-minuman-lainnya,Bubuk Minuman King Powder Rasa Milk Tea Serbuk Minuman Milk Tea,Rp43.000,43000.0
bubuk-minuman-lainnya,VEGETA SCRUBBER RASA JERUK 7.1 GRAM HANGER 12 SACHET,Rp48.274,48274.0
bubuk-minuman-lainnya,OMURA Bubuk Minuman Premium Rasa Lemon Tea 100 Gram Halal & BPOM Blend Powder,Rp20.000,20000.0
bubuk-minuman-lainnya,Bubuk Minuman Es Sticky Milk Premium Rasa Cappucino / Capucino / Kapucino 500 GR Mengandung Gula Susu Dan Krimer Es Kwentel Omura Powder,Rp41.000,41000.0
bubuk-minuman-lainnya,Bubuqu Powder Drink Red Velvet - Bubuk Minuman Red Velvet 1 Kg,Rp72.440,72440.0
bubuk-minuman-lainnya,"MSH JSR Herbal Premium - Rempah Pilihan Tanpa Kimia - Powder, Drink",Rp91.947,91947.0
bubuk-minuman-lainnya,"Bubuk Moccacino Premium, Premium Moccacino Powder",Rp123.000,123000.0
bubuk-minuman-lainnya,NUTRISARI AMERICAN ORANGE 10 PCS X 12 GR,Rp24.600,24600.0
bubuk-minuman-lainnya,MSH Temugiring Bubuk 500 g,Rp121.334,121334.0
bubuk-minuman-lainnya,DRiPP Red Velvet Powder - ( Red Velvet Bubuk ),Rp152.880,152880.0
bubuk-minuman-lainnya,Klepon Powder Drink Bubuqu 1 Kg - Minuman Bubuk Kue Klepon,Rp58.900,58900.0
bubuk-minuman-lainnya,Laoats Matcha Notes Powder Drink,Rp37.999,37999.0
bubuk-minuman-lainnya,Slice Strawberry Ice Cream / Bubuk Es Krim Rasa Stroberi 1 KG,Rp126.100,126100.0
bubuk-minuman-lainnya,Homelab Bubuk / Powder Matcha & Chocolate Premium,Rp176.550,176550.0
bubuk-minuman-lainnya,"Tombotugin Original 1 Box – Minuman Herbal Ginjal & Saluran Kemih | Bantu Lancarkan BAK, Bantu Cegah Batu Ginjal, Bantu Redakan Anyang-anyangan, Bantu Bersihkan Saluran Kemih, Rasanya Segar Nikmat | Aman Harian, BPOM, Halal, COD",Rp175.000,175000.0
bubuk-minuman-lainnya,Makila - Minuman Serbuk Rasa Lemon Leci AmanBPOM,Rp79.000,79000.0
bubuk-minuman-lainnya,OMURA Blend Bubuk Minuman Rasa Vanilla Latte Powder Drink 1 Kg Omura Powder,Rp68.000,68000.0
bubuk-minuman-lainnya,"Vegeta Herbal 1pack (12Sachet x 4,6gr) - Minuman Serbuk Mengandung Serat Untuk Melancarkan Buang Air Besar",Rp45.000,45000.0
bubuk-minuman-lainnya,Bubuk Minuman Es Sticky Milk Premium Rasa Avocado / Alpukat 1 Kg Mengandung Gula Susu Dan Krimer Es Kwentel Omura Powder,Rp68.000,68000.0
bubuk-minuman-lainnya,Bubuk Minuman Es Sticky Milk Premium Rasa Kelapa Kopyor 1 Kg Mengandung Gula Susu Dan Krimer Es Kwentel Omura Powder,Rp68.000,68000.0
bubuk-minuman-lainnya,NUTRISARI AUSTRALIAN LIME 11 GR X 10 PCS,Rp21.390,21390.0
bubuk-minuman-lainnya,[TANPA GULA] Bubuk Minuman Non Gula Rasa Thai Tea 250 Gram Tanpa Gula Halal BPOM IPP Premium Plain Omura Powder,Rp30.000,30000.0
bubuk-minuman-lainnya,Grape Powder Drink Bubuqu 1 Kg - Minuman Bubuk Anggur,Rp54.500,54500.0
bubuk-minuman-lainnya,Green Apple Powder Drink Bubuqu 1 Kg - Minuman Bubuk Apel Hijau,Rp54.500,54500.0
bubuk-minuman-lainnya,Choco Biscuit Powder Drink Bubuqu 1 Kg - Minuman Bubuk Biskuit Cokelat,Rp72.440,72440.0
bubuk-minuman-lainnya,Lemon Squash Powder Drink Bubuqu 1 Kg - Minuman Bubuk Lemon,Rp54.499,54499.0
bubuk-minuman-lainnya,HOTTO PURTO - 3 SACHET 90 GRAM - MULTIGRAIN WITH PURPLE POTATO,Rp75.000,75000.0
bubuk-minuman-lainnya,[SERIES] Bubuk Minuman Non Gula Aneka Rasa 500 Gram Tanpa Gula Halal BPOM IPP Premium Plain Omura Powder,Rp50.000,50000.0
bubuk-minuman-lainnya,SAMPLE Bubuk Minuman Premium Rasa COFFEE MILK TEA HALAL 20gr Siap Seduh | Jakarta Bubble Drink,Rp2.400,2400.0
bubuk-minuman-lainnya,SAMPLE Bubuk Minuman Premium Rasa AVOCADO COFFEE HALAL 20gr Siap Seduh | Jakarta Bubble Drink,Rp2.400,2400.0
bubuk-minuman-lainnya,MultiBev - Chocolate Powder 1 Kg - Bubuk Minuman Rasa Coklat,Rp124.000,124000.0
bubuk-minuman-lainnya,500 GR Beverix Bubuk Sticky Milk Viral Rasa Banana Topping Minuman Kekinian,Rp54.000,54000.0
bubuk-minuman-lainnya,Bubuk Minuman Rasa Vanilla Blue 500 GR Omura Blend,Rp41.000,41000.0
bubuk-minuman-lainnya,JAPO Bubuk Minuman Bubblegum 500 gr,Rp33.000,33000.0
bubuk-minuman-lainnya,NUTRISARI AMERICAN ORANGE 10 PCS X 12 GR,Rp24.600,24600.0
bubuk-minuman-lainnya,Daun Saga Bubuk Murni 50g,Rp28.070,28070.0
bubuk-minuman-lainnya,Matchamu Sakura Latte 500gr,Rp158.400,158400.0
bubuk-minuman-lainnya,OMURA Blend Bubuk Minuman Premium Rasa Blackcurrant Tea / Teh Anggur Blackcurant Instant Powder Drink 500 Gram Omura Powder,Rp41.000,41000.0
bubuk-minuman-lainnya,Minuman Herbal Jahe Merah Legendaris Serbuk 500gr,Rp43.900,43900.0
bubuk-minuman-lainnya,VEGETA HERBAL RASA ANGGUR 5 GRAM HANGER 12 SACHET,Rp44.319,44319.0
bubuk-minuman-lainnya,Bubuk Minuman Es Sticky Milk Premium Rasa Permen Karet 500 GR Mengandung Gula Susu Dan Krimer Es Kwentel Omura Powder,Rp41.000,41000.0
bubuk-minuman-lainnya,Special Gift Bubuqu Powder Minuman 30 Gram Random Varian,Rp1.000.000,1000000.0
bubuk-minuman-lainnya,Otten - Chocolate Powder 1 KG - Minuman Bubuk Coklat,Rp474.000,474000.0
bubuk-minuman-lainnya,D'Lanier Chocolate Powder Drink Bitter Sweet - 1kg,Rp295.000,295000.0
bubuk-minuman-lainnya,Powder Drink Bubble Gum Bubuqu 1 Kg - Bubuk Minuman Permen Karet,Rp62.000,62000.0
bubuk-minuman-lainnya,Pop Ice Milk Shake Powder Rasa Moccacino | Renceng - 23gr x 10 Sachet,Rp14.522,14522.0
bubuk-minuman-lainnya,H64 Jahe Merah Serbuk Instan Extra Gula Aren 12 Sachet Halal & Badan POM Minuman Bubuk,Rp36.000,36000.0
bubuk-minuman-lainnya,Vegeta Scrubber (PAKET ISI 3) + Amunizer + Adem Sari,Rp73.300,73300.0
bubuk-minuman-lainnya,Vegeta Herbal (PAKET ISI 2) + Adem sari Herbal Lemon Vit C Pet 350 + Adem Sari Herbal Tea Ciawi Can 320ml,Rp59.500,59500.0
bubuk-minuman-lainnya,Vegeta Herbal (PAKET ISI 2) + Amunizer Free Tumblr,Rp45.700,45700.0
bubuk-minuman-lainnya,FLIMEAL MINUMAN SEREAL RASA COKLAT 50 GRAM BOX 12 SACHET (600 GRAM),Rp289.834,289834.0
bubuk-minuman-lainnya,NutriSari Milky Peach dengan Kolagen (1 Karton) - Minuman Buah Vitamin C & Vitamin D,Rp248.000,248000.0
bubuk-minuman-lainnya,[PAKET CHOCOLATE] Bubuk Minuman 1Kg – Varian Rasa CHOCOLATE | Jakarta Bubble Drink POWDER,Rp115.000,115000.0
bubuk-minuman-lainnya,SAMPLE Bubuk Minuman Premium Rasa CHOCO AVOCADO HALAL 20gr Siap Seduh | Jakarta Bubble Drink,Rp3.800,3800.0
bubuk-minuman-lainnya,[PAKET SMOOTHIE] Bubuk Minuman 1Kg – Varian Rasa SMOOTHIES | Jakarta Bubble Drink POWDER,Rp95.000,95000.0
bubuk-minuman-lainnya,Bubuk Minuman Premium Rasa TIRAMISU 1Kg JBD | Jakarta Bubble Drink | HALAL&BPOM,Rp80.000,80000.0
bubuk-minuman-lainnya,Cangkir Mas Jahe Merah Lemon 330gr 3pcs,Rp163.605,163605.0
bubuk-minuman-lainnya,3x Pure Taro Premium - 100g / 3 Toples Bubuk Taro Paket Promo,Rp199.990,199990.0
bubuk-minuman-lainnya,OMURA Bubuk Minuman Premium Rasa Orange / Jeruk 100 Gram Halal & BPOM Blend Powder,Rp20.000,20000.0
bubuk-minuman-lainnya,Matchamu Sakura Latte 500gr,Rp158.400,158400.0
bubuk-minuman-lainnya,Mocha Powder 800gr - Bubuk Minuman Moka Otten Coffee cocok untuk Horeca,Rp155.000,155000.0
bubuk-minuman-lainnya,OMURA Bubuk Macchiato Cream Cheese Premium 500 Gram | Topping Minuman Instant | Foam Keju Powder,Rp65.000,65000.0
bubuk-minuman-lainnya,AMH Jahe Merah Herbal - 5 Sachet,Rp9.700,9700.0
bubuk-minuman-lainnya,Laoats Vanilla Latte Powder Drink,Rp40.845,40845.0
bubuk-minuman-lainnya,OMURA Bubuk Minuman Premium Rasa Creamy Vanilla / Vanila 500 Gram Halal & BPOM Blend Powder,Rp36.000,36000.0
bubuk-minuman-lainnya,Herbadrink Susu Jahe - Minuman Serbuk Menghangatkan Badan,Rp18.600,18600.0
bubuk-minuman-lainnya,New Arrival Day [TANPA GULA] Bubuk Minuman Tanpa Gula Rasa Bubble Gum / Permen Karet 250 Gram Halal BPOM IPP Plain No Sugar Omura Powder,Rp30.000,30000.0
bubuk-minuman-lainnya,[TANPA GULA] Bubuk Minuman Premium Non Gula Rasa Red Velvet 250 Gr Halal & BPOM IPP Premium Plain Omura Powder,Rp30.000,30000.0
bubuk-minuman-lainnya,SUL7AN Bubuk Minuman Rasa Strawberry / Stroberi 1 KG Mengandung Gula Instant Powder Drink Sultan Powder,Rp56.000,56000.0
bubuk-minuman-lainnya,Matchamu Taro Powder Pure 1kg,Rp293.040,293040.0
bubuk-minuman-lainnya,MGanik Metafiber Travel Size 7 Sachet Herbal Diabetes,Rp79.000,79000.0
bubuk-minuman-lainnya,OHIMEN MINUMAN SERBUK RASA APEL 3 GRAM BOX 2 SACHET,Rp208.062,208062.0
bubuk-minuman-lainnya,JAPO Bubuk Minuman Choco Milk 1 Kg,Rp66.000,66000.0
bubuk-minuman-lainnya,Kab. Kulon Progo,Rp55.375,55375.0
bubuk-minuman-lainnya,[KARTONAN] OMURA Blend Bubuk Minuman Premium Instant Aneka Rasa Mix Gula 500 Gram 1 CTN Isi 20 PCS Omura Powder Halal BPOM,Rp800.000,800000.0
bubuk-minuman-lainnya,NUTRISARI AUSTRALIAN LIME 11 GR X 10 PCS,Rp23.530,23530.0
bubuk-minuman-lainnya,Daun Saga Bubuk Murni 50g,Rp28.070,28070.0
bubuk-minuman-lainnya,OMURA Bubuk Minuman Premium Rasa Creamy Vanilla / Vanila 100 Gram Halal & BPOM Blend Powder,Rp20.000,20000.0
bubuk-minuman-lainnya,Bubuk Coklat / Powder Chocolate - 200g,Rp88.990,88990.0
bubuk-minuman-lainnya,Bubuqu Premix Powder Cheese Foam - Premix Powder Foam Keju 1 Kg,Rp62.000,62000.0
bubuk-minuman-lainnya,Jakarta Selatan,Rp215.990,215990.0
bubuk-minuman-lainnya,Pop Ice Milk Shake Powder Rasa Vanilla Blue | Renceng - 25gr x 10 Sachet,Rp14.522,14522.0
bubuk-minuman-lainnya,Pop Ice Milk Shake Powder Rasa Active Tornado Squash | Renceng - 25gr x 10 Sachet,Rp14.522,14522.0
bubuk-minuman-lainnya,PN1 9 Pouch (108 Sachet) FREE 3 Box (9 Sachet) - Minuman Tinggi Protein Tinggi Serat Multivitamin Rendah Gula Rendah Kalori Vegan Friendly A07,Rp2.554.740,2554740.0
bubuk-minuman-lainnya,Powder Drink Lychee Squash Bubuqu 1 Kg - Bubuk Minuman Buah Leci,Rp54.500,54500.0
bubuk-minuman-lainnya,Bubuqu Powder Drink Raspberry Squash - Bubuk Minuman Beri Frambos 1 Kg,Rp54.500,54500.0
bubuk-minuman-lainnya,OMURA Blend Bubuk Minuman Rasa Melon Powder Drink 1 Kg Omura Powder,Rp68.000,68000.0
bubuk-minuman-lainnya,Bubuk Minuman Premium Rasa BLACK CHOCO GRANULE 1Kg JBD | Jakarta Bubble Drink | HALAL&BPOM,Rp59.000,59000.0
bubuk-minuman-lainnya,Bubuk Minuman Premium Rasa BLUEBERRY 1Kg JBD | Jakarta Bubble Drink | HALAL&BPOM,Rp65.100,65100.0
bubuk-minuman-lainnya,[BUBUK REKOMENDASI BUAH RAMADHAN] Bubuk Minuman Premium 1kg ANEKA VARIAN RASA,Rp85.000,85000.0
bubuk-minuman-lainnya,JAGURICH Jahe Merah Kopi Tubruk 300 Gr 3 Toples,Rp60.000,60000.0
bubuk-minuman-lainnya,MSH Green Tea Bubuk Original 50gr,Rp13.632,13632.0
bubuk-minuman-lainnya,VEGETA HERBAL RASA ANGGUR 5 GRAM HANGER 12 SACHET,Rp39.237,39237.0
bubuk-minuman-lainnya,500 GR Beverix Bubuk Sticky Milk Viral Rasa Kopi Cappucino Serbuk Minuman Sticky Milk,Rp60.000,60000.0
bubuk-minuman-lainnya,OMURA Bubuk Minuman Premium Rasa Strawberry / Stroberi 100 Gram Halal & BPOM Blend Powder,Rp20.000,20000.0
bubuk-minuman-lainnya,Laoats Milksure Powder Drink,Rp37.999,37999.0
bubuk-minuman-lainnya,Bubuk Minuman REGULER PLAIN - VANILLA BLUE 1KG,Rp43.000,43000.0
bubuk-minuman-lainnya,Kunyit Kuning Bubuk dari BUMIFARM Official,Rp14.550,14550.0
bubuk-minuman-lainnya,Bubuk Minuman Es Sticky Milk Premium Rasa Matcha 500 Gr Mengandung Gula Susu Dan Krimer Es Kwentel Omura Powder Drink,Rp41.000,41000.0
bubuk-minuman-lainnya,Minuman Herbal Jahe Merah Serbuk Legendaris Toples PIRT 1Kg 500Gram Rasa Hangat Rempah Alami,Rp69.900,69900.0
bubuk-minuman-lainnya,Tiramisu Powder 800gr - Bubuk Minuman Rasa Tiramisu Otten Coffee cocok untuk Horeca,Rp155.000,155000.0
bubuk-minuman-lainnya,Kab. Tangerang,Rp65.000,65000.0
bubuk-minuman-lainnya,JAPO Bubuk Minuman Sweet Candy 1 Kg,Rp63.000,63000.0
bubuk-minuman-lainnya,[FRUIT SQUASH SERIES] Bubuk Minuman Premium Rasa Buah Segar Tanpa Susu 1 KG & 500 Gram Mengandung Gula Instant Drink Omura Powder Blend,Rp68.000,68000.0
bubuk-minuman-lainnya,Jakarta Selatan,Rp25.000,25000.0
bubuk-minuman-lainnya,Strawberry Milkshake Powder Drink / Bubuk Minuman Serbuk Rasa Stroberi 500 GR,Rp58.550,58550.0
bubuk-minuman-lainnya,OMURA Blend Bubuk Minuman Rasa Strawberry Tea Powder Drink 1 Kg Omura Powder,Rp68.000,68000.0
bubuk-minuman-lainnya,OMURA Blend Bubuk Minuman Rasa Tiramisu Powder Drink 1 Kg Omura Powder,Rp68.000,68000.0
bubuk-minuman-lainnya,Sehato - Etawafresh Susu Bubuk Kambing Etawaisi 500 gr,Rp41.000,41000.0
bubuk-minuman-lainnya,LunaBloom 6 Box BloomLab 96 Sachet Paket Hemat - Free Bottle Shaker,Rp3.062.636,3062636.0
bubuk-minuman-lainnya,mGanik Metafiber Travel Size Yuzu 7 Sachet,Rp79.000,79000.0
bubuk-minuman-lainnya,Susu Jahe Merah 41 BOX (5 Sachet),Rp8.000,8000.0
bubuk-minuman-lainnya,Primaline Rasa Mangga 800gr - Minuman Powder Premium,Rp75.260,75260.0
bubuk-minuman-lainnya,Mitana Herbs - Susu Kambing Etawa Walatra Etaku Goat Milk Susu Kambing Bubuk Asli Dairy,Rp95.000,95000.0
bubuk-minuman-lainnya,Bubuqu Powder Drink Lemon Squash - Bubuk Minuman Lemon Segar 1 Kg,Rp54.500,54500.0
bubuk-minuman-lainnya,Bubuk Minuman Rasa Blueberry Fruit Powder Drink Blueberry,Rp43.000,43000.0
bubuk-minuman-lainnya,JAPO Bubuk Minuman Choco Mix Plain 1 Kg,Rp93.000,93000.0
bubuk-minuman-lainnya,NUTIVER Pure Matcha Powder Premium Matcha Bubuk Matcha Organic & Original 200gr,Rp129.800,129800.0
bubuk-minuman-lainnya,SAMPLE Bubuk Minuman Premium Rasa ALMOND MILK HALAL 20gr Siap Seduh | Jakarta Bubble Drink,Rp2.400,2400.0
bubuk-minuman-lainnya,Bubuk Minuman Premium Rasa VANILLA LATTE 1Kg JBD | Jakarta Bubble Drink | HALAL&BPOM,Rp55.000,55000.0
bubuk-minuman-lainnya,TRIVICO Moringa Leaf Creamy Latte Minuman Daun Kelor Bubuk Kelor Latte Vegan Moringa Powder Friendly & Bebas Laktosa 200gr,Rp50.999,50999.0
bubuk-minuman-lainnya,Bubuk Minuman Es Sticky Milk Premium Rasa Royal Chocolate / Royal Cokelat / Coklat Royal 500 GR Mengandung Gula Susu Dan Krimer Es Kwentel Omura Powder,Rp41.000,41000.0
bubuk-minuman-lainnya,OMURA Blend Bubuk Minuman Rasa Lemonade / Jeruk Nipis Powder Drink 500 GR Omura Powder,Rp41.000,41000.0
bubuk-minuman-lainnya,Bubuk Minuman Es Sticky Milk Premium Rasa Pink Bubble Gum / Cotton Candy 500 Gram Mengandung Gula Susu Dan Krimer Es Kwentel Omura Powder Drink,Rp41.000,41000.0
bubuk-minuman-lainnya,Serbuk Minuman SQUASH Premium Rasa Buah Segar Tanpa Creamer Kemasan 1 Kg - Beverix,Rp80.500,80500.0
bubuk-minuman-lainnya,OMURA Bubuk Minuman Premium Rasa Durian / Duren 100 Gram Halal & BPOM Blend Powder,Rp20.000,20000.0
bubuk-minuman-lainnya,Matchamu Sakura Latte 500gr,Rp158.400,158400.0
bubuk-minuman-lainnya,Bubuqu Powder Drink Cookies & Cream - Bubuk Minuman Kue & Krim 1 Kg,Rp62.000,62000.0
bubuk-minuman-lainnya,Bubuk Minuman Premium Plain Horeca Rasa Bubble Gum / Permen Karet 500 Gr IPP Plain Tanpa Gula,Rp50.000,50000.0
bubuk-minuman-lainnya,Bubuk Minuman Rasa Permen Karet / Blue Bubble Gum 1 Kg Omura Blend,Rp68.000,68000.0
bubuk-minuman-lainnya,AMH Jahe Merah Isi 5 Sachet - Minuman Jahe Merah,Rp12.200,12200.0
bubuk-minuman-lainnya,Sari Temulawak 85 Instan Original Toples 400 gr,Rp48.800,48800.0
bubuk-minuman-lainnya,Chocolate Milk Powder Drink Bubuqu 1 Kg - Minuman Bubuk Cokelat Susu,Rp72.440,72440.0
bubuk-minuman-lainnya,New Arrival Day [TANPA GULA] Bubuk Minuman Tanpa Gula Rasa Matcha 1 KG Halal BPOM IPP Plain No Sugar Omura Powder,Rp90.000,90000.0
bubuk-minuman-lainnya,ESSENLI Organic Pure Barleygrass Extract Powder / Bubuk rumput barley murni,Rp48.000,48000.0
bubuk-minuman-lainnya,￼Homelab Pure Uji Matcha Japan - Bubuk Pure Matcha,Rp145.990,145990.0
bubuk-minuman-lainnya,Black Forest Powder Drink Bubuqu 1 Kg - Minuman Bubuk Kue Black Forest,Rp62.000,62000.0
bubuk-minuman-lainnya,Paket Jahe 41 Wedang Jeruk Nipis Jahe Merah - (5 rcg),Rp72.000,72000.0
bubuk-minuman-lainnya,DAUN KELOR BUBUK / MORINGA BUBUK - BUMI ORGANIK,Rp21.945,21945.0
bubuk-minuman-lainnya,DAUN KELOR BUBUK 50G - BUMI ORGANIK,Rp30.000,30000.0
bubuk-minuman-lainnya,JAPO Bubuk Minuman Coffee Caramel 1 Kg,Rp63.000,63000.0
bubuk-minuman-lainnya,JAPO Bubuk Minuman Vanila Original Plain 1 Kg,Rp83.000,83000.0
bubuk-minuman-lainnya,Bubuk Minuman Charcoal Powder 800gr - Otten Coffee cocok untuk Horeca,Rp185.000,185000.0
bubuk-minuman-lainnya,ESSENLI Pure Matcha Ceremonial Powder Uji Japan 50Gram,Rp203.000,203000.0
bubuk-minuman-lainnya,Venaron Nutribien Rasa Melon Box 5 Sachet - Minuman Tinggi Serat,Rp70.200,70200.0
bubuk-minuman-lainnya,Hard Strawberry Ice Cream / Bubuk Es Krim Rasa Stroberi 1 KG,Rp126.100,126100.0
bubuk-minuman-lainnya,[NED] Pop Ice Milk Shake Powder Rasa Cheesu Red Velvet 23gr - 10 pcs,Rp16.440,16440.0
bubuk-minuman-lainnya,Matcha Latte Powder 800 Gram - Bubuk Minuman Teh Hijau Otten Coffee cocok untuk Horeca,Rp205.000,205000.0
bubuk-minuman-lainnya,Zenlatte Pouch Zenlatte 200 Gram,Rp49.500,49500.0
bubuk-minuman-lainnya,mGanik Metafiber Yuzu 450gr Suplemen Serat Organik untuk Menjaga Kadar Gula Darah & Menurunkan Kolesterol - 2x Sehari,Rp299.000,299000.0
bubuk-minuman-lainnya,Kopi Gmax Kopi Gingseng Gula Aren Bisa Grosir,Rp21.000,21000.0
bubuk-minuman-lainnya,Powder Drink Choco Milk Bubuqu 1 Kg - Bubuk Minuman Cokelat Susu,Rp72.440,72440.0
bubuk-minuman-lainnya,Bubuqu Powder Drink Yogurt - Bubuk Minuman Yoghurt 1 Kg,Rp62.000,62000.0
bubuk-minuman-lainnya,Paket Bundling Powder Bubuqu Matcha Green Tea + Macchiato Foam 2Kg,Rp117.800,117800.0
bubuk-minuman-lainnya,Bubuqu Powder Non Dairy Creamer - Bubuk Krimer Nabati 1 Kg,Rp43.700,43700.0
bubuk-minuman-lainnya,NutriSari Strawberry 40 sachet - Minuman Buah Vitamin C & Vitamin D,Rp60.500,60500.0
bubuk-minuman-lainnya,Paket Vegeta Herbal (2 pcs) + Adem Sari Dus + Free Tumbler,Rp60.200,60200.0
bubuk-minuman-lainnya,Otten - Apple Tea Powder Drink / Bubuk Minuman Serbuk Teh Rasa Apel - 1 Kg,Rp99.000,99000.0
bubuk-minuman-lainnya,VEGETA SCRUBBER RASA JERUK 7.1 GRAM SACHET,Rp3.080,3080.0
bubuk-minuman-lainnya,Green Tea Creme Powder 800 Gram - Bubuk Minuman Teh Hijau Creamy Otten Coffee cocok untuk Horeca,Rp165.000,165000.0
bubuk-minuman-lainnya,OMURA Bubuk Minuman Premium Rasa Mango Tea 1 Kg Isi 2 Pcs Mix Gula Instant Powder Drink,Rp134.000,134000.0
bubuk-minuman-lainnya,TRIVICO Moringa Leaf Powder Daun Kelor Bubuk Murni Pure Premium Organik 150 gram,Rp40.999,40999.0
bubuk-minuman-lainnya,SAMPLE Bubuk Minuman Premium Rasa AVOCADO HALAL 20gr Siap Seduh | Jakarta Bubble Drink,Rp2.400,2400.0
bubuk-minuman-lainnya,Bubuk Minuman Premium Rasa CHOCO AVOCADO 1Kg JBD | Jakarta Bubble Drink | HALAL&BPOM,Rp79.050,79050.0
bubuk-minuman-lainnya,Powder Drink Banana Milk Bubuqu 1 Kg - Bubuk Minuman Susu Pisang Korea,Rp62.000,62000.0
bubuk-minuman-lainnya,[TANPA GULA] Bubuk Minuman Non Gula Rasa Vanilla / Vanila 500 Gram Tanpa Gula Halal BPOM IPP Premium Plain Omura Powder,Rp50.000,50000.0
bubuk-minuman-lainnya,OMURA Blend Bubuk Minuman Rasa Vanilla Latte Powder Drink 500 GR Omura Powder,Rp41.000,41000.0
bubuk-minuman-lainnya,Minuman Sari Lemon 500ml Laoats,Rp40.999,40999.0
bubuk-minuman-lainnya,Laoats Yoghurt Yui Veg Powder Drink,Rp37.999,37999.0
bubuk-minuman-lainnya,Laoats Choco Belgiume Powder Drink,Rp40.845,40845.0
bubuk-minuman-lainnya,New Arrival Day [TANPA GULA] Bubuk Minuman Tanpa Gula Rasa Lemon Tea 1 KG Halal BPOM IPP Plain No Sugar Omura Powder,Rp90.000,90000.0
bubuk-minuman-lainnya,Bubuk Krimer Premium 500 Gr Creamer Nabati Non Diary Es Teller Sticky Milk Topping NDC Gurih Creamy Omura Powder,Rp52.000,52000.0
bubuk-minuman-lainnya,NUTRISARI AMERICAN ORANGE 10 PCS X 12 GR,Rp24.600,24600.0
bubuk-minuman-lainnya,VEGETA HERBAL 6S - OBAT HERBAL,Rp19.600,19600.0
bubuk-minuman-lainnya,Dale's Es Blewah 1000g - Bubuk Minuman,Rp148.400,148400.0
bubuk-minuman-lainnya,JAPO Paket Sample Bubuk Minuman,Rp110.000,110000.0
bubuk-minuman-lainnya,Paket Bubuk Matcha / Chocolate / Hojicha (3 Bungkus Bisa Campur),Rp292.990,292990.0
bubuk-minuman-lainnya,MAX TEA TEA TARIK 24X5X25 GR,Rp13.790,13790.0
bubuk-minuman-lainnya,OMURA Blend Bubuk Minuman Premium Rasa Melon Squash Tanpa Susu Powder Drink 1 Kg Omura Powder,Rp68.000,68000.0
bubuk-minuman-lainnya,Bubuk Minuman Es Sticky Milk Premium Rasa Jagung Manis 1 Kg Mengandung Gula Susu Dan Krimer Es Kwentel Omura Powder Drink,Rp68.000,68000.0
bubuk-minuman-lainnya,MultiBev - Cappuccino Powder 1 Kg - Bubuk Minuman Rasa Cappuccino,Rp75.000,75000.0
bubuk-minuman-lainnya,Bubuk Minuman Rasa Teh Tarik 1 Kg Omura Blend,Rp68.000,68000.0
bubuk-minuman-lainnya,Coffee Jelly Premix Powder Arnav 1 Kg - Bubuk Premix Kopi Jeli Premium,Rp116.000,116000.0
bubuk-minuman-lainnya,Paket 3 Kopi Torabika Jahe Susu Banded,Rp74.100,74100.0
bubuk-minuman-lainnya,Palm Sugar Arnav 1 Kg - Gula Aren / Palem Premium,Rp44.000,44000.0
bubuk-minuman-lainnya,Lime Honey Powder Drink Bubuqu 1 Kg - Minuman Bubuk Madu Jeruk Nipis,Rp54.500,54500.0
bubuk-minuman-lainnya,MultiBev - Lemon Tea Powder 1 Kg - Minuman Bubuk,Rp69.000,69000.0
bubuk-minuman-lainnya,Bubuqu Powder Drink Chocolate Milk - Bubuk Minuman Cokelat Susu 1 Kg,Rp72.439,72439.0
bubuk-minuman-lainnya,Bubuk Minuman Es Sticky Milk Premium Rasa Pink Bubble Gum / Cotton Candy 500 Gram Mengandung Gula Susu Dan Krimer Es Kwentel Omura Powder Drink,Rp41.000,41000.0
bubuk-minuman-lainnya,Serbuk Minuman SQUASH Premium Rasa Buah Segar Tanpa Creamer Kemasan 1 Kg - Beverix,Rp80.500,80500.0
bubuk-minuman-lainnya,OMURA Bubuk Minuman Premium Rasa Durian / Duren 100 Gram Halal & BPOM Blend Powder,Rp20.000,20000.0
bubuk-minuman-lainnya,Matchamu Sakura Latte 500gr,Rp158.400,158400.0
bubuk-minuman-lainnya,Bubuqu Powder Drink Cookies & Cream - Bubuk Minuman Kue & Krim 1 Kg,Rp62.000,62000.0
bubuk-minuman-lainnya,MultiBev - Lemon Tea Powder 1 Kg - Minuman Bubuk,Rp69.000,69000.0
bubuk-minuman-lainnya,Lime Honey Powder Drink Bubuqu 1 Kg - Minuman Bubuk Madu Jeruk Nipis,Rp54.500,54500.0
bubuk-minuman-lainnya,MAX TEA TEA TARIK 24X5X25 GR,Rp13.790,13790.0
bubuk-minuman-lainnya,MultiBev - Cappuccino Powder 1 Kg - Bubuk Minuman Rasa Cappuccino,Rp75.000,75000.0
bubuk-minuman-lainnya,Bubuk Minuman Es Sticky Milk Premium Rasa Jagung Manis 1 Kg Mengandung Gula Susu Dan Krimer Es Kwentel Omura Powder Drink,Rp68.000,68000.0
bubuk-minuman-lainnya,Serbuk Minuman SQUASH Premium Rasa Buah Segar Tanpa Creamer Kemasan 1 Kg - Beverix,Rp80.500,80500.0
bubuk-minuman-lainnya,Coffee Jelly Premix Powder Arnav 1 Kg - Bubuk Premix Kopi Jeli Premium,Rp116.000,116000.0
bubuk-minuman-lainnya,Bubuk Minuman Rasa Teh Tarik 1 Kg Omura Blend,Rp68.000,68000.0
bubuk-minuman-lainnya,Paket 3 Kopi Torabika Jahe Susu Banded,Rp74.100,74100.0
bubuk-minuman-lainnya,NUTRISARI AMERICAN ORANGE 10 PCS X 12 GR,Rp18.990,18990.0
bubuk-minuman-lainnya,Alamix Temulawak Jahe Minuman Herbal Cair Instan Siap Seduh,Rp20.000,20000.0
bubuk-minuman-lainnya,New Arrival Day [TANPA GULA] Bubuk Minuman Tanpa Gula Rasa Matcha 500 Gram Halal BPOM IPP Plain No Sugar Omura Powder,Rp50.000,50000.0
bubuk-minuman-lainnya,HOTTO PURTO - 1 POUCH 16 SACHET - MULTIGRAIN WITH PURPLE POTATO,Rp290.000,290000.0
bubuk-minuman-lainnya,Nutrisari Sweet Guava Pls 10X11 Gram,Rp22.000,22000.0
bubuk-minuman-lainnya,mGanik Metafiber Travel Size Leci 7 Sachet,Rp79.000,79000.0
bubuk-minuman-lainnya,MAXFOOD - Pure Instant Thai Tea Extract Powder / Bubuk Thai Tea Murni 100 Gr,Rp71.900,71900.0
bubuk-minuman-lainnya,POWDER DREAMS Bubuk Minuman Varian Rasa Fruity 1 KG Drink Lemon Serbuk,Rp120.000,120000.0
bubuk-minuman-lainnya,Maxfood - Bundle Bubuk Teh Minuman Rasa Buah Lemon Tea + Peach Tea 1 KG,Rp124.900,124900.0
bubuk-minuman-lainnya,Vegeta Minuman Serat Herbal Dus 6'S x 4.6 gr (Isi 2),Rp38.900,38900.0
bubuk-minuman-lainnya,MultiBev - Lemon Tea Powder 1Kg - Bubuk Minuman,Rp69.000,69000.0
bubuk-minuman-lainnya,X'TRAGIN Lemon Jahe Madu Herbal Drink Minuman Serbuk,Rp24.000,24000.0
bubuk-minuman-lainnya,SAMPLE Bubuk Minuman Premium Rasa RED VELVET HALAL 20gr Siap Seduh | Jakarta Bubble Drink,Rp2.400,2400.0
bubuk-minuman-lainnya,SAMPLE Bubuk Minuman Premium Rasa MILK TEA HALAL 20gr Siap Seduh | Jakarta Bubble Drink,Rp2.400,2400.0
bubuk-minuman-lainnya,Slice Vanilla Ice Cream / Bubuk Es Krim Rasa Vanilla 1 KG,Rp126.100,126100.0
bubuk-minuman-lainnya,[ISI 10 PCS] Pejoy Vanilla Hokkaido Milk 30gr,Rp94.000,94000.0
bubuk-minuman-lainnya,Powder Frape Base Bubuk La Terra 1kg,Rp168.750,168750.0
bubuk-minuman-lainnya,OMURA Bubuk Minuman Premium Rasa Cappuccino / Cappucino 100 Gram Halal & BPOM Blend Powder,Rp20.000,20000.0
bubuk-minuman-lainnya,[TANPA GULA] Bubuk Minuman Premium Non Gula Rasa Vanilla / Vanila 1 Kg Omura Powder Halal & BPOM IPP Premium Plain,Rp90.000,90000.0
bubuk-minuman-lainnya,OMURA Blend Bubuk Minuman Rasa Red Velvet Powder Drink 1 Kg Omura Powder,Rp68.000,68000.0
bubuk-minuman-lainnya,Bubuk Minuman Es Sticky Milk Premium Rasa Matcha / Green Tea 1 Kg Mengandung Gula Susu Dan Krimer Es Kwentel Omura Powder Drink,Rp68.000,68000.0
bubuk-minuman-lainnya,NUTRISARI AUSTRALIAN LIME 11 GR X 10 PCS,Rp21.390,21390.0
bubuk-minuman-lainnya,Entrasol Twinpack Gold Vanilla 560g,Rp231.656,231656.0
bubuk-minuman-lainnya,Beorganik Pure Hojicha Powder / Bubuk Premium Hojicha Japanese 60gr,Rp79.950,79950.0
bubuk-minuman-lainnya,Salted Butter Macchiato Premix Powder Arnav 1 Kg - Premix Macchiato,Rp160.500,160500.0
bubuk-minuman-lainnya,KUDALIN Susu Kuda Murni Kudalin Asli Sumbawa Tinggi Vitamin Paket 2 Box Kemasan 250gr Minuman Dairy Bubuk Gula Halal BPOM RI,Rp176.300,176300.0
bubuk-minuman-lainnya,Mganik Metafiber Yuzu 450gr - Suplemen Serat Organik untuk Menjaga Kadar Gula Darah dan Menurunkan Kolesterol,Rp299.000,299000.0
bubuk-minuman-lainnya,Suplemen Serat mganik METAFIBER Yuzu 450gr untuk 40 Konsumsi - 2x Sehari,Rp299.000,299000.0
bubuk-minuman-lainnya,PN1 1 Box (3 Sachet) - Minuman Tinggi Protein Tinggi Serat Multivitamin Rendah Gula Rendah Kalori Vegan Friendly A01,Rp74.100,74100.0
bubuk-minuman-lainnya,Pop Ice Milk Shake Powder Rasa Cokelat Krim | Renceng - 25gr x 10 Sachet,Rp14.522,14522.0
bubuk-minuman-lainnya,Pop Ice Sultan Milk Shake Powder Rasa Cookies and Cream | 23gr x 10Sachet,Rp14.522,14522.0
bubuk-minuman-lainnya,Pop Ice Milk Shake Powder Rasa Cokelat Susu Renceng | 25gr x 10 Sachet,Rp14.522,14522.0
bubuk-minuman-lainnya,OMURA Blend Bubuk Minuman Rasa Sirsak Powder Drink 1 Kg Omura Powder,Rp68.000,68000.0
bubuk-minuman-lainnya,Instan Minuman Rosella Premium – African Inspired Hibiscus,Rp135.000,135000.0
bubuk-minuman-lainnya,HangNver - Anti Hangover Tipsy Bro,Rp25.000,25000.0
bubuk-minuman-lainnya,BEVERIX 500 gram Bubuk Minuman Teh Premium Rasa Leci Tea 2IN1 MIX Serbuk Minuman Fruit Tea Usaha Es Teh Jumbo Aneka Rasa,Rp46.000,46000.0
bubuk-minuman-lainnya,M+SUSU rasa Original Minuman Energi Serbuk (3 Box),Rp30.000,30000.0
bubuk-minuman-lainnya,OMURA Blend Bubuk Minuman Rasa Tiramisu Powder Drink 500 GR Omura Powder,Rp41.000,41000.0
bubuk-minuman-lainnya,Singabera Premium Roselle Ginger (Jahe Rosela) - 12 Box @ 12 sachets,Rp374.292,374292.0
bubuk-minuman-lainnya,Bubuk Minuman Premium Rasa Taro Serbuk Minuman Premium Taro,Rp110.000,110000.0
bubuk-minuman-lainnya,JAPO Bubuk Minuman Bubble Drink Choco Caramel,Rp66.000,66000.0
bubuk-minuman-lainnya,Bubuk Minuman Black Cookies 1 Kg,Rp67.000,67000.0
bubuk-minuman-lainnya,Bubuk Minuman Es Sticky Milk Premium Rasa Durian 500 GR Mengandung Gula Susu Dan Krimer Es Kwentel Omura Powder,Rp41.000,41000.0
bubuk-minuman-lainnya,MultiBev - Gula Aren Powder 1Kg - Bubuk Minuman,Rp75.000,75000.0
bubuk-minuman-lainnya,Lemon Tea Powder Drink Bubuqu 1 Kg - Minuman Bubuk Teh Lemon,Rp61.999,61999.0
bubuk-minuman-lainnya,Otten - Peach Tea Powder Drink / Bubuk Minuman Serbuk Teh Rasa Persik - 1 Kg,Rp99.000,99000.0
bubuk-minuman-lainnya,Otten - Lychee Tea Powder Drink / Bubuk Minuman Serbuk Teh Rasa Leci - 1 Kg,Rp99.000,99000.0
bubuk-minuman-lainnya,NUTIVER Susu Kedelai Bubuk Soy Milk Powder Kedele Bubuk Alami Tanpa Gula Tambahan 200gr,Rp33.660,33660.0
bubuk-minuman-lainnya,Bubuk Minuman Premium Rasa CHOCO VANILLA 1Kg JBD | Jakarta Bubble Drink | HALAL&BPOM,Rp99.000,99000.0
bubuk-minuman-lainnya,[BUBUK KREASI ES TELER VIRAL] JBD Bubuk Minuman Premium 1 KG | Powder Non Gula | Halal & BPOM,Rp62.000,62000.0
bubuk-minuman-lainnya,"Mganik Superfood Labu Kuning 500gr - Ramuan Superfood Diabetes & Nutrisi, 20 Sachet @25gr",Rp299.000,299000.0
bubuk-minuman-lainnya,Matchamu Sakura Latte 500gr,Rp158.400,158400.0
bubuk-minuman-lainnya,Bubuqu Powder Drink Avocado Milk - Bubuk Minuman Alpukat Susu 1 Kg,Rp64.599,64599.0
bubuk-minuman-lainnya,AMH Jahe Merah Herbal - 5 Sachet,Rp9.700,9700.0
bubuk-minuman-lainnya,OMURA Blend Bubuk Minuman Rasa Pink Bubble Gum Powder Drink 1 Kg Omura Powder,Rp68.000,68000.0
bubuk-minuman-lainnya,Bubuk Minuman Es Sticky Milk Premium Rasa Pink Bubble Gum / Cotton Candy 500 Gram Mengandung Gula Susu Dan Krimer Es Kwentel Omura Powder Drink,Rp41.000,41000.0
bubuk-minuman-lainnya,OMURA Bubuk Minuman Premium Rasa Nanas / Pineapple 500 Gram Halal & BPOM Blend Powder,Rp41.000,41000.0
bubuk-minuman-lainnya,JAGURICH Jahe Merah Kurma 300 Gram,Rp20.000,20000.0
bubuk-minuman-lainnya,"Mganik Superfood Labu Kuning 500gr - Ramuan Superfood Diabetes & Nutrisi, 20 Sachet @25gr",Rp289.000,289000.0
bubuk-minuman-lainnya,Wight Plus | Detox Rahim Isi 5 pcs | Serbuk zuriat 125gram & Madu Promil 250Gram Al Madinah | Detox Jamu Wanita,Rp65.935,65935.0
bubuk-minuman-lainnya,[KARTONAN] OMURA Blend Bubuk Minuman Premium Instant Aneka Rasa Mix Gula 1 Kg 1 CTN Isi 10 PCS Omura Powder Halal BPOM,Rp670.000,670000.0
bubuk-minuman-lainnya,AMH Jahe Merah Herbal Cair Sachet (Isi 15 mL) - Meredakan Gejala Masuk Angin,Rp5.600,5600.0
bubuk-minuman-lainnya,[TANPA GULA] Bubuk Minuman Premium Non Gula Rasa Green Tea Latte / Matcha Latte 1 Kg Halal & BPOM IPP Premium Plain Omura Powder,Rp90.000,90000.0
bubuk-minuman-lainnya,Powder Milk Tea La Terra 1 kg,Rp149.900,149900.0
bubuk-minuman-lainnya,INSTAN JAHE MERAH GULA AREN 50G - BUMI ORGANIK,Rp27.335,27335.0
bubuk-minuman-lainnya,JAPO Bubuk Minuman Choco Original Plain 1 Kg,Rp200.000,200000.0
bubuk-minuman-lainnya,JAPO Bubuk Minuman Rasa Choco Royal 1 Kg,Rp66.000,66000.0
bubuk-minuman-lainnya,JAPO Bubuk Minuman Lychee 1 Kg,Rp63.000,63000.0
bubuk-minuman-lainnya,JAPO Bubuk Minuman Rasa Capucino 500 gr,Rp33.000,33000.0
bubuk-minuman-lainnya,JAPO Bubuk Minuman Rasa Tiramisu 1 Kg,Rp63.000,63000.0
bubuk-minuman-lainnya,JAPO Bubuk Minuman Rasa Mochacino 1 Kg,Rp63.000,63000.0
bubuk-minuman-lainnya,JAPO Bubuk Minuman Redvelvet 1 Kg,Rp63.000,63000.0
bubuk-minuman-lainnya,JAPO Bubuk Minuman Lemon Tea 1 Kg,Rp63.000,63000.0
bubuk-minuman-lainnya,SUL7AN Bubuk Minuman Rasa Bubble Gum / Permen Karet 1 KG Mengandung Gula Instant Powder Drink Sultan Powder,Rp56.000,56000.0
bubuk-minuman-lainnya,MAX TEA TEA TARIK 24X5X25 GR,Rp13.790,13790.0
bubuk-minuman-lainnya,"Scop Ice Kecil,Sedang,Besar",Rp34.000,34000.0
bubuk-minuman-lainnya,Rock Melon Powder Drink Bubuqu 1 Kg - Minuman Bubuk Rock Melon,Rp62.000,62000.0
bubuk-minuman-lainnya,JSR - Jurus Sehat Rasulullah - BUMI ORGANIK,Rp23.218,23218.0
bubuk-minuman-lainnya,Watermelon Squash Powder Drink Bubuqu 1 Kg - Minuman Bubuk Semangka,Rp54.500,54500.0
bubuk-minuman-lainnya,CY Matcha Latte With Toasted Oats 8s,Rp64.365,64365.0
bubuk-minuman-lainnya,Dark Chocolate Powder Drink Arnav 1 Kg - Minuman Bubuk Cokelat Premium,Rp251.440,251440.0
bubuk-minuman-lainnya,AMH Jahe Merah Herbal Gula Aren Pisah BOX - (5 Sachet),Rp15.000,15000.0
bubuk-minuman-lainnya,"Bubuk Alpukat Premium, Avocado Powder Premium",Rp120.000,120000.0
bubuk-minuman-lainnya,JAPO Bubuk Minuman Bubblegum 1 Kg,Rp63.000,63000.0
bubuk-minuman-lainnya,H64 Jahe Merah Super Instan Extra Gula Aren 6 Saset Membantu Menigkatkan Daya Tahan Tubuh Menghangatkan & Menyehatkan,Rp21.000,21000.0
bubuk-minuman-lainnya,Alang Sari Plus Jeruk Nipis 3x6's,Rp32.409,32409.0
bubuk-minuman-lainnya,Hard Vanilla Ice Cream / Bubuk Es Krim Rasa Vanilla 1 KG,Rp123.100,123100.0
bubuk-minuman-lainnya,Korean Strawberry Milkshake Powder Drink / Bubuk Minuman Serbuk Rasa Susu Stroberi Korea 1KG,Rp120.100,120100.0
bubuk-minuman-lainnya,Slice Matcha Ice Cream / Bubuk Es Krim Rasa Green Tea 1 KG,Rp172.100,172100.0
bubuk-minuman-lainnya,Pop Ice Milk Shake Powder Rasa Leci | Renceng - 25gr x 10 Sachet,Rp14.522,14522.0
bubuk-minuman-lainnya,Pop Ice Sultan Milk Shake Powder Rasa Teh Hijau dan Kopi | 23gr x 10 pcs,Rp14.522,14522.0
bubuk-minuman-lainnya,Pop Ice Sultan Milk Shake Powder Rasa Teh Hijau dan Biskuit | 23gr x 10 Sachet,Rp14.522,14522.0
bubuk-minuman-lainnya,NutriSari Milky Peach dengan Kolagen 40 sachet - Minuman Buah Vitamin C & Vitamin D,Rp60.500,60500.0
bubuk-minuman-lainnya,Premium Milk / Cream Tea Powder Health Today 1kg,Rp110.000,110000.0
bubuk-minuman-lainnya,NUTRISARI AUSTRALIAN LIME 11 GR X 10 PCS,Rp21.390,21390.0
bubuk-minuman-lainnya,Susu untuk Asam Urat dari Kuda Liar Sumbawa Jaga Kesehatan Tulang dan Otot (200 Gram) Milk Rendah Gula,Rp95.000,95000.0
bubuk-minuman-lainnya,JBD Premium CHOCO HAZELNUT Bubuk Minuman Rasa CHOCO HAZELNUT 500gram BPOM HALAL,Rp52.000,52000.0
bubuk-minuman-lainnya,SAMPLE Bubuk Minuman Premium Rasa BUBBLE GUM HALAL 20gr Siap Seduh | Jakarta Bubble Drink,Rp2.400,2400.0
bubuk-minuman-lainnya,SAMPLE Bubuk Minuman Premium Rasa GREEN TEA HALAL 20gr Siap Seduh | Jakarta Bubble Drink,Rp3.800,3800.0
bubuk-minuman-lainnya,Bubuk Minuman Premium Rasa MATCHA GREEN TEA 1Kg JBD | Jakarta Bubble Drink | HALAL&BPOM,Rp125.899,125899.0
bubuk-minuman-lainnya,JAGURICH Jahe Merah Kurma 300 Gram 3 Toples,Rp60.000,60000.0
bubuk-minuman-lainnya,Bubuk Minuman King Powder Rasa Vanilla Latte Kopi Series,Rp43.500,43500.0
bubuk-minuman-lainnya,Bubuk Minuman King Powder Rasa Choco Tiramisu,Rp53.000,53000.0
bubuk-minuman-lainnya,OMURA Blend Bubuk Minuman Rasa Mango / Mangga Powder Drink 1 Kg Omura Powder,Rp68.000,68000.0
bubuk-minuman-lainnya,JAPO Bubuk Minuman Redvelvet 500 gr,Rp33.000,33000.0
bubuk-minuman-lainnya,OMURA Blend Bubuk Minuman Rasa Taro Powder Drink 500 GR Omura Powder,Rp41.000,41000.0
bubuk-minuman-lainnya,Matchamu 3 box/ 9 sachet Hojicha Latte,Rp43.000,43000.0
bubuk-minuman-lainnya,Maxfood - Bundle Bubuk Teh Minuman Rasa Buah Lemon Tea + Blackcurrant Tea 1 KG,Rp124.900,124900.0
bubuk-minuman-lainnya,"Bubuk Sticky MIlk Berbagi Varian Rasa, 1kg StickyMilk Rasa Coklat Taro Bubblegum Pink Lava,",Rp85.000,85000.0
bubuk-minuman-lainnya,Bubuk Minuman King Powder Rasa Tiramisu kopi Tiramisu,Rp75.000,75000.0
bubuk-minuman-lainnya,OMURA Blend Bubuk Minuman Premium Rasa Jeruk Mandarin / Mandarin Orange Powder Drink 1 Kg Omura Powder,Rp67.000,67000.0
bubuk-minuman-lainnya,Homelab Bubuk Minuman Sakura Latte Premium Powder 200G,Rp125.900,125900.0
bubuk-minuman-lainnya,Mango Squash Powder Drink / Bubuk Minuman Serbuk Squash Rasa Mangga 1 KG,Rp78.100,78100.0
bubuk-minuman-lainnya,Bubuk Minuman Es Sticky Milk Premium Rasa Matcha / Green Tea 500 GR Mengandung Gula Susu Dan Krimer Es Kwentel Omura Powder Drink,Rp41.000,41000.0
bubuk-minuman-lainnya,Bubuk Minuman Rasa Coffee Caramel / Kopi Karamel 1 Kg Omura Blend,Rp68.000,68000.0
bubuk-minuman-lainnya,Bubuk Minuman FRESH TEA ANEKA RASA Teh Ekstrak Buah Kemasan 1 Kg Beverix Powder Drink Minuman Teh Rasa Buah Serbuk,Rp71.500,71500.0
bubuk-minuman-lainnya,Matchamu Sakura Latte 500gr,Rp158.400,158400.0
bubuk-minuman-lainnya,Bubuqu Powder Drink Avocado Milk - Bubuk Minuman Alpukat Susu 1 Kg,Rp64.599,64599.0
bubuk-minuman-lainnya,AMH Jahe Merah Herbal - 5 Sachet,Rp9.700,9700.0
bubuk-minuman-lainnya,OMURA Blend Bubuk Minuman Rasa Pink Bubble Gum Powder Drink 1 Kg Omura Powder,Rp68.000,68000.0
bubuk-minuman-lainnya,Bubuk Minuman Es Sticky Milk Premium Rasa Pink Bubble Gum / Cotton Candy 500 Gram Mengandung Gula Susu Dan Krimer Es Kwentel Omura Powder Drink,Rp41.000,41000.0
bubuk-minuman-lainnya,Bubuqu Powder Drink Green Apple - Bubuk Minuman Apel Hijau 1 Kg,Rp54.500,54500.0
bubuk-minuman-lainnya,Avocado Milk Powder Drink Bubuqu 1 Kg - Minuman Bubuk Alpukat Susu,Rp64.549,64549.0
bubuk-minuman-lainnya,Matchamu Sakura Powder 100gr,Rp122.000,122000.0
bubuk-minuman-lainnya,mGanik Metafiber Travel Size Leci 7 Sachet,Rp79.000,79000.0
bubuk-minuman-lainnya,Bubuqu Watermelon Latte Powder Drink - Minuman Bubuk Semangka Susu,Rp62.000,62000.0
bubuk-minuman-lainnya,MAXFOOD - Lychee Tea Powder Drink / Bubuk Minuman Serbuk Teh Rasa Leci,Rp65.100,65100.0
bubuk-minuman-lainnya,Vitmaker Drink (Minuman Serbuk Rasa Raspberry Lemon),Rp241.900,241900.0
bubuk-minuman-lainnya,Bubuk Minuman Premium Rasa MOCHACCINO 1Kg JBD | Jakarta Bubble Drink | HALAL&BPOM,Rp65.100,65100.0
bubuk-minuman-lainnya,Vanilla Powder 800gr - Bubuk Minuman Rasa Vanila Otten Coffee cocok untuk Horeca,Rp150.000,150000.0
bubuk-minuman-lainnya,"Mganik Superfood Labu Kuning 500gr - Ramuan Superfood Diabetes & Nutrisi, 20 Sachet @25gr",Rp289.000,289000.0
bubuk-minuman-lainnya,NUTRIFARM JAHE MERAH BUBUK ORGANIK 400GRAM,Rp36.999,36999.0
bubuk-minuman-lainnya,OMURA Bubuk Minuman Premium Rasa Teh Manis / Teh Solo 500 Gram Halal & BPOM Blend Powder,Rp41.000,41000.0
bubuk-minuman-lainnya,Bubuk Minuman King Powder Rasa T4r0 Serbuk Minuman Reguler Taro,Rp43.000,43000.0
bubuk-minuman-lainnya,[TANPA GULA] Bubuk Minuman Non Gula Rasa Taro 500 Gram Tanpa Gula Halal BPOM IPP Premium Plain Omura Powder,Rp50.000,50000.0
bubuk-minuman-lainnya,OMURA Bubuk Minuman Premium Rasa Durian / Duren 1 Kg / 1000 Gram Halal & BPOM Blend Powder,Rp68.000,68000.0
bubuk-minuman-lainnya,OMURA Blend Bubuk Minuman Rasa Choco Malt Powder Drink 1 Kg Omura Powder,Rp68.000,68000.0
bubuk-minuman-lainnya,Avocado Milkshake / Bubuk Minuman Rasa Alpukat 500 GR,Rp70.050,70050.0
bubuk-minuman-lainnya,Homelab Bubuk Minuman Red Velvet Latte Premium Powder 200G,Rp88.990,88990.0
bubuk-minuman-lainnya,Sido Muncul Minuman Jahe Wangi 5's,Rp7.998,7998.0
bubuk-minuman-lainnya,CANGKIR MAS Temulawak 1 Kg,Rp175.000,175000.0
bubuk-minuman-lainnya,SELAKSA MAKNA Jahe Merah Paket Original dan Lemon,Rp75.000,75000.0
bubuk-minuman-lainnya,Kenal Gelato Italian Ice Cream Powder Premix Bubuk 1 Kg Campur Susu,Rp180.000,180000.0
bubuk-minuman-lainnya,Bubuqu Powder Drink Charcoal - Bubuk Minuman Charcoal 1 Kg,Rp62.000,62000.0
bubuk-minuman-lainnya,PN1 2 Pouch (24 Sachet) - Minuman Tinggi Protein Tinggi Serat Multivitamin Rendah Gula Rendah Kalori Vegan Friendly A03,Rp554.856,554856.0
bubuk-minuman-lainnya,Scrubber Minuman Serat Dus 6's 7.1 Gr Jeruk (5 pcs),Rp91.000,91000.0
bubuk-minuman-lainnya,OMURA Blend Bubuk Minuman Rasa Cappuccino / Cappucino Powder Drink 1 Kg Omura Powder,Rp68.000,68000.0
bubuk-minuman-lainnya,Anget Sari 25gr x 10pcs - Minuman Serbuk Instan (1 Renteng),Rp17.500,17500.0
bubuk-minuman-lainnya,JAGURICH Jahe Merah Original 300 Gram,Rp20.000,20000.0
bubuk-minuman-lainnya,Bubuk Minuman Premium Rasa CHOCO VANILLA 1Kg JBD | Jakarta Bubble Drink | HALAL&BPOM,Rp99.000,99000.0
bubuk-minuman-lainnya,Bubuk Minuman Premium Rasa AVOCADO 1Kg JBD | Jakarta Bubble Drink | HALAL&BPOM,Rp80.000,80000.0
bubuk-minuman-lainnya,OMURA Blend Bubuk Minuman Rasa Red Velvet Powder Drink 500 GR Omura Powder,Rp36.000,36000.0
bubuk-minuman-lainnya,Kab. Banyumas,Rp23.589,23589.0
bubuk-minuman-lainnya,[Promo] Es Teh Poci Teh Pandan Vanilla Selasih 1 renteng isi 10 sachet (minuman serbuk / bubuk / Instant powder drink ),Rp18.000,18000.0
bubuk-minuman-lainnya,Matchamu Chai Latte 250gr,Rp72.500,72500.0
bubuk-minuman-lainnya,Matchamu 2pcs Matcha Midori Powder 15gr,Rp33.900,33900.0
bubuk-minuman-lainnya,OMURA Bubuk Minuman Premium Rasa Thai Tea 1 Kg / 1000 Gram Halal & BPOM Blend Powder,Rp68.000,68000.0
bubuk-minuman-lainnya,Bubuk Minuman King Powder Fruit Series Bubuk Minuman Varian Bu4h PLAIN Lebih pekat enak,Rp42.000,42000.0
bubuk-minuman-lainnya,Korean Banana Milkshake / Bubuk Minuman Rasa Susu Pisang Korea 500 Gram,Rp65.050,65050.0
bubuk-minuman-lainnya,Bubuk Minuman King Powder Rasa Avocado Fruit Powder Drink Reguler Alpukat,Rp43.000,43000.0
bubuk-minuman-lainnya,OMURA Blend Bubuk Minuman Rasa Green Tea / Matcha Powder Drink 500 GR Omura Powder,Rp36.000,36000.0
bubuk-minuman-lainnya,JAPO Bubuk Minuman Rasa Taro 500 gr,Rp33.000,33000.0
bubuk-minuman-lainnya,MAXFOOD - Avocado Milkshake Powder Drink / Bubuk Minuman Serbuk Susu Rasa Alpukat,Rp65.100,65100.0
bubuk-minuman-lainnya,Matchamu Chai Latte 500gr,Rp132.000,132000.0
bubuk-minuman-lainnya,MAXFOOD - Strawberry Milkshake Powder Drink / Bubuk Minuman Serbuk Susu Rasa Stroberi,Rp58.550,58550.0
bubuk-minuman-lainnya,Jakarta Pusat,Rp390.000,390000.0
bubuk-minuman-lainnya,PN1 3 Pouch (36 Sachet) - Minuman Tinggi Protein Tinggi Serat Multivitamin Rendah Gula Rendah Kalori Vegan Friendly A04,Rp828.780,828780.0
bubuk-minuman-lainnya,Vegeta Scrubber (PAKET ISI 2) Free Tumbler,Rp36.000,36000.0
bubuk-minuman-lainnya,Homelab Bubuk Minuman Taro Latte Premium Powder 200G,Rp85.000,85000.0
bubuk-minuman-lainnya,Bubuk Minuman Premium Rasa CHOCO CARAMEL / CHOCO SIGNATURE 1Kg JBD | Jakarta Bubble Drink | HALAL&BPOM,Rp115.000,115000.0
bubuk-minuman-lainnya,Sido Muncul - Powder Blend Mix Beras Kencur,Rp30.273,30273.0
bubuk-minuman-lainnya,Sido Muncul Minuman Kunyit Asam 5's,Rp8.503,8503.0
bubuk-minuman-lainnya,Laoats Matcha Latte Powder Drink,Rp40.845,40845.0
bubuk-minuman-lainnya,Bubuk Minuman King Powder Rasa Strawberry Tea Serbuk Minuman Teh Strawberry,Rp43.000,43000.0
bubuk-minuman-lainnya,SELAKSA MAKNA Jahe Merah Bundle Original dan Kencur,Rp75.000,75000.0
bubuk-minuman-lainnya,ESSENLI Pure Taro Powder / Bubuk Taro murni premium,Rp48.000,48000.0
bubuk-minuman-lainnya,Matchamu Matcha Kana Powder 15gr,Rp68.100,68100.0
bubuk-minuman-lainnya,Frappe Base Powder Drink Arnav 1 Kg - Minuman Bubuk Frappebase Premium,Rp138.000,138000.0
bubuk-minuman-lainnya,(PROMOTION) Vitmaker Drink (Minuman Serbuk Rasa Raspberry Lemon),Rp317.900,317900.0
bubuk-minuman-lainnya,Bubuk Minuman Premium Rasa Kelapa / Es Doger 500 Gram Omura Blend Powder,Rp41.000,41000.0
bubuk-minuman-lainnya,Bubuk Minuman King Powder Rasa Green Teaa Serbuk Minuman Green Tea,Rp43.000,43000.0
bubuk-minuman-lainnya,Bubuqu Powder Drink Chocolate Milk - Bubuk Minuman Cokelat Susu 1 Kg,Rp72.439,72439.0
bubuk-minuman-lainnya,Bubuqu Powder Drink Avocado Milk - Bubuk Minuman Alpukat Susu 1 Kg,Rp64.599,64599.0
bubuk-minuman-lainnya,Choco Biscuit Powder Drink Bubuqu 1 Kg - Minuman Bubuk Biskuit Cokelat,Rp72.440,72440.0
bubuk-minuman-lainnya,"Bubuk Cappucino Premium, Premium Powder Cappucino, Bubuk Kopi Cappucino Premium",Rp124.000,124000.0
bubuk-minuman-lainnya,HOTTO MAME - 3 SACHET 90 GRAM - MULTIGRAIN WITH EDAMAME,Rp75.000,75000.0
bubuk-minuman-lainnya,[TANPA GULA] Bubuk Minuman Premium Non Gula Rasa Chocolate / Coklat / Cokelat 1 Kg Halal & BPOM IPP Premium Plain Omura Powder,Rp90.000,90000.0
bubuk-minuman-lainnya,NUTRISARI AUSTRALIAN LIME 11 GR X 10 PCS,Rp21.390,21390.0
bubuk-minuman-lainnya,[BARU] Tong Tji Tematik Teh Tarik 1 Renceng isi 10 Sachet ( Minuman Serbuk / Bubuk / Instant Powder Drink ),Rp29.770,29770.0
bubuk-minuman-lainnya,Vegeta Scrubber Rasa Jeruk 6 Sachet - Minuman Kaya Serat Alami,Rp20.900,20900.0
bubuk-minuman-lainnya,Matchamu Matcha Powder Jar 100gram,Rp118.000,118000.0
bubuk-minuman-lainnya,Pure Uji Matcha & Pure Hojicha 100g - Paket Bundle,Rp445.000,445000.0
bubuk-minuman-lainnya,POWDER DREAMS Bubuk Minuman Varian Rasa Kekinian 1 kg Black Drink Serbuk,Rp120.000,120000.0
bubuk-minuman-lainnya,Zekinesia Triplepack Skin Gold Thai Powder,Rp146.999,146999.0
bubuk-minuman-lainnya,Kab. Sukoharjo,Rp185.000,185000.0
bubuk-minuman-lainnya,Bubuk Minuman Charcoal Powder 800gr - Otten Coffee cocok untuk Horeca,Rp185.000,185000.0
bubuk-minuman-lainnya,Bubuk Minuman Premium Rasa BLUE VELVET 1Kg JBD | Jakarta Bubble Drink | HALAL&BPOM,Rp65.100,65100.0
bubuk-minuman-lainnya,Bubuk Minuman Premium Rasa PINK BUBBLE GUM 1Kg JBD | Jakarta Bubble Drink | HALAL&BPOM,Rp65.100,65100.0
bubuk-minuman-lainnya,Maxfood - Bundle Bubuk Teh Minuman Rasa Buah Lemon Tea + Blueberry Tea 1 KG,Rp124.900,124900.0
bubuk-minuman-lainnya,MAXFOOD - Matcha Signature Powder / Bubuk Minuman Matcha Premium 200 GR,Rp62.900,62900.0
bubuk-minuman-lainnya,Vegeta Campuran Minuman 6'S Herbal 4.6 Gr,Rp19.800,19800.0
bubuk-minuman-lainnya,Bubuk Minuman King Powder Rasa Strawberry Fruit,Rp43.000,43000.0
bubuk-minuman-lainnya,"Jahe Merah Latte 3pcs Gula Aren Murni, Dairy Free, White Sugar Free",Rp87.000,87000.0
bubuk-minuman-lainnya,OMURA Bubuk Minuman Premium Rasa Thai Tea 500 Gram Halal & BPOM Blend Powder,Rp41.000,41000.0
bubuk-minuman-lainnya,OMURA Bubuk Minuman Premium Rasa Creamy Vanilla / Vanila 1 Kg / 1000 Gram Halal & BPOM Blend Powder,Rp68.000,68000.0
bubuk-minuman-lainnya,Bubuk Minuman King Powder Rasa Choco Hazellnutt Plain,Rp53.000,53000.0
bubuk-minuman-lainnya,NUTRIFARM PAKET BARISTA MIX / KOPI BUBUK 250GR DAN GULA AREN CAIR 500ML,Rp72.000,72000.0
bubuk-minuman-lainnya,Tiramisu Latte Powder Drink Bubuqu 1 Kg - Minuman Bubuk Tiramisu Susu,Rp62.000,62000.0
bubuk-minuman-lainnya,FLIMTY FIBER ORIGINAL 1 BOX ISI 16 SACHET,Rp258.000,258000.0
bubuk-minuman-lainnya,Bubuk Telang Food Grade ButterflyPea Powder Tingkatkan Peredaran Darah Drink Minuman Serbuk,Rp83.050,83050.0
bubuk-minuman-lainnya,Laoats Nutriside Powder Drink,Rp40.845,40845.0
bubuk-minuman-lainnya,Sido Muncul Minuman Susu Jahe 5x10's - Menghangatkan Badan,Rp100.010,100010.0
bubuk-minuman-lainnya,OMURA Bubuk Minuman Premium Rasa Thai Tea 100 Gram Halal & BPOM Blend Powder,Rp20.000,20000.0
bubuk-minuman-lainnya,MAXFOOD - Banana Milkshake Powder / Bubuk Minuman Rasa Pisang Susu,Rp71.100,71100.0
bubuk-minuman-lainnya,POWDER DREAMS Bubuk Minuman Varian Rasa Milk Tea 250 gr Drink Hazelnut Matcha Strawberry Serbuk Gula,Rp40.000,40000.0
bubuk-minuman-lainnya,Pop Ice Milk Shake Powder Rasa Cokelat Biskuit | Renceng - 23gr x 10 Sachet,Rp14.522,14522.0
bubuk-minuman-lainnya,HiLo Thai Tea (10 Sch) - Minuman Bubuk Tinggi Kalsium,Rp19.000,19000.0
bubuk-minuman-lainnya,2 Bks Bubuk / Powder Chocolate Premium,Rp171.990,171990.0
bubuk-minuman-lainnya,Pop Ice Milk Shake Powder Rasa Alpukat | Renceng - 25gr x 10 Sachet,Rp14.522,14522.0
bubuk-minuman-lainnya,Jestham Paket Duo Strong (Special),Rp500.000,500000.0
bubuk-minuman-lainnya,ETAWAMIL Susu Kambing Bubuk Rasa Vanila Cokelat & Stroberi 500 Gram Halal BPOM RI MD 071111003500110 Bahan Alami Bebas Pengawet,Rp179.500,179500.0
bubuk-minuman-lainnya,OMURA Blend Bubuk Minuman Rasa Jagung Manis / Sweet Corn Powder Drink 1 Kg Omura Powder,Rp68.000,68000.0
bubuk-minuman-lainnya,OMURA Blend Bubuk Minuman Rasa Mango Tea / Teh Mangga Powder Drink 1 Kg Omura Powder,Rp68.000,68000.0
bubuk-minuman-lainnya,Homelab Bubuk Minuman Hojicha Premium / Roasted Green Tea Hojicha Powder - 200G,Rp128.990,128990.0
bubuk-minuman-lainnya,Es Teh Poci Teh Krampul Selasih 1 Renceng Isi 10 Sachet,Rp18.000,18000.0
bubuk-minuman-lainnya,Bentrap Rasa Anggur - 2 sachet / New Upgrade Formula / Minuman Serbuk Ginseng Rasa Anggur,Rp159.000,159000.0
bubuk-minuman-lainnya,CANGKIR MAS Jahe Merah Original Toples 330GR,Rp67.500,67500.0
bubuk-minuman-lainnya,Bubuk Minuman Premium Rasa BANANA 1Kg JBD | Jakarta Bubble Drink | HALAL&BPOM,Rp65.100,65100.0
bubuk-minuman-lainnya,Gimmick - Sido Muncul Vitamin C 1000 Serbuk Orange 1 sachet,Rp999.000,999000.0
bubuk-minuman-lainnya,Bubuk Minuman Es Sticky Milk Premium Rasa Black Cocoa / 0re0 1 Kg Mengandung Gula Susu Dan Krimer Es Kwentel Omura Powder Drink,Rp68.000,68000.0
bubuk-minuman-lainnya,Suur Lemoen Matcha Powder / Bubuk Matcha 100 gr,Rp36.000,36000.0
bubuk-minuman-lainnya,Bubuk Minuman King Powder Rasa Jackfruit Serbuk Minuman Nangka,Rp43.000,43000.0
bubuk-minuman-lainnya,OMURA Bubuk Minuman Premium Rasa Markisa / Passion Fruit 1 Kg / 1000 Gram Halal & BPOM Blend Powder,Rp68.000,68000.0
bubuk-minuman-lainnya,MultiBev - Minuman Bubuk Kacang Hijau Powder 1Kg,Rp75.000,75000.0
bubuk-minuman-lainnya,Seolmi Minuman Serbuk Rasa Rapsberry Rendah Gula - Isi 10 Sachet Air Drink Minuman dtx,Rp269.000,269000.0
bubuk-minuman-lainnya,FLOZINDO Kelor Bubuk Organik Superfood Tinggi Antioksidan,Rp25.911,25911.0
bubuk-minuman-lainnya,Bubuk Minuman Coklat King Powder Choco Series Cokelat Varian PLAIN Rasa Pekat Serbuk Minuman COKLAT COKELAT,Rp62.000,62000.0
bubuk-minuman-lainnya,Suplemen Serat mganik METAFIBER Yuzu 450gr untuk 40 Konsumsi - 2x Sehari,Rp299.000,299000.0
bubuk-minuman-lainnya,POWDER DREAMS Bubuk Minuman Varian Rasa Latte 1 kg Avocado Drink Matcha,Rp110.000,110000.0
bubuk-minuman-lainnya,mGanik Metafiber Travel Size Leci 7 Sachet,Rp79.000,79000.0
bubuk-minuman-lainnya,Bubuqu Powder Drink Taro Latte - Bubuk Minuman Taro Susu 1 Kg,Rp62.000,62000.0
bubuk-minuman-lainnya,HIDAYAH - Jahe Merah Renceng Isi 12 Sachet - by nabawiherbal,Rp16.000,16000.0
bubuk-minuman-lainnya,Matcha Powder Drink Arnav 1 Kg - Minuman Bubuk Matcha Premium,Rp210.425,210425.0
bubuk-minuman-lainnya,Wegen - Ternak Syams Susu Tinggi Protein dan Kalori Rasa Original 1 Kilogram rendah laktosa surplus bulking,Rp180.000,180000.0
bubuk-minuman-lainnya,BEVERIX Bubuk Minuman Coklat Premium Aneka Rasa 1 KG - Serbuk Minuman Cokelat Kekinian Chocolate Series,Rp82.500,82500.0
bubuk-minuman-lainnya,OMURA Blend Bubuk Minuman Premium Rasa Semangka / Watermelon Powder Drink 500 GR Omura Powder,Rp41.000,41000.0
bubuk-minuman-lainnya,Bubuqu Powder Drink Chocolate Milk - Bubuk Minuman Cokelat Susu 1 Kg,Rp72.439,72439.0
bubuk-minuman-lainnya,Bubuqu Powder Drink Avocado Milk - Bubuk Minuman Alpukat Susu 1 Kg,Rp64.599,64599.0
bubuk-minuman-lainnya,Choco Biscuit Powder Drink Bubuqu 1 Kg - Minuman Bubuk Biskuit Cokelat,Rp72.440,72440.0
bubuk-minuman-lainnya,"Bubuk Cappucino Premium, Premium Powder Cappucino, Bubuk Kopi Cappucino Premium",Rp124.000,124000.0
bubuk-minuman-lainnya,HOTTO MAME - 3 SACHET 90 GRAM - MULTIGRAIN WITH EDAMAME,Rp75.000,75000.0
bubuk-minuman-lainnya,"Ginger Latte, Jahe Latte Gula Aren Murni, Dairy Free, White Sugar Free",Rp21.750,21750.0
bubuk-minuman-lainnya,Cheese Foam Premix Powder Bubuqu 1 Kg - Bubuk Premix Foam Keju,Rp61.999,61999.0
bubuk-minuman-lainnya,Bubuk Minuman Es Sticky Milk Premium Rasa Taro 1 Kg Mengandung Gula Susu Dan Krimer Es Kwentel Omura Powder,Rp68.000,68000.0
bubuk-minuman-lainnya,Susu Jahe Merah 41 Minuman Jahe,Rp18.000,18000.0
bubuk-minuman-lainnya,Jestham GoGlow Powderr (GG),Rp39.999,39999.0
bubuk-minuman-lainnya,Bubuk Minuman Varian Kue Bubuk Minuman King Powder Cake Series dan Lainnya,Rp43.000,43000.0
bubuk-minuman-lainnya,Bubuk / Powder Matcha & Hojicha Premium,Rp209.900,209900.0
bubuk-minuman-lainnya,Watermelon Latte Powder Drink Bubuqu 1Kg - Minuman Bubuk Semangka Susu,Rp62.000,62000.0
bubuk-minuman-lainnya,Taro Powder Drink Arnav 1 Kg - Bubuk Minuman Taro Premium,Rp121.500,121500.0
bubuk-minuman-lainnya,Momogi Mini Stick Cocopandan - 20gr / 70gr,Rp9.000,9000.0
bubuk-minuman-lainnya,X’TRAGIN Green Tea MCT + Chlorophyll Latte,Rp27.000,27000.0
bubuk-minuman-lainnya,X'Tragin Jahe Full Cream + Gula Aren,Rp27.000,27000.0
bubuk-minuman-lainnya,Matchamu Sakura Powder 50gr,Rp60.950,60950.0
bubuk-minuman-lainnya,OMURA Bubuk Minuman Premium Rasa Dark Chocolate / Dark Coklat Mengandung Gula Susu Dan Krimer Blend Powder Drink 1 KG Omura Powder,Rp68.000,68000.0
bubuk-minuman-lainnya,Bubuk Minuman Premium Rasa CHOCO AVOCADO 1Kg JBD | Jakarta Bubble Drink | HALAL&BPOM,Rp79.050,79050.0
bubuk-minuman-lainnya,Bubuk Minuman Premium Rasa CARAMELLO 1Kg JBD | Jakarta Bubble Drink | HALAL&BPOM,Rp65.100,65100.0
bubuk-minuman-lainnya,Bubuk Minuman Premium Rasa GRAPE 1Kg JBD | Jakarta Bubble Drink | HALAL&BPOM,Rp65.100,65100.0
bubuk-minuman-lainnya,Bubuk Minuman Premium Rasa RED VELVET 1Kg JBD | Jakarta Bubble Drink | HALAL&BPOM,Rp87.000,87000.0
bubuk-minuman-lainnya,Sido Muncul Minuman Susu Jahe Coklat Swiss 5x10's - Menghangatkan Tubu,Rp100.010,100010.0
bubuk-minuman-lainnya,Bubuk Minuman Es Sticky Milk Premium Rasa Tiramisu 1 Kg Mengandung Gula Susu Dan Krimer Es Kwentel Omura Powder Drink,Rp68.000,68000.0
bubuk-minuman-lainnya,Laoats Low Fat Powder Drink,Rp40.845,40845.0
bubuk-minuman-lainnya,JAMU JAGO Alamix Kunir Asam Minuman Herbal Cair Instan Siap Seduh Praktis & Halal 1 Box Isi 4 Sachet 30ml Gula Asem Jahe Susu Putih Bubuk Serbuk,Rp20.000,20000.0
bubuk-minuman-lainnya,SOLITA Minuman Serbuk Umbi Garut Isi 12 Sachet,Rp128.000,128000.0
bubuk-minuman-lainnya,NF-CMP - KLOROFIL ALAMI + DAUN KELOR & MULBERRY POWDER Serbuk,Rp214.900,214900.0
bubuk-minuman-lainnya,Matchamu Chai Latte 1000gr,Rp264.000,264000.0
bubuk-minuman-lainnya,Minuman Herbal Jahe Merah Legendaris Serbuk 1kg,Rp69.900,69900.0
bubuk-minuman-lainnya,Chocodrink Minuman Bubuk Coklat 28g isi 5 Sachet,Rp12.200,12200.0
bubuk-minuman-lainnya,Bubuqu Powder Drink Black Forest - Bubuk Minuman Kue Black Forest 1 Kg,Rp62.000,62000.0
bubuk-minuman-lainnya,Nutrijell Reguler Jelly Rasa Kopi - 1 Sachet,Rp7.097,7097.0
bubuk-minuman-lainnya,Tombotugin Original 1 Box Minuman Herbal Serbuk Alami untuk Batu Ginjal Bantu Cegah & Meluruhkan Batu Ginjal Melancarkan Buang Air Kecil Ringankan Kerja Ginjal Aman Dikonsumsi Harian Rasa Enak BPOM Halal Bisa COD,Rp175.000,175000.0
bubuk-minuman-lainnya,HNH Skincare - Special Bundling 2 Teh Hijau Rasa Leci Rose Free Stevia,Rp172.999,172999.0
bubuk-minuman-lainnya,X'Tragin Bajigur Sarabba Herbal Drink,Rp31.000,31000.0
bubuk-minuman-lainnya,Serbuk Chai Bit Cairo Food - 100 Gram,Rp63.800,63800.0
bubuk-minuman-lainnya,Bubuk Minuman Es Sticky Milk Premium Rasa Creamy Vanilla 1 Kg Mengandung Gula Susu Dan Krimer Es Kwentel Omura Powder Drink,Rp68.000,68000.0
bubuk-minuman-lainnya,Coffee Baileys Powder Drink Bubuqu 1 Kg - Minuman Bubuk Kopi Bailis,Rp62.000,62000.0
bubuk-minuman-lainnya,Red Velvet Powder Drink Bubuqu 1 Kg - Minuman Bubuk Red Velvet,Rp72.440,72440.0
bubuk-minuman-lainnya,Bubuk Daun Kelor Halus Hijau Alami Moringa Powder Drink Serbuk,Rp30.250,30250.0
bubuk-minuman-lainnya,OMURA Blend Bubuk Minuman Premium Rasa Es Doger / Kelapa Powder Drink 1 Kg Omura Powder,Rp67.000,67000.0
bubuk-minuman-lainnya,MAXFOOD - Royal Chocolate Powder / Bubuk Minuman Rasa Royal Cokelat,Rp105.100,105100.0
bubuk-minuman-lainnya,Krimer Super Premium (Penambah Rasa Creamy) 1 KG,Rp76.000,76000.0
bubuk-minuman-lainnya,Bubuk Minuman King Powder Rasa Bubble Gum,Rp75.000,75000.0
bubuk-minuman-lainnya,Cangkir Mas Jahe Merah Habbatusaudah,Rp24.000,24000.0
bubuk-minuman-lainnya,OMURA Bubuk Minuman Premium Rasa Taro 100 Gram Halal & BPOM Blend Powder,Rp20.000,20000.0
bubuk-minuman-lainnya,Charcoal Powder Drink Bubuqu 1 Kg - Minuman Bubuk Charcoal,Rp62.000,62000.0
bubuk-minuman-lainnya,Frappe Base Powder 800 Gram - Bubuk Minuman Frappe Base Otten Coffee cocok untuk Horeca,Rp150.000,150000.0
bubuk-minuman-lainnya,OMURA Blend Bubuk Minuman Rasa Choco Malt / Mil0 Powder Drink 500 Gr Omura Powder,Rp36.000,36000.0
bubuk-minuman-lainnya,JAPO Bubuk Minuman Matcha Greentea Plain 1 Kg,Rp83.000,83000.0
bubuk-minuman-lainnya,Bubuqu Powder Drink Green Thai Milk Tea - Bubuk Minuman Teh Susu Hijau,Rp60.775,60775.0
bubuk-minuman-lainnya,Macchiato Foam Premix Powder Bubuqu 1 Kg - Bubuk Premix Foam Macchiato,Rp58.900,58900.0
bubuk-minuman-lainnya,Non-Dairy Creamer Powder Drink Delifru - Bubuk Krimer Nabati Premium,Rp60.500,60500.0
bubuk-minuman-lainnya,INSTAN JAHE MERAH GULA AREN - BUMI ORGANIK,Rp27.335,27335.0
bubuk-minuman-lainnya,mGanik Metafiber Suplemen Serat 450gr Rasa Leci,Rp299.000,299000.0
bubuk-minuman-lainnya,Matcha Powder Drink Arnav 1 Kg - Bubuk Minuman Matcha Premium,Rp221.400,221400.0
bubuk-minuman-lainnya,MAXFOOD - Red Velvet Milkshake Powder Drink / Bubuk Minuman Serbuk Rasa Red Velvet plus Gula,Rp115.100,115100.0
bubuk-minuman-lainnya,JBD Premium CHOCO SIGNATURE Bubuk Minuman Rasa CHOCO 500gram BPOM HALAL,Rp52.000,52000.0
bubuk-minuman-lainnya,Bubuk Minuman Premium Rasa STRAWBERRY 1Kg JBD | Jakarta Bubble Drink | HALAL&BPOM,Rp70.000,70000.0
bubuk-minuman-lainnya,[BUBUK STICKY MILK VIRAL] Bubuk Minuman Premium 1kg ANEKA VARIAN RASA Best Seller || 1KG,Rp80.000,80000.0
bubuk-minuman-lainnya,PN1 1 Pouch (12 Sachet) - Minuman Tinggi Protein Tinggi Serat Multivitamin Rendah Gula Rendah Kalori Vegan Friendly A02,Rp298.800,298800.0
bubuk-minuman-lainnya,Bubuk Minuman Premium Rasa CHOCO HAZELNUT 1Kg JBD | Jakarta Bubble Drink | HALAL&BPOM,Rp104.500,104500.0
bubuk-minuman-lainnya,500 GR BEVERIX Bubuk Minuman Premium Rasa Buah Es Boba Aneka Rasa - Serbuk Minuman Rasa Buah,Rp47.000,47000.0
bubuk-minuman-lainnya,Mocha Powder 800gr - Bubuk Minuman Moka Otten Coffee cocok untuk Horeca,Rp155.000,155000.0
bubuk-minuman-lainnya,AMH Jahe Merah Herbal - 5 Sachet,Rp9.700,9700.0
bubuk-minuman-lainnya,OMURA Bubuk Minuman Premium Rasa Orange / Jeruk 100 Gram Halal & BPOM Blend Powder,Rp20.000,20000.0
bubuk-minuman-lainnya,Choco Biscuit Powder Drink Bubuqu 1 Kg - Minuman Bubuk Biskuit Cokelat,Rp72.440,72440.0
bubuk-minuman-lainnya,Matchamu Abang Teh Tarik Pouch isi 30 sachet,Rp77.900,77900.0
bubuk-minuman-lainnya,JAPO Bubuk Minuman Strawberry 500 gr,Rp33.000,33000.0
bubuk-minuman-lainnya,JAPO Bubuk Minuman Teh Tarik Milk Tea 1 Kg,Rp63.000,63000.0
bubuk-minuman-lainnya,Matchamu 3 box/ 9 sachet Kinako latte,Rp44.000,44000.0
bubuk-minuman-lainnya,Bubuqu Powder Drink Lime Honey - Bubuk Minuman Jeruk Nipis Madu 1 Kg,Rp54.500,54500.0
bubuk-minuman-lainnya,Hizaka Susu Bubuk Kambing Etawa Minuman Sehat nutrisi,Rp85.000,85000.0
bubuk-minuman-lainnya,WRP Active Fibby - Tinggi Serat,Rp189.980,189980.0
bubuk-minuman-lainnya,MAXFOOD - Pure Matcha Powder / Bubuk Matcha Murni / Bubuk Green Tea Murni,Rp152.500,152500.0
bubuk-minuman-lainnya,NutriSari Jeruk Manis 160 Sachet - Minuman Jeruk Vitamin C Vitamin D,Rp242.000,242000.0
bubuk-minuman-lainnya,Jakarta Barat,Rp81.249,81249.0
bubuk-minuman-lainnya,MAXFOOD - Chocolate Hazelnut / Bubuk Minuman Coklat Hazelnut 100 GR,Rp27.910,27910.0
bubuk-minuman-lainnya,NUTRIFARM PAKET GOLDEN LATTE / ORGANIC PREMIUM MATCHA 270GR DAN GULA AREN BUBUK 320GR,Rp76.000,76000.0
bubuk-minuman-lainnya,Matchamu Sakura Latte 250gr,Rp79.200,79200.0
bubuk-minuman-lainnya,Bubuk Minuman PANDAN LATTE - Premium Drink Powder 200g,Rp112.500,112500.0
bubuk-minuman-lainnya,SOLITA Minuman Untuk Asam Lambung 1 Box 12 Sachet Sedia Rasa Cokelat dan Thai Tea | BPOM & HALAL,Rp195.000,195000.0
bubuk-minuman-lainnya,Bubuk Minuman Es Sticky Milk Premium Rasa Vanilla Blue 1 KGMengandung Gula Susu Dan Krimer Es Kwentel Omura Powder Drink,Rp68.000,68000.0
bubuk-minuman-lainnya,JAPO Bubuk Minuman Black Cookies Plain 1 Kg,Rp97.000,97000.0
bubuk-minuman-lainnya,POWDER DREAMS Bubuk Minuman Varian Rasa Milk 250 gr Drink Strawberry,Rp40.000,40000.0
bubuk-minuman-lainnya,Kab. Banyumas,Rp22.590,22590.0
bubuk-minuman-lainnya,Bubuqu Powder Drink Salted Caramel - Bubuk Minuman Karamel Gurih 1 Kg,Rp62.000,62000.0
bubuk-minuman-lainnya,Pop Ice Milk Shake Powder Rasa Permen Karet | Renceng - 25gr x 10 Sachet,Rp14.522,14522.0
bubuk-minuman-lainnya,Pop Ice Milk Shake Powder Rasa Durian | Renceng - 25gr x 10 Sachet,Rp14.522,14522.0
bubuk-minuman-lainnya,Bubuk Minuman King Powder Rasa Choco Royal,Rp58.000,58000.0
bubuk-minuman-lainnya,Maxfood - Bundle Bubuk Teh Minuman Rasa Buah Lemon Tea & Strawberry Tea 1 KG,Rp134.900,134900.0
bubuk-minuman-lainnya,MAXFOOD - Matcha Milkshake Powder Drink / Bubuk Minuman Serbuk Rasa Matcha Milkshake,Rp120.100,120100.0
bubuk-minuman-lainnya,Jestham Triple Bioflek Powder Drink,Rp227.000,227000.0
bubuk-minuman-lainnya,Bubuk Minuman Premium Rasa MANGO 1Kg JBD | Jakarta Bubble Drink | HALAL&BPOM,Rp45.000,45000.0
bubuk-minuman-lainnya,[VARIANTs] JBD Bubuk Minuman Premium Aneka Rasa non GULA JBD Powder 1 KG | JBD | HALAL & BPOM,Rp80.000,80000.0
bubuk-minuman-lainnya,Bubuk Minuman Premium Rasa BLACKFOREST JBD | Jakarta Bubble Drink | HALAL&BPOM,Rp74.400,74400.0
bubuk-minuman-lainnya,[VARIANTs] JBD Bubuk Minuman Premium Aneka Rasa non GULA JBD Powder 500Gram | JBD | HALAL & BPOM,Rp55.000,55000.0
bubuk-minuman-lainnya,Bubuk Minuman Premium Rasa VANILLA LATTE 1Kg JBD | Jakarta Bubble Drink | HALAL&BPOM,Rp96.000,96000.0
bubuk-minuman-lainnya,Kab. Banyumas,Rp33.912,33912.0
bubuk-minuman-lainnya,JAGURICH Jahe Merah Original 300gr 3pcs,Rp60.000,60000.0
bubuk-minuman-lainnya,ETAWALIN ISI 5 SACHET / BOX / MAKANAN - MINUMAN / SUSU PEGAL LINU,Rp83.808,83808.0
bubuk-minuman-lainnya,OMURA Blend Bubuk Minuman Rasa Lemon Tea Powder Drink 500 GR Omura Powder,Rp41.000,41000.0
bubuk-minuman-lainnya,Homelab Bubuk minuman EARL GREY - Drink Powder 200g,Rp88.990,88990.0
bubuk-minuman-lainnya,Kab. Banyumas,Rp45.666,45666.0
bubuk-minuman-lainnya,Promo Bundling 2 Hotto Purto Pouch,Rp570.000,570000.0
bubuk-minuman-lainnya,MAXFOOD - Salted Caramel Milkshake Powder / Bubuk Minuman Rasa Karamel Asin Susu,Rp80.100,80100.0
bubuk-minuman-lainnya,TWIN PACK COMBO FLAVORS: ENTRASOL GOLD 560G,Rp231.656,231656.0
bubuk-minuman-lainnya,POWDER DREAMS Bubuk Minuman Varian Rasa Latte 250 gr Avocado Drink,Rp40.000,40000.0
bubuk-minuman-lainnya,MAXFOOD - Taro Milkshake Powder Drink / Bubuk Serbuk Minuman Rasa Talas Taro,Rp107.100,107100.0
bubuk-minuman-lainnya,Kopi Gmax Kopi Gingseng Gula Aren Bisa Grosir,Rp21.000,21000.0
bubuk-minuman-lainnya,DR HYUN Minuman Tinggi Serat Rasa Jeruk Isi 30 Sachet,Rp295.000,295000.0
bubuk-minuman-lainnya,Pop Ice Milk Shake Powder Rasa Cream Cheese | Renceng - 23gr x 10 Sachet,Rp14.522,14522.0
bubuk-minuman-lainnya,Bubuk Minuman Premium Rasa CHOCO SIGNATURE 1Kg JBD | Jakarta Bubble Drink | HALAL&BPOM,Rp59.000,59000.0
bubuk-minuman-lainnya,Bubuk Minuman Premium Rasa CHOCO BANANA 1Kg JBD | Jakarta Bubble Drink | HALAL&BPOM,Rp74.400,74400.0
bubuk-minuman-lainnya,CANGKIR MAS Jahe Merah Plus Temulawak dan Kunyit 330Gr Paket isi 3 Pcs,Rp163.605,163605.0
bubuk-minuman-lainnya,OMURA Blend Bubuk Minuman Rasa Mango / Mangga Powder Drink 500 Gr Omura Powder,Rp36.000,36000.0
bubuk-minuman-lainnya,Bubuk Minuman Es Sticky Milk Premium Rasa Red Velvet 1 Kg Mengandung Gula Susu Dan Krimer Es Kwentel Omura Powder,Rp68.000,68000.0
bubuk-minuman-lainnya,ESSENLI Pure Matcha Powder Japan / Bubuk Matcha Murni Drink,Rp53.000,53000.0
bubuk-minuman-lainnya,Bubuk Minuman King Powder Rasa Red Velvet,Rp75.000,75000.0
bubuk-minuman-lainnya,OMURA Bubuk Minuman Premium Rasa Avocado 100 Gram Halal & BPOM Blend Powder,Rp20.000,20000.0
bubuk-minuman-lainnya,JAPO Bubuk Minuman Matcha Greentea 1 Kg,Rp63.000,63000.0
bubuk-minuman-lainnya,Bubuk Minuman Es Sticky Milk Premium Rasa Chocolate / Cokelat / Coklat 500 GR Mengandung Gula Susu Dan Krimer Es Kwentel Omura Powder,Rp41.000,41000.0
bubuk-minuman-lainnya,Health Today Dark Chocolate Powder Drink ( Minuman Bubuk Coklat),Rp172.000,172000.0
bubuk-minuman-lainnya,Matcha Milkshake Powder Drink / Bubuk Minuman Serbuk Rasa Matcha 500 GR,Rp60.050,60050.0
bubuk-minuman-lainnya,Premium No Sugar Royal Chocolate / Bubuk Minuman Rasa Dark Coklat Tanpa Gula 1 KG,Rp179.900,179900.0
bubuk-minuman-lainnya,Suplemen Serat mganik METAFIBER Yuzu 450gr untuk 40 Konsumsi - 2x Sehari,Rp299.000,299000.0
bubuk-minuman-lainnya,FLIMTY FIBER ORIGINAL ISI 16 SACHET,Rp250.750,250750.0
bubuk-minuman-lainnya,Chocolate Milk Powder Drink Arnav 1 Kg - Minuman Bubuk Cokelat Susu,Rp164.720,164720.0
bubuk-minuman-lainnya,Mocha Powder 800gr - Bubuk Minuman Moka Otten Coffee cocok untuk Horeca,Rp155.000,155000.0
bubuk-minuman-lainnya,AMH Jahe Merah Herbal - 5 Sachet,Rp9.700,9700.0
bubuk-minuman-lainnya,OMURA Bubuk Minuman Premium Rasa Orange / Jeruk 100 Gram Halal & BPOM Blend Powder,Rp20.000,20000.0
bubuk-minuman-lainnya,Choco Biscuit Powder Drink Bubuqu 1 Kg - Minuman Bubuk Biskuit Cokelat,Rp72.440,72440.0
bubuk-minuman-lainnya,Matchamu Abang Teh Tarik Pouch isi 30 sachet,Rp77.900,77900.0
bubuk-minuman-lainnya,Powder Minuman Varian COFFEE 500 Gr | Jakarta Bubble Drink,Rp55.000,55000.0
bubuk-minuman-lainnya,Bubuk Minuman Premium Rasa LYCHEE 1Kg JBD | Jakarta Bubble Drink | HALAL&BPOM,Rp65.100,65100.0
bubuk-minuman-lainnya,"Pure Matcha / Matcha Bubuk Murni 50 Gram, Tanpa Campuran Gula, Susu, Krimer - HAYS",Rp53.300,53300.0
bubuk-minuman-lainnya,Beorganik Instant Red Ginger / Jahe Merah Instan Bubuk,Rp72.668,72668.0
bubuk-minuman-lainnya,OMURA Blend Bubuk Minuman Premium Rasa Matcha Japan Instant Powder Drink 1 Kg Omura Powder,Rp67.000,67000.0
bubuk-minuman-lainnya,Bubuk Minuman King Powder Premium Series Drink Bubuk Minuman Premiun PLAIN tanpa gula PEKAT ENAK,Rp152.000,152000.0
bubuk-minuman-lainnya,Matchamu Matcha Powder 100gr,Rp93.000,93000.0
bubuk-minuman-lainnya,Goata - Ternak Syams Susu Kambing Bubuk Rasa Original 1 Kilogram | ASMA ISPA Radang Paru Paru,Rp168.000,168000.0
bubuk-minuman-lainnya,Zekinesia Paket Six Healthy Skin Glowing,Rp800.000,800000.0
bubuk-minuman-lainnya,Bubuk Minuman King Powder Rasa Lemon Tea Serbuk Minuman Teh Lemon,Rp43.000,43000.0
bubuk-minuman-lainnya,Bubuk Minuman King Powder Rasa Thai Tea Serbuk Minuman Reguler Thai Tea,Rp43.000,43000.0
bubuk-minuman-lainnya,Chocolate Malt Powder Drink Bubuqu 1 Kg - Minuman Bubuk Cokelat Malt,Rp72.349,72349.0
bubuk-minuman-lainnya,Guava Squash Powder Drink Bubuqu 1 Kg - Minuman Bubuk Jambu Lutuk,Rp54.500,54500.0
bubuk-minuman-lainnya,Mango Milkshake / Bubuk Minuman Rasa Mangga 500 GR,Rp58.550,58550.0
bubuk-minuman-lainnya,"FLOZINDO Rosella Bubuk – Kaya Antioksidan, Jaga Tekanan Darah & Kolesterol",Rp44.142,44142.0
bubuk-minuman-lainnya,HNH Skincare - Bundle 2 Box Fit Fit / Minuma Rasa Kiwi,Rp313.706,313706.0
bubuk-minuman-lainnya,Vegeta Campuran Minuman 6'S Herbal 4.6 Gr,Rp19.800,19800.0
bubuk-minuman-lainnya,Jestham Paket Duo Gloww Powder,Rp700.000,700000.0
bubuk-minuman-lainnya,Jestham Minuman Rasa Bluberi,Rp700.000,700000.0
bubuk-minuman-lainnya,MAXFOOD - Matcha Milkshake Powder / Bubuk Minuman Rasa Matcha,Rp80.100,80100.0
bubuk-minuman-lainnya,[TANPA GULA] Bubuk Minuman Non Gula Rasa Kopi Gula Aren / Brown Sugar Coffee 1 Kg Halal & BPOM IPP Premium Plain Omura Powder,Rp90.000,90000.0
bubuk-minuman-lainnya,ESSENLI Bubuk Minuman Instan Jahe Merah / Red Ginger Instan,Rp58.000,58000.0
bubuk-minuman-lainnya,MAXFOOD - Lemon Squash Powder Drink / Bubuk Serbuk Minuman Squash Rasa Lemon 1 KG,Rp78.100,78100.0
bubuk-minuman-lainnya,Jestham Duo Max Glucola Powder Drink,Rp149.999,149999.0
bubuk-minuman-lainnya,OMURA Bubuk Minuman Premium Rasa Teh Manis / Teh Solo / Sweet Ice Tea 1 Kg Halal & BPOM Blend Powder,Rp68.000,68000.0
bubuk-minuman-lainnya,Matchamu Sakura Latte Powder 1kg,Rp316.800,316800.0
bubuk-minuman-lainnya,Soft Salted Caramel Ice Cream / Bubuk Es Krim Rasa Karamel 1 KG,Rp115.100,115100.0
bubuk-minuman-lainnya,OMURA Blend Bubuk Minuman Rasa Lemonade / Jeruk Nipis Powder Drink 1 Kg Omura Powder,Rp67.000,67000.0
bubuk-minuman-lainnya,Bubuk Minuman King Powder Rasa Green Tea Latte Kopi Series,Rp48.000,48000.0
bubuk-minuman-lainnya,Serbuk Chai Rahmi Cairo Food - 100 Gram,Rp45.800,45800.0
bubuk-minuman-lainnya,FLOZINDO Bubuk Daun Sirsak Murni untuk Minuman Herbal & Kesehatan,Rp22.584,22584.0
bubuk-minuman-lainnya,BEVERIX Bubuk Sticky Milk Viral 1 KG - Bubuk Minuman Kekinian Aneka Varian Rasa,Rp116.500,116500.0
bubuk-minuman-lainnya,[CHOCOLATE SERIES] Bubuk Minuman Premium Rasa Cokelat / Coklat 1 KG & 500 GRAM Halal BPOM Mengandung Gula Dan Krimer Instant Drink Omura Powder Blend,Rp41.000,41000.0
bubuk-minuman-lainnya,[SERIES] SUL7AN Bubuk Minuman Mix Gula Aneka Rasa Instant Powder Drink Sultan 1 Kg Omura Powder,Rp56.000,56000.0
bubuk-minuman-lainnya,[TANPA GULA] Bubuk Minuman Non Gula Rasa Choco Hazelnut / Coklat Hazelnut 500 Gram Tanpa Gula Halal BPOM IPP Premium Plain Omura Powder,Rp50.000,50000.0
bubuk-minuman-lainnya,Bubuk Minuman Premium Rasa LEMON TEA 1Kg JBD | Jakarta Bubble Drink | HALAL&BPOM,Rp65.100,65100.0
bubuk-minuman-lainnya,MAXFOOD - Red Velvet Milkshake Powder / Bubuk Minuman Rasa Red Velvet,Rp71.100,71100.0
bubuk-minuman-lainnya,[TANPA GULA] Bubuk Minuman Non Gula Rasa Green Tea Latte / Matcha Latte 500 Gram Tanpa Gula Halal BPOM IPP Premium Plain Omura Powder,Rp50.000,50000.0
bubuk-minuman-lainnya,[TANPA GULA] Bubuk Minuman Non Gula Rasa Vanilla / Vanila 250 Gram Tanpa Gula Halal BPOM IPP Premium Plain Omura Powder,Rp30.000,30000.0
bubuk-minuman-lainnya,Lychee Squash Powder Drink Bubuqu 1 Kg - Minuman Bubuk Leci,Rp54.499,54499.0
bubuk-minuman-lainnya,Kab. Banyumas,Rp45.798,45798.0
bubuk-minuman-lainnya,Xtragin Wedang Uwuh Herbal Drink,Rp23.000,23000.0
bubuk-minuman-lainnya,"Susu Bubuk Etaku Goat Milk 200gr - Peninggi Badan Anak, Kesehatan Tulang Cedera Patah Tulang, Kesehatan Pernafasan Asma Sesak Nafas Nyeri Dada, Asam Urat Saraf Kejepit Sakit Lutut Dairy Etawa Susu Kambing",Rp94.000,94000.0
bubuk-minuman-lainnya,Vegeta Herbal (PAKET ISI 2) Free Tumbler Vegeta,Rp37.300,37300.0
bubuk-minuman-lainnya,Mamacia Treats Organic Food Powder Pure Bubuk Murni Food Grade,Rp19.500,19500.0
bubuk-minuman-lainnya,DRiPP Premium Matcha Powder (Bubuk Matcha ),Rp237.160,237160.0
bubuk-minuman-lainnya,Bubuk Minuman Premium Rasa HAZELNUT 1Kg JBD | Jakarta Bubble Drink | HALAL&BPOM,Rp80.000,80000.0
bubuk-minuman-lainnya,NUTRIFARM PREMIUM MATCHA POWDER 440G MATCHA BUBUK ORGANIK,Rp68.000,68000.0
bubuk-minuman-lainnya,Bubuk Krimer Serbaguna 500 Gr Creamer Nabati Non Diary Es Teller Sticky Milk Topping NDC Gurih Creamy Omura Powder,Rp40.000,40000.0
bubuk-minuman-lainnya,Paket AMH jahe Merah Susu (3 Rcg),Rp60.000,60000.0
bubuk-minuman-lainnya,Strawberry Powder Drink Bubuqu 1 Kg - Minuman Bubuk Strawberry,Rp54.499,54499.0
bubuk-minuman-lainnya,[Promo] Es Teh Poci Teh Tarik Gula Aren 1 renteng isi 10 sachet (minuman serbuk / bubuk / Instant powder drink ),Rp14.945,14945.0
bubuk-minuman-lainnya,Blackcurrant Squash Powder Drink / Bubuk Minuman Serbuk Squash Rasa Blackcurrant 1 KG,Rp78.100,78100.0
bubuk-minuman-lainnya,Bubuk Minuman Rasa Choco Hazelnut 1 Kg,Rp66.000,66000.0
bubuk-minuman-lainnya,SUL7AN Bubuk Minuman Rasa Red Velvet 1 KG Mengandung Gula Instant Powder Drink Sultan Powder,Rp56.000,56000.0
bubuk-minuman-lainnya,Vanilla Powder 800gr - Bubuk Minuman Rasa Vanila Otten Coffee cocok untuk Horeca,Rp150.000,150000.0
bubuk-minuman-lainnya,Bubuk Minuman King Powder Rasa Matcha Serbuk Minuman Matcha,Rp45.000,45000.0
bubuk-minuman-lainnya,ESSENLI Bubuk Gelatin Sapi Halal / Gelatin Powder,Rp55.500,55500.0
bubuk-minuman-lainnya,OMURA Blend Bubuk Minuman Rasa Chocolate / Cokelat Powder Drink 500 GR Omura Powder,Rp36.000,36000.0
bubuk-minuman-lainnya,Bubuk Minuman Premium Rasa TARO 1Kg JBD | Jakarta Bubble Drink | HALAL&BPOM,Rp80.000,80000.0
bubuk-minuman-lainnya,AMH Jahe Merah Herbal - 5 Sachet,Rp9.700,9700.0
bubuk-minuman-lainnya,HOTTO MAME - 3 SACHET 90 GRAM - MULTIGRAIN WITH EDAMAME,Rp75.000,75000.0
bubuk-minuman-lainnya,Matchamu Abang Teh Tarik Pouch isi 30 sachet,Rp77.900,77900.0
bubuk-minuman-lainnya,OMURA Blend Bubuk Minuman Rasa Pink Bubble Gum Powder Drink 1 Kg Omura Powder,Rp68.000,68000.0
bubuk-minuman-lainnya,Choco Biscuit Powder Drink Bubuqu 1 Kg - Minuman Bubuk Biskuit Cokelat,Rp72.440,72440.0
bubuk-minuman-lainnya,Bubuk Minuman Premium Rasa MILK TEA 1Kg JBD | Jakarta Bubble Drink | HALAL&BPOM,Rp70.000,70000.0
bubuk-minuman-lainnya,Powder Minuman Varian CHOCOLATE 500 Gr | Jakarta Bubble Drink Bubuk Fruit,Rp52.000,52000.0
bubuk-minuman-lainnya,[BUBUK VARIAN KOPI] JBD Bubuk Minuman Coffee Premium 1 KG | Powder Non Gula | Halal & BPOM,Rp70.000,70000.0
bubuk-minuman-lainnya,[PROMO SPESIAL LIVE] RICU'S SECRET 1 Box BYFT Minuman Serbuk Rasa Lemon atau Delima Zero Sugar,Rp185.900,185900.0
bubuk-minuman-lainnya,BEVERIX Teh Kekinian Thai Tea dan Greentea 500 GR - Serbuk Minuman Teh 3in1 Mix Rasa Thai Tea dan Green Tea,Rp51.000,51000.0
bubuk-minuman-lainnya,MGanik Metafiber Meta Fiber Travel Size isi 7 Sachet Obat Diabetes,Rp79.000,79000.0
bubuk-minuman-lainnya,Salted Caramel Powder Drink Bubuqu 1 Kg - Minuman Bubuk Karamel Asin,Rp62.000,62000.0
bubuk-minuman-lainnya,Matcha Green Tea Latte Powder Drink Bubuqu 1 Kg - Minuman Bubuk Matcha,Rp62.000,62000.0
bubuk-minuman-lainnya,"Mugo, Jahe Merah Gula Aren Murni White Sugar Free Praktis Hangat Tanpa Ampas 150 gr",Rp26.000,26000.0
bubuk-minuman-lainnya,Ferswit Susu Bubuk Edamame Jepang Pertama Di indonesia - Diformulasikan Untuk Kolesterol,Rp98.440,98440.0
bubuk-minuman-lainnya,MAXFOOD - [ECO] Bubblegum Milkshake Powder / Minuman Bubuk Rasa Bubblegum Milkshake Ekonomis 1 KG,Rp71.100,71100.0
bubuk-minuman-lainnya,Vanilla Milkshake / Bubuk Minuman Rasa Vanilla 500 GR,Rp58.550,58550.0
bubuk-minuman-lainnya,Krimer Reguler (Penambah Rasa Creamy) Bubuk Krimer Creamer Powder Cocok untuk berbagai Olahan,Rp55.000,55000.0
bubuk-minuman-lainnya,Bubuk Minuman Rasa Strawberry Squash Tanpa Susu 1 Kg Omura Powder,Rp68.000,68000.0
bubuk-minuman-lainnya,Bubuk Minuman Rasa Anggur Powder Drink Reguler Grape,Rp43.000,43000.0
bubuk-minuman-lainnya,OMURA Bubuk Minuman Premium Rasa Avocado 1 Kg / 1000 Gram Halal & BPOM Blend Powder,Rp68.000,68000.0
bubuk-minuman-lainnya,New Arrival Day [TANPA GULA] Bubuk Minuman Tanpa Gula Rasa Matcha 250 Gram Halal BPOM IPP Plain No Sugar Omura Powder,Rp30.000,30000.0
bubuk-minuman-lainnya,Bubuk Minuman GENMAICHA LATTE - Premium Drink Powder 200g,Rp88.990,88990.0
bubuk-minuman-lainnya,FiberCreme Foil Pack 1000 gr - 3 Pcs,Rp398.466,398466.0
bubuk-minuman-lainnya,JAPO Bubuk Minuman Matcha Greentea 500 gr,Rp33.000,33000.0
bubuk-minuman-lainnya,Suplemen Serat mganik METAFIBER Yuzu 450gr untuk 40 Konsumsi - 2x Sehari,Rp299.000,299000.0
bubuk-minuman-lainnya,mGanik Metafiber Suplemen Serat 450gr rasa Leci,Rp299.000,299000.0
bubuk-minuman-lainnya,MAXFOOD - Banana Milkshake Powder Drink / Bubuk Minuman Rasa Pisang Susu 1 KG,Rp107.100,107100.0
bubuk-minuman-lainnya,Homelab Bubuk Minuman Matcha Premium / Greentea Matcha Powder - 200 Gr,Rp89.990,89990.0
bubuk-minuman-lainnya,Pop Ice Milk Shake Powder Rasa Anggur | Renceng - 23gr x 10 Sachet,Rp14.522,14522.0
bubuk-minuman-lainnya,MAXFOOD - Pure Matcha Powder / Bubuk Matcha Murni / Bubuk Green Tea Murni 1 KG,Rp470.100,470100.0
bubuk-minuman-lainnya,NutriSari Apple Tea 40 Sachet - Tinggi Vitamin C Vitamin D,Rp60.500,60500.0
bubuk-minuman-lainnya,[SERIES] OMURA Blend Bubuk Minuman Premium Instant Aneka Rasa Mix Gula 1 Kg / 1000 Gram Omura Powder,Rp67.000,67000.0
bubuk-minuman-lainnya,OMURA Blend Bubuk Minuman Rasa Strawberry / Stroberi Powder Drink 1 KG Omura Powder,Rp67.000,67000.0
bubuk-minuman-lainnya,Bubuk Minuman Premium Rasa BUBBLE GUM 1Kg JBD | Jakarta Bubble Drink | HALAL&BPOM,Rp75.000,75000.0
bubuk-minuman-lainnya,Bubuk Minuman Premium Rasa DURIAN 1Kg JBD | Jakarta Bubble Drink | HALAL&BPOM,Rp65.100,65100.0
bubuk-minuman-lainnya,[SERIES] OMURA Blend Bubuk Minuman Premium Instant Aneka Rasa Mix Gula 500 Gram Omura Powder,Rp41.000,41000.0
bubuk-minuman-lainnya,Sido Muncul Minuman Susu Jahe Coklat Swiss 10 Sachet,Rp20.002,20002.0
bubuk-minuman-lainnya,OMURA Blend Bubuk Minuman Rasa Pink Bubble Gum / Permen Karet Powder Drink 500 GR Omura Powder,Rp41.000,41000.0
bubuk-minuman-lainnya,OMURA Blend Bubuk Minuman Rasa Choco Hazelnut Powder Drink 1 Kg Omura Powder,Rp68.000,68000.0
bubuk-minuman-lainnya,Bubuk Minuman King Powder Rasa Coconut Fruit Powder Drink Kelapa,Rp43.000,43000.0
bubuk-minuman-lainnya,AMH Jahe Merah Herbal Gula Aren Pisah 1 rcg - (10 Sachet),Rp25.000,25000.0
bubuk-minuman-lainnya,"minuman jahe merah asli original Sriwilujeng 150g isi 3 - HALAL PIRT | Menghangatkan, Imunitas, Tanpa Ampas, Bubuk Minuman Instan Serbuk Manis",Rp107.730,107730.0
bubuk-minuman-lainnya,Jakarta Barat,Rp101.250,101250.0
bubuk-minuman-lainnya,Bubuqu Powder Drink Caramel Latte - Bubuk Minuman Karamel Susu 1 Kg,Rp62.000,62000.0
bubuk-minuman-lainnya,W'Dank Jahe Kayu Manis (4 Sch) - Tinggi Vitamin C & D,Rp14.900,14900.0
bubuk-minuman-lainnya,Red Velvet Powder Drink Arnav 1 Kg - Minuman Bubuk Red Velvet Premium,Rp121.500,121500.0
bubuk-minuman-lainnya,Morifa Serbuk Bubuk Daun Kelor Organik Super Halus 500mesh Premium bubuk daun kelor peninggi badan Powder,Rp59.950,59950.0
bubuk-minuman-lainnya,ARUTALA Kopi Susu Blend - For Kekinian Coffee - 200 gram,Rp59.800,59800.0
bubuk-minuman-lainnya,Bubuk Minuman Premium Rasa MILK TEA 1Kg JBD | Jakarta Bubble Drink | HALAL&BPOM,Rp45.000,45000.0
bubuk-minuman-lainnya,Bubuk Minuman Es Sticky Milk Premium Rasa Permen Karet 1 Kg Mengandung Gula Susu Dan Krimer Es Kwentel Omura Powder,Rp68.000,68000.0
bubuk-minuman-lainnya,Bubuk Sticky Milk Viral Aneka Rasa Beverix Powder Drink Kemasan 500 gram Minuman Chocolate Banana Coffee,Rp69.000,69000.0
bubuk-minuman-lainnya,OMURA Bubuk Minuman Premium Rasa Kelapa Kopyor / Pink Lava 100 Gram Halal & BPOM Blend Powder,Rp20.000,20000.0
bubuk-minuman-lainnya,Bubuk Minuman King Powder Rasa Mango Fruit Serbuk Minuman Mangga,Rp43.000,43000.0
bubuk-minuman-lainnya,OMURA Bubuk Minuman Premium Rasa Anggur Blackcurrant 1 Kg / 1000 Gram Halal & BPOM Blend Powder,Rp68.000,68000.0
bubuk-minuman-lainnya,Milk Tea Powder Drink Bubuqu 1 Kg - Minuman Bubuk Teh Susu,Rp62.000,62000.0
bubuk-minuman-lainnya,Bubuk Minuman Es Sticky Milk Premium Rasa Mangga / Mango 500 GR Mengandung Gula Susu Dan Krimer Es Kwentel Omura Powder,Rp41.000,41000.0
bubuk-minuman-lainnya,Serbuk Chai Adani Spice Mix Cairo Food - 100 gram,Rp87.800,87800.0
bubuk-minuman-lainnya,OMURA Blend Bubuk Minuman Rasa Mango Tea / Teh Mangga Powder Drink 500 GR Omura Powder,Rp41.000,41000.0
bubuk-minuman-lainnya,Jahe Wangi Sidomuncul Isi 5 Sachet - Minuman Hangat Tradisional,Rp9.900,9900.0
bubuk-minuman-lainnya,House Of Organix Premium Uji Matcha Powder 30gr,Rp78.900,78900.0
bubuk-minuman-lainnya,Serbuk Chai Masala Cairo Food - 100 Gram,Rp65.100,65100.0
bubuk-minuman-lainnya,MAXFOOD - Mango Milkshake / Bubuk Minuman Susu Rasa Mangga,Rp102.100,102100.0
bubuk-minuman-lainnya,Active Fibby 105G Minuman Tinggi Serat,Rp85.000,85000.0
bubuk-minuman-lainnya,Chocomalt Milkshake / Bubuk Minuman Rasa Chocolate Gandum 1 KG,Rp115.100,115100.0
bubuk-minuman-lainnya,AMH Jahe Merah Herbal - 5 Sachet,Rp9.700,9700.0
bubuk-minuman-lainnya,HOTTO MAME - 3 SACHET 90 GRAM - MULTIGRAIN WITH EDAMAME,Rp75.000,75000.0
bubuk-minuman-lainnya,Matchamu Abang Teh Tarik Pouch isi 30 sachet,Rp77.900,77900.0
bubuk-minuman-lainnya,OMURA Blend Bubuk Minuman Rasa Pink Bubble Gum Powder Drink 1 Kg Omura Powder,Rp68.000,68000.0
bubuk-minuman-lainnya,Choco Biscuit Powder Drink Bubuqu 1 Kg - Minuman Bubuk Biskuit Cokelat,Rp72.440,72440.0
energy-drink,YOU C 1000 APPLE 140 ML,Rp7.990,7990.0
energy-drink,POCARI SWEAT ION WATER PET 350ml,Rp7.480,7480.0
energy-drink,POCARI SWEAT PET 350 ML - ISOTONIK,Rp7.480,7480.0
energy-drink,YOU C 1000 ORANGE 140 ML - MINUMAN,Rp8.330,8330.0
energy-drink,YOU C 1000 ORANGE 140 ML,Rp8.330,8330.0
energy-drink,YOU C 1000 ORANGE 140 ML - MINUMAN,Rp7.890,7890.0
energy-drink,YOU C 1000 ISOTONIK ORANGE WATER 500 ML,Rp8.550,8550.0
energy-drink,YOU C 1000 ORANGE 140 ML - MINUMAN,Rp7.200,7200.0
energy-drink,YOU C 1000 ORANGE 140 ML,Rp7.200,7200.0
energy-drink,FLORIDINA COCO 350 ML - MINUMAN,Rp3.100,3100.0
energy-drink,Larutan Cap Kaki Tiga Leci Can 320 Ml,Rp8.120,8120.0
energy-drink,POCARI SWEAT CAN 330 ML,Rp7.690,7690.0
energy-drink,LARUTAN CAP KAKI TIGA JAMBU CAN 320 ML,Rp8.120,8120.0
energy-drink,POCARI SWEAT CAN 330 ML - ISOTONIK,Rp7.690,7690.0
energy-drink,FLORIDINA COCO 350 ML - MINUMAN,Rp3.100,3100.0
energy-drink,HYDRO COCO 500 ML,Rp16.680,16680.0
energy-drink,CAP KAKI TIGA LARUTAN PENYEGAR ORIGINAL 200 ML,Rp6.035,6035.0
energy-drink,YOU C 1000 ISOTONIK ORANGE WATER 500 ML,Rp9.080,9080.0
energy-drink,Larutan Cap Badak Lychee Can 320 Ml,Rp9.190,9190.0
energy-drink,Wempkes Bundling 1 box Rasa Leci & Cookies n Cream,Rp240.000,240000.0
energy-drink,You C1000 Orange Water 500 Ml,Rp12.200,12200.0
energy-drink,Wempkes Fiber Drink (3sch) - Minuman Kaya Nutrisi,Rp36.000,36000.0
energy-drink,Cap Badak Lychee Can 320Ml,Rp13.000,13000.0
energy-drink,Vegeta Scrubber Box 6 Sachet,Rp15.500,15500.0
energy-drink,KRATING DAENG REGULAR 150 ML,Rp6.590,6590.0
energy-drink,Red Bull Reg Can 250 ml,Rp32.000,32000.0
energy-drink,YOU C 1000 MANGO 140 ML,Rp8.330,8330.0
energy-drink,ENDUREGO Sport Isotonic Drink Box - 40g x 10sch,Rp187.000,187000.0
energy-drink,ANGET SARI SUSU JAHE 5X28G,Rp8.650,8650.0
energy-drink,FLORIDINA COCO 350 ML,Rp3.630,3630.0
energy-drink,FLORIDINA COCO 350 ML,Rp3.630,3630.0
energy-drink,ORONAMIN C DRINK 120 ML - MINUMAN,Rp6.990,6990.0
energy-drink,Larutan Cap Badak 500 Ml,Rp9.940,9940.0
energy-drink,Kuku Bima Ener-G RTD Royal Grape Menambah Stamina Menyegarkan Tubuh,Rp6.499,6499.0
energy-drink,YOU C 1000 ISOTONIK ORANGE WATER 500 ML,Rp9.080,9080.0
energy-drink,CAP KAKI TIGA LARUTAN PENYEGAR ORIGINAL 500 ML,Rp9.387,9387.0
energy-drink,HWI Glucella Minuman Serbuk Rasa Apel 15 Gram Kaya Kolagen & Vitamin C Untuk Kesehatan Kulit,Rp418.900,418900.0
energy-drink,San Marzano Il Pumo Chardonnay 750ml,Rp315.000,315000.0
energy-drink,POCARI SWEAT PET 2000 ML - ISOTONIK,Rp25.670,25670.0
energy-drink,YOU C 1000 ISOTONIK LEMON WATER 500 ML,Rp9.080,9080.0
energy-drink,Pocari Sweat Pet 350 Ml,Rp7.480,7480.0
energy-drink,POCARI SWEAT PET 500 ML,Rp8.330,8330.0
energy-drink,YOU C 1000 ISOTONIK LEMON WATER 500 ML,Rp8.120,8120.0
energy-drink,POCARI SWEAT PET 350 ML,Rp8.550,8550.0
energy-drink,FLORIDINA COCO 350 ML,Rp4.270,4270.0
energy-drink,YOU C 1000 ISOTONIK ORANGE WATER 500 ML,Rp8.120,8120.0
energy-drink,ORONAMIN C DRINK 120 ml Single,Rp6.800,6800.0
energy-drink,YOU C 1000 ORANGE 140 ML - MINUMAN,Rp8.330,8330.0
energy-drink,Wempkes Fiber Drink (3box) - Minuman Serat Kaya Nutrisi - Belgian Coklat,Rp360.000,360000.0
energy-drink,POCARI SWEAT SACHET 13gr 3 box (15 sachet),Rp31.500,31500.0
energy-drink,Black Jack Whisky 700 ml - TIPSY BRO,Rp365.000,365000.0
energy-drink,Wempkes Bundling 1 box Rasa Leci & Coklat Belgian,Rp210.901,210901.0
energy-drink,Kuku Bima Ener-G Vit C1000 Jeruk 6's - Minuman Berenergi Vitamin,Rp9.300,9300.0
energy-drink,YOU C 1000 APPLE 140 ML - MINUMAN,Rp7.200,7200.0
energy-drink,YOU C 1000 LEMON 140 ML,Rp7.850,7850.0
energy-drink,CAP KAKI TIGA LARUTAN PENYEGAR ORIGINAL 200 ML,Rp5.364,5364.0
energy-drink,HYDRO COCO 500 ML - MINUMAN KELAPA,Rp15.930,15930.0
energy-drink,POCARI SWEAT PET 500 ML,Rp8.330,8330.0
energy-drink,POCARI SWEAT PET 350 ML - ISOTONIK,Rp7.480,7480.0
energy-drink,Fanta Merah 250ml Can - Minuman Soda Original & Resmi dengan Bubble Wrap dan Dus Tebal untuk Pengiriman Aman,Rp10.800,10800.0
energy-drink,YOU C 1000 ISOTONIK ORANGE WATER 500 ML,Rp8.490,8490.0
energy-drink,YOU C 1000 ORANGE 140 ML,Rp8.330,8330.0
energy-drink,POCARI SWEAT PET 350 ML - ISOTONIK,Rp7.490,7490.0
energy-drink,POCARI SWEAT ION WATER PET 350 ML,Rp7.480,7480.0
energy-drink,EJ Sport Energy Gel 5 Tube L-Carnitine Vit B3 B5 B6,Rp55.000,55000.0
energy-drink,Bundling Spesial 10 Sadajiwa by Rahsa Nusantara,Rp340.000,340000.0
energy-drink,YOU C 1000 ISOTONIK ORANGE WATER 500 ML,Rp8.120,8120.0
energy-drink,ADEMSARI CHINGKUSPRKLMNCAN320ML,Rp10.470,10470.0
energy-drink,HYDRO COCO 500 ML - MINUMAN KELAPA,Rp15.820,15820.0
energy-drink,POCARI SWEAT ION WATER PET 350 ML,Rp7.480,7480.0
energy-drink,FLORIDINA ORANGE 350 ML - MINUMAN,Rp3.630,3630.0
energy-drink,POCARI SWEAT PET 2000 ML - ISOTONIK,Rp25.990,25990.0
energy-drink,FLORIDINA ORANGE 350 ML - MINUMAN,Rp3.490,3490.0
energy-drink,ENDUREGO Sport Isotonic Drink Box - 40g x 10sch,Rp187.500,187500.0
energy-drink,Kab. Tangerang,Rp428.900,428900.0
energy-drink,Larutan Cap Badak 500 Ml,Rp9.300,9300.0
energy-drink,YOU C 1000 LEMON 140 ML,Rp8.330,8330.0
energy-drink,POCARI SWEAT PET 350 ML - ISOTONIK,Rp7.690,7690.0
energy-drink,Polaris Soda Water Can 330 Ml,Rp8.900,8900.0
energy-drink,YOU C 1000 ISOTONIK ORANGE WATER 500 ML,Rp8.550,8550.0
energy-drink,YOU C 1000 ORANGE 140 ML - MINUMAN,Rp7.200,7200.0
energy-drink,POCARI SWEAT PET 2000 ML - ISOTONIK,Rp25.670,25670.0
energy-drink,Isoplus Minuman Isotonik 350 ml x 5 pcs,Rp19.800,19800.0
energy-drink,Wempkes Fiber Drink (5pcs) - Minuman Serat Nutrisi - Belgian Coklat,Rp60.000,60000.0
energy-drink,ION WATER PET 350 ml Karton isi 24 Botol,Rp168.000,168000.0
energy-drink,ANGET SARI SUSU JAHE 5X28G,Rp10.150,10150.0
energy-drink,Pocari Sweat Minuman Isotonik 500 ml (Pack - 3 Botol),Rp27.100,27100.0
energy-drink,Oronamin C Bottle isi 120 ml,Rp7.300,7300.0
energy-drink,YOU C 1000 ISOTONIK ORANGE WATER 500 ML,Rp8.550,8550.0
energy-drink,YOU C 1000 LEMON 140 ML,Rp7.990,7990.0
energy-drink,YOU C 1000 LEMON 140 ML BANDED 6,Rp47.400,47400.0
energy-drink,POCARI SWEAT PET 500 ML - ISOTONIK,Rp7.100,7100.0
energy-drink,POCARI SWEAT PET 500 ML - ISOTONIK,Rp8.330,8330.0
energy-drink,LARUTAN CAP KAKI TIGA JAMBU CAN 320 ML,Rp8.120,8120.0
energy-drink,LARUTAN CAP KAKI TIGA JAMBU CAN 320 ML,Rp8.230,8230.0
energy-drink,Pocari Sweat Ion Water Pet 350Ml,Rp7.480,7480.0
energy-drink,LARUTAN CAP BADAK JAMBU CAN 320 ML,Rp9.300,9300.0
energy-drink,HYDRO COCO 500 ML,Rp14.110,14110.0
energy-drink,HYDRO COCO 500 ML,Rp14.970,14970.0
energy-drink,FLORIDINA ORANGE 350 ML - MINUMAN,Rp3.630,3630.0
energy-drink,LARUTAN CAP BADAK 500 ML - MINUMAN,Rp9.620,9620.0
energy-drink,LARUTAN CAP BADAK JAMBU CAN 320 ML,Rp9.620,9620.0
energy-drink,ADEM SARI PACK 5 PCS,Rp18.450,18450.0
energy-drink,LARUTAN CAP BADAK 500 ML - MINUMAN,Rp9.620,9620.0
energy-drink,YOU C 1000 MANGO 140 ML - MINUMAN,Rp8.330,8330.0
energy-drink,YOU C 1000 LEMON 140 ML,Rp8.330,8330.0
energy-drink,POCARI SWEAT ION WATER PET 350ML,Rp7.480,7480.0
energy-drink,ENDUREGO - Sports Isotonic Drink Sachet,Rp18.750,18750.0
energy-drink,HYDRO COCO 500 ML,Rp16.360,16360.0
energy-drink,Mr. Halu Minuman Serbuk Pria BPOM Halal eceran dan box,Rp261.250,261250.0
energy-drink,POCARI SWEAT PET 500 ML - ISOTONIK,Rp7.100,7100.0
energy-drink,LARUTAN CAP KAKI TIGA JAMBU CAN 320 ML,Rp8.230,8230.0
energy-drink,FLORIDINA COCO 350 ML,Rp3.630,3630.0
energy-drink,YOU C 1000 APPLE 140 ML,Rp8.330,8330.0
energy-drink,[EXP 29 JULI 2026] KUAS Lemon 250ml - Bundling 2 Botol,Rp36.300,36300.0
energy-drink,Hotto Purto Healthy Drink Minuman Multigrain Bundle 32 Sachet,Rp570.000,570000.0
energy-drink,LARUTAN CAP BADAK JAMBU CAN 320 ML,Rp9.300,9300.0
energy-drink,ORONAMIN C DRINK 120 ML - MINUMAN,Rp8.330,8330.0
energy-drink,POCARI SWEAT PET 2000 ML - ISOTONIK,Rp26.740,26740.0
energy-drink,LARUTAN CAP BADAK 500 ML - MINUMAN,Rp9.940,9940.0
energy-drink,YOU C 1000 LEMON 140 ML BANDED 6,Rp42.950,42950.0
energy-drink,POCARI SWEAT PET 350 ml Single,Rp7.000,7000.0
energy-drink,POCARI SWEAT PET 500 ml Single,Rp8.400,8400.0
energy-drink,"EJ Sport Gel Pack (5 Tube) Rasa Orange | Suplemen Lari & Olahraga, Gel Energi Boost Stamina & Endurance, Cepat Serap,Runner, Gym, Sepeda, Marathon,Padel",Rp47.500,47500.0
energy-drink,Cap Kaki Tiga Larutan Penyegar Original Botol 200 ml Sayurbox,Rp5.500,5500.0
energy-drink,YOU C 1000 ISOTONIK ORANGE WATER 500 ML,Rp8.490,8490.0
energy-drink,YOU C 1000 ORANGE 140 ML,Rp8.330,8330.0
energy-drink,POCARI SWEAT PET 350 ML - ISOTONIK,Rp7.490,7490.0
energy-drink,POCARI SWEAT ION WATER PET 350 ML,Rp7.480,7480.0
energy-drink,EJ Sport Energy Gel 5 Tube L-Carnitine Vit B3 B5 B6,Rp55.000,55000.0
energy-drink,PAKET RED BULL ENERGY DRINK CAN 250ml,Rp27.000,27000.0
energy-drink,YOU C 1000 APPLE 140 ML - MINUMAN,Rp7.200,7200.0
energy-drink,YOU C 1000 MANGO 140 ML,Rp8.250,8250.0
energy-drink,YOU C 1000 MANGO 140ML BD 6,Rp48.400,48400.0
energy-drink,"Calseabone - Minuman Kalsium Alga Merah Alami - Tumbuh itu keatas, bukan kesamping! - Peninggi Badan Alami, Air Jeruk Nipis",Rp224.900,224900.0
energy-drink,Cocobit Rasa Lychee 350 ML,Rp8.490,8490.0
energy-drink,Pocari Sweat Ion Water Pet 350Ml,Rp7.480,7480.0
energy-drink,YOU C 1000 MANGO 140 ML,Rp8.330,8330.0
energy-drink,KRATING DAENG REGULAR 150 ML,Rp7.050,7050.0
energy-drink,POCARI SWEAT PET 900 L,Rp16.250,16250.0
energy-drink,YOU C 1000 MANGO 140 ML - MINUMAN,Rp7.200,7200.0
energy-drink,FLORIDINA ORANGE 350 ML - MINUMAN,Rp3.100,3100.0
energy-drink,POCARI SWEAT ION WATER PET 350 ML,Rp7.480,7480.0
energy-drink,Pocari Sweat Pet 350 Ml,Rp8.330,8330.0
energy-drink,Larutan Cap Badak 500 Ml,Rp9.300,9300.0
energy-drink,LARUTAN CAP BADAK JAMBU CAN 320 ML,Rp9.300,9300.0
energy-drink,HYDRO COCO 500 ML,Rp16.360,16360.0
energy-drink,Fibe Mini Minuman Serat Harian - Paket isi 14 Botol 100ml,Rp106.400,106400.0
energy-drink,POCARI SWEAT LARUTAN 500 ML BOTOL,Rp11.566,11566.0
energy-drink,ORONAMIN C DRINK 6'S X 120 ML,Rp43.250,43250.0
energy-drink,Etafresh Energi Tambahan -Susu Kambing Herbal untuk Asupan Energi – 200g BPOM Halal | Susu Bubuk Bahan Etawa Dairy Milk tanpa Gula,Rp95.000,95000.0
energy-drink,BiotechUSA - BLACK BLOOD PRE'WORKOUT SACHET 20 Gram OPTIMUM ENERGY,Rp55.000,55000.0
energy-drink,YOU C 1000 ISOTONIK ORANGE WATER 500 ML,Rp8.440,8440.0
energy-drink,YOU C 1000 ORANGE 140 ML,Rp7.480,7480.0
energy-drink,POCARI SWEAT PET 350 ML - ISOTONIK,Rp7.480,7480.0
energy-drink,YOU C 1000 APPLE 140 ML - MINUMAN,Rp8.330,8330.0
energy-drink,YOU C 1000 MANGO 140 ML - MINUMAN,Rp8.330,8330.0
energy-drink,YOU C 1000 LEMON 140 ML - MINUMAN,Rp8.330,8330.0
energy-drink,YOU C 1000 ORANGE 140 ML - MINUMAN,Rp8.330,8330.0
energy-drink,Wempkes Fiber Drink (1box) - Minuman Serat Kaya Nutrisi - Cookies & Cream,Rp115.000,115000.0
energy-drink,POCARI SWEAT PET 350 ML - ISOTONIK,Rp7.490,7490.0
energy-drink,EJ Sport Energy Gel 5 Tube L-Carnitine Vit B3 B5 B6,Rp55.000,55000.0
energy-drink,YOU C 1000 ISOTONIK LEMON WATER 500 ML,Rp8.440,8440.0
energy-drink,YOU C 1000 MANGO 140 ML,Rp8.250,8250.0
energy-drink,YOU C 1000 APPLE 140 ML,Rp7.850,7850.0
energy-drink,POCARI SWEAT PET 500 ML,Rp8.330,8330.0
energy-drink,YOU C 1000 LEMON 140 ML BANDED 6,Rp46.050,46050.0
energy-drink,HYDRO COCO 500 ML,Rp16.680,16680.0
energy-drink,RED BULL ENERGY DRINK CAN 250 ML,Rp28.880,28880.0
energy-drink,YOU C 1000 LEMON 140 ML - MINUMAN,Rp8.550,8550.0
energy-drink,Krating Daeng Regular 150 Ml,Rp7.050,7050.0
energy-drink,POCARI SWEAT PET 500 ML,Rp8.330,8330.0
energy-drink,FLORIDINA COCO 350 ML,Rp4.590,4590.0
energy-drink,KRATING DAENG REGULAR 150 ML,Rp6.200,6200.0
energy-drink,POCARI SWEAT PET 500 ML,Rp8.330,8330.0
energy-drink,LARUTAN CAP KAKI TIGA LECI CAN 320 ML,Rp7.480,7480.0
energy-drink,POCARI SWEAT CAN 330 ML - ISOTONIK,Rp7.690,7690.0
energy-drink,YOU C 1000 ORANGE 140 ML BANDED 6,Rp48.950,48950.0
energy-drink,FLORIDINA COCO 350 ML - MINUMAN,Rp3.630,3630.0
energy-drink,YOU C 1000 ISOTONIK LEMON WATER 500 ML,Rp8.440,8440.0
energy-drink,LARUTAN CAP BADAK LYCHEE CAN 320 ML,Rp8.980,8980.0
energy-drink,Cap Panda Bird Nest Wrap 310 ml,Rp7.900,7900.0
energy-drink,YOU C 1000 MANGO 140 ML,Rp8.330,8330.0
energy-drink,ION WATER PET 350 ml Cluster Pack isi 6 Botol,Rp42.000,42000.0
energy-drink,RED BULL ENERGY DRINK CAN 250 ML,Rp26.800,26800.0
energy-drink,YOU C 1000 ISOTONIK ORANGE WATER 500 ML,Rp8.750,8750.0
energy-drink,KRATING DAENG REGULAR 150 ML,Rp6.490,6490.0
energy-drink,Krating Daeng Regular 150 Ml,Rp6.800,6800.0
energy-drink,Pocari Sweat Pet 2000 Ml,Rp26.950,26950.0
energy-drink,YOU C1000 Orange Water Minuman Isotonik Vitamin C Jeruk 500 ml,Rp11.100,11100.0
energy-drink,YOU C 1000 ORANGE 140 ML,Rp8.330,8330.0
energy-drink,YOU C 1000 ORANGE 140 ML,Rp8.330,8330.0
energy-drink,Larutan Cap Badak Lychee Can 320 Ml,Rp9.080,9080.0
energy-drink,YOU C 1000 ORANGE 140 ML - MINUMAN,Rp8.330,8330.0
energy-drink,RED BULL ENERGY DRINK CAN 250 ML,Rp26.800,26800.0
energy-drink,Krating Daeng Regular 150 Ml,Rp6.800,6800.0
energy-drink,YOU C 1000 ISOTONIK ORANGE WATER 500 ML,Rp8.550,8550.0
energy-drink,POCARI SWEAT PET 500 ML,Rp7.800,7800.0
energy-drink,YOU C 1000 APPLE 140 ML,Rp7.200,7200.0
energy-drink,POCARI SWEAT CAN 330 ML,Rp7.690,7690.0
energy-drink,YOU C 1000 ORANGE 140 ML,Rp7.480,7480.0
energy-drink,KRATING DAENG REGULAR 150 ML,Rp6.390,6390.0
energy-drink,LARUTAN CAP BADAK JAMBU CAN 320 ML,Rp7.990,7990.0
energy-drink,Pocari Sweat Pet 2000 Ml,Rp26.950,26950.0
energy-drink,YOU C1000 Orange Water Minuman Isotonik Vitamin C Jeruk 500 ml,Rp11.100,11100.0
energy-drink,aminoVITAL™ – Bentuk Jeli Rasa Apel dengan Asam Amino (24pcs),Rp848.800,848800.0
energy-drink,POCARI SWEAT ION WATER PET 500ML,Rp8.550,8550.0
energy-drink,ORONAMIN C DRINK 120 ML,Rp8.550,8550.0
energy-drink,Larutan Cap Badak Lychee Can 320 Ml,Rp9.080,9080.0
energy-drink,LARUTAN CAP BADAK 500 ML,Rp11.330,11330.0
energy-drink,POCARI SWEAT ION WATER PET 500ML,Rp8.550,8550.0
energy-drink,LARUTAN CAP BADAK 500 ML - MINUMAN,Rp9.620,9620.0
energy-drink,You C1000 Mango 140 Ml Minuman,Rp13.500,13500.0
energy-drink,LARUTAN CAP BADAK JAMBU CAN 320 ML,Rp7.690,7690.0
energy-drink,POCARI SWEAT PET 900 L,Rp14.970,14970.0
energy-drink,HYDRO COCO 500 ML,Rp16.360,16360.0
energy-drink,POCARI SWEAT PET 500 ML,Rp8.330,8330.0
energy-drink,CAP KAKI TIGA LARUTAN PENYEGAR ORIGINAL 500 ML,Rp13.828,13828.0
energy-drink,HEMAVITON C 1000 ORANGE CAN 330 ML - VITAMIN,Rp8.550,8550.0
energy-drink,YOU C 1000 ISOTONIK LEMON WATER 500 ML,Rp8.440,8440.0
energy-drink,HEMAVITON C 1000 LEMON 330ml,Rp8.550,8550.0
energy-drink,YOU C 1000 APPLE 140 ML,Rp6.800,6800.0
energy-drink,YOU C 1000 ORANGE 140 ML BANDED 6,Rp42.950,42950.0
energy-drink,YOU C 1000 LEMON 140 ML - MINUMAN,Rp7.200,7200.0
energy-drink,Pocari Sweat Pet 350 Ml,Rp7.480,7480.0
energy-drink,Pocari Sweat Pet 350 Ml,Rp7.480,7480.0
energy-drink,YOU C 1000 APPLE 140 ML,Rp8.330,8330.0
energy-drink,HYDRO COCO 500 ML,Rp15.180,15180.0
energy-drink,YOU C 1000 ORANGE 140 ML,Rp8.330,8330.0
energy-drink,YOU C 1000 ORANGE 140 ML,Rp8.330,8330.0
energy-drink,POCARI SWEAT ION WATER PET 350ML,Rp7.480,7480.0
energy-drink,YOU C 1000 ORANGE 140 ML,Rp7.200,7200.0
energy-drink,Larutan Cap Kaki Tiga Leci Can 320 Ml,Rp8.230,8230.0
energy-drink,Larutan Cap Badak 500 Ml,Rp9.620,9620.0
energy-drink,YOU C 1000 MANGO 140 ML,Rp8.330,8330.0
energy-drink,YOU C 1000 ORANGE 140 ML,Rp7.480,7480.0
energy-drink,YEOS SOYA BEAN 300 ML - MINUMAN,Rp10.370,10370.0
energy-drink,YOU C 1000 ISOTONIK LEMON WATER 500 ML,Rp8.120,8120.0
energy-drink,POCARI SWEAT SACHET 13gr 15 Box (450 sachet) FREE KALENJI SPORT SHIRT [Subscription 6 Months],Rp945.000,945000.0
energy-drink,Wempkes Fiber Drink (3pcs) - Minuman Serat Kaya Nutrisi - Belgian Coklat,Rp36.000,36000.0
energy-drink,Pocari Sweat Pet 350 Ml,Rp7.480,7480.0
energy-drink,[SPECIAL PACKAGE] POCARI SWEAT SACHET 13gr 12 Box (60 sachet) + TUMBLER,Rp98.280,98280.0
energy-drink,Larutan Cap Kaki Tiga 200 ml Pack 3 Botol,Rp14.700,14700.0
energy-drink,YOU C 1000 ISOTONIK ORANGE WATER 500 ML,Rp11.330,11330.0
energy-drink,Pocari Sweat Pet 2000 Ml,Rp22.460,22460.0
energy-drink,Floridina Orange 360 Ml,Rp3.630,3630.0
energy-drink,YOU C 1000 ISOTONIK LEMON WATER 500 ML,Rp8.440,8440.0
energy-drink,LARUTAN CAP BADAK JAMBU CAN 320 ML,Rp9.300,9300.0
energy-drink,YOU C 1000 ORANGE 140 ML,Rp8.330,8330.0
energy-drink,POCARI SWEAT PET 500 ML - ISOTONIK,Rp8.990,8990.0
energy-drink,YOU C 1000 ORANGE 140 ML - MINUMAN,Rp8.330,8330.0
energy-drink,LARUTAN CAP BADAK LYCHEE KALENG 320 ML,Rp8.150,8150.0
energy-drink,YOU C 1000 ISOTONIK ORANGE WATER 500 ML,Rp8.550,8550.0
energy-drink,SIDO MUNCUL Esemag Mint Cair 5x10ml Obat Lambung,Rp16.700,16700.0
energy-drink,FLORIDINA COCO 350 ML,Rp4.910,4910.0
energy-drink,YOU C 1000 ORANGE 140 ML,Rp8.330,8330.0
energy-drink,YOU C 1000 ORANGE 140 ML,Rp8.330,8330.0
energy-drink,Larutan Cap Badak Lychee Can 320 Ml,Rp9.080,9080.0
energy-drink,YOU C 1000 ORANGE 140 ML - MINUMAN,Rp8.330,8330.0
energy-drink,RED BULL ENERGY DRINK CAN 250 ML,Rp26.800,26800.0
energy-drink,Pocari Sweat Pet 350 Ml,Rp6.410,6410.0
energy-drink,Pocari Sweat Pet 350 Ml,Rp7.480,7480.0
energy-drink,FLORIDINA COCO 350 ML,Rp4.910,4910.0
energy-drink,POCARI SWEAT ION WATER PET 350ML,Rp7.480,7480.0
energy-drink,POCARI SWEAT PET 500 ML,Rp8.330,8330.0
energy-drink,YOU C 1000 APPLE 140 ML BANDED 6,Rp42.950,42950.0
energy-drink,POCARI SWEAT PET 500 ML - ISOTONIK,Rp8.990,8990.0
energy-drink,Krating Daeng Regular 150 Ml,Rp6.190,6190.0
energy-drink,Larutan Cap Badak Lychee Can 320 Ml,Rp9.190,9190.0
energy-drink,You C1000 Lemon Water 500 Ml,Rp14.200,14200.0
energy-drink,HYDRO COCO 500 ML,Rp15.820,15820.0
energy-drink,Hydro Coco Coco 500 ml Sayurbox,Rp18.200,18200.0
energy-drink,YOU C 1000 ISOTONIK LEMON WATER 500 ML,Rp9.200,9200.0
energy-drink,CAP KAKI TIGA LARUTAN PENYEGAR ORIGINAL 500 ML,Rp10.126,10126.0
energy-drink,HYDRO COCO 500 ML - MINUMAN KELAPA,Rp15.820,15820.0
energy-drink,POCARI SWEAT ION WATER PET 500ML,Rp8.550,8550.0
energy-drink,YOU C 1000 MANGO 140 ML,Rp8.330,8330.0
energy-drink,ANGET SARI SUSU JAHE 5X28G,Rp8.650,8650.0
energy-drink,LARUTAN CAP BADAK JAMBU CAN 320 ML,Rp8.050,8050.0
energy-drink,POCARI SWEAT PET 500 ML,Rp8.760,8760.0
energy-drink,STRIVE ENERGY GEL - Suplemen Kesehatan,Rp18.000,18000.0
energy-drink,HEMAVITON C 1000 LEMON 330ml,Rp8.550,8550.0
energy-drink,BADAK BOTOL PENYEGAR 200ML,Rp3.951,3951.0
energy-drink,LARUTAN CAP BADAK JAMBU CAN 320 ML,Rp8.250,8250.0
energy-drink,YOU C 1000 LEMON 140 ML,Rp7.200,7200.0
energy-drink,YOU C 1000 LEMON 140 ML - MINUMAN,Rp8.330,8330.0
energy-drink,YOU C 1000 MANGO 140 ML - MINUMAN,Rp7.200,7200.0
energy-drink,Pocari Sweat Pet 350 Ml,Rp7.480,7480.0
energy-drink,POCARI SWEAT ION WATER PET 350ml,Rp7.480,7480.0
energy-drink,Floridina Orange 360 Ml,Rp4.910,4910.0
energy-drink,CAP KAKI TIGA LARUTAN PENYEGAR ORIGINAL 500 ML,Rp9.176,9176.0
energy-drink,POCARI SWEAT ION WATER PET 500ML,Rp8.550,8550.0
energy-drink,YOU C 1000 LEMON 140 ML,Rp8.330,8330.0
energy-drink,HEMAVITON C1000 ORANGE LESS SUGAR 330ML,Rp8.550,8550.0
energy-drink,YOU C 1000 ISOTONIK ORANGE WATER 500 ML,Rp11.540,11540.0
energy-drink,Isoplus Minuman Isotonik 350 ml x 6 pcs,Rp23.300,23300.0
energy-drink,Amunizer Vitamin C Botol 24x140 ml - 1 Ctn,Rp224.400,224400.0
energy-drink,KUAS Himalayan Salt 250ml - Bundling 2 Botol,Rp36.300,36300.0
energy-drink,LARUTAN CAP BADAK JAMBU CAN 320 ML,Rp9.300,9300.0
energy-drink,FLORIDINA ORANGE 350 ML - MINUMAN,Rp3.630,3630.0
energy-drink,YOU C 1000 ISOTONIK ORANGE WATER 500 ML,Rp8.440,8440.0
energy-drink,ION WATER PET 500 ml - Karton isi 24 Botol,Rp201.600,201600.0
energy-drink,X'Tragin Red Ginger 2C ( Collagen & Vitamin C ) 10X20g,Rp59.850,59850.0
energy-drink,Gelas Whisky Barley 325ml - Tipsy Bro,Rp45.000,45000.0
energy-drink,BADAK BOTOL PENYEGAR 200ML,Rp4.770,4770.0
energy-drink,coca cola can 250ml / mixer cola kaleng,Rp10.000,10000.0
energy-drink,YOU C 1000 MANGO 140 ML,Rp7.200,7200.0
energy-drink,ANGET SARI SUSU JAHE 5X28G,Rp8.490,8490.0
energy-drink,"Nenavin Cuka Nanas Organik Tanpa Gula, Kolesterol, dan Asam Urat 300ml - Jamu, Air power f minuman Putih Botol Jus Juice Kesehatan Kesejahteraan Murah Bukan Nutrifarm Finega Safiya Vinega Bitovin Vinenon herbal kopi",Rp100.000,100000.0
energy-drink,Sadajiwa by Rahsa Nusantara One Shot Jamu Energy Booster Herbal Alami,Rp34.000,34000.0
energy-drink,YOU C 1000 ISOTONIK LEMON WATER 500 ML,Rp9.080,9080.0
energy-drink,YOU C 1000 ORANGE 140 ML,Rp8.330,8330.0
energy-drink,Greenalls The Original London Dry Gin 700ml,Rp600.000,600000.0
energy-drink,Pocari Sweat Pet 2000 Ml,Rp25.750,25750.0
energy-drink,YOU C 1000 ISOTONIK LEMON WATER 500 ML,Rp8.550,8550.0
energy-drink,Paket Mix 4 Box (OSK Original & OSK Jasmine),Rp639.900,639900.0
energy-drink,FLORIDINA COCO 350 ML,Rp3.630,3630.0
energy-drink,POCARI SWEAT ION WATER PET 500ML,Rp9.490,9490.0
energy-drink,Larutan Cap Badak 500 Ml,Rp9.620,9620.0
energy-drink,YOU C 1000 LEMON 140 ML,Rp8.330,8330.0
energy-drink,YOU C 1000 ORANGE 140 ML - MINUMAN,Rp8.330,8330.0
energy-drink,YOU C 1000 ORANGE 140 ML,Rp8.330,8330.0
energy-drink,YOU C 1000 ORANGE 140 ML,Rp8.330,8330.0
energy-drink,FLORIDINA COCO 350 ML - MINUMAN,Rp3.100,3100.0
energy-drink,YOU C 1000 ORANGE 140 ML,Rp8.330,8330.0
energy-drink,FIBE MINI 100ML,Rp8.230,8230.0
energy-drink,Pocari Sweat Pet 350 Ml,Rp7.050,7050.0
energy-drink,POCARI SWEAT PET 500 ML - ISOTONIK,Rp8.330,8330.0
energy-drink,YOU C 1000 LEMON 140 ML,Rp8.330,8330.0
energy-drink,POCARI SWEAT PET 350 ML,Rp7.480,7480.0
energy-drink,YOU C 1000 ISOTONIK ORANGE WATER 500 ML,Rp8.440,8440.0
energy-drink,POCARI SWEAT ION WATER PET 500ML,Rp8.440,8440.0
energy-drink,YOU C 1000 ISOTONIK ORANGE WATER 500 ML,Rp9.190,9190.0
energy-drink,Pocari Sweat Ion Water Pet 350Ml,Rp7.480,7480.0
energy-drink,POCARI SWEAT ION WATER PET 350ML,Rp7.480,7480.0
energy-drink,Wempkes Bundling 1 box Rasa Leci & Coklat Belgian Free sachet,Rp240.000,240000.0
energy-drink,Seolmi Electrolyte+ With Real Coconut Water & 4 Essential Minerals Hidrasi Tahan Lama & Energi Tinggi 0 gula,Rp269.000,269000.0
energy-drink,POCARI SWEAT 900 ml Single,Rp13.400,13400.0
energy-drink,X'Tragin Jahe Merah Minuman Serbuk Twin Pack,Rp46.000,46000.0
energy-drink,RED BULL ENERGY DRINK CAN 250ml,Rp27.000,27000.0
energy-drink,POCARI SWEAT SACHET 13gr 10 box (50 sachet),Rp105.000,105000.0
energy-drink,Larutan Cap Kaki Tiga Anak Rasa Leci Kaleng 250 ml,Rp6.800,6800.0
energy-drink,Krating Daeng Regular 150 Ml,Rp6.490,6490.0
energy-drink,POCARI SWEAT PET 900 L,Rp14.970,14970.0
energy-drink,Pocari Sweat Ion Water Pet 350Ml,Rp7.480,7480.0
energy-drink,Larutan Cap Kaki Tiga Leci Can 320 Ml,Rp8.980,8980.0
energy-drink,POCARI SWEAT ION WATER PET 500ML,Rp8.550,8550.0
energy-drink,HEMAVITON C 1000 LEMON 330ml,Rp9.300,9300.0
energy-drink,Floridina Orange 360 Ml,Rp3.300,3300.0
energy-drink,Hein.eken 500ml Kaleng,Rp48.600,48600.0
energy-drink,FLORIDINA COCO 350 ML,Rp4.150,4150.0
energy-drink,FLORIDINA ORANGE 360 ML,Rp3.100,3100.0
energy-drink,YOU C 1000 MANGO 140ML BD 6,Rp42.950,42950.0
energy-drink,Sadajiwa Package by Rahsa Nusantara,Rp136.000,136000.0
energy-drink,HEMAVITON C1000 ORANGE LESS SUGAR 330ML,Rp9.300,9300.0
energy-drink,POCARI SWEAT ION WATER PET 500ML,Rp8.550,8550.0
energy-drink,HEMAVITON C1000 ORANGE LESS SUGAR 330ML,Rp8.550,8550.0
energy-drink,Floridina Orange 360 Ml,Rp4.270,4270.0
energy-drink,ORONAMIN C DRINK 120 ML - MINUMAN,Rp7.690,7690.0
energy-drink,FLORIDINA ORANGE 350 ML - MINUMAN,Rp3.630,3630.0
energy-drink,Pocari Sweat Pet 2000 Ml,Rp25.670,25670.0
energy-drink,YOU C 1000 ISOTONIK ORANGE WATER 500 ML,Rp9.620,9620.0
energy-drink,HYDRO COCO 1 LTR,Rp26.100,26100.0
energy-drink,POCARI SWEAT PET 500 ML - ISOTONIK,Rp8.330,8330.0
energy-drink,YOU C 1000 LEMON 140 ML - MINUMAN,Rp7.200,7200.0
energy-drink,POCARI SWEAT PET 900 L - ISOTONIK,Rp14.970,14970.0
energy-drink,Wempkes Fiber Drink (2box) - Minuman Serat Kaya Nutrisi - Belgian Coklat Free sachet,Rp240.000,240000.0
energy-drink,POCARI SWEAT PET 500 ML - ISOTONIK,Rp8.330,8330.0
energy-drink,POCARI SWEAT CAN 330 ML,Rp6.600,6600.0
energy-drink,ADEMSARI CHINGKUSPRKLMNCAN320ML,Rp10.690,10690.0
energy-drink,ADEMSARI CHINGKUSPRKLMNCAN320ML,Rp10.470,10470.0
energy-drink,YOU C 1000 APPLE 140 ML - MINUMAN,Rp7.200,7200.0
energy-drink,RED BULL ENERGY DRINK CAN 250 ML,Rp27.810,27810.0
energy-drink,YOU C 1000 LEMON 140 ML - MINUMAN,Rp8.330,8330.0
energy-drink,YOU C 1000 ORANGE 140 ML - MINUMAN,Rp7.200,7200.0
energy-drink,Krating Daeng Regular 150 Ml,Rp7.160,7160.0
energy-drink,Porto Cruz Tawny Sweet Port Wine 750mL,Rp450.000,450000.0
energy-drink,Jager.meister 700ml Botol,Rp864.000,864000.0
energy-drink,FLORIDINA COCO 350 ML,Rp3.100,3100.0
energy-drink,YOU C 1000 ISOTONIK ORANGE WATER 500 ML,Rp8.550,8550.0
energy-drink,YOU C 1000 ISOTONIK LEMON WATER 500 ML,Rp8.750,8750.0
energy-drink,ION WATER PET 350 ml Cluster Pack isi 6 Botol,Rp42.000,42000.0
energy-drink,POCARI SWEAT PET 500 ML,Rp8.330,8330.0
energy-drink,FLORIDINA COCO 350 ML - MINUMAN,Rp3.630,3630.0
energy-drink,YOU C 1000 APPLE 140 ML - MINUMAN,Rp7.200,7200.0
energy-drink,YOU C 1000 ORANGE 140 ML - MINUMAN,Rp8.330,8330.0
energy-drink,YOU C 1000 ORANGE 140 ML,Rp8.330,8330.0
energy-drink,YOU C 1000 ORANGE 140 ML,Rp8.330,8330.0
energy-drink,FLORIDINA COCO 350 ML - MINUMAN,Rp3.100,3100.0
energy-drink,YOU C 1000 ORANGE 140 ML,Rp8.330,8330.0
energy-drink,POCARI SWEAT ION WATER PET 500ML,Rp8.550,8550.0
energy-drink,YOU C 1000 APPLE 140 ML - MINUMAN,Rp7.200,7200.0
energy-drink,ADEM SARI CHINGKU CAN 320 ML,Rp10.470,10470.0
energy-drink,POCARI SWEAT PET 500 ML,Rp8.330,8330.0
energy-drink,EJ SPORT ORANGE FLAVOUR 50 ML BOX 5 TUBE,Rp56.955,56955.0
energy-drink,POCARI SWEAT SACHET 13gr 5 Box (25 sachet),Rp52.500,52500.0
energy-drink,Maze Maze Vodka Cranberry 700 ml,Rp395.000,395000.0
energy-drink,YOU C 1000 ORANGE 140 ML,Rp6.800,6800.0
energy-drink,YOU C 1000 APPLE 140 ML,Rp8.250,8250.0
energy-drink,ADEMSARI CHINGKU SPARKLING LEMON CAN 320 ML,Rp10.470,10470.0
energy-drink,YOU C 1000 ISOTONIK LEMON WATER 500 ML,Rp9.080,9080.0
energy-drink,YOU C 1000 LEMON 140 ML,Rp8.550,8550.0
energy-drink,Kuku Bima Ener-G Jambu 6's - Minuman Berenergi Penambah Stamina,Rp7.900,7900.0
energy-drink,YOU C 1000 MANGO 140 ML,Rp8.330,8330.0
energy-drink,YOU C 1000 ISOTONIK LEMON WATER 500 ML,Rp9.080,9080.0
energy-drink,YOU C 1000 LEMON 140 ML,Rp8.330,8330.0
energy-drink,POCARI SWEAT ION WATER PET 350ML,Rp7.990,7990.0
energy-drink,YOU C 1000 ISOTONIK ORANGE WATER 500 ML,Rp8.890,8890.0
energy-drink,YOU C 1000 ISOTONIK LEMON WATER 500 ML,Rp8.550,8550.0
energy-drink,Krating Daeng Regular 150 Ml,Rp6.400,6400.0
energy-drink,YOU C 1000 ORANGE 140 ML,Rp8.250,8250.0
energy-drink,POCARI SWEAT PET 900 L,Rp13.900,13900.0
energy-drink,Larutan Cap Kaki Tiga Leci Can 320 Ml,Rp8.330,8330.0
energy-drink,POCARI SWEAT PET 500 ML,Rp9.080,9080.0
energy-drink,Pocari Sweat Ion Water Pet 350Ml,Rp7.050,7050.0
energy-drink,YOU C 1000 ISOTONIK ORANGE WATER 500 ML,Rp8.120,8120.0
energy-drink,ORONAMIN C DRINK 120 ML - MINUMAN,Rp7.690,7690.0
energy-drink,LARUTAN CAP BADAK 500 ML - MINUMAN,Rp9.620,9620.0
energy-drink,ORONAMIN C DRINK 120 ML,Rp7.690,7690.0
energy-drink,Wempkes Bundling 1 box Rasa Leci & Coklat Belgian & Cookies n Cream,Rp360.000,360000.0
energy-drink,You C1000 Health Drink Lemon Botol 140 ml Sayurbox,Rp9.900,9900.0
energy-drink,ION Water PET 500 ml Twinpack,Rp16.800,16800.0
energy-drink,EJ SPORT GEL Go Extra Level Energy Gel 50ml - Suplemen Kesehatan,Rp9.500,9500.0
energy-drink,YOU C 1000 ISOTONIK LEMON WATER 500 ML,Rp8.550,8550.0
energy-drink,Adem Sari Ching Ku Can 320Ml,Rp10.470,10470.0
energy-drink,POCARI SWEAT PET 500 ML - ISOTONIK,Rp7.100,7100.0
energy-drink,YOU C 1000 APPLE 140 ML BANDED 6,Rp42.950,42950.0
energy-drink,BADAK BOTOL PENYEGAR 200ML,Rp3.788,3788.0
energy-drink,San Marzano Il Pumo Sauvignon Malvasia IGP Salento 750ml,Rp315.000,315000.0
energy-drink,POCARI SWEAT PET 350 isi 6 botol BONUS Bottle Holder,Rp42.000,42000.0
energy-drink,Krating Daeng Regular 150 Ml,Rp6.620,6620.0
energy-drink,POCARI SWEAT PET 500 ML,Rp8.330,8330.0
energy-drink,FLORIDINA COCO 350 ML,Rp3.630,3630.0
energy-drink,FLORIDINA COCO 350 ML - MINUMAN,Rp3.630,3630.0
energy-drink,FLORIDINA ORANGE 350 ML - MINUMAN,Rp3.100,3100.0
energy-drink,YOU C 1000 ISOTONIK ORANGE WATER 500 ML,Rp8.550,8550.0
energy-drink,YOU C 1000 MANGO 140ML BD 6,Rp42.950,42950.0
energy-drink,[21+] FRIENDSHIP 180ML,Rp59.000,59000.0
energy-drink,POCARI SWEAT PET 350 ML,Rp7.480,7480.0
energy-drink,YOU C 1000 ISOTONIK ORANGE WATER 500 ML,Rp9.080,9080.0
energy-drink,YOU C 1000 LEMON 140 ML,Rp8.330,8330.0
energy-drink,YOU C 1000 MANGO 140 ML,Rp8.330,8330.0
energy-drink,YOU C 1000 APPLE 140 ML,Rp8.330,8330.0
energy-drink,FLORIDINA ORANGE 350 ML - MINUMAN,Rp3.630,3630.0
energy-drink,Larutan Cap Badak 500 Ml,Rp9.620,9620.0
energy-drink,Pocari Sweat Ion Drink 900 Ml,Rp18.100,18100.0
energy-drink,Cap Badak Apple Can 320 Ml,Rp13.000,13000.0
energy-drink,HYDRO COCO 500 ML - MINUMAN KELAPA,Rp15.820,15820.0
energy-drink,BADAK BOTOL PENYEGAR 500 ML,Rp10.286,10286.0
energy-drink,HYDRO COCO 500 ML,Rp17.110,17110.0
energy-drink,YOU C 1000 LEMON 140 ML,Rp8.330,8330.0
energy-drink,YOU C 1000 ISOTONIK ORANGE WATER 500 ML,Rp8.490,8490.0
energy-drink,YOU C 1000 ORANGE 140 ML,Rp8.330,8330.0
energy-drink,YOU C 1000 ORANGE 140 ML BANDED 6,Rp48.950,48950.0
energy-drink,YOU C 1000 ORANGE 140 ML,Rp8.330,8330.0
energy-drink,KRATING DAENG REGULAR 150 ML,Rp7.050,7050.0
energy-drink,POCARI SWEAT PET 500 ML - ISOTONIK,Rp8.330,8330.0
energy-drink,YOU C 1000 MANGO 140 ML,Rp8.250,8250.0
energy-drink,HYDRO COCO 1 LTR,Rp28.450,28450.0
energy-drink,YOU C 1000 ISOTONIK ORANGE WATER 500 ML,Rp8.490,8490.0
energy-drink,POCARI SWEAT PET 900 L - ISOTONIK,Rp13.400,13400.0
energy-drink,YOU C 1000 ISOTONIK LEMON WATER 500 ML,Rp9.620,9620.0
energy-drink,Pocari Sweat Pet 350 Ml,Rp7.480,7480.0
energy-drink,YOU C 1000 ORANGE 140 ML - MINUMAN,Rp8.330,8330.0
energy-drink,YOU C 1000 ORANGE 140 ML,Rp8.550,8550.0
energy-drink,YOU C 1000 MANGO 140ML BD 6,Rp42.950,42950.0
energy-drink,Strive Energy Gel 1 Sachet 24 Gram Running Gel Boost Stamina Endurance Amino Acid,Rp16.650,16650.0
energy-drink,YOU C 1000 LEMON 140 ML,Rp7.200,7200.0
energy-drink,Floridina Orange 360 Ml,Rp3.630,3630.0
energy-drink,POCARI SWEAT PET 500 ML - ISOTONIK,Rp8.330,8330.0
energy-drink,Pocari Sweat Ion Water Pet 350Ml,Rp6.410,6410.0
energy-drink,ORONAMIN C DRINK 120 ML,Rp6.730,6730.0
energy-drink,YOU C 1000 APPLE 140 ML - MINUMAN,Rp8.330,8330.0
energy-drink,POCARI SWEAT ION WATER PET 500ML,Rp8.550,8550.0
energy-drink,LARUTAN CAP BADAK 500 ML - MINUMAN,Rp9.300,9300.0
energy-drink,LARUTAN CAP KAKI TIGA JAMBU CAN 320 ML,Rp8.120,8120.0
energy-drink,KAKI TIGA KLG RASA STRAW 320ML,Rp7.116,7116.0
energy-drink,KUAS Lychee 250ml - Bundling 2 Botol,Rp36.300,36300.0
energy-drink,HYDRO COCO 500 ML - MINUMAN KELAPA,Rp16.360,16360.0
energy-drink,GREEN SANDS LIME APPLE CAN 250ml,Rp10.000,10000.0
energy-drink,Kuku Bima Ener-G Jeruk 6's - Minuman Berenergi Penambah Stamina,Rp9.600,9600.0
energy-drink,Sababay Ludisia Sweet Red 500ml,Rp218.000,218000.0
energy-drink,BADAK BOTOL PENYEGAR 200ML,Rp4.398,4398.0
energy-drink,YOU C 1000 ORANGE 140 ML - MINUMAN,Rp7.200,7200.0
energy-drink,POCARI SWEAT PET 500 ML,Rp8.120,8120.0
energy-drink,POCARI SWEAT PET 350 ML,Rp7.480,7480.0
energy-drink,FLORIDINA COCO 350 ML - MINUMAN,Rp3.630,3630.0
energy-drink,YOU C 1000 ISOTONIK ORANGE WATER 500 ML,Rp9.080,9080.0
energy-drink,Larutan Cap Kaki Tiga Leci Can 320 Ml,Rp8.330,8330.0
energy-drink,POCARI SWEAT PET 350 ML - ISOTONIK,Rp6.800,6800.0
energy-drink,Pocari Sweat Pet 2000 Ml,Rp25.750,25750.0
energy-drink,YOU C 1000 ISOTONIK ORANGE WATER 500 ML,Rp8.550,8550.0
energy-drink,YOU C 1000 ORANGE 140 ML BANDED 6,Rp48.950,48950.0
energy-drink,Pocari Sweat Pet 2000 Ml,Rp28.880,28880.0
energy-drink,POCARI SWEAT PET 900 L,Rp14.970,14970.0
energy-drink,Pocari Sweat Pet 350 Ml,Rp8.550,8550.0
energy-drink,YOU C 1000 APPLE 140 ML,Rp8.330,8330.0
energy-drink,YOU C 1000 ORANGE 140 ML,Rp8.330,8330.0
energy-drink,YOU C 1000 ORANGE 140 ML,Rp8.330,8330.0
energy-drink,YOU C 1000 ISOTONIK LEMON WATER 500 ML,Rp8.550,8550.0
energy-drink,Dalmore 12 Years Sherry Cask Select 700 ml,Rp1.442.000,1442000.0
energy-drink,POCARI SWEAT ION WATER PET 500ML,Rp7.690,7690.0
energy-drink,[EXP 29 JULI 2026] KUAS Extra Kunyit 250ml - Bundling 2 Botol,Rp36.300,36300.0
energy-drink,ADEM SARI PACK 5 PCS,Rp21.390,21390.0
energy-drink,Pocari Sweat Pet 350 Ml,Rp11.300,11300.0
energy-drink,LARUTAN CAP BADAK JAMBU CAN 320 ML,Rp9.190,9190.0
energy-drink,FLORIDINA ORANGE 350 ML - MINUMAN,Rp3.630,3630.0
energy-drink,YOU C 1000 ISOTONIK ORANGE WATER 500 ML,Rp8.550,8550.0
energy-drink,YOU C 1000 ISOTONIK LEMON WATER 500 ML,Rp8.890,8890.0
energy-drink,HYDRO COCO 500 ML - MINUMAN KELAPA,Rp15.050,15050.0
energy-drink,POCARI SWEAT ION WATER 350 ML BOTOL,Rp10.728,10728.0
energy-drink,YOU C 1000 LEMON 140 ML - MINUMAN,Rp7.200,7200.0
energy-drink,Pocari Sweat Pet 350 Ml,Rp7.480,7480.0
energy-drink,FLORIDINA COCO 350 ML,Rp3.200,3200.0
energy-drink,YOU C 1000 LEMON 140 ML,Rp8.330,8330.0
energy-drink,YOU C 1000 ISOTONIK ORANGE WATER 500 ML,Rp8.490,8490.0
energy-drink,YOU C 1000 ORANGE 140 ML,Rp8.330,8330.0
energy-drink,YOU C 1000 ORANGE 140 ML BANDED 6,Rp48.950,48950.0
energy-drink,YOU C 1000 ORANGE 140 ML,Rp8.330,8330.0
energy-drink,YOU C 1000 ISOTONIK LEMON WATER 500 ML,Rp8.550,8550.0
energy-drink,YOU C 1000 ISOTONIK ORANGE WATER 500 ML,Rp8.440,8440.0
energy-drink,Pocari Sweat Pet 350 Ml,Rp7.480,7480.0
energy-drink,Larutan Cap Badak Botol 200 ml,Rp4.310,4310.0
energy-drink,Pocari Sweat Pet 350 Ml,Rp7.480,7480.0
energy-drink,Floridina Orange 360 Ml,Rp3.630,3630.0
energy-drink,Krating Daeng Regular 150 Ml,Rp6.200,6200.0
energy-drink,aminoVITAL™ – Bentuk Jeli Rasa Apel dengan Asam Amino (3pcs),Rp106.050,106050.0
energy-drink,FLORIDINA COCO 350 ML - MINUMAN,Rp3.630,3630.0
energy-drink,Promo Cloud Seven 320ml Kemasan Kaleng BUY 3 Free 1,Rp90.000,90000.0
energy-drink,FLORIDINA COCO 350 ML,Rp3.200,3200.0
energy-drink,Larutan Cap Kaki Tiga Leci Can 320 Ml,Rp7.480,7480.0
energy-drink,ORONAMIN C DRINK 120 ML,Rp7.690,7690.0
energy-drink,YOU C 1000 LEMON 140 ML - MINUMAN,Rp8.330,8330.0
energy-drink,YOU C 1000 LEMON 140 ML,Rp8.330,8330.0
energy-drink,POCARI SWEAT CAN 330 ML - ISOTONIK,Rp6.990,6990.0
energy-drink,YOU C 1000 ISOTONIK LEMON WATER 500 ML,Rp8.120,8120.0
energy-drink,Larutan Cap Badak Lychee Can 320 Ml,Rp9.080,9080.0
energy-drink,POCARI SWEAT PET 500 ML,Rp7.800,7800.0
energy-drink,ORONAMIN C DRINK 120 ML,Rp5.990,5990.0
energy-drink,ORONAMIN C DRINK 6'S X 120 ML,Rp35.790,35790.0
energy-drink,HYDRO COCO 500 ML,Rp15.290,15290.0
energy-drink,Fanta Orange 390 Ml - minuman soda,Rp9.400,9400.0
energy-drink,Minuman Floridina Orange 360 Ml,Rp5.400,5400.0
energy-drink,Cap Kaki Tiga Larutan Penyegar Original Botol 500 ml Sayurbox Minuman Tradisional untuk Kesehatan Pencernaan,Rp10.300,10300.0
energy-drink,POCARI SWEAT PET 500 ML,Rp7.100,7100.0
energy-drink,YOU C 1000 APPLE 140 ML,Rp7.200,7200.0
energy-drink,YOU C 1000 ORANGE 140 ML BANDED 6,Rp39.900,39900.0
energy-drink,YOU C 1000 ORANGE 140 ML BANDED 6,Rp42.950,42950.0
energy-drink,HYDRO COCO 500 ML,Rp15.820,15820.0
energy-drink,YOU C1000 Lemon Water Minuman Isotonik Vitamin C Lemon 500 ml,Rp11.100,11100.0
energy-drink,YOU C 1000 ORANGE 140 ML - MINUMAN,Rp7.200,7200.0
energy-drink,POCARI SWEAT PET 900 L,Rp12.830,12830.0
energy-drink,Kab. Sleman,Rp97.000,97000.0
energy-drink,Floridina Orange 360 Ml,Rp3.630,3630.0
energy-drink,FIBE MINI 100ML,Rp8.330,8330.0
energy-drink,EJ SPORT ORANGE FLAVOUR 50 ML BOX 5 TUBE,Rp54.058,54058.0
energy-drink,Rock Star Black Tea 700ml - Tipsy Bro,Rp255.000,255000.0
energy-drink,YOU C 1000 ISOTONIK LEMON WATER 500 ML,Rp9.200,9200.0
energy-drink,HEMAVITON C 1000 RASA JERUK 150 ML,Rp8.047,8047.0
energy-drink,POCARI SWEAT PET 500 ML,Rp8.330,8330.0
energy-drink,POCARI SWEAT PET 500 ML,Rp8.330,8330.0
energy-drink,POCARI SWEAT CAN 330 ml Single,Rp6.300,6300.0
energy-drink,POCARI SWEAT PET 500 ML,Rp8.760,8760.0
energy-drink,NF Calseabone HWI Minuman Berkalsium Berkarbonat 75gr Jeruk Instan Tinggi Kalsium Dari Algae Merah & Premix Bone Vitamin C Halal Badan POM,Rp224.900,224900.0
energy-drink,Cap Kaki 3 Jeruk Can 320 Ml,Rp12.000,12000.0
energy-drink,You C1000 Isotonik Drink Orange Water Botol 500 ml Sayurbox,Rp11.100,11100.0
energy-drink,POCARI SWEAT PET 2 L Single,Rp23.500,23500.0
energy-drink,EJ SPORT ORANGE FLAVOUR 50 ML BOX 5 TUBE,Rp52.802,52802.0
energy-drink,Magnus Banana Melon 600ml,Rp92.000,92000.0
energy-drink,Louis Roederer Collection 244 NV 750ml,Rp1.730.000,1730000.0
energy-drink,POCARI SWEAT PET 900 L,Rp16.040,16040.0
energy-drink,POCARI SWEAT ION WATER PET 500ML,Rp8.550,8550.0
energy-drink,POCARI SWEAT PET 500 ml 6 Botol + BONUS CESSA BOFIT,Rp50.400,50400.0
energy-drink,"Extra Joss Ultimate 4 Kaleng - Energy Drink, Green Coffee, dan Less Sugar",Rp34.000,34000.0
energy-drink,YOU C 1000 MANGO 140 ML,Rp7.200,7200.0
energy-drink,LARUTAN CAP BADAK LYCHEE CAN 320 ML,Rp8.980,8980.0
energy-drink,POCARI SWEAT PET 500 ML,Rp7.480,7480.0
energy-drink,YOU C 1000 LEMON 140 ML,Rp8.330,8330.0
energy-drink,Pocari Sweat Pet 350 Ml,Rp7.480,7480.0
energy-drink,YOU C 1000 ORANGE 140 ML,Rp8.330,8330.0
energy-drink,HEMAVITON C1000 ORANGE LESS SUGAR 330ML,Rp8.550,8550.0
energy-drink,Pedialyte 500 ML Rasa Original / Minuman Electrolyte /Minuman Isotonic,Rp52.070,52070.0
energy-drink,YOU C 1000 ISOTONIK ORANGE WATER 500 ML,Rp9.190,9190.0
energy-drink,YOU C 1000 APPLE 140 ML,Rp7.850,7850.0
energy-drink,POCARI SWEAT ION WATER PET 500ML,Rp8.550,8550.0
energy-drink,POCARI SWEAT PET 500 ML,Rp10.260,10260.0
energy-drink,"［SWEET TEN］ENERGY DRINK (beli 5 gratis 1) Halal KUDA MERAH mengandung taurin dan vitamin kemasan botol 250ml praktis, harga terjangkau untuk menyegarkan tubuh, ENERGY DRINK untuk boost energi, minuman olahraga dan aktivitas berat, kemasan botol praktis",Rp46.000,46000.0
energy-drink,LARUTAN CAP KAKI TIGA JAMBU CAN 320 ML,Rp8.550,8550.0
energy-drink,POCARI SWEAT LARUTAN 500 ML BOTOL,Rp9.595,9595.0
energy-drink,POCARI SWEAT PET 350 ML - ISOTONIK,Rp7.480,7480.0
energy-drink,POCARI SWEAT PET 350 ml 6 Botol + BONUS CESSA HAPPY NOSE,Rp42.000,42000.0
energy-drink,Hydro Coco Vita-D 330 ml Sayurbox,Rp14.900,14900.0
energy-drink,AMH Jahe Merah Box 5 Sachet,Rp8.900,8900.0
energy-drink,YOU C 1000 APPLE 140 ML - MINUMAN,Rp7.200,7200.0
energy-drink,KukuBima Ener-G Anggur 6 Sachet,Rp10.500,10500.0
energy-drink,Pocari Sweat Pet 350 Ml,Rp7.480,7480.0
energy-drink,Floridina Orange 360 Ml,Rp3.630,3630.0
energy-drink,POCARI SWEAT ION WATER PET 500ML,Rp8.550,8550.0
energy-drink,POCARI SWEAT PET 500 ml 6 Botol + BONUS CESSA BOFIT,Rp50.400,50400.0
energy-drink,LARUTAN CAP BADAK LYCHEE CAN 320 ML,Rp8.980,8980.0
energy-drink,YOU C 1000 MANGO 140 ML,Rp7.200,7200.0
energy-drink,"Extra Joss Ultimate 4 Kaleng - Energy Drink, Green Coffee, dan Less Sugar",Rp34.000,34000.0
energy-drink,POCARI SWEAT PET 500 ML,Rp7.480,7480.0
energy-drink,YOU C 1000 LEMON 140 ML,Rp8.330,8330.0
energy-drink,POCARI SWEAT ION WATER PET 500ML,Rp8.980,8980.0
energy-drink,YOU C 1000 ISOTONIK ORANGE WATER 500 ML,Rp8.440,8440.0
energy-drink,YOU C 1000 ISOTONIK LEMON WATER 500 ML,Rp8.490,8490.0
energy-drink,Larutan Cap Badak 500 Ml,Rp10.470,10470.0
energy-drink,YOU C 1000 LEMON 140 ML,Rp7.200,7200.0
energy-drink,Kuku Bima Ener-G Nanas 3x6's - Minuman Berenergi Penambah Stamina,Rp28.800,28800.0
energy-drink,RED BULL ENERGY DRINK CAN 250ml,Rp27.000,27000.0
energy-drink,YOU C 1000 ISOTONIK ORANGE WATER 500 ML,Rp9.200,9200.0
energy-drink,Pocari Sweat Pet 350 Ml,Rp8.330,8330.0
energy-drink,POCARI SWEAT PET 350 ML - ISOTONIK,Rp7.480,7480.0
energy-drink,POCARI SWEAT ION WATER 350 ML BOTOL,Rp9.494,9494.0
energy-drink,Pocari Sweat Pet 350 Ml,Rp7.480,7480.0
energy-drink,YOU C 1000 MANGO 140 ML,Rp8.330,8330.0
energy-drink,FIBE MINI 100ML - MINUMAN,Rp8.090,8090.0
energy-drink,FLORIDINA COCO 350 ML,Rp3.410,3410.0
energy-drink,ORONAMIN C DRINK 120 ML,Rp7.690,7690.0
energy-drink,YOU C 1000 ISOTONIK LEMON WATER 500 ML,Rp9.080,9080.0
energy-drink,YOU C 1000 MANGO 140 ML - MINUMAN,Rp7.200,7200.0
energy-drink,LARUTAN CAP BADAK 500 ML - MINUMAN,Rp8.850,8850.0
energy-drink,YOU C 1000 ORANGE 140 ML,Rp8.330,8330.0
energy-drink,YOU C 1000 MANGO 140 ML,Rp8.330,8330.0
energy-drink,Pocari Sweat Pet 350 Ml,Rp7.480,7480.0
energy-drink,Nikitafit Minuman Serbuk Rasa Strawberry 1 Box Isi 10 Sachet Tinggi Serat dengan Inulin Ekstrak Lidah Buaya Psyllium Husk dan Vitamin C.,Rp128.000,128000.0
energy-drink,ION WATER PET 350 ml Karton isi 24 Botol,Rp168.000,168000.0
energy-drink,Floridina Orange 360 Ml,Rp3.630,3630.0
energy-drink,POCARI SWEAT ION WATER PET 350ML,Rp7.480,7480.0
energy-drink,YOU C 1000 LEMON 140 ML - MINUMAN,Rp8.330,8330.0
energy-drink,Floridina Minuman Real Orange 350 ml,Rp6.400,6400.0
energy-drink,Wempkes Bundling 1 box Rasa Coklat Belgian & Cookies n Cream Free sachet,Rp240.000,240000.0
energy-drink,Sapporo 330ml can,Rp45.000,45000.0
energy-drink,Hydroplus Isotonic - Minuman Isotonik Pengganti Ion Botol 350ml,Rp6.800,6800.0
energy-drink,FA ANGEL DUST WORKOUT 60 SERVING 300 GRAM,Rp480.000,480000.0
energy-drink,POCARI SWEAT SACHET 13gr 1 Box (5 sachet),Rp10.500,10500.0
energy-drink,Larutan Cap Kaki Tiga PET 350 ml Pack 3 Botol,Rp24.700,24700.0
energy-drink,YOU C 1000 MANGO 140 ML,Rp7.200,7200.0
energy-drink,ADEMSARI CHINGKUSPRKLMNCAN320ML,Rp11.760,11760.0
energy-drink,POCARI SWEAT LARUTAN 500 ML BOTOL,Rp10.058,10058.0
energy-drink,ESSENLI Paket Lemon Madu Chiaseed Garam Himalaya,Rp98.000,98000.0
energy-drink,Pedialyte 500 ML Rasa Original / Minuman Electrolyte /Minuman Isotonic,Rp52.070,52070.0
energy-drink,YOU C 1000 ISOTONIK ORANGE WATER 500 ML,Rp9.080,9080.0
energy-drink,YOU C 1000 ORANGE 140 ML,Rp8.330,8330.0
energy-drink,HEMAVITON C1000 ORANGE LESS SUGAR 330ML,Rp8.550,8550.0
energy-drink,Pedialyte 500 ML Rasa Original / Minuman Electrolyte /Minuman Isotonic,Rp52.070,52070.0
energy-drink,YOU C 1000 ISOTONIK ORANGE WATER 500 ML,Rp9.190,9190.0
energy-drink,YOU C 1000 APPLE 140 ML,Rp7.850,7850.0
energy-drink,Pocari Sweat Ion Water Pet 350Ml,Rp7.480,7480.0
energy-drink,POCARI SWEAT ION WATER PET 500ML,Rp8.550,8550.0
energy-drink,ORONAMIN C DRINK 120 ML,Rp7.690,7690.0
energy-drink,Balihai draft 500ml kaleng,Rp32.400,32400.0
energy-drink,ADEMSARI CHINGKUSPRKLMNCAN320ML,Rp11.760,11760.0
energy-drink,POCARI SWEAT LARUTAN 500 ML BOTOL,Rp10.058,10058.0
energy-drink,ESSENLI Paket Lemon Madu Chiaseed Garam Himalaya,Rp98.000,98000.0
energy-drink,Pedialyte 500 ML Rasa Original / Minuman Electrolyte /Minuman Isotonic,Rp52.070,52070.0
energy-drink,Jahe Wangi SidoMuncul Box 5 Sachet / Minuman Tradisional,Rp8.500,8500.0
energy-drink,POCARI SWEAT ION WATER PET 350ml,Rp7.480,7480.0
energy-drink,POCARI SWEAT ION WATER PET 500ML,Rp8.550,8550.0
energy-drink,YOU C 1000 ISOTONIK ORANGE WATER 500 ML,Rp9.080,9080.0
energy-drink,YOU C 1000 ORANGE 140 ML - MINUMAN,Rp8.330,8330.0
energy-drink,Larutan Cap Badak Lychee Can 320 Ml,Rp8.120,8120.0
energy-drink,YOU C 1000 ISOTONIK ORANGE WATER 500 ML,Rp8.490,8490.0
energy-drink,ORONAMIN C DRINK 120 ML - MINUMAN,Rp7.690,7690.0
energy-drink,ORONAMIN C DRINK 6'S X 120 ML,Rp48.140,48140.0
energy-drink,Isoplus Minuman Isotonik Coco 350 ml x 12 pcs,Rp43.900,43900.0
energy-drink,Minuman You C1000 Lemon 140 Ml,Rp13.500,13500.0
energy-drink,Adem Sari Chingku Botol 350 Ml,Rp16.000,16000.0
energy-drink,Fanta Strawberry 390 Ml .,Rp9.400,9400.0
energy-drink,[New Launch] Buy 5 Seolmi Electrolyte+ With Real Coconut Water & 4 Essential Minerals,Rp1.345.000,1345000.0
energy-drink,ION WATER pet 350 ml Single,Rp7.000,7000.0
energy-drink,RED BULL ENERGY DRINK CAN 250ml,Rp27.000,27000.0
energy-drink,Kuku Bima Ener-G Nanas 6's - Minuman Berenergi Penambah Stamina,Rp9.600,9600.0
energy-drink,POCARI SWEAT PET 2000 ML - ISOTONIK,Rp25.670,25670.0
energy-drink,RED BULL ENERGY DRINK CAN 250 ML,Rp27.810,27810.0
energy-drink,YOU C 1000 ORANGE 140 ML BANDED 6,Rp51.560,51560.0
energy-drink,Pocari Sweat Pet 2000 Ml,Rp22.460,22460.0
energy-drink,FLORIDINA COCO 350 ML - MINUMAN,Rp3.630,3630.0
energy-drink,M+Susu Variant Soda Gembira (10 Box),Rp90.000,90000.0
energy-drink,Pocari Sweat Pet 350 Ml,Rp6.410,6410.0
energy-drink,YOU C 1000 APPLE 140 ML,Rp8.330,8330.0
energy-drink,Rose Brand - Paket Hemat minuman kelapa COCO9 (3 PCS),Rp25.800,25800.0
energy-drink,Larutan Cap Kaki Tiga Leci Can 320 Ml,Rp8.120,8120.0
energy-drink,Bentrap 1 Box + Loveles Pot 2 Box [Bundling Package],Rp550.000,550000.0
energy-drink,YOU C 1000 ISOTONIK ORANGE WATER 500 ML,Rp9.080,9080.0
energy-drink,POCARI SWEAT PET 350 ML - ISOTONIK,Rp7.480,7480.0
energy-drink,LARUTAN CAP BADAK JAMBU CAN 320 ML,Rp8.330,8330.0
energy-drink,KRATING DAENG REGULAR 150 ML,Rp6.200,6200.0
energy-drink,RED BULL ENERGY DRINK CAN 250 ML,Rp28.880,28880.0
energy-drink,Hydroplus Isotonic - Minuman Isotonik Pengganti Ion Botol 3 Pcs x 350ml + Waterproof Bag,Rp35.400,35400.0
energy-drink,YOU C 1000 ISOTONIK LEMON WATER 500 ML,Rp8.890,8890.0
energy-drink,YOU C 1000 LEMON 140 ML BANDED 6,Rp39.900,39900.0
energy-drink,M+Susu Variant Original (10 Box),Rp90.000,90000.0
energy-drink,POCARI SWEAT ION WATER 350 ML BOTOL,Rp10.126,10126.0
energy-drink,FLORIDINA COCO 350 ML,Rp3.630,3630.0
energy-drink,POCARI SWEAT PET 500 ML,Rp8.330,8330.0
energy-drink,Kuku Bima Ener-G RTD Red Berry Menambah Stamina Menyegarkan Tubuh,Rp6.499,6499.0
energy-drink,YOU C 1000 ORANGE 140 ML,Rp8.330,8330.0
energy-drink,YOU C 1000 APPLE 140 ML,Rp7.200,7200.0
energy-drink,YOU C 1000 ISOTONIK LEMON WATER 500 ML,Rp7.490,7490.0
energy-drink,Larutan Cap Badak Lychee Can 320 Ml,Rp8.980,8980.0
energy-drink,YOU C 1000 ORANGE 140 ML,Rp8.330,8330.0
energy-drink,YOU C 1000 APPLE 140 ML - MINUMAN,Rp8.330,8330.0
energy-drink,YOU C 1000 ISOTONIK LEMON WATER 500 ML,Rp8.750,8750.0
energy-drink,POCARI SWEAT PET 500 ML,Rp10.050,10050.0
energy-drink,"Matchana Vibermax, Minuman Serbuk Fiberdrink, Green Tea, Minuman Serelia",Rp37.800,37800.0
energy-drink,Pocari Sweat Pet 2000 Ml,Rp25.670,25670.0
energy-drink,POCARI SWEAT PET 900 L,Rp13.900,13900.0
energy-drink,HEMAVITON C1000 ORANGE LESS SUGAR 330ML,Rp8.550,8550.0
energy-drink,Sababay Ludisia Sweet Red 500ml,Rp218.000,218000.0
energy-drink,[EXP 29 JULI 2026] KUAS Extra Kunyit 250ml - Bundling 2 Botol,Rp36.300,36300.0
energy-drink,RED BULL ENERGY DRINK CAN 250 ML,Rp26.800,26800.0
energy-drink,YOU C 1000 ORANGE 140 ML BANDED 6,Rp48.950,48950.0
energy-drink,HYDRO COCO 500 ML,Rp15.820,15820.0
energy-drink,POCARI SWEAT PET 350 ML - ISOTONIK,Rp7.480,7480.0
energy-drink,POCARI SWEAT ION WATER PET 500ML,Rp7.690,7690.0
energy-drink,Pocari Sweat Ion Water Pet 350Ml,Rp7.480,7480.0
energy-drink,POCARI SWEAT PET 350 ML - ISOTONIK,Rp7.480,7480.0
energy-drink,YOU C 1000 LEMON 140 ML,Rp8.330,8330.0
energy-drink,POCARI SWEAT ION WATER PET 350ML,Rp7.480,7480.0
energy-drink,POCARI SWEAT PET 350 ML - ISOTONIK,Rp7.480,7480.0
energy-drink,YOU C 1000 MANGO 140 ML,Rp7.850,7850.0
energy-drink,YOU C 1000 ORANGE 140 ML,Rp7.200,7200.0
energy-drink,Prabu Bali Straight Whisky 700ml,Rp227.000,227000.0
energy-drink,"Matchana Vibermax, Minuman Serbuk Fiberdrink, Green Tea, Minuman Serelia",Rp37.800,37800.0
energy-drink,Pocari Sweat Pet 2000 Ml,Rp25.670,25670.0
energy-drink,Pocari Sweat Pet 350 Ml,Rp7.480,7480.0
energy-drink,YOU C 1000 MANGO 140 ML - MINUMAN,Rp8.330,8330.0
energy-drink,Pocari Sweat Pet 350 Ml,Rp8.550,8550.0
energy-drink,Pocari Sweat Pet 350 Ml,Rp6.410,6410.0
energy-drink,LARUTAN CAP BADAK JAMBU CAN 320 ML,Rp9.300,9300.0
energy-drink,LARUTAN CAP BADAK LYCHEE CAN 320 ML,Rp9.080,9080.0
energy-drink,YOU C 1000 ORANGE 140 ML,Rp8.330,8330.0
energy-drink,MIZONE ACTIV LYCHEE LEMON 500 ML,Rp6.090,6090.0
energy-drink,RED BULL ENERGY DRINK CAN 250 ML,Rp24.990,24990.0
energy-drink,POCARI SWEAT ION WATER PET 350 ML,Rp7.480,7480.0
energy-drink,POCARI SWEAT ION WATER PET 500ML,Rp7.910,7910.0
energy-drink,Larutan Cap Badak Lychee Can 320 Ml,Rp9.510,9510.0
energy-drink,YOU C 1000 MANGO 140 ML,Rp7.480,7480.0
energy-drink,FLORIDINA COCO 350 ML,Rp3.630,3630.0
energy-drink,MIZONE ACTIV LYCHEE LEMON 500 ML,Rp5.890,5890.0
energy-drink,Kratingdaeng Regular 150Ml,Rp8.900,8900.0
energy-drink,Isoplus Isotonik Siap Minum Coco Botol 350ml,Rp6.000,6000.0
energy-drink,"Extra Joss Ultimate 1 Karton - Energy Drink, Green Coffee, dan Less Sugar",Rp204.000,204000.0
energy-drink,HEMAVITON C1000 ORANGE LESS SUGAR 330ML,Rp8.550,8550.0
energy-drink,Larutan Cap Kaki Tiga Leci Can 320 Ml,Rp8.230,8230.0
energy-drink,Pocari Sweat Minuman Ion Can 330 Ml,Rp10.000,10000.0
energy-drink,Cap Kaki 3 Leci Can 320 Ml,Rp12.000,12000.0
energy-drink,Floridina Coco Botol 350 Ml,Rp5.400,5400.0
energy-drink,Pocari Sweat Minuman Isotonik 350 ml (Pack - 3 Botol),Rp23.000,23000.0
energy-drink,Kuku Bima Ener-G Jambu 6's - Minuman Berenergi Penambah Stamina,Rp9.600,9600.0
energy-drink,aminoVITAL™ – Bentuk Jeli Rasa Apel dengan Asam Amino (1pc),Rp35.350,35350.0
energy-drink,ESSENLI American Ginseng / Yongsem 10gr,Rp52.000,52000.0
energy-drink,You C 1000 Vitamin Orange 140 ml Pack 3 Botol,Rp24.200,24200.0
energy-drink,Kuku Bima Ener-G Original 3x6's - Minuman Berenergi Penambah Stamina,Rp28.800,28800.0
energy-drink,Kuku Bima Ener-G Jambu 3x6's - Minuman Berenergi Penambah Stamina,Rp28.800,28800.0
energy-drink,Rose Brand - Minuman Kelapa COCO9 250 ML,Rp8.600,8600.0
energy-drink,Bagimen - Minuman Botanical Orange 1 Box,Rp225.000,225000.0
energy-drink,POCARI SWEAT PET 350 ml Banded 6,Rp42.000,42000.0
energy-drink,BUNDLING BOX Queensi Drinkme Minuman Serat Rasa Lemon isi 10 Sachet BPOM Mengandung Serat Vitamin C,Rp173.000,173000.0
energy-drink,Kuku Bima Ener-G Mangga 3x6's - Minuman Berenergi Penambah Stamina,Rp28.800,28800.0
energy-drink,POCARI SWEAT PET 2000 ML - ISOTONIK,Rp23.530,23530.0
energy-drink,POCARI SWEAT CAN 330 ml Banded 4,Rp25.200,25200.0
energy-drink,RICU'S SECRET 1 Box BYFT Drink Rasa Lemon atau Delima - 1 Box isi 10 Sachets,Rp185.900,185900.0
energy-drink,Larutan Cap Badak Lychee Can 320 Ml,Rp8.980,8980.0
energy-drink,[SPESIAL RAMADHAN] RICU'S SECRET 3 Box BYFT Drink Rasa Lemon atau Delima dan Gratis Botol Shaker,Rp540.900,540900.0
energy-drink,Floridina Coco Minuman Real Orange 350 ml x 6 pcs,Rp25.700,25700.0
energy-drink,Wempkes Fiber Drink (1box) - Minuman Serat Kaya Nutrisi - Belgian Coklat,Rp115.000,115000.0
energy-drink,POCARI SWEAT PET 500 ml Karton isi 24,Rp201.600,201600.0
energy-drink,Kuku Bima Ener-G Susu Soda 2x6's - Minuman Berenergi Penambah Stamina,Rp40.800,40800.0
energy-drink,POCARI SWEAT CAN 330 ml Banded 6,Rp37.800,37800.0
energy-drink,Pocari Sweat Ion Water Pet 350Ml,Rp7.480,7480.0
energy-drink,Strive Energy Gel Sachet 24 Gram Booster,Rp18.000,18000.0
energy-drink,HEMAVITON C1000 ORANGE LESS SUGAR 330ML,Rp8.550,8550.0
energy-drink,Sababay Ludisia Sweet Red 500ml,Rp218.000,218000.0
energy-drink,[EXP 29 JULI 2026] KUAS Extra Kunyit 250ml - Bundling 2 Botol,Rp36.300,36300.0
energy-drink,RED BULL ENERGY DRINK CAN 250 ML,Rp26.800,26800.0
energy-drink,YOU C 1000 ORANGE 140 ML BANDED 6,Rp48.950,48950.0
energy-drink,POCARI SWEAT PET 2000 ML - ISOTONIK,Rp25.670,25670.0
energy-drink,hemaviton C-1000 Orange Liquid 330mL x 6 Kaleng [Exp : 04.2027],Rp32.105,32105.0
energy-drink,Suka Organic - Pala Nutmeg Drink / Minuman Jus Buah Pala Sehat 250ml,Rp30.303,30303.0
energy-drink,POCARI SWEAT PET 350 ml Karton Isi 24,Rp168.000,168000.0
energy-drink,Hemaviton Bundle Pack C1000 Orange [150mL/6 Botol] (04.2027),Rp31.680,31680.0
energy-drink,Queensi Drink Me Minuman Tinggi Serat Rasa Lemon isi 14 Sachet Serbuk Premium Fiber Drink Bantu Pencernaan,Rp234.220,234220.0
energy-drink,Wempkes Fiber Drink (1box) - Minuman Serat Kaya Nutrisi,Rp120.000,120000.0
energy-drink,ION Water PET 350 ml Twinpack,Rp14.000,14000.0
energy-drink,KRATINGDAENG Red Bull Gold Can Minuman Energi Klg 250 ml,Rp11.000,11000.0
energy-drink,Isoplus Isotonik Siap Minum Botol 350ml x2,Rp9.500,9500.0
energy-drink,aminoVITAL™ – Bentuk Jeli Rasa Apel dengan Asam Amino (3pcs),Rp106.050,106050.0
energy-drink,Kuku Bima Ener-G Mangga 6's - Minuman Berenergi Penambah Stamina,Rp9.600,9600.0
energy-drink,YOU C 1000 ISOTONIK ORANGE WATER 500 ML,Rp8.550,8550.0
energy-drink,SiS GO Energy Gel Isotonic 60ml 30 Pack Bstores,Rp1.172.000,1172000.0
energy-drink,"EJ Sport Gel Pack (5 Tube) Rasa Banana | Suplemen Lari & Olahraga, Gel Energi Boost Stamina & Endurance, Cepat Serap,Runner, Gym, Sepeda, Marathon,Padel",Rp47.500,47500.0
energy-drink,JIERA Sli-Minum | Paket 2 Minggu 14 Sachet | 10-in-1 Probiotic Drink with Shine Muscat Grape,Rp225.800,225800.0
energy-drink,Umi green coffee UGC original Organik Pak 250 gram,Rp150.000,150000.0
energy-drink,Pocari Sweat Pet 350 Ml,Rp9.190,9190.0
energy-drink,AMH Susu Kambing Etawa Original Bundling - 3 BOX,Rp90.000,90000.0
energy-drink,Paket Mix 2 Box (Osk Jasmine & Osk Original),Rp299.800,299800.0
energy-drink,FLORIDINA ORANGE 350 ML - MINUMAN,Rp3.630,3630.0
energy-drink,Floridina Coco Minuman Real Orange 350 ml x 2 pcs,Rp10.300,10300.0
energy-drink,Kuku Bima Ener-G Kopi 6's - Minuman Berenergi Penambah Stamina,Rp10.200,10200.0
energy-drink,POCARI SWEAT PET 350 ML - ISOTONIK,Rp7.480,7480.0
energy-drink,YOU C 1000 ORANGE 140 ML,Rp7.990,7990.0
energy-drink,Isoplus Isotonik Coco Siap Minum Botol 350ml x6,Rp23.300,23300.0
energy-drink,You C1000 Orange 140 Ml - minuman kaya vitamin C,Rp13.500,13500.0
energy-drink,Schweppes Botanical Drink 250ml Kaleng Kecil,Rp10.000,10000.0
energy-drink,RICU'S SECRET 5 Box BYFT Drink Rasa Lemon atau Delima dan Gratis Totebag + Botol Shaker,Rp883.900,883900.0
energy-drink,POCARI SWEAT PET 2 L Karton Isi 6,Rp141.000,141000.0
energy-drink,POCARI SWEAT CAN 330 ml Karton Isi 24,Rp151.200,151200.0
energy-drink,KRATINGDAENG Minuman Energi Energy Drink 150 ml,Rp8.400,8400.0
energy-drink,KRATING DAENG REGULAR 150 ML,Rp6.200,6200.0
energy-drink,HYDRO COCO 500 ML,Rp17.750,17750.0
energy-drink,Jesscool Effervescent Box 6 Sachet,Rp17.800,17800.0
energy-drink,Kuku Bima Sporty Active Grape 300 ML Minuman Stamina Segar Olahraga,Rp6.499,6499.0
energy-drink,LARUTAN CAP BADAK 500 ML - MINUMAN,Rp9.620,9620.0
energy-drink,RICU'S SECRET 3 Box BYFT Drink Rasa Lemon atau Delima dan Gratis Botol Shaker,Rp540.900,540900.0
energy-drink,Bragg Organic Raw Unfiltered Apple Cider Vinegar 946 ml | Cuka apel organic,Rp259.020,259020.0
energy-drink,Pocari Sweat 500 Ml Minuman,Rp13.600,13600.0
energy-drink,POCARI SWEAT 900 ml Karton Isi 15,Rp201.000,201000.0
energy-drink,Kuku Bima Ener-G Kopi 3x6's - Minuman Berenergi Penambah Stamina,Rp30.600,30600.0
energy-drink,POCARI SWEAT PET 2000 ML - ISOTONIK,Rp26.740,26740.0
energy-drink,"Bundling EJ Sport Banana 1 Pack + EJ Sport Orange 1 Pack | Suplemen Lari & Olahraga, Gel Energi Boost Stamina & Endurance, Cepat Serap,Runner, Gym, Sepeda, Marathon,Padel",Rp85.000,85000.0
energy-drink,POCARI SWEAT ION WATER PET 350ML,Rp7.480,7480.0
energy-drink,Kuku Bima Sporty Fresh Berry 300 ML Minuman Supplement Kesehatan,Rp6.499,6499.0
energy-drink,Sportigo ENDUREGO Sports Isotonic Drink 400g,Rp172.100,172100.0
energy-drink,hemaviton Action Energy Drink 150 ml isi 3pcs [Exp : 01.2027],Rp17.751,17751.0
energy-drink,ION Water PET 500 ml - Single,Rp8.400,8400.0
energy-drink,Extra Joss Laki Mangga 4 Pack (24 Sachet),Rp28.000,28000.0
energy-drink,ANGET SARI SUSU JAHE 5X28G,Rp8.650,8650.0
energy-drink,aminoVITAL™ – Bentuk Jeli Rasa Apel dengan Asam Amino (18pcs),Rp636.300,636300.0
energy-drink,ION Water PET 500 ml - 6 Botol,Rp50.400,50400.0
energy-drink,Kuku Bima Ener-G Original 6's - Minuman Berenergi Penambah Stamina,Rp9.600,9600.0
energy-drink,ENDUREGO - Sports Isotonic Drink 400g,Rp172.100,172100.0
energy-drink,"Extra Joss Ultimate 4 Kaleng FREE Lanyard - Energy Drink, Green Coffee, dan Less Sugar",Rp34.000,34000.0
energy-drink,hemaviton Bundle Pack C1000+Collagen [150mL/6 Botol] (03.2027),Rp30.636,30636.0
energy-drink,POCARI SWEAT PET 500 ml 4 Botol,Rp33.600,33600.0
energy-drink,Kuku Bima Ener-G Jeruk 3x6's - Minuman Berenergi Penambah Stamina,Rp28.800,28800.0
energy-drink,Kuku Bima Ener-G Susu Soda 6's - Minuman Berenergi Penambah Stamina,Rp20.400,20400.0
energy-drink,YOU C 1000 MANGO 140 ML,Rp7.200,7200.0
energy-drink,HEMAVITON C1000 ORANGE LESS SUGAR 330ML,Rp8.550,8550.0
energy-drink,YOU C 1000 ISOTONIK ORANGE WATER 500 ML,Rp8.550,8550.0
energy-drink,YOU C 1000 MANGO 140ML BD 6,Rp42.950,42950.0
energy-drink,Sababay Ludisia Sweet Red 500ml,Rp218.000,218000.0
energy-drink,KukuBima Ener-G Anggur 6 Sachet,Rp10.400,10400.0
energy-drink,Etafresh Energi Aktivitas Saat Puasa - Susu Kambing Herbal untuk Asupan Energi -Susu Kambing Herbal 200g BPOM Halal,Rp95.000,95000.0
energy-drink,"Extra Joss Ultimate 3 Kaleng - Energy Drink, Green Coffee, dan Less Sugar FREE Carabiner",Rp25.500,25500.0
energy-drink,MONSTER ENERGY GREEN ORI 320 ML MINUMAN BERKAFEIN FORMULASI,Rp29.892,29892.0
energy-drink,Pocari Sweat Pet 2000 Ml,Rp25.560,25560.0
energy-drink,YOU C 1000 MANGO 140 ML,Rp6.800,6800.0
energy-drink,Tolak Angin Cair Box isi 12 Sachet Dewasa,Rp66.999,66999.0
energy-drink,Cap Kaki Tiga Larutan Penyegar Lychee 320 ml Sayurbox,Rp9.000,9000.0
energy-drink,POCARI SWEAT PET 500 ML - ISOTONIK,Rp8.330,8330.0
energy-drink,YOU C 1000 ISOTONIK LEMON WATER 500 ML,Rp8.550,8550.0
energy-drink,POCARI SWEAT PET 2000 ML - ISOTONIK,Rp26.740,26740.0
energy-drink,Wempkes Fiber Drink (2box) - Minuman Serat Kaya Nutrisi - Belgian Coklat,Rp240.000,240000.0
energy-drink,Queensi Drinkme Lemon Minuman Serat Rasa Lemon - ISI 10 Sachet,Rp173.880,173880.0
energy-drink,NUTRIPEDIA PAKET SARI LEMON 250 ML DAN CHIA SEEDS 70 GR,Rp45.500,45500.0
energy-drink,You C 1000 Vitamin Lemon 140 ml Pack 3 Botol,Rp23.300,23300.0
energy-drink,YOU C 1000 ISOTONIK ORANGE WATER 500 ML,Rp8.750,8750.0
energy-drink,KIRANTI ORIGINAL SEHAT DATANG BULAN 150ml - [ISI 3 BOTOL],Rp30.000,30000.0
energy-drink,Floridina Orange 360 Ml,Rp3.630,3630.0
energy-drink,YOU C 1000 ORANGE 140 ML,Rp8.330,8330.0
energy-drink,FLIMTY FIBER isi 16 sachet ori bpom,Rp290.000,290000.0
energy-drink,Alexis Anggur Hijau,Rp82.760,82760.0
energy-drink,Kuku Bima Ener-G Vit C1000 Jeruk 6s - Minuman Berenergi Vitamin Orange Jelly Serbuk,Rp7.900,7900.0
energy-drink,HYDRO COCO 500 ML,Rp14.750,14750.0
energy-drink,Kab. Batang,Rp59.400,59400.0
energy-drink,Floridina Orange 360 Ml,Rp4.910,4910.0
energy-drink,X'TRAGIN Green Tea Paket 3 Box,Rp81.000,81000.0
energy-drink,ORONAMIN C DRINK 120 ML - MINUMAN,Rp6.200,6200.0
energy-drink,Pocari Sweat Pet 2000 Ml,Rp21.390,21390.0
energy-drink,YOU C 1000 ISOTONIK ORANGE WATER 500 ML,Rp8.440,8440.0
energy-drink,You C1000 Health Drink Vitamin Apple Botol 140 ml Sayurbox,Rp9.900,9900.0
energy-drink,London no 1 Gin 700ml - Tipsy Bro,Rp715.000,715000.0
energy-drink,"Extra Joss Ultimate 8 Kaleng - Energy Drink, Green Coffee, dan Less Sugar",Rp55.800,55800.0
energy-drink,X'TRAGIN BAJIGUR SARABBA PAKET 2 BOX,Rp62.000,62000.0
energy-drink,YOU C 1000 MANGO 140 ML - MINUMAN,Rp7.200,7200.0
energy-drink,Extra Joss Active B7 2 Pack (24 Sachet),Rp29.600,29600.0
energy-drink,FLORIDINA ORANGE 350 ML - MINUMAN,Rp3.630,3630.0
energy-drink,Wempkes Bundling 1 box Rasa Coklat Belgian & Cookies n Cream,Rp240.000,240000.0
energy-drink,Pocari Sweat Isotonik Botol 2 liter Sayurbox,Rp30.300,30300.0
energy-drink,Psyllium Husk Powder Pure / Minuman Serat Sembelit Detox,Rp178.000,178000.0
energy-drink,YOU C 1000 ISOTONIK LEMON WATER 500 ML,Rp9.080,9080.0
energy-drink,Extra Joss Ultimate 6 Kaleng,Rp41.900,41900.0
energy-drink,Wempkes Fiber Drink (1pcs) - Minuman Serat Kaya Nutrisi - Cookies & Cream,Rp12.000,12000.0
energy-drink,YOU C 1000 LEMON 140 ML,Rp6.800,6800.0
energy-drink,Drink Me Up - Tumblr,Rp59.000,59000.0
energy-drink,Pocari Sweat Ion Water Pet 350Ml,Rp7.200,7200.0
energy-drink,Minuman Serat Fibr-Cellulose Tiens Rasa Buah & Sayuran dengan 11 Ekstrak Buah dan Sayur,Rp41.908,41908.0
energy-drink,Extra Joss Laki Mangga 6 Pack (36 Sachet),Rp42.000,42000.0
energy-drink,Krating Daeng Regular 150 Ml,Rp6.800,6800.0
energy-drink,POCARI SWEAT ION WATER PET 500ML,Rp8.440,8440.0
energy-drink,YOU C 1000 ISOTONIK ORANGE WATER 500 ML,Rp8.440,8440.0
energy-drink,ORONAMIN C DRINK 120 ML - MINUMAN,Rp6.200,6200.0
energy-drink,YOU C 1000 ISOTONIK ORANGE WATER 500 ML,Rp7.850,7850.0
energy-drink,POCARI SWEAT PET 500 ML,Rp8.330,8330.0
energy-drink,KRATING DAENG REGULAR 150 ML,Rp6.200,6200.0
energy-drink,Pocari Sweat Pet 2000 Ml,Rp25.670,25670.0
energy-drink,YOU C 1000 ORANGE 140 ML BANDED 6,Rp42.950,42950.0
energy-drink,POCARI SWEAT PET 900 L - ISOTONIK,Rp14.970,14970.0
energy-drink,ORONAMIN C DRINK 120 ML - MINUMAN,Rp7.690,7690.0
energy-drink,POCARI SWEAT Minuman Ion Cairan Tubuh 330 ml,Rp12.000,12000.0
energy-drink,You C-1000 Orange 500ml - Tipsy Tales,Rp10.000,10000.0
energy-drink,YOU C 1000 MANGO 140 ML,Rp7.200,7200.0
energy-drink,HEMAVITON C1000 ORANGE LESS SUGAR 330ML,Rp8.550,8550.0
energy-drink,YOU C 1000 ISOTONIK ORANGE WATER 500 ML,Rp8.550,8550.0
energy-drink,YOU C 1000 MANGO 140ML BD 6,Rp42.950,42950.0
energy-drink,Sababay Ludisia Sweet Red 500ml,Rp218.000,218000.0
energy-drink,FLORIDINA COCO 350 ML - MINUMAN,Rp3.630,3630.0
energy-drink,Pocari Sweat Pet 2000 Ml,Rp23.530,23530.0
energy-drink,YOU C 1000 ISOTONIK LEMON WATER 500 ML,Rp7.850,7850.0
energy-drink,YOU C 1000 ISOTONIK ORANGE WATER 500 ML,Rp9.620,9620.0
energy-drink,HEMAVITON C1000 ORANGE LESS SUGAR 330ML,Rp8.550,8550.0
energy-drink,YOU C 1000 ISOTONIK LEMON WATER 500 ML,Rp8.750,8750.0
energy-drink,Milo Active-Go UHT Memenuhi Kebutuhan Nutrisi & Gizi Anak 180 ml (Pack - 3 Pcs),Rp19.200,19200.0
energy-drink,POCARI SWEAT PET 350 ml Banded 4,Rp28.000,28000.0
energy-drink,LARUTAN CAP BADAK 500 ML,Rp9.620,9620.0
energy-drink,YOU C 1000 APPLE 140 ML,Rp8.330,8330.0
energy-drink,ANGET SARI SUSU JAHE 5X28G,Rp10.000,10000.0
energy-drink,BADAK KALENG LECI 320ML/KALENG,Rp11.500,11500.0
energy-drink,YOU C 1000 MANGO 140ML BD 6,Rp42.950,42950.0
energy-drink,ADEMSARI CHINGKU SPARKLING LEMON CAN 320 ML,Rp9.500,9500.0
energy-drink,ADEM SARI PACK 5 PCS,Rp18.450,18450.0
energy-drink,ADEM SARI PACK 5 PCS,Rp19.600,19600.0
energy-drink,BADAK BOTOL PENYEGAR 200ML,Rp4.335,4335.0
energy-drink,POCARI SWEAT 330 ML PACK 4 KALENG,Rp31.173,31173.0
energy-drink,CAP KAKI TIGA LARUTAN PENYEGAR ORIGINAL 200 ML,Rp5.658,5658.0
energy-drink,POCARI SWEAT ION WATER PET 350ML,Rp7.480,7480.0
energy-drink,FIBE MINI x Labore Special Package,Rp106.400,106400.0
energy-drink,POCARI SWEAT PET 500 ML,Rp8.550,8550.0
energy-drink,POCARI SWEAT PET 900 L - ISOTONIK,Rp14.990,14990.0
energy-drink,Jakarta Pusat,Rp25.000,25000.0
energy-drink,CAP KAKI TIGA LARUTAN PENYEGAR ORIGINAL 200 ML,Rp4.024,4024.0
energy-drink,ORONAMIN C DRINK 120 ML,Rp6.200,6200.0
energy-drink,POCARI SWEAT ION WATER PET 500ML,Rp8.550,8550.0
energy-drink,YOU C 1000 APPLE 140 ML BANDED 6,Rp44.690,44690.0
energy-drink,CAP KAKI TIGA LARUTAN PENYEGAR ORIGINAL 500 ML,Rp10.192,10192.0
energy-drink,CAP KAKI TIGA LARUTAN PENYEGAR ORIGINAL 500 ML,Rp10.057,10057.0
energy-drink,POCARI SWEAT ION WATER 350 ML PACK 6 BOTOL,Rp7.758,7758.0
energy-drink,HEMAVITON ACTION ENERGY DRINK 150 ML BOTOL,Rp6.751,6751.0
energy-drink,KRATING DAENG 150 ML BOTOL,Rp9.387,9387.0
energy-drink,RED BULL ENERGY DRINK CAN 250 ML,Rp27.810,27810.0
energy-drink,Larutan Cap Kaki Tiga Leci Can 320 Ml,Rp8.330,8330.0
energy-drink,Pocari Sweat Ion Water Pet 350Ml,Rp6.410,6410.0
energy-drink,POCARI SWEAT LARUTAN 350 ML BOTOL,Rp8.640,8640.0
energy-drink,YOU C 1000 APPLE 140 ML,Rp8.550,8550.0
energy-drink,YOU C 1000 APPLE 140 ML - MINUMAN,Rp7.200,7200.0
energy-drink,ORONAMIN C DRINK 120 ML,Rp7.690,7690.0
energy-drink,FIBE MINI 100ML,Rp8.230,8230.0
energy-drink,Krating Daeng Regular 150 Ml,Rp7.370,7370.0
energy-drink,BADAK BOTOL PENYEGAR 500 ML,Rp7.600,7600.0
energy-drink,MIZONE MOOD UP CRANBERRY 500 ML,Rp6.410,6410.0
energy-drink,Wempkes Fiber Drink (3box) - Minuman Serat Kaya Nutrisi - Cookies & Cream,Rp360.000,360000.0
energy-drink,FIBE MINI 100ML - MINUMAN,Rp7.200,7200.0
energy-drink,SUNQUICK STANDART MANGO 330 ML,Rp48.750,48750.0
energy-drink,Cap Badak Botol 350Ml .,Rp12.300,12300.0
energy-drink,FIJI NATURAL ARTESIAN WATER 330ml - 3 BOTOL,Rp70.000,70000.0
energy-drink,X'TRAGIN Jahe Lemon Madu Minuman Herbal Tanpa Gula 80 Gram Superfood Tinggi Antioksidan & Serat,Rp85.000,85000.0
energy-drink,HEMAVITON C1000 ORANGE LESS SUGAR 330 ML - VITAMIN,Rp7.850,7850.0
energy-drink,YOU C 1000 LEMON 140 ML,Rp8.250,8250.0
energy-drink,YOU C 1000 LEMON 140 ML BANDED 6,Rp48.950,48950.0
energy-drink,POCARI SWEAT PET 350 ML,Rp6.800,6800.0
energy-drink,CAP KAKI TIGA LARUTAN PENYEGAR ORIGINAL 500 ML,Rp11.520,11520.0
energy-drink,HEMAVITON C 1000 RASA LEMON 150 ML BOTOL,Rp11.315,11315.0
energy-drink,YOU C ORANGE 140ML,Rp12.000,12000.0
energy-drink,Etafresh Daya Tahan Harian-Susu Kambing Herbal Menunjang Daya Tahan Tubuh dan Aktivitas Fisik – Herbal Alami 200g BPOM Halal,Rp95.000,95000.0
energy-drink,YOU C 1000 MANGO 140 ML,Rp8.330,8330.0
energy-drink,HEMAVITON C 1000 RASA JERUK 150 ML,Rp8.777,8777.0
energy-drink,Pocari Sweat Ion Water Pet 350Ml,Rp7.480,7480.0
energy-drink,Pedialyte 500 ML Rasa Original / Minuman Electrolyte /Minuman Isotonic,Rp52.070,52070.0
energy-drink,Sababay Ludisia Sweet Red 500ml,Rp218.000,218000.0
energy-drink,YOU C 1000 MANGO 140 ML,Rp7.200,7200.0
energy-drink,YOU C 1000 APPLE 140 ML,Rp7.850,7850.0
energy-drink,ORONAMIN C DRINK 120 ML,Rp7.690,7690.0
energy-drink,POCARI SWEAT PET 500 ML,Rp8.330,8330.0
energy-drink,YOU C 1000 MANGO 140 ML - MINUMAN,Rp7.890,7890.0
energy-drink,POCARI SWEAT CAN 330 ML,Rp7.370,7370.0
energy-drink,RED BULL ENERGY DRINK CAN 250 ML,Rp27.810,27810.0
energy-drink,YOU C 1000 ORANGE 140 ML,Rp8.330,8330.0
energy-drink,HEMAVITON ACTION ENERGY DRINK 150 ML BOTOL,Rp7.376,7376.0
energy-drink,YOU C 1000 APPLE 140 ML,Rp8.330,8330.0
energy-drink,CAP KAKI TIGA LARUTAN PENYEGAR ORIGINAL 200 ML,Rp5.401,5401.0
energy-drink,De Bortoli Sinister Collection Tempranillo 750ml,Rp495.000,495000.0
energy-drink,BADAK KLG GRAPE 320ML/KALENG,Rp51.000,51000.0
energy-drink,POCARI SWEAT CAN 330 ML - ISOTONIK,Rp7.690,7690.0
energy-drink,POCARI SWEAT PET 900 L - ISOTONIK,Rp13.990,13990.0
energy-drink,FIBE MINI 100ML - MINUMAN,Rp7.200,7200.0
energy-drink,Adem Sari Ching Ku Can 320Ml,Rp10.470,10470.0
energy-drink,Etafresh Stamina Harian - Susu Kambing Herbal Menunjang Daya Tahan Tubuh dan Aktivitas Fisik- 200g BPOM Halal | Bahan Bubuk Etawa Dairy Milk tanpa Gula,Rp95.000,95000.0
energy-drink,HYDRO COCO 500 ML,Rp15.820,15820.0
energy-drink,YOU C 1000 MANGO 140ML BD 6,Rp42.950,42950.0
energy-drink,BADAK BOTOL PENYEGAR 200ML,Rp3.911,3911.0
energy-drink,POCARI SWEAT ION WATER 350 ML BOTOL,Rp8.861,8861.0
energy-drink,LARUTAN CAP KAKI TIGA JAMBU CAN 320 ML,Rp8.330,8330.0
energy-drink,POCARI SWEAT CAN 330 ML,Rp5.980,5980.0
energy-drink,POCARI SWEAT CAN 330 ML,Rp7.370,7370.0
energy-drink,LARUTAN CAP BADAK JAMBU CAN 320 ML,Rp9.300,9300.0
energy-drink,YOU C 1000 ISOTONIK LEMON WATER 500 ML,Rp9.080,9080.0
energy-drink,ADEMSARI CHINGKUSPRKLMNCAN320ML,Rp11.970,11970.0
energy-drink,Wempkes Fiber Drink (8box) - Minuman Serat Kaya Nutrisi - Belgian Coklat Free sachet,Rp960.000,960000.0
energy-drink,Wempkes Fiber Drink (4box) - Minuman Serat Kaya Nutrisi - Cookies & Cream Free sachet,Rp480.000,480000.0
energy-drink,Minuman Cap Badak Orange Can Isi 320Ml,Rp13.000,13000.0
energy-drink,BELI 5 LEBIH HEMAT - Jahe Merah Amanah Bubuk Minuman Kesehatan Isi 10 Sachet,Rp84.000,84000.0
energy-drink,ADEMSARI CHINGKUSPRKLMNCAN320ML,Rp10.470,10470.0
energy-drink,Air minum PH tinggi Air OXYCJDW 1 kardus menjaga kesehatan tubuh,Rp205.000,205000.0
energy-drink,Matsu El Recio 750 ml - Tipsy Bro,Rp710.000,710000.0
energy-drink,YOU C 1000 ORANGE 140 ML BANDED 6,Rp43.790,43790.0
energy-drink,HEMAVITON C 1000 LEMON 330ml,Rp10.260,10260.0
energy-drink,ANGET SARI SUSU JAHE 5X28G,Rp8.650,8650.0
energy-drink,FIBE MINI 100ML - MINUMAN,Rp7.200,7200.0
energy-drink,KRATING DAENG 150 ML BOTOL,Rp10.728,10728.0
energy-drink,KUKUBIMA ENER-G KOPI 4.5 GRAM BOX 6 SACHET,Rp10.124,10124.0
energy-drink,KRATING DAENG 150 ML BOTOL,Rp10.728,10728.0
energy-drink,POCARI SWEAT ION WATER 350 ML BOTOL,Rp10.058,10058.0
energy-drink,Flimeal Minuman Serbuk Rasa Taro Halal BPOM MD 830531766523 1 Box isi 12 Sachet Cocok untuk Air Dingin,Rp229.000,229000.0
energy-drink,RED BULL ENERGY DRINK CAN 250 ML,Rp29.950,29950.0
energy-drink,POCARI SWEAT 330 ML PACK 4 KALENG,Rp32.400,32400.0
energy-drink,CAP KAKI TIGA LARUTAN PENYEGAR ORIGINAL 500 ML,Rp9.447,9447.0
energy-drink,BADAK KALENG 320 STRAWBERRY,Rp9.270,9270.0
energy-drink,Krating Daeng Regular 150 Ml,Rp7.370,7370.0
energy-drink,BADAK KALENG LECI 320ML/KALENG,Rp8.560,8560.0
energy-drink,POCARI SWEAT ION WATER 350 ML BOTOL,Rp9.494,9494.0
energy-drink,CAP KAKI TIGA LARUTAN PENYEGAR ORIGINAL 200 ML,Rp5.364,5364.0
energy-drink,MIZONE MOOD UP CRANBERRY 500 ML,Rp7.160,7160.0
energy-drink,Matsu El Viejo 750 ml - Tipsy Bro,Rp1.322.000,1322000.0
energy-drink,YOU C 1000 ISOTONIK LEMON WATER 500 ML,Rp8.440,8440.0
energy-drink,FIBE MINI 100ML - MINUMAN,Rp7.200,7200.0
energy-drink,POCARI SWEAT ION WATER PET 500ML,Rp8.050,8050.0
energy-drink,ADEMSARI CHINGKU SPARKLING LEMON CAN 320 ML,Rp10.470,10470.0
energy-drink,LARUTAN CAP BADAK JAMBU CAN 320 ML,Rp8.760,8760.0
energy-drink,YOU C 1000 MANGO 140 ML,Rp8.330,8330.0
energy-drink,YOU C 1000 MANGO 140 ML,Rp8.330,8330.0
energy-drink,Pocari Sweat Ion Water Pet 350Ml,Rp7.480,7480.0
energy-drink,Pocari Sweat Ion Water Pet 350Ml,Rp7.480,7480.0
energy-drink,Pedialyte 500 ML Rasa Original / Minuman Electrolyte /Minuman Isotonic,Rp52.070,52070.0
energy-drink,Sababay Ludisia Sweet Red 500ml,Rp218.000,218000.0
energy-drink,YOU C 1000 MANGO 140 ML,Rp7.200,7200.0
energy-drink,YOU C 1000 APPLE 140 ML,Rp7.850,7850.0
energy-drink,MIZONE ACTIV LYCHEE LEMON 500 ML,Rp7.160,7160.0
energy-drink,POCARI SWEAT CAN 330 ML,Rp5.980,5980.0
energy-drink,Pocari Sweat Pet 350 Ml,Rp6.410,6410.0
energy-drink,Cap Badak Melon Can 320Ml,Rp13.000,13000.0
energy-drink,Lasegar Twist Leci Lemon Can 320Ml,Rp12.500,12500.0
energy-drink,YOU C 1000 MANGO 140 ML - MINUMAN,Rp7.200,7200.0
energy-drink,YOU C 1000 ORANGE 140 ML,Rp7.200,7200.0
energy-drink,YOU C 1000 MANGO 140 ML,Rp7.390,7390.0
energy-drink,CAP KAKI TIGA LARUTAN PENYEGAR RASA ANGGUR 320 ML KALENG,Rp10.057,10057.0
energy-drink,CAP KAKI TIGA LARUTAN PENYEGAR ORIGINAL 200 ML,Rp5.364,5364.0
energy-drink,ADEMSARI CHINGKUSPRKLMNCAN320ML,Rp10.470,10470.0
energy-drink,BADAK KALENG 320ML JERUK,Rp7.800,7800.0
energy-drink,POCARI SWEAT ION WATER 350 ML BOTOL,Rp8.101,8101.0
energy-drink,BADAK KALENG LECI 320ML/KALENG,Rp9.630,9630.0
energy-drink,BADAK KALENG 320 STRAWBERRY,Rp8.000,8000.0
energy-drink,BADAK KALENG 320ML JERUK,Rp9.630,9630.0
energy-drink,YOU C 1000 ISOTONIK LEMON WATER 500 ML,Rp9.620,9620.0
energy-drink,HEMAVITON C 1000 LEMON 330ml,Rp8.550,8550.0
energy-drink,POCARI SWEAT PET 500 ML - ISOTONIK,Rp8.330,8330.0
energy-drink,Cloud Seven Smashing Grape 320ml,Rp33.000,33000.0
energy-drink,YOU C 1000 MANGO 140ML BD 6,Rp42.950,42950.0
energy-drink,FIBE MINI 100ML - MINUMAN,Rp7.200,7200.0
energy-drink,YOU C 1000 MANGO 140ML BD 6,Rp42.950,42950.0
energy-drink,YOU C 1000 MANGO 140ML BD 6,Rp43.790,43790.0
energy-drink,ANGET SARI SUSU JAHE 5X28G,Rp8.690,8690.0
energy-drink,ADEMSARI CHINGKUSPRKLMNCAN320ML,Rp11.760,11760.0
energy-drink,MIZONE MOOD UP CRANBERRY 500 ML,Rp7.160,7160.0
energy-drink,POCARI SWEAT LARUTAN 350 ML BOTOL,Rp9.240,9240.0
energy-drink,FIBE MINI 100ML,Rp8.330,8330.0
energy-drink,MIZONE MOOD UP CRANBERRY 500 ML,Rp7.160,7160.0
energy-drink,HEMAVITON ENERGY DRINK 150 ML,Rp6.940,6940.0
energy-drink,ANGET SARI SUSU JAHE 5X28G,Rp10.150,10150.0
energy-drink,YOU C 1000 LEMON 140 ML,Rp8.330,8330.0
energy-drink,POCARI SWEAT PET 500 ML,Rp8.330,8330.0
energy-drink,KRATINGDAENG RED BULL 250 ML KALENG,Rp7.742,7742.0
energy-drink,POCARI SWEAT LARUTAN 350 ML BOTOL,Rp8.775,8775.0
energy-drink,MIZONE ACTIV LYCHEE LEMON 500 ML,Rp7.160,7160.0
energy-drink,YOU C 1000 MANGO 140 ML,Rp8.330,8330.0
energy-drink,FLORIDINA COCO 350 ML - MINUMAN,Rp3.490,3490.0
energy-drink,LARUTAN CAP KAKI TIGA JAMBU CAN 320 ML,Rp8.330,8330.0
energy-drink,POCARI SWEAT ION WATER PET 500ML,Rp8.870,8870.0
energy-drink,POCARI SWEAT PET 900 L,Rp13.900,13900.0
energy-drink,Wempkes Bundling 1 box Rasa Leci & Coklat Belgian & Cookies N Cream Free sachet,Rp360.000,360000.0
energy-drink,LARUTAN CAP BADAK JAMBU CAN 320 ML,Rp9.300,9300.0
energy-drink,Floridina Orange 360 Ml,Rp3.630,3630.0
energy-drink,MIZONE MOOD UP CRANBERRY 500 ML,Rp7.160,7160.0
energy-drink,POCARI SWEAT PET 2000 ML,Rp26.800,26800.0
energy-drink,POCARI SWEAT ION WATER PET 350 ML,Rp6.800,6800.0
energy-drink,YOU C 1000 APPLE 140 ML,Rp7.200,7200.0
energy-drink,KRATING DAENG RED BULL CAN 250ML,Rp13.000,13000.0
energy-drink,BADAK BOTOL PENYEGAR 200ML,Rp3.622,3622.0
energy-drink,BADAK KALENG 320 STRAWBERRY,Rp9.207,9207.0
energy-drink,KRATINGDAENG RED BULL 250 ML KALENG,Rp12.025,12025.0
energy-drink,KUKUBIMA ENER-G ORIGINAL MERAH 4.5 GRAM BOX 6 SACHET,Rp9.703,9703.0
energy-drink,FIBE Mini Minuman Serat 100ml,Rp12.500,12500.0
energy-drink,POCARI SWEAT Soft Drink Minuman Isotonik Klg 330 ML,Rp11.500,11500.0
energy-drink,MIZONE ACTIV LYCHEE LEMON 500 ML,Rp7.160,7160.0
energy-drink,FLORIDINA COCO 350 ML,Rp4.270,4270.0
energy-drink,YOU C 1000 MANGO 140 ML,Rp8.330,8330.0
energy-drink,LARUTAN CAP BADAK JAMBU CAN 320 ML,Rp9.190,9190.0
energy-drink,YOU C 1000 MANGO 140 ML,Rp7.200,7200.0
energy-drink,Pocari Sweat Ion Water Pet 350Ml,Rp7.480,7480.0
energy-drink,Sababay Ludisia Sweet Red 500ml,Rp218.000,218000.0
energy-drink,[EXP 29 JULI 2026] KUAS Extra Kunyit 250ml - Bundling 2 Botol,Rp36.300,36300.0
energy-drink,RED BULL ENERGY DRINK CAN 250 ML,Rp26.800,26800.0
energy-drink,MIZONE ACTIV LYCHEE LEMON 500 ML,Rp6.410,6410.0
energy-drink,CAP BADAK LARUTAN PENYEGAR RASA JERUK 320 ML KALENG,Rp9.387,9387.0
energy-drink,BADAK KALENG 320ML JERUK,Rp8.000,8000.0
energy-drink,FIBE MINI 100ML,Rp8.550,8550.0
energy-drink,ANGET SARI SUSU JAHE 5X28G,Rp8.750,8750.0
energy-drink,ORONAMIN C DRINK 6'S X 120 ML,Rp43.250,43250.0
energy-drink,POCARI SWEAT LARUTAN 500 ML BOTOL,Rp9.325,9325.0
energy-drink,POCARI SWEAT ION WATER 350 ML BOTOL,Rp10.801,10801.0
energy-drink,CAP KAKI TIGA LARUTAN PENYEGAR ORIGINAL 500 ML,Rp11.786,11786.0
energy-drink,CAP KAKI TIGA LARUTAN PENYEGAR ORIGINAL 500 ML,Rp10.687,10687.0
energy-drink,POCARI SWEAT PET 900 L,Rp14.970,14970.0
energy-drink,ADEMSARI CHINGKUSPRKLMNCAN320ML,Rp10.690,10690.0
energy-drink,POCARI SWEAT CAN 330 ML,Rp7.370,7370.0
energy-drink,CAP KAKI TIGA LARUTAN PENYEGAR ORIGINAL 200 ML,Rp4.526,4526.0
energy-drink,BADAK BOTOL PENYEGAR 200ML,Rp7.808,7808.0
energy-drink,POCARI SWEAT ION WATER 350 ML BOTOL,Rp8.660,8660.0
energy-drink,CAP KAKI TIGA LARUTAN PENYEGAR ORIGINAL 200 ML,Rp5.364,5364.0
energy-drink,KRATING DAENG 150 ML BOTOL,Rp8.717,8717.0
energy-drink,YOU C 1000 MANGO 140 ML,Rp7.200,7200.0
energy-drink,CAP KAKI TIGA LARUTAN PENYEGAR ORIGINAL 200 ML,Rp8.047,8047.0
energy-drink,Krating Daeng Regular 150 Ml,Rp7.690,7690.0
energy-drink,ORONAMIN C DRINK 6'S X 120 ML,Rp41.690,41690.0
energy-drink,YOU C 1000 LEMON 140 ML,Rp8.330,8330.0
energy-drink,Krating Daeng Regular 150 Ml,Rp7.050,7050.0
energy-drink,KRATING DAENG 150 ML BOTOL,Rp8.047,8047.0
energy-drink,Isoplus Isotonik Siap Minum Coco Botol 350Ml,Rp4.200,4200.0
energy-drink,POCARI SWEAT CAN 330 ML,Rp6.390,6390.0
energy-drink,POCARI SWEAT PET 900 L - ISOTONIK,Rp14.970,14970.0
energy-drink,HEMAVITON ACTION ENERGY DRINK 150 ML BOTOL,Rp6.962,6962.0
energy-drink,HEMAVITON C 1000 4 GRAM RASA ORANGE SACHET,Rp9.093,9093.0
energy-drink,BADAK KALENG 320ML JERUK,Rp9.207,9207.0
energy-drink,ADEMSARI CHINGKUSPRKLMNCAN320ML,Rp10.470,10470.0
energy-drink,POCARI SWEAT ION WATER 350 ML BOTOL,Rp8.228,8228.0
energy-drink,KRATING DAENG 150 ML BOTOL,Rp6.035,6035.0
energy-drink,Etafresh Nutrisi Bantu Tubuh Ideal – Susu Kambing dengan Herbal – 200g BPOM Halal,Rp95.000,95000.0
energy-drink,YOU C 1000 APPLE 140 ML,Rp8.330,8330.0
energy-drink,YOU C 1000 ISOTONIK LEMON WATER 500 ML,Rp8.750,8750.0
energy-drink,KRATING DAENG REGULAR 150 ML,Rp6.200,6200.0
energy-drink,Adem Sari Ching Ku Can 320Ml,Rp10.050,10050.0
energy-drink,BADAK BOTOL PENYEGAR 200ML,Rp4.900,4900.0
energy-drink,HEMAVITON C 1000 RASA JERUK 150 ML,Rp10.126,10126.0
energy-drink,POCARI SWEAT ION WATER 350 ML BOTOL,Rp8.047,8047.0
energy-drink,HEMAVITON ACTION ENERGY DRINK 150 ML BOTOL,Rp8.124,8124.0
energy-drink,Susu Kambing Murni Bantu Menyehatkan pernafasan & Batuk Menahun – Walatra Etaku BPOM HALAL MUI,Rp95.000,95000.0
energy-drink,NAKED GRAPE Smithbrook Sweetberry Shiraz Cabernet Australia Wi,Rp300.000,300000.0
energy-drink,Adem Sari Ching Ku Can 320Ml,Rp10.690,10690.0
energy-drink,BADAK KALENG 320 STRAWBERRY,Rp7.500,7500.0
energy-drink,Polaris Soda Water 330ml Kaleng Kecil,Rp10.000,10000.0
energy-drink,POCARI SWEAT PET 900 L - ISOTONIK,Rp14.970,14970.0
energy-drink,CAP KAKI TIGA LARUTAN PENYEGAR ORIGINAL 200 ML,Rp6.077,6077.0
energy-drink,KRATING DAENG SUPER 150 ML,Rp6.991,6991.0
energy-drink,POCARI SWEAT CAN 330 ML,Rp5.550,5550.0
energy-drink,FIBE MINI 100ML,Rp8.230,8230.0
energy-drink,HEMAVITON C 1000 LEMON 330ml,Rp9.510,9510.0
energy-drink,POCARI SWEAT ION WATER 350 ML BOTOL,Rp8.047,8047.0
energy-drink,HEMAVITON ACTION ENERGY DRINK 150 ML BOTOL,Rp8.861,8861.0
energy-drink,KRATING DAENG REGULAR 150 ML,Rp7.160,7160.0
energy-drink,POCARI SWEAT PET 500 ML,Rp8.330,8330.0
energy-drink,CAP KAKI TIGA LARUTAN PENYEGAR ORIGINAL 500 ML,Rp9.451,9451.0
energy-drink,HEMAVITON C1000 ORANGE LESS SUGAR 330ML,Rp9.300,9300.0
energy-drink,YOU C 1000 MANGO 140 ML,Rp7.200,7200.0
energy-drink,Pocari Sweat Ion Water Pet 350Ml,Rp7.480,7480.0
energy-drink,Sababay Ludisia Sweet Red 500ml,Rp218.000,218000.0
energy-drink,[EXP 29 JULI 2026] KUAS Extra Kunyit 250ml - Bundling 2 Botol,Rp36.300,36300.0
energy-drink,RED BULL ENERGY DRINK CAN 250 ML,Rp26.800,26800.0
energy-drink,POCARI SWEAT PET 900 L,Rp14.970,14970.0
energy-drink,Hydro Air Kelapa Coco 250 Ml,Rp11.600,11600.0
energy-drink,POCARI SWEAT PET 900 L,Rp12.990,12990.0
energy-drink,Cap Badak Botol 200Ml .,Rp8.100,8100.0
energy-drink,FIBE MINI 100ML,Rp8.330,8330.0
energy-drink,KRATING DAENG 150 ML BOTOL,Rp9.387,9387.0
energy-drink,ADEMSARI CHINGKUSPRKLMNCAN320ML,Rp9.600,9600.0
energy-drink,Matsu El Picaro 750 ml - Tipsy Bro,Rp550.000,550000.0
energy-drink,YOU C 1000 APPLE 140 ML - MINUMAN,Rp7.200,7200.0
energy-drink,Krating Daeng Regular 150 Ml,Rp6.800,6800.0
energy-drink,ORONAMIN C 120 ML BOTOL KACA,Rp10.862,10862.0
energy-drink,Wedang Minuman Herbal Kemasan Pouch isi 10bj,Rp49.000,49000.0
energy-drink,Sari Lemon 500ML Pure Lemon Extract - BUMIFARM Official,Rp55.000,55000.0
energy-drink,POCARI SWEAT ION WATER PET 500ML,Rp8.550,8550.0
energy-drink,ADEMSARI CHINGKU SPARKLING LEMON CAN 320 ML,Rp10.470,10470.0
energy-drink,KRATING DAENG 150 ML BOTOL,Rp8.103,8103.0
energy-drink,Mojito Cloud Seven Exotica Punch 350ml - beer,Rp30.000,30000.0
energy-drink,BINTANG ZERO CAN 300ML,Rp12.000,12000.0
energy-drink,BADAK KLG GRAPE 320ML/KALENG,Rp11.500,11500.0
energy-drink,(+21) ASAHI CAN 330ml,Rp73.000,73000.0
energy-drink,POCARI SWEAT CAN 330 ML,Rp6.900,6900.0
energy-drink,POCARI SWEAT PET 900 L,Rp12.830,12830.0
energy-drink,YOU C 1000 MANGO 140ML BD 6,Rp42.950,42950.0
energy-drink,BADAK BOTOL PENYEGAR 200ML,Rp3.500,3500.0
energy-drink,ADEMSARI CHINGKUSPRKLMNCAN320ML,Rp9.500,9500.0
energy-drink,ADEM SARI PACK 5 PCS,Rp17.890,17890.0
energy-drink,YOU C 1000 MANGO 140ML BD 6,Rp42.950,42950.0
energy-drink,FIBE MINI 100ML,Rp7.850,7850.0
energy-drink,ANGET SARI SUSU JAHE 5X28G,Rp8.750,8750.0
energy-drink,PAKET FRESH DUO - 2IN1 500ML / CUKA APEL / SARI LEMON/ BUMIFARM,Rp102.600,102600.0
energy-drink,ADEMSARI CHINGKUSPRKLMNCAN320ML,Rp10.470,10470.0
energy-drink,BADAK BOTOL PENYEGAR 200ML,Rp4.680,4680.0
energy-drink,POCARI SWEAT ION WATER PET 500ML,Rp7.690,7690.0
energy-drink,POCARI SWEAT ION WATER PET 350ML,Rp7.480,7480.0
energy-drink,MIZONE ACTIV LYCHEE LEMON 500 ML,Rp7.160,7160.0
energy-drink,FLORIDINA COCO 350 ML,Rp2.990,2990.0
energy-drink,YOU C 1000 MANGO 140 ML,Rp8.330,8330.0
energy-drink,Wempkes Fiber Drink (5pcs) - Minuman Serat Kaya Nutrisi - Cookies & Cream,Rp60.000,60000.0
energy-drink,You C1000 Rasa Apple 140 Ml,Rp13.500,13500.0
energy-drink,MIZONE ACTIV LYCHEE LEMON 500 ML,Rp6.410,6410.0
energy-drink,CAP KAKI TIGA LARUTAN PENYEGAR ORIGINAL 200 ML,Rp5.537,5537.0
energy-drink,HEMAVITON C 1000 LEMON 330 ML - VITAMIN,Rp8.550,8550.0
energy-drink,[New Launch] Buy 10 Seolmi Electrolyte+ With Real Coconut Water & 4 Essential Minerals | Seolmi Official,Rp2.690.000,2690000.0
energy-drink,BELI 3 LEBIH HEMAT - LINK - Cuka Apel Pure With Mother - Apple Cider Vinegar With Mother 500ml,Rp143.000,143000.0
energy-drink,POCARI SWEAT CAN 330 ML - ISOTONIK,Rp7.690,7690.0
energy-drink,POCARI SWEAT PET 900 L,Rp13.400,13400.0
energy-drink,ADEM SARI PACK 5 PCS,Rp18.590,18590.0
energy-drink,FIBE MINI 100ML,Rp7.200,7200.0
energy-drink,BADAK KALENG 320 STRAWBERRY,Rp10.000,10000.0
energy-drink,BADAK BOTOL PENYEGAR 200ML,Rp8.500,8500.0
energy-drink,ORONAMIN C 120 ML BOTOL KACA,Rp8.227,8227.0
energy-drink,POCARI SWEAT ION WATER 350 ML BOTOL,Rp8.800,8800.0
energy-drink,POCARI SWEAT LARUTAN 350 ML BOTOL,Rp8.101,8101.0
energy-drink,KRATING DAENG 150 ML BOTOL,Rp8.228,8228.0
energy-drink,POCARI SWEAT LARUTAN 350 ML BOTOL,Rp10.125,10125.0
energy-drink,ADEMSARI CHINGKUSPRKLMNCAN320ML,Rp10.470,10470.0
energy-drink,ADEMSARI CHINGKUSPRKLMNCAN320ML,Rp10.690,10690.0
energy-drink,KUKUBIMA ENER-G ANGGUR 4.5 GRAM BOX 6 SACHET,Rp10.057,10057.0
energy-drink,HEMAVITON C 1000 LEMON 330ml,Rp8.550,8550.0
energy-drink,YOU C 1000 ISOTONIK ORANGE WATER 500 ML,Rp9.620,9620.0
energy-drink,YOU C 1000 ISOTONIK ORANGE WATER 500 ML,Rp9.190,9190.0
energy-drink,YOU C 1000 MANGO 140 ML,Rp7.480,7480.0
energy-drink,ADEM SARI PACK 5 PCS,Rp19.600,19600.0
energy-drink,RED BULL ENERGY DRINK CAN 250 ML,Rp26.800,26800.0
energy-drink,YOU C 1000 LEMON 140 ML,Rp8.330,8330.0
energy-drink,BADAK BOTOL PENYEGAR 200ML,Rp8.500,8500.0
energy-drink,POCARI SWEAT PET 900 L,Rp13.400,13400.0
energy-drink,ADEM SARI PACK 5 PCS,Rp18.590,18590.0
energy-drink,FIBE MINI 100ML,Rp7.200,7200.0
energy-drink,POCARI SWEAT CAN 330 ML - ISOTONIK,Rp7.690,7690.0
energy-drink,POCARI SWEAT LARUTAN 350 ML BOTOL,Rp8.101,8101.0
energy-drink,LARUTAN CAP KAKI TIGA JAMBU CAN 320 ML,Rp8.120,8120.0
energy-drink,BADAK BOTOL PENYEGAR 200ML,Rp4.792,4792.0
energy-drink,CAP KAKI TIGA LARUTAN PENYEGAR ORIGINAL 200 ML,Rp4.726,4726.0
energy-drink,ORONAMIN C DRINK 6'S X 120 ML,Rp36.900,36900.0
energy-drink,LARUTAN CAP BADAK JAMBU CAN 320 ML,Rp9.190,9190.0
energy-drink,YOU C 1000 ORANGE 140 ML,Rp8.330,8330.0
energy-drink,Larutan Cap Badak Lychee Can 320 Ml,Rp7.690,7690.0
energy-drink,YOU C 1000 APPLE 140 ML,Rp8.330,8330.0
energy-drink,YOU C 1000 APPLE 140 ML,Rp8.330,8330.0
energy-drink,MIZONE MOOD UP CRANBERRY 500 ML,Rp6.090,6090.0
energy-drink,LARUTAN CAP BADAK 500 ML - MINUMAN,Rp8.990,8990.0
energy-drink,POCARI SWEAT PET 500 ML,Rp7.480,7480.0
energy-drink,PERFECT ALKALINE WATER 1 LITER PAKET 50 KARTON,Rp2.700.000,2700000.0
energy-drink,BADAK BOTOL PENYEGAR 200ML,Rp5.000,5000.0
energy-drink,YOU C 1000 MANGO 140ML BD 6,Rp41.690,41690.0
energy-drink,YOU C 1000 APPLE 140 ML,Rp6.990,6990.0
energy-drink,POCARI SWEAT CAN 330 ML,Rp6.410,6410.0
energy-drink,Flimty Minuman Serbuk rasa Blackcurrant - 1 box,Rp295.000,295000.0
energy-drink,ADEMSARI CHINGKUSPRKLMNCAN320ML,Rp10.470,10470.0
energy-drink,BADAK BOTOL PENYEGAR 200ML,Rp4.200,4200.0
energy-drink,ADEMSARI CHINGKUSPRKLMNCAN320ML,Rp11.540,11540.0
energy-drink,ORONAMIN C DRINK 6'S X 120 ML,Rp39.900,39900.0
energy-drink,FIBE MINI 100ML,Rp7.850,7850.0
energy-drink,YOU C 1000 MANGO 140ML BD 6,Rp46.050,46050.0
energy-drink,FIBE MINI 100ML,Rp7.200,7200.0
energy-drink,HEMAVITON ACTION ENERGY DRINK 150 ML BOTOL,Rp10.728,10728.0
energy-drink,ANGET SARI SUSU JAHE 5X28G,Rp8.750,8750.0
energy-drink,KRATING DAENG 150 ML BOTOL,Rp10.120,10120.0
energy-drink,ADEM SARI PACK 5 PCS - SERBUK HERBAL,Rp18.450,18450.0
energy-drink,MIZONE RASA LYCHEE LEMON 500 ML BOTOL,Rp6.751,6751.0
energy-drink,POCARI SWEAT ION WATER 350 ML PACK 6 BOTOL,Rp49.604,49604.0
energy-drink,FIBE MINI 100ML - MINUMAN,Rp8.330,8330.0
energy-drink,ADEMSARI CHINGKUSPRKLMNCAN320ML,Rp10.470,10470.0
energy-drink,POCARI SWEAT CAN 330 ML - ISOTONIK,Rp7.690,7690.0
energy-drink,YOU C 1000 LEMON 140 ML,Rp8.330,8330.0
energy-drink,Krating Daeng Regular 150 Ml,Rp6.200,6200.0
energy-drink,YOU C 1000 LEMON 140 ML,Rp8.330,8330.0
energy-drink,CAP KAKI TIGA LARUTAN PENYEGAR ORIGINAL 200 ML,Rp6.286,6286.0
energy-drink,ORONAMIN C DRINK 120 ML,Rp8.010,8010.0
energy-drink,YOU C 1000 APPLE 140 ML BANDED 6,Rp42.950,42950.0
energy-drink,BADAK BOTOL PENYEGAR 200ML,Rp4.360,4360.0
energy-drink,HEMAVITON ACTION ENERGY DRINK 150 ML BOTOL,Rp8.228,8228.0
energy-drink,GREEN SAND APPLE & LIME CAN 300,Rp1.230.000,1230000.0
energy-drink,SARI JERUK NIPIS 250ML- BUMIFARM,Rp45.800,45800.0
energy-drink,POCARI SWEAT PET 900 L - ISOTONIK,Rp14.970,14970.0
energy-drink,POCARI SWEAT ION WATER PET 500ML,Rp8.550,8550.0
energy-drink,POCARI SWEAT ION WATER 350 ML BOTOL,Rp8.800,8800.0
energy-drink,Floridina Orange 360 Ml,Rp3.840,3840.0
energy-drink,Flimty rasa Mango - 1 Box,Rp295.000,295000.0
energy-drink,LARUTAN CAP BADAK JAMBU CAN 320 ML,Rp9.300,9300.0
energy-drink,Krating Daeng Regular 150 Ml,Rp6.620,6620.0
energy-drink,ADEMSARI CHINGKUSPRKLMNCAN320ML,Rp10.470,10470.0
energy-drink,YOU C 1000 APPLE 140 ML,Rp8.330,8330.0
energy-drink,CAP KAKI TIGA LARUTAN PENYEGAR ORIGINAL 200 ML,Rp5.398,5398.0
energy-drink,YOU C 1000 ISOTONIK ORANGE WATER 500 ML,Rp9.190,9190.0
energy-drink,YOU C 1000 MANGO 140 ML,Rp7.480,7480.0
energy-drink,ADEM SARI PACK 5 PCS,Rp19.600,19600.0
energy-drink,RED BULL ENERGY DRINK CAN 250 ML,Rp26.800,26800.0
energy-drink,YOU C 1000 LEMON 140 ML,Rp8.330,8330.0
kental-manis,FRISIAN FLAG SCM GOLD 370 GR,Rp19.890,19890.0
kental-manis,FRISIAN FLAG SCM BKM 370 GR,Rp13.360,13360.0
kental-manis,Bendera SKM Putih Gold 370G,Rp17.100,17100.0
kental-manis,FRISIAN FLAG SCM BKM 370 GR,Rp12.900,12900.0
kental-manis,BENDERA SCM POUCH CHO 560 GR - SUSU KENTAL MANIS,Rp20.000,20000.0
kental-manis,Krimer Kental Manis Cap Enaak Cokelat 545 G,Rp24.850,24850.0
kental-manis,INDOMILK KENTAL MANIS 560 GR,Rp18.180,18180.0
kental-manis,Bendera SKM Kental Manis 560G Pouch,Rp20.000,20000.0
kental-manis,BENDERA SCM BKM 370 GR,Rp13.680,13680.0
kental-manis,CARNATION SWEET CONDENSED CREAMER 365 GR,Rp13.470,13470.0
kental-manis,CARNATION SWEET CONDENSED CREAMER 370 GR,Rp13.360,13360.0
kental-manis,INDOMILK KENTAL MANIS CREAMY ORIGINAL 260 GR - Hypermart,Rp9.620,9620.0
kental-manis,FRISIAN FLAG SCM POUCH CHOCO 280 GR,Rp10.690,10690.0
kental-manis,CAP ENAK SKM PTH 370 GR - SUSU KENTAL MANIS,Rp12.610,12610.0
kental-manis,BENDERA SCM POUCH BKM 545GR - SUSU KENTAL MANIS,Rp20.000,20000.0
kental-manis,FRISIAN FLAG SCM CAN GOLD 490 GR,Rp29.950,29950.0
kental-manis,Cap Enak SKM Putih 370G,Rp12.830,12830.0
kental-manis,CARNATION SWEET CONDENSED CREAMER 370 GR,Rp13.790,13790.0
kental-manis,Indomilk Skm Coklat 370G,Rp11.760,11760.0
kental-manis,Carnation Sweet Condensed Creamer 370G,Rp12.350,12350.0
kental-manis,Indomilk SKM Putih 370G,Rp14.330,14330.0
kental-manis,Cap Enak SKM Putih 370G,Rp12.610,12610.0
kental-manis,FRISIAN FLAG SCM POUCH GOLD 280 GR,Rp14.690,14690.0
kental-manis,Cap Enak SKM Putih 370G,Rp12.610,12610.0
kental-manis,CAP ENAK SKM PTH 370g,Rp12.610,12610.0
kental-manis,Indomilk SKM Putih 370G,Rp13.580,13580.0
kental-manis,Indomilk SKM Putih 370G,Rp12.510,12510.0
kental-manis,6 PCS - Indomilk Susu Kental Manis Choco 37gr,Rp11.820,11820.0
kental-manis,Frisian Flag Bendera Kental Manis Gold Pouch 240g,Rp13.900,13900.0
kental-manis,Bendera SKM Coklat 560G Pouch,Rp20.000,20000.0
kental-manis,Indomilk SKM Putih 370G,Rp12.510,12510.0
kental-manis,BENDERA SCM BKM 370 GR,Rp13.680,13680.0
kental-manis,Bendera SKM Kental Manis Biru 370 G,Rp14.540,14540.0
kental-manis,Indomilk Skm Coklat 370G,Rp12.350,12350.0
kental-manis,FRISIAN FLAG SCM BKM 370 GR,Rp13.360,13360.0
kental-manis,CARNATION SWEET CONDENSED CREAMER 365 GR,Rp12.600,12600.0
kental-manis,Frisian Flag Bendera Kental Manis Full Cream Gold Kaleng 490g,Rp28.700,28700.0
kental-manis,CAP ENAAK KENTAL MANIS 545 GR,Rp19.250,19250.0
kental-manis,Cap Enak SKM Putih 370G,Rp12.830,12830.0
kental-manis,Bendera SKM Coklat 560G Pouch,Rp20.640,20640.0
kental-manis,CAP ENAAK KENTAL MANIS 545 GR,Rp17.000,17000.0
kental-manis,Susu Kental Manis Indomilk Choco 370Gr,Rp18.280,18280.0
kental-manis,Bendera SKM Coklat 560G Pouch,Rp21.070,21070.0
kental-manis,Krimer Kental Manis Cap Enaak Plain 370gr,Rp17.280,17280.0
kental-manis,Bendera SKM Coklat 560G Pouch,Rp21.070,21070.0
kental-manis,FRISIAN FLAG SCM POUCH BKM 280 GR,Rp10.370,10370.0
kental-manis,FRISIAN FLAG SCM POUCH CHOCO 280 GR,Rp10.300,10300.0
kental-manis,INDOMILK KENTAL MANIS 560 GR,Rp19.250,19250.0
kental-manis,BENDERA SCM POUCH CHO 560 GR - SUSU KENTAL MANIS,Rp20.000,20000.0
kental-manis,Frisian Flag Omela Krimer Kental Manis Kaleng 480g [3 Pcs],Rp45.500,45500.0
kental-manis,Carnation Krimer Kental Manis 370 gram Sayurbox,Rp16.100,16100.0
kental-manis,Indomilk Skm Coklat 370G,Rp14.330,14330.0
kental-manis,INDOMILK KENTAL MANIS 560 GR,Rp16.990,16990.0
kental-manis,Bendera SKM Kental Manis 560G Pouch,Rp20.320,20320.0
kental-manis,Bendera SKM Coklat 560G Pouch,Rp20.000,20000.0
kental-manis,FRISIAN FLAG SCM POUCH GOLD 280 GR,Rp15.450,15450.0
kental-manis,CARNATION SWEET CONDENSED CREAMER 365 GR,Rp13.360,13360.0
kental-manis,INDOMILK SKM PUTIH 370 GR - SUSU KENTAL MANIS,Rp12.250,12250.0
kental-manis,INDOMILK KENTAL MANIS CREAMY ORIGINAL 260 GR,Rp9.620,9620.0
kental-manis,FRISIAN FLAG SCM POUCH BKM 280 GR,Rp11.120,11120.0
kental-manis,Indomilk SKM Putih 370G,Rp12.350,12350.0
kental-manis,CARNATION SWEET CONDENSED CREAMER 365 GR,Rp12.600,12600.0
kental-manis,FRISIAN FLAG SCM CHOCO 370 GR,Rp12.900,12900.0
kental-manis,ONYX FROSTY MANGKOK SALAD 4L F-1003F,Rp29.900,29900.0
kental-manis,FRISIAN FLAG SCM BENDERA KENTAL MANIS POUCH 535 GR,Rp20.000,20000.0
kental-manis,FRISIAN FLAG SCM BENDERA KENTAL MANIS POUCH COKELAT 535 GR,Rp22.290,22290.0
kental-manis,INDOMILK KENTAL MANIS CREAMY ORIGINAL 260 GR,Rp10.050,10050.0
kental-manis,Bendera SKM Kental Manis 560G Pouch,Rp21.070,21070.0
kental-manis,Frisian Flag Kental Manis Gold 370 Gram,Rp26.400,26400.0
kental-manis,Frisian Flag Kental Manis 370 Gram,Rp18.500,18500.0
kental-manis,BENDERA SCM POUCH CHO 560 GR - SUSU KENTAL MANIS,Rp18.690,18690.0
kental-manis,FRISIAN FLAG SCM BENDERA KENTAL MANIS POUCH 535 GR,Rp20.000,20000.0
kental-manis,Bendera SKM Kental Manis Biru 370 G,Rp13.600,13600.0
kental-manis,CAP ENAAK KENTAL MANIS 545 GR,Rp19.250,19250.0
kental-manis,FRISIAN FLAG SCM BENDERA KENTAL MANIS POUCH 535 GR,Rp20.000,20000.0
kental-manis,BENDERA SCM BKM 370 GR - SUSU KENTAL MANIS,Rp13.360,13360.0
kental-manis,FRISIAN FLAG SCM POUCH GOLD 280 GR,Rp14.970,14970.0
kental-manis,Indomilk Skm Coklat 370G,Rp12.830,12830.0
kental-manis,Bendera SKM Coklat 560G Pouch,Rp20.000,20000.0
kental-manis,BENDERA SCM BKM 370 GR,Rp13.680,13680.0
kental-manis,Cap Enak SKM Putih 370G,Rp13.260,13260.0
kental-manis,Indomilk SKM Putih 370G,Rp12.510,12510.0
kental-manis,CAP ENAK SKM PTH 370g,Rp12.610,12610.0
kental-manis,Cap Enak SKM Putih 370G,Rp12.830,12830.0
kental-manis,Indomilk Skm Coklat 370G,Rp12.610,12610.0
kental-manis,FRISIAN FLAG SCM BENDERA KENTAL MANIS POUCH COKELAT 535 GR,Rp20.000,20000.0
kental-manis,Frisian Flag Bendera Kental Manis Gold Pouch 240g [6 Pcs],Rp78.750,78750.0
kental-manis,CARNATION EVAPORASI 405 GR,Rp17.490,17490.0
kental-manis,INDOMILK KENTAL MANIS 560 GR,Rp19.250,19250.0
kental-manis,FRISIAN FLAG SCM POUCH BKM 280 GR,Rp10.900,10900.0
kental-manis,FRISIAN FLAG SCM BENDERA KENTAL MANIS POUCH 535 GR,Rp20.000,20000.0
kental-manis,INDOMILK SKM COKLAT 370g,Rp12.510,12510.0
kental-manis,Indomilk SKM Putih 370G,Rp12.720,12720.0
kental-manis,Indomilk SKM Putih 370G,Rp12.350,12350.0
kental-manis,FRISIAN FLAG SCM POUCH GOLD 280 GR,Rp14.970,14970.0
kental-manis,Cap Enak SKM Putih 370G,Rp12.830,12830.0
kental-manis,Bendera Susu Kental Manis 490 Gram Kemasan Kaleng,Rp23.400,23400.0
kental-manis,CARNATION EVAPORASI 405 GR,Rp17.490,17490.0
kental-manis,Indomilk SKM Putih 370G,Rp12.510,12510.0
kental-manis,Indomilk SKM Putih 370G,Rp14.330,14330.0
kental-manis,BENDERA SCM POUCH CHO 560 GR - SUSU KENTAL MANIS,Rp19.300,19300.0
kental-manis,FRISIAN FLAG SCM GOLD 370 GR,Rp19.680,19680.0
kental-manis,INDOMILK KENTAL MANIS 560 GR,Rp19.250,19250.0
kental-manis,Indomilk Skm Coklat 370G,Rp13.150,13150.0
kental-manis,Bendera SKM Kental Manis Biru 370 G,Rp14.220,14220.0
kental-manis,INDOMILK SKM PUTIH 370g,Rp12.510,12510.0
kental-manis,Frisian Flag Kental Manis 490 Gram,Rp23.400,23400.0
kental-manis,FRISIAN FLAG SCM POUCH CHOCO 280 GR,Rp10.300,10300.0
kental-manis,FRISIAN FLAG SCM POUCH CHOCO 280 GR,Rp11.350,11350.0
kental-manis,FRISIAN FLAG SCM POUCH CHOCO 280 GR,Rp10.370,10370.0
kental-manis,INDOMILK SKM SWISS CHOCO 545 GR - SUSU KENTAL MANIS,Rp17.110,17110.0
kental-manis,CAP ENAK SKM PTH 370 GR - SUSU KENTAL MANIS,Rp12.610,12610.0
kental-manis,Bendera SKM Kental Manis 560G Pouch,Rp21.070,21070.0
kental-manis,CARNATION SWEET CONDENSED CREAMER 370 GR,Rp13.360,13360.0
kental-manis,FRISIAN FLAG SCM POUCH GOLD 280 GR,Rp14.350,14350.0
kental-manis,INDOMILK SKM COKLAT 370 GR - SUSU KENTAL MANIS,Rp12.830,12830.0
kental-manis,FRISIAN FLAG SCM BKM 370 GR,Rp12.900,12900.0
kental-manis,6 Pcs - Krimer Kental Manis Cap Enaak Choco Sachet,Rp11.040,11040.0
kental-manis,CAP ENAK SKM PTH 370g,Rp12.610,12610.0
kental-manis,FRISIAN FLAG SCM BENDERA KENTAL MANIS POUCH 240 GR,Rp10.370,10370.0
kental-manis,FRISIAN FLAG SCM POUCH BKM 280 GR,Rp10.370,10370.0
kental-manis,CAP ENAAK KENTAL MANIS 545 GR,Rp19.250,19250.0
kental-manis,INDOMILK SKM SWISS CHOCO 545 GR - SUSU KENTAL MANIS,Rp18.180,18180.0
kental-manis,Bendera SKM Coklat 560G Pouch,Rp21.070,21070.0
kental-manis,INDOMILK SKM COKLAT 370 GR - SUSU KENTAL MANIS,Rp14.390,14390.0
kental-manis,Indomilk SKM Putih 370G,Rp12.350,12350.0
kental-manis,CARNATION SWEET CONDENSED CREAMER 365 GR,Rp12.600,12600.0
kental-manis,FRISIAN FLAG SCM CHOCO 370 GR,Rp12.900,12900.0
kental-manis,ONYX FROSTY MANGKOK SALAD 4L F-1003F,Rp29.900,29900.0
kental-manis,FRISIAN FLAG SCM BENDERA KENTAL MANIS POUCH 535 GR,Rp20.000,20000.0
kental-manis,INDOMILK SKM PUTIH 370 GR - SUSU KENTAL MANIS,Rp12.250,12250.0
kental-manis,INDOMILK KENTAL MANIS 560 GR,Rp18.930,18930.0
kental-manis,Indomilk SKM Putih 370G,Rp14.330,14330.0
kental-manis,Cap Enak SKM Putih 370G,Rp11.540,11540.0
kental-manis,FRISIAN FLAG SCM CHOCO 370 GR,Rp12.900,12900.0
kental-manis,INDOMILK SKM PUTIH 370g,Rp12.510,12510.0
kental-manis,FRISIAN FLAG SCM POUCH BKM 280 GR,Rp11.010,11010.0
kental-manis,CAP ENAAK KENTAL MANIS 545 GR,Rp17.000,17000.0
kental-manis,CAP ENAAK KENTAL MANIS 545 GR,Rp18.550,18550.0
kental-manis,INDOMILK SKM PUTIH 370g,Rp12.720,12720.0
kental-manis,OMELA KRIMER 490 GR - KENTAL MANIS,Rp16.040,16040.0
kental-manis,FRISIAN FLAG SCM BENDERA KENTAL MANIS POUCH 240 GR,Rp10.370,10370.0
kental-manis,BENDERA SCM POUCH CHO 560 GR - SUSU KENTAL MANIS,Rp20.000,20000.0
kental-manis,Bendera SKM Kental Manis 560G Pouch,Rp21.070,21070.0
kental-manis,INDOMILK SKM PUTIH 370 GR - SUSU KENTAL MANIS,Rp12.830,12830.0
kental-manis,FRISIAN FLAG SCM CAN BKM 490 GR,Rp19.250,19250.0
kental-manis,FRISIAN FLAG SCM CAN GOLD 490 GR,Rp28.880,28880.0
kental-manis,FRISIAN FLAG SCM POUCH CHOCO 280 GR,Rp10.290,10290.0
kental-manis,FRISIAN FLAG SCM POUCH CHOCO 280 GR,Rp10.300,10300.0
kental-manis,Frisian Flag Krimer Kental Manis Cokelat Pouch 545 gram,Rp26.600,26600.0
kental-manis,INDOMILK SKM PUTIH 370 GR - SUSU KENTAL MANIS,Rp12.250,12250.0
kental-manis,INDOMILK SKM SWISS CHOCO 545 GR - SUSU KENTAL MANIS,Rp17.500,17500.0
kental-manis,CAP ENAAK SKM COKLAT 370G,Rp12.830,12830.0
kental-manis,INDOMILK KENTAL MANIS 560 GR,Rp19.890,19890.0
kental-manis,Carnation Sweet Condensed Creamer 370G,Rp12.720,12720.0
kental-manis,FRISIAN FLAG SCM BKM 370 GR,Rp14.890,14890.0
kental-manis,INDOMILK SKM SWISS CHOCO 545 GR - SUSU KENTAL MANIS,Rp19.890,19890.0
kental-manis,Bendera SKM Kental Manis 560G Pouch,Rp21.070,21070.0
kental-manis,Indomilk SKM Putih 370G,Rp12.610,12610.0
kental-manis,Indomilk SKM Putih 370G,Rp13.150,13150.0
kental-manis,INDOMILK KENTAL MANIS CREAMY ORIGINAL 260 GR - Hypermart,Rp9.620,9620.0
kental-manis,Frisian Flag Kental Manis Gold 370G,Rp26.400,26400.0
kental-manis,Frisian Flag Kental Manis Cokelat 370 Gram,Rp18.500,18500.0
kental-manis,FRISIAN FLAG SCM BENDERA KENTAL MANIS POUCH 535 GR,Rp20.000,20000.0
kental-manis,FRISIAN FLAG SCM BENDERA KENTAL MANIS POUCH 535 GR,Rp20.000,20000.0
kental-manis,FRISIAN FLAG SCM CAN GOLD 490 GR,Rp28.880,28880.0
kental-manis,Indomilk Skm Coklat 370G,Rp14.330,14330.0
kental-manis,Carnation Sweet Condensed Creamer 370G,Rp12.720,12720.0
kental-manis,INDOMILK KENTAL MANIS CREAMY ORIGINAL 260 GR,Rp9.620,9620.0
kental-manis,CAP ENAK SKM PTH 370 GR - SUSU KENTAL MANIS,Rp12.610,12610.0
kental-manis,BENDERA SCM BKM 370 GR - SUSU KENTAL MANIS,Rp13.360,13360.0
kental-manis,FRISIAN FLAG SCM POUCH CHOCO 280 GR,Rp11.350,11350.0
kental-manis,INDOMILK SKM SWISS CHOCO 545 GR - SUSU KENTAL MANIS,Rp18.180,18180.0
kental-manis,BENDERA SCM POUCH BKM 560 GR,Rp20.000,20000.0
kental-manis,FRISIAN FLAG SCM BENDERA KENTAL MANIS POUCH COKELAT 240 GR,Rp10.370,10370.0
kental-manis,CARNATION SWEET CONDENSED CREAMER 370g,Rp12.720,12720.0
kental-manis,FRISIAN FLAG SCM POUCH BKM 280 GR,Rp10.370,10370.0
kental-manis,Kental Manis Cap Enaak Plain Pouch 260Gr,Rp10.980,10980.0
kental-manis,Cap Enak SKM Putih 370G,Rp11.950,11950.0
kental-manis,CARNATION SWEET CONDENSED CREAMER 365 GR,Rp13.150,13150.0
kental-manis,Frisian Flag Omela Krimer Kental Manis Kaleng 480g,Rp15.200,15200.0
kental-manis,CAP ENAK SKM PTH 370 GR - SUSU KENTAL MANIS,Rp12.610,12610.0
kental-manis,BENDERA SCM POUCH CHO 560 GR - SUSU KENTAL MANIS,Rp20.000,20000.0
kental-manis,Indomilk Skm Coklat 370G,Rp13.150,13150.0
kental-manis,INDOMILK SKM PUTIH 370g,Rp14.330,14330.0
kental-manis,Carnation Sweet Condensed Creamer 370G,Rp12.190,12190.0
kental-manis,Bendera SKM Coklat 560G Pouch,Rp19.900,19900.0
kental-manis,Indomilk Skm Coklat 370G,Rp12.700,12700.0
kental-manis,ONYX FROSTY MANGKOK SALAD 4L F-1003F,Rp29.900,29900.0
kental-manis,Susu Kental Manis Indomilk Plain 37gr,Rp1.970,1970.0
kental-manis,FRISIAN FLAG SCM BENDERA KENTAL MANIS POUCH 535 GR,Rp20.000,20000.0
kental-manis,FRISIAN FLAG SCM BENDERA KENTAL MANIS POUCH 535 GR,Rp20.000,20000.0
kental-manis,ONYX FROSTY MANGKOK SALAD 4L F-1003F,Rp29.900,29900.0
kental-manis,INDOMILK KENTAL MANIS 560 GR,Rp19.250,19250.0
kental-manis,Carnation Sweet Condensed Creamer 370G,Rp12.720,12720.0
kental-manis,CAP ENAAK SKM PUTIH 370 GR,Rp12.610,12610.0
kental-manis,Indomilk Skm Coklat 370G,Rp14.330,14330.0
kental-manis,FRISIAN FLAG SCM BENDERA KENTAL MANIS POUCH 535 GR,Rp20.000,20000.0
kental-manis,Carnation Sweet Condensed Creamer 370G,Rp13.150,13150.0
kental-manis,CARNATION EVAPORASI 405 GR,Rp17.490,17490.0
kental-manis,FRISIAN FLAG SCM POUCH BKM 280 GR,Rp11.050,11050.0
kental-manis,Susu Kental Manis Indomilk Plain 37gr,Rp1.970,1970.0
kental-manis,Bendera SKM Coklat 560G Pouch,Rp21.070,21070.0
kental-manis,FRISIAN FLAG SCM POUCH CHOCO 545 GR,Rp21.070,21070.0
kental-manis,FRISIAN FLAG SCM POUCH BKM 280 GR,Rp10.290,10290.0
kental-manis,BENDERA SCM POUCH CHO 560 GR - SUSU KENTAL MANIS,Rp20.000,20000.0
kental-manis,2 Pcs - Susu Kental Manis Indomilk Plain 370G,Rp36.560,36560.0
kental-manis,Bendera SKM Coklat 560G Pouch,Rp21.600,21600.0
kental-manis,Indomilk Skm Coklat 370G,Rp14.330,14330.0
kental-manis,Indomilk SKM Putih 370G,Rp14.330,14330.0
kental-manis,Cap Enak SKM Putih 370G,Rp13.150,13150.0
kental-manis,FRISIAN FLAG SCM POUCH CHOCO 280 GR,Rp11.010,11010.0
kental-manis,FRISIAN FLAG SCM GOLD 370 GR,Rp19.680,19680.0
kental-manis,OMELA KRIMER 370 GR - KENTAL MANIS,Rp12.350,12350.0
kental-manis,Bendera SKM Putih Gold 370G,Rp19.050,19050.0
kental-manis,Omela Krimer Kental Manis 490 Gram,Rp21.000,21000.0
kental-manis,FRISIAN FLAG SCM POUCH CHOCO 280 GR,Rp10.300,10300.0
kental-manis,Bendera SKM Putih Gold 370G,Rp18.850,18850.0
kental-manis,Indomilk SKM Putih 370G,Rp12.610,12610.0
kental-manis,FRISIAN FLAG SCM POUCH BKM 280 GR,Rp10.690,10690.0
kental-manis,FRISIAN FLAG SCM POUCH BKM 280 GR,Rp11.350,11350.0
kental-manis,FRISIAN FLAG SCM POUCH BKM 280 GR,Rp11.350,11350.0
kental-manis,Indomilk SKM Putih 370G,Rp12.830,12830.0
kental-manis,Indomilk Skm Coklat 370G,Rp14.330,14330.0
kental-manis,FRISIAN FLAG SCM POUCH CHOCO 280 GR,Rp10.370,10370.0
kental-manis,BENDERA SCM POUCH BKM 560 GR,Rp20.000,20000.0
kental-manis,FRISIAN FLAG SCM GOLD 370 GR,Rp19.680,19680.0
kental-manis,Krimer Kental Manis Cap Enaak Plain 545Gr,Rp24.850,24850.0
kental-manis,BENDERA SCM CHOCOLATE 370 GR - SUSU KENTAL MANIS,Rp12.900,12900.0
kental-manis,2 PCS - Kental Manis Cap Enaak Plain Pouch 260Gr,Rp21.960,21960.0
kental-manis,Bendera SKM Kental Manis 560G Pouch,Rp21.070,21070.0
kental-manis,CARNATION SWEET CONDENSED CREAMER 370 GR,Rp13.360,13360.0
kental-manis,FRISIAN FLAG SCM POUCH CHOCO 280 GR,Rp10.900,10900.0
kental-manis,CARNATION EVAPORASI 405 GR,Rp17.490,17490.0
kental-manis,CARNATION EVAPORASI 405 GR - SUSU,Rp17.490,17490.0
kental-manis,FRISIAN FLAG SCM GOLD 370 GR,Rp19.680,19680.0
kental-manis,FRISIAN FLAG SCM POUCH BKM 280 GR,Rp10.370,10370.0
kental-manis,CAP ENAAK SKM PUTIH 370 GR,Rp12.610,12610.0
kental-manis,Indomilk Skm Coklat 370G,Rp13.150,13150.0
kental-manis,CAP ENAAK SKM PUTIH 370 GR,Rp12.830,12830.0
kental-manis,Indomilk SKM Putih 370G,Rp13.800,13800.0
kental-manis,BENDERA SCM BKM 370 GR,Rp13.680,13680.0
kental-manis,Indomilk Skm Coklat 370G,Rp13.580,13580.0
kental-manis,FRISIAN FLAG SCM GOLD 370 GR,Rp19.890,19890.0
kental-manis,FRISIAN FLAG SCM CAN GOLD 490 GR,Rp28.880,28880.0
kental-manis,CAP ENAAK KENTAL MANIS 545 GR,Rp20.320,20320.0
kental-manis,FRISIAN FLAG SCM POUCH BKM 545 GR,Rp21.070,21070.0
kental-manis,FRISIAN FLAG SCM POUCH CHOCO 280 GR,Rp10.300,10300.0
kental-manis,INDOMILK SKM COKLAT 370 GR - SUSU KENTAL MANIS,Rp12.510,12510.0
kental-manis,INDOMILK SKM PUTIH 370 GR - SUSU KENTAL MANIS,Rp12.720,12720.0
kental-manis,CARNATION EVAPORASI 405 GR,Rp17.490,17490.0
kental-manis,INDOMILK SCH PLAIN BD 6 X 37G,Rp8.980,8980.0
kental-manis,Bendera SKM Kental Manis 560G Pouch,Rp21.600,21600.0
kental-manis,FRISIAN FLAG SCM CAN GOLD 490 GR,Rp28.880,28880.0
kental-manis,FRISIAN FLAG SCM CHOCO 370 GR,Rp12.900,12900.0
kental-manis,FRISIAN FLAG SCM BENDERA KENTAL MANIS POUCH 535 GR,Rp20.000,20000.0
kental-manis,FRISIAN FLAG SCM BENDERA KENTAL MANIS POUCH 535 GR,Rp20.000,20000.0
kental-manis,ONYX FROSTY MANGKOK SALAD 4L F-1003F,Rp29.900,29900.0
kental-manis,INDOMILK KENTAL MANIS 560 GR,Rp19.250,19250.0
kental-manis,Carnation Sweet Condensed Creamer 370G,Rp12.720,12720.0
kental-manis,2 PCS - Krimer Kental Manis Cap Enaak Cokelat 545 G,Rp49.700,49700.0
kental-manis,FRISIAN FLAG SCM POUCH CHOCO 545 GR,Rp21.070,21070.0
kental-manis,BENDERA SCM BKM 370 GR,Rp13.680,13680.0
kental-manis,Carnation Sweet Condensed Creamer 370G,Rp13.360,13360.0
kental-manis,Bendera SKM Kental Manis 560G Pouch,Rp20.000,20000.0
kental-manis,CAP ENAAK SKM COKLAT 370g,Rp12.610,12610.0
kental-manis,FRISIAN FLAG SCM POUCH BKM 280 GR,Rp10.370,10370.0
kental-manis,BENDERA SKM COKLAT 560g POUCH,Rp20.000,20000.0
kental-manis,Indomilk Skm Coklat 370G,Rp12.510,12510.0
kental-manis,FRISIAN FLAG SCM CAN BKM 490 GR,Rp19.250,19250.0
kental-manis,CARNATION EVAPORASI 405 GR,Rp17.490,17490.0
kental-manis,Cap Enak SKM Putih 370G,Rp12.830,12830.0
kental-manis,2 PCS - Kental Manis Cap Enaak Choco Pouch 260Gr,Rp21.960,21960.0
kental-manis,FRISIAN FLAG SCM BENDERA KENTAL MANIS POUCH COKELAT 535 GR,Rp20.000,20000.0
kental-manis,Indomilk SKM Putih 370G,Rp13.150,13150.0
kental-manis,INDOMILK KENTAL MANIS CREAMY ORIGINAL 260 GR - Hypermart,Rp9.190,9190.0
kental-manis,INDOMILK KENTAL MANIS CREAMY ORIGINAL 260 GR - Hypermart,Rp9.620,9620.0
kental-manis,FRISIAN FLAG SCM POUCH CHOCO 280 GR,Rp9.620,9620.0
kental-manis,BENDERA SCM BKM 370 GR,Rp12.800,12800.0
kental-manis,INDOMILK SKM COKLAT 370 GR - SUSU KENTAL MANIS,Rp12.250,12250.0
kental-manis,Bendera SKM Coklat 560G Pouch,Rp20.000,20000.0
kental-manis,BENDERA SCM GOLD 370 GR - SUSU KENTAL MANIS,Rp19.680,19680.0
kental-manis,FRISIAN FLAG SCM CAN BKM 490 GR,Rp18.500,18500.0
kental-manis,Cap Enak SKM Putih 370G,Rp12.610,12610.0
kental-manis,INDOMILK KENTAL MANIS CREAMY ORIGINAL 260 GR,Rp9.620,9620.0
kental-manis,BENDERA SCM POUCH BKM 545GR - SUSU KENTAL MANIS,Rp20.000,20000.0
kental-manis,Indomilk Susu Kental Manis 545gr - Refill Jumbo,Rp25.000,25000.0
kental-manis,INDOMILK SKM PUTIH 370 GR - SUSU KENTAL MANIS,Rp12.720,12720.0
kental-manis,FRISIAN FLAG SCM BKM 370 GR,Rp13.360,13360.0
kental-manis,Carnation Sweet Condensed Creamer 370G,Rp12.600,12600.0
kental-manis,Bendera SKM Kental Manis Biru 370 G,Rp14.350,14350.0
kental-manis,FRISIAN FLAG SCM POUCH CHOCO 280 GR,Rp10.370,10370.0
kental-manis,Carnation Sweet Condensed Creamer 370G,Rp13.150,13150.0
kental-manis,2 Pcs - Kkm Tiga Sapi Plain Can 490 Gr,Rp37.180,37180.0
kental-manis,Cap Enak SKM Putih 370G,Rp12.610,12610.0
kental-manis,Carnation Sweet Condensed Creamer 370G,Rp13.150,13150.0
kental-manis,FRISIAN FLAG SCM BKM 370 GR,Rp13.360,13360.0
kental-manis,Carnation Sweet Condensed Creamer 370G,Rp13.360,13360.0
kental-manis,INDOMILK KENTAL MANIS 560 GR,Rp19.250,19250.0
kental-manis,Indomilk SKM Putih 370G,Rp12.830,12830.0
kental-manis,FRISIAN FLAG SCM POUCH GOLD 280 GR,Rp14.970,14970.0
kental-manis,[GRATIS TEH CELUP] Frisian Flag Bendera Kental Manis Cokelat Pouch 535g [2 Pcs],Rp53.600,53600.0
kental-manis,FRISIAN FLAG SCM BENDERA KENTAL MANIS POUCH 535 GR,Rp20.320,20320.0
kental-manis,INDOMILK KENTAL MANIS 560 GR,Rp18.820,18820.0
kental-manis,FRISIAN FLAG SCM POUCH BKM 280 GR,Rp11.120,11120.0
kental-manis,INDOMILK KENTAL MANIS CREAMY ORIGINAL 260 GR,Rp9.620,9620.0
kental-manis,FRISIAN FLAG SCM POUCH CHOCO 280 GR,Rp11.250,11250.0
kental-manis,INDOMILK SKM COKLAT 370 GR - SUSU KENTAL MANIS,Rp12.250,12250.0
kental-manis,Bendera SKM Kental Manis 560G Pouch,Rp21.070,21070.0
kental-manis,Bendera SKM Kental Manis 560G Pouch,Rp21.070,21070.0
kental-manis,Bendera SKM Kental Manis Biru 370 G,Rp14.220,14220.0
kental-manis,FRISIAN FLAG SCM BKM 370 GR,Rp13.360,13360.0
kental-manis,Bendera SKM Putih Gold 370G,Rp19.050,19050.0
kental-manis,Cap Enak SKM Putih 370G,Rp13.260,13260.0
kental-manis,INDOMILK KENTAL MANIS 545 GR,Rp18.450,18450.0
kental-manis,BENDERA SCM POUCH BKM 545GR - SUSU KENTAL MANIS,Rp19.300,19300.0
kental-manis,FRISIAN FLAG SCM POUCH BKM 280 GR,Rp10.370,10370.0
kental-manis,INDOMILK KENTAL MANIS 560 GR,Rp18.710,18710.0
kental-manis,CAP ENAAK SKM COKLAT 370G,Rp12.830,12830.0
kental-manis,Carnation Sweet Condensed Creamer 370G,Rp13.150,13150.0
kental-manis,INDOMILK KENTAL MANIS 560 GR,Rp19.250,19250.0
kental-manis,FRISIAN FLAG SCM BENDERA KENTAL MANIS POUCH 535 GR,Rp20.000,20000.0
kental-manis,FRISIAN FLAG SCM CHOCO 370 GR,Rp12.900,12900.0
kental-manis,Indomilk SKM Putih 370G,Rp12.510,12510.0
kental-manis,Indomilk SKM Putih 370G,Rp12.350,12350.0
kental-manis,Omela Krimer Kental Manis 370 Gram,Rp16.600,16600.0
kental-manis,OMELA KRIMER 370 GR,Rp13.900,13900.0
kental-manis,Indomilk Skm Coklat 370G,Rp12.720,12720.0
kental-manis,CAP ENAAK SKM COKLAT 370G,Rp11.950,11950.0
kental-manis,Indomilk SKM Putih 370G,Rp14.970,14970.0
kental-manis,INDOMILK SKM COKLAT 370g,Rp12.510,12510.0
kental-manis,Indomilk SKM Putih 370G,Rp12.720,12720.0
kental-manis,INDOMILK KENTAL MANIS 560 GR,Rp18.180,18180.0
kental-manis,Bendera SKM Coklat 560G Pouch,Rp20.000,20000.0
kental-manis,BENDERA SCM POUCH CHO 560 GR,Rp20.000,20000.0
kental-manis,BENDERA SCM POUCH BKM 545GR - SUSU KENTAL MANIS,Rp20.000,20000.0
kental-manis,FRISIAN FLAG SCM POUCH GOLD 280 GR,Rp14.970,14970.0
kental-manis,Carnation Sweet Condensed Creamer 370G,Rp13.470,13470.0
kental-manis,Bendera SKM Coklat 560G Pouch,Rp20.000,20000.0
kental-manis,FRISIAN FLAG SCM POUCH GOLD 280 GR,Rp14.860,14860.0
kental-manis,INDOMILK SKM SWISS CHOCO 545 GR - SUSU KENTAL MANIS,Rp18.500,18500.0
kental-manis,FRISIAN FLAG SCM POUCH BKM 280 GR,Rp10.690,10690.0
kental-manis,Indomilk Kental Manis Sachet 6X40 Gram,Rp11.700,11700.0
kental-manis,FRISIAN FLAG SCM BENDERA KENTAL MANIS POUCH COKELAT 240 GR,Rp10.370,10370.0
kental-manis,CAP ENAAK KENTAL MANIS 545 GR,Rp17.990,17990.0
kental-manis,FRISIAN FLAG SCM GOLD 370 GR,Rp19.680,19680.0
kental-manis,Bendera SKM Kental Manis 560G Pouch,Rp21.070,21070.0
kental-manis,Bendera SKM Kental Manis Biru 370 G,Rp14.350,14350.0
kental-manis,Indomilk Skm Coklat 370G,Rp13.150,13150.0
kental-manis,FRISIAN FLAG SCM POUCH BKM 280 GR,Rp10.300,10300.0
kental-manis,BENDERA SCM BKM 370 GR - SUSU KENTAL MANIS,Rp12.900,12900.0
kental-manis,FRISIAN FLAG SCM BKM 370 GR,Rp13.680,13680.0
kental-manis,FRISIAN FLAG SCM BKM 370 GR,Rp13.360,13360.0
kental-manis,Enaak Kental Manis Pouch 545 Gram,Rp24.200,24200.0
kental-manis,FRISIAN FLAG SCM CAN GOLD 490 GR,Rp29.950,29950.0
kental-manis,CARNATION EVAPORASI 405 GR,Rp17.490,17490.0
kental-manis,FRISIAN FLAG SCM POUCH BKM 280 GR,Rp10.290,10290.0
kental-manis,FRISIAN FLAG SCM BKM 370 GR,Rp12.900,12900.0
kental-manis,6 PCS - Indomilk Susu Kental Manis Plain 37gr,Rp12.480,12480.0
kental-manis,INDOMILK SKM COKLAT 370 GR - SUSU KENTAL MANIS,Rp12.720,12720.0
kental-manis,FRISIAN FLAG SCM BENDERA KENTAL MANIS POUCH 535 GR,Rp22.290,22290.0
kental-manis,CAP ENAAK KENTAL MANIS 545 GR,Rp16.990,16990.0
kental-manis,CAP ENAAK SKM PUTIH 370 GR,Rp12.610,12610.0
kental-manis,Cap Enak SKM Putih 370G,Rp13.580,13580.0
kental-manis,Bendera SKM Kental Manis Biru 370 G,Rp14.110,14110.0
kental-manis,CAP ENAAK KENTAL MANIS 545 GR,Rp19.250,19250.0
kental-manis,Tiga Sapi Plain 490 Gr Kental Manis,Rp19.440,19440.0
kental-manis,INDOMILK SKM COKLAT 370 GR - SUSU KENTAL MANIS,Rp12.250,12250.0
kental-manis,Krimer Kental Manis Cap Enaak Plain 545Gr,Rp25.990,25990.0
kental-manis,FRISIAN FLAG SCM BENDERA KENTAL MANIS POUCH 240 GR,Rp10.300,10300.0
kental-manis,Indomilk Skm Coklat 370G,Rp12.510,12510.0
kental-manis,CARNATION EVAPORASI 405 GR,Rp17.490,17490.0
kental-manis,ONYX FROSTY MANGKOK SALAD 4L F-1003F,Rp29.900,29900.0
kental-manis,Bendera SKM Kental Manis 560G Pouch,Rp19.900,19900.0
kental-manis,CAP ENAAK SKM COKLAT 370G,Rp12.610,12610.0
kental-manis,CAP ENAAK SKM COKLAT 370G,Rp12.610,12610.0
kental-manis,Indomilk SKM Putih 370G,Rp13.150,13150.0
kental-manis,BENDERA SCM GOLD 370 GR - SUSU KENTAL MANIS,Rp19.680,19680.0
kental-manis,Bendera SKM Kental Manis 560G Pouch,Rp20.000,20000.0
kental-manis,FRISIAN FLAG SCM GOLD 370 GR,Rp19.250,19250.0
kental-manis,FRISIAN FLAG SCM BENDERA KENTAL MANIS POUCH 535 GR,Rp20.000,20000.0
kental-manis,Cap Enak SKM Putih 370G,Rp12.610,12610.0
kental-manis,Bendera SKM Coklat 560G Pouch,Rp20.000,20000.0
kental-manis,Krimer Kental Manis Cap Enaak Choco 370gr,Rp17.280,17280.0
kental-manis,BENDERA SCM POUCH CHO 560 GR,Rp20.000,20000.0
kental-manis,INDOMILK KENTAL MANIS 560 GR,Rp19.250,19250.0
kental-manis,FRISIAN FLAG SCM BENDERA KENTAL MANIS POUCH 535 GR,Rp20.000,20000.0
kental-manis,FRISIAN FLAG SCM CHOCO 370 GR,Rp12.900,12900.0
kental-manis,Indomilk SKM Putih 370G,Rp12.510,12510.0
kental-manis,Indomilk SKM Putih 370G,Rp12.350,12350.0
kental-manis,BENDERA SCM POUCH CHO 560 GR,Rp20.000,20000.0
kental-manis,BENDERA SCM GOLD 370 GR - SUSU KENTAL MANIS,Rp19.680,19680.0
kental-manis,Frisian Flag Kental Manis 545gr - Susu Kental Manis Kemasan Pouch,Rp23.500,23500.0
kental-manis,BENDERA SCM GOLD 370 GR - SUSU KENTAL MANIS,Rp19.680,19680.0
kental-manis,Krimer Kental Manis Cap Enaak Choco 370gr,Rp17.280,17280.0
kental-manis,Cap Enak SKM Putih 370G,Rp13.260,13260.0
kental-manis,Indomilk Skm Coklat 370G,Rp13.800,13800.0
kental-manis,Bendera SKM Coklat 560G Pouch,Rp20.320,20320.0
kental-manis,FRISIAN FLAG SCM POUCH CHOCO 280 GR,Rp10.300,10300.0
kental-manis,FRISIAN FLAG SCM POUCH BKM 280 GR,Rp10.370,10370.0
kental-manis,CAP ENAAK KENTAL MANIS 545 GR,Rp19.250,19250.0
kental-manis,INDOMILK SKM PUTIH 370 GR - SUSU KENTAL MANIS,Rp12.720,12720.0
kental-manis,BENDERA SCM CHOCOLATE 370 GR - SUSU KENTAL MANIS,Rp13.360,13360.0
kental-manis,FRISIAN FLAG SCM BENDERA KENTAL MANIS POUCH 535 GR,Rp19.300,19300.0
kental-manis,FRISIAN FLAG SCM BENDERA KENTAL MANIS POUCH 240 GR,Rp10.370,10370.0
kental-manis,INDOMILK SKM SWISS CHOCO 545 GR - SUSU KENTAL MANIS,Rp18.180,18180.0
kental-manis,CARNATION SWEET CONDENSED CREAMER 365 GR,Rp13.150,13150.0
kental-manis,CARNATION SWEET CONDENSED CREAMER 365 GR,Rp13.360,13360.0
kental-manis,INDOMILK KENTAL MANIS 560 GR,Rp18.820,18820.0
kental-manis,INDOMILK KENTAL MANIS 560 GR,Rp18.820,18820.0
kental-manis,CARNATION EVAPORASI 405 GR - SUSU,Rp17.490,17490.0
kental-manis,Indomilk Susu Kental Manis Plain 370 Gr,Rp17.480,17480.0
kental-manis,Bendera SKM Kental Manis 560G Pouch,Rp21.070,21070.0
kental-manis,FRISIAN FLAG SCM BKM 370 GR,Rp13.360,13360.0
kental-manis,FRISIAN FLAG SCM BENDERA KENTAL MANIS POUCH COKELAT 535 GR,Rp20.320,20320.0
kental-manis,Bendera SKM Coklat 560G Pouch,Rp20.000,20000.0
kental-manis,CARNATION SWEET CONDENSED CREAMER 365 GR,Rp13.360,13360.0
kental-manis,BENDERA SCM POUCH BKM 545GR - SUSU KENTAL MANIS,Rp20.000,20000.0
kental-manis,Bendera Kental Manis Cokelat Sachet 6 X 40 G,Rp12.000,12000.0
kental-manis,2 PCS - Indomilk Susu Kental Manis Plain Pouch 545 Gr,Rp51.460,51460.0
kental-manis,Frisian Flag Bendera Kental Manis Cokelat Pouch 535g [3 Pcs],Rp60.100,60100.0
kental-manis,Bendera SKM Kental Manis 560G Pouch,Rp19.600,19600.0
kental-manis,Frisian Flag Bendera Kental Manis Gold Pouch 240g [3 Pcs],Rp65.100,65100.0
kental-manis,Indomilk Kental Manis Pouch 560 G,Rp25.400,25400.0
kental-manis,Frisian Flag Bendera Kental Manis Pouch 535g [3 Pcs],Rp60.100,60100.0
kental-manis,Nestle Carnation Krimer Kental Manis 488g x 3pcs,Rp53.760,53760.0
kental-manis,OMELA KRIMER 490 GR - KENTAL MANIS,Rp15.450,15450.0
kental-manis,Bendera SKM Kental Manis 560G Pouch,Rp20.000,20000.0
kental-manis,INDOMILK KENTAL MANIS 545 GR - SUSU KENTAL MANIS,Rp17.500,17500.0
kental-manis,Bendera SKM Coklat 560G Pouch,Rp20.530,20530.0
kental-manis,6 PCS - Indomilk Susu Kental Manis Plain 37gr,Rp11.820,11820.0
kental-manis,[PAKET HEMAT CARNATION] Carnation Kental Manis 365g + Carnation Susu Evaporasi 405g,Rp35.960,35960.0
kental-manis,FRISIAN FLAG SCM BENDERA KENTAL MANIS POUCH COKELAT 535 GR,Rp20.000,20000.0
kental-manis,CARNATION SWEET CONDENSED CREAMER 370 GR,Rp13.360,13360.0
kental-manis,Frisian Flag Bendera Kental Manis Cokelat Pouch 535g,Rp20.100,20100.0
kental-manis,BENDERA SCM POUCH BKM 545GR - SUSU KENTAL MANIS,Rp20.000,20000.0
kental-manis,INDOMILK KENTAL MANIS 545 GR - SUSU KENTAL MANIS,Rp18.180,18180.0
kental-manis,2 PCS - Indomilk Kental Manis Putih Small Pouch 260 Gr,Rp26.200,26200.0
kental-manis,Susu Kental Manis Indomilk Choco 37gr,Rp1.970,1970.0
kental-manis,INDOMILK SKM PUTIH 370 GR - SUSU KENTAL MANIS,Rp12.720,12720.0
kental-manis,Bendera SKM Coklat 560G Pouch,Rp20.000,20000.0
kental-manis,Nestle Carnation Krimer Kental Manis 488g,Rp19.280,19280.0
kental-manis,Bendera SKM Putih Gold 370G,Rp19.680,19680.0
kental-manis,INDOMILK SKM COKLAT 370 GR - SUSU KENTAL MANIS,Rp12.720,12720.0
kental-manis,FRISIAN FLAG SCM BENDERA KENTAL MANIS POUCH 535 GR,Rp20.640,20640.0
kental-manis,INDOMILK KENTAL MANIS 560 GR,Rp19.250,19250.0
kental-manis,Frisian Flag Bendera Kental Manis Pouch 535g [2 Pcs],Rp40.100,40100.0
kental-manis,CAP ENAAK SKM COKLAT 370G,Rp12.610,12610.0
kental-manis,Frisian Flag Omela Krimer Kental Manis Kaleng 480g [2 Pcs],Rp30.300,30300.0
kental-manis,FRISIAN FLAG SCM POUCH BKM 545 GR,Rp21.070,21070.0
kental-manis,ONYX FROSTY MANGKOK SALAD 4L F-1003F,Rp29.900,29900.0
kental-manis,Indomilk SKM Putih 370G,Rp12.510,12510.0
kental-manis,FRISIAN FLAG SCM POUCH CHOCO 280 GR,Rp10.370,10370.0
kental-manis,CARNATION SWEET CONDENSED CREAMER 365 GR,Rp12.600,12600.0
kental-manis,Indomilk SKM Putih 370G,Rp12.830,12830.0
kental-manis,Carnation Sweet Condensed Creamer 370G,Rp12.720,12720.0
kental-manis,Frisian Flag Bendera Kental Manis Full Cream Gold Kaleng 490g,Rp25.000,25000.0
kental-manis,Indomilk Susu Kental Manis Plain Pouch 545 Gr,Rp25.730,25730.0
kental-manis,Frisian Flag Bendera Kental Manis Gold Pouch 240g SFS,Rp21.700,21700.0
kental-manis,Bendera SKM Kental Manis 560G Pouch,Rp20.530,20530.0
kental-manis,Bendera SKM Coklat 560G Pouch,Rp21.070,21070.0
kental-manis,Frisian Flag Bendera Kental Manis Cokelat Pouch 535g [5 Pcs],Rp100.100,100100.0
kental-manis,CARNATION SWEET CONDENSED CREAMER 365 GR,Rp13.360,13360.0
kental-manis,CARNATION SWEET CONDENSED CREAMER 365 GR,Rp13.360,13360.0
kental-manis,Frisian Flag Bendera Kental Manis Cokelat Pouch 240g [6 Pcs],Rp60.700,60700.0
kental-manis,Frisian Flag Kental Manis Pouch Coklat 535 gr,Rp27.900,27900.0
kental-manis,FRISIAN FLAG SCM CAN GOLD 490 GR,Rp28.880,28880.0
kental-manis,FRISIAN FLAG SCM BENDERA KENTAL MANIS POUCH COKELAT 535 GR,Rp20.000,20000.0
kental-manis,Bendera SKM Coklat 560G Pouch,Rp20.530,20530.0
kental-manis,Bendera SKM Kental Manis 560G Pouch,Rp20.320,20320.0
kental-manis,OMELA KRIMER 490 GR,Rp16.040,16040.0
kental-manis,Bendera Kental Manis Sachet 6 X 40 G,Rp12.000,12000.0
kental-manis,FRISIAN FLAG SCM GOLD 370 GR,Rp19.680,19680.0
kental-manis,FRISIAN FLAG SCM BENDERA KENTAL MANIS POUCH 535 GR,Rp20.000,20000.0
kental-manis,CARNATION SWEET CONDENSED CREAMER 365 GR,Rp13.360,13360.0
kental-manis,Frisian Flag Bendera Kental Manis Pouch 535g,Rp20.100,20100.0
kental-manis,INDOMILK KENTAL MANIS 545 GR - SUSU KENTAL MANIS,Rp18.820,18820.0
kental-manis,CAP ENAAK SKM PUTIH 370 GR,Rp12.610,12610.0
kental-manis,BENDERA SCM POUCH BKM 545GR - SUSU KENTAL MANIS,Rp20.640,20640.0
kental-manis,FRISIAN FLAG SCM BENDERA KENTAL MANIS POUCH COKELAT 535 GR,Rp20.000,20000.0
kental-manis,Frisian Flag Bendera Kental Manis Cokelat Pouch 240g [3 Pcs],Rp30.400,30400.0
kental-manis,FRISIAN FLAG SCM GOLD 370 GR,Rp19.680,19680.0
kental-manis,Frisian Flag Bendera Kental Manis Gold Pouch 240g,Rp13.900,13900.0
kental-manis,CAP ENAAK SKM COKLAT 370G,Rp11.950,11950.0
kental-manis,INDOMILK SKM PUTIH 370 GR - SUSU KENTAL MANIS,Rp12.720,12720.0
kental-manis,INDOMILK KENTAL MANIS 545 GR - SUSU KENTAL MANIS,Rp19.460,19460.0
kental-manis,Frisian Flag Kental Manis Pouch 535 Gram,Rp27.900,27900.0
kental-manis,Indomilk Skm Coklat 370G,Rp12.510,12510.0
kental-manis,FRISIAN FLAG SCM BENDERA KENTAL MANIS POUCH COKELAT 240 GR,Rp10.300,10300.0
kental-manis,6 Pcs - Krimer Kental Manis Cap Enaak Plain Sachet,Rp11.040,11040.0
kental-manis,Susu Kental Manis Indomilk Plain 370 Gr,Rp18.280,18280.0
kental-manis,Frisian Flag Bendera Kental Manis Cokelat Pouch 240g,Rp10.200,10200.0
kental-manis,Frisian Flag Kental Manis Gold Pouch 280 Gram,Rp19.300,19300.0
kental-manis,FRISIAN FLAG SCM BENDERA KENTAL MANIS POUCH 240 GR,Rp12.390,12390.0
kental-manis,INDOMILK KENTAL MANIS 560 GR,Rp18.550,18550.0
kental-manis,Bendera SKM Kental Manis 560G Pouch,Rp20.000,20000.0
kental-manis,CAP ENAAK KENTAL MANIS 545 GR,Rp18.180,18180.0
kental-manis,Bendera SKM Coklat 560G Pouch,Rp21.070,21070.0
kental-manis,CAP ENAAK KENTAL MANIS 545 GR,Rp19.570,19570.0
kental-manis,CAP ENAAK SKM PUTIH 370 GR,Rp12.830,12830.0
kental-manis,Susu Kental Manis Indomilk Plain Pouch 260gr,Rp12.510,12510.0
kental-manis,CARNATION SWEET CONDENSED CREAMER 365 GR,Rp13.360,13360.0
kental-manis,FRISIAN FLAG SCM BENDERA KENTAL MANIS POUCH COKELAT 535 GR,Rp19.300,19300.0
kental-manis,CAP ENAAK SKM PUTIH 370 GR,Rp12.720,12720.0
kental-manis,Bendera SKM Kental Manis 560G Pouch,Rp21.070,21070.0
kental-manis,Bendera SKM Kental Manis 560G Pouch,Rp20.000,20000.0
kental-manis,FRISIAN FLAG SCM BENDERA KENTAL MANIS POUCH 240 GR,Rp10.370,10370.0
kental-manis,Frisian Flag Bendera Kental Manis Full Cream Gold Kaleng 490g [2 Pcs],Rp49.900,49900.0
kental-manis,INDOMILK SKM PUTIH 370 GR - SUSU KENTAL MANIS,Rp14.390,14390.0
kental-manis,FRISIAN FLAG SCM BENDERA KENTAL MANIS POUCH COKELAT 535 GR,Rp20.640,20640.0
kental-manis,INDOMILK KENTAL MANIS 545 GR - SUSU KENTAL MANIS,Rp18.180,18180.0
kental-manis,FRISIAN FLAG SCM POUCH BKM 280 GR,Rp11.350,11350.0
kental-manis,Indomilk Kental Manis Putih Small Pouch 260 Gr,Rp13.100,13100.0
kental-manis,Bendera SKM Coklat 560G Pouch,Rp21.070,21070.0
kental-manis,FRISIAN FLAG SCM BENDERA KENTAL MANIS POUCH COKELAT 535 GR,Rp20.000,20000.0
kental-manis,ONYX FROSTY MANGKOK SALAD 4L F-1003F,Rp29.900,29900.0
kental-manis,Indomilk SKM Putih 370G,Rp12.510,12510.0
kental-manis,FRISIAN FLAG SCM POUCH CHOCO 280 GR,Rp10.370,10370.0
kental-manis,CARNATION SWEET CONDENSED CREAMER 365 GR,Rp12.600,12600.0
kental-manis,Indomilk SKM Putih 370G,Rp12.830,12830.0
kental-manis,Bendera Susu Kental Manis 370 Gram Kemasan Kaleng,Rp18.500,18500.0
kental-manis,Cap Enaak Susu Kental Manis Putih Kaleng 370 gram,Rp16.300,16300.0
kental-manis,FRISIAN FLAG SCM BENDERA KENTAL MANIS POUCH COKELAT 535 GR,Rp20.000,20000.0
kental-manis,[JATIMJATENG] CARNATION Kental Manis 365g x6pcs,Rp84.360,84360.0
kental-manis,Bendera Susu Kental Manis Cokelat 370 Gram,Rp18.500,18500.0
kental-manis,Bendera SKM Kental Manis 560G Pouch,Rp20.000,20000.0
kental-manis,Carnation Sweet Condensed Creamer 370G,Rp13.150,13150.0
kental-manis,CARNATION SWEET CONDENSED CREAMER 365 GR,Rp13.360,13360.0
kental-manis,FRISIAN FLAG SCM BENDERA KENTAL MANIS POUCH COKELAT 240 GR,Rp10.370,10370.0
kental-manis,Carnation Sweet Condensed Creamer 370G,Rp12.720,12720.0
kental-manis,INDOMILK KENTAL MANIS 545 GR - SUSU KENTAL MANIS,Rp19.890,19890.0
kental-manis,CAP ENAAK SKM PUTIH 370 GR,Rp11.990,11990.0
kental-manis,[GRATIS TEH CELUP] Frisian Flag Bendera Kental Manis Gold Pouch 240g [2 Pcs],Rp29.000,29000.0
kental-manis,Bendera SKM Kental Manis 560G Pouch,Rp20.100,20100.0
kental-manis,INDOMILK SKM Kental Manis 370 gr,Rp18.400,18400.0
kental-manis,Indomilk Skm Coklat 370G,Rp12.830,12830.0
kental-manis,FRISIAN FLAG SCM CAN GOLD 490 GR,Rp28.880,28880.0
kental-manis,F&N EVAPORATED MILK 380 GR,Rp22.990,22990.0
kental-manis,Indomilk Kental Manis 370 Gram,Rp17.300,17300.0
kental-manis,CAP ENAAK SKM PUTIH 370 GR,Rp12.610,12610.0
kental-manis,INDOMILK SKM PUTIH 370 GR - SUSU KENTAL MANIS,Rp12.720,12720.0
kental-manis,FRISIAN FLAG SCM BENDERA KENTAL MANIS POUCH 240 GR,Rp10.370,10370.0
kental-manis,INDOMILK SKM COKLAT 370 GR - SUSU KENTAL MANIS,Rp12.720,12720.0
kental-manis,Indomilk SKM Putih 370G,Rp12.830,12830.0
kental-manis,INDOMILK SKM PUTIH 370 GR - SUSU KENTAL MANIS,Rp12.720,12720.0
kental-manis,INDOMILK SKM COKLAT 370 GR - SUSU KENTAL MANIS,Rp12.610,12610.0
kental-manis,CAP ENAAK SKM PUTIH 370 GR,Rp12.610,12610.0
kental-manis,CARNATION SWEET CONDENSED CREAMER 365 GR,Rp12.720,12720.0
kental-manis,INDOMILK SKM PUTIH 370 GR - SUSU KENTAL MANIS,Rp12.250,12250.0
kental-manis,Carnation Sweet Condensed Creamer 370G,Rp12.720,12720.0
kental-manis,BENDERA SCM POUCH CHO 560 GR - SUSU KENTAL MANIS,Rp20.640,20640.0
kental-manis,Indomilk Skm Coklat 370G,Rp14.330,14330.0
kental-manis,2 PCS - Krimer Kental Manis Cap Enaak Plain 545Gr,Rp49.700,49700.0
kental-manis,BENDERA SKM KENTAL MANIS 560g POUCH,Rp20.000,20000.0
kental-manis,FRISIAN FLAG SCM GOLD 370 GR,Rp19.680,19680.0
kental-manis,FRISIAN FLAG SCM CAN GOLD 490 GR,Rp26.600,26600.0
kental-manis,FRISIAN FLAG SCM POUCH BKM 280 GR,Rp10.370,10370.0
kental-manis,Indomilk Skm Coklat 370G,Rp11.950,11950.0
kental-manis,CAP ENAAK SKM COKLAT 370G,Rp12.610,12610.0
kental-manis,FRISIAN FLAG SCM BENDERA KENTAL MANIS POUCH COKELAT 535 GR,Rp20.000,20000.0
kental-manis,Bendera SKM Kental Manis 560G Pouch,Rp20.000,20000.0
kental-manis,FRISIAN FLAG SCM POUCH BKM 280 GR,Rp10.370,10370.0
kental-manis,FRISIAN FLAG SCM POUCH CHOCO 280 GR,Rp10.370,10370.0
kental-manis,INDOMILK SKM COKLAT 370 GR - SUSU KENTAL MANIS,Rp12.720,12720.0
kental-manis,CARNATION SWEET CONDENSED CREAMER 365 GR,Rp12.720,12720.0
kental-manis,Indomilk SKM Putih 370G,Rp14.330,14330.0
kental-manis,CAP ENAAK KENTAL MANIS 545 GR,Rp19.250,19250.0
kental-manis,Susu Kental Manis/Coklat/Gold Bendera (6 Sachets) - Coklat,Rp10.500,10500.0
kental-manis,INDOMILK KENTAL MANIS CREAMY ORIGINAL 260 GR - Hypermart,Rp10.050,10050.0
kental-manis,FRISIAN FLAG SCM POUCH CHOCO 280 GR,Rp11.350,11350.0
kental-manis,FRISIAN FLAG SCM POUCH CHOCO 280 GR,Rp10.370,10370.0
kental-manis,CARNATION EVAPORASI 405 GR,Rp16.490,16490.0
kental-manis,OMELA KRIMER 490 GR - KENTAL MANIS,Rp16.890,16890.0
kental-manis,FRISIAN FLAG SCM POUCH CHOCO 280 GR,Rp11.010,11010.0
kental-manis,Bendera SKM Coklat 560G Pouch,Rp21.070,21070.0
kental-manis,Bendera SKM Coklat 560G Pouch,Rp20.320,20320.0
kental-manis,INDOMILK SKM COKLAT 370 GR - SUSU KENTAL MANIS,Rp13.150,13150.0
kental-manis,INDOMILK KENTAL MANIS 560 GR,Rp18.450,18450.0
kental-manis,Indomilk Skm Coklat 370G,Rp14.330,14330.0
kental-manis,CARNATION SWEET CONDENSED CREAMER 365 GR,Rp13.680,13680.0
kental-manis,CARNATION SWEET CONDENSED CREAMER 365 GR,Rp12.600,12600.0
kental-manis,INDOMILK SKM COKLAT 370 GR - SUSU KENTAL MANIS,Rp12.250,12250.0
kental-manis,FRISIAN FLAG SCM POUCH BKM 280 GR,Rp10.900,10900.0
kental-manis,BENDERA SCM POUCH CHO 560 GR - SUSU KENTAL MANIS,Rp20.000,20000.0
kental-manis,FRISIAN FLAG SCM BKM 370 GR,Rp13.360,13360.0
kental-manis,FRISIAN FLAG SCM POUCH CHOCO 280 GR,Rp11.350,11350.0
kental-manis,Bendera SKM Kental Manis Biru 370 G,Rp13.360,13360.0
kental-manis,INDOMILK KENTAL MANIS CREAMY ORIGINAL 260 GR - Hypermart,Rp10.370,10370.0
kental-manis,FRISIAN FLAG SCM CAN GOLD 490 GR,Rp28.880,28880.0
kental-manis,ONYX FROSTY MANGKOK SALAD 4L F-1003F,Rp25.590,25590.0
kental-manis,INDOMILK SKM COKLAT 370g,Rp14.330,14330.0
kental-manis,FRISIAN FLAG SCM POUCH BKM 280 GR,Rp11.010,11010.0
kental-manis,INDOMILK SCH PLAIN BD 6 X 37G,Rp8.190,8190.0
kental-manis,FRISIAN FLAG SCM POUCH GOLD 280 GR,Rp17.430,17430.0
kental-manis,FRISIAN FLAG SCM CAN CHOCO 490 GR,Rp19.250,19250.0
kental-manis,FRISIAN FLAG SCM POUCH CHOCO 280 GR,Rp11.120,11120.0
kental-manis,INDOMILK SCH PLAIN BD 6 X 37G,Rp9.300,9300.0
kental-manis,OMELA KRIMER 370 GR - KENTAL MANIS,Rp13.900,13900.0
kental-manis,FRISIAN FLAG SCM POUCH CHOCO 280 GR,Rp10.370,10370.0
kental-manis,Bendera SKM Kental Manis Biru 370 G,Rp14.540,14540.0
kental-manis,FRISIAN FLAG SCM CAN BKM 490 GR,Rp19.250,19250.0
kental-manis,4 Pcs - Yogurt Indomilk Kids Strawberry Pouch 70 Gr,Rp31.880,31880.0
kental-manis,2 Pcs - Susu Kental Manis Indomilk Choco 370Gr,Rp36.560,36560.0
kental-manis,FRISIAN FLAG SCM POUCH BKM 545 GR,Rp21.070,21070.0
kental-manis,Bendera SKM Coklat 375 370G,Rp13.600,13600.0
kental-manis,BENDERA SCM BKM 370 GR - SUSU KENTAL MANIS,Rp12.900,12900.0
kental-manis,Carnation Sweet Condensed Creamer 370G,Rp13.360,13360.0
kental-manis,FRISIAN FLAG SCM POUCH GOLD 280 GR,Rp16.890,16890.0
kental-manis,INDOMILK SKM COKLAT 370 GR - SUSU KENTAL MANIS,Rp11.890,11890.0
kental-manis,CAP ENAAK SCH PLAIN BD 6 X 37G,Rp8.750,8750.0
kental-manis,6 Pcs - Krimer Kental Manis Cap Enaak Choco Sachet,Rp11.520,11520.0
kental-manis,CAP ENAAK SKM PUTIH 370 GR,Rp12.830,12830.0
kental-manis,BENDERA SKM PUTIH GOLD 375 370g,Rp17.890,17890.0
kental-manis,FRISIAN FLAG SCM POUCH BKM 545 GR,Rp20.960,20960.0
kental-manis,FRISIAN FLAG SCM CAN CHOCO 490 GR,Rp17.300,17300.0
kental-manis,FRISIAN FLAG SCM BENDERA KENTAL MANIS POUCH COKELAT 240 GR,Rp10.300,10300.0
kental-manis,CARNATION SWEET CONDENSED CREAMER 365 GR,Rp13.470,13470.0
kental-manis,Bendera SKM Putih Gold 370G,Rp19.890,19890.0
kental-manis,FRISIAN FLAG SCM CAN CHOCO 490 GR,Rp19.250,19250.0
kental-manis,Bendera SKM Coklat 375 370G,Rp14.350,14350.0
kental-manis,Carnation Sweet Condensed Creamer 370G,Rp12.350,12350.0
kental-manis,OMELA KRIMER 370 GR,Rp13.900,13900.0
kental-manis,OMELA KRIMER 370 GR,Rp13.900,13900.0
kental-manis,FRISIAN FLAG SCM CAN CHOCO 490 GR,Rp17.300,17300.0
kental-manis,FRISIAN FLAG SCM POUCH BKM 545 GR,Rp20.960,20960.0
kental-manis,Bendera SKM Putih Gold 370G,Rp19.890,19890.0
kental-manis,2 Pcs - Susu Kental Manis Indomilk Plain 370G,Rp34.960,34960.0
kental-manis,FRISIAN FLAG SCM POUCH CHOCO 545 GR,Rp20.960,20960.0
kental-manis,FRISIAN FLAG SCM GOLD 370 GR,Rp19.890,19890.0
kental-manis,Bendera SKM Kental Manis Biru 370 G,Rp14.540,14540.0
kental-manis,FRISIAN FLAG SCM CAN BKM 490 GR,Rp18.180,18180.0
kental-manis,INDOMILK SKM COKLAT 370 GR - SUSU KENTAL MANIS,Rp12.250,12250.0
kental-manis,FRISIAN FLAG SCM BENDERA KENTAL MANIS POUCH COKELAT 240 GR,Rp12.390,12390.0
kental-manis,BENDERA SCM CHOCOLATE 370 GR - SUSU KENTAL MANIS,Rp12.490,12490.0
kental-manis,FRISIAN FLAG SCM POUCH BKM 280 GR,Rp11.350,11350.0
kental-manis,FRISIAN FLAG SCM CHOCO 370 GR,Rp14.540,14540.0
kental-manis,Susu Kental Manis Indomilk Plain 37gr,Rp2.080,2080.0
kental-manis,Carnation Sweet Condensed Creamer 370G,Rp12.720,12720.0
kental-manis,FRISIAN FLAG SCM POUCH CHOCO 545 GR,Rp20.960,20960.0
kental-manis,FRISIAN FLAG SCM POUCH BKM 280 GR,Rp10.690,10690.0
kental-manis,CTN - Indomilk Kental Manis Putih Small Pouch 260 Gr,Rp314.400,314400.0
kental-manis,CAP ENAAK SCH PLAIN BD 6 X 37G,Rp9.300,9300.0
kental-manis,FRISIAN FLAG SCM CAN BKM 490 GR,Rp16.790,16790.0
kental-manis,Bendera SKM Coklat 560G Pouch,Rp21.070,21070.0
kental-manis,FRISIAN FLAG SCM POUCH CHOCO 280 GR,Rp11.440,11440.0
kental-manis,CARNATION SWEET CONDENSED CREAMER 365 GR,Rp12.600,12600.0
kental-manis,INDOMILK SKM COKLAT 370 GR - SUSU KENTAL MANIS,Rp12.250,12250.0
kental-manis,FRISIAN FLAG SCM POUCH BKM 280 GR,Rp10.900,10900.0
kental-manis,BENDERA SCM POUCH CHO 560 GR - SUSU KENTAL MANIS,Rp20.000,20000.0
kental-manis,FRISIAN FLAG SCM BKM 370 GR,Rp13.360,13360.0
kental-manis,FRISIAN FLAG SCM POUCH CHOCO 280 GR,Rp10.370,10370.0
kental-manis,FRISIAN FLAG SCM POUCH CHOCO 545 GR,Rp20.960,20960.0
kental-manis,Bendera SKM Putih Gold 370G,Rp19.890,19890.0
kental-manis,FRISIAN FLAG SCM CAN BKM 490 GR,Rp19.250,19250.0
kental-manis,CAP ENAAK SCH PLAIN BD 6 X 37G,Rp9.300,9300.0
kental-manis,FRISIAN FLAG SCM POUCH BKM 280 GR,Rp10.370,10370.0
kental-manis,BENDERA SCM GOLD 370 GR,Rp19.150,19150.0
kental-manis,BENDERA SCM BKM 370 GR,Rp12.800,12800.0
kental-manis,CAP ENAAK SKM COKLAT 370G,Rp12.610,12610.0
kental-manis,2 Pcs - Skm Cap Enaak Plain Can,Rp33.060,33060.0
kental-manis,CAP ENAAK SKM PUTIH 370 GR,Rp11.750,11750.0
kental-manis,FRISIAN FLAG SCM GOLD 370 GR,Rp18.850,18850.0
kental-manis,4 Pcs - Yogurt Indomilk Kids Original Pouch 70 Gr,Rp31.880,31880.0
kental-manis,OMELA KRIMER 490 GR,Rp15.500,15500.0
kental-manis,2 Pcs - Kkm Tiga Sapi Plain Can 490 Gr,Rp38.880,38880.0
kental-manis,Krimer Kental Manis Cap Enaak Cokelat 545 G,Rp25.990,25990.0
kental-manis,FRISIAN FLAG SCM CAN CHOCO 490 GR,Rp19.250,19250.0
kental-manis,Indomilk SKM Putih 370G,Rp14.330,14330.0
kental-manis,Krimer Kental Manis Cap Enaak Choco 370Gr,Rp16.530,16530.0
kental-manis,CAP ENAAK SCH PLAIN BD 6 X 37G,Rp9.300,9300.0
kental-manis,FRISIAN FLAG SCM POUCH CHOCO 545 GR,Rp21.070,21070.0
kental-manis,INDOMILK KENTAL MANIS CREAMY ORIGINAL 260 GR - Hypermart,Rp8.980,8980.0
kental-manis,CAP ENAAK SKM PUTIH 370 GR,Rp12.610,12610.0
kental-manis,FRISIAN FLAG SCM CAN BKM 490 GR,Rp18.500,18500.0
kental-manis,FRISIAN FLAG SCM POUCH CHOCO 545 GR,Rp21.070,21070.0
kental-manis,FRISIAN FLAG SCM POUCH GOLD 280 GR,Rp14.970,14970.0
kental-manis,FRISIAN FLAG SCM CAN BKM 490 GR,Rp19.250,19250.0
kental-manis,CAP ENAAK SCH PLAIN BD 6 X 37G,Rp9.300,9300.0
kental-manis,FRISIAN FLAG SCM POUCH GOLD 280 GR,Rp14.350,14350.0
kental-manis,OMELA KRIMER 370 GR,Rp13.900,13900.0
kental-manis,Susu Kental Manis Indomilk Choco 37gr,Rp2.080,2080.0
kental-manis,FRISIAN FLAG SCM POUCH CHOCO 280 GR,Rp11.120,11120.0
kental-manis,FRISIAN FLAG SCM CAN CHOCO 490 GR,Rp19.250,19250.0
kental-manis,CAP ENAAK SKM PUTIH 370 GR,Rp14.220,14220.0
kental-manis,2 PCS - Indomilk Kental Manis Putih Small Pouch 260 Gr,Rp25.020,25020.0
kental-manis,Indomilk SKM Putih 370G,Rp13.150,13150.0
kental-manis,FRISIAN FLAG SCM POUCH CHOCO 280 GR,Rp11.250,11250.0
kental-manis,Bendera SKM Putih Gold 370G,Rp18.850,18850.0
kental-manis,Indomilk Skm Coklat 370G,Rp12.250,12250.0
kental-manis,CAP ENAAK KENTAL MANIS 545 GR,Rp19.250,19250.0
kental-manis,INDOMILK SKM PUTIH 370g,Rp13.470,13470.0
kental-manis,Cap Enak SKM Putih 370G,Rp12.610,12610.0
kental-manis,FRISIAN FLAG SCM POUCH GOLD 280 GR,Rp14.970,14970.0
kental-manis,FRISIAN FLAG SCM CAN CHOCO 490 GR,Rp16.790,16790.0
kental-manis,ONYX FROSTY MANGKOK SALAD 4L F-1003F,Rp32.950,32950.0
kental-manis,FRISIAN FLAG SCM CAN CHOCO 490 GR,Rp19.250,19250.0
kental-manis,FRISIAN FLAG SCM CAN GOLD 490 GR,Rp25.650,25650.0
kental-manis,FRISIAN FLAG SCM POUCH CHOCO 280 GR,Rp10.690,10690.0
kental-manis,FRISIAN FLAG SCM POUCH CHOCO 545 GR,Rp21.070,21070.0
kental-manis,INDOMILK KENTAL MANIS CREAMY ORIGINAL 260 GR - Hypermart,Rp10.150,10150.0
kental-manis,FRISIAN FLAG SCM BKM 370 GR,Rp13.680,13680.0
kental-manis,2 Pcs - Susu Kental Manis Indomilk Choco 370Gr,Rp34.960,34960.0
kental-manis,Indomilk SKM Putih 370G,Rp11.760,11760.0
kental-manis,CAP ENAAK SCH PLAIN BD 6 X 37G,Rp9.300,9300.0
kental-manis,FRISIAN FLAG SCM CAN GOLD 490 GR,Rp25.890,25890.0
kental-manis,FRISIAN FLAG SCM POUCH BKM 280 GR,Rp9.990,9990.0
kental-manis,FRISIAN FLAG SCM POUCH BKM 545 GR,Rp21.600,21600.0
kental-manis,Carnation Sweet Condensed Creamer 370G,Rp12.350,12350.0
kental-manis,FRISIAN FLAG SCM POUCH GOLD 280 GR,Rp14.970,14970.0
kental-manis,CAP ENAAK SCH PLAIN BD 6 X 37G,Rp9.300,9300.0
kental-manis,FRISIAN FLAG SCM POUCH CHOCO 280 GR,Rp10.370,10370.0
kental-manis,FRISIAN FLAG SCM BENDERA KENTAL MANIS POUCH 535 GR,Rp20.000,20000.0
kental-manis,FRISIAN FLAG SCM BENDERA KENTAL MANIS POUCH 535 GR,Rp20.000,20000.0
kental-manis,FRISIAN FLAG SCM BKM 370 GR,Rp13.360,13360.0
kental-manis,Susu Kental Manis Indomilk Choco 370Gr,Rp18.280,18280.0
kental-manis,6 Pcs - Krimer Kental Manis Cap Enaak Plain Sachet,Rp11.520,11520.0
kental-manis,CAP ENAAK SCH PLAIN BD 6 X 37G,Rp9.300,9300.0
kental-manis,ONYX FROSTY MANGKOK SALAD 4L F-1003F,Rp29.900,29900.0
kental-manis,ONYX FROSTY MANGKOK SALAD 4L F-1003F,Rp28.990,28990.0
kental-manis,Indomilk SKM Putih 370G,Rp14.970,14970.0
kental-manis,Bendera SKM Coklat 375 370G,Rp14.540,14540.0
kental-manis,FRISIAN FLAG SCM POUCH GOLD 280 GR,Rp14.970,14970.0
kental-manis,FRISIAN FLAG SCM CAN BKM 490 GR,Rp19.250,19250.0
kental-manis,Indomilk SKM Putih 370G,Rp13.150,13150.0
kental-manis,FRISIAN FLAG SCM POUCH GOLD 280 GR,Rp15.150,15150.0
kental-manis,FRISIAN FLAG SCM CAN GOLD 490 GR,Rp25.650,25650.0
kental-manis,FRISIAN FLAG SCM POUCH GOLD 280 GR,Rp14.390,14390.0
kental-manis,FRISIAN FLAG SCM GOLD 370 GR,Rp18.290,18290.0
kental-manis,INDOMILK SKM PUTIH 370 GR - SUSU KENTAL MANIS,Rp12.510,12510.0
kental-manis,FRISIAN FLAG SCM CAN CHOCO 490 GR,Rp18.500,18500.0
kental-manis,CARNATION SWEET CONDENSED CREAMER 365 GR,Rp13.470,13470.0
kental-manis,Bendera SKM Putih Gold 370G,Rp19.460,19460.0
kental-manis,CARNATION SWEET CONDENSED CREAMER 370g,Rp13.360,13360.0
kental-manis,Indomilk Skm Coklat 370G,Rp13.150,13150.0
kental-manis,INDOMILK SKM SWISS CHOCO 545 GR - SUSU KENTAL MANIS,Rp16.990,16990.0
kental-manis,Frisian Flag Bendera Kental Manis Cokelat Pouch 535g SFS,Rp26.700,26700.0
kental-manis,INDOMILK SKM COKLAT 370g,Rp12.720,12720.0
kental-manis,OMELA KRIMER 370 GR,Rp13.900,13900.0
kental-manis,2 PCS - Krimer Kental Manis Cap Enaak Choco 370Gr,Rp33.060,33060.0
kental-manis,INDOMILK SKM COKLAT 370 GR - SUSU KENTAL MANIS,Rp12.510,12510.0
kental-manis,INDOMILK SCH PLAIN BD 6 X 37G,Rp8.190,8190.0
kental-manis,OMELA KRIMER 370 GR,Rp13.900,13900.0
kental-manis,FRISIAN FLAG SCM CAN GOLD 490 GR,Rp28.880,28880.0
kental-manis,BENDERA SCM BKM 370 GR,Rp13.680,13680.0
kental-manis,CAP ENAAK SKM COKLAT 370 GR - SUSU KENTAL MANIS,Rp12.610,12610.0
kental-manis,Indomilk Skm Coklat 370G,Rp12.720,12720.0
kental-manis,ONYX FROSTY MANGKOK SALAD 4L F-1003F,Rp30.900,30900.0
kental-manis,OMELA KRIMER 370 GR,Rp12.350,12350.0
kental-manis,CAP ENAAK KENTAL MANIS 545 GR,Rp20.320,20320.0
kental-manis,CAP ENAAK SKM PUTIH 370 GR,Rp12.830,12830.0
kental-manis,FRISIAN FLAG SCM CAN CHOCO 490 GR,Rp19.250,19250.0
kental-manis,INDOMILK KENTAL MANIS CREAMY ORIGINAL 260 GR - Hypermart,Rp9.620,9620.0
kental-manis,CAP ENAAK KENTAL MANIS 545 GR,Rp18.550,18550.0
kental-manis,INDOMILK SCH PLAIN BD 6 X 37G,Rp9.000,9000.0
kental-manis,[GRATIS TEH CELUP] Frisian Flag Bendera Kental Manis Pouch 535g [2 Pcs],Rp53.600,53600.0
kental-manis,Indomilk Skm Coklat 370G,Rp14.330,14330.0
kental-manis,Etawafood Susu kambing Susu bubuk,Rp120.000,120000.0
kental-manis,CAP ENAAK SCH PLAIN BD 6 X 37G,Rp9.510,9510.0
kental-manis,INDOMILK SCH PLAIN BD 6 X 37G,Rp9.300,9300.0
kental-manis,CAP ENAAK SKM COKLAT 370G,Rp12.610,12610.0
kental-manis,FRISIAN FLAG SCM POUCH GOLD 280 GR,Rp14.970,14970.0
kental-manis,CAP ENAAK KENTAL MANIS 545 GR,Rp17.990,17990.0
kental-manis,FRISIAN FLAG SCM CAN CHOCO 490 GR,Rp19.250,19250.0
kental-manis,FRISIAN FLAG SCM CHOCO 370 GR,Rp14.220,14220.0
kental-manis,FRISIAN FLAG SCM POUCH GOLD 280 GR,Rp15.450,15450.0
kental-manis,CARNATION SWEET CONDENSED CREAMER 365 GR,Rp12.830,12830.0
kental-manis,CAP ENAAK SKM PUTIH 370 GR,Rp11.760,11760.0
kental-manis,FRISIAN FLAG SCM POUCH CHOCO 545 GR,Rp21.600,21600.0
kental-manis,BENDERA SKM PUTIH GOLD 375 370g,Rp18.190,18190.0
kental-manis,[GRATIS TEH CELUP] Frisian Flag Bendera Kental Manis Cokelat Pouch 240g [3 Pcs],Rp47.100,47100.0
kental-manis,INDOMILK KENTAL MANIS CREAMY ORIGINAL 260 GR - Hypermart,Rp9.830,9830.0
kental-manis,OMELA KRIMER 370 GR - KENTAL MANIS,Rp13.900,13900.0
kental-manis,FRISIAN FLAG SCM POUCH CHOCO 280 GR,Rp10.300,10300.0
kental-manis,FRISIAN FLAG SCM CAN BKM 490 GR,Rp19.250,19250.0
kental-manis,OMELA KRIMER 370 GR,Rp13.900,13900.0
kental-manis,FRISIAN FLAG SCM POUCH CHOCO 280 GR,Rp10.370,10370.0
kental-manis,FRISIAN FLAG SCM BENDERA KENTAL MANIS POUCH 535 GR,Rp20.000,20000.0
kental-manis,FRISIAN FLAG SCM BENDERA KENTAL MANIS POUCH 535 GR,Rp20.000,20000.0
kental-manis,FRISIAN FLAG SCM BKM 370 GR,Rp13.360,13360.0
kental-manis,Susu Kental Manis Indomilk Choco 370Gr,Rp18.280,18280.0
kental-manis,BENDERA SCM BKM 370 GR - SUSU KENTAL MANIS,Rp13.360,13360.0
kental-manis,CAP ENAK SKM PTH 370 GR - SUSU KENTAL MANIS,Rp11.950,11950.0
kental-manis,Cap Enak SKM Putih 370G,Rp12.830,12830.0
kental-manis,INDOMILK KENTAL MANIS CREAMY ORIGINAL 260 GR - Hypermart,Rp10.150,10150.0
kental-manis,Bendera SKM Putih Gold 370G,Rp18.550,18550.0
kental-manis,CARNATION SWEET CONDENSED CREAMER 370 GR,Rp11.750,11750.0
kental-manis,Susu Kental Manis Indomilk Choco 370Gr,Rp17.480,17480.0
kental-manis,INDOMILK Susu Kental Manis Putih Pouch 260ml,Rp13.000,13000.0
kental-manis,FRISIAN FLAG SCM POUCH GOLD 280 GR,Rp14.350,14350.0
kental-manis,FRISIAN FLAG SCM POUCH GOLD 280 GR,Rp14.970,14970.0
kental-manis,FRISIAN FLAG SCM CAN CHOCO 490 GR,Rp18.500,18500.0
kental-manis,FRISIAN FLAG SCM CAN GOLD 490 GR,Rp28.880,28880.0
kental-manis,Indomilk Sachet 6 x 37gr - Susu Kental Manis Renteng,Rp12.500,12500.0
kental-manis,FRISIAN FLAG SCM POUCH BKM 280 GR,Rp11.120,11120.0
kental-manis,FRISIAN FLAG SCM CHOCO 370 GR,Rp14.890,14890.0
kental-manis,FRISIAN FLAG SCM POUCH CHOCO 280 GR,Rp11.010,11010.0
kental-manis,FRISIAN FLAG SCM POUCH BKM 280 GR,Rp11.010,11010.0
kental-manis,FRISIAN FLAG SCM CHOCO 370 GR,Rp14.110,14110.0
kental-manis,FRISIAN FLAG SCM CAN CHOCO 490 GR,Rp19.250,19250.0
kental-manis,CAP ENAAK SCH PLAIN BD 6 X 37G,Rp8.870,8870.0
kental-manis,6 PCS - Indomilk Susu Kental Manis Choco 37gr,Rp12.480,12480.0
kental-manis,FRISIAN FLAG SCM POUCH CHOCO 280 GR,Rp10.300,10300.0
kental-manis,OMELA KRIMER 370 GR,Rp12.830,12830.0
kental-manis,FRISIAN FLAG SCM POUCH BKM 280 GR,Rp11.120,11120.0
kental-manis,2 PCS - Krimer Kental Manis Cap Enaak Cokelat 545 G,Rp51.980,51980.0
kental-manis,CAP ENAAK SCH PLAIN BD 6 X 37G,Rp8.190,8190.0
kental-manis,FRISIAN FLAG SCM CAN BKM 490 GR,Rp19.250,19250.0
kental-manis,FRISIAN FLAG SCM BENDERA KENTAL MANIS POUCH COKELAT 240 GR,Rp10.300,10300.0
kental-manis,CAP ENAAK SKM PUTIH 370 GR,Rp13.360,13360.0
kental-manis,Bendera SKM Coklat 375 370G,Rp14.220,14220.0
kental-manis,Carnation Sweet Condensed Creamer 370G,Rp13.470,13470.0
kental-manis,FRISIAN FLAG SCM POUCH BKM 280 GR,Rp11.250,11250.0
kental-manis,CAP ENAAK SKM PUTIH 370 GR,Rp13.470,13470.0
kental-manis,FRISIAN FLAG SCM CAN BKM 490 GR,Rp18.180,18180.0
kental-manis,Bendera SKM Kental Manis Biru 370 G,Rp13.300,13300.0
kental-manis,FRISIAN FLAG SCM POUCH BKM 280 GR,Rp10.370,10370.0
kental-manis,FRISIAN FLAG SCM POUCH GOLD 280 GR,Rp15.190,15190.0
kental-manis,FRISIAN FLAG SCM POUCH BKM 280 GR,Rp10.300,10300.0
kental-manis,CAP ENAAK SKM COKLAT 370g,Rp12.610,12610.0
kental-manis,INDOMILK KENTAL MANIS CREAMY ORIGINAL 260 GR - Hypermart,Rp10.150,10150.0
kental-manis,FRISIAN FLAG SCM POUCH BKM 545 GR,Rp21.070,21070.0
kental-manis,OMELA KRIMER 370 GR - KENTAL MANIS,Rp13.900,13900.0
kental-manis,Susu Bendera Frisian Flag kental manis putih per KALENG @370gr,Rp15.200,15200.0
kental-manis,Susu Kental Manis Frisian Flag Putih Sachet 40gr (1 dus 10 lsn),Rp195.000,195000.0
kental-manis,Frisian Flag Susu Kaleng 370 Gram -,Rp15.500,15500.0
kental-manis,Kental Manis Dairy Champ 500gr,Rp17.900,17900.0
kental-manis,Frisian Flag Bendera Krimer Kental Manis Cokelat Pouch 240g,Rp16.921,16921.0
kental-manis,FRISIAN FLAG SUSU KENTAL MANIS COKELAT 6'S X 38GR,Rp14.500,14500.0
kental-manis,Frisian Flag Susu Kental Manis,Rp19.500,19500.0
kental-manis,Tiga Sapi Susu Kentan Manis / Susu Kental Manis 490gr,Rp20.527,20527.0
kental-manis,INDOMILK SUSU KENTAL MANIS 545 GR,Rp20.000,20000.0
kental-manis,Frisian Flag Bendera Kental Manis Pouch 535g / Susu kental Manis / Kental Manis,Rp31.567,31567.0
kental-manis,Indomilk Krimer Kental Manis Cokelat Pouch 545g,Rp25.850,25850.0
kental-manis,Susu Kental Manis Bendera 545 gr Frisian Flag,Rp18.200,18200.0
kental-manis,Indomilk SKM Putih 370G,Rp12.510,12510.0
kental-manis,FRISIAN FLAG SCM POUCH CHOCO 280 GR,Rp10.300,10300.0
kental-manis,Indofood Tiga Sapi Susu Kental Manis 490gr / Susu Tiga Sapi,Rp19.800,19800.0
kental-manis,Susu Bendera Sachet Coklat 1 Pak Isi 6 @ 40 gr,Rp11.000,11000.0
kental-manis,Susu Kental Manis Frisian flag sachet Putih-Coklat 1dus isi 20pak @37g,Rp205.000,205000.0
kental-manis,Tiga sapi susu kental manis 490g isi 48 kaleng Dus / Tiga Sapi SKM 490g Dus / Susu 3 Sapi 490g isi 48 Dus,Rp717.000,717000.0
kental-manis,FRISIAN FLAG SCM CHOCO 370 GR,Rp12.900,12900.0
kental-manis,FRISIAN FLAG SCM BKM 370 GR,Rp13.360,13360.0
kental-manis,Indomilk SKM Putih 370G,Rp12.510,12510.0
kental-manis,INDOMILK KENTAL MANIS 560 GR,Rp19.250,19250.0
kental-manis,FRISIAN FLAG SCM POUCH CHOCO 280 GR,Rp10.370,10370.0
kental-manis,Indofood Tiga Sapi Susu Kental Manis 490gr / Susu Tiga Sapi,Rp19.800,19800.0
kental-manis,Susu Bendera Sachet Coklat 1 Pak Isi 6 @ 40 gr,Rp11.000,11000.0
kental-manis,FRISIAN FLAG SCM POUCH BKM 280 GR,Rp10.260,10260.0
kental-manis,Frisian flag kental manis bendera putih pouch 535gr Milk Susu,Rp20.800,20800.0
kental-manis,Frisian Flag Coklat Sachet 6 x 37 gr Susu Kental Manis bendera Cokelat,Rp10.800,10800.0
kental-manis,INDOMILK Susu Kental Manis Cokelat 370 gr Coklat - Kemasan Kaleng,Rp18.888,18888.0
kental-manis,Omela Kaleng Kecil Krimer Kental Manis 370gr,Rp17.800,17800.0
kental-manis,Frisian Flag / Susu Kental Manis / Susu Bendera Cream Kental / 535gr,Rp26.730,26730.0
kental-manis,Susu Bendera Sachet Putih 1 Pak Isi 6,Rp11.000,11000.0
kental-manis,susu frisiamflag sachet isi 6pcs,Rp13.000,13000.0
kental-manis,[BISA COD2] Susu Kental Manis Frisian Flag Bendera 38gr,Rp3.213,3213.0
kental-manis,FRISIAN FLAG SUSU KENTAL MANIS 370GR,Rp19.000,19000.0
kental-manis,frisian flag susu kental manis putih 560 g,Rp22.000,22000.0
kental-manis,Milko Susu Evaporasi Gold Evaporated Milk 210 gr Botol Praktis,Rp12.000,12000.0
kental-manis,Susu Cap Nona Susu Kental Manis 365gr,Rp25.800,25800.0
kental-manis,Frisian Flag Putih Susu Kental Manis 560 g/ Kemasan Pouch,Rp26.800,26800.0
kental-manis,Frisian Flag Gold Pouch 280gr,Rp20.000,20000.0
kental-manis,Frisian Flag Bendera Kental Manis Gold Kaleng Kecil 370g,Rp25.900,25900.0
kental-manis,FRISIAN FLAG COKLAT KENTAL MANIS SACHET 38g,Rp3.500,3500.0
kental-manis,OMELA KRIMER KENTAL MANIS 490GR,Rp22.600,22600.0
kental-manis,susu frisian flag sachet 40 gram,Rp3.000,3000.0
kental-manis,susu kental manis frisian flag sachet 6 x 42g / susu kental manis bendera 6 sachet / SKM Sachet,Rp14.000,14000.0
kental-manis,Indomilk Susu Kental Manis Kemasan sachet Renteng isi 6 pcs,Rp10.999,10999.0
kental-manis,Susu Kental Manis Indomilk Plain 370 Gr - SKM Putih Kaleng,Rp15.600,15600.0
kental-manis,Indofood Cap Enaak Susu Kental Manis Putih Pouch 545gr,Rp20.000,20000.0
kental-manis,"2 Pcs Frisian Flag 545 gr - - Mustofa, Food, Saus, Selai, Maryam, Kalsium, Garing, Milk, Etawa, Baking Makanan susu kental manis",Rp37.999,37999.0
kental-manis,INDOMILK CHOCO SUSU KENTAL MANIS KALENG (370 GRAM),Rp15.200,15200.0
kental-manis,SKM Dairychamp - Susu Krimer Kental Manis Dairy Champ - Susu 480gram,Rp18.331,18331.0
kental-manis,Nestle CARNATION Susu Kental Manis Sachet ( isi 6 x 38gr ),Rp15.900,15900.0
kental-manis,Susu Kental Manis Carnation Kaleng / Susu Carnation 370g,Rp11.490,11490.0
kental-manis,FRISIAN FLAG PUTIH 240gram,Rp13.000,13000.0
kental-manis,Frisian Flag susu kental manis Vanila 37gr 1 renceng / 6 Sachet,Rp12.990,12990.0
kental-manis,susu carnation 370 gr,Rp18.900,18900.0
kental-manis,susu kental manis tiga sapi 500 gr,Rp18.200,18200.0
kental-manis,FRISIAN FLAG Susu Kental Manis Putih 535 Gr GROSIR 4 Pcs - Lumbung Bhumi,Rp77.570,77570.0
kental-manis,Susu Kental Manis Carnation Sachet / SKM Carnation Putih / Susu Carnation Kental Manis / SKM Carnation Sachet,Rp13.500,13500.0
kental-manis,1 karton susu cair evaporasi fn f&n evaporate ( evaporated milk ) dus,Rp965.850,965850.0
kental-manis,Frisian Flag Bendera Kental Manis Coklat Kaleng per karton 370gr x 48,Rp669.500,669500.0
kental-manis,FRISIAN FLAG SUSU BENDERA KALENG 370 G,Rp16.995,16995.0
kental-manis,SUSU Kental Manis Carnation,Rp15.000,15000.0
kental-manis,susu frisian flag gold 370gr,Rp29.999,29999.0
kental-manis,Susu Evaporasi Carnation / Carnation Evaporated Milk 405 Gr,Rp26.500,26500.0
kental-manis,Susu Kental Manis Indomilk 370gr,Rp25.000,25000.0
kental-manis,Carnation susu kental manis SKM evaporasi evaporated kaleng,Rp22.000,22000.0
kental-manis,Frisian Flag Bendera Susu Kental Manis Cokelat / Chocolate Sachet 6pcs,Rp15.448,15448.0
kental-manis,Frisian Flag Bendera Kental Manis SKM Renceng 6 x 40g,Rp15.500,15500.0
kental-manis,Frisian Flag Susu Kental Manis kemasan Refill / 535 gr,Rp27.108,27108.0
kental-manis,Susu Kental Manis Grass Fed Natural Alami by Gut Living,Rp39.500,39500.0
kental-manis,Susu Kental Manis Bendera Coklat Pouch 560 Gr - SKM Frisian Flag,Rp20.800,20800.0
kental-manis,Bendera SKM Coklat 560G Pouch,Rp21.070,21070.0
kental-manis,4 Renceng Susu Kental Manis Frisian Flag,Rp44.000,44000.0
kental-manis,kabel rem belakang wuling Confero S cakram ORI,Rp520.000,520000.0
kental-manis,JATIM Indomilk Sachet isi 6pc,Rp12.999,12999.0
kental-manis,[POUCH] Frisian Flag Susu Bendera Kental Manis Biru & Cokelat 535 gram,Rp20.000,20000.0
kental-manis,SKM SUSU KENTAL MANIS INDOMILK 370G SWISS CHOCO | CREAMY ORIGINAL LEBIH KENTAL DAN GURIH,Rp17.975,17975.0
kental-manis,"Dairy Champ Susu Krimer Kental Manis 2500 gr 2,5 kg Pillow Bag",Rp71.500,71500.0
kental-manis,frisian flag energo kental manis cokelat/full cream 1 dus isi 120x37 gr sachet,Rp170.000,170000.0
kental-manis,CARNATION KRIMER KENTAL MANIS (@370 Gram),Rp15.450,15450.0
kental-manis,NESTLE CARNATION CREAMER KENTAL MANIS (@370 Gram),Rp15.450,15450.0
kental-manis,Bendera SKM Coklat 375 370G,Rp12.800,12800.0
kental-manis,FRISIAN FLAG SCM CHOCO 370 GR,Rp12.900,12900.0
kental-manis,FRISIAN FLAG SCM BKM 370 GR,Rp13.360,13360.0
kental-manis,Indomilk SKM Putih 370G,Rp12.510,12510.0
kental-manis,INDOMILK KENTAL MANIS 560 GR,Rp19.250,19250.0
kental-manis,FRISIAN FLAG SCM POUCH CHOCO 280 GR,Rp10.370,10370.0
kental-manis,[BISA COD] DS Susu Kental Manis Cap Enak Kemasan Kaleng 370gr,Rp16.653,16653.0
kental-manis,Susu indomilk 535 gram varian putih dan coklat,Rp19.500,19500.0
kental-manis,susu carnation 370gr,Rp16.000,16000.0
kental-manis,Nestle Carnation Krimer Kental Manis Can Kaleng 495g,Rp23.435,23435.0
kental-manis,Susu Kental Manis Frisian Flag Coklat 560 gram,Rp23.000,23000.0
kental-manis,INDOMILK KENTAL MANIS SUSU 545 G/ KEMASAN POUCH PUTIH DAN COKLAT,Rp27.000,27000.0
kental-manis,4 renteng susu indomilk putih(4x6pcs) promo murah,Rp37.000,37000.0
kental-manis,[ PAKET 1 PCS & 1 KARTON ] CARNATION SUSU KENTAL MANIS/EVAPORASI KALENG KEMASAN 488/405 GRAM,Rp24.127,24127.0
kental-manis,Susu Krimer Kental Manis Carnation 488 gr/ SKM Carnation 488 gr x 3 pc,Rp60.200,60200.0
kental-manis,CARNATION Susu Kental Manis 370g Kaleng,Rp18.300,18300.0
kental-manis,SUSU KENTAL MANIS INDOMILK RENTENG,Rp15.000,15000.0
kental-manis,Susu Kental Manis carnation 370gr,Rp14.900,14900.0
kental-manis,FRISIAN FLAG ALL VARIAN (@370 Gram),Rp16.800,16800.0
kental-manis,6 Sachet FRISIAN FLAG Susu Kental Manis Bendera,Rp12.275,12275.0
kental-manis,Susu kental manis Frisian flag,Rp19.500,19500.0
kental-manis,Tiga Sapi Susu Kental Manis 48x490gr 1 Karton / Dus,Rp735.000,735000.0
kental-manis,Frisian Flag Susu Kental Manis Pouch Biru 240g/ Cokelat 260g Milk,Rp15.800,15800.0
kental-manis,[Bake-inc] DIARY CHAMP SUSU KENTAL MANIS 2.5 KG,Rp78.900,78900.0
kental-manis,Susu Evaporasi Milko 210gram,Rp12.500,12500.0
kental-manis,SUSU KENTAL MANIS F&N KRIMER | SKM,Rp20.750,20750.0
kental-manis,tiga sapi susu evaporasi 500 gram x 12 pcs per karton KARTONAN,Rp221.000,221000.0
kental-manis,INDOMILK SUSU KENTAL MANIS RENCENG PACK(ISI 6SACHET 37GR)RENTENG COKLAT VANILLA,Rp14.500,14500.0
kental-manis,Susu Krimer kental manis Dairy Champ 500gr,Rp20.500,20500.0
kental-manis,Susu Bendera putih Kaleng Dus 48 x 370g / Susu Frisian Flag putih Du,Rp680.000,680000.0
kental-manis,SUSU BENDERA KALENG PUTIH/COKLAT 370 GRAM,Rp15.000,15000.0
kental-manis,490gram Krimer Kental manis Tiga Sapi Untuk Campuran Makanan dan Minuman,Rp17.650,17650.0
kental-manis,Susu Kental Manis Indomilk Coklat Cokelat 370gr,Rp24.210,24210.0
kental-manis,Frisian Flag Bendera Susu Kental Manis Full Cream Gold Sachet 6pcs,Rp19.745,19745.0
kental-manis,Frisian flag pouch susu kental manis coklat / vanila 535ml,Rp34.900,34900.0
kental-manis,"Susu Frisian Flag Pouch 545 Gram - Susu Bubuk Siap Saji - Milk, Baking",Rp21.900,21900.0
kental-manis,Tiga Sapi Susu Evaporasi 500Gr - 500 Gr 3 Sapi Evaporated Milk Gurih Creamy Karton Evaporation Indofood Pak Pcs Dus Sop Buah Jus Roti Kue Kopi,Rp26.749,26749.0
kental-manis,"Susu Krimer Kental Manis Dairy Champ 2,5 kg / 2.5 kg",Rp72.500,72500.0
kental-manis,Susu Kental Manis Bendera Plain 370 Gr - SKM Frisian Flag Putih Kaleng,Rp15.500,15500.0
kental-manis,Susu kental manis frisian flag bendera sachet isi 6 sachet Food Minuman,Rp11.500,11500.0
kental-manis,Susu kental Manis Tiga Sapi SKM Putih 490g,Rp20.000,20000.0
kental-manis,mainan cabutan balon berhadiah isi 100pcs GM SUSU Milk,Rp44.400,44400.0
kental-manis,Tiga Sapi Susu Kentan Manis / Susu Kental Manis 480gr / Susu Kental Manis Putih,Rp20.527,20527.0
kental-manis,{2x240gr} Susu Frisian Flag Bendera Kental Manis 240gram,Rp23.450,23450.0
kental-manis,1 DUS susu cair evaporasi fn f&n evaporate ( evaporated milk ) isi 48 kaleng,Rp965.850,965850.0
kental-manis,Cap Enak SKM Putih 370G,Rp13.260,13260.0
kental-manis,Susu Kental Manis Nestle Carnation 365 gr | SKM Krimer Kaleng 365gr ml,Rp16.359,16359.0
kental-manis,Nestle Carnation Susu Kental Manis SKM 365gr,Rp14.000,14000.0
kental-manis,CAP ENAK SUSU KENTAL MANIS KALENG,Rp15.347,15347.0
kental-manis,Carnation Evaporasi Kaleng 405gr Susu Masakan,Rp26.100,26100.0
kental-manis,Susu Tiga Sapi Kental Manis Indofood 490 gram,Rp17.500,17500.0
kental-manis,Frisian flag bendera kental manis putih | isi 6 sachet,Rp11.550,11550.0
kental-manis,Susu Kental Manis Grassfed Milk SKM Alami Sehat Almond Coconut Milky Spread Organic Cane Sugar Cassava Syrup Gula Singkong Kelapa Sweetened Condensed Jam Gut Living,Rp32.000,32000.0
kental-manis,Susu Bendera Putih / Coklat / Strawberry 260gr | SKM Susu Kental Manis Frisian Flag Kemasan Ekonomis 260 gr,Rp14.690,14690.0
kental-manis,susu Frisian flag 40 gram bendera putih sachet 1 dus isi 120 sachet,Rp190.000,190000.0
kental-manis,Paket 2pcs Frisian Flag kental manis rasa vanila kemasan 545g Milk Food for vitabebaslemak trans Tidak Refill Pouch Condensed Milk lemari sachet dairymilk25 kilo,Rp39.500,39500.0
kental-manis,BENDERA Susu Kental Manis 545g - SKM Krimer Frisian Flag Dalam Kemasan Pouch Ada Tutup-nya Ekonomis Murah Ecer Grosir - Beli Banyak = Makin Murah!!!,Rp31.508,31508.0
kental-manis,Frisian Flag 535gr Bendera biru pouch susu kental manis,Rp20.690,20690.0
kental-manis,Indomilk Susu Kental Manis Choco 370gr,Rp16.500,16500.0
kental-manis,Frisian flag SKM bendera 535Gr,Rp20.400,20400.0
kental-manis,susu indomilk kental manis vanilla creamy original kaleng,Rp16.300,16300.0
kental-manis,Susu Bendera Putih 240gr | SKM Susu Kental Manis Frisian Flag Kemasan Ekonomis 240 gr gram,Rp14.690,14690.0
kental-manis,Susu Kental Manis Frisian Flag coklat sachet per gantung (6bks),Rp12.100,12100.0
kental-manis,Bendera Kental Manis 370g,Rp17.300,17300.0
kental-manis,FrisianFlag / Susu Bendera Kental Manis Putih Cokelat Kaleng Kecil 370,Rp14.500,14500.0
kental-manis,Susu Kental Manis Carnation 370g / Nestle carnation kaleng / SKM Putih susu kental manis,Rp17.000,17000.0
kental-manis,FRISIAN FLAG SCM BKM 370 GR,Rp13.360,13360.0
kental-manis,FRISIAN FLAG SCM BENDERA KENTAL MANIS POUCH 535 GR,Rp20.000,20000.0
kental-manis,FRISIAN FLAG SCM CHOCO 370 GR,Rp12.900,12900.0
kental-manis,INDOMILK SKM COKLAT 370 GR - SUSU KENTAL MANIS,Rp12.250,12250.0
kental-manis,Indomilk SKM Putih 370G,Rp12.830,12830.0
kental-manis,Indomilk Susu Kental Manis Cokelat isi 6 Sachet X 37gr Coklat,Rp19.900,19900.0
kental-manis,Indomilk Kental Manis Renceng 37G x 6 Sachet,Rp12.000,12000.0
kental-manis,Susu SKM bendera Frisianflag Sachet Putih/Cokelat 1rcng isi 6pc[READY],Rp12.500,12500.0
kental-manis,Susu cap enaak susu indofood per pack isi 6 susu krimer kental manis Milk varian sesuai stok,Rp10.900,10900.0
kental-manis,Susu Kental Manis Frisian Flag Putih 40gr Isi 6pcs,Rp13.990,13990.0
kental-manis,Susu Kental Manis DAIRY CHAMP 480 gr,Rp19.000,19000.0
kental-manis,Indomilk Kental Manis Pouch 545gr,Rp24.990,24990.0
kental-manis,Frisian Flag Omela Krimer Kental Manis Can Kaleng 490g,Rp22.464,22464.0
kental-manis,Milk Barn Susu Kental Manis,Rp15.500,15500.0
kental-manis,Bendera SKM Coklat 560G Pouch,Rp20.320,20320.0
kental-manis,Frisian Flag Bendera Susu Kental Manis Pouch,Rp22.222,22222.0
kental-manis,Frisian Flag Skim Gold 370gr,Rp25.000,25000.0
kental-manis,paket 3 pcs frisian flag susu kental manis pouch kemasan ekonomis 535 g (ada pergantian kemasan),Rp59.000,59000.0
kental-manis,CARNATION EVAPORASI 405 GR,Rp16.490,16490.0
kental-manis,Susu Kental Manis Carnation - 370 Gram,Rp18.000,18000.0
kental-manis,Carnation Susu Kental Manis [370 g],Rp15.000,15000.0
kental-manis,susu frisian flag sachet termurah,Rp11.900,11900.0
kental-manis,INDOMILK Susu Kental Manis Putih 370gr Kemasan Kaleng,Rp18.888,18888.0
kental-manis,Dairy Champ Susu Kental Manis Renceng isi 6 pcs x 37 gr,Rp12.100,12100.0
kental-manis,Frisian Flag Bendera Krimer Kental Manis Pouch 560g,Rp28.296,28296.0
kental-manis,FRISIAN FLAG Susu Kental Manis FULL CREAM GOLD ( isi 6 sachet),Rp22.900,22900.0
kental-manis,Frisian flag pouch susu kental manis COKLAT 240ml,Rp21.900,21900.0
kental-manis,Susu Kental Manis Frisian Flag Kremer Kaleng 370gr,Rp18.000,18000.0
kental-manis,FrisianFlag Susu Bendera Kental Manis Putih / Cokelat Kaleng besar 490,Rp20.900,20900.0
kental-manis,Frisian Flag Susu Kental Manis Pouch ukuranterbaru Varian Putih Energo 8 Vitamin 3 Mineral Kemasan Ekonomis,Rp22.900,22900.0
kental-manis,Susu Kental Manis Frisan Flag Putih Sachet per gantung (6bks),Rp11.500,11500.0
kental-manis,"Dairy Champ Susu Krimer Kental Manis (2,5 Kg) | Kemasan Bantal - Pouch 2,5 KG",Rp88.600,88600.0
kental-manis,kental manis cap enak kaleng,Rp20.000,20000.0
kental-manis,Bendera SKM Putih Gold 370G,Rp19.460,19460.0
kental-manis,Cap Enak SKM Putih 370G,Rp12.830,12830.0
kental-manis,Frisian Flag Energo Susu Kental Manis Pouch 535g - Paket Isi 2 | Promo Hemat! Milk,Rp38.500,38500.0
kental-manis,CARNATION SUSU KENTAL MANIS / EVAPORASI KALENG KEMASAN 488/405 GRAM,Rp24.127,24127.0
kental-manis,Cap ENAAK Krimer Kental Manis Putih Pouch 545 g,Rp16.915,16915.0
kental-manis,1 DUS Susu Krimer kental manis Dairy Champ 480gr,Rp667.250,667250.0
kental-manis,INDOMILK PLAIN SUSU KENTAL MANIS 6'S X 37GR,Rp13.250,13250.0
kental-manis,Frisian Flag Bendera Kental Manis Lemak Nabati Cokelat Pouch 545 gr - COKLAT,Rp34.000,34000.0
kental-manis,Susu kental manis frisian flag 560gr,Rp20.000,20000.0
kental-manis,INDOMILK Kental Manis Putih Pouch 545 g,Rp19.900,19900.0
kental-manis,Susu Bendera Sachet Coklat - Dus,Rp195.000,195000.0
kental-manis,CAP ENAAK SKM COKLAT 370G,Rp12.830,12830.0
kental-manis,Susu Kental Manis Frisian Flag Coklat Renteng - Baking Food,Rp13.500,13500.0
kental-manis,Bendera SKM Putih Gold 370G,Rp19.460,19460.0
kental-manis,OMELA KRIMER 490 GR,Rp16.040,16040.0
kental-manis,Indomilk Susu Kental Manis Sachet [isi 6 pcs],Rp11.098,11098.0
kental-manis,SUSU EVAPORASI SUNBAY 380GR - EVAPORATED MILK,Rp17.597,17597.0
kental-manis,Bendera SKM Coklat 375 370G,Rp12.800,12800.0
kental-manis,SKM Cokelat Bendera Kental Manis 370 gram,Rp17.300,17300.0
kental-manis,Susu Kental Manis Bendera Cokelat 6 Sachet x 40 gr - SKM Frisian Flag,Rp10.600,10600.0
kental-manis,Carnation Sweet Condensed Creamer 370G,Rp13.150,13150.0
kental-manis,Frisian Flag Kental Manis Kemasan Pouch 545 Gram,Rp21.900,21900.0
kental-manis,FRISIAN FLAG KENTAL MANIS POUCH 545GR,Rp27.250,27250.0
kental-manis,Frisian flag susu kental manis 370 g,Rp17.000,17000.0
kental-manis,Susu Kental Manis Tiga Sapi 500gr,Rp14.900,14900.0
kental-manis,Frisian Flag Bendera Krimer Kental Manis Pouch 240g,Rp16.925,16925.0
kental-manis,Bendera Kental Manis Sachet 38 Gram (1 Dus = 120 sachet),Rp197.600,197600.0
kental-manis,Frisian Flag Susu Kental Manis 535 gr Susu Bendera Krimer,Rp22.800,22800.0
kental-manis,2RENCENG SUSU KENTAL MANIS FRISIAN FLAG/ SUSU BENDERA KENTAL MANIS,Rp42.000,42000.0
kental-manis,Frisian Flag Bendera Cokelat 370gr,Rp17.000,17000.0
kental-manis,TIGA SAPI Susu Kental Manis Putih 490 Gr 1 Pcs - Lumbung Bhumi,Rp19.860,19860.0
kental-manis,SUSU KENTAL MANIS CAP ENAK 37gr/1renceng=6pcs,Rp9.850,9850.0
kental-manis,FRISIAN FLAG SCM BKM 370 GR,Rp13.360,13360.0
kental-manis,FRISIAN FLAG SCM BENDERA KENTAL MANIS POUCH 535 GR,Rp20.000,20000.0
kental-manis,FRISIAN FLAG SCM CHOCO 370 GR,Rp12.900,12900.0
kental-manis,INDOMILK SKM COKLAT 370 GR - SUSU KENTAL MANIS,Rp12.250,12250.0
kental-manis,Indomilk SKM Putih 370G,Rp12.830,12830.0
kental-manis,Susu kental Manis Tiga Sapi SKM Coklat 490g,Rp19.534,19534.0
kental-manis,SUSU KENTAL MANIS CARNATION (kaleng 370gr),Rp17.000,17000.0
kental-manis,Susu Bendera Gold Kaleng,Rp23.000,23000.0
kental-manis,Susu Kental Manis Cokelat Bendera (kaleng 370g),Rp17.400,17400.0
kental-manis,Susu Kental Manis Indomilk Kaleng 370 Gr,Rp16.000,16000.0
kental-manis,Frisian Flag 1 Renceng Isi 6Pcs Paket 1 / 2 / 3 Renceng,Rp24.000,24000.0
kental-manis,INDOMILK SUSU KENTAL MANIS STANDING POUCH 560gr REFIL Kemasan Ekonomis,Rp23.000,23000.0
kental-manis,FRISIAN FLAG SCM POUCH GOLD 280 GR,Rp14.970,14970.0
kental-manis,[KALENG] Frisian Flag Susu Bendera Kental Manis Gold 370 gram,Rp23.000,23000.0
kental-manis,Susu frisian flag kental manis 10pk 60pcs Tidak Refill Pouch ken,Rp113.000,113000.0
kental-manis,Susu Kental Manis Indomilk Putih 6X37gr,Rp12.000,12000.0
kental-manis,Nourish Milky Spread / SKM Lebih Sehat MPASI / SKM tanpa gula pasir,Rp38.200,38200.0
kental-manis,Tiga Sapi Krimer Kental Manis (Kaleng 490gr),Rp17.600,17600.0
kental-manis,CARNATION SUSU KENTAL MANIS 495GR NESTLE,Rp22.088,22088.0
kental-manis,susu kental manis 480 gr dairy champ,Rp18.000,18000.0
kental-manis,"Vamoola Susu Kental Manis 500g – Varian Original & Cokelat, Manis Gurih Lezatnya Bikin Nagih",Rp16.500,16500.0
kental-manis,Bendera SKM Putih Gold 370G,Rp19.890,19890.0
kental-manis,SKM Gold / Bendera Full Cream Gold 370g,Rp23.000,23000.0
kental-manis,FRISIAN FLAG SCM POUCH BKM 280 GR,Rp11.120,11120.0
kental-manis,Tropicana Slim Topping Kental Manis 150ml - Sugar FREE,Rp75.900,75900.0
kental-manis,Susu bendera renteng frisian flag coklat dan vanila renceng isi 6 ( RENTENG ),Rp11.500,11500.0
kental-manis,CARNATION Susu Kental Manis 370g,Rp22.900,22900.0
kental-manis,Frisian Flag Gold Susu Kental Manis Full Cream 370 g,Rp36.900,36900.0
kental-manis,Susu Kental Manis 535 gram,Rp19.999,19999.0
kental-manis,Nestle Carnation 495gr,Rp19.500,19500.0
kental-manis,Susu Kental Manis Frisian Flag Cokelat Kaleng 370 gr,Rp18.000,18000.0
kental-manis,Cap Enak SKM Putih 370G,Rp12.830,12830.0
kental-manis,"FRISIAN FLAG SUSU KENTAL MANIS, COKELAT 38 GR X 6 SACHET",Rp14.999,14999.0
kental-manis,Frisian Flag Susu Kental Manis 535 gram,Rp18.700,18700.0
kental-manis,NESTLE Carnation Krimer Kental Manis 370 gram,Rp13.800,13800.0
kental-manis,Frisian Flag ENERGO Susu Kental Manis PUTIH POUCH 240 gram - ( HARGA 1 POUCH ),Rp16.500,16500.0
kental-manis,Frisian Flag rasa vanila sachet 38g .Paket 3 renceng susu kental manis Food Milk Sehat for vitabebaslemak trans Tidak Refill Pouch Condensed Milk lemari dairymilk25 kilo,Rp30.000,30000.0
kental-manis,kremer omela,Rp20.000,20000.0
kental-manis,Susu Kental Manis Carnation 488 Gr / SKM / Susu Kental Manis / Carnation,Rp18.700,18700.0
kental-manis,Foyu Susu Krimer Kental Manis 500 gr,Rp17.600,17600.0
kental-manis,Frisian Flag / Bendera Susu Kental Manis Pouch Vanilla 545 gr,Rp26.700,26700.0
kental-manis,Frisian Flag Putih Kental Manis 490 gr,Rp23.000,23000.0
kental-manis,FRISIAN FLAG SKM COKELAT 545 GR POUCH,Rp23.000,23000.0
kental-manis,susu kental manis frisian flag 560 grm,Rp20.900,20900.0
kental-manis,Susu kental manis Carnation neslte 365g,Rp14.440,14440.0
kental-manis,Susu Kental Manis Carnation Kaleng 365g Per Dus Isi 48 kaleng,Rp687.400,687400.0
kental-manis,Carnation Nestle Krimer Susu Kental Manis Kaleng 370g,Rp18.000,18000.0
kental-manis,Carnation Krimer Kental Manis Besar,Rp17.250,17250.0
kental-manis,Dairy Champ Kaleng Susu Kental Manis 380Gr,Rp18.000,18000.0
kental-manis,FRISIAN FLAG SUSU SACHET RENTENG KENTAL MANIS COKELAT 40 GRAM X 6 PCS,Rp11.000,11000.0
kental-manis,[SACHET] Frisian Flag Susu Bendera Kental Manis Gold / Biru / Cokelat Isi 6 Sachet 37 / 38 gram,Rp11.500,11500.0
kental-manis,Carnation 2kg pouch susu kental manis SKM bantal refill,Rp68.000,68000.0
kental-manis,TOEKOE Indomilk Kental Manis SKM Sachet 37gr [Isi 6pcs] Plain / Choco,Rp12.299,12299.0
kental-manis,Frisian Flag Susu Kental Manis Sachet Coklat 40gr x 6s,Rp13.000,13000.0
kental-manis,Frisian Flag Susu Kental Manis Putih Kaleng 370 Gr,Rp16.000,16000.0
kental-manis,Indomilk Kental Manis Kaleng 370G All Variant,Rp16.000,16000.0
kental-manis,Beng-beng Drink Sachet Bengbeng Minuman,Rp27.500,27500.0
kental-manis,Susu Kental Manis Bendera Kaleng Coklat 370 gr,Rp16.600,16600.0
kental-manis,"Indomilk Kental Manis 545gr - Kemasan Praktis Lebih Creamy & Nikmat, Indomilk Pouch 545 GR",Rp21.500,21500.0
kental-manis,Tropicana Slim Topping Kental Manis 150ml Penggati SKM,Rp42.800,42800.0
kental-manis,Susu Kental Manis Indomilk Cokelat 6 Sachet x 37 Gr - SKM Indo Milk,Rp11.300,11300.0
kental-manis,Susu kental manis kemasan ekonomis 560g,Rp21.900,21900.0
kental-manis,INDOMILK Kental Manis Pouch kemasan 545 gr,Rp22.900,22900.0
kental-manis,Susu kental manis frisian flag can bendera kaleng per 6 kaleng per 6 pcs krimer putih cokelat,Rp87.000,87000.0
kental-manis,FN Susu Evaporasi / F&N Evaporated susu masakan 380 gr,Rp28.800,28800.0
kental-manis,BENDERA SCM POUCH CHO 560 GR - SUSU KENTAL MANIS,Rp20.000,20000.0
kental-manis,FRISIAN FLAG SCM POUCH BKM 280 GR,Rp10.900,10900.0
kental-manis,Susu Kental Manis Indomilk Choco 370Gr,Rp18.280,18280.0
kental-manis,FRISIAN FLAG SCM BENDERA KENTAL MANIS POUCH 535 GR,Rp20.000,20000.0
kental-manis,CARNATION SWEET CONDENSED CREAMER 365 GR,Rp12.600,12600.0
kental-manis,Dairy Champ Susu Kental Manis 1kg - Produk Susu Kental Manis Terbaik,Rp35.040,35040.0
kental-manis,Fiber Cremer Kremer 100gr.,Rp20.000,20000.0
kental-manis,Susu Kental Manis Carnation 488 Gram,Rp20.000,20000.0
kental-manis,Susu Kental Manis Indomilk Plain Pouch 560 Gr - SKM Putih,Rp20.800,20800.0
kental-manis,Indomilk Susu Kental Manis 3 Pouch x 545g,Rp69.900,69900.0
kental-manis,Morinaga Condensed Milk JAPAN,Rp24.000,24000.0
kental-manis,Susu Kental Manis | SKM | Nestle Carnation 370 gr,Rp16.175,16175.0
kental-manis,Nestle Carnation Scc / Susu Kental Manis 495 Gr,Rp23.010,23010.0
kental-manis,Susu Kental Manis Bendera Frisian Flag 1 Renceng,Rp12.000,12000.0
kental-manis,Frisian Flag Susu Kental Manis Sachet Putih 40gr x 6s,Rp13.000,13000.0
kental-manis,Susu Kental Manis cap Enaak 370 gr,Rp14.000,14000.0
kental-manis,Susu Kental Manis Frisian Flag 38gr 1 Renceng isi 6 Pcs Semua Rasa - 38 Gr Saset Cokelat Putih Stroberi SKM Pak Dus,Rp12.464,12464.0
kental-manis,Nestle Carnation Krimer Kental Manis 1Kg / Susu Carnation 1Kg,Rp40.500,40500.0
kental-manis,Indomilk Susu Kental Manis Coklat & Putih Sachet /Pack isi 6 @37 gr,Rp12.500,12500.0
kental-manis,Susu Kental Manis Bendera Sachet / Susu Kental Manis Coklat (isi 6),Rp14.750,14750.0
kental-manis,Susu Kental Manis Frisian Flag Sachet Kemasan 40 Gr Termurah dan berkualitas,Rp17.000,17000.0
kental-manis,FRISIAN FLAG SCM POUCH CHOCO 280 GR,Rp11.120,11120.0
kental-manis,Indofood Tiga Sapi Kental Manis 500 Gr - Susu Kental Manis SKM Kaleng,Rp16.200,16200.0
kental-manis,INDOMILK SKM Pouch 545 gr / INDOMILK SKM coklat 545,Rp20.700,20700.0
kental-manis,Frisian flag SKM 560gr | 560 gr Cokelat.,Rp18.750,18750.0
kental-manis,FRISIAN FLAG SUSU KENTAL MANIS PUTIH 6'S X 38GR,Rp13.250,13250.0
kental-manis,Frisian Flag Susu Kental Manis Putih 560 gr,Rp21.900,21900.0
kental-manis,FRISIAN FLAG Susu Kental Manis Putih 535 Gr 1 Pcs - Lumbung Bhumi,Rp21.250,21250.0
kental-manis,Indomilk SKM Putih 370G,Rp14.330,14330.0
kental-manis,Sunquick Orange 2 ltr / Squash Buah Jeruk 2ltr,Rp182.500,182500.0
kental-manis,SKM BENDERA Putih Kaleng 370 Gr,Rp18.200,18200.0
kental-manis,Tiga Sapi Susu Kental Manis 490 Gram,Rp17.600,17600.0
kental-manis,SKM Carnation - Susu Krimer Kental Manis Carnation 375gr,Rp13.650,13650.0
kental-manis,Susu Kental Manis Bendera Frisian Flag Coklat 370 gram gr G / 370gr,Rp17.441,17441.0
kental-manis,Indomilk Susu Kental Manis 545Gr / Indomilk Susu Kental Manis Coklat 545Gr,Rp26.500,26500.0
kental-manis,FRISIAN FLAG SKM 370gr + KRAFT SINGLE 10'S + CERES CLASSIC 90gr,Rp51.453,51453.0
kental-manis,Frisian Flag Gold Krimer Susu Kental Manis Kaleng 370gr,Rp25.000,25000.0
kental-manis,Frisian Flag Susu Kental Manis Putih Isi 6 Sachet,Rp16.800,16800.0
kental-manis,susu frisian flag 1 renceng 6 pcs,Rp10.900,10900.0
kental-manis,Frisian Flag Susu Kental Manis Putih 370gr / Frisian Flag Susu Kental Manis Cokelat 370gr / Frisian Flag Susu Kental Manis Kaleng,Rp18.800,18800.0
kental-manis,susu kental manis carnation 370 gr kaleng,Rp15.500,15500.0
kental-manis,Frisian Flag Susu Kental Manis SKM Cap Bendera,Rp23.100,23100.0
kental-manis,FRISIAN FLAG SUSU KENTAL MANIS PUTIH / COKELAT POUCH 535gr,Rp27.100,27100.0
kental-manis,FRISIAN FLAG SCM POUCH GOLD 280 GR,Rp14.860,14860.0
kental-manis,[370gr] Indomilk Kental Manis Coklat,Rp16.500,16500.0
kental-manis,F&N Susu Evaporasi 380ml Kemasan Spesial Harga Terbaik Susu FN Milk,Rp25.500,25500.0
kental-manis,Krimer Kental Manis Tiga Sapi 480 Gr,Rp17.000,17000.0
kental-manis,Susu Kental Manis Frisian Flag Putih Kaleng per dus isi 48,Rp736.500,736500.0
kental-manis,Susu Kental Manis Krimer Tiga Sapi 490gr,Rp17.100,17100.0
kental-manis,Sunbay Susu Evaporasi Evaporated Milk 380 gr,Rp19.800,19800.0
kental-manis,Frisian Flag Kental Manis Coklat Bendera Choco Sachet per pack isi 37gr x 6,Rp11.500,11500.0
kental-manis,Susu Kental Manis Frisian Flag 260Gr Pouch Semua Rasa - 260 Gr Ekonomis Putih Coklat Cokelat Strawberry Stroberi All Varian Pak Dus Pcs SKM,Rp14.690,14690.0
kental-manis,FRISIAN FLAG SUSU KENTAL MANIS 545GR / SUSU BENDERA PUTIH,Rp20.300,20300.0
kental-manis,Susu Kental Manis Frisian Flag Putih dus / Susu Kental Manis Bendera 120 x 40g Sachet / SKM Putih,Rp196.000,196000.0
kental-manis,Bendera Kental Manis Coklat atau Putih Sachet Renteng,Rp11.000,11000.0
kental-manis,Indomilk Kental Manis 535 gr Pouch,Rp21.000,21000.0
kental-manis,Frisian Flag Bendera PUTIH 1 Dus Isi 24 POUCH x 240gr | SKM Susu Kental Manis Original / Vanilla Kemasan Ekonomis 1 Karton 240 gr gram,Rp271.250,271250.0
kental-manis,nestle carnation,Rp20.000,20000.0
kental-manis,Susu Krimer Kental Manis Carnation 48x375gr - Gosend Only!,Rp601.650,601650.0
kental-manis,Nestle Susu Kental Manis Carnation 488 Gram - Pemanis Segala Jenis Makanan dan Minuman Rasanya Nikmat dan Terjamin Mutunya,Rp21.000,21000.0
kental-manis,Indomilk Kental Manis Putih 370gr,Rp16.500,16500.0
kental-manis,FRISIAN FLAG SUSU KENTAL MANIS COKLAT & FULL CREAM 370GR,Rp26.824,26824.0
kental-manis,Frisian Flag gold kaleng,Rp25.000,25000.0
kental-manis,Carnation Sweet Condensed Creamer 370G,Rp12.720,12720.0
kental-manis,susu kental manis tiga sapi 490gr,Rp15.600,15600.0
kental-manis,BENDERA SCM POUCH CHO 560 GR - SUSU KENTAL MANIS,Rp20.000,20000.0
kental-manis,FRISIAN FLAG SCM POUCH BKM 280 GR,Rp10.900,10900.0
kental-manis,Susu Kental Manis Indomilk Choco 370Gr,Rp18.280,18280.0
kental-manis,FRISIAN FLAG SCM BENDERA KENTAL MANIS POUCH 535 GR,Rp20.000,20000.0
kental-manis,CARNATION SWEET CONDENSED CREAMER 365 GR,Rp12.600,12600.0
kental-manis,Milkita Susu Kental Manis / Milkita Susu Mutmut 10 gram 1 Renceng isi 12 pcs Halal,Rp9.000,9000.0
kental-manis,FRISIAN FLAG SUSU KENTAL MANIS PUTIH / COKLAT SACHET 1 RENCENG ISI 6PCS,Rp2.790,2790.0
kental-manis,Susu Kental Manis Bendera Cokelat 370 Gr - SKM Frisian Flag Kaleng,Rp15.700,15700.0
kental-manis,Susu Kental Manis Bendera Plain 6 Sachet x 40 gr - SKM Frisian Flag,Rp11.300,11300.0
kental-manis,Bendera SKM Kental Manis 560G Pouch,Rp21.070,21070.0
kental-manis,Susu Bendera Frisian Flag Putih Kaleng 370gr,Rp19.990,19990.0
kental-manis,Indomilk Set Susu Kental Manis 37gr x 6 sachet,Rp14.100,14100.0
kental-manis,[Bake-inc] DIARY CHAMP Susu Kental Manis 2.5 kg,Rp78.900,78900.0
kental-manis,FRISIAN FLAG GOLD SUSU KENTAL MANIS PUTIH KLG 370g,Rp25.000,25000.0
kental-manis,susu cair evaporasi fn f&n evaporate ( evaporated milk ),Rp25.500,25500.0
kental-manis,Bendera SKM Kental Manis Biru 370 G,Rp14.540,14540.0
kental-manis,Indomilk Skm Coklat 370G,Rp12.510,12510.0
kental-manis,FRISIAN FLAG SUSU KENTAL MANIS COKLAT 545GR / SUSU BENDERA COKELAT,Rp23.200,23200.0
kental-manis,Frisian Flag Kompleta 800gr Vanilla Coklat Fullcream,Rp99.900,99900.0
kental-manis,CARNATION EVAPORATED 405GR,Rp25.000,25000.0
kental-manis,Susu Krimer Kental Manis Dairy Champ 480gr,Rp18.331,18331.0
kental-manis,Indomilk Set Susu Kental Manis 37gr 1 Renceng isi 6 Pcs,Rp11.900,11900.0
kental-manis,DAIRY CHAMP Susu Evaporasi 390 gram,Rp14.900,14900.0
kental-manis,susu frisian flag coklat 40g per dus isi 20 pak,Rp194.800,194800.0
kental-manis,Susu Carnation SKM 370 gram,Rp14.999,14999.0
kental-manis,SKM tiga sapi - susu kental manis - susu kaleng,Rp19.090,19090.0
kental-manis,susu indomilk 30 sachet 5pak Kental Manis,Rp48.950,48950.0
kental-manis,Susu indomilk kaleng 370 gram susu cair indomilk,Rp17.700,17700.0
kental-manis,susu tiga sapi kental manis (ready),Rp18.000,18000.0
kental-manis,Frisian Flag rasa coklat sachet 38g .Paket 3 renceng susu kental manis coklat Milk for vitabebaslemak trans Tidak Refill Pouch Condensed Milk lemari dairymilk25 kilo Baking Food,Rp30.500,30500.0
kental-manis,Frisian Flag / susu kental manis / kemasan ekonomis / cokelat / 500g,Rp24.735,24735.0
kental-manis,Susu Kental Manis Bendera Sachet Cokelat 6 x 38 gr,Rp11.900,11900.0
kental-manis,Indomilk Skm Coklat 370G,Rp12.610,12610.0
kental-manis,[370gr] Susu Bendera Frisian Flag Kremer / Frisian Flag Creamer,Rp17.000,17000.0
kental-manis,Nestle Carnation 495 gr,Rp21.800,21800.0
kental-manis,Bendera Frisian Flag Pouch 545 gr Refill Milk Minuman,Rp21.000,21000.0
kental-manis,Susu Kental Manis Bendera Gold Pouch 200 Gr - SKM Frisian Flag,Rp19.500,19500.0
kental-manis,Susu Kental Manis Carnation 495 Gr - SKM Nestle Carnation Plain,Rp18.500,18500.0
kental-manis,indomilk susu kental manis,Rp14.000,14000.0
kental-manis,Milkbarn Evaporasi 380ml kaleng,Rp16.650,16650.0
kental-manis,Frisian Flag Susu Kental Manis Pouch 280g,Rp14.500,14500.0
kental-manis,Indomilk Krimer Kental Manis Pouch 545g,Rp25.852,25852.0
kental-manis,susu kental manis frisian flag 560 gram,Rp26.000,26000.0
kental-manis,susu bendera putih/coklat 370gr,Rp18.000,18000.0
kental-manis,FRISIAN FLAG SUSU KENTAL MANIS 545GR SUSU BENDERA PUTIH,Rp20.300,20300.0
kental-manis,"Susu Kental Manis Frisian Flag Renceng 6 Sachet - Rasa Putih, Cokelat, Vanila",Rp12.999,12999.0
kental-manis,Indomilk Susu Kental Manis Sachet Isi 6 x 37gram - Creamy Original & Swiss Choco Variants,Rp11.262,11262.0
kental-manis,Susu Kental Manis Krimer Cap Tiga Sapi Putih / Cokelat Can Kaleng SKM (490 Gram / 490gr),Rp16.750,16750.0
kental-manis,Susu Kental Manis Tigasapi 500Gr / Tiga Sapi SKM 500Gr / Susu Tiga Sapi 500Gr SKM,Rp19.500,19500.0
kental-manis,SKM Bendera Putih / Coklat / Strawberry 1 Renceng Isi 6 Saset 40gr | Susu Frisian Flag Original / Cokelat / Stoberi 40 gr,Rp12.464,12464.0
kental-manis,SUSU CAP NONA SUSU NESTLE CAP NONA KRIMER KENTAL MANIS 370GR,Rp18.800,18800.0
kental-manis,Frisian Flag ENERGO Susu Kental Manis PUTIH POUCH 240 gram - ( HARGA 1 DUS ),Rp287.500,287500.0
kental-manis,1Kg Dairy Champ Krimer Kental Manis Enak dan Ekonomis,Rp35.700,35700.0
kental-manis,Frisian flag SKM 535gr | 535 gr Putih,Rp18.750,18750.0
kental-manis,Indomilk Kental Manis Renceng isi 6 sachet,Rp15.000,15000.0
kental-manis,Sunbay Evaporated Milk 380gr 1 karton 48 kaleng Susu Lemak Nabati Evaporasi,Rp729.000,729000.0
kental-manis,Frisian Flag Susu Kental Manis Putih Sachet 1 Dus Coklat,Rp195.500,195500.0
kental-manis,susu dairy champ 2.5 kg bantal / pouch susu kental 2.5kg,Rp75.000,75000.0
kental-manis,Susu kental manis carnation 370,Rp14.900,14900.0
kental-manis,Nestle Susu Kental Manis Carnation 370gr,Rp19.900,19900.0
kental-manis,frisian flag sacet cokelat renceng isi 6,Rp12.500,12500.0
kental-manis,Susu Bendera Sachet Coklat - Pak,Rp11.000,11000.0
kental-manis,Susu Kental Manis Bendera 370Gr,Rp19.000,19000.0
kental-manis,Frisian Flag Cokelat Susu Kental Manis 560 g Kemasan Pouch,Rp26.800,26800.0
kental-manis,Susu Kental Manis Frisian Flag Putih 370ml,Rp17.900,17900.0
kental-manis,Susu Kental Manis Indomilk Choco 370Gr,Rp18.280,18280.0
kental-manis,Carnation Sweet Condensed Creamer 370G,Rp12.720,12720.0
kental-manis,Indomilk SKM Putih 370G,Rp12.350,12350.0
kental-manis,INDOMILK SKM PUTIH 370 GR - SUSU KENTAL MANIS,Rp12.250,12250.0
kental-manis,BENDERA SCM POUCH CHO 560 GR - SUSU KENTAL MANIS,Rp20.000,20000.0
kental-manis,Susu Kental Manis Cap Tiga Sapi 490gr,Rp18.000,18000.0
kental-manis,FRISIAN FLAG KENTAL MANIS ENERGO 37g SACHET ISI 6,Rp12.500,12500.0
kental-manis,SUSU KENTAL MANIS CARNATION NESTLE SUSU KRIMER CARNATION KALENG 365GR,Rp20.948,20948.0
kental-manis,FRISIEN FLAG KENTAL MANIS POUCH (@560 Gram),Rp25.500,25500.0
kental-manis,Frisian Flag Susu Kental Manis Putih Pouch 560gr,Rp24.900,24900.0
kental-manis,Nestle Carnation Krimer Kental Manis 365g | Susu Kental Manis Carnation,Rp20.000,20000.0
kental-manis,Milk Barn Susu Kental Manis 1 Kg,Rp32.000,32000.0
kental-manis,Susu Kental Manis Bendera Kaleng Putih 370 gr 1PCS,Rp16.600,16600.0
kental-manis,Susu Frisian Flag Bendera Kental Manis Pouch 535gr,Rp19.500,19500.0
kental-manis,488gr Susu Carnation - Susu Kental Manis - SKM,Rp21.804,21804.0
kental-manis,KRIMER KENTAL MANIS TIGA SAPI 500 GRAM,Rp16.500,16500.0
kental-manis,Susu Kental Manis / SKM / Susu Kaleng Indomilk Putih 370gr Kaleng,Rp16.000,16000.0
kental-manis,SKM - Susu Kental Manis Indomilk Susu Kental Manis Sachet,Rp14.000,14000.0
kental-manis,Tiga Sapi Susu Kental Manis 490g,Rp19.900,19900.0
kental-manis,Susu Krimer Kental Manis Carnation 488 GR / SKM Carnation [1 KARTON],Rp800.000,800000.0
kental-manis,Krimer Kental Manis Milkbarn 500 Gr,Rp15.000,15000.0
kental-manis,Susu Kental Manis Indomilk Sachet (6 Sachet),Rp11.000,11000.0
kental-manis,Frisian Flag Susu Bendera Sachet DAPAT 2PAK (12pcs),Rp20.800,20800.0
kental-manis,OMELA KRIMER 490 GR,Rp16.040,16040.0
kental-manis,Indomilk SKM putih/coklat kemasan sachet 6 x 37gr,Rp12.000,12000.0
kental-manis,F&N Evaporated Filled Milk / Susu Evaporasi 380g,Rp28.600,28600.0
kental-manis,Susu Bendera Gold 490Gr / Susu Fullcream Gold Bendera / SKM Gold,Rp33.500,33500.0
kental-manis,Frisian Flag Susu Kental Manis 370 g,Rp18.500,18500.0
kental-manis,Indomilk Skm Coklat 370G,Rp12.510,12510.0
kental-manis,INDOMILK KENTAL MANIS 560 GR,Rp18.390,18390.0
kental-manis,SUSU KENTAL MANIS TIGA SAPI / KRIMER KENTAL MANIS TIGA SAPI 490 GR,Rp18.400,18400.0
kental-manis,Carnation Krimer Kental Manis 365 Gram,Rp16.000,16000.0
kental-manis,Indomilk Susu Kental Manis Pouch 260Gr / SKM Indomilk 260Gr / Susu Indomilk Kental Manis 260Gr,Rp14.000,14000.0
kental-manis,Susu Kental Manis Carnation Kaleng 370 gram,Rp14.000,14000.0
kental-manis,Bendera Kental Manis Coklat renceng isi 6 sachet,Rp15.000,15000.0
kental-manis,CARNATION EVAPORASI 405 GR,Rp16.490,16490.0
kental-manis,Frisian Flag Susu Kental Manis 38 g [6 Sachet/ 1 Renceng],Rp12.000,12000.0
kental-manis,FRISIAN FLAG SKM KRIMER 370GR,Rp17.500,17500.0
kental-manis,INDOMILK Susu Kental Manis Sachet 1 Renteng 6 Sachet 37g Creamy Original & Swiss Choco Rasa Lezat,Rp10.000,10000.0
kental-manis,Frisian Flag Energo Frisian Flag sachet susu bendera sachet isi 6 pcs varian putih & coklat,Rp10.600,10600.0
kental-manis,Frisian Flag Bendera Susu Kental Manis Kaleng 370 Gram,Rp16.800,16800.0
kental-manis,SUSU KENTAL MANIS TIGA SAPI KALENG 490GR,Rp20.250,20250.0
kental-manis,INDOMILK SCH PLAIN BD 6 X 37G,Rp8.350,8350.0
kental-manis,Carnation Susu Kental Manis 1 karton 48 kaleng x 488 gr,Rp850.000,850000.0
kental-manis,Susu Bendera Frisian Flag sachet,Rp11.500,11500.0
kental-manis,susu bendera gold kaleng 370g,Rp24.000,24000.0
kental-manis,SUSU FRISIAN FLAG SASET |SUSU BENDERA |SUSU COKLAT |SUSU PUTIH |SUSU ENAK MURAH 1renceng,Rp15.900,15900.0
kental-manis,Wincheez 1 Slop Keju Wincheese 8 x250gr 2Kg,Rp116.000,116000.0
kental-manis,Jual susu kental manis frisian flag pouch 240 gr all varia,Rp19.500,19500.0
kental-manis,Frisian Flag Susu Kental Manis Bendera 535g Pouch,Rp25.900,25900.0
kental-manis,INDOMILK KENTAL MANIS CREAMY 535GRAM,Rp18.900,18900.0
kental-manis,SUSU KENTAL MANIS BENDERA 560 G/FRISIAN FLAG,Rp22.990,22990.0
kental-manis,Susu Kental Manis Frisian Flag (Bendera) Coklat - 1 Renceng 6 Sachet,Rp14.008,14008.0
kental-manis,DAY DAY DAYDAY BIRD'S NEST SARANG BURUNG WALET KALENG 300 ml 1 DUS,Rp155.000,155000.0
kental-manis,Indomilk Krimer Kental Manis Pouch Sachet 6pcs,Rp15.518,15518.0
kental-manis,SUSU FRISIAN FLAG 545g KEMASAN POUCH PUTIH/COKLAT,Rp19.700,19700.0
kental-manis,Ultra Jaya Cap Sapi Krimer Kental Manis Cokelat 375gr,Rp16.200,16200.0
kental-manis,Indomilk Kental Manis Swiss Choco 370gr,Rp17.500,17500.0
kental-manis,Frisian Flag susu Bendera Cokelat Susu Bendera Coklat 370 gram,Rp25.000,25000.0
kental-manis,Susu Kental Manis Indomilk Putih Plain 370gr,Rp24.210,24210.0
kental-manis,Cap Enak SKM Putih 370G,Rp12.610,12610.0
kental-manis,Indomilk SKM Putih 370G,Rp12.510,12510.0
kental-manis,Frisian Flag Bendera Susu Kental Manis / Condensed Milk Sachet 6pcs,Rp15.460,15460.0
kental-manis,SUSU KENTAL MANIS CARNATION NESTLE 370GR,Rp15.500,15500.0
kental-manis,Roti Susu Lumer,Rp13.000,13000.0
kental-manis,Susu Kental Manis Indomilk Choco 370Gr,Rp18.280,18280.0
kental-manis,Carnation Sweet Condensed Creamer 370G,Rp12.720,12720.0
kental-manis,Indomilk SKM Putih 370G,Rp12.350,12350.0
kental-manis,INDOMILK SKM PUTIH 370 GR - SUSU KENTAL MANIS,Rp12.250,12250.0
kental-manis,BENDERA SCM POUCH CHO 560 GR - SUSU KENTAL MANIS,Rp20.000,20000.0
kopi,GOOD DAY VNL LATTE BOX 5SX20GR,Rp10.690,10690.0
kopi,Kab. Sleman,Rp70.000,70000.0
kopi,Tong Tji Teh Jasmine Foil Pack 25 Sx2G,Rp13.900,13900.0
kopi,"Maharaja Coffee Wild Kopi Luwak La Javanica Arabika 4,5oz/120g",Rp420.000,420000.0
kopi,Kopi Arabika Robusta Bean Voyage Sumatera Espresso Special Blend Bubuk Biji Roasted Coffee 200gr,Rp56.799,56799.0
kopi,KOPI JAVA PREANGER ROBUSTA 200 GRAM BIJI DAN BUBUK - Sutoyo Coffee,Rp57.999,57999.0
kopi,Maharaja Coffee Kerinci Kayu Aro Specialty Nano Lot Roasted Beans Kopi Sangrai Arabika 200g,Rp110.600,110600.0
kopi,Maharaja Coffee Organica ACEH GAYO 200g Kopi Sumatra Aceh Sangrai Arabika Biji / Bubuk Kemasan Kaleng Canister,Rp148.000,148000.0
kopi,"KOPI ARABIKA GAYO WINE ""SUPER 60"" 1 KILOGRAM BY SUTOYO COFFEE",Rp482.999,482999.0
kopi,MKND COFFEE ROASTERY - Kopi Liberika Sweet 100 gr Singgel Origin | Espresso | Biji Kopi |Medium Roast,Rp40.999,40999.0
kopi,Kopi Arabica Aceh Gayo Anaerob Natural Process 200g - Biji / Bubuk Single Origin Otten Coffee Roasted Beans,Rp135.500,135500.0
kopi,INDOCAFE COFFEE FIND BLEND REF 100 GR - KOPI,Rp49.210,49210.0
kopi,Kopi Espresso Blend Es Kopi Susu Kekinian 100gr Coffe Beans Biji Bubuk,Rp47.900,47900.0
kopi,Kopi Arabica Flores Mbohang Red Honey 200g - Biji / Bubuk Kopi Single Origin Otten Coffee Roasted Beans,Rp145.500,145500.0
kopi,TEAPLUS TEH CELUP MANIS 10S X 16 GR,Rp11.760,11760.0
kopi,Maharaja Coffee Kopi Tarik Econo Pack Arabika & Robusta Blend 200g,Rp70.000,70000.0
kopi,Maharaja coffee Kopi Robusta SEKO Luwu utara Sulawesi sangrai Biji / Bubuk,Rp89.000,89000.0
kopi,KOPI ARABIKA SIDIKALANG | SPECIALTY ARABICA BEAN GROUND BIJI BUBUK TAGETTO COFFEE,Rp90.000,90000.0
kopi,Kopi Fajarasa Papua Wamena Biji Kopi Arabica 1 kg,Rp415.000,415000.0
kopi,BIJI KOPI FINE ROBUSTA BALI 500GR - HONEY PROCESS | BEAN GROUND BUBUK 500 GRAM TAGETTO COFFEE,Rp120.000,120000.0
kopi,BIJI KOPI FINE ROBUSTA GARUT 1KG | BEAN GROUND BUBUK 1 KG TAGETTO COFFEE,Rp227.000,227000.0
kopi,Tagetto Coffee Roastery_NEW,Rp315.000,315000.0
kopi,KOPI ESPRESSO ARABIKA JAVA IJEN 100 GRAM | MEDIUM DARK ROAST - Sutoyo Coffee,Rp42.999,42999.0
kopi,Kopi Fajarasa American Espresso Biji Kopi Espresso Blend 200 gram,Rp98.500,98500.0
kopi,Kopi Robusta Ciwidey Jawa Barat 500 GRAM Bubuk Biji Coffee Bean Beans,Rp115.000,115000.0
kopi,Tagetto Coffee Roastery_NEW,Rp80.000,80000.0
kopi,BIJI KOPI ARABIKA MALABAR NATURAL 500GR | SPECIALTY ARABICA BEAN GROUND BUBUK 500 GRAM TAGETTO COFFEE,Rp210.000,210000.0
kopi,Gambino Coffee Shot Ammo White 60ml,Rp18.000,18000.0
kopi,KOPI ARABIKA ETHIOPIA YIRGACHEFFE 200 GRAM | SUTOYO COFFEE,Rp261.000,261000.0
kopi,Sariwangi Tb 50 Asli,Rp14.750,14750.0
kopi,KOPI ARABIKA TORAJA 200 GRAM BIJI DAN BUBUK,Rp77.999,77999.0
kopi,Indocafe Fine Blend (100g),Rp50.300,50300.0
kopi,Bean Voyage Coffee Roaster,Rp168.900,168900.0
kopi,ABC CHOCOMALT READY TO DRINK 200 ML,Rp4.800,4800.0
kopi,TORA CAFE ICED CAPPUCCINO 180ML,Rp5.980,5980.0
kopi,TONG TJI TEA BLACK CELUP 50 GR,Rp8.440,8440.0
kopi,Belimbing Single Origin Arabica Coffee Arabika Biji Kopi Bubuk Grade 1 200GR,Rp128.000,128000.0
kopi,GOOD DAY DUET MOCA CARAMEL 5'SX22GR,Rp9.830,9830.0
kopi,Maharaja Coffee Toraja Sapan Sulawesi Utara specialty Nano Lot roasted beans Kopi sangrai,Rp129.000,129000.0
kopi,GOOD DAY DUET CHOCO NUT 5'SX22GR,Rp9.620,9620.0
kopi,Paket Bundle Your Coffee Your Choice Exclusive House Blend Coffe Bean Murni Biji Kopi Bubuk,Rp154.900,154900.0
kopi,Bundling JJ Royal Coffee Java Gold Blend Ground Bag 200gr,Rp150.400,150400.0
kopi,Robusta Java Dampit Coffee 250Gr,Rp55.000,55000.0
kopi,Kopi Robusta Sidikalang Asli Coffee Bean Espresso 100 Gram Biji Bubuk,Rp47.900,47900.0
kopi,ABC COFFEE SUSU 10SX30 GR,Rp20.320,20320.0
kopi,Premium Taste - Kopi House Blend 1 Kg - Commercial Blend - Biji / Bubuk Kopi Otten Coffee,Rp266.000,266000.0
kopi,ABC COFFEE SUSU 10SX30 GR,Rp19.780,19780.0
kopi,Sutoyo Coffee Official Store,Rp167.999,167999.0
kopi,Good Day Funtastic Mocacinno 250Ml,Rp7.370,7370.0
kopi,KOPI ESPRESSO ARABIKA PAPUA WAMENA 500 GRAM | MEDIUM DARK ROAST - Sutoyo Coffee,Rp182.999,182999.0
kopi,TORA CAFE ICED MILKY LATTE 180ML,Rp6.410,6410.0
kopi,Sutoyo Coffee Official Store,Rp149.999,149999.0
kopi,XPRESSO Office Pack - Midnight Blues - Coffee Capsules Nespresso Compatible,Rp800.000,800000.0
kopi,KOPI ESPRESSO DUO GAYO | ARABIKA ROBUSTA BLEND | BEAN GROUND BIJI BUBUK TAGETTO COFFEE,Rp65.000,65000.0
kopi,Kopi Signature Espresso House Blend Coffee Beans 200 Gram Biji Bubuk,Rp68.900,68900.0
kopi,UGC Umi Green Coffee Kopi Hijau Original 250 Gram,Rp149.999,149999.0
kopi,Kopi Luwak Liar Specialty Arabika Gayo Aceh Sumatra Arabica Coffee Bean Espresso,Rp89.800,89800.0
kopi,EXCELSO KALOSI TORAJA BIJI 200 GR,Rp92.010,92010.0
kopi,Jakarta Barat,Rp399.000,399000.0
kopi,Kuku Bima Kopi Gingseng Sido Muncul isi 10pcs x 32gr - Kopi Bubuk Kemasan Renteng,Rp22.500,22500.0
kopi,SARIWANGI TB 30 ASLI,Rp9.620,9620.0
kopi,Kota Administrasi Jakarta Utara,Rp75.000,75000.0
kopi,KOPI ARABIKA PAPUA WAMENA 1 KILOGRAM | SUTOYO COFFEE,Rp332.999,332999.0
kopi,Coffee BTS Special Package 250 ml,Rp11.000,11000.0
kopi,Kota Tangerang,Rp219.000,219000.0
kopi,Tong Tji Tea Super 80 Gr,Rp9.620,9620.0
kopi,Summerfield Robusta Solok 1KG,Rp199.900,199900.0
kopi,TOP KOPI MURNI 158 GR,Rp29.950,29950.0
kopi,Bean Voyage Hengsindo Biji Kopi Arabika Lintong Premium Grade 1 Export Roast Beans 200g Espresso Bubuk Halal Indonesia,Rp63.900,63900.0
kopi,ARUTALA Coffee Journey - Robusta Gold (1 Pcs - 10gr),Rp6.900,6900.0
kopi,Biji Kopi Arabika Ciater Los Tropical - Specialty Roast Beans (Ciater Natural),Rp80.000,80000.0
kopi,Kopi Arabika Brazil Cerrado Arabica Coffee Beans Coffe Biji Bubuk,Rp59.800,59800.0
kopi,GOOD DAY 3IN1 CHOCOCINNO 10SX20G,Rp20.210,20210.0
kopi,ESPRESSO GAYO ROBUSTA / ES KOPI SUSU BLEND 500 GRAM | MEDIUM DARK,Rp117.999,117999.0
kopi,SARIWANGI TB 30 ASLI,Rp8.550,8550.0
kopi,EXCELSO JAVA ARABIKA BIJI 200 GR - KOPI,Rp85.590,85590.0
kopi,Jakarta Pusat,Rp80.000,80000.0
kopi,Biji Kopi Arabika Bali Kintamani Honey Arabica Coffee Roast Bean,Rp69.900,69900.0
kopi,Teh Cap Botol Teh Hijau 40Gr .,Rp5.300,5300.0
kopi,S-TEE KOTAK JASMINE 200 ML,Rp3.410,3410.0
kopi,Javanegra Epoca Coffee Capsule,Rp115.000,115000.0
kopi,EXCELSO JAVA ARABICA 10'S X 10GR,Rp46.000,46000.0
kopi,KOPI ARABIKA KAMOJANG ORANGE HONEY 500 GRAM | SUTOYO COFFEE,Rp241.999,241999.0
kopi,XPRESSO Office Pack - Flores Nismara Bajawa - Coffee Capsules Nespresso Compatible,Rp800.000,800000.0
kopi,ARUTALA Kopi Robusta Gold 1KG,Rp278.900,278900.0
kopi,Javanegra Kintamani Bali 200gr,Rp120.000,120000.0
kopi,KOPI ESPRESSO ARABIKA BALI KINTAMANI 500 GRAM | MEDIUM DARK ROAST - Sutoyo Coffee,Rp182.999,182999.0
kopi,GOOD DAY Coffee Freeze Mocafrio 1 Renteng (10 x 30 gr),Rp28.200,28200.0
kopi,Kopi Arabika Malabar Jawa Barat Arabica Coffee Beans 100gr Biji Bubuk,Rp59.900,59900.0
kopi,Kopi Robusta Bali Kintamani Coffee Espresso Roasted Beans Biji Bubuk,Rp47.900,47900.0
kopi,ARUTALA BUNDLING WINE SERIES,Rp204.900,204900.0
kopi,Kopi Tiam Blend A20R80 - 1 kg,Rp217.500,217500.0
kopi,Kopi Fajarasa Bali Kintamani Biji Kopi Arabica 500 gram,Rp171.250,171250.0
kopi,Hometown Espresso Blend (250gr),Rp65.000,65000.0
kopi,Semekar Coffee - Biji Bubuk Kopi Arabika Aceh Gayo Fermentation Wine Specialty Fresh Roasted Beans,Rp89.900,89900.0
kopi,Kopi Arabika Flores Bajawa Arabica Espresso Coffee Beans Biji Bubuk,Rp64.900,64900.0
kopi,Biji Kopi Arabika Palintang White - Specialty Roast Beans ( Palintang Red Honey ),Rp77.500,77500.0
kopi,MILKINHO DA CERRA Kopi Espresso Full Arabica Biji Coffee Bubuk Murni Latte Cappuccino by Sakha Coffee,Rp84.800,84800.0
kopi,Jakarta Pusat,Rp69.700,69700.0
kopi,Biji Kopi Bubuk Robusta Toraja Coffee Roast Beans Sakha Roastery 500Gr,Rp124.900,124900.0
kopi,Kopi Special Gold Espresso House Blend Coffee Beans 1Kg Biji / Bubuk,Rp272.500,272500.0
kopi,XPRESSO Office Pack - Papua Fruit Passion - Coffee Capsules Nespresso Compatible,Rp950.000,950000.0
kopi,Bean Voyage Hengsindo Biji Kopi Arabika Mandheling Premium Grade 1 Export Roast Beans Full Arabica Coffee 200g Halal Indonesia,Rp63.900,63900.0
kopi,Paket Hemat Free Compress Bag 2 Pouch QSC Female Lancarkan Siklus Wanita Halal & BPOM,Rp199.900,199900.0
kopi,Second Step Coffee,Rp48.800,48800.0
kopi,Kopi Arabica Java Sindoro Natural Process 200g - Biji / Bubuk Kopi Otten Coffee Roasted Beans,Rp146.500,146500.0
kopi,Kopi Aroma Gold Espresso Blend Coffee Beans Roasted Bean Biji Bubuk,Rp41.800,41800.0
kopi,Kopi Espresso Blend Signature Coffee Roast Beans 500g Coffe Biji Bubuk,Rp128.800,128800.0
kopi,KOPI ARABIKA SIDIKALANG 1 KILOGRAM BIJI DAN BUBUK - Sutoyo Coffee,Rp332.999,332999.0
kopi,Coffesso Esprit Lungo 150s - Kopi Pods Espresso,Rp1.763.941,1763941.0
kopi,Kopi Winter Blend 200g - Summerfield Specialty,Rp79.900,79900.0
kopi,Tong Tji Teh Jasmine Foil Pack 25 Sx2G,Rp14.750,14750.0
kopi,KOPI ARABIKA JAVA IJEN NATURAL 500 GRAM GRADE 1 PROMO DISKON | MKND COFFEE ROASTERY,Rp182.999,182999.0
kopi,MKND KOPI ARABIKA WATER MELON BLAST 100 GRAM SPECIALTY COFFEE MKND,Rp65.999,65999.0
kopi,MKND COFFEE ROASTERY,Rp45.999,45999.0
kopi,BIJI KOPI ESPRESSO DUO GAYO 200GR | ARABIKA ROBUSTA BLEND | BEAN GROUND BUBUK 200 GRAM TAGETTO COFFEE,Rp65.000,65000.0
kopi,TONG TJI TEH JASMINE FOIL PACK 25 PCS X 2 GR,Rp12.080,12080.0
kopi,BIJI KOPI ARABIKA MANDAILING NATAL 1KG - PAGUR PANYAMBUNGAN | ARABICA BEAN GROUND BUBUK 1 KG TAGETTO COFFEE,Rp401.000,401000.0
kopi,BIJI KOPI ARABIKA BALI PLAGA BLACK HONEY 200GR | SPECIALTY ARABICA BEAN GROUND BUBUK 200 GRAM TAGETTO COFFEE,Rp95.000,95000.0
kopi,BIJI KOPI ESPRESSO KOPI SUSU ROBUSTA DARK ROAST 200GR | BEAN GROUND BUBUK 200 GRAM TAGETTO COFFEE,Rp60.000,60000.0
kopi,LUWAK LESS SUGAR 19SX19G,Rp40.650,40650.0
kopi,Maharaja Dark Roast Coffee Arabica Kopi sangrai gelap redah Asam 1kg Biji / Bubuk Black Bold Kental,Rp340.600,340600.0
kopi,Maharaja Coffee Organica Flores Bajawa Arabica 1 kg Econo Pack,Rp337.900,337900.0
kopi,[MEDIUM DARK] KOPI ESPRESSO ARABIKA ACEH GAYO 100 GRAM GRADE 1 | MKND COFFEE ROASTERY,Rp51.999,51999.0
kopi,KOPI ESPRESSO ARABIKA LINTONG 200 GRAM | MEDIUM DARK ROAST - Sutoyo Coffee,Rp77.999,77999.0
kopi,SARIWANGI TB 30 ASLI,Rp9.620,9620.0
kopi,Kota Administrasi Jakarta Utara,Rp75.000,75000.0
kopi,KOPI ARABIKA PAPUA WAMENA 1 KILOGRAM | SUTOYO COFFEE,Rp332.999,332999.0
kopi,Coffee BTS Special Package 250 ml,Rp11.000,11000.0
kopi,Kota Tangerang,Rp219.000,219000.0
kopi,Biji / Bubuk Kopi Arabica Ethiopia Sidamo Arbegona Natural 150g | Award Winning Single Origin,Rp200.500,200500.0
kopi,Coffee/Kopi JJ Royal Papua Arabica,Rp60.270,60270.0
kopi,PT. ADMIRAL PARAGON JAYA,Rp105.000,105000.0
kopi,HAMPERS 2 SAY IT WITH COFFEE,Rp90.000,90000.0
kopi,Kopi Fajarasa Aceh Gayo Biji Kopi Arabica 1 kg,Rp313.500,313500.0
kopi,Kopi Arabica Mandheling 500g - Biji / Bubuk Otten Coffee Roasted Beans,Rp270.000,270000.0
kopi,Sariwangi Tb 50 Asli,Rp12.830,12830.0
kopi,Anomali Coffee Biji Kopi Aceh Gayo 1Kg Pak,Rp695.000,695000.0
kopi,Mega Mendung Natural 1 Kg Roast Bean Coffee,Rp425.000,425000.0
kopi,Arabika Gayo Semi Wash 1 Kg,Rp482.500,482500.0
kopi,Kopiko 78C Coffee Latte 240Ml,Rp8.870,8870.0
kopi,Jakarta Barat,Rp399.000,399000.0
kopi,Hotto Cocoa Multigrain with Dark Cacao 1 Pouch,Rp335.000,335000.0
kopi,VUCIDO Espresso Cair Concentrated 500 ml – Specialty Coffee,Rp69.999,69999.0
kopi,Biji Kopi Arabika Tolu Batak Submission - Specialty Roast Beans ( Lintong Wethull ),Rp77.500,77500.0
kopi,BIJI KOPI ARABIKA GAYO BOURBON NATURAL 200GR | ARABICA BEAN GROUND BUBUK 200 GRAM TAGETTO COFFEE,Rp91.000,91000.0
kopi,Jakarta Pusat,Rp344.400,344400.0
kopi,Arabika Blue Ijen Roast Bean Coffee Kopi biji matang 500 gram,Rp285.000,285000.0
kopi,KOPI ARABIKA COLOMBIA DECAF 100 GRAM | SUTOYO COFFEE | IMPORT BEANS,Rp100.000,100000.0
kopi,Sariwangi Tb 50 Asli,Rp14.860,14860.0
kopi,Tong Tji Teh Bubuk Premium 10S X 9 Gr,Rp10.470,10470.0
kopi,Kopiko Cappuccino 150G,Rp11.330,11330.0
kopi,TOP COFFEE TORAJA KOPI 158 GR,Rp24.000,24000.0
kopi,TOP KOPI MURNI 158 GR,Rp23.600,23600.0
kopi,MKND COFFEE ROASTERY - Kopi Liberika Sweet 500gr Singgel Origin | Espresso | Biji Kopi |Medium Roast,Rp165.999,165999.0
kopi,GOOD DAY FREEZE MOCAFRIO BOX 5SX30G,Rp18.180,18180.0
kopi,Tong Tji Teh Bubuk Premium 10S X 9 Gr,Rp11.760,11760.0
kopi,Indocafe Coffeemix 10Sx20G,Rp18.180,18180.0
kopi,Tong Tji Tea Green Celup 25 Pcs 50 Gr,Rp29.090,29090.0
kopi,Tagetto Coffee Roastery_NEW,Rp80.000,80000.0
kopi,Tagetto Coffee Roastery_NEW,Rp310.000,310000.0
kopi,Anomali Coffee Biji Kopi Toraja Mialo 1Kg,Rp695.000,695000.0
kopi,Kopi Breakfast Blend - 500gr - Commercial Blend - Bubuk Kopi Otten Coffee ROASTED BEANS,Rp117.500,117500.0
kopi,MaxTea Peach Tea (5 sachet),Rp10.100,10100.0
kopi,JJ Royal Coffee Java Preanger Arabica,Rp104.550,104550.0
kopi,Tong Tji Tea Super 80 Gr,Rp8.550,8550.0
kopi,Smoking Barrels Coffee - West Java - Nespresso Compatible,Rp132.000,132000.0
kopi,Coffee Drip Bag The Cold Crafters Easy Drip - Toraja Sapan Arabica hitam kopi robusta espresso,Rp78.000,78000.0
kopi,GOOD DAY FUNTASTIC MOCACINNO 250ML,Rp7.100,7100.0
kopi,TONG TJI TEH JASMINE FOIL PACK 25 PCS X 2 GR,Rp11.760,11760.0
kopi,Kopi Arabika Robusta Premium Espresso Base - 58 BLEND,Rp78.000,78000.0
kopi,Bundling JJ Royal Coffee Peaberry Sumatra 200gr,Rp180.800,180800.0
kopi,KOPI ESPRESSO ARABIKA GAYO RED BOURBON 1 KILOGRAM | MEDIUM DARK ROAST,Rp332.999,332999.0
kopi,S-TEE KOTAK JASMINE 200 ML,Rp3.410,3410.0
kopi,SARIWANGI TB 30 ASLI,Rp8.550,8550.0
kopi,Kopi INDIBRO Bilancia Blend - 100gr,Rp60.000,60000.0
kopi,Kapal Api Kopi Susu 1 Pack (10 x 31 gr) - Biji Kopi Pilihan,Rp25.000,25000.0
kopi,Kopi INDIBRO Robruno (Robusta) - 100gr,Rp60.000,60000.0
kopi,Second Step Coffee,Rp218.800,218800.0
kopi,Arutala Kopi Robusta Banten 1 Kg,Rp278.900,278900.0
kopi,ARUTALA Kopi Flores Robusta Coffee 500 gram,Rp135.493,135493.0
kopi,Kopi Robusta Temanggung Java Coffee Roasted Beans Espresso Coffe 1 Kg,Rp220.000,220000.0
kopi,Excelso Specialty Coffee Tanah Karo Beans 100gr,Rp95.000,95000.0
kopi,SARIWANGI TB 100 ASLI,Rp26.740,26740.0
kopi,TONG TJI TEA SUPER 80 GR,Rp8.990,8990.0
kopi,TORA CAFE ICED MILKY LATTE 180ML,Rp5.870,5870.0
kopi,BIJI KOPI ARABIKA MANDHELING 200GR | SPECIALTY ARABICA BEAN GROUND BUBUK 200 GRAM TAGETTO COFFEE,Rp90.000,90000.0
kopi,green coffee Umi Green Coffee Organic 250 gram original,Rp150.000,150000.0
kopi,Kopi Mandailing Arabika Summerfield (Specialty) 200g,Rp89.900,89900.0
kopi,Kopi Robusta Aceh Gayo Sumatra Coffee Roast Bean Espresso Coffe 200 gr,Rp65.000,65000.0
kopi,Kopi Arabica Wild Luwak (Gayo) Roasted Bean 250 gr Dingiso Coffee,Rp174.000,174000.0
kopi,OSK Japanese Green Tea 50's paket 36 box,Rp5.396.400,5396400.0
kopi,Kopi King Mandheling Drip Bag Omiyago,Rp40.000,40000.0
kopi,GOOD DAY VNL LATTE BAG 30SX20GR,Rp52.850,52850.0
kopi,Kota Tangerang,Rp219.000,219000.0
kopi,Biji Kopi Bubuk Arabika Papua Wamena Arabica Coffee Beans Coffe Bean,Rp389.400,389400.0
kopi,ARUTALA Kopi Arabika Toraja Sapan 500 gram,Rp209.900,209900.0
kopi,Kopi Espresso Special Gold Blend Coffee Beans 100gr Coffe Biji Bubuk,Rp46.900,46900.0
kopi,Kopi Susu Kekinian Blend Coffee Roast Bean Espresso Biji Bubuk 1Kg,Rp274.900,274900.0
kopi,Kopi Fine Robusta Dampit Malang Coffee Roast Beans 200 Gram Biji Bubuk,Rp64.900,64900.0
kopi,Biji Kopi Bubuk Arabika Java Preanger Tilu Tiwus Pangalengan Arabica Coffee Bean Espresso Manual 1Kg,Rp399.900,399900.0
kopi,Kopi Biji Arabika Java Ijen Arabica Coffee Roast Bean Bubuk Organik Bebas gula,Rp48.800,48800.0
kopi,ARUTALA Kopi Arabika Mandailing 200 gram,Rp64.820,64820.0
kopi,GOOD DAY Coffee Freeze Choc'O'Range 1 Renteng (10 x 30 gr),Rp24.075,24075.0
kopi,ROBUSTA LAMPUNG kopi fine robusta premium biji bubuk MURRELL COFFEE,Rp54.900,54900.0
kopi,1 Kg GOLDEN ESPRESSO 1Kg kopi arabica specialty blend biji bubuk MURRELL COFFEE,Rp385.900,385900.0
kopi,Bundling Series Kopi Arabika Bali Kintamani Biji Bubuk 200gr By Sakha Coffee,Rp168.900,168900.0
kopi,Biji Kopi Bubuk Robusta Bali Kintamani Coffee Roast Bean Espresso Beans 500 Gram Roastery,Rp124.900,124900.0
kopi,Kopi Arabika Papua Wamena Arabica Coffee Roast Bean Espresso Dan Manual Brew Beans 100gr Biji Bubuk,Rp64.900,64900.0
kopi,Biji Kopi Arabika Gayo Natural Arabica Coffee Beans Sakha Roastery 500 Gram Coffe Biji Bubuk,Rp219.900,219900.0
kopi,Kopi Arabika Papandayan Arabica Coffee Roast Beans Sakha Roastery 200gr Biji Bubuk,Rp89.900,89900.0
kopi,Kopi Arabika Bali Kintamani Honey Arabica Coffee Beans 200g Biji Bubuk,Rp104.900,104900.0
kopi,Semekar Coffee - Biji Bubuk Kopi Arabika King Floral House Blend Specialty Fresh Roasted Beans,Rp69.900,69900.0
kopi,Biji Kopi Arabika ALEXANDER LE GRAPE Coffee Bean Arabica Bubuk Coffe by Sakha Coffee,Rp89.900,89900.0
kopi,Kopi Arabica - Ijen Lestari CM 91 by Koro Roasters - Jawa Filter Single Origin Specialty Coffee,Rp209.374,209374.0
kopi,Custom Blend 80 Arabica 20 Robusta 1kg,Rp238.000,238000.0
kopi,AMANECER GOURMET BLEND - Biji Kopi,Rp135.000,135000.0
kopi,Kopi Arabica - Bali Natural Escape by Koro Roasters - Bali Espresso Single Origin Specialty Coffee,Rp188.000,188000.0
kopi,Otten Coffee Medan,Rp260.000,260000.0
kopi,ARUTALA Kopi Flores Robusta Coffee 200 gram,Rp58.900,58900.0
kopi,Kopi Decaffeinated Columbia Sugar Cane Process 200gr - Biji / Bubuk Otten Coffee Roasted Beans,Rp186.500,186500.0
kopi,Biji Kopi Bubuk Arabika Gayo Aceh Sumatra Arabica Coffee Beans 200gr,Rp79.900,79900.0
kopi,Semekar Coffee - Biji Kopi Arabica Sunda Wine Roasted Beans,Rp89.900,89900.0
kopi,Semekar Coffee - Kopi Bali Kintamani Arabica Specialty Grade Roasted Beans - 500 gr / 1000 gr,Rp229.900,229900.0
kopi,Semekar Coffee - Biji Bubuk Kopi Arabika Kamojang Wanoja Specialty Fresh Roasted Beans,Rp79.900,79900.0
kopi,Semekar Coffee - Biji Bubuk Kopi Minty Bloom Signature Blend Arabica Colombia Sereh Citrus x Kerinci Espresso Roasted Bean,Rp99.900,99900.0
kopi,Biji Kopi Bubuk Arabika Toraja Arabica Coffee Roast Bean Sakha 200Gram,Rp79.900,79900.0
kopi,Biji Kopi Bubuk Robusta Sidikalang Asli Coffee Beans Espresso 200gr,Rp58.800,58800.0
kopi,Kopi Espresso Blend Signature Coffee Roast Beans 100g Coffe Biji Bubuk,Rp43.800,43800.0
kopi,Kopi Gold Espresso Breakfast Blend Coffee Bean 500gr Biji Bubuk Coffe,Rp169.800,169800.0
kopi,Kopi Arabika Semendo Arabica Espresso Coffee Beans Biji Bubuk Coffe,Rp48.800,48800.0
kopi,Kopi Espresso Special Gold Blend Coffee Roast Beans 500gr Biji Bubuk,Rp134.800,134800.0
kopi,Malotong Kopi Arabika Toraja Sapan 200 Gram Kopi Bubuk / Kopi Biji,Rp91.000,91000.0
kopi,Indocafe Coffee Find Blend Ref 100 Gr,Rp46.150,46150.0
kopi,EXCELSO JAVA ARABICA 10'S X 10GR,Rp43.250,43250.0
kopi,KOPI ARABIKA ACEH GAYO GRADE 1 SINGLE ORIGIN 1 KILOGRAM (KG) | MKND COFFEE ROASTERY,Rp495.999,495999.0
kopi,Kopi Robusta Toraja Sapan 100 GRAM Bubuk Giling / Biji Coffee Bean,Rp30.000,30000.0
kopi,KOPI ESPRESSO ARABIKA GAYO LANANG PEABERRY 500 GRAM| MEDIUM DARK ROAST - Sutoyo Coffee,Rp198.999,198999.0
kopi,CIKURAY YELLOW BOURBON NATURAL 200 GRAM ARABICA COFFEE | SUTOYO COFFEE,Rp97.999,97999.0
kopi,CMBCH Espresso Cair Robusta 250 ml / 1 liter,Rp68.900,68900.0
kopi,KOPI ARABIKA GAYO SUPER WINE60 FERMENTATION 100 GRAM SINGLE ORIGIN SPECIALTY COFFEE | MKND COFFEE ROASTERY,Rp62.999,62999.0
kopi,Tagetto Coffee Roastery_NEW,Rp165.000,165000.0
kopi,BIJI KOPI FINE ROBUSTA BALI 1KG - HONEY PROCESS | BEAN GROUND BUBUK 1 KG TAGETTO COFFEE,Rp227.000,227000.0
kopi,KOPI ESPRESSO ARABIKA MANDHELING 100 GRAM | MEDIUM DARK ROAST - Sutoyo Coffee,Rp42.999,42999.0
kopi,SARIWANGI TB 50 ASLI,Rp14.750,14750.0
kopi,Custom Blend 80 Robusta 20 Arabica Kemasan 250gr,Rp61.000,61000.0
kopi,Jakarta Barat,Rp399.000,399000.0
kopi,Kopi Kapsul - O10 Assorted Specialty Blend Coffee Capsule | Kapsul Nespresso Compatible - Otten Coffee Capsules,Rp97.500,97500.0
kopi,Kopi Fajarasa Jambi Kerinci Biji Kopi Arabica 200 gram,Rp82.500,82500.0
kopi,Drip Bags - Ijen Legacy - Kopi Arabica - Filter Specialty Coffee by Koro Roasters,Rp72.500,72500.0
kopi,ABC CHOCOMALT READY TO DRINK 200 ML,Rp4.800,4800.0
kopi,SARIWANGI TB 30 ASLI,Rp9.620,9620.0
kopi,Kopi Arabika LANANG SUMATRA Premium | SUMATRA PEABERRY - DJAUW COFFEE,Rp144.000,144000.0
kopi,TORA CAFE ICED MILKY LATTE 180ML,Rp5.870,5870.0
kopi,S-TEE KOTAK JASMINE 200 ML,Rp3.410,3410.0
kopi,Kopi Arabica Wild Luwak (Gayo) Roasted Bean 250 gr Dingiso Coffee,Rp174.000,174000.0
kopi,OSK Japanese Green Tea 50's paket 36 box,Rp5.396.400,5396400.0
kopi,Kopi King Mandheling Drip Bag Omiyago,Rp40.000,40000.0
kopi,GOOD DAY VNL LATTE BAG 30SX20GR,Rp52.850,52850.0
kopi,Kota Tangerang,Rp219.000,219000.0
kopi,Indocafe Sumatra Freeze Dried Coffee (50g),Rp87.400,87400.0
kopi,Kopi INDIBRO Single Origin Gayo Takengon - 100gr,Rp80.000,80000.0
kopi,KOPIKO 78C COFFEE LATTE 240ML,Rp8.870,8870.0
kopi,Kopi Fajarasa Jambi Kerinci Biji Kopi Arabica 500 gram,Rp171.250,171250.0
kopi,EXCELSO SUMATERA MANDHELING 10'S X 10GR,Rp50.280,50280.0
kopi,Biji Kopi Bubuk RUBY CLASSIC Filter & Espresso House Blend Coffee Beans,Rp135.000,135000.0
kopi,ABC COFFEE SUSU 10SX30 GR,Rp19.780,19780.0
kopi,Espresso Cair Konsentrat Murni Signature Blend Minuman 1 Liter Kopi,Rp102.900,102900.0
kopi,Kopi Arabika Lintong Mandheling Mandailing Coffee Roast Bean Espresso Roasted Beans Biji Bubuk 1Kg,Rp399.900,399900.0
kopi,Kopi Fajarasa Robusta Dampit Biji Kopi Robusta 500 gram,Rp106.500,106500.0
kopi,Biji Kopi Arabika Rancabali Pink Moscato - Specialty Roast Beans ( Rancabali Honey ),Rp75.000,75000.0
kopi,KOPI ARABIKA FLORES BAJAWA 500 GRAM | SUTOYO COFFEE - Sutoyo Coffee,Rp182.999,182999.0
kopi,KOPI ARABIKA HALU RED WINE 1 KG BY SUTOYO COFFEE,Rp482.999,482999.0
kopi,KOPI ARABIKA KENYA AB TAMU 200 GRAM | IMPORT BEANS | - Sutoyo Coffee,Rp127.999,127999.0
kopi,Biji Kopi Arabika Puntang Lots Brew - Specialty Roast Beans (Puntang Natural Ferment),Rp80.000,80000.0
kopi,ARUTALA Kopi Excelsa Semendo 1KG,Rp332.900,332900.0
kopi,Kopi Arabika Mandailing Sumatra Arabica Coffee Bean Coffe Beans 200 gr,Rp95.000,95000.0
kopi,Biji Kopi Arabika Gayo Le Herbaceous - Specialty Roast Beans (Gayo Full Wash),Rp75.000,75000.0
kopi,TANAMERA COFFEE – Forte Blend 250g,Rp165.620,165620.0
kopi,Kopi Anjis - Ramadhan Premium Hampers 2026,Rp280.000,280000.0
kopi,BIJI KOPI CREMA ESPRESSO 200GR SPECIALTY ARABIKA | ARABICA BEAN GROUND BUBUK 200 GRAM TAGETTO COFFEE,Rp91.000,91000.0
kopi,Dilmah Foil Envelope Traditional Oolong 100s - Teh Celup,Rp315.190,315190.0
kopi,UGC Umi Green Coffee Original Kopi Hijau 250 Gram,Rp150.000,150000.0
kopi,Starbucks Doubleshot All Variant 220ml Buy 6 Get Exclusive Tote Bag | Kopi Starbucks RTD (Ready-To-Drink),Rp107.500,107500.0
kopi,Expat Roasters Specialty Coffee Nomad Espresso Blend Biji Kopi / bubuk kopi Arabika Kemasan 200gr,Rp177.000,177000.0
kopi,Tagetto Coffee Roastery_NEW,Rp75.000,75000.0
kopi,TOP COFFEE TORAJA KOPI 158 GR,Rp26.400,26400.0
kopi,KOPI ARABIKA GAYO RED BOURBON GRADE 1 SINGLE ORIGIN 100 GRAM COFFEE | MKND COFFEE ROASTERY,Rp51.999,51999.0
kopi,KOPI ARABIKA COLOMBIA DECAF 1 KILOGRAM (KG) | IMPORTED BEANS | MKND COFFEE ROASTERY,Rp548.999,548999.0
kopi,EXCELSO KALOSI TORAJA BIJI 200 GR,Rp90.940,90940.0
kopi,Kopi Robusta Aceh Gayo 200gr - Biji / Bubuk Kopi Otten Coffee Roasted Beans,Rp102.500,102500.0
kopi,WoCA Kopi Luwak Mandailing 50 gram bean,Rp199.999,199999.0
kopi,Arabika Gayo Full Wash 500 gr,Rp262.500,262500.0
kopi,BIJI KOPI ARABIKA SIDIKALANG 200GR | SPECIALTY ARABICA BEAN GROUND BUBUK 200 GRAM TAGETTO COFFEE,Rp90.000,90000.0
kopi,Javanegra Value Set 1 box isi 2x200gr Kopi,Rp235.000,235000.0
kopi,Kopi Arabica Wanoja Kamojang Anaerobic Honey Process 200g - Biji / Bubuk Kopi Otten Coffee Roasted Beans,Rp203.500,203500.0
kopi,Tropicana Slim Skim Milk Coffee 500gr - Susu Turunkan Kolesterol,Rp123.800,123800.0
kopi,XPRESSO Kopi Kapsul DOLCE GUSTO Series Coffee Capsule,Rp110.000,110000.0
kopi,Biji Kopi Arabika Gayo Lemon Fizz - Specialty Roast Beans ( Gayo Natural ),Rp77.500,77500.0
kopi,Tangerang Selatan,Rp63.922,63922.0
kopi,Semekar Coffee - Biji Bubuk Kopi Fine Robusta Temanggung Grade 1 Fresh Roasted Beans,Rp49.900,49900.0
kopi,Semekar Coffee - Biji Bubuk Kopi Robusta Dark Wine Fermentation Process Fresh Roasted,Rp78.000,78000.0
kopi,Semekar Coffee - Biji Bubuk Kopi Fine Robusta Malabar Puntang Natural Process specialty Fresh Roasted,Rp49.900,49900.0
kopi,Semekar Coffee - Biji Bubuk Kopi Arabika Orange Bourbon Natural Anaerob Specialty Fresh Roasted Beans,Rp89.900,89900.0
kopi,Sumatera Lintong Arabica Grade 1 Biji Kopi Roasted Beans 200GR Coffee,Rp98.000,98000.0
kopi,GOOD DAY DUET MOCA'CARAMEL 1 Bag (5 x 22 gram),Rp9.600,9600.0
kopi,Kopi Robusta Toraja Sulawesi Coffee Roast Bean Espresso Roasted Beans Biji Bubuk 1Kg,Rp229.900,229900.0
kopi,Kopi Gold Espresso Breakfast Blend Coffee Bean 500gr Biji Bubuk Coffe,Rp169.900,169900.0
kopi,Dark Roast ARABICA Coffee kopi sangrai gelap Arabika tidak Asam 1kg,Rp340.600,340600.0
kopi,Kopi Arabika Papua Wamena Arabica Coffee Roast Bean Espresso Dan Manual Brew Biji Bubuk Coffe Sakha,Rp64.900,64900.0
kopi,Kopi Gregory Blend Coffee Roast Bean Arabika Espresso Roasted Beans Biji Bubuk 100 Gram,Rp56.900,56900.0
kopi,BIJI KOPI BLEUBAILESS CHOCOTART Espressso Coffee Beans Sakha Coffee Roastery,Rp89.900,89900.0
kopi,Semekar Coffee - Biji Bubuk Kopi Arabika Aceh Gayo Specialty Fresh Roasted Beans 500g 1kg,Rp229.900,229900.0
kopi,Biji Kopi Arabika Rancabali Blue Raisin - Specialty Roast Beans (Rancabali Natural),Rp77.500,77500.0
kopi,Semekar Coffee - Biji Bubuk Kopi Arabika Semeru Single Origin Specialty Fresh Roasted Beans,Rp69.900,69900.0
kopi,Second Step Coffee,Rp62.700,62700.0
kopi,Kopi Special Gold Espresso House Blend Coffee Beans Coffe 500 Gram Biji Bubuk,Rp135.900,135900.0
kopi,Second Step Coffee,Rp61.800,61800.0
kopi,Biji Kopi Robusta Toraja Sulawesi Coffee Roast Beans Espresso 1Kg Bubuk,Rp198.700,198700.0
kopi,Kopi Arabica Mandailing Coffee Arabika Asli Tanpa Gula Biji Bubuk Coffe Beans 500 Gram,Rp188.800,188800.0
kopi,Kopi King Mandheling Drip Bag Omiyago,Rp40.000,40000.0
kopi,Arabica Aceh Gayo Honey Roasted Coffee Beans 250 gr - Dingiso,Rp87.000,87000.0
kopi,Kopi Arabica Wild Luwak (Gayo) Roasted Bean 250 gr Dingiso Coffee,Rp174.000,174000.0
kopi,Kota Administrasi Jakarta Utara,Rp75.000,75000.0
kopi,Coffee BTS Special Package 250 ml,Rp11.000,11000.0
kopi,Espresso Cair Konsentrat Murni Signature Blend Minuman 1 Liter Kopi,Rp102.900,102900.0
kopi,Kopi Robusta Bali Kintamani 250 GRAM Bubuk Biji Coffee Bean Beans,Rp60.000,60000.0
kopi,Singabera Moroccan Mint - Green tea Blend - 1 Pouch 500 g,Rp528.000,528000.0
kopi,Tong Tji Teh Jasmine Foil Pack 25 Sx2G,Rp12.590,12590.0
kopi,Tong Tji Tea Black Celup 50 Gr,Rp8.850,8850.0
kopi,Good Day Funtastic Mocacinno 250Ml,Rp8.250,8250.0
kopi,EXCELSO SUMATERA MANDHELING 10'S X 10GR,Rp51.500,51500.0
kopi,S-TEE KOTAK JASMINE 200 ML,Rp2.800,2800.0
kopi,S-TEE KOTAK JASMINE 200 ML,Rp3.410,3410.0
kopi,Paket Kapal Api Special 150 gr x Oatbits Raisin,Rp35.550,35550.0
kopi,GOOD DAY 3 IN 1 CHOCOCINNO BOX 5X20 GR,Rp10.000,10000.0
kopi,[MEDIUM DARK]KOPI ESPRESSO ARABIKA PAPUA WAMENA 1 KG (KILOGRAM) MKND COFFE ROASTERY,Rp359.999,359999.0
kopi,KOPI ARABIKA GAYO LUWAK 1KILOGRAM | SUTOYO COFFEE,Rp659.999,659999.0
kopi,KOPI BALI ROBUSTA 1 KG BIJI DAN BUBUK - Sutoyo Coffee,Rp239.999,239999.0
kopi,KOPI ESPRESSO ARABIKA JAVA PREANGER 500 GRAM | MEDIUM DARK ROAST - Sutoyo Coffee,Rp182.999,182999.0
kopi,KOPI ROBUSTA TEMANGGUNG 100 GRAM GRADE 1 | MKND COFFEE ROASTERY,Rp40.999,40999.0
kopi,KOPI ARABIKA GAYO NATURAL PROCESS 1 KILOGRAM BIJI DAN BUBUK - Sutoyo Coffee,Rp372.999,372999.0
kopi,MKND COFFEE ROASTERY,Rp48.999,48999.0
kopi,Sutoyo Coffee Official Store,Rp49.999,49999.0
kopi,Sutoyo Coffee Official Store,Rp49.999,49999.0
kopi,Kopi Espresso Special Gold Blend Coffee Beans 200gr Coffe Biji Bubuk,Rp68.800,68800.0
kopi,KOPI ARABIKA GAYO LUWAK LIAR 1 KILOGRAM (KG) SPECIALTY COFFEE BY | MKND COFFEE ROASTERY,Rp589.999,589999.0
kopi,ARUTALA Kopi Lampung Robusta Coffee 100 gram,Rp34.900,34900.0
kopi,KOPI LAMPUNG ROBUSTA 1 KG BIJI DAN BUBUK - Sutoyo Coffee,Rp239.999,239999.0
kopi,Coffesso Mandailing Coffee - Biji Kopi 125g,Rp98.416,98416.0
kopi,Kopi Kapsul - O10 Eastpresso Blend Coffee Capsule | Nespresso Compatible,Rp87.500,87500.0
kopi,Kopi Kapsul - O10 Eastpresso Blend Coffee Capsule | Otten Coffee Capsules - Kapsul Nespresso Compatible,Rp87.500,87500.0
kopi,Kopiko 78C Coffee Latte 240Ml,Rp8.550,8550.0
kopi,GOOD DAY FREEZE COOKIES CREAM 10SX30G,Rp29.900,29900.0
kopi,KOPIKO LUCKY DAY 180 ML - KOPI,Rp7.950,7950.0
kopi,Kopi Arabika Gayo Special House Blend Coffee Bean 100g Biji Bubuk Asli,Rp50.900,50900.0
kopi,Sumatera Lintong Coffee 1000Gr,Rp336.000,336000.0
kopi,Mahugi Coffee Mantesa Ozonic - Natural Ozonic - Biji Kopi Arabika Speciality,Rp94.500,94500.0
kopi,Jakarta Barat,Rp399.000,399000.0
kopi,INDIBRO Single Origin Java Preanger - 100gr,Rp68.000,68000.0
kopi,KOPI ARABIKA SUNDA GULALI 200 GRAM SINGLE ORIGIN SPECIALTY COFFEE MKND COFFE ROASTERY,Rp90.999,90999.0
kopi,KOPI ARABIKA HALU RED WINE 100 GRAM BY SUTOYO COFFEE,Rp65.999,65999.0
kopi,Tagetto Coffee Roastery_NEW,Rp190.000,190000.0
kopi,TONG TJI TEH BUBUK PREMIUM 10 PCS X 9 GR,Rp11.760,11760.0
kopi,UGC Umi Green Coffee Kopi Hijau Paket Reseller 4 Bungkus,Rp400.000,400000.0
kopi,GOOD DAY FREEZE MOCAFRIO BOX 5SX30G,Rp18.180,18180.0
kopi,Premium Arabica - Kopi House Blend 500gr - Commercial Blend - Biji / Bubuk Kopi Otten Coffee,Rp167.500,167500.0
kopi,GOOD DAY DUET CHOCO NUT 5'SX22GR,Rp9.620,9620.0
kopi,Kopi Robusta Sidikalang Asli Coffee Roast Bean Espresso 1Kg Biji Bubuk,Rp229.900,229900.0
kopi,SARIWANGI TB 30 ASLI,Rp8.550,8550.0
kopi,Biji Kopi Arabika Halu Irish Gum - Specialty Roast Beans ( Halu Extended Natural ),Rp82.500,82500.0
kopi,KOPI ARABICA COLOMBIA DECAF 200 GRAM | SUTOYO COFFEE | IMPORT BEANS,Rp182.000,182000.0
kopi,Espresso Blend Talaga Wangi 1 Kg,Rp338.750,338750.0
kopi,Drip Bags - Kerinci Honey Velvet - Kopi Arabica - Filter Specialty Coffee by Koro Roasters,Rp77.500,77500.0
kopi,TORA CAFE ICED CAPPUCCINO 180ML,Rp5.120,5120.0
kopi,NESCAFE Kopi Minuman Kaleng Rasa Ice Black 220ml,Rp9.080,9080.0
kopi,Tong Tji Teh Jasmine Foil Pack 25 Sx2G,Rp12.290,12290.0
kopi,TOP COFFEE TORAJA KOPI 158 GR,Rp27.100,27100.0
kopi,GOOD DAY 3IN1 CHOCOCINNO 10SX20G,Rp17.500,17500.0
kopi,Espresso Cair Crema Blend Minuman Coffee Arabika Robusta 70/30,Rp109.900,109900.0
kopi,MKND COFFEE ROASTERY,Rp197.999,197999.0
kopi,KOPI ESPRESSO ARABIKA SIDIKALANG 1 KG| MEDIUM DARK ROAST - Sutoyo Coffee,Rp332.999,332999.0
kopi,KOPI ARABIKA KENYA AB TAMU 100 GRAM | IMPORT BEANS | SUTOYO COFFEE,Rp67.999,67999.0
kopi,Kopi Luwak 2 Arabika + 1 Robusta 3bks fresh roast coffee gift box,Rp1.124.000,1124000.0
kopi,Kopi Arabika Flores Arabica Coffee Roast Beans 100gr Coffe Biji Bubuk,Rp48.800,48800.0
kopi,Kopi King Mandheling Drip Bag Omiyago,Rp40.000,40000.0
kopi,Arabica Aceh Gayo Honey Roasted Coffee Beans 250 gr - Dingiso,Rp87.000,87000.0
kopi,Kopi Arabica Wild Luwak (Gayo) Roasted Bean 250 gr Dingiso Coffee,Rp174.000,174000.0
kopi,Kota Administrasi Jakarta Utara,Rp75.000,75000.0
kopi,Coffee BTS Special Package 250 ml,Rp11.000,11000.0
kopi,Kopiko 78C Coffee Latte 240Ml,Rp8.550,8550.0
kopi,GOOD DAY FREEZE COOKIES CREAM 10SX30G,Rp29.900,29900.0
kopi,KOPIKO LUCKY DAY 180 ML - KOPI,Rp7.950,7950.0
kopi,UGC Umi Green Coffee Kopi Hijau Paket Reseller 4 Bungkus,Rp400.000,400000.0
kopi,TONG TJI TEH BUBUK PREMIUM 10 PCS X 9 GR,Rp11.760,11760.0
kopi,GOOD DAY FREEZE MOCAFRIO BOX 5SX30G,Rp18.180,18180.0
kopi,Premium Arabica - Kopi House Blend 500gr - Commercial Blend - Biji / Bubuk Kopi Otten Coffee,Rp167.500,167500.0
kopi,GOOD DAY DUET CHOCO NUT 5'SX22GR,Rp9.620,9620.0
kopi,Kopi Robusta Sidikalang Asli Coffee Roast Bean Espresso 1Kg Biji Bubuk,Rp229.900,229900.0
kopi,Custom Blend 40 Arabica 60 Robusta (Kemasan 1kg),Rp194.000,194000.0
kopi,SARIWANGI TB 30 ASLI,Rp9.620,9620.0
kopi,ARUTALA Kopi Italian Blend for Espresso 1KG,Rp379.900,379900.0
kopi,ABC KLEPON BAG 5'S X 25GR,Rp16.040,16040.0
kopi,SARIWANGI TB 30 ASLI,Rp8.550,8550.0
kopi,INDOCAFE COFFEEMIX 10SX20g,Rp20.100,20100.0
kopi,Maharaja Single tube roasted coffee beans 18gram Blend series,Rp15.600,15600.0
kopi,Anomali Coffee Biji Kopi Flores Colol 1kg Pak,Rp695.000,695000.0
kopi,Kopi Arabica - Ethiopian Inception by Koro Roasters - Ethiopia Filter Single Origin Specialty Coffee,Rp300.700,300700.0
kopi,TEH DILMAH PURE GREEN TEA NO ENVELOPE 20 DILMAH TEA TAG TBAG TEH CELUP,Rp43.463,43463.0
kopi,TOP KOPI MURNI 158 GR - KOPI,Rp26.740,26740.0
kopi,Biji Kopi Arabika Kamojang Lessy Wine - Specialty Roast Beans ( Kamojang Wine ),Rp90.000,90000.0
kopi,Kab. Tangerang,Rp137.900,137900.0
kopi,Biji Kopi Arabika Colombia Supremo - COCOK UNTUK ESPRESSO,Rp100.000,100000.0
kopi,Breakfast Blend Kopi Arabika Arabica Coffee,Rp98.000,98000.0
kopi,Kopi ADMIRAL Chan Ka Fei - 225gr,Rp70.000,70000.0
kopi,Kopi Espresso Blend Strong Black Coffee Bean Kopdar 200gr Biji Bubuk,Rp65.900,65900.0
kopi,UGC Umi green coffee Kopi Hijau 250gram ORI,Rp150.000,150000.0
kopi,Anomali Coffee - PAKET Biji Kopi Indonesia 200gr - 3 pouch,Rp525.000,525000.0
kopi,Sakha Coffee Roastery,Rp45.800,45800.0
kopi,BIJI KOPI ESPRESSO BLEND CHIKARA 500GR (HOUSE BLEND) | BEAN GROUND BUBUK 500 GRAM TAGETTO COFFEE,Rp155.000,155000.0
kopi,SARIWANGI TB 30 ASLI,Rp8.550,8550.0
kopi,Espresso Blend Talaga Wangi 1 Kg,Rp338.750,338750.0
kopi,KOPI ARABICA COLOMBIA DECAF 200 GRAM | SUTOYO COFFEE | IMPORT BEANS,Rp182.000,182000.0
kopi,Biji Kopi Arabika Halu Irish Gum - Specialty Roast Beans ( Halu Extended Natural ),Rp82.500,82500.0
kopi,Drip Bags - Kerinci Honey Velvet - Kopi Arabica - Filter Specialty Coffee by Koro Roasters,Rp77.500,77500.0
kopi,Kopi Arabica Lintong Coffee Arabika Asli Tanpa Gula Biji Bubuk Coffe Beans 1Kg,Rp338.800,338800.0
kopi,NESCAFE Kopi Minuman Kaleng Rasa Ice Black 220ml,Rp9.080,9080.0
kopi,TORA CAFE ICED CAPPUCCINO 180ML,Rp5.120,5120.0
kopi,Tong Tji Teh Jasmine Foil Pack 25 Sx2G,Rp12.290,12290.0
kopi,BIJI KOPI ARABIKA CIWIDEY WINE NATURAL 200GR | SPECIALTY ARABICA BEAN GROUND BUBUK 200 GRAM TAGETTO COFFEE,Rp101.000,101000.0
kopi,Kopi Robusta Lampung Coffee Beans Sakha Roastery 500 Gram Biji / Bubuk,Rp124.900,124900.0
kopi,Biji Kopi Bubuk Arabika Java Preanger Tilu Pangalengan Arabica Coffee Espresso Dan Manual Brew 500gr,Rp204.900,204900.0
kopi,Biji Kopi Bubuk Arabika Jawa Java Arabica Coffee Beans Coffe,Rp279.900,279900.0
kopi,Kopi Arabika Gayo Blend Coffee Espresso 200gr Biji Bubuk Premium Coffe Murni Asli,Rp85.900,85900.0
kopi,Kopi Arabika Java Preanger Tilu Pangalengan Tiwus Arabica Coffee 100gr Biji Bubuk Coffe Roaste Beans,Rp59.900,59900.0
kopi,Tangerang Selatan,Rp69.900,69900.0
kopi,Semekar Coffee - Biji Bubuk Kopi Arabika Plum Citrus Carbonic Fermentation Specialty Fresh Roasted Beans,Rp79.900,79900.0
kopi,Semekar Coffee - Biji Bubuk Kopi Arabika Luwak Liar Aceh Gayo Specialty Premium Box Fresh Roasted Beans,Rp169.900,169900.0
kopi,Semekar Coffee- Biji Bubuk Kopi Black Forest Signature Blend Arabica Colombia Supremo x Gayo Honey Espresso Roasted Bean,Rp89.900,89900.0
kopi,Kopi Robusta Temanggung 1Kg Coffee Roast Beans Espresso Biji Bubuk,Rp229.900,229900.0
kopi,Bumi Manglayang 200 gr Roast Bean Coffee - Biji Kopi Matang,Rp98.750,98750.0
kopi,Christine Hakim Gayo Lion Kopi Tubruk Pusako Mandeh 50gr - Kopi Aceh Terbaik - Coffee,Rp16.275,16275.0
kopi,Semekar Coffee - Biji Bubuk Kopi Arabika Toraja Pulu Pulu Specialty Fresh Roasted Beans,Rp95.900,95900.0
kopi,Biji Kopi Bubuk Arabika Toraja Sulawesi Arabica Coffee Roast Beans 1Kg,Rp338.800,338800.0
kopi,Kopi Gayo Wine Arabika Specialty Summerfield (Exclusive) 500g,Rp249.900,249900.0
kopi,Kopi Arabika Pangalengan Java Preanger Tilu Tiwus Arabica Coffee 1Kg Biji Bubuk,Rp338.800,338800.0
kopi,Second Step Coffee,Rp208.800,208800.0
kopi,Biji Kopi Arabika Sunda Apple Empire - Specialty Roast Beans (Sunda Amis Gulali),Rp90.000,90000.0
kopi,Kopi Robusta Java Origin Coffee Beans 1Kg Biji Bubuk,Rp198.800,198800.0
kopi,TORA CAFE ICED MILKY LATTE 180ML,Rp6.000,6000.0
kopi,Omiyago- Kopi Arabika Toraja Drip Bag isi 5pcs,Rp40.000,40000.0
kopi,OSK Japanese Green Tea 50's paket 36 box,Rp5.396.400,5396400.0
kopi,SARIWANGI TB 30 ASLI,Rp9.620,9620.0
kopi,Kopi Arabika Papua Baliem Drip Omiyago,Rp40.000,40000.0
kopi,Kota Administrasi Jakarta Utara,Rp75.000,75000.0
kopi,Kopi Arabika Bali Kintamani Arabica Coffee Roast Bean Coffe Beans 1Kg,Rp350.000,350000.0
kopi,KOPI ARABIKA GAYO RED BOURBON GRADE 1 SINGLE ORIGIN 500 GRAM COFFEE | MKND COFFEE ROASTERY,Rp195.999,195999.0
kopi,Singabera Lemongrass Ginger - Herbal Infusion (2 Pouch @ 100 teabags),Rp594.000,594000.0
kopi,Sariwangi Tb 50 Asli,Rp15.290,15290.0
kopi,MKND KOPI ARABIKA GAYO RED BOURBON GRADE 1 SINGLE ORIGIN 200 GRAM COFFEE MKND COFFE ROASTERY,Rp76.999,76999.0
kopi,Good Day Freeze Mocafrio 10Sx30G,Rp34.870,34870.0
kopi,Summerfield Arabica Coffee Bundle 4 x 200g,Rp369.900,369900.0
kopi,MKND KOPI ARABIKA WATER MELON BLAST 200 GRAM SPECIALTY COFFEE MKND,Rp117.999,117999.0
kopi,Maharaja Coffee ORGANICA FLORES BAJAWA Arabica Roasted 200gr Kopi Sangrai Biji / Bubuk Kemasan Kaleng Canister Optimum Roast,Rp148.000,148000.0
kopi,KOPI ARABIKA TORAJA 500 GRAM | SUTOYO COFFEE,Rp182.999,182999.0
kopi,BIJI KOPI ARABIKA SOLOK RADJO HONEY 200GR | SPECIALTY ARABICA BEAN GROUND BUBUK 200 GRAM TAGETTO COFFEE,Rp95.000,95000.0
kopi,House Blend Espresso 200g - Summerfield Specialty,Rp79.900,79900.0
kopi,Kopi Espresso Blend Strong Black Coffee Bean Kopdar 1Kg Biji Bubuk,Rp244.900,244900.0
kopi,Kopi Kapsul - O10 Robusta Lampung Natural Coffee Capsule | Kapsul Nespresso Compatible - Otten Coffee Capsules,Rp87.500,87500.0
kopi,EXCELSO KALOSI TORAJA BIJI 200 GR,Rp93.080,93080.0
kopi,Kopi INDIBRO Liberica - 1kg,Rp410.000,410000.0
kopi,PT. ADMIRAL PARAGON JAYA,Rp570.000,570000.0
kopi,GOOD DAY FUNTASTIC MOCACINNO 250ML,Rp8.010,8010.0
kopi,Biji Kopi Bubuk Arabika Bali Kintamani Arabica Coffee Bean Coffe Beans,Rp60.000,60000.0
kopi,KOPIKO LUCKY DAY 180 ML,Rp8.980,8980.0
kopi,BIJI KOPI ARABIKA FLORES MANGGARAI 1KG | SPECIALTY ARABICA BEAN GROUND BUBUK 1 KG TAGETTO COFFEE,Rp391.000,391000.0
kopi,Kopi Arabika Lintong Sumatra Arabica Coffee Beans 100 Gram Biji Bubuk,Rp59.900,59900.0
kopi,SARIWANGI TB 30 ASLI,Rp9.620,9620.0
kopi,Arabika Gayo Natural 100 gr,Rp76.250,76250.0
kopi,Flores Bajawa Coffee 1000Gr,Rp408.000,408000.0
kopi,WoCA Heritage Coffee Bali Kintamani Batu Karu HDT 200g,Rp161.999,161999.0
kopi,Kopi INDIBRO Blend 149 - 100gr,Rp70.000,70000.0
kopi,Espresso Cair Aroma Blend Minuman Coffee Arabika Robusta 30/70,Rp99.900,99900.0
kopi,MKND COFFEE ROASTERY,Rp289.999,289999.0
kopi,[MEDIUM DARK] KOPI ESPRESSO ARABIKA FLORES BAJAWA 500 GRAM MEDIUM DARK | MKND COFFEE ROASTERY,Rp186.999,186999.0
kopi,Kopi Toraja Arabika Summerfield (Specialty) 500g,Rp215.900,215900.0
kopi,Kopi Arabika Toraja Sapan 250 GRAM Bubuk Giling / Biji Coffee Bean,Rp80.000,80000.0
kopi,KOPI FINE ROBUSTA GARUT | BEAN GROUND BIJI BUBUK TAGETTO COFFEE,Rp60.000,60000.0
kopi,KOPI FINE ROBUSTA BALI - HONEY PROCESS | BEAN GROUND BIJI BUBUK TAGETTO COFFEE,Rp60.000,60000.0
kopi,Good Day Mocacinno Bag 30Sx20Gr,Rp58.410,58410.0
kopi,Tagetto Coffee Roastery_NEW,Rp165.000,165000.0
kopi,BIJI KOPI ESPRESSO KOPI SUSU NIAGARA BLEND 500GR | BEAN GROUND BUBUK 500 GRAM TAGETTO COFFEE,Rp145.000,145000.0
kopi,KOPI ARABIKA GAYO NATURAL PROCESS 100 GRAM BIJI DAN BUBUK - Sutoyo Coffee,Rp57.999,57999.0
kopi,KOPI DAMPIT ROBUSTA 100 GRAM BIJI DAN BUBUK,Rp40.999,40999.0
kopi,TONGTJI TEA JASMINE 25 X 2 GR,Rp16.040,16040.0
kopi,Sariwangi Tb 50 Asli,Rp14.750,14750.0
kopi,Kopi Arabica Java Ciwidey Honey Process 200g - Biji / Bubuk Kopi Otten Coffee Roasted Beans,Rp146.500,146500.0
kopi,GOOD DAY DUET CHOCO NUT 5'SX22GR,Rp10.370,10370.0
kopi,Drip Bags - Toraja Citrus Delight - Kopi Arabica - Filter Specialty Coffee by Koro Roasters,Rp72.500,72500.0
kopi,Kopi Arabica Bali Kintamani 500g - Biji / Bubuk Single Origin Otten Coffee Roasted Beans 500gr,Rp276.000,276000.0
kopi,KOPI ARABIKA KENYA KIRINYAGA 250 GRAM | IMPORT BEANS | SUTOYO COFFEE,Rp134.999,134999.0
kopi,Kopiko 78C Coffee Latte 240Ml,Rp9.190,9190.0
kopi,Biji Kopi Arabika Gayo Sunkissed Honey - Specialty Roast Beans ( Gayo Honey ),Rp77.500,77500.0
kopi,XPRESSO Office Pack - Bali Lychee Bukhari - Coffee Capsules Nespresso Compatible,Rp950.000,950000.0
kopi,XPRESSO Office Pack - Java Orange Lava - Coffee Capsules Nespresso Compatible,Rp950.000,950000.0
kopi,Biji Kopi Bubuk Dark Cocoa Full Robusta Espresso Signature Blend Robusta Coffee Bean,Rp59.999,59999.0
kopi,Excelso Exclusive Coffee Blend,Rp221.500,221500.0
kopi,LA VILOS - Argopuro Coffee - 500 gr | Biji Kopi Aroma Espresso Espreso Bubuk Tubruk Exelso Robusta Argopuro Biji Coffe Coffee Murni Pahit Pahit,Rp114.700,114700.0
kopi,Kopi Otten Coffee Crema Espresso 2.0 - Kopi House Blend 500 gram,Rp167.500,167500.0
kopi,EXCELSO JAVA ARABICA 10'S X 10GR,Rp46.000,46000.0
kopi,Kopi Arabika Brazil Cerrado Arabica Coffee Beans 1Kg Coffe Biji Bubuk,Rp449.900,449900.0
kopi,KOPI ARABIKA GAYO NATURAL 1 KG GRAM SINGLE ORIGIN SPECIALTY COFFEE,Rp372.999,372999.0
kopi,Kopi Robusta Lampung Tanggamus Sumatra Coffee Espresso Coffe 500 Gram,Rp125.000,125000.0
kopi,Kopi Aroma Strong Espresso House Blend Coffee Roasted Bean Coffe 1 Kg,Rp340.000,340000.0
kopi,KOPI ARABIKA KERINCI 250 GRAM | SUTOYO COFFEE,Rp85.999,85999.0
kopi,Omiyago- Kopi Arabika Toraja Drip Bag isi 5pcs,Rp40.000,40000.0
kopi,OSK Japanese Green Tea 50's paket 36 box,Rp5.396.400,5396400.0
kopi,SARIWANGI TB 30 ASLI,Rp9.620,9620.0
kopi,Kopi Arabika Papua Baliem Drip Omiyago,Rp40.000,40000.0
kopi,Kota Administrasi Jakarta Utara,Rp75.000,75000.0
kopi,KOPI ARABIKA KENYA KIRINYAGA 250 GRAM | IMPORT BEANS | SUTOYO COFFEE,Rp134.999,134999.0
kopi,Kopiko 78C Coffee Latte 240Ml,Rp9.190,9190.0
kopi,KOPI ARABIKA KERINCI 250 GRAM | SUTOYO COFFEE,Rp85.999,85999.0
kopi,Kopi Robusta Lampung Tanggamus Sumatra Coffee Espresso Coffe 500 Gram,Rp125.000,125000.0
kopi,Kopi Aroma Strong Espresso House Blend Coffee Roasted Bean Coffe 1 Kg,Rp340.000,340000.0
kopi,Kopi Robusta Sidikalang Asli Coffee Bean Espresso 500 Gram Biji Bubuk,Rp124.900,124900.0
kopi,Otten Coffee Medan,Rp225.000,225000.0
kopi,Kopi Robusta Sidikalang Asli Coffee Bean Espresso 200 Gram Biji Bubuk,Rp64.900,64900.0
kopi,KOPI ARABIKA COLOMBIA DECAF 1 KILOGRAM(KG) |SUTOYO COFFEE|IMPORT BEANS,Rp921.000,921000.0
kopi,Belimbing Single Origin Arabica Coffee Grade 1,Rp128.000,128000.0
kopi,Kopi Arabica Mandheling Natural Process 500g - Otten Coffee,Rp310.000,310000.0
kopi,Kopi Arabika Bali Kintamani Honey Arabica Coffee Beans 100g Biji Bubuk,Rp56.800,56800.0
kopi,JAVANEGRA DELUXE HAMPERS,Rp1.500.000,1500000.0
kopi,Kopi Susu Blend 200gr Biji / Bubuk Kopi Komersial House Blend Arabica / Arabika Robusta Otten Coffee Commercial Roasted Beans,Rp87.500,87500.0
kopi,Sunset Lotus Excellent Robusta Gayo Biji Kopi Espresso Base 500g,Rp119.900,119900.0
kopi,BIJI KOPI ESPRESSO BLEND CHIKARA 200GR (HOUSE BLEND) | BEAN GROUND BUBUK 200 GRAM TAGETTO COFFEE,Rp75.000,75000.0
kopi,Biji Kopi Bubuk Arabika Kerinci Jambi Arabica Coffee Beans Single Origin Grade1 Coffe Roast Bean 1Kg,Rp399.900,399900.0
kopi,Kopi Arabika Mandailing Mandheling Arabica Coffee Beans 100 Gram Coffe Roastery,Rp59.900,59900.0
kopi,Kopi Arabika Toraja Sulawesi Arabica Coffee Roast Bean 100gram Espresso Manual Brew Biji Bubuk Coffe,Rp64.900,64900.0
kopi,Biji Kopi Robusta Flores Bajawa Coffee Roast Beans Espresso 100 Gram,Rp47.900,47900.0
kopi,Semekar Coffee - Kaleng Biji Bubuk Kopi Arabika Luwak Toraja Specialty Premium Gift,Rp589.900,589900.0
kopi,Semekar Coffee - Biji Bubuk Kopi Arabika Royal Fruits Fermentasi Specialty Fresh Roasted Beans,Rp89.900,89900.0
kopi,Semekar Coffee - Biji Bubuk Kopi Luwak Orchid House Blend Robusta Fresh Roasted Beans,Rp79.900,79900.0
kopi,Tangerang Selatan,Rp98.000,98000.0
kopi,GOOD DAY Groovy Cookies Ready To Drink 250 ml,Rp7.200,7200.0
kopi,Gayo Golden Wine Roast Bean Coffee 200gr,Rp146.250,146250.0
kopi,Campur Sari Blend 1 kg Warkop Coffee Biji Es Kopi Susu Termurah,Rp217.500,217500.0
kopi,Kopi Full Arabika Espresso House Blend Arabica Coffee Bean Coffe Beans 500gr,Rp195.000,195000.0
kopi,Kopi Arabika Tanjung Bunga Sweet Vanilla - 250Gr,Rp68.000,68000.0
kopi,Koro Roasters Kamojang Women Harvest Kopi Spesial Asli Jawa Barat Proses Natural Luar Biasa untuk Filter Coffee dengan Rasa Mango Raspberry dan Amaretto,Rp114.900,114900.0
kopi,Kopi Aroma Strong Espresso House Blend Coffee Roasted Bean Coffe 500gr,Rp180.000,180000.0
kopi,Semekar Coffee -- Biji Bubuk Kopi Arabika Aceh Gayo Specialty Fresh Roasted Beans,Rp108.000,108000.0
kopi,Kopi BIJI / Bean Arabica Gayo Lion - Sumatra Highland,Rp60.450,60450.0
kopi,Kopi Biji Arabika Java Ijen Arabica Coffee Roast Beans 100 Gram Bubuk,Rp48.800,48800.0
kopi,Biji Kopi Bubuk Arabika Semendo Arabica Coffee Roast Beans 500gr Bean Sweet,Rp188.800,188800.0
kopi,Semekar Coffee - Biji Bubuk Kopi Arabika Summer Peach Natural Anaerob Infused Peach Specialty Roasted,Rp147.900,147900.0
kopi,Semekar Coffee -- Biji Bubuk Kopi Arabika Mandheling Sumatra Utara Specialty Fresh Roasted Beans,Rp108.000,108000.0
kopi,Biji Kopi Bubuk Arabika Papandayan Jawa Barat Arabica Coffee Beans 1Kg,Rp338.800,338800.0
kopi,Kopi Gayo Peaberry Arabica Coffee Arabika Asli Tanpa Gula Biji Bubuk Coffe Beans 100gr,Rp62.800,62800.0
kopi,Kopi Robusta Gayo Aceh Coffee Roast Beans Espresso 100 Gram Biji Bubuk,Rp39.800,39800.0
kopi,Kopi Robusta Flores Bajawa Coffee Roast Beans Espresso 1Kg Biji Bubuk,Rp198.800,198800.0
kopi,KOPI ARABIKA PAPUA WAMENA 100 GRAM BIJI DAN BUBUK,Rp42.999,42999.0
kopi,GOOD DAY 3 IN 1 CAREBIANUT BOX 5X20GR,Rp10.950,10950.0
kopi,Bubuk Minuman Es Sticky Milk Premium Rasa Vanilla Latte 500 Gram Mengandung Gula Susu Dan Krimer Es Kwentel Omura Powder Drink,Rp41.000,41000.0
kopi,KOPI ARABIKA JAVA PREANGER GRADE 1 SINGLE ORIGIN 200 GRAM COFFEE | MKND COFFEE ROASTERY,Rp76.999,76999.0
kopi,House Blend Espresso 500g - Summerfield Specialty,Rp149.900,149900.0
kopi,EXCELSO ROBUSTA GOLD BIJI 200G,Rp55.630,55630.0
kopi,Kopi Fajarasa Robusta Lampung Biji Kopi Robusta 1 kg,Rp199.500,199500.0
kopi,Maharaja Coffee Robusta Flores Wae Rebo NTT Kopi Ulung sangrai 1kg Biji / Bubuk econo pack,Rp271.900,271900.0
kopi,TOP KOPI MURNI 158 GR,Rp26.740,26740.0
kopi,Kopi Robusta Temanggung Java Jawa Coffee Roast Beans 100gr Biji Bubuk,Rp39.800,39800.0
kopi,Kopi Luwak Arabica 100g Giftbox - Biji / Bubuk Kopi Premium Luwak Otten Coffee,Rp270.000,270000.0
kopi,SARIWANGI TB 30 ASLI,Rp8.440,8440.0
kopi,Kopi Arabika Aceh Gayo Honey Process 1KG (Biji/Bubuk) Specialty,Rp389.900,389900.0
kopi,KOPIKO CAPPUCCINO CANDY 105 GR,Rp11.760,11760.0
kopi,Kab. Tangerang,Rp69.900,69900.0
kopi,UGC Umi Green Coffee Original 250 Gram BPOM-SPPIRT,Rp150.000,150000.0
kopi,S-TEE KOTAK JASMINE 200 ML,Rp2.700,2700.0
kopi,Kopi Arabika Gayo Blend Coffee Espresso 500gr Biji Bubuk Premium Coffe,Rp169.900,169900.0
kopi,Le Naturale - Kopi House Blend 500gr - Commercial Blend - Biji / Bubuk Kopi Otten Coffee Roasted Beans,Rp211.500,211500.0
kopi,Arabica Aceh Gayo Honey Roasted Coffee Beans 250 gr - Dingiso,Rp87.000,87000.0
kopi,Minuman Kopi Espresso Concentrate Dingiso 250ml,Rp41.000,41000.0
kopi,EXCELSO KALOSI TORAJA BIJI 200 GR,Rp96.850,96850.0
kopi,Kopi King Mandheling Drip Bag Omiyago,Rp40.000,40000.0
kopi,Kota Tangerang,Rp219.000,219000.0
kopi,Kab. Tangerang,Rp69.900,69900.0
kopi,KOPIKO CAPPUCCINO CANDY 105 GR,Rp11.760,11760.0
kopi,Kopi Arabika Aceh Gayo Honey Process 1KG (Biji/Bubuk) Specialty,Rp389.900,389900.0
kopi,S-TEE KOTAK JASMINE 200 ML,Rp2.700,2700.0
kopi,Biji Kopi Bubuk Arabika Jawa Java Arabica Coffee Roast Beans 500 Gram,Rp204.900,204900.0
kopi,Kopi Arabika Gayo Blend Coffee Espresso 500gr Biji Bubuk Premium Coffe,Rp169.900,169900.0
kopi,Le Naturale - Kopi House Blend 500gr - Commercial Blend - Biji / Bubuk Kopi Otten Coffee Roasted Beans,Rp211.500,211500.0
kopi,KOPI ARABIKA PAPUA WAMENA 100 GRAM BIJI DAN BUBUK,Rp42.999,42999.0
kopi,ESPRESSO BLEND Robusta Bali 1 KILO 1KG Coffee Bean Es Kopi Susu Beans,Rp220.000,220000.0
kopi,Good Day Mocacinno Bag 30Sx20Gr,Rp61.800,61800.0
kopi,KOPI ARABIKA JAVA PREANGER GRADE 1 SINGLE ORIGIN 200 GRAM COFFEE | MKND COFFEE ROASTERY,Rp76.999,76999.0
kopi,Bubuk Minuman Es Sticky Milk Premium Rasa Vanilla Latte 500 Gram Mengandung Gula Susu Dan Krimer Es Kwentel Omura Powder Drink,Rp41.000,41000.0
kopi,Sariwangi Tb 50 Asli,Rp15.400,15400.0
kopi,Maharaja Coffee Sumatra Semendo Specialty Roasted Beans Kemasan 1kg Econo Pack Kopi Sangrai Biji / Bubuk,Rp337.900,337900.0
kopi,BIJI KOPI ARABIKA FLORES MANGGARAI NATURAL 500GR | SPECIALTY ARABICA BEAN GROUND BUBUK 500 GRAM TAGETTO COFFEE,Rp245.000,245000.0
kopi,EXCELSO ROBUSTA GOLD BIJI 200G,Rp55.630,55630.0
kopi,Sariwangi Tb 50 Asli,Rp14.970,14970.0
kopi,Good Day Mocacinno Bag 30Sx20Gr,Rp57.770,57770.0
kopi,KOPIKO CAPPUCCINO 150g,Rp11.330,11330.0
kopi,Kopi INDIBRO Primavera Blend - 225gr,Rp104.500,104500.0
kopi,Sariwangi Tb 50 Asli,Rp13.260,13260.0
kopi,Sariwangi Tb 50 Asli,Rp15.400,15400.0
kopi,Kopi Robusta Temanggung Java Jawa Coffee Roast Beans 100gr Biji Bubuk,Rp39.800,39800.0
kopi,SARIWANGI TB 30 ASLI,Rp8.440,8440.0
kopi,Kopi Kapsul - O10 Assorted Specialty Blend Coffee Capsule | Kapsul Nespresso Compatible - Otten Coffee Capsules,Rp97.500,97500.0
kopi,SARIWANGI TB 30 ASLI,Rp9.620,9620.0
kopi,SJ711 - Electric Grinding Machine - Mesin Giling Biji Kopi 400W,Rp183.900,183900.0
kopi,Kopi Arabika Kintamani Bali Arabica Coffee Roast Beans 200gr Biji Bubuk,Rp78.800,78800.0
kopi,Arutala Coffee Excelsa Sumedang 100gr,Rp94.900,94900.0
kopi,ARUTALA Kopi Intenso Espresso Roast 1KG,Rp426.900,426900.0
kopi,Jakarta Barat,Rp399.000,399000.0
kopi,Custom Blend 20 Arabica 80 Robusta Kemasan 1kg,Rp174.000,174000.0
kopi,ARUTALA Kopi Exotic Blend 1KG Bag Chocolate,Rp409.900,409900.0
kopi,KOPI LAMPUNG ROBUSTA 500 GRAM BIJI DAN BUBUK,Rp119.998,119998.0
kopi,Anomali Coffee Biji Kopi Luwak Aceh Gayo 100gr,Rp465.000,465000.0
kopi,Biji Bubuk Kopi Susu Espresso House Blend Coffee Bean Minuman Coffe,Rp55.000,55000.0
kopi,SWEET BOUQUET Biji Kopi Espresso Blend Full Arabika Coffee Bean Arabica Coffe,Rp65.800,65800.0
kopi,GOOD DAY FUNTASTIC MOCACINNO 250ML,Rp8.010,8010.0
kopi,Indocafe Coffeemix 10Sx20G,Rp18.180,18180.0
kopi,"KOPI ARABIKA GAYO WINE ""SUPER 60"" 250 GRAM BIJI DAN BUBUK",Rp133.999,133999.0
kopi,Magic Espresso Blend (250gr),Rp87.000,87000.0
kopi,Kopi Arabika Bali Kintamani Arabica Coffee Bean Coffe Beans 200 Gram,Rp95.000,95000.0
kopi,Kopi Arabika Gayo Wine Arabica Specialty Coffee Roast Beans 100 Gram,Rp69.900,69900.0
kopi,LA VILOS - RA 73 Coffee House Blend Robusta & Arabika,Rp100.600,100600.0
kopi,Kopi Arabica Gayo Natural Coffee Arabika Asli Tanpa Gula Biji Bubuk Coffe Beans 1KG,Rp378.800,378800.0
kopi,Golden Crema - Kopi House Blend 500gr - Commercial Blend Biji / Bubuk Otten Coffee Roasted Beans,Rp168.500,168500.0
kopi,Kopi Infused - Rhumba Raisin Arabica Coffee 120gr - Biji / Bubuk Otten Coffee Roasted Beans,Rp96.500,96500.0
kopi,BIJI KOPI ARABIKA SUNDA AROMANIS 500GR | SPECIALTY ARABICA BEAN GROUND BUBUK 500 GRAM TAGETTO COFFEE,Rp210.000,210000.0
kopi,Biji Kopi Bubuk Robusta Bali Kintamani Sakha Coffee Roastery 500 Gram,Rp124.900,124900.0
kopi,TYGO BEANS TAKENGON BIJI KOPI 200GR ROBUSTA ARABIKA LOKAL BERKUALITAS ESPRESSO MANUAL BREW COFFEE BUBUK KOPI TUBRUK FRENCH PRESS MOKA POT,Rp76.000,76000.0
kopi,ARUTALA Kopi Flores Bajawa Arabika Arabica Coffee 100 gram,Rp46.900,46900.0
kopi,BIJI KOPI ARABIKA GAYO BLACK HONEY 1KG | ACEH GAYO SPECIALTY | ARABICA BEAN GROUND BUBUK 1 KG TAGETTO COFFEE,Rp405.000,405000.0
kopi,TYGO BEANS PENOSAN BIJI KOPI 200GR HOUSE BLEND ROBUSTA ARABIKA LOKAL BERKUALITAS MOKA POT ESPRESSO MANUAL BREW COFFEE BUBUK KOPI TUBRUK,Rp60.000,60000.0
kopi,Kopi Arabika Lintong Sumatra Arabica Coffee Beans Espresso Biji Bubuk,Rp59.900,59900.0
kopi,Kopi Arabika Gayo Special House Blend Coffee Bean 100gr Biji Bubuk Asli Murni,Rp50.900,50900.0
kopi,Sakha Coffee Roastery,Rp42.800,42800.0
kopi,Biji Kopi Bubuk Robusta Java Origin Coffee Beans Sakha Roastery 500 Gr,Rp124.900,124900.0
kopi,Sakha Coffee Biji Kopi Arabika Bali Kintamani Natural Arabica Coffee Beans 200 Gram,Rp109.900,109900.0
kopi,Biji Kopi Arabika Gayo Honey Arabica Coffee Beans Sakha Roastery 500 Gram Coffe Biji Bubuk,Rp219.900,219900.0
kopi,Semekar Coffee - Biji Bubuk Kopi Arabika Jeumpa Natural Anaerob Specialty Fresh Roasted Beans,Rp79.900,79900.0
kopi,Arabica Aceh Gayo Honey Roasted Coffee Beans 250 gr - Dingiso,Rp87.000,87000.0
kopi,Minuman Kopi Espresso Concentrate Dingiso 250ml,Rp41.000,41000.0
kopi,EXCELSO KALOSI TORAJA BIJI 200 GR,Rp96.850,96850.0
kopi,Kopi King Mandheling Drip Bag Omiyago,Rp40.000,40000.0
kopi,Kota Tangerang,Rp219.000,219000.0
kopi,BIJI KOPI ARABIKA GAYO BLACK HONEY 1KG | ACEH GAYO SPECIALTY | ARABICA BEAN GROUND BUBUK 1 KG TAGETTO COFFEE,Rp405.000,405000.0
kopi,TYGO BEANS TAKENGON BIJI KOPI 200GR ROBUSTA ARABIKA LOKAL BERKUALITAS ESPRESSO MANUAL BREW COFFEE BUBUK KOPI TUBRUK FRENCH PRESS MOKA POT,Rp76.000,76000.0
kopi,Kopi Arabika Lintong Sumatra Arabica Coffee Beans Espresso Biji Bubuk,Rp59.900,59900.0
kopi,Kopi Arabika Gayo Special House Blend Coffee Bean 100gr Biji Bubuk Asli Murni,Rp50.900,50900.0
kopi,Biji Kopi Bubuk Robusta Java Origin Coffee Beans Sakha Roastery 500 Gr,Rp124.900,124900.0
kopi,Sakha Coffee Roastery,Rp42.800,42800.0
kopi,MaxTea Variants,Rp30.300,30300.0
kopi,1 Kg BLACK KARIMATA 1Kg kopi premium special blend biji MURRELL COFFEE,Rp229.900,229900.0
kopi,TANAMERA COFFEE – Forte Blend 1Kg,Rp430.220,430220.0
kopi,Biji Kopi Espresso Signature House Blend Coffee Arabica Robusta 50/50,Rp43.800,43800.0
kopi,Kopi Arabika Gayo Blend Coffee Espresso 500gr Biji Bubuk Premium Coffe,Rp168.800,168800.0
kopi,Kopi Arabika Kerinci Sumatra Arabica Coffee Beans 500 Gram Biji Bubuk,Rp188.800,188800.0
kopi,Kopi Robusta Bali Kintamani Coffee Espresso Roasted Beans Biji Bubuk,Rp198.800,198800.0
kopi,Kopi Robusta Flores Bajawa Coffee Bean Espresso Roast Beans Biji Bubuk,Rp39.800,39800.0
kopi,Kopiko Cappuccino 150G,Rp10.690,10690.0
kopi,EXCELSO KALOSI TORAJA BIJI 200 GR - KOPI,Rp83.350,83350.0
kopi,Good Day Mocacinno Bag 30Sx20Gr,Rp51.100,51100.0
kopi,KOPI ARABIKA TORAJA 1KILOGRAM BIJI DAN BUBUK | SUTOYO COFFEE,Rp332.999,332999.0
kopi,Kopi Robusta Toraja Sapan 200 GRAM Biji Bubuk Giling Coffee Bean Beans,Rp55.000,55000.0
kopi,MKND COFFEE ROASTERY - Kopi Liberika Sweet 1 Kg Singgel Origin | Espresso | Biji Kopi |Medium Roast,Rp319.999,319999.0
kopi,Kopi Full Arabika Espresso House Blend Arabica Coffee Bean Coffe Beans 100gr,Rp65.000,65000.0
kopi,KOPI ROBUSTA TEMANGGUNG 500 GRAM GRADE 1 BY MKND COFFEE MKND COFFE ROASTERY,Rp117.999,117999.0
kopi,Coffesso Kintamani - Kopi Pods 150 s Espresso,Rp1.763.941,1763941.0
kopi,KOPI ARABIKA SUNDA AROMANIS 500 GRAM SINGLE ORIGIN SPECIALTY COFFEE MKND COFFE ROASTERY,Rp191.999,191999.0
kopi,Kopi Robusta Ciwidey Jawa Barat 1 KILO 1KG Biji Coffee Bean Beans KG,Rp199.000,199000.0
kopi,Kopi Arabica Proses Fullwash Grinder Halus Sedang Kasar Dataran Tinggi Wonosobo,Rp62.350,62350.0
kopi,TONG TJI TEH BUBUK PREMIUM 10 PCS X 9 GR,Rp11.760,11760.0
kopi,Kopi Robusta Aceh Gayo Sumatra Coffee Roast Bean Espresso Coffe 100 gr,Rp40.000,40000.0
kopi,KOPI ARABIKA GAYO NATURAL WINE 200 GRAM SINGLE ORIGIN SPECIALTY COFFEE MKND COFFE ROASTERY,Rp117.999,117999.0
kopi,MultiBev - Gula Aren Powder 1 Kg - Minuman Bubuk,Rp75.000,75000.0
kopi,Kopi Gayo Aceh Arabica Coffee Beans Biji Bubuk Coffe Asli 100gr Tanpa Gula,Rp47.800,47800.0
kopi,Biji / Bubuk Kopi Arabica Ethiopia Guji Hambella Wamena Funky Natural 200gr,Rp203.000,203000.0
kopi,Otten Coffee Medan,Rp195.000,195000.0
kopi,BIJI KOPI ARABIKA TORAJA SAPAN 500GR | SPECIALTY ARABICA BEAN GROUND BUBUK 500 GRAM TAGETTO COFFEE,Rp205.000,205000.0
kopi,Kopi INDIBRO Flores Bajawa - 100gr,Rp80.000,80000.0
kopi,Kopi INDIBRO Single Origin Blue Mountain - 100gr,Rp80.000,80000.0
kopi,CORDY COFFE Robusta Cream,Rp85.000,85000.0
kopi,CMBCH Espresso Cair Robusta Grosir/Reseller 10 Liter,Rp670.000,670000.0
kopi,Sunset Lotus Coffee Co.,Rp69.900,69900.0
kopi,XPRESSO Kopi Kapsul - ASSORTED CREMA NARATIVA - Nespresso Coffee Capsules Compatible - 6 capsule per box,Rp80.000,80000.0
kopi,SUNDA AROMANIS NATURAL 1 KILOGRAM BY SUTOYO COFFEE,Rp472.999,472999.0
kopi,KOPI JAVA PREANGER ROBUSTA 500 GRAM BIJI DAN BUBUK - Sutoyo Coffee,Rp117.999,117999.0
kopi,XPRESSO Dolce Kapsul - Italiano Espresso - Dolce Gusto Compatible - 12 capsule per box,Rp100.000,100000.0
kopi,MKND COFFEE ROASTERY,Rp310.999,310999.0
kopi,Anomali Coffee PAKET Biji Kopi Indonesia 4pack,Rp425.000,425000.0
kopi,tiozen - Probiotik Thiobacillus Pengurai Lumpur Anaerobik & H2S dalam Lumpur di Dasar Kolam Ikan dan Udang Mengurangi Stres Udang dan Meningkatkan Kualitas Air 1kg,Rp286.830,286830.0
kopi,Kopi Kapsul - O10 Robusta Infused Choco Chip Cookie Coffee Capsule | Kapsul Nespresso Compatible - Otten Coffee Capsules,Rp87.500,87500.0
kopi,TOP KOPI BARISTA SPC BLEND 6+3 X 25 GR,Rp14.990,14990.0
kopi,TOP COFFEE TORAJA KOPI 158 GR,Rp26.300,26300.0
kopi,Espresso Cair Full Kopi Arabika Gayo Konsentrat Arabica Coffee,Rp114.500,114500.0
kopi,Sutoyo Coffee Official Store,Rp64.999,64999.0
kopi,NEO COFFEE CARAMEL MSCHIATO 6 X 20 GR,Rp12.830,12830.0
kopi,Tong Tji Tea Green Celup 25 Pcs 50 Gr,Rp29.410,29410.0
kopi,GOOD DAY MOCACINNO BOX 5SX20GR,Rp11.760,11760.0
kopi,Tagetto Coffee Roastery_NEW,Rp80.000,80000.0
kopi,BIJI KOPI ARABIKA FLORES MANGGARAI NATURAL 1KG | SPECIALTY ARABICA BEAN GROUND BUBUK 1 KG TAGETTO COFFEE,Rp455.000,455000.0
kopi,KOPI ARABIKA KERINCI 200 GRAM GRADE 1 SINGLE ORIGIN | MKND COFFEE ROASTERY,Rp77.999,77999.0
kopi,Kopi Arabika Papua Wamena 100 GRAM Bubuk Biji Coffee Bean Beans Cofe,Rp40.000,40000.0
kopi,KOPI ROBUSTA DAMPIT 100 GRAM GRADE 1 BY MKND COFFE ROASTERY,Rp40.999,40999.0
kopi,Tagetto Coffee Roastery_NEW,Rp73.000,73000.0
kopi,OSK Japanese Green Tea 50's paket 120 box,Rp17.988.000,17988000.0
kopi,Arabica Aceh Gayo Honey Roasted Coffee Beans 250 gr - Dingiso,Rp87.000,87000.0
kopi,Kopi King Mandheling Drip Bag Omiyago,Rp40.000,40000.0
kopi,EXCELSO KALOSI TORAJA BIJI 200 GR,Rp96.850,96850.0
kopi,Kota Administrasi Jakarta Utara,Rp75.000,75000.0
kopi,ARUTALA Natural Series - Arabika Bali 200 gram,Rp89.900,89900.0
kopi,Anomali Coffee Biji Kopi Flores Colol 100gr,Rp109.000,109000.0
kopi,Anomali Coffee Biji Kopi Toraja Mialo 500gr,Rp380.000,380000.0
kopi,TOP KOPI BARISTA SPC BLEND 6+3 X 25 GR,Rp14.990,14990.0
kopi,TOP COFFEE TORAJA KOPI 158 GR,Rp26.300,26300.0
kopi,EXCELSO KALOSI TORAJA BIJI 200 GR - KOPI,Rp83.350,83350.0
kopi,KOPI ARABIKA TORAJA 1KILOGRAM BIJI DAN BUBUK | SUTOYO COFFEE,Rp332.999,332999.0
kopi,Sutoyo Coffee Official Store,Rp64.999,64999.0
kopi,GOOD DAY MOCACINNO BOX 5SX20GR,Rp11.760,11760.0
kopi,Kopi Robusta Toraja Sapan 200 GRAM Biji Bubuk Giling Coffee Bean Beans,Rp55.000,55000.0
kopi,Kopi Arabika Papua Wamena 100 GRAM Bubuk Biji Coffee Bean Beans Cofe,Rp40.000,40000.0
kopi,KOPI ROBUSTA DAMPIT 100 GRAM GRADE 1 BY MKND COFFE ROASTERY,Rp40.999,40999.0
kopi,Tagetto Coffee Roastery_NEW,Rp80.000,80000.0
kopi,KOPI ARABIKA KERINCI 200 GRAM GRADE 1 SINGLE ORIGIN | MKND COFFEE ROASTERY,Rp77.999,77999.0
kopi,Tagetto Coffee Roastery_NEW,Rp73.000,73000.0
kopi,BIJI KOPI ARABIKA FLORES MANGGARAI NATURAL 1KG | SPECIALTY ARABICA BEAN GROUND BUBUK 1 KG TAGETTO COFFEE,Rp455.000,455000.0
kopi,Kopi Robusta Ciwidey Jawa Barat 1 KILO 1KG Biji Coffee Bean Beans KG,Rp199.000,199000.0
kopi,TONG TJI TEH BUBUK PREMIUM 10 PCS X 9 GR,Rp11.760,11760.0
kopi,Kopi Arabica Proses Fullwash Grinder Halus Sedang Kasar Dataran Tinggi Wonosobo,Rp62.350,62350.0
kopi,Kopi Robusta Aceh Gayo Sumatra Coffee Roast Bean Espresso Coffe 100 gr,Rp40.000,40000.0
kopi,Kopi Gayo Aceh Arabica Coffee Beans Biji Bubuk Coffe Asli 100gr Tanpa Gula,Rp47.800,47800.0
kopi,KOPI ARABIKA GAYO NATURAL WINE 200 GRAM SINGLE ORIGIN SPECIALTY COFFEE MKND COFFE ROASTERY,Rp117.999,117999.0
kopi,Biji / Bubuk Kopi Arabica Ethiopia Guji Hambella Wamena Funky Natural 200gr,Rp203.000,203000.0
kopi,ARUTALA Coffee Journey - Arabika Malabar (1 Pcs - 10gr),Rp8.900,8900.0
kopi,Otten Coffee Medan,Rp195.000,195000.0
kopi,BIJI KOPI ARABIKA TORAJA SAPAN 500GR | SPECIALTY ARABICA BEAN GROUND BUBUK 500 GRAM TAGETTO COFFEE,Rp205.000,205000.0
kopi,Kopi INDIBRO Single Origin Blue Mountain - 100gr,Rp80.000,80000.0
kopi,Kopi INDIBRO Flores Bajawa - 100gr,Rp80.000,80000.0
kopi,CORDY COFFE Robusta Cream,Rp85.000,85000.0
kopi,Kopi Kapsul - O10 Robusta Infused Choco Chip Cookie Coffee Capsule | Kapsul Nespresso Compatible - Otten Coffee Capsules,Rp87.500,87500.0
kopi,Sunset Lotus Coffee Co.,Rp69.900,69900.0
kopi,CMBCH Espresso Cair Robusta Grosir/Reseller 10 Liter,Rp670.000,670000.0
kopi,MKND COFFEE ROASTERY,Rp310.999,310999.0
kopi,Anomali Coffee PAKET Biji Kopi Indonesia 4pack,Rp425.000,425000.0
kopi,tiozen - Probiotik Thiobacillus Pengurai Lumpur Anaerobik & H2S dalam Lumpur di Dasar Kolam Ikan dan Udang Mengurangi Stres Udang dan Meningkatkan Kualitas Air 1kg,Rp286.830,286830.0
kopi,XPRESSO Kopi Kapsul - ASSORTED CREMA NARATIVA - Nespresso Coffee Capsules Compatible - 6 capsule per box,Rp80.000,80000.0
kopi,ARUTALA Kopi Flores Robusta Coffee 1KG,Rp278.900,278900.0
kopi,Kopi Robusta Toraja Mamasa Sulawesi Coffee Bean Espresso Roasted Beans,Rp47.900,47900.0
kopi,Kopi Arabika Bali Kintamani Honey Arabica Coffee Beans 100g Biji Bubuk,Rp69.900,69900.0
kopi,Kopi Fajarasa Sumatera Mandheling Biji Kopi Arabica 500 gram,Rp171.250,171250.0
kopi,Espresso Blend Ukuran 100 gr,Rp47.500,47500.0
kopi,KOPI ARABIKA KENYA KIRINYAGA 1 KILOGRAM (KG) | IMPORT BEANS - Sutoyo Coffee,Rp558.999,558999.0
kopi,"Toraja Citrus Delight - Toraja, Sulawesi - Filter Single Origin Specialty Coffee by Koro Roasters",Rp300.700,300700.0
kopi,Biji Kopi Arabika Bali Kintamani Honey Arabica Coffee Roast Bean 1kg,Rp424.900,424900.0
kopi,Kopi Arabika Lintong Sumatra Arabica Coffee Beans Espresso Biji Bubuk,Rp48.800,48800.0
kopi,Biji Kopi Bubuk Arabika Jawa Java Arabica Coffee Beans 200 Gram Coffe,Rp89.900,89900.0
kopi,Sakha Coffee Roastery,Rp244.900,244900.0
kopi,Kopi Robusta Lampung Sumatra Coffee Espresso Roasted Beans Biji Bubuk,Rp39.700,39700.0
kopi,Max Tea Lemon Tea 30 Pcs X 25 Gr,Rp49.350,49350.0
kopi,Kopiko 78C Coffee Latte 240Ml,Rp8.550,8550.0
kopi,KOPI ARABIKA COLOMBIA DECAF 500 GRAM | SUTOYO COFFEE | IMPORT BEANS - Sutoyo Coffee,Rp460.000,460000.0
kopi,KOPI ARABIKA BRAZIL BOURBONUT NATURAL 1 KILOGRAM BY SUTOYO COFFEE,Rp508.999,508999.0
kopi,KOPI ARABIKA PAPUA WAMENA GRADE 1 SINGLE ORIGIN 200 GRAM | MKND COFFEE ROASTERY,Rp76.999,76999.0
kopi,Good Day Mocacinno Bag 30Sx20Gr,Rp57.770,57770.0
kopi,KOPI ARABIKA GAYO BLACK HONEY 100 GRAM SINGLE ORIGIN SPECIALTY COFFEE | MKND COFFEE ROASTERY,Rp52.999,52999.0
kopi,MKND COFFEE ROASTERY,Rp295.999,295999.0
kopi,KOPI ARABIKA TORAJA SAPAN 100 GRAM GRADE 1 SINGLE ORIGIN | MKND COFFEE ROASTERY,Rp47.999,47999.0
kopi,[MEDIUM DARK] KOPI ESPRESSO ARABIKA MANDHELING 200 GRAM GRADE 1 | MKND COFFEE ROASTERY,Rp85.999,85999.0
kopi,Kopi Arabika Aceh Gayo 250 GRAM Bubuk Giling / Biji Coffee Bean Beans,Rp80.000,80000.0
kopi,Kopi Arabika Semendo Arabica Coffee Beans 100gr Roast Bean Biji Bubuk,Rp59.900,59900.0
kopi,OSK Japanese Green Tea 50's paket 120 box,Rp17.988.000,17988000.0
kopi,Arabica Aceh Gayo Honey Roasted Coffee Beans 250 gr - Dingiso,Rp87.000,87000.0
kopi,Kopi King Mandheling Drip Bag Omiyago,Rp40.000,40000.0
kopi,EXCELSO KALOSI TORAJA BIJI 200 GR,Rp96.850,96850.0
kopi,Kota Administrasi Jakarta Utara,Rp75.000,75000.0
kopi,Gambino Coffee Say It With Today's Mood Gambino Tea Latte 250ml,Rp25.000,25000.0
kopi,TONG TJI TEH BUBUK PREMIUM 10S X 9 GR,Rp11.760,11760.0
kopi,Sariwangi Tb 50 Asli,Rp14.970,14970.0
kopi,Sariwangi Tb 50 Asli,Rp14.750,14750.0
kopi,TONG TJI TEH JASMINE FOIL PACK 25'SX2G,Rp13.790,13790.0
kopi,Biji Kopi Robusta Toraja Sulawesi Coffee Roast Beans Espresso 100 Gram,Rp47.900,47900.0
kopi,ABC KLEPON BAG 5'S X 25GR,Rp16.040,16040.0
kopi,ABC CHOCOMALT READY TO DRINK 200 ML,Rp5.120,5120.0
kopi,KOPI ARABIKA SUNDA GULALI 500 GRAM SINGLE ORIGIN SPECIALTY COFFEE MKND COFFE ROASTERY,Rp192.999,192999.0
kopi,BIJI KOPI ARABIKA MANDHELING 500GR | SPECIALTY ARABICA BEAN GROUND BUBUK 500 GRAM TAGETTO COFFEE,Rp205.000,205000.0
kopi,ABC CHOCOMALT READY TO DRINK 200 ML,Rp4.270,4270.0
kopi,UGC Umi Green Coffee Ori Kopi Hijau 2 Bungkus,Rp260.000,260000.0
kopi,ARUTALA kopi Bali Robusta 1KG,Rp278.900,278900.0
kopi,Arabica Jawa Timur Infused Blueberry 125gr,Rp105.000,105000.0
kopi,Kopi Bubuk Arabika Bali Kintamani Natural Coffee Beans 200 Gram,Rp91.500,91500.0
kopi,GOOD DAY DUET MOCA CARAMEL 5'SX22GR,Rp9.400,9400.0
kopi,Sunset Lotus Filter Series Brazil Santos Arabika 200g,Rp99.900,99900.0
kopi,Biji Kopi Arabika Garut Late Honey - Specialty Roast Beans (Garut Papandayan Honey),Rp77.500,77500.0
kopi,KOPI ARABIKA WANOJA KAMOJANG EXTENDED NATURAL 200 GRAM | SUTOYO COFFEE,Rp122.999,122999.0
kopi,Kopi Robusta Lampung Coffee Roast Beans Espresso 200g Coffe Biji Bubuk,Rp58.800,58800.0
kopi,Sunset Lotus Perfect Americano Series - Specialty Arabika Lintong,Rp99.900,99900.0
kopi,Biji / Bubuk Kopi Arabica Ethiopia Yirgacheffe Testi 200gr,Rp180.500,180500.0
kopi,Kopi Arabika Gayo Natural Arabica Coffee Roast Beans Manual Brew,Rp64.900,64900.0
kopi,Kopi Arabica Flores Manggarai 500g - Biji / Bubuk Single Origin Otten Coffee Roasted Beans,Rp275.000,275000.0
kopi,Malotong Kopi Arabika Toraja Sulawesi 200 gram Kopi Bubuk Biji Specialty Grade Arabica Coffee Beans Single Origin Manual Brew dan Espresso,Rp150.000,150000.0
kopi,BIJI KOPI ARABIKA ACEH GAYO 200GR - 250GR - 500GR - 1KG | SPECIALTY ARABICA BEAN GROUND BUBUK 200 GRAM - 250 GRAM - 500 GRAM - 1 KG TAGETTO COFFEE,Rp82.000,82000.0
kopi,INDIBRO Single Origin Java Preanger - 225gr,Rp104.000,104000.0
kopi,Kopi INDIBRO Flores Bajawa - 225gr,Rp116.000,116000.0
kopi,Tropicana Slim Skim Milk Fiber Pro 500gr - Susu Turunkan Kolesterol,Rp123.800,123800.0
kopi,KORO ROASTERS Gayo Anaerobic Honey Biji Kopi Manis - Single Origin Specialty Coffee,Rp82.450,82450.0
kopi,Sakha Coffee Roastery,Rp259.900,259900.0
kopi,Arutala Coffee,Rp94.900,94900.0
kopi,Kopi Breakfast Blend Coffee Roast Bean Arabika Robusta Espresso Roasted Beans Biji Bubuk 100 Gram,Rp50.900,50900.0
kopi,Sakha Coffee Bali,Rp134.900,134900.0
kopi,PREMIUM WILD LUWAK kopi arabica specialty premium biji bubuk MURRELL COFFEE,Rp481.900,481900.0
kopi,Kopi Summer Power 200g - Summerfield Specialty,Rp59.900,59900.0
kopi,Biji Kopi Espresso Signature House Blend Coffee Arabica Robusta 50/50,Rp45.900,45900.0
kopi,Kopi Robusta Flores Bajawa Coffee Bean Espresso Roast Beans Biji Bubuk,Rp47.900,47900.0
kopi,Indocafe Original Blend Refill Pack (50g),Rp26.600,26600.0
kopi,Kopi Arabica Sweet Java Papandayan - 250gr,Rp68.000,68000.0
kopi,Kopi Gayo Arabika 250gram,Rp80.000,80000.0
kopi,Biji Kopi Arabika Gayo Honey Arabica Coffee Beans Sakha Roastery 1 Kg Coffe Biji Bubuk,Rp414.900,414900.0
kopi,Semekar Coffee - Biji Bubuk Kopi Arabika Colombia Huila Supremo Specialty Fresh Roasted Beans,Rp87.900,87900.0
kopi,Semekar Coffee - Biji Kopi Blend Dark Roast Night with Secret Arabica Coffee Roasted Beans,Rp65.900,65900.0
kopi,Kopi Fine Robusta Dampit 1Kg Malang Coffee Roast Beans Biji Bubuk,Rp229.900,229900.0
kopi,Semekar Coffee - Biji Bubuk Kopi Arabica Toraja Origin Roasted Specialty Coffee | Arabica Espresso,Rp75.900,75900.0
kopi,BIJI KOPI ARABIKA BALI KINTAMANI 200GR | SPECIALTY ARABICA BEAN GROUND BUBUK 200 GRAM TAGETTO COFFEE,Rp90.000,90000.0
kopi,Biji Kopi Bubuk Espresso Blend Strong Black Coffee Beans Kopdar 500gr,Rp124.800,124800.0
kopi,[PAKET COMBO Compress Bag] QSC FEMALE + Queen Secret Tea Rimpang Lancarkan Siklus Wanita Halal & BPOM,Rp199.900,199900.0
kopi,TANAMERA COFFEE – Aceh Gayo,Rp127.000,127000.0
kopi,Crema Espresso 2.0 - Kopi House Blend 500gr - Biji / Bubuk Kopi Commercial Blend Otten Coffee,Rp167.500,167500.0
kopi,Max Tea Lemon Tea 30 Pcs X 25 Gr,Rp49.350,49350.0
kopi,Kopiko 78C Coffee Latte 240Ml,Rp8.550,8550.0
kopi,KOPI ARABIKA BRAZIL BOURBONUT NATURAL 1 KILOGRAM BY SUTOYO COFFEE,Rp508.999,508999.0
kopi,MKND COFFEE ROASTERY,Rp223.999,223999.0
kopi,KOPI ARABIKA KERINCI 500 GRAM GRADE 1 SINGLE ORIGIN | MKND COFFEE ROASTERY,Rp182.999,182999.0
kopi,MKND COFFEE ROASTERY,Rp295.999,295999.0
kopi,[MEDIUM DARK] KOPI ESPRESSO ARABIKA MANDHELING 200 GRAM GRADE 1 | MKND COFFEE ROASTERY,Rp85.999,85999.0
kopi,KOPI ARABIKA TORAJA SAPAN 100 GRAM GRADE 1 SINGLE ORIGIN | MKND COFFEE ROASTERY,Rp47.999,47999.0
kopi,Sunset Lotus Filter Series Honey Lemon Charming Arabica 200g,Rp59.900,59900.0
kopi,Kota Tangerang,Rp219.000,219000.0
kopi,Kota Administrasi Jakarta Utara,Rp75.000,75000.0
kopi,GOOD DAY VNL LATTE BAG 30SX20GR,Rp52.850,52850.0
kopi,EXCELSO KALOSI TORAJA BIJI 200 GR,Rp96.850,96850.0
kopi,Omiyago- Kopi Arabika Toraja Drip Bag isi 5pcs,Rp40.000,40000.0
kopi,Sariwangi Tb 50 Asli,Rp12.830,12830.0
kopi,LA VILOS - RA 37 Coffee House Blend Robusta & Arabika,Rp119.800,119800.0
kopi,Maharaja Coffee BALI Wine Zero Arabica Roasted Coffee Natural Process Kopi Sangrai - ukuran 1kg,Rp377.500,377500.0
kopi,Sunda Gayo 1 kg (House Blend),Rp351.250,351250.0
kopi,KOPI ESPRESSO ARABIKA JAVA PREANGER 1 KG | MEDIUM DARK ROAST - Sutoyo Coffee,Rp332.999,332999.0
kopi,LUWAK LESS SUGAR 19SX19 GR,Rp40.650,40650.0
kopi,Crema Espresso 1kg - Biji / Bubuk Kopi Komersial House Blend Arabica / Arabika Robusta Otten Coffee Commercial Roasted Beans,Rp306.000,306000.0
kopi,Kopi Arabica Ethiopia Yirgacheffe Testi 200gr | Biji / Bubuk Otten Coffee Roasted Beans,Rp185.500,185500.0
kopi,Kepala Djenggot Teh Hijau Celup 25S,Rp26.500,26500.0
kopi,TOP COFFEE TORAJA KOPI 158 GR,Rp26.740,26740.0
kopi,TOP KOPI MURNI 158 GR,Rp26.740,26740.0
kopi,Tagetto Coffee Roastery_NEW,Rp200.000,200000.0
kopi,BIJI KOPI ARABIKA IJEN BLUE MOUNTAIN NATURAL 500GR | ARABICA BEAN GROUND BUBUK 500 GRAM TAGETTO COFFEE,Rp235.000,235000.0
kopi,ARUTALA Kopi Lampung Robusta Coffee 500 Gram,Rp142.900,142900.0
kopi,KOPI ARABIKA GAYO LANANG PEABERRY 250 GRAM BIJI DAN BUBUK,Rp99.999,99999.0
kopi,Kopi Robusta Temanggung 500g - Biji / Bubuk Kopi Otten Coffee Roasted Beans,Rp195.000,195000.0
kopi,S-TEE KOTAK JASMINE 200 ML,Rp2.700,2700.0
kopi,Aceh Gayo Kopi Bubuk 250Gr - Kopi Asli Pilihan DJAUW COFFEE,Rp90.000,90000.0
kopi,Kopi Arabica Bali Kintamani 500g - Biji / Bubuk Kopi Otten Coffee,Rp276.000,276000.0
kopi,WoCA Heritage Coffee Sulawesi Toraja Pulu Pulu Katura 200g,Rp161.999,161999.0
kopi,BIJI KOPI FINE ROBUSTA 1KG Espresso Coffe Based By Second Step Coffee Roastery,Rp193.800,193800.0
kopi,S-TEE KOTAK JASMINE 200 ML,Rp3.410,3410.0
kopi,Sunset Lotus Perfect Americano Series - Specialty Arabika Toraja,Rp99.900,99900.0
kopi,BIJI KOPI ARABIKA SUNDA GULALI HONEY 500GR | SPECIALTY ARABICA BEAN GROUND BUBUK 500 GRAM TAGETTO COFFEE,Rp210.000,210000.0
kopi,Tong Tji Tea Green Celup 25 Pcs 50 Gr,Rp29.520,29520.0
kopi,Biji Kopi Bubuk Gold Breakfast Blend Espresso Coffee bean 500gr coffe,Rp168.800,168800.0
kopi,KOPI ARABIKA MANDHELING 500 GRAM GRADE 1 SINGLE ORIGIN | MANDAILING MKND COFFE ROASTERY,Rp181.999,181999.0
kopi,Sunset Lotus Specialty Series House Blend Latte 1 Kg,Rp259.900,259900.0
kopi,UGC Umi Green Coffee 250gram,Rp139.999,139999.0
kopi,KOPI ARABIKA KERINCI 200 GRAM | SUTOYO COFFEE,Rp77.999,77999.0
kopi,Excelso Coffee Sip And Carry Natural Package,Rp180.000,180000.0
kopi,ARUTALA Coffee Journey - Robusta Toraja (1 Pcs - 10gr),Rp6.900,6900.0
kopi,S-TEE KOTAK JASMINE 200 ML,Rp2.690,2690.0
kopi,TONG TJI TEH JASMINE FOIL PACK ISI 25 PCS X 2 GR,Rp11.760,11760.0
kopi,ABC COFFEE SUSU 10SX30 GR,Rp19.680,19680.0
kopi,Mahugi Coffee Mantesa Hyperwash - Hyperwah Thermalshock - Biji Kopi Arabika Speciality,Rp94.400,94400.0
kopi,Kopi Arabika Lintong 1KG Summerfield Specialty Grade,Rp389.900,389900.0
kopi,Tagetto Coffee Roastery_NEW,Rp334.000,334000.0
kopi,KOPI ARABIKA GAYO WINE 100 GRAM BIJI DAN BUBUK,Rp52.999,52999.0
kopi,Semekar Coffee - Biji Bubuk Kopi Arabika Strawberry Garden Infused Specialty Roasted,Rp87.202,87202.0
kopi,Kopi Arabika Gayo Aceh Arabica Coffee Beans Espresso Biji Bubuk 200gr,Rp87.800,87800.0
kopi,Kopi Robusta Dampit Tirtoyudo Kualitas Pasar (Kemasan 1kg),Rp141.000,141000.0
kopi,Kopi Espresso Special Gold Blend Coffee Roast Beans 1Kg Biji Bubuk,Rp258.800,258800.0
kopi,Kopi Arabika Java Preanger Tilu Pangalengan Tiwus Arabica Coffee Beans,Rp48.800,48800.0
kopi,Biji Kopi Susu Espresso Blend Minuman Kekinian Coffee Bean 500gr Coffe,Rp136.800,136800.0
kopi,Kopi Gold Breakfast Blend Espresso Coffee Bean 1Kg Biji Bubuk Coffe,Rp309.900,309900.0
kopi,Kopi Gayo Wine Arabica Coffee Arabika Asli Tanpa Gula Biji Bubuk Coffe Beans 200gr,Rp96.800,96800.0
kopi,ABC COFFEE SUSU 10SX30 GR,Rp18.950,18950.0
kopi,Tong Tji Teh Jasmine Foil Pack 25 Sx2G,Rp11.760,11760.0
kopi,Maharaja Coffee Espresso Equatoria Blend 2/3 Arabica & Robusta Econo Pack 1kg,Rp290.400,290400.0
kopi,Mandailing 200 gr Roast Bean Coffee - Biji Kopi Matang,Rp115.000,115000.0
kopi,Tagetto Coffee Roastery_NEW,Rp375.000,375000.0
kopi,Kopi Arabica Mandheling 200g - Biji / Bubuk Otten Coffee Roasted Beans,Rp135.000,135000.0
kopi,Teh Bunga Mawar Organik Premium Rose Buds Flower Tisane Tea Heaven,Rp507.990,507990.0
kopi,Kopi Summer Power 1KG - Summerfield Specialty,Rp229.900,229900.0
kopi,Kopi Summer Power 500g - Summerfield Specialty,Rp129.900,129900.0
kopi,Indocafe Coffee Find Blend Ref 100 Gr,Rp49.210,49210.0
kopi,Kopi Arabica Aceh Gayo Natural Process 500g - Biji / Bubuk Single Origin Otten Coffee Roasted Beans,Rp261.000,261000.0
kopi,Kopi Arabica Aceh Gayo Anaerob Natural Process 500g - Biji / Bubuk Single Origin Otten Coffee Roasted Beans,Rp261.000,261000.0
kopi,Tagetto Coffee Roastery_NEW,Rp77.000,77000.0
kopi,Kota Tangerang,Rp219.000,219000.0
kopi,Kota Administrasi Jakarta Utara,Rp75.000,75000.0
kopi,GOOD DAY VNL LATTE BAG 30SX20GR,Rp52.850,52850.0
kopi,EXCELSO KALOSI TORAJA BIJI 200 GR,Rp96.850,96850.0
kopi,Omiyago- Kopi Arabika Toraja Drip Bag isi 5pcs,Rp40.000,40000.0
kopi,Kopi Arabica Aceh Gayo Extended Natural Fermentation Process 200g - Biji / Bubuk Single Origin Otten Coffee Roasted Beans,Rp155.000,155000.0
kopi,Jasmine Tea | Teh Hijau Jasmine | Jasmine - TEMA Tea | Tea Bags 8 Servings | Blend,Rp111.000,111000.0
kopi,Maharaja Coffee Semendo Wine Zero Arabica Roasted Coffee - Natural Process Kopi Sangrai ukuran 200g,Rp129.800,129800.0
kopi,Tagetto Coffee Roastery_NEW,Rp69.000,69000.0
kopi,SARIWANGI TB 30 ASLI,Rp8.870,8870.0
kopi,Gimmick Minuman Cocoa Rendah Gula,Rp999.999,999999.0
kopi,KOPI ROBUSTA ACEH GAYO 100 GRAM | MKND COFFEE ROASTERY,Rp42.999,42999.0
kopi,Tong Tji Teh Jasmine Foil Pack 25 Sx2G,Rp11.760,11760.0
kopi,Kopi Arabika Bali Kintamani 1 KILO 1KG Biji Bubuk Coffee Bean Beans KG,Rp325.000,325000.0
kopi,BIJI KOPI ARABIKA BALI KINTAMANI 1KG | SPECIALTY ARABICA BEAN GROUND BUBUK 1 KG TAGETTO COFFEE,Rp391.000,391000.0
kopi,KOPI FINE ROBUSTA GAYO | BEAN GROUND BIJI BUBUK TAGETTO COFFEE,Rp60.000,60000.0
kopi,Anomali Coffee Drip Kopi Sunrise Blend,Rp70.000,70000.0
kopi,KOPI ARABIKA SIDIKALANG 200 GRAM GRADE 1 SINGLE ORIGIN ARABICA COFFEE MKND COFFE ROASTERY,Rp76.999,76999.0
kopi,Maharaja Coffee Espresso Equatoria Blend 2/3 Arabica & Robusta Econo Pack 1kg,Rp290.400,290400.0
kopi,BIJI KOPI ARABIKA CIWIDEY BLACK HONEY 200GR | ARABICA BEAN GROUND BUBUK 200 GRAM TAGETTO COFFEE,Rp91.000,91000.0
kopi,Tagetto Coffee Roastery_NEW,Rp165.000,165000.0
kopi,KOPI ESPRESSO ARABIKA GAYO 1 KG | MEDIUM TO DARK ROAST | SUTOYO COFFEE,Rp332.999,332999.0
kopi,INDOCAFE COFFEE FIND BLEND REF 100 GR - KOPI,Rp49.210,49210.0
kopi,Teh Bunga Mawar Organik Premium Rose Buds Flower Tisane Tea Heaven,Rp507.990,507990.0
kopi,Indocafe Coffee Find Blend Ref 100 Gr,Rp49.210,49210.0
kopi,Tagetto Coffee Roastery_NEW,Rp375.000,375000.0
kopi,Mandailing 200 gr Roast Bean Coffee - Biji Kopi Matang,Rp115.000,115000.0
kopi,Kopi Arabica Mandheling 200g - Biji / Bubuk Otten Coffee Roasted Beans,Rp135.000,135000.0
kopi,Kopi Arabica Aceh Gayo Natural Process 500g - Biji / Bubuk Single Origin Otten Coffee Roasted Beans,Rp261.000,261000.0
kopi,Kopi Arabica Aceh Gayo Anaerob Natural Process 500g - Biji / Bubuk Single Origin Otten Coffee Roasted Beans,Rp261.000,261000.0
kopi,Kopi Summer Power 1KG - Summerfield Specialty,Rp229.900,229900.0
kopi,ECO kopi Luwak 3bks Arabica fresh roast coffee gift box kado hadiah,Rp1.054.000,1054000.0
kopi,SARIWANGI TB 30 ASLI,Rp9.830,9830.0
kopi,Kopi Summer Power 500g - Summerfield Specialty,Rp129.900,129900.0
kopi,Arabica Gayo Bener Meriah Natural 200gr,Rp85.000,85000.0
kopi,Bean Voyage Biji Kopi Bubuk Arabika Peaberry Lanang Gayo Roasted Beans Full Arabica Coffee 200g Espresso,Rp99.900,99900.0
kopi,ABC COFFEE SUSU 10SX30 GR,Rp19.680,19680.0
kopi,Kopi Arabika Mandailing Mandheling Arabica Coffee Bean Biji Bubuk Asli,Rp59.900,59900.0
kopi,Kopi Arabika Flores Bajawa Arabica Coffee Roasted Bean Coffe Beans 1Kg,Rp350.000,350000.0
kopi,Sunset Lotus Perfect Americano Series - Luwak Liar Arabica,Rp169.900,169900.0
kopi,Kopi Arabika Papua Wamena 1KG Summerfield Specialty Grade,Rp389.900,389900.0
kopi,TANAMERA COFFEE – East Bali Blend,Rp342.020,342020.0
kopi,GOOD DAY 3IN1 CHOCOCINNO 10SX20G,Rp18.180,18180.0
kopi,KOPIKO LUCKY DAY 180 ML - KOPI,Rp7.990,7990.0
kopi,Biji Kopi Arabika Aceh Gayo Semi Washed - Omni Roast Filter / Espresso - Three Folks Coffee,Rp83.000,83000.0
kopi,Kopi Arabika Flores Bajawa Arabica Coffee Roasted Bean Coffe 100 Gram,Rp60.000,60000.0
kopi,Sakha Coffee Roastery,Rp71.900,71900.0
kopi,New UGC Umi Green Coffee 1 Bungkus 250gram Original Kemasan Baru Botol UGC,Rp150.000,150000.0
kopi,ARUTALA Kopi Aroma Blend 100 gram,Rp39.900,39900.0
kopi,Jakarta Selatan,Rp201.500,201500.0
kopi,TANAMERA COFFEE – Mandailing Washed 250g,Rp185.220,185220.0
kopi,Tagetto Coffee Roastery_NEW,Rp165.000,165000.0
kopi,Kopi Arabica Aceh Gayo Honey Process 500g - Biji / Bubuk Kopi Otten Coffee Roasted Beans,Rp251.000,251000.0
kopi,ARUTALA Kopi Gayo Takengon Arabika Arabica Coffee 1KG,Rp409.900,409900.0
kopi,Kopi INDIBRO Bilancia Blend - 225gr,Rp85.500,85500.0
kopi,Biji Kopi Bubuk Arabika Java Preanger Pangalengan Arabica Coffee 500gr,Rp204.900,204900.0
kopi,Biji Kopi Bubuk Arabika Flores Arabica Coffee Roast Beans Sakha 500g,Rp214.900,214900.0
kopi,Biji Kopi Bubuk Espresso Blend Signature Coffee Roast Beans 200gr Coffe,Rp66.800,66800.0
kopi,Sakha Coffee Biji Kopi Bubuk Arabika Jawa Java Arabica Coffee Roast Beans 200 Gram Coffe Roastery,Rp79.900,79900.0
kopi,Kopi Espresso Blend Strong Black Coffee Bean Kopdar 100gr Biji Bubuk,Rp42.900,42900.0
kopi,Kopi Robusta Lampung Coffee Roast Bean Espresso Roasted Beans Biji Bubuk 200 Gram,Rp64.900,64900.0
kopi,TIRAMISMOOTH CAMADA Kopi Espresso House Blend Coffee Beans Bubuk Asli,Rp74.900,74900.0
kopi,Kopi Arabika Kintamani Bali Arabica Coffee Roast Beans 100g Biji Bubuk,Rp69.900,69900.0
kopi,Biji Kopi Bubuk Arabika Papua Wamena Arabica Coffee Beans Coffe Roast Espresso Dan Manual Brew 1Kg,Rp409.900,409900.0
kopi,Biji Kopi Robusta Temanggung Wine Coffee Manual Brew Espresso,Rp49.900,49900.0
kopi,EXCELSO KALOSI TORAJA BIJI 200 GR,Rp96.850,96850.0
kopi,Kopi Arabica Wild Luwak (Gayo) Roasted Bean 250 gr Dingiso Coffee,Rp174.000,174000.0
kopi,Kopi Arabika Papua Baliem Drip Omiyago,Rp40.000,40000.0
kopi,Coffee BTS Special Package 250 ml,Rp11.000,11000.0
kopi,Kota Administrasi Jakarta Utara,Rp75.000,75000.0
kopi,Espresso Coffee House Blend Untuk Es Kopi Susu Kekinian 200gr Coffe Bean Roaster Sakha Biji Bubuk,Rp72.900,72900.0
kopi,Kopi Arabika Semendo Arabica Coffee Beans 100gr Roast Bean Biji Bubuk,Rp59.900,59900.0
kopi,Kopi Mandailing Specialty Arabica 250 Gr,Rp72.000,72000.0
kopi,GOOD DAY MOCACINNO BAG 30SX20GR,Rp57.770,57770.0
kopi,Semekar Coffee - Kaleng Biji Bubuk Kopi Bali Kintamani Arabica Specialty Roasted Beans,Rp229.000,229000.0
kopi,Es Kopi Susu 1 kg House Blend Coffee,Rp245.000,245000.0
kopi,Kopi Arabika Papua Wamena Coffee Roast Bean Espresso Roasted Beans Biji Bubuk 200 Gram,Rp94.800,94800.0
kopi,Biji Kopi Bubuk Arabika Lintong Mandheling Mandailing Coffee Bean 500g,Rp204.900,204900.0
kopi,ARUTALA Kopi Italian Blend for Espresso Coffee 500 Gram,Rp194.900,194900.0
kopi,Excelso Specialty Coffee - Rante Karuna Honey Twin Pack,Rp95.000,95000.0
kopi,Hotto Cocoa Multigrain with Dark Cacao 1 Pouch (Isi 16 Sachet),Rp670.000,670000.0
kopi,Kopi Arabika Gregory Espresso Blend Arabica Coffe Bean Biji Bubuk 1Kg,Rp328.800,328800.0
kopi,Kopi Gregory Espresso House Blend Arabika Coffee Bean Arabica 100 Gram,Rp54.800,54800.0
kopi,Semekar Coffee - Biji Bubuk Kopi Arabika Luwak Toraja Specialty Premium Box Fresh Roasted Beans,Rp299.900,299900.0
kopi,Biji Kopi Bubuk Arabika Toraja Arabica Coffee Roast Beans 500 Gram,Rp188.800,188800.0
kopi,Kopi Robusta Lampung Coffee Roast Beans Espresso 100 Gram Biji Bubuk,Rp39.800,39800.0
kopi,TEAPLUS TEH CELUP MANIS ISI 10 PCS X 16 GR,Rp11.760,11760.0
kopi,Kopiko Cappuccino 150G,Rp9.200,9200.0
kopi,Wanted Pack WF-CSV250.MBK Central Seal bag (standard) 250g + valve per,Rp93.500,93500.0
kopi,KOPI ARABIKA GAYO LUWAK LIAR 500 GRAM SPECIALTY COFFEE | MKND COFFEE ROASTERY,Rp289.999,289999.0
kopi,[MEDIUM DARK] KOPI ESPRESSO ARABIKA JAVA IJEN NATURAL 500 GRAM BY MKND COFFE ROASTERY,Rp195.999,195999.0
kopi,Kopi Fajarasa American Espresso Biji Kopi Espresso Blend 500 gram,Rp188.750,188750.0
kopi,Maharaja Coffee Espresso EQuatoria (EQ) Blend 2/3 Kopi Arabica & Robusta 200g,Rp95.000,95000.0
kopi,KOPI ESPRESSO ARABIKA PAPUA WAMENA 1 KG | MEDIUM DARK ROAST - Sutoyo Coffee,Rp332.999,332999.0
kopi,Teh Kerinci Kayu Aro Celup,Rp12.000,12000.0
kopi,KOPI ROBUSTA DAMPIT 200 GRAM GRADE 1 | MKND COFFEE ROASTERY,Rp65.999,65999.0
kopi,MKND COFFEE ROASTERY - Kopi Excelsa 100gr Singgel Origin | Manuwal Brew | Medium Roast | Roast Beans,Rp40.999,40999.0
kopi,Kopi INDIBRO Liberica - 225gr,Rp82.000,82000.0
kopi,LUWAK LESS SUGAR 19SX19G,Rp39.580,39580.0
kopi,Sariwangi Tb 50 Asli,Rp15.400,15400.0
kopi,TOP KOPI BARISTA SPC BLEND 6+3 X 25 GR,Rp14.970,14970.0
kopi,Sariwangi Tb 50 Asli,Rp14.750,14750.0
kopi,Kopi Susu Espresso House Blend Coffee Bean Coffe Minuman Kekinian 1Kg,Rp355.000,355000.0
kopi,ARUTALA Coffee Journey - Robusta Aroma Blend (1 Pcs - 10gr),Rp6.900,6900.0
kopi,Sunset Lotus Perfect Americano Series - Specialty Arabika Mandheling,Rp99.900,99900.0
kopi,Kopi Arabika Brazil Cerrado Arabica Coffee Beans 100g Coffe Biji Bubuk,Rp59.800,59800.0
kopi,VUCIDO Espresso Cair Concentrated 250 ml – Specialty Coffee,Rp49.999,49999.0
kopi,GOOD DAY 3IN1 CHOCOCINNO 10SX20G,Rp19.250,19250.0
kopi,ARUTALA Kopi Robusta Jawa Java Coffee Indonesia 200 gram,Rp58.900,58900.0
kopi,XPRESSO Drip Bag Coffee - Sumatra Grape Sinatra - Kopi Drip 5 Pcs,Rp90.000,90000.0
kopi,Kopi Robusta Sidikalang 200g - Biji / Bubuk Kopi Otten Coffee,Rp102.500,102500.0
kopi,GOOD DAY VNL LATTE BOX 5SX20GR,Rp10.690,10690.0
kopi,Bean Voyage Biji Kopi Hitam Bubuk Robusta Mandheling Roasted Beans Full Robusta Espresso Coffee 1kg,Rp175.900,175900.0
kopi,Paket Kopi Jahe 41 (5 rcg),Rp87.000,87000.0
kopi,Maharaja Coffee Kopi Arabika Jawa 300 Years of Java 1 kg econo pack,Rp337.900,337900.0
kopi,Kopi Robusta Toraja Sapan 1KG 1 KILO Giling Biji Coffee Bean Beans KG,Rp199.000,199000.0
kopi,Kopi Robusta Lampung Coffee Roast Beans Espresso 100 Gram Biji Bubuk,Rp47.900,47900.0
kopi,"Maharaja Coffee Single Tube Roasted Coffee single origin Series Arabika Gayo, Mandheling, Jawa, Bali, Toraja, Gowa, Flores, Papua",Rp19.900,19900.0
kopi,CMBCH Espresso Cair Robusta Grosir/Reseller 5 Liter,Rp325.000,325000.0
kopi,Biji Kopi Bubuk Arabika Toraja Asli Original Premium Moka Pot Single Origin Coffee Beans by Koro Roasters,Rp189.000,189000.0
kopi,BIJI KOPI ARABIKA BALI PLAGA NATURAL 500GR | ARABICA BEAN GROUND BUBUK 500 GRAM TAGETTO COFFEE,Rp210.000,210000.0
kopi,BIJI KOPI ARABIKA FLORES MANGGARAI NATURAL 200GR | SPECIALTY ARABICA BEAN GROUND BUBUK 200 GRAM TAGETTO COFFEE,Rp110.000,110000.0
kopi,BIJI KOPI ARABIKA BALI KINTAMANI 500GR | SPECIALTY ARABICA BEAN GROUND BUBUK 500 GRAM TAGETTO COFFEE,Rp205.000,205000.0
kopi,Dark Roast coffee Kopi sangrai gelap Arabika tidak asam aneka origin,Rp85.800,85800.0
kopi,Mahugi Coffee Brazil Cerrado Espresso - Full Arabica - Biji Kopi Arabika Single Origin,Rp140.200,140200.0
kopi,Kopi Arabika Sidikalang 250 GRAM Bubuk Giling / Biji Coffee Bean Beans,Rp80.000,80000.0
kopi,Sariwangi Tb 50 Asli,Rp12.830,12830.0
kopi,Paket Bundling Indocafe White Variant - Berhadiah,Rp50.100,50100.0
kopi,Tagetto Coffee Roastery_NEW,Rp80.000,80000.0
kopi,Matchamu Sencha Loose Tea 50gr,Rp38.500,38500.0
kopi,EXCELSO KALOSI TORAJA BIJI 200 GR,Rp96.850,96850.0
kopi,Kopi Arabica Wild Luwak (Gayo) Roasted Bean 250 gr Dingiso Coffee,Rp174.000,174000.0
kopi,Kopi Arabika Papua Baliem Drip Omiyago,Rp40.000,40000.0
kopi,Coffee BTS Special Package 250 ml,Rp11.000,11000.0
kopi,Kota Administrasi Jakarta Utara,Rp75.000,75000.0
kopi,Top Sc Barista Spc Blend Kopi Gula 10X25G,Rp22.500,22500.0
kopi,ABC CHOCOMALT READY TO DRINK 200 ML,Rp5.340,5340.0
kopi,KOPI FINE ROBUSTA FLORES | BEAN GROUND BIJI BUBUK TAGETTO COFFEE,Rp70.000,70000.0
kopi,Tagetto Coffee Roastery_NEW,Rp85.000,85000.0
kopi,LUWAK LESS SUGAR 19SX19 GR,Rp40.650,40650.0
kopi,KORO ROASTERS Explorer Essentials Bundle 4 Arabika Klasik Single Origin - Biji Kopi Harian,Rp329.000,329000.0
kopi,Jakarta Barat,Rp399.000,399000.0
kopi,umi green coffee original terbaru 250 gram free botol meteran,Rp150.000,150000.0
kopi,Kopi Susu Espresso Blend Minuman Kekinian Coffee Bean Based Biji Bubuk,Rp47.900,47900.0
kopi,Kopi Arabika Semendo Arabica Espresso Coffee Beans Biji Bubuk Coffe,Rp59.900,59900.0
kopi,BIJI KOPI ESPRESSO DUO FLORES 500GR | ARABIKA ROBUSTA BLEND | BEAN GROUND BUBUK 500 GRAM TAGETTO COFFEE,Rp140.000,140000.0
kopi,BIJI KOPI ARABIKA ACEH GAYO 250GR | SPECIALTY ARABICA BEAN GROUND BUBUK 250 GRAM TAGETTO COFFEE,Rp99.000,99000.0
kopi,Top Coffee Sc White 9X21 G,Rp25.200,25200.0
kopi,Indocafe Original Blend Refill Pack (180g),Rp92.000,92000.0
kopi,Gentlemen's Blend Espresso Arabica Biji Kopi Roasted Beans 1KG,Rp420.000,420000.0
kopi,TONG TJI TEH BUBUK PREMIUM 10 PCS X 9 GR,Rp11.760,11760.0
kopi,Jakarta Selatan,Rp195.000,195000.0
kopi,BIJI KOPI ARABIKA ACEH GAYO 500GR | SPECIALTY ARABICA BEAN GROUND BUBUK 500 GRAM TAGETTO COFFEE,Rp187.000,187000.0
kopi,Jakarta Barat,Rp73.000,73000.0
kopi,Bundle Kopi Arabica - Processing Method Quest: Heritage Set - Specialty Coffee by Koro Roasters,Rp280.330,280330.0
kopi,Sakha Coffee Roastery,Rp142.900,142900.0
kopi,BIJI KOPI ARABIKA SUNDA GULALI HONEY 200GR | SPECIALTY ARABICA BEAN GROUND BUBUK 200 GRAM TAGETTO COFFEE,Rp89.999,89999.0
kopi,Wanted Pack WF-CSV250.MBK Central Seal bag (standard) 250g + valve per,Rp93.500,93500.0
kopi,Kopiko Cappuccino 150G,Rp9.200,9200.0
kopi,TEAPLUS TEH CELUP MANIS ISI 10 PCS X 16 GR,Rp11.760,11760.0
kopi,[MEDIUM DARK] KOPI ESPRESSO ARABIKA JAVA IJEN NATURAL 500 GRAM BY MKND COFFE ROASTERY,Rp195.999,195999.0
kopi,Bean Voyage Biji Kopi Hitam Bubuk Robusta Mandheling Roasted Beans Full Robusta Espresso Coffee 1kg,Rp175.900,175900.0
kopi,Kopi Fajarasa American Espresso Biji Kopi Espresso Blend 500 gram,Rp188.750,188750.0
kopi,KOPI ESPRESSO ARABIKA PAPUA WAMENA 1 KG | MEDIUM DARK ROAST - Sutoyo Coffee,Rp332.999,332999.0
kopi,Teh Kerinci Kayu Aro Celup,Rp12.000,12000.0
kopi,Paket Kopi Jahe 41 (5 rcg),Rp87.000,87000.0
kopi,Maharaja Coffee Espresso EQuatoria (EQ) Blend 2/3 Kopi Arabica & Robusta 200g,Rp95.000,95000.0
kopi,Dark Roast coffee Kopi sangrai gelap Arabika tidak asam aneka origin,Rp85.800,85800.0
kopi,Mahugi Coffee Brazil Cerrado Espresso - Full Arabica - Biji Kopi Arabika Single Origin,Rp140.200,140200.0
kopi,Kopi INDIBRO Liberica - 225gr,Rp82.000,82000.0
kopi,Kopi Arabika Sidikalang 250 GRAM Bubuk Giling / Biji Coffee Bean Beans,Rp80.000,80000.0
kopi,Sariwangi Tb 50 Asli,Rp12.830,12830.0
kopi,BIJI KOPI ESPRESSO KOPI SUSU ARABIKA DARK ROAST 200GR | ARABICA BEAN GROUND BUBUK 200 GRAM TAGETTO COFFEE,Rp82.000,82000.0
kopi,Tagetto Coffee Roastery_NEW,Rp80.000,80000.0
kopi,Paket Bundling Indocafe White Variant - Berhadiah,Rp50.100,50100.0
kopi,Matchamu Sencha Loose Tea 50gr,Rp38.500,38500.0
kopi,Anomali Coffee Capsules Bali Kintamani,Rp150.000,150000.0
kopi,Anomali Coffee Biji Kopi Bali Kintamani 100gr Pak,Rp109.000,109000.0
kopi,Jakarta Barat,Rp538.000,538000.0
kopi,Kopi Arabica Peaberry 500g - Biji / Bubuk Single Origin Otten Coffee Roasted Beans,Rp231.000,231000.0
kopi,"BIJI KOPI ARABIKA LINTONG "" TOLU BATAK "" 1KG SPECIALTY | ARABICA BEAN GROUND BUBUK 1 KG TAGETTO COFFEE",Rp391.000,391000.0
kopi,Sariwangi Tb 50 Asli,Rp12.830,12830.0
kopi,Tagetto Coffee Roastery_NEW,Rp75.000,75000.0
kopi,Kopi Morning Blend 500g - Summerfield Specialty,Rp119.900,119900.0
kopi,Sunset Lotus Perfect Americano Series - Specialty Arabika Mandheling,Rp99.900,99900.0
kopi,ARUTALA Coffee Journey - Robusta Aroma Blend (1 Pcs - 10gr),Rp6.900,6900.0
kopi,Biji Kopi Bubuk Arabika Gayo Aceh Sumatra Arabica Coffee Beans 500gr,Rp209.900,209900.0
kopi,Biji Kopi Bubuk Robusta Java Origin Coffee Beans Sakha Roastery 200 Gr,Rp64.900,64900.0
kopi,1 Kg ACEH GAYO 1Kg kopi arabica specialty premium biji bubuk MURRELL COFFEE,Rp385.900,385900.0
kopi,PINEAPPLE BREW kopi arabica specialty premium bubuk biji bubuk MURRELL COFFEE,Rp91.900,91900.0
kopi,Sakha Coffee Bali,Rp43.900,43900.0
kopi,Biji Kopi Arabika Gayo Natural Arabica Coffee Beans Manual Brew Roastery 200 Gram Coffe Biji Bubuk,Rp99.900,99900.0
kopi,Kopi Arabika Gayo Aceh Arabica Coffee Roast Beans 100 Gram Biji Bubuk,Rp59.900,59900.0
kopi,Kopi Arabika Semendo Arabica Coffee Beans 500gr Roast Bean Biji Bubuk,Rp204.900,204900.0
kopi,Kopi Espresso Blend Strong Black Coffee Bean Kopdar 500gr Biji Bubuk,Rp126.900,126900.0
kopi,Single Origin Arabica Papua Intanjaya Roasted Coffee 250 gr,Rp150.000,150000.0
kopi,Kota Tangerang,Rp219.000,219000.0
kopi,EXCELSO KALOSI TORAJA BIJI 200 GR,Rp96.850,96850.0
kopi,Kota Administrasi Jakarta Utara,Rp75.000,75000.0
kopi,Minuman Kopi Espresso Concentrate Dingiso 250ml,Rp41.000,41000.0
kopi,Semekar Coffee - Biji Bubuk Kopi Arabika Ethiopia Uraga Suke Guji Specialty Fresh Roasted Beans,Rp119.900,119900.0
kopi,Semekar Coffee - Biji Bubuk Kopi Arabika Kerinci Specialty Fresh Roasted Beans,Rp79.900,79900.0
kopi,Tangerang Selatan,Rp55.900,55900.0
kopi,Bumi Manglayang 100 gr Roast Bean Coffee - Biji Kopi Matang SMALL PACK,Rp58.750,58750.0
kopi,Kopi Temanggung Java Arabika 250gr,Rp68.000,68000.0
kopi,ARUTALA kopi Bali Arabika 100 gram,Rp29.925,29925.0
kopi,Kopi Arabika Gayo Aceh Arabica Coffee Roast Beans 100 Gram Biji Bubuk,Rp59.900,59900.0
kopi,Kopi Arabika Semendo Arabica Coffee Beans 500gr Roast Bean Biji Bubuk,Rp204.900,204900.0
kopi,Biji Kopi Bubuk Arabika Gayo Aceh Sumatra Arabica Coffee Beans 500gr,Rp209.900,209900.0
kopi,Kopi Espresso Blend Strong Black Coffee Bean Kopdar 500gr Biji Bubuk,Rp126.900,126900.0
kopi,Sakha Coffee Bali,Rp43.900,43900.0
kopi,Biji Kopi Arabika Gayo Natural Arabica Coffee Beans Manual Brew Roastery 200 Gram Coffe Biji Bubuk,Rp99.900,99900.0
kopi,Kopi Arabica Mandheling Honey Process 200g - Biji / Bubuk Single Origin Otten Coffee Roasted Beans,Rp145.000,145000.0
kopi,BIJI KOPI ARABICA HONEY BERRY SWEETY Specialty Arabika Sakha Coffee Roastery by Sakha Coffee,Rp84.800,84800.0
kopi,Tagetto Coffee Roastery_NEW,Rp80.000,80000.0
kopi,BIJI KOPI FINE ROBUSTA 500gr Espresso Coffe Based By Sakha Coffee Roastery,Rp124.900,124900.0
kopi,Excelso Specialty Coffee Honey Package,Rp180.000,180000.0
kopi,KOPI ARABIKA BALI KINTAMANI 1 KILOGRAM | SUTOYO COFFEE,Rp332.999,332999.0
kopi,Biji Kopi Bubuk Espresso Blend Strong Black Coffee Beans Kopdar 1Kg,Rp228.800,228800.0
kopi,Biji Kopi Bubuk Arabika Papandayan Arabica Coffee Roast Beans 100gr,Rp48.800,48800.0
kopi,Biji Kopi Bubuk Arabika Semendo Arabica Coffee Roast Beans 200gr Bean,Rp78.800,78800.0
kopi,Biji Kopi Bubuk Arabika Gayo Aceh Peaberry Arabica Coffee Bean 200gr,Rp101.800,101800.0
kopi,Semekar Coffee -- Biji Bubuk Kopi Arabika Flores Bajawa Specialty Fresh Roasted Beans,Rp75.900,75900.0
kopi,Biji Kopi Arabika Papua Wamena Arabica Coffee Roast Beans 1Kg Bubuk,Rp353.800,353800.0
kopi,Kopi Arabika Bali Kintamani Honey Arabica Coffee Beans 500gr Biji Bubuk Organik Bebas gula,Rp193.800,193800.0
kopi,TOP KOPI BARISTA SPC BLEND 6+3 X 25 GR,Rp14.450,14450.0
kopi,ABC CHOCOMALT READY TO DRINK 200 ML,Rp3.950,3950.0
kopi,Coffesso Gold 125 Coffee Bean - Biji Kopi,Rp52.103,52103.0
kopi,Maharaja Coffee Kerinci Kayu Aro Arabica Specialty Roasted Beans Kemasan Econo Pack 1kg Kopi Sangrai Arabika Biji / Bubuk,Rp337.900,337900.0
kopi,Excelso Kalosi Toraja Biji 200G,Rp102.710,102710.0
kopi,Kopi Robusta Sidikalang Sumatra Coffee Bean Espresso Coffe Beans 200gr,Rp65.000,65000.0
kopi,Sunset Lotus Excellent Robusta Solok 500g,Rp119.900,119900.0
kopi,KOPI ESPRESSO ARABIKA MANDHELING 200 GRAM | MEDIUM DARK ROAST,Rp77.999,77999.0
kopi,KOPI ESPRESSO ARABIKA GAYO 200 GRAM|MEDIUM TO DARK ROAST - Sutoyo Coffee,Rp77.999,77999.0
kopi,Kopi Fajarasa Sumatera Mandheling Biji Kopi Arabica 200 gram,Rp82.500,82500.0
kopi,Moetch Bean - Sanrio Characters Dopamine Drink,Rp49.900,49900.0
kopi,Tagetto Coffee Roastery_NEW,Rp174.000,174000.0
kopi,TONG TJI TEH JASMINE FOIL PACK ISI 25 PCS X 2 GR,Rp11.760,11760.0
kopi,Kopi Arabica Luwak 250g - Biji Bubuk Otten Coffee,Rp470.000,470000.0
kopi,Bundling JJ Royal Coffee Java Preanger Arabica Bag 200gr,Rp204.000,204000.0
kopi,Anomali Coffee Capsule Aceh Gayo,Rp150.000,150000.0
kopi,LA VILOS - Argopuro Coffee - 250gr Biji Kopi | Aroma Espresso Espreso Bubuk Tubruk Robusta Argopuro Biji Coffe Coffee Murni Pahit,Rp76.300,76300.0
kopi,Kopi Arabika Aceh Gayo Sumatra Arabica Coffee Bean Coffe Beans 100 gr,Rp60.000,60000.0
kopi,"Origin Weejewa 200 gr, Talasi Watu Robusta Coffee Beans",Rp100.000,100000.0
kopi,EXCELSO KALOSI TORAJA BIJI 200 GR - KOPI,Rp92.010,92010.0
kopi,Kopi Arabika Papandayan Coffee Roast Bean Espresso Roasted Beans Biji Bubuk 1Kg,Rp399.900,399900.0
kopi,TOP KOPI MURNI 158 GR - KOPI,Rp23.600,23600.0
kopi,Kopi Arabika Long Berry Summerfield 1KG,Rp399.900,399900.0
kopi,Kopi Gregory Espresso House Blend Arabika Coffee Bean Arabica 200 Gram,Rp89.900,89900.0
kopi,BIJI KOPI ESPRESSO KOPI SUSU ROBUSTA DARK ROAST 1KG | BEAN GROUND BUBUK 1 KG TAGETTO COFFEE,Rp227.000,227000.0
kopi,Kopi Arabica Flores Bajawa 500g - Biji / Bubuk Kopi Otten Coffee,Rp288.000,288000.0
kopi,S-TEE KOTAK JASMINE 200 ML,Rp2.880,2880.0
kopi,Mahugi Coffee COE Series Ijen Carbonic - Natural Carbonic Macaretion - Biji Kopi Arabika Speciality,Rp103.500,103500.0
kopi,Kopi Arabika Flores Coffee Roast Bean Espresso Roasted Beans Biji Bubuk 1Kg,Rp409.900,409900.0
kopi,EXCELSO ROBUSTA GOLD BIJI 200G,Rp64.190,64190.0
kopi,UGC Umi Green Coffee Kopi Hijau 250 gram,Rp150.000,150000.0
kopi,TOP COFFEE TORAJA KOPI 158 GR,Rp26.740,26740.0
kopi,ARUTALA Kopi Little Sweet Liberica 1KG,Rp332.900,332900.0
kopi,VUCIDO Espresso Concentrated Premium 1000 ml – Espresso Cair,Rp110.999,110999.0
kopi,Kopi Fajarasa American Espresso Biji Kopi Espresso Blend 1 kg,Rp345.000,345000.0
kopi,Single Origin Arabica Papua Intanjaya Roasted Coffee 250 gr,Rp150.000,150000.0
kopi,Kota Tangerang,Rp219.000,219000.0
kopi,EXCELSO KALOSI TORAJA BIJI 200 GR,Rp96.850,96850.0
kopi,Kota Administrasi Jakarta Utara,Rp75.000,75000.0
kopi,Minuman Kopi Espresso Concentrate Dingiso 250ml,Rp41.000,41000.0
kopi,Kopi Arabika Mandailing Sumatra Arabica Coffee Roasted Bean Coffe 1Kg,Rp350.000,350000.0
kopi,Kopiko Cappuccino 150G,Rp9.620,9620.0
kopi,TOP COFFEE TORAJA KOPI 158 GR,Rp26.740,26740.0
kopi,ARUTALA Kopi Little Sweet Liberica 1KG,Rp332.900,332900.0
kopi,EXCELSO ROBUSTA GOLD BIJI 200G,Rp64.190,64190.0
kopi,UGC Umi Green Coffee Kopi Hijau 250 gram,Rp150.000,150000.0
kopi,KOPI ARABIKA MANDHELING 250 GRAM BIJI DAN BUBUK - Sutoyo Coffee,Rp85.999,85999.0
kopi,Biji Kopi Arabika Sunda ST Naturale - Specialty Roast Beans (Mekarwangi Natural),Rp82.500,82500.0
kopi,Royal Enfield Continental GT Interceptor 650 Himalayan Alloy 125s 300s Classic Meteor Hunter Signal Super Meteor Guerrilla Shotgun Bullet Scram 411 450 350 500 Cover Motor Durable Rubik Outdoor,Rp334.150,334150.0
kopi,ABC COFFEE SUSU 10SX30 GR,Rp19.680,19680.0
kopi,[MEDIUM DARK] KOPI ESPRESSO ARABIKA LINTONG 200 GRAM GRADE MKND COFFE ROASTERY,Rp139.999,139999.0
kopi,[FREE GIFT] Preferito Puro Lungo (Tidak untuk Dijual),Rp120.000,120000.0
kopi,Magic Espresso Blend (1kg),Rp275.000,275000.0
kopi,Kopi Fajarasa American Espresso Biji Kopi Espresso Blend 1 kg,Rp345.000,345000.0
kopi,WoCA Capsule Kopi Arabica,Rp141.999,141999.0
kopi,Mega Mendung Roast Bean Coffee 500 gram,Rp256.250,256250.0
kopi,SARIWANGI TB 30 ASLI,Rp9.400,9400.0
kopi,S-TEE KOTAK JASMINE 200 ML,Rp3.410,3410.0
kopi,Kopi Arabika Long Berry Summerfield 1KG,Rp399.900,399900.0
kopi,Kopi Gregory Espresso House Blend Arabika Coffee Bean Arabica 200 Gram,Rp89.900,89900.0
kopi,TOP KOPI MURNI 158 GR - KOPI,Rp23.600,23600.0
kopi,Kopi Arabika Papandayan Coffee Roast Bean Espresso Roasted Beans Biji Bubuk 1Kg,Rp399.900,399900.0
kopi,ABC CHOCOMALT READY TO DRINK 200 ML,Rp4.800,4800.0
kopi,GOOD DAY DUET MOCA CARAMEL 5'SX22GR,Rp9.620,9620.0
kopi,Kopi Arabica Flores Bajawa 500g - Biji / Bubuk Kopi Otten Coffee,Rp288.000,288000.0
kopi,BIJI KOPI ESPRESSO KOPI SUSU ROBUSTA DARK ROAST 1KG | BEAN GROUND BUBUK 1 KG TAGETTO COFFEE,Rp227.000,227000.0
kopi,Mahugi Coffee COE Series Ijen Carbonic - Natural Carbonic Macaretion - Biji Kopi Arabika Speciality,Rp103.500,103500.0
kopi,S-TEE KOTAK JASMINE 200 ML,Rp2.880,2880.0
kopi,[MEDIUM DARK] KOPI ARABIKA HALU BANANA CHOCOLATE 250 GRAM ESPRESSO - Sutoyo Coffee,Rp123.999,123999.0
kopi,Kopi Arabika Gayo Peaberry Coffee Roast Bean Espresso Roasted Beans Biji Bubuk,Rp64.800,64800.0
kopi,ARUTALA Kopi Susu Blend - For Kekinian Coffee - 500 Gram,Rp157.900,157900.0
kopi,Tasseo Peach 20 Bags - Premium Tea Bag,Rp61.000,61000.0
kopi,TONG TJI TEA BLACK CELUP 50 GR,Rp7.290,7290.0
kopi,Top Special Susu Gula 10X31 Gram,Rp28.800,28800.0
kopi,Kopi Arabika Gayo Natural Arabica Specialty Coffee Bean 200gr Biji Bubuk,Rp93.500,93500.0
kopi,Kopi Arabika Gayo Honey Arabica Specialty Coffee Bean Biji Bubuk Asli,Rp64.800,64800.0
kopi,Kopi Fajarasa Italian Espresso Biji Kopi Espresso Blend 500 gram,Rp145.500,145500.0
kopi,Kopi Robusta Bali Kintamani Coffee Espresso Roasted Beans Biji Bubuk,Rp47.900,47900.0
kopi,Kopi Arabica - Kerinci Honey Velvet by Koro Roasters - Sumatra Espresso Single Origin Specialty Coffee,Rp205.000,205000.0
kopi,Kenal Coffee Kapsul Kopi Nespresso Compatible 9 Pcs Coffee Capsules Aneka Rasa Berkualitas,Rp75.000,75000.0
kopi,BIJI KOPI ARABIKA IJEN ORANGE BOURBON 200GR | ARABICA BEAN GROUND BUBUK 200 GRAM TAGETTO COFFEE,Rp101.000,101000.0
kopi,Semekar Coffee - Kaleng Biji Bubuk Kopi Arabika Flores Specialty Fresh Roasted Beans,Rp229.900,229900.0
kopi,Kopi Arabika Gayo Wine Arabica Coffee 200gr Sakha Roastery Biji Bubuk Coffe Manual Brew,Rp109.900,109900.0
kopi,Biji Kopi Bubuk Robusta Toraja Coffee Roast Beans Sakha Roastery 500Gr,Rp124.900,124900.0
kopi,Biji Kopi Bubuk Robusta Flores Coffee Roast Beans Sakha Roastery 500Gr,Rp124.900,124900.0
kopi,Biji Kopi Bubuk Fine Robusta Gayo Aceh Coffee Beans Sakha Roastery 1Kg,Rp229.900,229900.0
kopi,Kopi Special Gold Blend Coffee Roast Bean Espresso Roasted Beans Biji Bubuk 200 Gram,Rp69.900,69900.0
kopi,Kopi Arabika Reguler - 1000gr,Rp185.000,185000.0
kopi,Kopi Arabica Mandheling 200g - Biji Bubuk Kopi Otten Coffee,Rp135.000,135000.0
kopi,Kopi Arabika Tanjung Bunga Sweet Vanilla - 250gr,Rp68.000,68000.0
kopi,Kopi Arabika Temanggung Gesing Honey - 250gr Coffee,Rp68.000,68000.0
kopi,1 kg JAVA PREANGER 1Kg kopi arabica premium tiwus malabar biji bubuk MURRELL COFFEE,Rp385.900,385900.0
kopi,Kopi Arabika Bali Kintamani Honey Arabica Coffee Beans Biji Bubuk,Rp224.900,224900.0
kopi,Kopi Fine Robusta Dampit 1Kg Malang Coffee Roast Beans Biji Bubuk,Rp229.900,229900.0
kopi,Biji Kopi Bubuk Robusta Bali Kintamani Coffee Roast Bean Espresso Beans 1Kg Sakha Roastery,Rp229.900,229900.0
kopi,Kopi Arabika Brazil Cerrado 500gr Arabica Coffee Beans Biji Bubuk Coffe,Rp259.900,259900.0
kopi,Kopi Arabika Malabar Jawa Barat Arabica Coffee Beans 200gr Biji Bubuk,Rp89.900,89900.0
kopi,Excelso Specialty Coffee Toraja Rante Karua Honey Process Beans 100gr,Rp95.000,95000.0
kopi,Biji Kopi Bubuk Espresso House Blend Aroma Strong Coffee Bean Coffe,Rp50.000,50000.0
kopi,Semekar Coffee - Biji Bubuk Kopi Fine Robusta Flores Manggarai Specialty Fresh Roasted Beans,Rp55.900,55900.0
kopi,EXCELSO KALOSI TORAJA BIJI 200 GR,Rp96.850,96850.0
kopi,Kota Tangerang,Rp219.000,219000.0
kopi,Single Origin Arabica Papua Intanjaya Roasted Coffee 250 gr,Rp150.000,150000.0
kopi,Kota Administrasi Jakarta Utara,Rp75.000,75000.0
kopi,Kopi King Mandheling Drip Bag Omiyago,Rp40.000,40000.0
kopi,Biji Kopi Bubuk Arabika Coffee Bali Kintamani Honey Arabica Bean Murni Asli,Rp56.800,56800.0
kopi,WoCA Heritage Coffee Mandailing Lasuna 200g,Rp161.999,161999.0
kopi,Kopi Arabika Bali Kintamani Honey Arabica Coffee Beans 200g Biji Bubuk,Rp91.500,91500.0
kopi,Kopi Arabica Mandailing Coffee Arabika Asli Tanpa Gula Biji Bubuk Coffe Beans 1Kg,Rp338.800,338800.0
kopi,Kopi Espresso Special Gold Blend Coffee Arabica Robusta Biji Bubuk,Rp44.800,44800.0
kopi,Second Step Coffee,Rp168.800,168800.0
kopi,Kopi Robusta Temanggung Coffee Bean Espresso Roasted Beans Coffe Asli,Rp39.800,39800.0
kopi,Tong Tji Teh Bubuk Premium 10S X 9 Gr,Rp11.760,11760.0
kopi,MSP DUTCH OVEN 20 CM BLG-PB-P 18,Rp190.550,190550.0
kopi,Say It With Today's Mood Gambino Coffee Latte & Black,Rp38.000,38000.0
kopi,Laoats Coffe Milk Habba Powder Drink,Rp37.999,37999.0
kopi,Maharaja coffee Espresso House Blend Package of 5 ( Arabika / Robusta / Espresso/ Dark Roast) x 200g,Rp473.000,473000.0
kopi,Coffesso Classic Coffee Bean - Biji Kopi,Rp52.103,52103.0
kopi,Kopiko Cappuccino 150G,Rp11.330,11330.0
kopi,KOPI ARABIKA ACEH GAYO GRADE 1 SINGLE ORIGIN 500 GRAM | MKND COFFEE ROASTERY,Rp332.999,332999.0
kopi,INDOCAFE COFFEEMIX 10SX20g,Rp18.180,18180.0
kopi,Kopi Robusta Bali Kintamani 200 GRAM Biji Bubuk Coffee Bean Beans,Rp45.000,45000.0
kopi,TONG TJI TEH JASMINE FOIL PACK 25'SX2G,Rp11.760,11760.0
kopi,KOPI ESPRESSO ARABIKA JAVA PREANGER 250 GRAM | MEDIUM DARK ROAST - Sutoyo Coffee,Rp85.999,85999.0
kopi,BIJI KOPI ARABIKA BALI PLAGA BLACK HONEY 500GR | SPECIALTY ARABICA BEAN GROUND BUBUK 500 GRAM TAGETTO COFFEE,Rp210.000,210000.0
kopi,BIJI KOPI ESPRESSO DUO BALI 200GR | ARABIKA ROBUSTA BLEND | BEAN GROUND BUBUK 200 GRAM TAGETTO COFFEE,Rp65.000,65000.0
kopi,Tagetto Coffee Roastery_NEW,Rp80.000,80000.0
kopi,Maharaja Semendo Wine Zero Roasted Coffee Arabica Kopi Sangrai Natural process tersedia ukuran 120g / 200g / 1kg,Rp95.100,95100.0
kopi,Maharaja Coffee SUMATRA GOLDEN MANDHELING 200g Kopi Sangrai Arabika Biji / Bubuk Kemasan Kaleng Canister,Rp148.000,148000.0
kopi,Bloom Collagen Coffee 60g KOPI COLLAGEN - 1 BOX ISI 12 SASET,Rp52.980,52980.0
kopi,Good Day Mocacinno Bag 30Sx20Gr,Rp57.020,57020.0
kopi,Kopi Arabika Toraja Sapan 100 GRAM Bubuk Giling / Biji Coffee Bean,Rp40.000,40000.0
kopi,BIJI KOPI ARABIKA BALI NATURAL 200GR | ARABICA BEAN GROUND BUBUK 200 GRAM TAGETTO COFFEE,Rp95.000,95000.0
kopi,Tagetto Coffee Roastery_NEW,Rp85.000,85000.0
kopi,BIJI KOPI ARABIKA CIWIDEY WINE NATURAL 500GR | SPECIALTY ARABICA BEAN GROUND BUBUK 500 GRAM TAGETTO COFFEE,Rp240.000,240000.0
kopi,Coffee Drip Bag The Cold Crafters Easy Drip - Sumatera Lintong Arabica,Rp78.000,78000.0
kopi,TANAMERA COFFEE – Tubruk Arabika,Rp67.620,67620.0
kopi,Jakarta Barat,Rp648.000,648000.0
kopi,Bean Voyage Biji Kopi Bubuk Arabika Gayo Honey Specialty Roast Beans Full Arabica Coffee 200g Halal Indonesia Proses Honey,Rp99.900,99900.0
kopi,KOPI ESPRESSO ARABIKA GAYO LANANG PEABERRY 1 KG | MEDIUM DARK ROAST - Sutoyo Coffee,Rp369.999,369999.0
kopi,WoCA Kopi Luwak Gayo 125 gram Bean,Rp353.999,353999.0
kopi,Kopi Espresso Blend Strong Black Coffee Bean Kopdar 100gr Biji Bubuk,Rp42.900,42900.0
kopi,S-TEE KOTAK JASMINE 200 ML,Rp3.410,3410.0
kopi,Good Day Funtastic Mocacinno 250Ml,Rp6.940,6940.0
kopi,Kopi Nusantara Indonesia Gift Set hadiah 6x200g Arabika Robusta Blend,Rp770.000,770000.0
kopi,ARUTALA Coffee Journey - Arabika Wamena (1 Pcs - 10gr),Rp9.900,9900.0
kopi,Good Day Sc Freeze Moca 5X30G,Rp22.000,22000.0
kopi,Kopi Robusta Dampit Tirtoyudo Kualitas Pasar,Rp44.000,44000.0
kopi,TANAMERA COFFEE – Bali Blend 1Kg,Rp391.020,391020.0
kopi,Sulis UGC Demak_NEW,Rp150.000,150000.0
kopi,Kopi Arabika Kerinci Jambi Arabica Coffee Beans Biji Bubuk Coffe Bean,Rp59.900,59900.0
kopi,ARUTALA Kopi Toraja Rantebua Robusta Coffee Indonesia 100 gram,Rp34.900,34900.0
kopi,Kopi Aroma Gold Espresso House Blend Coffee Beans 200 Gram Biji Bubuk,Rp66.900,66900.0
kopi,Excelso May Coffee Inspire You,Rp253.000,253000.0
kopi,BIJI KOPI ARABIKA PUNTANG HONEY 200GR | ARABICA BEAN GROUND BUBUK 200 GRAM TAGETTO COFFEE,Rp91.000,91000.0
kopi,ABC COFFEE SUSU 10SX30 GR,Rp20.320,20320.0
kopi,Kopi Signature Espresso House Blend Coffee Beans 500 Gram Biji Bubuk,Rp134.900,134900.0
kopi,Excelso Kopi Kalosi Toraja Beans 200g,Rp91.000,91000.0
kopi,Biji Kopi Bubuk Arabika Semendo Arabica Coffee Roast Beans 1Kg Bean,Rp338.800,338800.0
kopi,Kopi Arabika Aceh Gayo Sumatra Arabica Coffee Bean Coffe Beans 500 gr,Rp185.000,185000.0
kopi,Summerfield Fifty Fifty 50 : 50 Gayo Blend 1KG Kopi Susu Blend,Rp259.900,259900.0
kopi,Sakha Coffee Specialty Coffee Hampers Special Edition 2 Arabica Roasted Beans,Rp189.900,189900.0
kopi,ABC COFFEE SUSU 10SX30 GR,Rp19.680,19680.0
kopi,Kopi Arabika Papua Wamena Summerfield 200g,Rp99.900,99900.0
kopi,Kopi Arabika Mandailing Mandheling Arabica Coffee Beans 500 Gram Coffe,Rp204.900,204900.0
kopi,EXCELSO KALOSI TORAJA BIJI 200 GR,Rp96.850,96850.0
kopi,Kota Tangerang,Rp219.000,219000.0
kopi,Single Origin Arabica Papua Intanjaya Roasted Coffee 250 gr,Rp150.000,150000.0
kopi,Kota Administrasi Jakarta Utara,Rp75.000,75000.0
kopi,Kopi King Mandheling Drip Bag Omiyago,Rp40.000,40000.0
minuman-tradisional,CAP BADAK LARUTAN PENYEGAR 500 ML BOTOL,Rp11.140,11140.0
minuman-tradisional,Kencur Gula Aren Mix 500 g,Rp125.581,125581.0
minuman-tradisional,Singabera Intra Jahe Wangi - Tisane Herbal - 2 packs @ 100g,Rp242.000,242000.0
minuman-tradisional,Herbilogy Java Turmeric (Temulawak) Extract Powder,Rp109.098,109098.0
minuman-tradisional,CAP BADAK LARUTAN PENYEGAR 500 ML BOTOL,Rp9.241,9241.0
minuman-tradisional,Larutan Cap Kaki Tiga Anak Strawberry 250 ml - Panas Dalam - Halodoc,Rp7.380,7380.0
minuman-tradisional,Kurmaqu Untuk Penambah HB Penambah Darah Kurang Darah Badan Lemes Kepala Pusing Mata Berkunang,Rp218.000,218000.0
minuman-tradisional,Singabera Intra Jahe Wangi - Tisane / Herbal-4 Box @15sachet,Rp352.000,352000.0
minuman-tradisional,ADEM SARI ISI 7 GRAM SACHET,Rp5.658,5658.0
minuman-tradisional,X'Tragin Wedang Uwuh Minuman Serbuk Twin Pack,Rp46.000,46000.0
minuman-tradisional,INTRA JAHE WANGI DOOS BESAR 20 PCS 25 GR,Rp38.100,38100.0
minuman-tradisional,JSR Detox Gorengan 500 g,Rp269.174,269174.0
minuman-tradisional,Kunyit Asam Jawa & Jahe Merah Mix,Rp34.626,34626.0
minuman-tradisional,Singabera Empon Immuno - Tisane Herbal - 1 Box -15 Sachet,Rp79.920,79920.0
minuman-tradisional,PROMO Billion Nest Bird's Nest Concentrate Minuman Sarang Burung Walet,Rp65.000,65000.0
minuman-tradisional,ADEM SARI ISI 7 GRAM SACHET,Rp3.416,3416.0
minuman-tradisional,Singabera Kunyit Asam -Heritage selection-2 box @ 15 teabags in sachet,Rp137.800,137800.0
minuman-tradisional,Last Supper Minuman Anggur Mint Cup Perjamuan Kudus Non Alkohol Higienis Ibadah Gereja Isi 100 Pcs,Rp90.000,90000.0
minuman-tradisional,CAP BADAK LARUTAN PENYEGAR 500 ML BOTOL,Rp12.379,12379.0
minuman-tradisional,Larutan Cap Badak Kaleng Rasa Leci 320 ml - Panas Dalam - Halodoc,Rp7.630,7630.0
minuman-tradisional,CAP KAKI TIGA LARUTAN PENYEGAR ANAK RASA LECI 250 ML KALENG,Rp8.298,8298.0
minuman-tradisional,CAP KAKI TIGA LARUTAN PENYEGAR ANAK RASA LECI 238 ML KALENG,Rp8.883,8883.0
minuman-tradisional,"Paket SERBU Diskon (SERBat Madu, Uwuh, & Jahe Merah)",Rp80.000,80000.0
minuman-tradisional,X'Tragin Bandrek dengan Jahe Merah Minuman Serbuk Twin Pack,Rp46.000,46000.0
minuman-tradisional,ADEM SARI SENSA COOLS SPARKLING 7 GRAM BOX 5 SACHET,Rp20.885,20885.0
minuman-tradisional,Iwalet Sarang Burung Walet hancuran bersih kemasan 5 gram,Rp77.000,77000.0
minuman-tradisional,Herbilogy - T2 (Kunyit & Temulawak) Veg. Capsule,Rp87.010,87010.0
minuman-tradisional,ADEM SARI SENSA COOLS SPARKLING 7 GRAM PACK 8 SACHET,Rp25.315,25315.0
minuman-tradisional,Singabera Original Ginger Premix (Jahe) - 150 sachet,Rp238.650,238650.0
minuman-tradisional,Herbilogy - Empon mix Extract Powder,Rp115.159,115159.0
minuman-tradisional,Serbuk Wedang Uwuh Cairo Food - 100 Gram,Rp45.300,45300.0
minuman-tradisional,CAP KAKI TIGA LARUTAN PENYEGAR ORIGINAL 500 ML,Rp9.557,9557.0
minuman-tradisional,Susu Jahe 41 minuman jahe merah,Rp18.000,18000.0
minuman-tradisional,ADEM SARI ISI 7 GRAM SACHET,Rp4.724,4724.0
minuman-tradisional,ADEM SARI ISI 7 GRAM SACHET,Rp5.658,5658.0
minuman-tradisional,CAP KAKI TIGA LARUTAN PENYEGAR RASA ANGGUR 320 ML KALENG,Rp12.823,12823.0
minuman-tradisional,Larutan Cap Kaki Tiga Anak Leci 250 ml - Panas Dalam - Halodoc,Rp6.770,6770.0
minuman-tradisional,Jamu IBOE - 1 Pack Sariawan Usus @ 10 Sachet,Rp21.000,21000.0
minuman-tradisional,Bejo Anak Jahe Merah Box 5 Sachet,Rp10.500,10500.0
minuman-tradisional,Jakarta Selatan,Rp685.000,685000.0
minuman-tradisional,CAP BADAK LARUTAN PENYEGAR 500 ML BOTOL,Rp11.391,11391.0
minuman-tradisional,Mini Size Basic & Sari Series by Rahsa Nusantara - Starter Pack,Rp32.000,32000.0
minuman-tradisional,CAP KAKI TIGA LARUTAN PENYEGAR RASA JERUK 320 ML KALENG,Rp8.717,8717.0
minuman-tradisional,Larutan Cap Badak Botol 500 ml - Panas Dalam - Halodoc,Rp11.000,11000.0
minuman-tradisional,LASEGAR ISI 500 ML BOTOL PLASTIK,Rp11.879,11879.0
minuman-tradisional,CAP KAKI TIGA LARUTAN PENYEGAR ORIGINAL 200 ML,Rp6.286,6286.0
minuman-tradisional,Paket Jahe 41 Wedang Jeruk Nipis Jahe Merah - (3 rcg),Rp43.000,43000.0
minuman-tradisional,Tea Heaven Ginger Latte 100gr,Rp72.990,72990.0
minuman-tradisional,CAP KAKI TIGA LARUTAN PENYEGAR ORIGINAL 500 ML,Rp10.728,10728.0
minuman-tradisional,W'Dank Bajigur (10 Sch) - Minuman Tradisional Tinggi Vitamin,Rp19.200,19200.0
minuman-tradisional,Paket Double Collagen Family Pack Mamacia Treats / healthy dessert,Rp175.500,175500.0
minuman-tradisional,Paket Rahmat 1 (Ramadhan Hemat) - 2 Botol Sari Kunyit,Rp160.000,160000.0
minuman-tradisional,Minuman Jahe Instan Bubuk Adil,Rp34.410,34410.0
minuman-tradisional,Sido Muncul Powder Blend Mix Kunyit Asam + Kunyit Asam 5's,Rp39.275,39275.0
minuman-tradisional,Iwalet by Byza Nutri Indonesia,Rp140.000,140000.0
minuman-tradisional,Paket Peach Gum Lengkap kualitas SUPER Grade A+ MINI PACK,Rp50.500,50500.0
minuman-tradisional,Alamix Temu Jahe Minuman Herbal Serbuk Instan Siap Seduh,Rp25.000,25000.0
minuman-tradisional,Paket Triple Collagen Dessert (Peach Gum + Snow Bird Nest + Honey Locs,Rp24.225,24225.0
minuman-tradisional,KAPSUL KUTUK SWAMP BOTOL 60 KAPSUL,Rp69.728,69728.0
minuman-tradisional,ULTRA SARI ASEM ASLI 250 ML,Rp6.600,6600.0
minuman-tradisional,CAP BADAK LARUTAN PENYEGAR 500 ML BOTOL,Rp11.399,11399.0
minuman-tradisional,CAP BADAK LARUTAN PENYEGAR RASA JERUK 320 ML KALENG,Rp9.451,9451.0
minuman-tradisional,paket GOBAN ( 10 Sachet Golden Milk + 20 Sachet Jahe Merah Herbal ),Rp50.000,50000.0
minuman-tradisional,INTRA JAHE WANGI DOOS BESAR 20 PCS 25 GR,Rp37.990,37990.0
minuman-tradisional,Jamu IBOE - 1 Box IBOE Natural Drink Kulit Manggis 5 sachet,Rp14.000,14000.0
minuman-tradisional,Jamu IBOE - 1 Box IBOE Natural Drink Kunyit asam 5 sachet,Rp14.000,14000.0
minuman-tradisional,Iwalet by Byza Nutri Indonesia,Rp140.000,140000.0
minuman-tradisional,Alamix Temu Jahe Minuman Herbal Serbuk Instan Siap Seduh,Rp25.000,25000.0
minuman-tradisional,Paket Triple Collagen Dessert (Peach Gum + Snow Bird Nest + Honey Locs,Rp24.225,24225.0
minuman-tradisional,Larutan Cap Kaki Tiga Anak Jeruk 250 ml - Panas Dalam - Halodoc,Rp6.770,6770.0
minuman-tradisional,Singabera Cold Pressed Ginger Powder 100g - Serbuk Jahe,Rp90.580,90580.0
minuman-tradisional,ADEM SARI SENSA COOLS SPARKLING 7 GRAM BOX 5 SACHET,Rp18.835,18835.0
minuman-tradisional,X'TRAGIN Es Kunyit Asam Paket 2 Box,Rp52.000,52000.0
minuman-tradisional,X'Tragin Bandrek dengan Jahe Merah Paket 3 Box,Rp65.550,65550.0
minuman-tradisional,Larutan Cap Badak Botol 500 ml - Panas Dalam - Halodoc,Rp10.000,10000.0
minuman-tradisional,Konig Ludwig Dunkel 650ml,Rp45.000,45000.0
minuman-tradisional,CAP BADAK LARUTAN PENYEGAR RASA APEL 320 ML KALENG,Rp10.121,10121.0
minuman-tradisional,Ultra Sari Asem 250 Ml,Rp7.480,7480.0
minuman-tradisional,Momordica / Lo Han Kuo Ginseng Chrysan Instant kemasan sachet Air Manis,Rp28.200,28200.0
minuman-tradisional,Hampers Iwalet Bird's Nest Minuman Sarang Burung Walet - 8 Jar,Rp510.000,510000.0
minuman-tradisional,paket GOBAN ( 10 Sachet Golden Milk + 20 Sachet Jahe Merah Herbal ),Rp50.000,50000.0
minuman-tradisional,Lasegar Leci 320 ml - Panas Dalam - Halodoc,Rp11.070,11070.0
minuman-tradisional,Herbilogy - Diabeat Capsule,Rp102.111,102111.0
minuman-tradisional,Iwalet RED-GO Bird's Nest Minuman Sarang Burung Walet 3 Jar 75ml Konsentrasi Tinggi Dengan Red Dates & Goji Berry Tanpa Pengawet Made by Order,Rp180.000,180000.0
minuman-tradisional,Fimory 4 Pcs - Minuman Sehat Nutrasetikal Untuk Mengatasi Asam Lambung,Rp380.000,380000.0
minuman-tradisional,Larutan Cap Kaki Tiga Leci 320 ml - Panas Dalam - Halodoc,Rp8.000,8000.0
minuman-tradisional,Gula kundur ecer 50 gram / tang kwe / wintermelon,Rp4.084,4084.0
minuman-tradisional,Larutan Cap Kaki Tiga Botol 200 ml - Panas Dalam - Halodoc,Rp4.429,4429.0
minuman-tradisional,ADEM SARI ISI 7 GRAM SACHET,Rp4.179,4179.0
minuman-tradisional,CAP BADAK LARUTAN PENYEGAR RASA APEL 320 ML KALENG,Rp9.272,9272.0
minuman-tradisional,Sidomuncul Beras Kencur - 5 pcs,Rp9.700,9700.0
minuman-tradisional,ADEM SARI SENSA COOLS SPARKLING 7 GRAM BOX 5 SACHET,Rp20.884,20884.0
minuman-tradisional,JAHE MERAH MIX KENCONO SARI 250GR,Rp30.000,30000.0
minuman-tradisional,Sido Muncul Sari Kunyit 50 Kapsul - Obat Asam Lambung & Gerd - Halodoc,Rp81.000,81000.0
minuman-tradisional,Iwalet Sarang Burung Walet Mangkuk Bersih 5 gram,Rp90.000,90000.0
minuman-tradisional,Paket Triple Collagen Dessert Mamacia Treats MINI PACK,Rp61.500,61500.0
minuman-tradisional,Singabera Premium Original Ginger Drink (Jahe) - 2 box @ 12 sachet,Rp79.100,79100.0
minuman-tradisional,Singabera Lemongrass Ginger Premix (Jahe Sereh) - 2 packs @ 500g,Rp121.500,121500.0
minuman-tradisional,Paket Creamy Peach Gum komplit KUALITAS SUPER GRADE A+ SIMPLE PACK,Rp106.500,106500.0
minuman-tradisional,ADEM SARI 7 GRAM SACHET,Rp3.772,3772.0
minuman-tradisional,LASEGAR ISI 500 ML BOTOL PLASTIK,Rp10.057,10057.0
minuman-tradisional,Singabera Original Ginger Premix (Jahe) - 2 pouch @ 500g,Rp121.500,121500.0
minuman-tradisional,Mamacia Treats Paket Snow Bird Nest Dessert Simple Pack (Teman Setia Peach Gum),Rp89.500,89500.0
minuman-tradisional,Minuman Perisa Anggur Mint Perjamuan Kudus Cup Last Supper Tanpa Alkohol Praktis Higienis Pelengkap Ibadah Gereja Rumah Isi 100 Pcs,Rp85.000,85000.0
minuman-tradisional,Sido Muncul Kunyit Asam Botol 2x150 ml,Rp12.600,12600.0
minuman-tradisional,CAP BADAK LARUTAN PENYEGAR 500 ML BOTOL,Rp10.428,10428.0
minuman-tradisional,AMH Daya Tahan Tubuh Bundling ( 2 Box) - Herbal Masuk Angin,Rp88.000,88000.0
minuman-tradisional,Paket Anti Ngedrop 1 ( 1 Box AMH Daya Tahan Tubuh (12 Sachet) 1 Box AMH Jahe Merah Herbal FB @ 20 Sachet (20 Sachet) ),Rp70.000,70000.0
minuman-tradisional,CAP BADAK LARUTAN PENYEGAR 500 ML BOTOL,Rp9.451,9451.0
minuman-tradisional,CAP KAKI TIGA LARUTAN PENYEGAR ANAK RASA JERUK 250 ML KALENG,Rp8.298,8298.0
minuman-tradisional,CAP KAKI TIGA LARUTAN PENYEGAR RASA JERUK 320 ML KALENG,Rp7.901,7901.0
minuman-tradisional,X'Tragin Lemon Jahe Plus Madu,Rp24.000,24000.0
minuman-tradisional,SELAKSA MAKNA Jahe Merah Kencur Paket 2 Pcs,Rp70.000,70000.0
minuman-tradisional,East Indies Archipelago Gin 200ml - Tipsy Bro,Rp130.000,130000.0
minuman-tradisional,CAP BADAK LARUTAN PENYEGAR RASA JAMBU 320 ML KALENG,Rp10.121,10121.0
minuman-tradisional,Billion Nest - Sarang Burung Walet Mangkok Regangan - 500 GRAM,Rp5.800.000,5800000.0
minuman-tradisional,CAP KAKI TIGA LARUTAN PENYEGAR RASA ANGGUR 320 ML KALENG,Rp9.120,9120.0
minuman-tradisional,Ultra Sari Asem 250 Ml,Rp7.480,7480.0
minuman-tradisional,Larutan Cap Badak Kaleng Rasa Strawberry 320 ml - Halodoc,Rp8.000,8000.0
minuman-tradisional,Herbilogy Empon Mix Extract Powder 100 Gr,Rp143.900,143900.0
minuman-tradisional,Singabera Empon Immuno - Tisane Herbal - 2 packs @ 100g,Rp242.000,242000.0
minuman-tradisional,Kunyit Susu dan Kurma Mix,Rp32.629,32629.0
minuman-tradisional,CAP KAKI TIGA LARUTAN PENYEGAR RASA LECI 320 ML KALENG,Rp8.717,8717.0
minuman-tradisional,CAP KAKI TIGA LARUTAN PENYEGAR ORIGINAL 500 ML,Rp10.310,10310.0
minuman-tradisional,CAP BADAK LARUTAN PENYEGAR 500 ML BOTOL,Rp11.399,11399.0
minuman-tradisional,CAP BADAK LARUTAN PENYEGAR 500 ML BOTOL,Rp11.399,11399.0
minuman-tradisional,CAP BADAK LARUTAN PENYEGAR RASA JERUK 320 ML KALENG,Rp9.451,9451.0
minuman-tradisional,paket GOBAN ( 10 Sachet Golden Milk + 20 Sachet Jahe Merah Herbal ),Rp50.000,50000.0
minuman-tradisional,INTRA JAHE WANGI DOOS BESAR 20 PCS 25 GR,Rp37.990,37990.0
minuman-tradisional,Jamu IBOE - 1 Box IBOE Natural Drink Kulit Manggis 5 sachet,Rp14.000,14000.0
minuman-tradisional,CAP KAKI TIGA LARUTAN PENYEGAR ORIGINAL 500 ML,Rp9.713,9713.0
minuman-tradisional,CAP BADAK LARUTAN PENYEGAR 500 ML BOTOL,Rp10.918,10918.0
minuman-tradisional,Singabera Kunyit asam - Tisane Herbal - 2 packs @ 100g,Rp176.000,176000.0
minuman-tradisional,Sidomuncul Herbal Sari Kunyit 50 Kapsul - Meringankan Gangguan Lambung,Rp102.000,102000.0
minuman-tradisional,Warming Package C (Jahe Merah LATTE & CHOCO) White Sugar Free,Rp47.580,47580.0
minuman-tradisional,ADEM SARI SENSA COOLS SPARKLING 7 GRAM BOX 5 SACHET,Rp20.251,20251.0
minuman-tradisional,Singabera Premium Lemon Ginger (Jahe Lemon) - 2 box @ 12 sachet,Rp79.100,79100.0
minuman-tradisional,Singabera Cold Pressed Red Ginger Powder 250g,Rp255.190,255190.0
minuman-tradisional,Herbilogy Additional Packaging,Rp5.000,5000.0
minuman-tradisional,ULTRA SARI ASEM ASLI 250 ML,Rp7.480,7480.0
minuman-tradisional,Jamu IBOE - 1 Box IBOE Natural Drink Rosella 5 sachet,Rp14.000,14000.0
minuman-tradisional,Jamu IBOE - 1 Dus IBOE Natural Drink Lidah Buaya 5 sachet,Rp336.000,336000.0
minuman-tradisional,Paket Jamu Heritage 4 - Kunyit Asam 2x + Galian Singset 2x,Rp26.365,26365.0
minuman-tradisional,Singabera Kunyit Asam-Heritage Selection-15 Teabags In Sachet,Rp71.930,71930.0
minuman-tradisional,"Pegagan, Jahe Merah, Temulawak, Gula Aren Mix",Rp19.237,19237.0
minuman-tradisional,Kunyit Asam Ready to Drink by Rahsa Nusantara | Instant Bandung Only,Rp40.000,40000.0
minuman-tradisional,CAP BADAK LARUTAN PENYEGAR 500 ML BOTOL,Rp9.968,9968.0
minuman-tradisional,Sidomuncul Este Emje Minuman Kesehatan - 6 Sachets,Rp22.300,22300.0
minuman-tradisional,Larutan Cap Kaki Tiga Leci 320 ml - Panas Dalam - Halodoc,Rp8.700,8700.0
minuman-tradisional,CAP BADAK LARUTAN PENYEGAR RASA JERUK 320 ML KALENG,Rp9.229,9229.0
minuman-tradisional,CAP BADAK LARUTAN RASA LECI 320 ML KALENG,Rp9.494,9494.0
minuman-tradisional,ADEM SARI SENSA COOLS SPARKLING 7 GRAM BOX 5 SACHET,Rp21.518,21518.0
minuman-tradisional,Jamu IBOE - 1 Dus IBOE Natural Drink Beras Kencur 5 sachet,Rp336.000,336000.0
minuman-tradisional,CAP BADAK LARUTAN PENYEGAR RASA APEL 320 ML KALENG,Rp9.632,9632.0
minuman-tradisional,[Paket isi 3] Nu Green Tea Honey 270ML,Rp10.500,10500.0
minuman-tradisional,Jahe Merah Bubuk Botol Adil,Rp41.850,41850.0
minuman-tradisional,18 Days - Billion Nest Bird Nest Minuman Sarang Burung Walet,Rp845.000,845000.0
minuman-tradisional,Singabera Premium Lemon Ginger (Jahe Lemon) - 12 Box @ 12 sachets,Rp374.292,374292.0
minuman-tradisional,Singabera Beras Kencur-Heritage Selection-15 Teabags In Sachet,Rp71.930,71930.0
minuman-tradisional,Singabera Cold Pressed Ginger Powder 250g - Serbuk Jahe / Bubuk,Rp163.620,163620.0
minuman-tradisional,CAP BADAK LARUTAN PENYEGAR RASA JERUK 320 ML KALENG,Rp9.451,9451.0
minuman-tradisional,Singabera Wedang Uwuh-Heritage Selection-15 Teabags In Sachet,Rp71.930,71930.0
minuman-tradisional,Gula batu ecer 50 gram / gula batu kristal / lump sugar / rock sugar,Rp3.499,3499.0
minuman-tradisional,CAP KAKI TIGA LARUTAN PENYEGAR RASA JERUK 320 ML KALENG,Rp8.085,8085.0
minuman-tradisional,CAP KAKI TIGA LARUTAN PENYEGAR ORIGINAL 500 ML,Rp8.744,8744.0
minuman-tradisional,INTRA JAHE WANGI 20 X 15 GR,Rp56.700,56700.0
minuman-tradisional,Lasegar Rasa Jeruk Nipis 320 Ml,Rp12.500,12500.0
minuman-tradisional,LARUTAN CAP KAKI TIGA PET 500 ML,Rp7.390,7390.0
minuman-tradisional,Paket Jaga imun AMH 1 Karton,Rp250.000,250000.0
minuman-tradisional,Singabera Premium Tisane - Empon Immuno-4 box @ 20sachet,Rp352.000,352000.0
minuman-tradisional,CAP KAKI TIGA LARUTAN PENYEGAR ANAK RASA JERUK 250 ML KALENG,Rp8.356,8356.0
minuman-tradisional,Pahitan Bubuk,Rp19.300,19300.0
minuman-tradisional,Temulawak Bubuk / Ground Curcuma - HAYS,Rp13.600,13600.0
minuman-tradisional,Singabera Lemon Ginger Premix (Jahe Lemon) - 2 packs @ 500g,Rp133.400,133400.0
minuman-tradisional,Larutan Cap Badak Botol 500 ml - Panas Dalam - Halodoc,Rp9.350,9350.0
minuman-tradisional,X'TRAGIN Wedang Uwuh Minuman Bubuk Paket 3 Box,Rp69.000,69000.0
minuman-tradisional,Huiji Health Tonic Made In Singapore 700ml,Rp797.000,797000.0
minuman-tradisional,Paket Anti Ngedrop 3 ( 1 Box AMH Daya Tahan Tubuh (12 Sachet) 2 Box AMH Jahe Merah Gula Aren Pisah FB @ 5 Sachet (10 Sachet) ),Rp66.000,66000.0
minuman-tradisional,3 Pcs Billion Nest Bird's Nest Concentrate Minuman Sarang Burung Walet,Rp191.000,191000.0
minuman-tradisional,Jamu IBOE - 1 Box IBOE Natural Drink Kulit Manggis 5 sachet,Rp14.000,14000.0
minuman-tradisional,ADEM SARI ISI 7 GRAM SACHET,Rp3.798,3798.0
minuman-tradisional,CAP BADAK LARUTAN PENYEGAR 500 ML BOTOL,Rp10.037,10037.0
minuman-tradisional,Keraton - Sari Jahe Cair 48 Sachet [Bundling Isi 6 Sachet dan Free Mug],Rp144.900,144900.0
minuman-tradisional,Singabera Cold Pressed Turmeric Powder 100g - Serbuk Kunyit,Rp77.260,77260.0
minuman-tradisional,Iwalet Sarang Burung Walet Mangkuk Bersih 10 gram,Rp200.000,200000.0
minuman-tradisional,The Balvenie 21 Years Old Portwood 700ml Single malt Whisky,Rp6.950.000,6950000.0
minuman-tradisional,Singabera Beras Kencur-Heritage Selection-4 Box @20sachet,Rp316.800,316800.0
minuman-tradisional,Adem Sari 5 Sachet - Pereda Panas Dalam,Rp22.300,22300.0
minuman-tradisional,Singabera Roselle Ginger Premix (Jahe Rosela) - 2 packs @ 500g pouch,Rp133.400,133400.0
minuman-tradisional,Larutan Cap Kaki Tiga Botol 200 ml - Panas Dalam - Halodoc,Rp5.000,5000.0
minuman-tradisional,Singabera Intra Jahe Wangi - Tisane / Herbal-4 Box @15sachet,Rp352.000,352000.0
minuman-tradisional,Herbilogy - Empon mix Extract Powder,Rp115.159,115159.0
minuman-tradisional,INTRA JAHE WANGI 20 X 15 GR,Rp56.700,56700.0
minuman-tradisional,Iwalet Sarang Burung Walet Mangkuk Bersih 5 gram,Rp90.000,90000.0
minuman-tradisional,Cinnamon Extract Powder 100 Gram-Mencegah Diabetes & Antioxidant Alami,Rp99.000,99000.0
minuman-tradisional,Ultra Sari Asem 250 Ml,Rp7.690,7690.0
minuman-tradisional,Iwalet Sarang Burung Walet 50 gram dengan Luxury Box,Rp1.000.000,1000000.0
minuman-tradisional,ADEM SARI SENSA COOLS SPARKLING 7 GRAM BOX 5 SACHET,Rp22.782,22782.0
minuman-tradisional,Anget Sari Wedang Jahe Minuman Rempah Serbuk Box - 5x24 gr,Rp7.420,7420.0
minuman-tradisional,Paket Bantu Jaga Imun (Jahe Merah + Bandrek + Jahe Full Cream),Rp73.000,73000.0
minuman-tradisional,DISKON PARAH Paket sehAt jahe meRAH,Rp70.000,70000.0
minuman-tradisional,Herbilogy On The Go – Pomegranate Peel Extract Powder Isi 20 Sachets,Rp82.900,82900.0
minuman-tradisional,Alang Sari Cool 300ml - Mencegah Sariawan Panas Dalam Reda,Rp7.360,7360.0
minuman-tradisional,INTRA JAHE WANGI DOOS BESAR 20 PCS 25 GR,Rp39.150,39150.0
minuman-tradisional,Singabera Tisane Wedang uwuh –Seduhan Herba– 2 packs @ 100 g,Rp176.000,176000.0
minuman-tradisional,M+SUSU rasa Soda Gembira (3 Box),Rp30.000,30000.0
minuman-tradisional,CAP KAKI TIGA LARUTAN PENYEGAR ORIGINAL 500 ML,Rp11.136,11136.0
minuman-tradisional,CAP BADAK LARUTAN PENYEGAR RASA APEL 320 ML KALENG,Rp11.063,11063.0
minuman-tradisional,CAP BADAK LARUTAN PENYEGAR RASA JAMBU 320 ML KALENG,Rp11.773,11773.0
minuman-tradisional,SIDO MUNCUL Minuman Jahe Wangi 5x25g,Rp12.900,12900.0
minuman-tradisional,Premium Goji berry 10 gram / kici / wolfberry / gou qi,Rp5.824,5824.0
minuman-tradisional,Bundling Sari Kunyit Asam dan Sari Lemon by Rahsa Nusantara,Rp189.800,189800.0
minuman-tradisional,ADEM SARI ISI 7 GRAM SACHET,Rp3.419,3419.0
minuman-tradisional,Larutan Cap Kaki Tiga Botol 500 ml - Panas Dalam - Halodoc,Rp9.600,9600.0
minuman-tradisional,CAP BADAK LARUTAN PENYEGAR 500 ML BOTOL,Rp10.126,10126.0
minuman-tradisional,CAP KAKI TIGA LARUTAN PENYEGAR ANAK RASA JERUK 250 ML KALENG,Rp8.047,8047.0
minuman-tradisional,CAP BADAK LARUTAN PENYEGAR 500 ML BOTOL,Rp10.561,10561.0
minuman-tradisional,CAP BADAK LARUTAN PENYEGAR 500 ML BOTOL,Rp10.126,10126.0
minuman-tradisional,ADEM SARI ISI 7 GRAM SACHET,Rp3.376,3376.0
minuman-tradisional,Paket Peach Gum Komplit Family Pack / tao jiao / healthy dessert,Rp158.500,158500.0
minuman-tradisional,Teh Mahkota Dewa - by nabawiherbal,Rp30.000,30000.0
minuman-tradisional,ADEM SARI SENSA COOLS SPARKLING 7 GRAM BOX 5 SACHET,Rp24.081,24081.0
minuman-tradisional,[Beli 5 Gratis 1] Sido Muncul Kunyit RTD Botol 5 Pcs x 150 ml,Rp42.000,42000.0
minuman-tradisional,Jakarta Selatan,Rp660.000,660000.0
minuman-tradisional,Singabera Cold Pressed Ginger Powder 1kg - Serbuk Jahe / Bubuk,Rp554.340,554340.0
minuman-tradisional,Singabera Premium Roselle Ginger (Jahe Rosela) - 2 box @ 12 sachet,Rp79.100,79100.0
minuman-tradisional,Singabera Kunyit Asam -Heritage selection-4 box @20sachet,Rp316.800,316800.0
minuman-tradisional,East Indies Pomelo Pink Gin 700ml,Rp440.000,440000.0
minuman-tradisional,[Promo] Singabera Premium Original Ginger Drink (Jahe),Rp115.600,115600.0
minuman-tradisional,CAP KAKI TIGA LARUTAN PENYEGAR ANAK RASA LECI 250 ML KALENG,Rp8.717,8717.0
minuman-tradisional,"Mbiopro Hipertensi Paling Ampuh, Hipertensi Darah Tinggi, Darah Tinggi Yang Bagus, Sakit Kepala, Pusing, Darah Tinggi dan Kolesterol - Probiotik Mbiopro 1 Botol",Rp360.000,360000.0
minuman-tradisional,Larutan Penyegar Cap Badak Rasa Lemon 320 ml - Panas Dalam - Halodoc,Rp8.500,8500.0
minuman-tradisional,CAP BADAK LARUTAN PENYEGAR 500 ML BOTOL,Rp11.012,11012.0
minuman-tradisional,ADEM SARI ISI 7 GRAM SACHET,Rp4.024,4024.0
minuman-tradisional,CAP KAKI TIGA LARUTAN PENYEGAR ORIGINAL 200 ML,Rp4.772,4772.0
minuman-tradisional,Kencur Jahe Jeruk Bubuk Mix 500 g,Rp181.893,181893.0
minuman-tradisional,ADEM SARI ISI 7 GRAM SACHET,Rp3.798,3798.0
minuman-tradisional,[PAKET 3 BOTOL] NENAVIN 280 ML ORIGINAL | ALAMI | BEBAS GULA | SUDAH BPOM & HALAL Cuka Putih air putih equil,Rp300.000,300000.0
minuman-tradisional,[Hampers] Sarang Burung Walet Mentah Regangan Packaging Softbox - Gift,Rp650.000,650000.0
minuman-tradisional,CAP KAKI TIGA LARUTAN PENYEGAR ORIGINAL 200 ML,Rp6.705,6705.0
minuman-tradisional,Sidomuncul Jahe Wangi - 1 Sachets,Rp2.000,2000.0
minuman-tradisional,Jamu IBOE - 1 Dus IBOE Natural Drink Alang - Alang 5 sachet,Rp336.000,336000.0
minuman-tradisional,Paket X'TRAGIN Panas Dingin B (Jahe Merah + Bandrek + Sinom Lemon),Rp73.000,73000.0
minuman-tradisional,[Promo] Singabera Premium Ginger Drink (Minuman Jahe) - Mix Pack,Rp195.000,195000.0
minuman-tradisional,CAP BADAK LARUTAN PENYEGAR RASA ANGGUR 320 ML KALENG,Rp8.798,8798.0
minuman-tradisional,Teh celup ANGKAK | Teh herbal Beras Merah Alami,Rp15.000,15000.0
minuman-tradisional,CAP KAKI TIGA LARUTAN PENYEGAR ORIGINAL 500 ML,Rp10.728,10728.0
minuman-tradisional,CAP KAKI TIGA LARUTAN PENYEGAR ANAK RASA LECI 250 ML KALENG,Rp8.931,8931.0
minuman-tradisional,CAP BADAK LARUTAN PENYEGAR RASA ANGGUR 320 ML KALENG,Rp11.773,11773.0
minuman-tradisional,Peach Gum Jumbo grade Super AAA+ bersih / tao jiao 25 - 50 gram,Rp17.380,17380.0
minuman-tradisional,[Promo] Singabera Premium Roselle Ginger (Jahe Rosela),Rp115.600,115600.0
minuman-tradisional,Beverage Of Lohankuo Zhenzhu & Sheshecao,Rp39.800,39800.0
minuman-tradisional,CAP BADAK LARUTAN PENYEGAR 500 ML BOTOL,Rp9.494,9494.0
minuman-tradisional,Bejo Jahe Merah Sachet 15 mL - Sirup Herbal Untuk Masuk Angin,Rp6.600,6600.0
minuman-tradisional,CAP KAKI TIGA LARUTAN PENYEGAR ANAK RASA LECI 250 ML KALENG,Rp8.101,8101.0
minuman-tradisional,Singabera Intra Jahe Wangi - Tisane / Herbal-4 Box @15sachet,Rp352.000,352000.0
minuman-tradisional,Herbilogy - Empon mix Extract Powder,Rp115.159,115159.0
minuman-tradisional,INTRA JAHE WANGI 20 X 15 GR,Rp56.700,56700.0
minuman-tradisional,Iwalet Sarang Burung Walet Mangkuk Bersih 5 gram,Rp90.000,90000.0
minuman-tradisional,Cinnamon Extract Powder 100 Gram-Mencegah Diabetes & Antioxidant Alami,Rp99.000,99000.0
minuman-tradisional,Singabera Jahe Wangi - Heritage Selection - 500 g,Rp528.000,528000.0
minuman-tradisional,ADEM SARI SENSA COOLS SPARKLING 7 GRAM BOX 5 SACHET,Rp25.314,25314.0
minuman-tradisional,X'Tragin Jahe Madu | Ginger + Honey | Jahe Rasa Madu,Rp23.000,23000.0
minuman-tradisional,X'Tragin Jahe Full Cream + Gula Aren Paket 2 Box,Rp54.000,54000.0
minuman-tradisional,Larutan Cap Badak Kaleng Rasa Jambu 320 ml - Panas Dalam - Halodoc,Rp8.120,8120.0
minuman-tradisional,Ramuan Minuman Tradisional TeJamu 3x5's - Kesehatan Daya Tahan Tubuh,Rp30.270,30270.0
minuman-tradisional,Bee Honey - Madu Asli Multi Flora Original 250gr HALAL & DINKES,Rp19.000,19000.0
minuman-tradisional,ADEM SARI SENSA COOLS SPARKLING 7 GRAM BOX 5 SACHET,Rp24.049,24049.0
minuman-tradisional,Keraton - Sari Jahe Cair 18 Sachet [Bundling],Rp54.300,54300.0
minuman-tradisional,CAP KAKI TIGA LARUTAN PENYEGAR RASA STRAWBERRY 320 ML KALENG,Rp8.717,8717.0
minuman-tradisional,CAP KAKI TIGA LARUTAN PENYEGAR RASA LECI 320 ML KALENG,Rp9.387,9387.0
minuman-tradisional,CAP KAKI TIGA LARUTAN PENYEGAR ORIGINAL 500 ML,Rp9.494,9494.0
minuman-tradisional,INTRA JAHE WANGI DOOS BESAR 20 PCS 25 GR,Rp37.990,37990.0
minuman-tradisional,Singabera Cold Pressed Turmeric Powder 1kg - Serbuk Kunyit,Rp484.740,484740.0
minuman-tradisional,CAP BADAK LARUTAN PENYEGAR 500 ML BOTOL,Rp10.126,10126.0
minuman-tradisional,Paket Jahe Merah 41 herbal (5 rcg),Rp72.000,72000.0
minuman-tradisional,M+Susu Rasa Anggur (3 Box),Rp30.000,30000.0
minuman-tradisional,Larutan Cap Kaki Tiga Jambu 320 ml - Panas Dalam - Halodoc,Rp8.000,8000.0
minuman-tradisional,Jamu IBOE - 1 Dus IBOE Natural Drink Rosella 5 sachet,Rp336.000,336000.0
minuman-tradisional,ADEM SARI SENSA COOLS SPARKLING 7 GRAM BOX 5 SACHET,Rp23.035,23035.0
minuman-tradisional,Anget Sari Jahe Jeruk Nipis Minuman Rempah Serbuk Renceng - 10pcs x 30gr,Rp14.098,14098.0
minuman-tradisional,Singabera Tisane- Beras Kencur - 2 packs @ 100 gram,Rp176.000,176000.0
minuman-tradisional,Ultra Sari Asem 250 Ml,Rp7.100,7100.0
minuman-tradisional,Cinnamon Extract Powder 100 Gram-Mencegah Diabetes & Antioxidant Alami,Rp99.000,99000.0
minuman-tradisional,Singabera Cold Pressed Turmeric Powder 250g - Serbuk Kunyit,Rp148.970,148970.0
minuman-tradisional,Cognac Menier VSOP 700 ml,Rp1.570.000,1570000.0
minuman-tradisional,CAP BADAK LARUTAN PENYEGAR 500 ML BOTOL,Rp12.572,12572.0
minuman-tradisional,LASEGAR KALENG RASA STRAWBERRY,Rp10.126,10126.0
minuman-tradisional,MURAH TheOrganicStop Paket Empon JAHE MERAH+KAYUMANIS+KUNYIT+TEMULAWAK,Rp66.000,66000.0
minuman-tradisional,[Paket isi 12] Nu Green Tea Honey 270ML,Rp41.000,41000.0
minuman-tradisional,Singabera Beras Kencur - Heritage Selection- 1 kg,Rp618.750,618750.0
minuman-tradisional,Sidomuncul Kunyit Asam Sirih - 5 Pcs,Rp11.800,11800.0
minuman-tradisional,CAP KAKI TIGA LARUTAN PENYEGAR ORIGINAL 200 ML,Rp6.588,6588.0
minuman-tradisional,CAP KAKI TIGA LARUTAN PENYEGAR RASA ANGGUR 320 ML KALENG,Rp7.901,7901.0
minuman-tradisional,Paket Jumbo Hemat (Bandrek Susu 20s + Jahe Merah Sereh 10s),Rp127.000,127000.0
minuman-tradisional,PAKET BUNDLING 1 BOX RED GINGER 2C & 1 BOX JAHE MERAH,Rp86.000,86000.0
minuman-tradisional,Jamu IBOE - 1 Dus IBOE Natural Drink Temulawak 5 sachet,Rp336.000,336000.0
minuman-tradisional,LO WEDANG TOEJOE REMPAH NATURAL 200 GR,Rp39.900,39900.0
minuman-tradisional,Galian Singset 2x150ml Ramuan Tradisional Menjaga Bentuk Tubuh Ideal Dan Tetap Bugar,Rp13.368,13368.0
minuman-tradisional,KUNYIT ASAM SIDO MUNCUL 5 SACHET,Rp8.610,8610.0
minuman-tradisional,KUNYIT ASAM SIDO MUNCUL 5 SACHET,Rp9.259,9259.0
minuman-tradisional,SIDOMUNCUL BERAS KENCUR 25 GRAM BOX 5 SACHET,Rp9.528,9528.0
minuman-tradisional,Singabera Jahe Wangi-Heritage Selection-15 Teabags In Sachet,Rp79.920,79920.0
minuman-tradisional,Birdnest / Sarang Burung Walet Hancuran / Yanping,Rp290.000,290000.0
minuman-tradisional,Singabera Cold Pressed Red Ginger Powder 100g-Serbuk Jahe Merah,Rp117.220,117220.0
minuman-tradisional,KIRANTI SEHAT DATANG BULAN+JUICE 150 ML,Rp9.000,9000.0
minuman-tradisional,ULTRA SARI ASEM ASLI 250 ML,Rp7.480,7480.0
minuman-tradisional,Sari Kurma Al Jazira 250 Gram - Minuman Rasa Sari Kurma Asli,Rp20.500,20500.0
minuman-tradisional,Paket Anti Ngedrop 2 ( 1 Box AMH Jahe Merah Herbal FB @ 20 Sachet (20 Sachet) 2 Box AMH Jahe Merah Gula Aren Pisah FB @ 5 Sachet (10 Sachet) ),Rp48.000,48000.0
minuman-tradisional,Jakarta Utara,Rp37.500,37500.0
minuman-tradisional,X'TRAGIN Jahe Madu Paket 2 Box Minuman Bubuk,Rp46.000,46000.0
minuman-tradisional,Sido Muncul Kunyit Asam RTD Botol 150 ml,Rp6.370,6370.0
minuman-tradisional,Singabera Cinnamon Ginger (Jahe Kayu Manis) - 2 box @ 12 sachet,Rp79.100,79100.0
minuman-tradisional,CAP KAKI TIGA LARUTAN PENYEGAR RASA LECI 320 ML KALENG,Rp9.494,9494.0
minuman-tradisional,CAP BADAK LARUTAN PENYEGAR 500 ML BOTOL,Rp10.124,10124.0
minuman-tradisional,Herbadrink Sari Jahe - Minuman Serbuk Pengahangat Tubuh,Rp18.300,18300.0
minuman-tradisional,Herbadrink Kunyit Asam - 5 Sachets - Minuman Kewanitaan,Rp17.900,17900.0
minuman-tradisional,Jacob`s Creek Cherry Red 750ml,Rp280.000,280000.0
minuman-tradisional,Jahe Instant Plus Mengkudu CIE,Rp33.000,33000.0
minuman-tradisional,[Promo] Singabera Premium Lemon Ginger (Jahe Lemon),Rp115.600,115600.0
minuman-tradisional,Singabera Intra Jahe Wangi - Tisane / Herbal-4 Box @15sachet,Rp352.000,352000.0
minuman-tradisional,CAP KAKI TIGA LARUTAN PENYEGAR RASA ANGGUR 320 ML KALENG,Rp8.172,8172.0
minuman-tradisional,CAP KAKI TIGA LARUTAN PENYEGAR ANAK RASA JERUK 250 ML KALENG,Rp8.356,8356.0
minuman-tradisional,Iwalet Sarang Burung Walet Mangkuk Bersih 5 gram,Rp90.000,90000.0
minuman-tradisional,Herbilogy - Empon mix Extract Powder,Rp115.159,115159.0
minuman-tradisional,Ultra Sari Asem 250 Ml,Rp7.480,7480.0
minuman-tradisional,CAP KAKI TIGA LARUTAN PENYEGAR ANAK RASA LECI 250 ML KALENG,Rp8.717,8717.0
minuman-tradisional,Larutan Cap Badak Botol 500 ml - Panas Dalam - Halodoc,Rp9.230,9230.0
minuman-tradisional,"Vitamin C generasi baru HWI C Pureway C Zinc D E, Original Hwi Remaja",Rp174.900,174900.0
minuman-tradisional,Jamu IBOE - 1 Dus IBOE Natural Drink Kunyit Asam 5 sachet,Rp336.000,336000.0
minuman-tradisional,FITANGIN 1 pak (12 pcs) - by nabawiherbal,Rp48.000,48000.0
minuman-tradisional,Iwalet Premium Bird's Nest Concentrate Minuman Sarang Burung Walet,Rp580.000,580000.0
minuman-tradisional,X'Tragin Sinom Lemon Temulawak,Rp27.000,27000.0
minuman-tradisional,Jahe Pandan Dan Gula Aren Mix 500 g,Rp149.042,149042.0
minuman-tradisional,[Promo] Singabera Premium Lemongrass Ginger (Jahe Sereh),Rp115.600,115600.0
minuman-tradisional,ULTRA SARI ASEM ASLI 250 ML,Rp6.600,6600.0
minuman-tradisional,Singabera Cinnamon Ginger Premix (Jahe Kayu Manis) - 2 packs @ 500g,Rp166.700,166700.0
minuman-tradisional,ADEM SARI ISI 7 GRAM SACHET,Rp6.329,6329.0
minuman-tradisional,ADEM SARI SENSA COOLS SPARKLING 7 GRAM BOX 5 SACHET,Rp24.641,24641.0
minuman-tradisional,Bandrek Bandung Braga Extra Hot,Rp42.000,42000.0
minuman-tradisional,ULTRA SARI ASEM ASLI 250 ML,Rp7.480,7480.0
minuman-tradisional,Larutan Cap Badak Botol 200 ml - Panas Dalam - Halodoc,Rp4.800,4800.0
minuman-tradisional,Mamacia Treats Paket Snow Bird Nest Dessert Family Pack (Teman Setia Peach Gum),Rp158.500,158500.0
minuman-tradisional,Jamu IBOE - 1 Pack Pegel Linu,Rp21.000,21000.0
minuman-tradisional,Jahe Merah Renceng Hidayah Rencengan Isi 10 Sachet,Rp16.000,16000.0
minuman-tradisional,ADEM SARI SENSA COOLS SPARKLING 7 GRAM BOX 5 SACHET,Rp20.255,20255.0
minuman-tradisional,Paket 2 Box X'TRAGIN Teh Chrysanthemum Turmeric + Buah Kundur,Rp46.000,46000.0
minuman-tradisional,[Paket isi 24] Nu Yogurt Tea Berry Crush 225ML,Rp95.400,95400.0
minuman-tradisional,Bunga Honje Ready to Drink by Rahsa Nusantara | Instant Bandung Only,Rp40.000,40000.0
minuman-tradisional,CAP BADAK LARUTAN PENYEGAR 500 ML BOTOL,Rp11.766,11766.0
minuman-tradisional,CAP KAKI TIGA LARUTAN PENYEGAR ORIGINAL 500 ML,Rp11.136,11136.0
minuman-tradisional,HERBADRINK BERAS KENCUR 18 GRAM BOX 5 SACHET,Rp18.354,18354.0
minuman-tradisional,Sido Muncul Sari Kunyit 50 Kapsul - Obat Asam Lambung & Gerd - Halodoc,Rp89.868,89868.0
minuman-tradisional,CAP BADAK LARUTAN PENYEGAR 500 ML BOTOL,Rp9.429,9429.0
minuman-tradisional,Paket Susu Jahe ( 2 Renceng AMH Susu Jahe (20 Sachet) 1 Renceng AMH Golden Milk (10 Sachet) ),Rp70.000,70000.0
minuman-tradisional,Paket Rahmat 3 (Ramadhan Hemat) - 2 Botol Garlic,Rp106.500,106500.0
minuman-tradisional,CAP BADAK LARUTAN PENYEGAR 500 ML BOTOL,Rp9.873,9873.0
minuman-tradisional,Sari Jahe Keraton isi 12 Sachet,Rp36.200,36200.0
minuman-tradisional,CAP KAKI TIGA LARUTAN PENYEGAR ORIGINAL 500 ML,Rp9.429,9429.0
minuman-tradisional,ADEM SARI SENSA COOLS SPARKLING 7 GRAM BOX 5 SACHET,Rp23.116,23116.0
minuman-tradisional,"Adem Sari Dus Isi 5 Sachet - Pereda Panas Dalam, Sakit Tenggorokan",Rp22.300,22300.0
minuman-tradisional,CAP KAKI TIGA LARUTAN PENYEGAR RASA ANGGUR 320 ML KALENG,Rp8.172,8172.0
minuman-tradisional,CAP KAKI TIGA LARUTAN PENYEGAR RASA STRAWBERRY 320 ML KALENG,Rp8.172,8172.0
minuman-tradisional,CAP BADAK LARUTAN RASA LECI 320 ML KALENG,Rp8.449,8449.0
minuman-tradisional,CAP BADAK LARUTAN PENYEGAR RASA JERUK 320 ML KALENG,Rp8.861,8861.0
minuman-tradisional,ULTRA SARI ASEM ASLI 250 ML,Rp7.480,7480.0
minuman-tradisional,Paket AMH Jahe merah Herbal (5 rcg),Rp100.000,100000.0
minuman-tradisional,QnC Jelly Gamat Emas,Rp255.000,255000.0
minuman-tradisional,Peach Gum grade Super A+ Pearl BESAR 125 - 500 gram,Rp73.928,73928.0
minuman-tradisional,Larutan Cap Kaki Tiga Jambu 320 ml - Panas Dalam - Halodoc,Rp8.064,8064.0
minuman-tradisional,Singabera Wedang Uwuh - Heritage selection (2 pouch @ 100 teabags),Rp594.000,594000.0
minuman-tradisional,CAP KAKI TIGA LARUTAN PENYEGAR ORIGINAL 200 ML,Rp5.514,5514.0
minuman-tradisional,Arran 18 Years Old Single Malt Scotch Whisky 700 ml,Rp4.000.000,4000000.0
minuman-tradisional,ADEM SARI SENSA COOLS SPARKLING 7 GRAM BOX 5 SACHET,Rp23.946,23946.0
minuman-tradisional,ADEM SARI ISI 7 GRAM SACHET,Rp4.401,4401.0
minuman-tradisional,CAP KAKI TIGA LARUTAN PENYEGAR ORIGINAL 500 ML,Rp12.351,12351.0
minuman-tradisional,CAP BADAK LARUTAN PENYEGAR 500 ML BOTOL,Rp11.140,11140.0
minuman-tradisional,CAP BADAK LARUTAN PENYEGAR RASA MELON 320 ML KALENG,Rp8.742,8742.0
minuman-tradisional,Jagotonik Sari Jamu Rasa Anggur Bahan Campuran Jamu,Rp22.500,22500.0
minuman-tradisional,Paket Peach Gum dan Snow Bird Nest / Double Collagen Mamacia MINI PACK,Rp56.000,56000.0
minuman-tradisional,Paket X'TRAGIN Nikmat Gurih (Jahe Merah + Bandrek + Jahe Full Cream),Rp73.000,73000.0
minuman-tradisional,ADEM SARI ISI 7 GRAM SACHET,Rp3.354,3354.0
minuman-tradisional,Singabera Ginger -Herbal Infusion/Seduhan Herba Jahe -4 box @ 20sachet,Rp352.000,352000.0
minuman-tradisional,Singabera Wedang Uwuh - Tisane / Herbal-4 Box @15sachet,Rp237.600,237600.0
minuman-tradisional,ADEM SARI SENSA COOLS SPARKLING 7 GRAM PACK 8 SACHET,Rp25.615,25615.0
minuman-tradisional,Singabera Intra Jahe Wangi - Tisane / Herbal-4 Box @15sachet,Rp352.000,352000.0
minuman-tradisional,CAP KAKI TIGA LARUTAN PENYEGAR RASA ANGGUR 320 ML KALENG,Rp8.172,8172.0
minuman-tradisional,CAP KAKI TIGA LARUTAN PENYEGAR ANAK RASA JERUK 250 ML KALENG,Rp8.356,8356.0
minuman-tradisional,Iwalet Sarang Burung Walet Mangkuk Bersih 5 gram,Rp90.000,90000.0
minuman-tradisional,Herbilogy - Empon mix Extract Powder,Rp115.159,115159.0
minuman-tradisional,ADEM SARI SENSA COOLS SPARKLING 7 GRAM PACK 8 SACHET,Rp25.615,25615.0
minuman-tradisional,CAP KAKI TIGA LARUTAN PENYEGAR ANAK RASA JERUK 250 ML KALENG,Rp8.717,8717.0
minuman-tradisional,Ramuan Mami Curcuma (Temulawak) Extract Powder 100gr,Rp75.000,75000.0
minuman-tradisional,KUAS 250ml - Bundling 5 Botol All Varian,Rp84.000,84000.0
minuman-tradisional,JAMU IBOE - 1 pack Tapel Serbuk,Rp21.000,21000.0
minuman-tradisional,[Paket isi 3] Nu Yogurt Tea Berry Crush 225ML,Rp12.300,12300.0
minuman-tradisional,Herbana Relief Sari Powder Jinten Hitam Habbatussauda Memelihara Daya Tahan Tubuh dan Energi - Isi 30 Sachet @4g,Rp149.000,149000.0
minuman-tradisional,"Minuman Zuriat / Alamon Tea 260 gr / Kombinasi Zuriat, Kurma dan Delima",Rp57.230,57230.0
minuman-tradisional,Susu Kambing Etawa Rasa Original Karomah Insani | Renceng - 20gr x 10 Sachet,Rp30.210,30210.0
minuman-tradisional,Jakarta Selatan,Rp125.125,125125.0
minuman-tradisional,Jahe Merah Bubuk Murni / Ground Red Ginger - HAYS,Rp21.900,21900.0
minuman-tradisional,Empon - Empon Jahe Merah Sugar Free 100 g (Tanpa Gula) Tiara Farm,Rp53.000,53000.0
minuman-tradisional,Kunyit Asem + Madu 150 g (Gogomix Tiara Farm),Rp30.000,30000.0
minuman-tradisional,Lamandel kotak Isi 12 Sachet - by nabawiherbal,Rp39.000,39000.0
minuman-tradisional,Jestham Duo Herbal Doub Powder,Rp700.000,700000.0
minuman-tradisional,X'Tragin Sinom Lemon Temulawak Paket 3 Box,Rp81.000,81000.0
minuman-tradisional,W'Dank Bandrek (10 Sch) - Minuman Tradisional Bubuk Tinggi Vitamin,Rp19.800,19800.0
minuman-tradisional,[Paket isi 3] Nu Choco HazelTea 225ML,Rp14.900,14900.0
minuman-tradisional,Empon - Empon Sugar Free 100 g (Tanpa Gula) Gogomix Tiara Farm,Rp46.000,46000.0
minuman-tradisional,Jamu IBOE - 1 Box IBOE Natural Drink Lidah Buaya 5 sachet,Rp14.000,14000.0
minuman-tradisional,Sari Temulawak 85 Instan Original Toples 400 gr,Rp48.100,48100.0
minuman-tradisional,Lemon Bubuk,Rp70.600,70600.0
minuman-tradisional,Minuman Perisa Anggur Mint Perjamuan Kudus Cup Hosti Ayat Last Supper Tanpa Alkohol Praktis Higienis Ibadah Gereja Rumah Isi 100 Pcs,Rp104.900,104900.0
minuman-tradisional,Anget Sari Susu Jahe Minuman Rempah Serbuk Box - 5x25 gr,Rp7.420,7420.0
minuman-tradisional,Jahe Merah Madu (Sugar Free / Tanpa Gula) 100 g (Tiara Farm),Rp65.000,65000.0
minuman-tradisional,Beras Kencur Dan Madu Mix,Rp36.500,36500.0
minuman-tradisional,100GR GINGER LEMONGRASS MAX FOOD / BUBUK MINUMAN RASA JAHE SEREH,Rp22.400,22400.0
minuman-tradisional,X'TRAGIN Jahe Merah Plus Sereh Minuman Bubuk,Rp43.000,43000.0
minuman-tradisional,Jamu IBOE - 1 Box IBOE Natural Drink Alang - Alang 5 sachet,Rp14.000,14000.0
minuman-tradisional,Paket Hemat Minuman Sehat Umbi Garut Solusi Asam Lambung - 2 Fimory 250g,Rp195.000,195000.0
minuman-tradisional,Sido Muncul Minuman Jahe Wangi 5x5's - Membantu Menghangatkan Badan,Rp39.990,39990.0
minuman-tradisional,Billion Nest Bird's Nest Sarang Burung Walet Edisi Bumil dan Busui,Rp59.000,59000.0
minuman-tradisional,Singabera Premium Ginger Drink - 1 Box - 12 Sachet,Rp40.550,40550.0
minuman-tradisional,Empon - Empon Jahe Merah Madu Sugar Free 100 g (Tanpa Gula) Tiara Farm,Rp58.000,58000.0
minuman-tradisional,Anget Sari Empon-Empon Minuman Rempah Serbuk Renceng - 10pcs x 15gr,Rp14.098,14098.0
minuman-tradisional,Nenavin Cuka Nanas Paket 2 Botol Multivitamin Bantu Kontrol Gula Darah Kolesterol & Asam Urat Sudah BPOM Halal MUI,Rp180.000,180000.0
minuman-tradisional,X'Tragin Bandrek dengan Jahe Merah,Rp23.000,23000.0
minuman-tradisional,HERBILOGY Moringa Extract Powder - 100 Gr,Rp104.900,104900.0
minuman-tradisional,House Of Organix Beras Kencur + Coconut Sugar 200 Gr,Rp25.000,25000.0
minuman-tradisional,Singabera Wedang Uwuh - Heritage selection - 1 pouch 500 g,Rp297.000,297000.0
minuman-tradisional,Warming Package A (Jahe Merah CLASSIC & LATTE) White Sugar Free,Rp56.000,56000.0
minuman-tradisional,Paket Susu Jahe Merah 41 (5 rcg),Rp78.000,78000.0
minuman-tradisional,Jahe + Lemon (Ginger + Lemon ) 150 g Gogomix Tiara Farm,Rp35.000,35000.0
minuman-tradisional,Lemon Bubuk 120 g ( Gogomix Tiara Farm ),Rp48.000,48000.0
minuman-tradisional,Aromatic Ginger Powder (Bubuk Kencur) Premium Murni 80 g - Tiara Farm,Rp49.000,49000.0
minuman-tradisional,Anget Sari Wedang Jahe Minuman Rempah Serbuk Renceng - 10pcs x 24gr,Rp10.573,10573.0
minuman-tradisional,Twin Pack - W'Dank Sereh Jahe Nipis (10 Sch) - Tinggi Vitamin C & D,Rp39.600,39600.0
minuman-tradisional,Jahe Merah Krimer Propolis JMP Renceng isi 12 Saset,Rp27.000,27000.0
minuman-tradisional,Jamu Heritage Kunyit Asam 150ml Sido Muncul Menyegarkan Badan,Rp6.499,6499.0
minuman-tradisional,Sari Serai Telang by Rahsa Nusantara - Jamu Sirup Herbal Tradisional,Rp64.900,64900.0
minuman-tradisional,Sari Temulawak 85 Instan Plus Madu Lemon Toples 400 gr,Rp45.800,45800.0
minuman-tradisional,Curcuma Powder (Bubuk Temulawak) Premium Murni 80 g - Tiara Farm,Rp25.000,25000.0
minuman-tradisional,Bundling Lemon Sereh dan Jahe Lemon (150 g) - Tiara Farm,Rp70.000,70000.0
minuman-tradisional,PROMO 2 Botol Bird’s Nest / Sarang Burung Walet Pandan 500 ml,Rp1.137.500,1137500.0
minuman-tradisional,Herbana Relief Sari Powder Kulit Manggis Memelihara Daya Tahan Tubuh & Kaya Antioksidan - Isi 30 Sachet @4g,Rp149.000,149000.0
minuman-tradisional,Anget Sari Wedang Jahe Merah Habbatussauda Renceng 10x20gr,Rp14.098,14098.0
minuman-tradisional,X'Tragin Minuman Serbuk Serbat Madu | Empon-Empon,Rp34.000,34000.0
minuman-tradisional,Anget Sari Susu Jahe Minuman Rempah Serbuk Renceng - 10x25 gr,Rp12.955,12955.0
minuman-tradisional,X'Tragin Jahe Merah Paket 3 Box,Rp65.550,65550.0
minuman-tradisional,Sido Muncul Minuman Susu Jahe 10's - Menghangatkan Badan,Rp20.002,20002.0
minuman-tradisional,INTRA JAHE WANGI 20 X 15 GR,Rp56.700,56700.0
minuman-tradisional,CAP BADAK LARUTAN PENYEGAR 500 ML BOTOL,Rp11.399,11399.0
minuman-tradisional,Singabera Cold Pressed Turmeric Powder 250g - Serbuk Kunyit,Rp148.970,148970.0
minuman-tradisional,CAP KAKI TIGA LARUTAN PENYEGAR ANAK RASA JERUK 250 ML KALENG,Rp8.356,8356.0
minuman-tradisional,Singabera Intra Jahe Wangi - Tisane / Herbal-4 Box @15sachet,Rp352.000,352000.0
minuman-tradisional,Temulawak + Lemon 150 g ( Gogomix Tiara Farm ),Rp25.000,25000.0
minuman-tradisional,Beras Kencur + Jahe 150 g ( Gogomix Tiara Farm ),Rp35.000,35000.0
minuman-tradisional,X'Tragin Kopi Jahe Ginseng,Rp31.000,31000.0
minuman-tradisional,Habbat'S Drink |habbatussauda,Rp52.000,52000.0
minuman-tradisional,Susu Kambing Etawa Rasa Madu Karomah Insani | Renceng - 20gr x 10 Sachet,Rp30.210,30210.0
minuman-tradisional,Sari Kunyit Asam 235mL & 500mL | BPOM by Rahsa Nusantara Jamu Sirup Herbal Tradisional,Rp64.900,64900.0
minuman-tradisional,[Promo] Singabera Cinnamon Ginger (Jahe Kayu Manis),Rp115.600,115600.0
minuman-tradisional,Jahe Merah + Madu + Lemon 150 g,Rp60.000,60000.0
minuman-tradisional,Iwalet Sarang Burung Walet Hancuran Bersih,Rp37.500,37500.0
minuman-tradisional,Kencur Gula Aren Mix,Rp13.907,13907.0
minuman-tradisional,Jakarta Selatan,Rp596.050,596050.0
minuman-tradisional,Wedang empon-empon,Rp46.650,46650.0
minuman-tradisional,ZYMUNO Original - Madu Herbal Alami - BPOM HALAL,Rp156.500,156500.0
minuman-tradisional,Minuman Jahe Merah Bubuk Adil,Rp34.410,34410.0
minuman-tradisional,Mola Bir Pletok Asli Khas Betawi | Bir Lemon HALAL (Non Alkohol),Rp39.800,39800.0
minuman-tradisional,AMH Jahe Merah Herbal 1 Renceng,Rp20.000,20000.0
minuman-tradisional,Sari Jahe Merah 500mL by Rahsa Nusantara - Jamu Sirup Herbal,Rp124.900,124900.0
minuman-tradisional,Wedang Teh Ketumbar Kayu Manis Daun Kelor Jahe premium quality,Rp19.999,19999.0
minuman-tradisional,Jamu Jamoe Life Style Beras Kencur Menyegarkan Melancarkan Darah 2x,Rp31.423,31423.0
minuman-tradisional,Extract / Ekstrak Pure / Murni Jahe Merah (Gogomix Tiara Farm),Rp80.000,80000.0
minuman-tradisional,Jahe Bubuk Jahe Bumbu Dapur Rempah Asli isi 100 gram,Rp15.500,15500.0
minuman-tradisional,Minuman Jahe 41 Wedang Jeruk Nipis Jahe Merah,Rp16.000,16000.0
minuman-tradisional,KARA Coco Air Kelapa Asli (Pure Coconut Water) 330ml,Rp14.000,14000.0
minuman-tradisional,Jakarta Selatan,Rp637.000,637000.0
minuman-tradisional,Bunga telang Original Premium,Rp44.133,44133.0
minuman-tradisional,Sari Temulawak 85 Instan Plus Madu Lemon Toples 400 gr,Rp46.400,46400.0
minuman-tradisional,Jamu IBOE - 1 Box IBOE Natural Drink Temulawak 5 sachet,Rp14.000,14000.0
minuman-tradisional,"Paket Karantina (Jahe Merah, Jahe Madu, dan Lemon Jahe Madu)",Rp70.000,70000.0
minuman-tradisional,KARA Coco Air Kelapa Asli (Pure Coconut Water) 330ml x 12pcs,Rp135.000,135000.0
minuman-tradisional,Jakarta Selatan,Rp1.023.750,1023750.0
minuman-tradisional,Bee Honey - Madu Asli Multi Flora Original 1kg HALAL & DINKES,Rp49.000,49000.0
minuman-tradisional,Paket AMH jahe Merah Susu (5 Rcg),Rp100.000,100000.0
minuman-tradisional,Jamu Heritage Beras Kencur 150ml Sido Muncul Pegal Linu Perut Kembung,Rp6.499,6499.0
minuman-tradisional,Singabera Beras Kencur -Heritage selection-2 box @15 teabags in sachet,Rp137.800,137800.0
minuman-tradisional,Turmeric Powder (Bubuk Kunyit) Premium Murni 80 g - Tiara Farm,Rp29.000,29000.0
minuman-tradisional,Jamu IBOE - 1 Box IBOE Natural Drink Kulit Manggis Rosella 5 sachet,Rp14.000,14000.0
minuman-tradisional,Bintang Toedjoe Masuk Angin Bejo Jahe Merah 6 Sachet,Rp19.250,19250.0
minuman-tradisional,AMH Susu Jahe Merah 1 Karton,Rp320.000,320000.0
minuman-tradisional,Paket Pelangsing 3 - Jamu Galian Singset 20's + Galian Singset 3x150ml,Rp52.075,52075.0
minuman-tradisional,Cinnamon Powder (Bubuk Kayu Manis) Premium Murni 80 g - Tiara Farm,Rp39.000,39000.0
minuman-tradisional,Empon - Empon + Lemon 150 g Makanan Empon Lemon Jahe Food,Rp36.000,36000.0
minuman-tradisional,Empon - Empon Jahe Merah 150 g ( Tiara Farm ),Rp49.000,49000.0
minuman-tradisional,House Of Organix Empon Empon + Coconut Sugar 200 Gr,Rp25.000,25000.0
minuman-tradisional,House Of Organix Kunyit Asam + Coconut Sugar 200 Gr,Rp25.000,25000.0
minuman-tradisional,Bandrex Sachet Jamu Jago Minuman Herbal Serbuk Instan Siap Seduh,Rp25.000,25000.0
minuman-tradisional,Warming Package B (Jahe Merah CLASSIC & CHOCO) White Sugar Free,Rp46.020,46020.0
minuman-tradisional,Jamu IBOE - 1 Box IBOE Natural Drink Beras Kencur 5 sachet Air Minuman,Rp14.000,14000.0
minuman-tradisional,Herbilogy Cinnamon Extract Powder ( Kayu Manis ) - 100 Gr,Rp104.900,104900.0
minuman-tradisional,Nenavin Paket 2 Botol Cuka Nanas Asli Bantu Keluhan Gula Darah Kolesterol & Asam Urat Sudah BPOM Halal MUI,Rp180.000,180000.0
minuman-tradisional,X'TRAGIN Bandrek Susu Plus Jahe Merah Minuman Bubuk,Rp84.000,84000.0
minuman-tradisional,W'Dank Sereh Jahe Nipis (10 Sch) - Tinggi Vitamin C dan D,Rp19.200,19200.0
minuman-tradisional,Kab. Banyumas,Rp45.267,45267.0
minuman-tradisional,Sari Kurma + Madu Sidr Imun Booster 300 Gram Anti Virus Al Hayat,Rp35.000,35000.0
minuman-tradisional,Daun kelor bubuk organik serbuk kelor super halus 500mesh premium 500g,Rp208.890,208890.0
minuman-tradisional,Wedang Uwuh Bubuk,Rp26.000,26000.0
minuman-tradisional,"Warming Package E (Jahe Merah CLASIC, LATTE, CHOCO, EXTRACT)",Rp173.000,173000.0
minuman-tradisional,Kayu Manis Ekstrak Bubuk 100 Gram - Mencegah Diabetes & Antioxidan,Rp99.000,99000.0
minuman-tradisional,Bundling Empon2 Lemon + Jahe Merah Madu Lemon (150 g) - Tiara Farm,Rp73.000,73000.0
minuman-tradisional,Jahe Merah Madu Habbatussauda (Jinten Hitam) 150 g - Tiara Farm,Rp49.000,49000.0
minuman-tradisional,Singabera Premium Lemongrass Ginger (Jahe Sereh) - 2 box @ 12 sachet,Rp79.100,79100.0
minuman-tradisional,INTRA JAHE WANGI 20 X 15 GR,Rp56.700,56700.0
minuman-tradisional,CAP BADAK LARUTAN PENYEGAR 500 ML BOTOL,Rp11.399,11399.0
minuman-tradisional,Singabera Cold Pressed Turmeric Powder 250g - Serbuk Kunyit,Rp148.970,148970.0
minuman-tradisional,CAP KAKI TIGA LARUTAN PENYEGAR ANAK RASA JERUK 250 ML KALENG,Rp8.356,8356.0
minuman-tradisional,Singabera Intra Jahe Wangi - Tisane / Herbal-4 Box @15sachet,Rp352.000,352000.0
minuman-tradisional,Herbana Relief Sari Powder Kunyit Meringankan Gangguan Maag Perut Lambung - Isi 30 Sachet,Rp149.000,149000.0
minuman-tradisional,Paket Rahmat 2 (Ramadhan Hemat) - 2 Botol Sari Temulawak,Rp170.000,170000.0
minuman-tradisional,Herbadrink Kunyit Asam Sirih Plus Madu - 5 Sachets - Herbal Kewanitaan,Rp17.900,17900.0
minuman-tradisional,SOLITA Minuman untuk Asam Lambung [HALAL] [BPOM] 2 BOX BUNDLE 12 Sachet Sedia Rasa Cokelat dan Thai Tea Bubuk Kurma Serbuk Air,Rp390.000,390000.0
minuman-tradisional,Hampers Set Regular Iwalet Bird's Nest Concentrate,Rp275.000,275000.0
minuman-tradisional,Jakarta Selatan,Rp637.000,637000.0
minuman-tradisional,Lemon Sereh 150 g - Tiara Farm,Rp38.000,38000.0
minuman-tradisional,X'Tragin Jahe Merah | Red Ginger Tea,Rp23.000,23000.0
minuman-tradisional,Galian Singset 150ml Ramuan Minuman Tradisional,Rp6.684,6684.0
minuman-tradisional,Herbana Relief Sari Powder Temulawak Kesehatan Liver dan Kolesterol - Isi 30 Sachet @4g,Rp149.000,149000.0
minuman-tradisional,Empon - Empon + Madu Lemon 150 g (Honey Lemon) Gogomix Tiara Farm,Rp46.000,46000.0
minuman-tradisional,Jamu IBOE - 1 Box IBOE Natural Drink Jahe 5 sachet Air Minuman,Rp14.000,14000.0
minuman-tradisional,Anget Sari Susu Jahe Merah Habbatussauda Renceng 10x20gr,Rp14.098,14098.0
minuman-tradisional,PROMO TERMURAH Sari Temulawak 85 Instan Plus Original Toples 400 gr Air Gula,Rp38.600,38600.0
minuman-tradisional,Nutriflakes Minuman Serbuk Umbi Garut 280 Gram / Minuman Kesehatan,Rp118.594,118594.0
minuman-tradisional,Minuman Temulawak Bubuk Adil,Rp34.410,34410.0
minuman-tradisional,Lemongrass Powder (Bubuk Sereh) Premium Murni 100 g - Tiara Farm,Rp46.000,46000.0
minuman-tradisional,Sidomuncul Susu Jahe - 10 Pcs - Menghangatkan Badan,Rp25.500,25500.0
minuman-tradisional,Sari Temulawak 85 Instan Original,Rp27.300,27300.0
minuman-tradisional,KURMAQU - Sari Kurma Kurmaqu Membantu Atasi Pencernaan dan Maag,Rp110.000,110000.0
minuman-tradisional,Sari Temulawak 85 Instan Plus Madu Jeruk,Rp27.300,27300.0
minuman-tradisional,Ji Gu Cao Infusion - Teh Herbal Pereda Panas Dalam,Rp47.300,47300.0
minuman-tradisional,Wedang Uwuh Sugar Free 100 g (Tanpa Gula) - Gogomix Tiara Farm,Rp46.000,46000.0
minuman-tradisional,Jahe Merah Choco 3pcs (Ginger Choco Latte) Gula Aren Murni Praktis,Rp74.880,74880.0
minuman-tradisional,Ginseng dan Kunyit Mix,Rp28.550,28550.0
minuman-tradisional,Jahe Merah Sereh 150 g - Tiara Farm,Rp49.000,49000.0
minuman-tradisional,Alamon TEA Strawberry / Zuriat + Bunga Kurma / Alamon Tea 260gr,Rp57.230,57230.0
minuman-tradisional,Sari Temulawak 85 Instan Plus Madu Jeruk Toples 400 gr,Rp45.800,45800.0
minuman-tradisional,"Herbal Hernia Paling Ampuh, Hernia Tanpa Oprasi, Hernia Turun Berok, Hernia Supaya Kempes, Hernia Pria, Hernia Wanita - Probiotik Mbiopro 1 Botol",Rp360.000,360000.0
minuman-tradisional,Jakarta Selatan,Rp12.000,12000.0
minuman-tradisional,Wedang Uwuh + Lemon 150 g - Gogomix Tiara Farm,Rp39.000,39000.0
minuman-tradisional,Nenavin Cuka Nanas Original Tanpa Pengawet Bebas Gula Minuman Alami Organik Dengan Vitamin C & Enzim Bromelain,Rp78.000,78000.0
minuman-tradisional,Cap Kaki Tiga Anak Rasa Leci Botol 250ml,Rp48.000,48000.0
minuman-tradisional,KARA Coco Air Kelapa Asli (Pure Coconut Water) 330ml x 6pcs,Rp68.000,68000.0
minuman-tradisional,Jahe Merah Susu 100 g (Tiara Farm) Halus Lembut Wangi tanpa ampas,Rp48.000,48000.0
minuman-tradisional,Sari Temulawak 85 Instan Plus Madu Lemon,Rp27.300,27300.0
minuman-tradisional,[Paket isi 24] Nu Green Tea Honey 270ML,Rp81.200,81200.0
minuman-tradisional,Mbiopro Herbal Ginjal Kronis Ampuh Isi 380 ML,Rp175.000,175000.0
minuman-tradisional,CAP BADAK LARUTAN PENYEGAR 500 ML BOTOL,Rp9.439,9439.0
minuman-tradisional,KESAGI 15 GRAM BOX 5 SACHET (75 GRAM),Rp163.966,163966.0
minuman-tradisional,Paket Jahe Merah 41 herbal - (3 rcg),Rp43.000,43000.0
minuman-tradisional,"Kunyit, Lengkuas, Jeruk Nipis dan Gula Aren Mix",Rp19.237,19237.0
minuman-tradisional,[Paket isi 6] Nu Yogurt Tea Berry Crush 225ML,Rp24.300,24300.0
minuman-tradisional,KIRANTI BERRY JUICE 150ml - [ISI 3 BOTOL],Rp31.500,31500.0
minuman-tradisional,KIRANTI LYCHEE JUICE 150ml - [ISI 3 BOTOL],Rp31.500,31500.0
minuman-tradisional,ULTRA SARI ASEM ASLI 250 ML,Rp7.480,7480.0
minuman-tradisional,Jahe Merah Classic 3pcs Gula Aren White Sugar Free Praktis Tanpa Ampas,Rp81.000,81000.0
minuman-tradisional,HAYATIQU JAHE GULA MERAH TEBU 200 GR / MINUMAN JAHE / JAHE BUBUK,Rp28.157,28157.0
minuman-tradisional,ADEM SARI ISI 7 GRAM SACHET,Rp2.876,2876.0
minuman-tradisional,Last Supper Cup Anggur Perjamuan Kudus Non Alkohol Lengkap Ibadah Gereja Rumah Isi 100 Pcs,Rp120.000,120000.0
minuman-tradisional,"Herbal Batu Empedu Paling Ampuh, Penghancur Batu Empedu, Batu Empedu Tanpa Oprasi, Mual Dan Muntah - Probiotik Mbopro 1 Botol",Rp360.000,360000.0
minuman-tradisional,Minuman Kunyit Putih Bubuk Adil,Rp34.410,34410.0
minuman-tradisional,Herbana Relief Sari Meniran - 60 Capsules,Rp153.000,153000.0
minuman-tradisional,Last Supper Minuman Perisa Anggur Mint Paket Set Hosti Ayat Isi 100 Pcs Tidak Alkohol Cocok Ibadah Gereja Rasa Lembut Segar,Rp185.000,185000.0
minuman-tradisional,Sido Muncul Sari Kunyit 50 Kapsul - Obat Asam Lambung & Gerd - Halodoc,Rp83.030,83030.0
minuman-tradisional,CAP BADAK LARUTAN RASA LECI 320 ML KALENG,Rp9.387,9387.0
minuman-tradisional,CAP KAKI TIGA LARUTAN PENYEGAR ORIGINAL 500 ML,Rp10.728,10728.0
minuman-tradisional,Herbilogy - Pomegranate Peel (Kulit Delima) Extract Powder - 100gr,Rp109.098,109098.0
minuman-tradisional,CAP KAKI TIGA LARUTAN PENYEGAR JERUK NIPIS 320 ML BOTOL,Rp6.688,6688.0
minuman-tradisional,OREGANIC - Temulawak Bubuk Original Asli - Temulawak BPOM Asli Original - Bumbu Dapur Bubuk 285gr,Rp54.000,54000.0
minuman-tradisional,Ramuan Mami Curcuma (Temulawak) Extract Powder 100gr,Rp75.000,75000.0
minuman-tradisional,Cinnamon Extract Powder 100 Gram-Mencegah Diabetes & Antioxidant Alami,Rp99.000,99000.0
minuman-tradisional,Iwalet RED-GO Bird's Nest Minuman Sarang Burung Walet 3 Jar 75ml Konsentrasi Tinggi Dengan Red Dates & Goji Berry Tanpa Pengawet Made by Order,Rp180.000,180000.0
minuman-tradisional,Iwalet Sarang Burung Walet hancuran bersih kemasan 5 gram,Rp77.000,77000.0
minuman-tradisional,CAP BADAK LARUTAN PENYEGAR RASA JERUK 320 ML KALENG,Rp9.451,9451.0
minuman-tradisional,ADEM SARI SENSA COOLS SPARKLING 7 GRAM BOX 5 SACHET,Rp19.485,19485.0
minuman-tradisional,ADEM SARI ISI 7 GRAM SACHET,Rp4.548,4548.0
minuman-tradisional,CAP BADAK LARUTAN PENYEGAR RASA MELON 320 ML KALENG,Rp10.687,10687.0
minuman-tradisional,CAP BADAK LARUTAN PENYEGAR RASA JAMBU 320 ML KALENG,Rp11.264,11264.0
minuman-tradisional,LASEGAR RASA LECI 320 ML KALENG,Rp9.389,9389.0
minuman-tradisional,CAP BADAK LARUTAN PENYEGAR RASA JAMBU 320 ML KALENG,Rp10.126,10126.0
minuman-tradisional,CAP BADAK LARUTAN PENYEGAR RASA MELON 320 ML KALENG,Rp10.058,10058.0
minuman-tradisional,CAP BADAK LARUTAN PENYEGAR RASA ANGGUR 320 ML KALENG,Rp10.057,10057.0
minuman-tradisional,CAP BADAK LARUTAN PENYEGAR RASA JAMBU 320 ML KALENG,Rp10.802,10802.0
minuman-tradisional,CAP BADAK LARUTAN RASA STRAWBERRY 320 ML KALENG,Rp10.270,10270.0
minuman-tradisional,CAP BADAK LARUTAN PENYEGAR 500 ML BOTOL,Rp10.759,10759.0
minuman-tradisional,CAP BADAK LARUTAN PENYEGAR RASA JERUK 320 ML KALENG,Rp11.264,11264.0
minuman-tradisional,CAP BADAK LARUTAN PENYEGAR RASA JAMBU 320 ML KALENG,Rp11.153,11153.0
minuman-tradisional,CAP KAKI TIGA LARUTAN PENYEGAR ORIGINAL 200 ML,Rp5.364,5364.0
minuman-tradisional,CAP BADAK LARUTAN PENYEGAR 500 ML BOTOL,Rp10.126,10126.0
minuman-tradisional,CAP KAKI TIGA LARUTAN PENYEGAR RASA JERUK 320 ML KALENG,Rp10.759,10759.0
minuman-tradisional,CAP BADAK LARUTAN PENYEGAR RASA ANGGUR 320 ML KALENG,Rp8.861,8861.0
minuman-tradisional,CAP BADAK LARUTAN PENYEGAR RASA ANGGUR 320 ML KALENG,Rp10.728,10728.0
minuman-tradisional,CAP BADAK LARUTAN PENYEGAR RASA JAMBU 320 ML KALENG,Rp10.728,10728.0
minuman-tradisional,ADEM SARI SENSA COOLS SPARKLING 7 GRAM BOX 5 SACHET,Rp20.252,20252.0
minuman-tradisional,CAP BADAK LARUTAN PENYEGAR 500 ML BOTOL,Rp9.873,9873.0
minuman-tradisional,CAP BADAK LARUTAN PENYEGAR RASA JERUK 320 ML KALENG,Rp8.419,8419.0
minuman-tradisional,CAP BADAK LARUTAN PENYEGAR 500 ML BOTOL,Rp14.683,14683.0
minuman-tradisional,CAP BADAK LARUTAN RASA STRAWBERRY 320 ML KALENG,Rp10.506,10506.0
minuman-tradisional,CAP BADAK LARUTAN PENYEGAR RASA JERUK 320 ML KALENG,Rp10.802,10802.0
minuman-tradisional,CAP BADAK LARUTAN PENYEGAR 500 ML BOTOL,Rp11.476,11476.0
minuman-tradisional,CAP BADAK LARUTAN PENYEGAR 500 ML BOTOL,Rp10.641,10641.0
minuman-tradisional,CAP KAKI TIGA LARUTAN PENYEGAR ANAK RASA LECI 238 ML KALENG,Rp9.620,9620.0
minuman-tradisional,Beras Kencur Dan Madu Mix 500 g,Rp289.382,289382.0
minuman-tradisional,CAP KAKI TIGA LARUTAN PENYEGAR ORIGINAL 200 ML,Rp8.127,8127.0
minuman-tradisional,ADEM SARI SENSA COOLS SPARKLING 7 GRAM BOX 5 SACHET,Rp23.023,23023.0
minuman-tradisional,ADEM SARI SENSA COOLS SPARKLING 7 GRAM BOX 5 SACHET,Rp18.835,18835.0
minuman-tradisional,CAP KAKI TIGA LARUTAN PENYEGAR RASA LECI 320 ML KALENG,Rp9.364,9364.0
minuman-tradisional,CAP KAKI TIGA LARUTAN PENYEGAR ORIGINAL 500 ML,Rp9.676,9676.0
minuman-tradisional,SSA CHRYSANTHEMUM GRANULE SACHET 20 GRAM,Rp3.757,3757.0
minuman-tradisional,CAP BADAK LARUTAN PENYEGAR 500 ML BOTOL,Rp10.126,10126.0
minuman-tradisional,CAP BADAK LARUTAN PENYEGAR RASA APEL 320 ML KALENG,Rp9.304,9304.0
minuman-tradisional,SIDOMUNCUL BERAS KENCUR 25 GRAM BOX 5 SACHET,Rp15.189,15189.0
minuman-tradisional,CAP KAKI TIGA LARUTAN PENYEGAR RASA STRAWBERRY 320 ML KALENG,Rp8.717,8717.0
minuman-tradisional,ADEM SARI SENSA COOLS SPARKLING 7 GRAM BOX 5 SACHET,Rp24.175,24175.0
minuman-tradisional,CAP BADAK LARUTAN PENYEGAR RASA JERUK 320 ML KALENG,Rp10.889,10889.0
minuman-tradisional,CAP BADAK LARUTAN PENYEGAR 500 ML BOTOL,Rp10.728,10728.0
minuman-tradisional,LASEGAR ISI 500 ML BOTOL PLASTIK,Rp18.985,18985.0
minuman-tradisional,ADEM SARI SENSA COOLS SPARKLING 7 GRAM BOX 5 SACHET,Rp20.885,20885.0
minuman-tradisional,CAP KAKI TIGA LARUTAN PENYEGAR ANAK RASA LECI 250 ML KALENG,Rp18.985,18985.0
minuman-tradisional,CAP KAKI TIGA LARUTAN PENYEGAR ANAK RASA LECI 250 ML KALENG,Rp8.717,8717.0
minuman-tradisional,CAP BADAK LARUTAN PENYEGAR RASA MELON 320 ML KALENG,Rp9.596,9596.0
minuman-tradisional,CAP KAKI TIGA LARUTAN PENYEGAR ORIGINAL 200 ML,Rp6.751,6751.0
minuman-tradisional,CAP BADAK LARUTAN PENYEGAR RASA JAMBU 320 ML KALENG,Rp9.252,9252.0
minuman-tradisional,CAP BADAK LARUTAN PENYEGAR RASA APEL 320 ML KALENG,Rp9.278,9278.0
minuman-tradisional,CAP BADAK LARUTAN RASA STRAWBERRY 320 ML KALENG,Rp8.861,8861.0
minuman-tradisional,CAP KAKI TIGA LARUTAN PENYEGAR RASA JERUK 320 ML KALENG,Rp8.554,8554.0
minuman-tradisional,CAP KAKI TIGA LARUTAN PENYEGAR ORIGINAL 500 ML,Rp9.451,9451.0
minuman-tradisional,LASEGAR LARUTAN ISI 200 ML BOTOL,Rp5.401,5401.0
minuman-tradisional,SIDOMUNCUL SUSU JAHE 27 GRAM SACHET,Rp2.702,2702.0
minuman-tradisional,CAP KAKI TIGA LARUTAN PENYEGAR RASA ANGGUR 320 ML KALENG,Rp9.451,9451.0
minuman-tradisional,CAP BADAK LARUTAN PENYEGAR RASA MELON 320 ML KALENG,Rp8.367,8367.0
minuman-tradisional,CAP KAKI TIGA LARUTAN PENYEGAR ORIGINAL 200 ML,Rp5.364,5364.0
minuman-tradisional,CAP KAKI TIGA LARUTAN PENYEGAR ANAK RASA JERUK 250 ML KALENG,Rp8.103,8103.0
minuman-tradisional,LASEGAR LARUTAN ISI 200 ML BOTOL,Rp6.329,6329.0
minuman-tradisional,Ramuan Mami Curcuma (Temulawak) Extract Powder 100gr,Rp75.000,75000.0
minuman-tradisional,Cinnamon Extract Powder 100 Gram-Mencegah Diabetes & Antioxidant Alami,Rp99.000,99000.0
minuman-tradisional,Iwalet RED-GO Bird's Nest Minuman Sarang Burung Walet 3 Jar 75ml Konsentrasi Tinggi Dengan Red Dates & Goji Berry Tanpa Pengawet Made by Order,Rp180.000,180000.0
minuman-tradisional,Iwalet Sarang Burung Walet hancuran bersih kemasan 5 gram,Rp77.000,77000.0
minuman-tradisional,CAP BADAK LARUTAN PENYEGAR RASA JERUK 320 ML KALENG,Rp9.451,9451.0
minuman-tradisional,CAP BADAK LARUTAN PENYEGAR RASA JERUK 320 ML KALENG,Rp9.596,9596.0
minuman-tradisional,LASEGAR RASA LECI 320 ML KALENG,Rp8.047,8047.0
minuman-tradisional,CAP BADAK LARUTAN PENYEGAR 500 ML BOTOL,Rp9.494,9494.0
minuman-tradisional,CAP KAKI TIGA LARUTAN PENYEGAR ANAK RASA LECI 238 ML KALENG,Rp8.717,8717.0
minuman-tradisional,CAP BADAK LARUTAN RASA LECI 320 ML KALENG,Rp8.404,8404.0
minuman-tradisional,CAP BADAK LARUTAN PENYEGAR RASA MELON 320 ML KALENG,Rp9.494,9494.0
minuman-tradisional,CAP BADAK LARUTAN PENYEGAR RASA JERUK 320 ML KALENG,Rp8.449,8449.0
minuman-tradisional,LASEGAR LARUTAN ISI 200 ML BOTOL,Rp5.697,5697.0
minuman-tradisional,CAP BADAK LARUTAN PENYEGAR RASA JAMBU 320 ML KALENG,Rp7.966,7966.0
minuman-tradisional,CAP BADAK LARUTAN RASA LECI 320 ML KALENG,Rp9.387,9387.0
minuman-tradisional,CAP BADAK LARUTAN PENYEGAR RASA MELON 320 ML KALENG,Rp8.800,8800.0
minuman-tradisional,ADEM SARI SENSA COOLS SPARKLING 7 GRAM BOX 5 SACHET,Rp22.630,22630.0
minuman-tradisional,CAP KAKI TIGA LARUTAN PENYEGAR ORIGINAL 200 ML,Rp6.705,6705.0
minuman-tradisional,CAP KAKI TIGA LARUTAN PENYEGAR RASA ANGGUR 320 ML KALENG,Rp8.367,8367.0
minuman-tradisional,CAP BADAK LARUTAN RASA STRAWBERRY 320 ML KALENG,Rp9.032,9032.0
minuman-tradisional,CAP KAKI TIGA LARUTAN PENYEGAR RASA ANGGUR 320 ML KALENG,Rp8.778,8778.0
minuman-tradisional,LASEGAR LARUTAN ISI 200 ML BOTOL,Rp6.705,6705.0
minuman-tradisional,CAP KAKI TIGA LARUTAN PENYEGAR RASA STRAWBERRY 320 ML KALENG,Rp8.717,8717.0
minuman-tradisional,BINTANG TOEDJOE SLA-SI JERUK NIPIS 7 GRAM SACHET,Rp2.683,2683.0
minuman-tradisional,CAP BADAK LARUTAN RASA LECI 320 ML KALENG,Rp9.386,9386.0
minuman-tradisional,Badak Kaleng Grape Minuman 320Ml,Rp9.086,9086.0
minuman-tradisional,LASEGAR LARUTAN ISI 200 ML BOTOL,Rp5.554,5554.0
minuman-tradisional,ADEM SARI SENSA COOLS SPARKLING 7 GRAM BOX 5 SACHET,Rp20.252,20252.0
minuman-tradisional,X'TRAGIN New Manggis + Delima Dan Rosella Minuman Bubuk,Rp26.000,26000.0
minuman-tradisional,ADEM SARI SENSA COOLS SPARKLING 7 GRAM BOX 5 SACHET,Rp21.264,21264.0
minuman-tradisional,ADEM SARI SENSA COOLS SPARKLING 7 GRAM BOX 5 SACHET,Rp22.555,22555.0
minuman-tradisional,CAP BADAK LARUTAN PENYEGAR 500 ML BOTOL,Rp11.074,11074.0
minuman-tradisional,CAP KAKI TIGA LARUTAN PENYEGAR ORIGINAL 200 ML,Rp5.955,5955.0
minuman-tradisional,CAP KAKI TIGA LARUTAN PENYEGAR JERUK NIPIS 320 ML BOTOL,Rp10.801,10801.0
minuman-tradisional,ALANG SARI PLUS JERUK MANIS 7 GRAM BOX 6 SACHET,Rp9.494,9494.0
minuman-tradisional,CAP KAKI TIGA LARUTAN PENYEGAR ANAK RASA JERUK 238 ML BOTOL,Rp10.058,10058.0
minuman-tradisional,CAP KAKI TIGA LARUTAN PENYEGAR ORIGINAL 200 ML,Rp6.035,6035.0
minuman-tradisional,CAP BADAK LARUTAN PENYEGAR RASA LEMON 320 ML KALENG,Rp9.304,9304.0
minuman-tradisional,SIDOMUNCUL SUSU JAHE 27 GRAM SACHET,Rp2.702,2702.0
minuman-tradisional,CAP BADAK LARUTAN RASA LECI 320 ML KALENG,Rp11.068,11068.0
minuman-tradisional,CAP BADAK LARUTAN PENYEGAR 500 ML BOTOL,Rp10.506,10506.0
minuman-tradisional,CAP BADAK LARUTAN PENYEGAR RASA ANGGUR 320 ML KALENG,Rp9.304,9304.0
minuman-tradisional,CAP KAKI TIGA LARUTAN PENYEGAR ORIGINAL 200 ML,Rp6.705,6705.0
minuman-tradisional,LASEGAR ISI 500 ML BOTOL PLASTIK,Rp10.835,10835.0
minuman-tradisional,CAP BADAK LARUTAN PENYEGAR RASA JAMBU 320 ML KALENG,Rp10.728,10728.0
minuman-tradisional,CAP KAKI TIGA LARUTAN PENYEGAR ORIGINAL 500 ML,Rp10.759,10759.0
minuman-tradisional,CAP BADAK LARUTAN PENYEGAR 500 ML BOTOL,Rp13.409,13409.0
minuman-tradisional,OREGANIC - Sereh Bubuk Asli Original - Sereh Bubuk Murni - Bumbu Dapur Bubuk 265gr,Rp60.000,60000.0
minuman-tradisional,INAYAH JAHE MERAH SUPER 330 GRAM,Rp57.462,57462.0
minuman-tradisional,CAP KAKI TIGA LARUTAN PENYEGAR RASA STRAWBERRY 320 ML KALENG,Rp8.098,8098.0
minuman-tradisional,CAP BADAK LARUTAN PENYEGAR RASA JERUK 320 ML KALENG,Rp9.272,9272.0
minuman-tradisional,CAP BADAK LARUTAN PENYEGAR RASA ANGGUR 320 ML KALENG,Rp8.449,8449.0
minuman-tradisional,CAP BADAK LARUTAN PENYEGAR RASA JERUK 320 ML KALENG,Rp9.387,9387.0
minuman-tradisional,CAP BADAK LARUTAN RASA STRAWBERRY 320 ML KALENG,Rp8.886,8886.0
minuman-tradisional,CAP KAKI TIGA LARUTAN PENYEGAR RASA MELON 320 ML KALENG,Rp8.717,8717.0
minuman-tradisional,CAP KAKI TIGA LARUTAN PENYEGAR ANAK RASA LECI 250 ML KALENG,Rp9.389,9389.0
minuman-tradisional,Paket Herbal Praktis ( 2 Rcg AMH Herbal + 2 Rcg AMH Gula Aren),Rp90.000,90000.0
minuman-tradisional,CAP KAKI TIGA LARUTAN PENYEGAR RASA LECI 320 ML KALENG,Rp8.098,8098.0
minuman-tradisional,CAP KAKI TIGA LARUTAN PENYEGAR JERUK NIPIS 320 ML BOTOL,Rp8.554,8554.0
minuman-tradisional,CAP BADAK LARUTAN PENYEGAR RASA MELON 320 ML KALENG,Rp8.039,8039.0
minuman-tradisional,ADEM SARI ISI 7 GRAM SACHET,Rp5.696,5696.0
minuman-tradisional,CAP BADAK LARUTAN PENYEGAR RASA JERUK 320 ML KALENG,Rp9.387,9387.0
minuman-tradisional,CAP BADAK LARUTAN PENYEGAR RASA ANGGUR 320 ML KALENG,Rp9.278,9278.0
minuman-tradisional,CAP KAKI TIGA LARUTAN PENYEGAR RASA JERUK 320 ML KALENG,Rp9.451,9451.0
minuman-tradisional,Larutan Cap Badak Kaleng Rasa Jambu 320 ml - Panas Dalam - Halodoc,Rp8.700,8700.0
minuman-tradisional,Lasegar Leci 320 ml - Panas Dalam - Halodoc,Rp11.070,11070.0
minuman-tradisional,Ramuan Mami Curcuma (Temulawak) Extract Powder 100gr,Rp75.000,75000.0
minuman-tradisional,Singabera Intra Jahe Wangi - Tisane / Herbal-4 Box @15sachet,Rp352.000,352000.0
minuman-tradisional,INTRA JAHE WANGI DOOS BESAR 20 PCS 25 GR,Rp37.990,37990.0
minuman-tradisional,Herbilogy - Empon mix Extract Powder,Rp115.159,115159.0
minuman-tradisional,Kaki Tiga Kaleng Rasa Straw 320Ml,Rp8.000,8000.0
minuman-tradisional,CAP BADAK LARUTAN PENYEGAR 500 ML BOTOL,Rp10.566,10566.0
minuman-tradisional,ADEM SARI ISI 7 GRAM SACHET,Rp4.019,4019.0
minuman-tradisional,HERBADRINK LIDAH BUAYA SUGAR FREE 10 GRAM BOX 5 SACHET,Rp17.721,17721.0
minuman-tradisional,CAP KAKI TIGA LARUTAN PENYEGAR RASA JERUK 320 ML KALENG,Rp10.057,10057.0
minuman-tradisional,CAP KAKI TIGA LARUTAN PENYEGAR RASA JERUK 320 ML KALENG,Rp9.387,9387.0
minuman-tradisional,CAP BADAK LARUTAN PENYEGAR RASA MELON 320 ML KALENG,Rp9.269,9269.0
minuman-tradisional,CAP KAKI TIGA LARUTAN PENYEGAR RASA STRAWBERRY 320 ML KALENG,Rp8.800,8800.0
minuman-tradisional,ADEM SARI ISI 7 GRAM SACHET,Rp4.053,4053.0
minuman-tradisional,CAP BADAK LARUTAN RASA STRAWBERRY 320 ML KALENG,Rp10.345,10345.0
minuman-tradisional,ADEM SARI ISI 7 GRAM SACHET,Rp11.315,11315.0
minuman-tradisional,CAP BADAK LARUTAN PENYEGAR RASA ANGGUR 320 ML KALENG,Rp11.229,11229.0
minuman-tradisional,CAP BADAK LARUTAN PENYEGAR 500 ML BOTOL,Rp10.728,10728.0
minuman-tradisional,CAP KAKI TIGA LARUTAN PENYEGAR ORIGINAL 500 ML,Rp13.670,13670.0
minuman-tradisional,ADEM SARI ISI 7 GRAM SACHET,Rp5.425,5425.0
minuman-tradisional,ADEM SARI ISI 7 GRAM SACHET,Rp4.431,4431.0
minuman-tradisional,CAP BADAK LARUTAN PENYEGAR 500 ML BOTOL,Rp10.759,10759.0
minuman-tradisional,CAP BADAK LARUTAN PENYEGAR RASA APEL 320 ML KALENG,Rp11.012,11012.0
minuman-tradisional,CAP BADAK LARUTAN PENYEGAR 500 ML BOTOL,Rp10.178,10178.0
minuman-tradisional,ADEM SARI SENSA COOLS SPARKLING 7 GRAM BOX 5 SACHET,Rp23.453,23453.0
minuman-tradisional,ADEM SARI SENSA COOLS SPARKLING 7 GRAM BOX 5 SACHET,Rp21.128,21128.0
minuman-tradisional,ADEM SARI SENSA COOLS SPARKLING 7 GRAM BOX 5 SACHET,Rp23.466,23466.0
minuman-tradisional,ADEM SARI SENSA COOLS SPARKLING 7 GRAM BOX 5 SACHET,Rp23.035,23035.0
minuman-tradisional,CAP BADAK LARUTAN PENYEGAR RASA ANGGUR 320 ML KALENG,Rp9.596,9596.0
minuman-tradisional,Larutan Cap Kaki Tiga Botol 200 ml - Panas Dalam - Halodoc,Rp3.815,3815.0
minuman-tradisional,CAP KAKI TIGA LARUTAN PENYEGAR JERUK NIPIS 320 ML BOTOL,Rp9.240,9240.0
minuman-tradisional,ADEM SARI ISI 7 GRAM SACHET,Rp4.677,4677.0
minuman-tradisional,CAP BADAK LARUTAN PENYEGAR RASA APEL 320 ML KALENG,Rp8.861,8861.0
minuman-tradisional,CAP KAKI TIGA LARUTAN PENYEGAR RASA MARKISA 320 ML KALENG,Rp8.039,8039.0
minuman-tradisional,CAP BADAK LARUTAN PENYEGAR RASA ANGGUR 320 ML KALENG,Rp8.600,8600.0
minuman-tradisional,CAP BADAK LARUTAN PENYEGAR RASA APEL 320 ML KALENG,Rp9.645,9645.0
minuman-tradisional,Larutan Cap Kaki Tiga Anak 200 ml - Panas Dalam - Halodoc,Rp5.290,5290.0
minuman-tradisional,CAP KAKI TIGA LARUTAN PENYEGAR RASA MARKISA 320 ML KALENG,Rp9.429,9429.0
minuman-tradisional,CAP BADAK LARUTAN PENYEGAR RASA ANGGUR 320 ML KALENG,Rp9.494,9494.0
minuman-tradisional,CAP KAKI TIGA LARUTAN PENYEGAR ANAK RASA JERUK 250 ML KALENG,Rp8.229,8229.0
minuman-tradisional,CAP KAKI TIGA LARUTAN PENYEGAR RASA ANGGUR 320 ML KALENG,Rp9.873,9873.0
minuman-tradisional,CAP BADAK LARUTAN RASA STRAWBERRY 320 ML KALENG,Rp9.494,9494.0
minuman-tradisional,ADEM SARI ISI 7 GRAM SACHET,Rp4.048,4048.0
minuman-tradisional,CAP BADAK LARUTAN PENYEGAR RASA JERUK 320 ML KALENG,Rp8.367,8367.0
minuman-tradisional,SIDOMUNCUL BERAS KENCUR 25 GRAM BOX 5 SACHET,Rp9.571,9571.0
minuman-tradisional,CAP BADAK LARUTAN RASA LECI 320 ML KALENG,Rp8.800,8800.0
minuman-tradisional,CAP BADAK LARUTAN PENYEGAR 500 ML BOTOL,Rp8.862,8862.0
minuman-tradisional,CAP KAKI TIGA LARUTAN PENYEGAR ORIGINAL 200 ML,Rp4.753,4753.0
minuman-tradisional,SIDOMUNCUL JAHE WANGI BOX 5 SACHET,Rp8.777,8777.0
minuman-tradisional,Flimty Raspberry 15G 16Sachet,Rp294.500,294500.0
minuman-tradisional,CAP KAKI TIGA LARUTAN PENYEGAR RASA STRAWBERRY 320 ML KALENG,Rp8.778,8778.0
minuman-tradisional,ADEM SARI ISI 7 GRAM SACHET,Rp4.686,4686.0
minuman-tradisional,[NED] Anget Sari Empon-Empon Minuman Rempah Serbuk Renceng - 10pcs x 15gr,Rp13.393,13393.0
minuman-tradisional,Don Julio Reposado Tequila 750 ml,Rp1.400.000,1400000.0
minuman-tradisional,ADEM SARI SENSA COOLS SPARKLING 7 GRAM BOX 5 SACHET,Rp22.528,22528.0
minuman-tradisional,CAP BADAK LARUTAN PENYEGAR RASA MELON 320 ML KALENG,Rp10.057,10057.0
minuman-tradisional,ADEM SARI SENSA COOLS SPARKLING 7 GRAM BOX 5 SACHET,Rp20.030,20030.0
minuman-tradisional,CAP KAKI TIGA LARUTAN PENYEGAR RASA JERUK 320 ML KALENG,Rp10.126,10126.0
minuman-tradisional,CAP BADAK LARUTAN PENYEGAR 500 ML BOTOL,Rp10.802,10802.0
minuman-tradisional,CAP BADAK LARUTAN RASA LECI 320 ML KALENG,Rp11.153,11153.0
minuman-tradisional,CAP KAKI TIGA LARUTAN PENYEGAR RASA LECI 320 ML KALENG,Rp10.960,10960.0
minuman-tradisional,CAP BADAK LARUTAN PENYEGAR 500 ML BOTOL,Rp12.658,12658.0
minuman-tradisional,LASEGAR ISI 500 ML BOTOL PLASTIK,Rp11.315,11315.0
minuman-tradisional,CAP BADAK LARUTAN RASA LECI 320 ML KALENG,Rp11.880,11880.0
minuman-tradisional,SSA CHRYSANTHEMUM GRANULE SACHET 20 GRAM,Rp3.070,3070.0
minuman-tradisional,Lasegar Leci 320 ml - Panas Dalam - Halodoc,Rp11.070,11070.0
minuman-tradisional,Ramuan Mami Curcuma (Temulawak) Extract Powder 100gr,Rp75.000,75000.0
minuman-tradisional,Singabera Intra Jahe Wangi - Tisane / Herbal-4 Box @15sachet,Rp352.000,352000.0
minuman-tradisional,INTRA JAHE WANGI DOOS BESAR 20 PCS 25 GR,Rp37.990,37990.0
minuman-tradisional,Herbilogy - Empon mix Extract Powder,Rp115.159,115159.0
minuman-tradisional,CAP BADAK LARUTAN PENYEGAR 500 ML BOTOL,Rp10.057,10057.0
minuman-tradisional,CAP KAKI TIGA LARUTAN PENYEGAR ORIGINAL 200 ML,Rp5.364,5364.0
minuman-tradisional,CAP BADAK LARUTAN PENYEGAR 500 ML BOTOL,Rp13.641,13641.0
minuman-tradisional,CAP KAKI TIGA LARUTAN PENYEGAR ANAK RASA JERUK 250 ML KALENG,Rp10.126,10126.0
minuman-tradisional,CAP KAKI TIGA LARUTAN PENYEGAR ANAK RASA LECI 250 ML KALENG,Rp10.802,10802.0
minuman-tradisional,CAP KAKI TIGA LARUTAN PENYEGAR RASA JERUK 320 ML KALENG,Rp10.058,10058.0
minuman-tradisional,CAP BADAK LARUTAN PENYEGAR RASA JERUK 320 ML KALENG,Rp11.773,11773.0
minuman-tradisional,CAP BADAK LARUTAN PENYEGAR 500 ML BOTOL,Rp11.205,11205.0
minuman-tradisional,CAP KAKI TIGA LARUTAN PENYEGAR ORIGINAL 500 ML,Rp10.057,10057.0
minuman-tradisional,KESAGI 15 GRAM BOX 5 SACHET (75 GRAM),Rp163.966,163966.0
minuman-tradisional,SSA CHRYSANTHEMUM GRANULE SACHET 20 GRAM,Rp3.798,3798.0
minuman-tradisional,CAP BADAK LARUTAN PENYEGAR 500 ML BOTOL,Rp12.153,12153.0
minuman-tradisional,CAP BADAK LARUTAN PENYEGAR 500 ML BOTOL,Rp12.069,12069.0
minuman-tradisional,CAP BADAK LARUTAN PENYEGAR 500 ML BOTOL,Rp12.069,12069.0
minuman-tradisional,ADEM SARI ISI 7 GRAM SACHET,Rp3.114,3114.0
minuman-tradisional,CAP BADAK LARUTAN PENYEGAR 500 ML BOTOL,Rp11.888,11888.0
minuman-tradisional,CAP BADAK LARUTAN PENYEGAR RASA LEMON 320 ML KALENG,Rp10.345,10345.0
minuman-tradisional,ADEM SARI SENSA COOLS SPARKLING 7 GRAM BOX 5 SACHET,Rp23.035,23035.0
minuman-tradisional,CAP KAKI TIGA LARUTAN PENYEGAR ANAK RASA JERUK 250 ML KALENG,Rp6.945,6945.0
minuman-tradisional,ADEM SARI SENSA COOLS SPARKLING 7 GRAM PACK 8 SACHET,Rp26.999,26999.0
minuman-tradisional,ADEM SARI ISI 7 GRAM SACHET,Rp3.584,3584.0
minuman-tradisional,CAP BADAK LARUTAN PENYEGAR RASA MELON 320 ML KALENG,Rp8.886,8886.0
minuman-tradisional,CAP BADAK LARUTAN PENYEGAR RASA ANGGUR 320 ML KALENG,Rp8.717,8717.0
minuman-tradisional,CAP KAKI TIGA LARUTAN PENYEGAR ORIGINAL 500 ML,Rp8.988,8988.0
minuman-tradisional,CAP BADAK LARUTAN RASA STRAWBERRY 320 ML KALENG,Rp9.646,9646.0
minuman-tradisional,ADEM SARI ISI 7 GRAM SACHET,Rp4.052,4052.0
minuman-tradisional,CAP KAKI TIGA LARUTAN PENYEGAR RASA STRAWBERRY 320 ML KALENG,Rp8.473,8473.0
minuman-tradisional,CAP KAKI TIGA LARUTAN PENYEGAR ORIGINAL 200 ML,Rp5.364,5364.0
minuman-tradisional,CAP BADAK LARUTAN RASA LECI 320 ML KALENG,Rp9.494,9494.0
minuman-tradisional,CAP BADAK LARUTAN PENYEGAR RASA ANGGUR 320 ML KALENG,Rp9.303,9303.0
minuman-tradisional,CAP BADAK LARUTAN RASA STRAWBERRY 320 ML KALENG,Rp8.127,8127.0
minuman-tradisional,CAP KAKI TIGA LARUTAN PENYEGAR RASA STRAWBERRY 320 ML KALENG,Rp8.717,8717.0
minuman-tradisional,CAP BADAK LARUTAN PENYEGAR RASA APEL 320 ML KALENG,Rp9.494,9494.0
minuman-tradisional,CAP BADAK LARUTAN PENYEGAR RASA JERUK 320 ML KALENG,Rp8.800,8800.0
minuman-tradisional,CAP BADAK LARUTAN RASA LECI 320 ML KALENG,Rp9.451,9451.0
minuman-tradisional,CAP BADAK LARUTAN PENYEGAR RASA MELON 320 ML KALENG,Rp9.387,9387.0
minuman-tradisional,CAP BADAK LARUTAN PENYEGAR 500 ML BOTOL,Rp10.728,10728.0
minuman-tradisional,ADEM SARI ISI 7 GRAM SACHET,Rp4.726,4726.0
minuman-tradisional,CAP BADAK LARUTAN PENYEGAR 500 ML BOTOL,Rp12.531,12531.0
minuman-tradisional,ADEM SARI ISI 7 GRAM SACHET,Rp4.094,4094.0
minuman-tradisional,ADEM SARI ISI 7 GRAM SACHET,Rp4.179,4179.0
minuman-tradisional,CAP BADAK LARUTAN PENYEGAR 500 ML BOTOL,Rp11.773,11773.0
minuman-tradisional,CAP KAKI TIGA LARUTAN PENYEGAR ORIGINAL 500 ML,Rp10.126,10126.0
minuman-tradisional,CAP KAKI TIGA LARUTAN PENYEGAR RASA LECI 320 ML KALENG,Rp10.126,10126.0
minuman-tradisional,LASEGAR ISI 500 ML BOTOL PLASTIK,Rp13.101,13101.0
minuman-tradisional,CAP KAKI TIGA LARUTAN PENYEGAR RASA LECI 320 ML KALENG,Rp11.139,11139.0
minuman-tradisional,ADEM SARI SENSA COOLS SPARKLING 7 GRAM PACK 8 SACHET,Rp51.893,51893.0
minuman-tradisional,ADEM SARI SENSA COOLS SPARKLING 7 GRAM BOX 5 SACHET,Rp23.416,23416.0
minuman-tradisional,ADEM SARI ISI 7 GRAM SACHET,Rp19.402,19402.0
minuman-tradisional,ADEM SARI SENSA COOLS SPARKLING 7 GRAM BOX 5 SACHET,Rp19.483,19483.0
minuman-tradisional,CAP BADAK LARUTAN PENYEGAR RASA LEMON 320 ML KALENG,Rp10.119,10119.0
minuman-tradisional,CAP BADAK LARUTAN PENYEGAR RASA MELON 320 ML KALENG,Rp10.841,10841.0
minuman-tradisional,CAP KAKI TIGA LARUTAN PENYEGAR ORIGINAL 200 ML,Rp6.705,6705.0
minuman-tradisional,ADEM SARI SENSA COOLS SPARKLING 7 GRAM BOX 5 SACHET,Rp21.873,21873.0
minuman-tradisional,CAP KAKI TIGA LARUTAN PENYEGAR RASA JERUK 320 ML KALENG,Rp9.386,9386.0
minuman-tradisional,ADEM SARI ISI 7 GRAM SACHET,Rp4.431,4431.0
minuman-tradisional,CAP KAKI TIGA LARUTAN PENYEGAR RASA ANGGUR 320 ML KALENG,Rp9.035,9035.0
minuman-tradisional,CAP KAKI TIGA LARUTAN PENYEGAR ANAK RASA JERUK 238 ML BOTOL,Rp8.846,8846.0
minuman-tradisional,CAP BADAK LARUTAN RASA STRAWBERRY 320 ML KALENG,Rp9.429,9429.0
minuman-tradisional,ADEM SARI ISI 7 GRAM SACHET,Rp3.736,3736.0
minuman-tradisional,Cinnamon Extract Powder 100 Gram-Mencegah Diabetes & Antioxidant Alami,Rp99.000,99000.0
minuman-tradisional,"Pegagan, Jahe Merah, Temulawak, Gula Aren Mix",Rp19.237,19237.0
minuman-tradisional,Iwalet Sarang Burung Walet hancuran bersih kemasan 5 gram,Rp77.000,77000.0
minuman-tradisional,CAP BADAK LARUTAN PENYEGAR RASA JERUK 320 ML KALENG,Rp9.451,9451.0
minuman-tradisional,Singabera Intra Jahe Wangi - Tisane / Herbal-4 Box @15sachet,Rp352.000,352000.0
minuman-tradisional,ADEM SARI ISI 7 GRAM SACHET,Rp19.402,19402.0
minuman-tradisional,ADEM SARI SENSA COOLS SPARKLING 7 GRAM BOX 5 SACHET,Rp19.483,19483.0
minuman-tradisional,CAP KAKI TIGA LARUTAN PENYEGAR RASA STRAWBERRY 320 ML KALENG,Rp8.473,8473.0
minuman-tradisional,X'TRAGIN Teh Chrysanthemum Turmeric + Buah Kundur Paket 3 Box Minuman Serbuk,Rp69.000,69000.0
minuman-tradisional,CAP BADAK LARUTAN PENYEGAR 500 ML BOTOL,Rp12.069,12069.0
minuman-tradisional,ADEM SARI SENSA COOLS SPARKLING 7 GRAM BOX 5 SACHET,Rp18.985,18985.0
minuman-tradisional,LASEGAR RASA LECI 320 ML KALENG,Rp11.392,11392.0
minuman-tradisional,ADEM SARI CHING KU LARUTAN 320 ML KALENG,Rp9.494,9494.0
minuman-tradisional,Badak Botol Penyegar 200Ml,Rp5.192,5192.0
minuman-tradisional,Badak Botol Penyegar 500 Ml,Rp10.266,10266.0
minuman-tradisional,ADEM SARI CHING KU LARUTAN 320 ML KALENG,Rp11.191,11191.0
minuman-tradisional,SSA CHRYSANTHEMUM GRANULE SACHET 20 GRAM,Rp3.899,3899.0
minuman-tradisional,CAP BADAK LARUTAN PENYEGAR RASA JERUK 320 ML KALENG,Rp9.115,9115.0
minuman-tradisional,ADEM SARI ISI 7 GRAM SACHET,Rp3.798,3798.0
minuman-tradisional,CAP KAKI TIGA LARUTAN PENYEGAR RASA MELON 320 ML KALENG,Rp10.759,10759.0
minuman-tradisional,ADEM SARI ISI 7 GRAM SACHET,Rp4.724,4724.0
minuman-tradisional,CAP KAKI TIGA LARUTAN PENYEGAR RASA STRAWBERRY 320 ML KALENG,Rp8.298,8298.0
minuman-tradisional,CAP KAKI TIGA LARUTAN PENYEGAR ORIGINAL 500 ML,Rp10.333,10333.0
minuman-tradisional,CAP BADAK LARUTAN PENYEGAR RASA ANGGUR 320 ML KALENG,Rp9.387,9387.0
minuman-tradisional,LASEGAR LARUTAN ISI 200 ML BOTOL,Rp5.658,5658.0
minuman-tradisional,CAP BADAK LARUTAN PENYEGAR 500 ML BOTOL,Rp11.392,11392.0
minuman-tradisional,CAP BADAK LARUTAN PENYEGAR RASA JERUK 320 ML KALENG,Rp11.264,11264.0
minuman-tradisional,CAP KAKI TIGA LARUTAN PENYEGAR ANAK RASA JERUK 250 ML KALENG,Rp10.728,10728.0
minuman-tradisional,CAP BADAK LARUTAN PENYEGAR 500 ML BOTOL,Rp10.835,10835.0
minuman-tradisional,CAP KAKI TIGA LARUTAN PENYEGAR RASA LECI 320 ML KALENG,Rp10.058,10058.0
minuman-tradisional,CAP BADAK LARUTAN PENYEGAR 500 ML BOTOL,Rp13.923,13923.0
minuman-tradisional,CAP BADAK LARUTAN PENYEGAR 500 ML BOTOL,Rp10.759,10759.0
minuman-tradisional,SIDOMUNCUL SUSU JAHE 27 GRAM SACHET,Rp3.143,3143.0
minuman-tradisional,ADEM SARI SENSA COOLS SPARKLING 7 GRAM PACK 8 SACHET,Rp24.120,24120.0
minuman-tradisional,CAP KAKI TIGA LARUTAN PENYEGAR ORIGINAL 200 ML,Rp5.146,5146.0
minuman-tradisional,CAP BADAK LARUTAN PENYEGAR RASA ANGGUR 320 ML KALENG,Rp8.800,8800.0
minuman-tradisional,"Herbal Penghancur Kista, Kista Tanpa Oprasi, Kista Bartholin, Kista Ovarium Paling Ampuh, Kista Ovarium tanpa Oprasi, Buat Ngecilin Kista - Mbiopro 1 Botol",Rp360.000,360000.0
minuman-tradisional,CAP KAKI TIGA LARUTAN PENYEGAR ORIGINAL 200 ML,Rp5.697,5697.0
minuman-tradisional,CAP KAKI TIGA LARUTAN PENYEGAR RASA MELON 320 ML KALENG,Rp8.151,8151.0
minuman-tradisional,CAP BADAK LARUTAN PENYEGAR RASA LEMON 320 ML KALENG,Rp8.862,8862.0
minuman-tradisional,"Obat Tipes Paling Ampuh, Demam, Panas Dingin, Sakit Kepala, Flu, Batuk, Lemas, Nyeri Otot, Sakit Perut, Ruam - Mbiopro Asli Original",Rp360.000,360000.0
minuman-tradisional,CAP KAKI TIGA LARUTAN PENYEGAR JERUK NIPIS 320 ML BOTOL,Rp8.845,8845.0
minuman-tradisional,ADEM SARI SENSA COOLS SPARKLING 7 GRAM BOX 5 SACHET,Rp20.885,20885.0
minuman-tradisional,CAP KAKI TIGA LARUTAN PENYEGAR RASA JERUK 320 ML KALENG,Rp9.451,9451.0
minuman-tradisional,CAP KAKI TIGA LARUTAN PENYEGAR RASA LECI 320 ML KALENG,Rp8.822,8822.0
minuman-tradisional,CAP BADAK LARUTAN PENYEGAR RASA LEMON 320 ML KALENG,Rp12.068,12068.0
minuman-tradisional,ADEM SARI ISI 7 GRAM SACHET,Rp4.401,4401.0
minuman-tradisional,ADEM SARI ISI 7 GRAM SACHET,Rp5.063,5063.0
minuman-tradisional,CAP BADAK LARUTAN PENYEGAR RASA ANGGUR 320 ML KALENG,Rp11.264,11264.0
minuman-tradisional,CAP KAKI TIGA LARUTAN PENYEGAR RASA STRAWBERRY 320 ML KALENG,Rp10.801,10801.0
minuman-tradisional,ADEM SARI CHING KU HERBAL LEMON 320 ML KALENG,Rp13.101,13101.0
minuman-tradisional,LASEGAR ISI 500 ML BOTOL PLASTIK,Rp10.126,10126.0
minuman-tradisional,ADEM SARI ISI 7 GRAM SACHET,Rp5.085,5085.0
minuman-tradisional,ADEM SARI ISI 7 GRAM SACHET,Rp6.705,6705.0
minuman-tradisional,CAP BADAK LARUTAN PENYEGAR 500 ML BOTOL,Rp10.759,10759.0
minuman-tradisional,CAP BADAK LARUTAN PENYEGAR RASA MELON 320 ML KALENG,Rp11.392,11392.0
minuman-tradisional,CAP BADAK LARUTAN PENYEGAR 500 ML BOTOL,Rp10.801,10801.0
minuman-tradisional,CAP BADAK LARUTAN RASA STRAWBERRY 320 ML KALENG,Rp8.717,8717.0
minuman-tradisional,ADEM SARI SENSA COOLS SPARKLING 7 GRAM BOX 5 SACHET,Rp22.959,22959.0
minuman-tradisional,ADEM SARI SENSA COOLS SPARKLING 7 GRAM BOX 5 SACHET,Rp22.529,22529.0
minuman-tradisional,ADEM SARI SENSA COOLS SPARKLING 7 GRAM BOX 5 SACHET,Rp25.086,25086.0
minuman-tradisional,ADEM SARI SENSA COOLS SPARKLING 7 GRAM BOX 5 SACHET,Rp20.252,20252.0
minuman-tradisional,ADEM SARI SENSA COOLS SPARKLING 7 GRAM BOX 5 SACHET,Rp21.898,21898.0
minuman-tradisional,ADEM SARI ISI 7 GRAM SACHET,Rp41.690,41690.0
minuman-tradisional,CAP KAKI TIGA LARUTAN PENYEGAR RASA STRAWBERRY 320 ML KALENG,Rp9.272,9272.0
minuman-tradisional,Cinnamon Extract Powder 100 Gram-Mencegah Diabetes & Antioxidant Alami,Rp99.000,99000.0
minuman-tradisional,"Pegagan, Jahe Merah, Temulawak, Gula Aren Mix",Rp19.237,19237.0
minuman-tradisional,Iwalet Sarang Burung Walet hancuran bersih kemasan 5 gram,Rp77.000,77000.0
minuman-tradisional,CAP BADAK LARUTAN PENYEGAR RASA JERUK 320 ML KALENG,Rp9.451,9451.0
minuman-tradisional,Singabera Intra Jahe Wangi - Tisane / Herbal-4 Box @15sachet,Rp352.000,352000.0
minuman-tradisional,ADEM SARI CHING KU LARUTAN 320 ML KALENG,Rp11.191,11191.0
minuman-tradisional,SSA CHRYSANTHEMUM GRANULE SACHET 20 GRAM,Rp3.899,3899.0
minuman-tradisional,ADEM SARI SENSA COOLS SPARKLING 7 GRAM BOX 5 SACHET,Rp21.898,21898.0
minuman-tradisional,ADEM SARI SENSA COOLS SPARKLING 7 GRAM BOX 5 SACHET,Rp20.252,20252.0
minuman-tradisional,"Obat Tipes Paling Ampuh, Demam, Panas Dingin, Sakit Kepala, Flu, Batuk, Lemas, Nyeri Otot, Sakit Perut, Ruam - Mbiopro Asli Original",Rp360.000,360000.0
minuman-tradisional,CAP BADAK LARUTAN PENYEGAR RASA LEMON 320 ML KALENG,Rp8.862,8862.0
minuman-tradisional,CAP KAKI TIGA LARUTAN PENYEGAR RASA MELON 320 ML KALENG,Rp8.151,8151.0
minuman-tradisional,CAP KAKI TIGA LARUTAN PENYEGAR JERUK NIPIS 320 ML BOTOL,Rp8.845,8845.0
minuman-tradisional,CAP KAKI TIGA LARUTAN PENYEGAR ORIGINAL 200 ML,Rp5.146,5146.0
minuman-tradisional,CAP BADAK LARUTAN PENYEGAR RASA ANGGUR 320 ML KALENG,Rp8.800,8800.0
minuman-tradisional,ADEM SARI SENSA COOLS SPARKLING 7 GRAM BOX 5 SACHET,Rp20.885,20885.0
minuman-tradisional,CAP KAKI TIGA LARUTAN PENYEGAR RASA LECI 320 ML KALENG,Rp8.822,8822.0
minuman-tradisional,CAP KAKI TIGA LARUTAN PENYEGAR RASA JERUK 320 ML KALENG,Rp9.451,9451.0
minuman-tradisional,Mogu-mogu Nata de Coco Drink 320 ml,Rp19.900,19900.0
minuman-tradisional,ADEM SARI CHING KU HERBAL LEMON 320 ML KALENG,Rp10.687,10687.0
minuman-tradisional,ADEM SARI SENSA COOLS SPARKLING 7 GRAM BOX 5 SACHET,Rp24.681,24681.0
minuman-tradisional,ADEM SARI SENSA COOLS SPARKLING 7 GRAM BOX 5 SACHET,Rp17.891,17891.0
minuman-tradisional,ADEM SARI SENSA COOLS SPARKLING 7 GRAM BOX 5 SACHET,Rp22.529,22529.0
minuman-tradisional,ADEM SARI SENSA COOLS SPARKLING 7 GRAM BOX 5 SACHET,Rp27.658,27658.0
minuman-tradisional,Larutan Cap Badak Botol 200 ml - Panas Dalam - Halodoc,Rp4.800,4800.0
minuman-tradisional,CAP BADAK LARUTAN PENYEGAR RASA JAMBU 320 ML KALENG,Rp10.057,10057.0
minuman-tradisional,CAP KAKI TIGA LARUTAN PENYEGAR RASA MELON 320 ML KALENG,Rp10.126,10126.0
minuman-tradisional,CAP KAKI TIGA LARUTAN PENYEGAR ANAK RASA JERUK 250 ML KALENG,Rp12.911,12911.0
minuman-tradisional,CAP BADAK LARUTAN PENYEGAR 500 ML BOTOL,Rp12.279,12279.0
minuman-tradisional,ADEM SARI CHING KU LARUTAN 320 ML KALENG,Rp10.304,10304.0
minuman-tradisional,CAP BADAK LARUTAN PENYEGAR 500 ML BOTOL,Rp12.161,12161.0
minuman-tradisional,CAP BADAK LARUTAN RASA LECI 320 ML KALENG,Rp10.126,10126.0
minuman-tradisional,CAP KAKI TIGA LARUTAN PENYEGAR JERUK NIPIS 320 ML BOTOL,Rp10.126,10126.0
minuman-tradisional,CAP BADAK LARUTAN RASA STRAWBERRY 320 ML KALENG,Rp11.264,11264.0
minuman-tradisional,LASEGAR BOTOL 200 ML,Rp9.451,9451.0
minuman-tradisional,CAP BADAK LARUTAN PENYEGAR RASA APEL 320 ML KALENG,Rp10.120,10120.0
minuman-tradisional,ADEM SARI ISI 7 GRAM SACHET,Rp5.064,5064.0
minuman-tradisional,CAP BADAK LARUTAN PENYEGAR RASA APEL 320 ML KALENG,Rp10.126,10126.0
minuman-tradisional,ADEM SARI ISI 7 GRAM SACHET,Rp4.052,4052.0
minuman-tradisional,ADEM SARI SENSA COOLS SPARKLING 7 GRAM BOX 5 SACHET,Rp22.001,22001.0
minuman-tradisional,ADEM SARI SENSA COOLS SPARKLING 7 GRAM BOX 5 SACHET,Rp24.681,24681.0
minuman-tradisional,ADEM SARI CHING KU HERBAL LEMON 320 ML KALENG,Rp15.189,15189.0
minuman-tradisional,"Herbal Ambeien Paling Ampuh, Ambeien Berdarah, Ambeien Keluar Benjolan, Ambeien Sembuh total, Ambeien Biar Kempes - Probiotik Mbiopro 1 Botol",Rp360.000,360000.0
minuman-tradisional,CAP KAKI TIGA LARUTAN PENYEGAR ANAK RASA LECI 250 ML KALENG,Rp8.047,8047.0
minuman-tradisional,ADEM SARI ISI 7 GRAM SACHET,Rp4.178,4178.0
minuman-tradisional,CAP BADAK LARUTAN RASA STRAWBERRY 320 ML KALENG,Rp9.451,9451.0
minuman-tradisional,CAP KAKI TIGA LARUTAN PENYEGAR ANAK RASA JERUK 250 ML KALENG,Rp7.248,7248.0
minuman-tradisional,CAP KAKI TIGA LARUTAN PENYEGAR ORIGINAL 200 ML,Rp6.035,6035.0
minuman-tradisional,SIDO MUNCUL MINUMAN ESTE-EMJE ORIGINAL 30 MG PIECE,Rp3.925,3925.0
minuman-tradisional,CAP BADAK LARUTAN PENYEGAR RASA MELON 320 ML KALENG,Rp8.545,8545.0
minuman-tradisional,CAP KAKI TIGA LARUTAN PENYEGAR ANAK RASA JERUK 238 ML BOTOL,Rp8.717,8717.0
minuman-tradisional,CAP KAKI TIGA LARUTAN PENYEGAR ORIGINAL 200 ML,Rp6.497,6497.0
minuman-tradisional,CAP KAKI TIGA LARUTAN PENYEGAR RASA STRAWBERRY 320 ML KALENG,Rp8.822,8822.0
minuman-tradisional,Larutan Cap Kaki Tiga Jambu 320 ml - Panas Dalam - Halodoc,Rp8.700,8700.0
minuman-tradisional,LASEGAR KALENG RASA STRAWBERRY,Rp11.392,11392.0
minuman-tradisional,CAP KAKI TIGA LARUTAN PENYEGAR RASA MARKISA 320 ML KALENG,Rp9.216,9216.0
minuman-tradisional,ADEM SARI ISI 7 GRAM SACHET,Rp3.429,3429.0
minuman-tradisional,CAP BADAK LARUTAN PENYEGAR RASA APEL 320 ML KALENG,Rp8.800,8800.0
minuman-tradisional,LASEGAR LARUTAN ISI 200 ML BOTOL,Rp6.077,6077.0
minuman-tradisional,ADEM SARI ISI 7 GRAM SACHET,Rp4.007,4007.0
minuman-tradisional,CAP KAKI TIGA LARUTAN PENYEGAR RASA LECI 320 ML KALENG,Rp9.387,9387.0
minuman-tradisional,CAP KAKI TIGA LARUTAN PENYEGAR RASA JERUK 320 ML KALENG,Rp8.047,8047.0
minuman-tradisional,Larutan Cap Badak Botol 200 ml - Panas Dalam - Halodoc,Rp4.700,4700.0
minuman-tradisional,Larutan Cap Badak Kaleng Rasa Strawberry 320 ml - Halodoc,Rp7.140,7140.0
minuman-tradisional,Giggly Coco Isotonic Coconut Original,Rp159.300,159300.0
minuman-tradisional,CAP BADAK LARUTAN PENYEGAR 500 ML BOTOL,Rp11.399,11399.0
minuman-tradisional,Ramuan Mami Curcuma (Temulawak) Extract Powder 100gr,Rp75.000,75000.0
minuman-tradisional,Singabera Intra Jahe Wangi - Tisane / Herbal-4 Box @15sachet,Rp352.000,352000.0
minuman-tradisional,Lasegar Leci 320 ml - Panas Dalam - Halodoc,Rp11.070,11070.0
minuman-tradisional,CAP BADAK LARUTAN PENYEGAR RASA JERUK 320 ML KALENG,Rp9.451,9451.0
minuman-tradisional,CAP BADAK LARUTAN PENYEGAR RASA JERUK 320 ML KALENG,Rp11.391,11391.0
minuman-tradisional,ADEM SARI ISI 7 GRAM SACHET,Rp4.691,4691.0
minuman-tradisional,CAP BADAK LARUTAN PENYEGAR 500 ML BOTOL,Rp10.728,10728.0
minuman-tradisional,CAP BADAK LARUTAN PENYEGAR RASA JAMBU 320 ML KALENG,Rp9.746,9746.0
minuman-tradisional,CAP BADAK LARUTAN RASA STRAWBERRY 320 ML KALENG,Rp11.264,11264.0
minuman-tradisional,CAP BADAK LARUTAN PENYEGAR 500 ML BOTOL,Rp12.161,12161.0
minuman-tradisional,CAP BADAK LARUTAN RASA STRAWBERRY 320 ML KALENG,Rp10.058,10058.0
minuman-tradisional,CAP KAKI TIGA LARUTAN PENYEGAR RASA LECI 320 ML KALENG,Rp9.722,9722.0
minuman-tradisional,CAP KAKI TIGA LARUTAN PENYEGAR JERUK NIPIS 320 ML BOTOL,Rp10.126,10126.0
minuman-tradisional,CAP KAKI TIGA LARUTAN PENYEGAR ANAK RASA JERUK 250 ML KALENG,Rp12.911,12911.0
minuman-tradisional,CAP KAKI TIGA LARUTAN PENYEGAR RASA MELON 320 ML KALENG,Rp10.126,10126.0
minuman-tradisional,CAP BADAK LARUTAN PENYEGAR RASA JAMBU 320 ML KALENG,Rp10.057,10057.0
minuman-tradisional,CAP BADAK LARUTAN PENYEGAR 500 ML BOTOL,Rp12.279,12279.0
minuman-tradisional,ADEM SARI CHING KU LARUTAN 320 ML KALENG,Rp10.304,10304.0
minuman-tradisional,CAP BADAK LARUTAN RASA LECI 320 ML KALENG,Rp10.126,10126.0
minuman-tradisional,CAP BADAK LARUTAN PENYEGAR RASA ANGGUR 320 ML KALENG,Rp11.264,11264.0
minuman-tradisional,CAP BADAK LARUTAN PENYEGAR RASA ANGGUR 320 ML KALENG,Rp10.057,10057.0
minuman-tradisional,CAP BADAK LARUTAN PENYEGAR 500 ML BOTOL,Rp10.759,10759.0
minuman-tradisional,CAP BADAK LARUTAN PENYEGAR RASA MELON 320 ML KALENG,Rp11.264,11264.0
minuman-tradisional,ADEM SARI SENSA COOLS SPARKLING 7 GRAM BOX 5 SACHET,Rp26.818,26818.0
minuman-tradisional,ADEM SARI SENSA COOLS SPARKLING 7 GRAM BOX 5 SACHET,Rp23.626,23626.0
minuman-tradisional,ADEM SARI SENSA COOLS SPARKLING 7 GRAM BOX 5 SACHET,Rp26.580,26580.0
minuman-tradisional,CAP KAKI TIGA LARUTAN PENYEGAR RASA JERUK 320 ML KALENG,Rp8.886,8886.0
minuman-tradisional,CAP KAKI TIGA LARUTAN PENYEGAR RASA LECI 320 ML KALENG,Rp8.886,8886.0
minuman-tradisional,CAP KAKI TIGA LARUTAN PENYEGAR ANAK RASA JERUK 250 ML KALENG,Rp8.987,8987.0
minuman-tradisional,Larutan Cap Badak Kaleng Rasa Strawberry 320 ml - Halodoc,Rp7.840,7840.0
minuman-tradisional,CAP KAKI TIGA LARUTAN PENYEGAR JERUK NIPIS 320 ML BOTOL,Rp9.873,9873.0
minuman-tradisional,CAP KAKI TIGA LARUTAN PENYEGAR RASA JERUK 320 ML KALENG,Rp8.778,8778.0
minuman-tradisional,CAP KAKI TIGA LARUTAN PENYEGAR RASA STRAWBERRY 320 ML KALENG,Rp9.452,9452.0
minuman-tradisional,CAP KAKI TIGA LARUTAN PENYEGAR RASA MELON 320 ML KALENG,Rp7.429,7429.0
minuman-tradisional,CAP KAKI TIGA LARUTAN PENYEGAR ORIGINAL 500 ML,Rp9.429,9429.0
minuman-tradisional,CAP KAKI TIGA LARUTAN PENYEGAR RASA JERUK 320 ML KALENG,Rp8.047,8047.0
minuman-tradisional,Larutan Cap Badak Botol 200 ml - Panas Dalam - Halodoc,Rp4.700,4700.0
minuman-tradisional,CAP KAKI TIGA LARUTAN PENYEGAR RASA LECI 320 ML KALENG,Rp9.387,9387.0
minuman-tradisional,LASEGAR LARUTAN ISI 200 ML BOTOL,Rp6.077,6077.0
minuman-tradisional,CAP KAKI TIGA LARUTAN PENYEGAR ANAK RASA LECI 250 ML KALENG,Rp7.248,7248.0
minuman-tradisional,ADEM SARI ISI 7 GRAM SACHET,Rp5.364,5364.0
minuman-tradisional,SIDOMUNCUL SUSU JAHE 27 GRAM PACK 10 SACHET,Rp25.381,25381.0
minuman-tradisional,ADEM SARI SENSA COOLS SPARKLING 7 GRAM BOX 5 SACHET,Rp26.401,26401.0
minuman-tradisional,SIDOMUNCUL SUSU JAHE 27 GRAM SACHET,Rp2.683,2683.0
minuman-tradisional,OREGANIC - Daun Kemangi Bubuk - Bubuk Kemangi - Kemangi Bubuk - Bumbu Dapur Bubuk 255gr,Rp58.500,58500.0
minuman-tradisional,CAP BADAK LARUTAN PENYEGAR 500 ML BOTOL,Rp10.183,10183.0
minuman-tradisional,CAP BADAK LARUTAN PENYEGAR RASA LEMON 320 ML KALENG,Rp10.611,10611.0
minuman-tradisional,ADEM SARI SENSA COOLS SPARKLING 7 GRAM BOX 5 SACHET,Rp21.068,21068.0
minuman-tradisional,LASEGAR RASA LECI 320 ML KALENG,Rp10.728,10728.0
minuman-tradisional,CAP BADAK LARUTAN PENYEGAR 500 ML BOTOL,Rp10.802,10802.0
minuman-tradisional,CAP KAKI TIGA LARUTAN PENYEGAR RASA ANGGUR 320 ML KALENG,Rp10.802,10802.0
minuman-tradisional,ADEM SARI CHING KU LARUTAN 320 ML KALENG,Rp11.315,11315.0
minuman-tradisional,CAP KAKI TIGA LARUTAN PENYEGAR ANAK RASA JERUK 250 ML KALENG,Rp8.101,8101.0
minuman-tradisional,ADEM SARI ISI 7 GRAM SACHET,Rp12.583,12583.0
minuman-tradisional,CAP BADAK LARUTAN PENYEGAR 500 ML BOTOL,Rp11.409,11409.0
minuman-tradisional,CAP BADAK LARUTAN RASA LECI 320 ML KALENG,Rp10.728,10728.0
minuman-tradisional,LASEGAR ISI 500 ML BOTOL PLASTIK,Rp10.728,10728.0
minuman-tradisional,CAP BADAK LARUTAN RASA LECI 320 ML KALENG,Rp9.559,9559.0
minuman-tradisional,CAP KAKI TIGA LARUTAN PENYEGAR ORIGINAL 500 ML,Rp10.253,10253.0
minuman-tradisional,ADEM SARI ISI 7 GRAM SACHET,Rp3.377,3377.0
minuman-tradisional,CAP BADAK LARUTAN PENYEGAR 500 ML BOTOL,Rp10.128,10128.0
minuman-tradisional,CAP BADAK LARUTAN PENYEGAR RASA JERUK 320 ML KALENG,Rp11.139,11139.0
minuman-tradisional,CAP BADAK LARUTAN PENYEGAR 500 ML BOTOL,Rp10.687,10687.0
minuman-tradisional,CAP BADAK LARUTAN PENYEGAR RASA JAMBU 320 ML KALENG,Rp11.392,11392.0
minuman-tradisional,CAP BADAK LARUTAN PENYEGAR 500 ML BOTOL,Rp11.399,11399.0
minuman-tradisional,Ramuan Mami Curcuma (Temulawak) Extract Powder 100gr,Rp75.000,75000.0
minuman-tradisional,Singabera Intra Jahe Wangi - Tisane / Herbal-4 Box @15sachet,Rp352.000,352000.0
minuman-tradisional,Lasegar Leci 320 ml - Panas Dalam - Halodoc,Rp11.070,11070.0
minuman-tradisional,CAP BADAK LARUTAN PENYEGAR RASA JERUK 320 ML KALENG,Rp9.451,9451.0
minuman-tradisional,CAP KAKI TIGA LARUTAN PENYEGAR RASA MELON 320 ML KALENG,Rp9.387,9387.0
minuman-tradisional,CAP KAKI TIGA LARUTAN PENYEGAR ANAK RASA LECI 238 ML KALENG,Rp9.387,9387.0
minuman-tradisional,LASEGAR ISI 500 ML BOTOL PLASTIK,Rp8.911,8911.0
minuman-tradisional,ADEM SARI ISI 7 GRAM SACHET,Rp5.063,5063.0
minuman-tradisional,CAP KAKI TIGA LARUTAN PENYEGAR ANAK RASA LECI 250 ML KALENG,Rp8.717,8717.0
minuman-tradisional,CAP KAKI TIGA LARUTAN PENYEGAR ORIGINAL 500 ML,Rp10.815,10815.0
minuman-tradisional,CAP BADAK LARUTAN PENYEGAR 500 ML BOTOL,Rp9.387,9387.0
minuman-tradisional,CAP BADAK LARUTAN PENYEGAR RASA MELON 320 ML KALENG,Rp10.802,10802.0
minuman-tradisional,CAP BADAK LARUTAN PENYEGAR RASA MELON 320 ML KALENG,Rp9.387,9387.0
minuman-tradisional,CAP KAKI TIGA LARUTAN PENYEGAR RASA STRAWBERRY 320 ML KALENG,Rp8.862,8862.0
minuman-tradisional,ADEM SARI CHING KU LARUTAN 320 ML KALENG,Rp11.315,11315.0
minuman-tradisional,CAP KAKI TIGA LARUTAN PENYEGAR ANAK RASA JERUK 250 ML KALENG,Rp8.101,8101.0
minuman-tradisional,CAP BADAK LARUTAN PENYEGAR RASA LEMON 320 ML KALENG,Rp10.611,10611.0
minuman-tradisional,ADEM SARI SENSA COOLS SPARKLING 7 GRAM BOX 5 SACHET,Rp21.068,21068.0
minuman-tradisional,CAP BADAK LARUTAN RASA LECI 320 ML KALENG,Rp9.559,9559.0
minuman-tradisional,CAP KAKI TIGA LARUTAN PENYEGAR ORIGINAL 500 ML,Rp10.253,10253.0
minuman-tradisional,LASEGAR ISI 500 ML BOTOL PLASTIK,Rp10.728,10728.0
minuman-tradisional,CAP BADAK LARUTAN RASA LECI 320 ML KALENG,Rp10.728,10728.0
minuman-tradisional,CAP BADAK LARUTAN PENYEGAR RASA JAMBU 320 ML KALENG,Rp11.392,11392.0
minuman-tradisional,CAP BADAK LARUTAN PENYEGAR 500 ML BOTOL,Rp11.409,11409.0
minuman-tradisional,ADEM SARI ISI 7 GRAM SACHET,Rp3.377,3377.0
minuman-tradisional,CAP BADAK LARUTAN PENYEGAR 500 ML BOTOL,Rp10.128,10128.0
minuman-tradisional,CAP BADAK LARUTAN PENYEGAR RASA JERUK 320 ML KALENG,Rp11.139,11139.0
minuman-tradisional,CAP BADAK LARUTAN PENYEGAR 500 ML BOTOL,Rp10.687,10687.0
minuman-tradisional,CAP KAKI TIGA LARUTAN PENYEGAR RASA ANGGUR 320 ML KALENG,Rp10.802,10802.0
minuman-tradisional,LASEGAR RASA LECI 320 ML KALENG,Rp10.728,10728.0
minuman-tradisional,CAP BADAK LARUTAN PENYEGAR 500 ML BOTOL,Rp10.183,10183.0
minuman-tradisional,CAP BADAK LARUTAN PENYEGAR 500 ML BOTOL,Rp10.802,10802.0
minuman-tradisional,ADEM SARI ISI 7 GRAM SACHET,Rp12.583,12583.0
minuman-tradisional,CAP BADAK LARUTAN PENYEGAR 500 ML BOTOL,Rp9.684,9684.0
minuman-tradisional,ADEM SARI CHING KU LARUTAN 320 ML KALENG,Rp11.012,11012.0
minuman-tradisional,CAP BADAK LARUTAN PENYEGAR 500 ML BOTOL,Rp10.126,10126.0
minuman-tradisional,CAP KAKI TIGA LARUTAN PENYEGAR RASA MELON 320 ML KALENG,Rp8.800,8800.0
minuman-tradisional,CAP BADAK LARUTAN PENYEGAR RASA JAMBU 320 ML KALENG,Rp12.069,12069.0
minuman-tradisional,ADEM SARI SENSA COOLS SPARKLING 7 GRAM BOX 5 SACHET,Rp25.314,25314.0
minuman-tradisional,Bumbu Sahara Apple Cider Vinegar With Mother Cuka Apel Botol Organic Netto 250 ml,Rp120.000,120000.0
minuman-tradisional,ADEM SARI SENSA COOLS SPARKLING 7 GRAM BOX 5 SACHET,Rp22.277,22277.0
minuman-tradisional,ADEM SARI SENSA COOLS SPARKLING 7 GRAM BOX 5 SACHET,Rp24.378,24378.0
minuman-tradisional,CAP BADAK LARUTAN PENYEGAR 500 ML BOTOL,Rp12.069,12069.0
minuman-tradisional,CAP KAKI TIGA LARUTAN PENYEGAR JERUK NIPIS 320 ML BOTOL,Rp8.886,8886.0
minuman-tradisional,CAP BADAK LARUTAN PENYEGAR RASA JAMBU 320 ML KALENG,Rp9.451,9451.0
minuman-tradisional,LASEGAR ISI 500 ML BOTOL PLASTIK,Rp9.451,9451.0
minuman-tradisional,CAP BADAK LARUTAN PENYEGAR 500 ML BOTOL,Rp9.421,9421.0
minuman-tradisional,Larutan Cap Badak Botol 200 ml - Panas Dalam - Halodoc,Rp4.800,4800.0
minuman-tradisional,CAP KAKI TIGA LARUTAN PENYEGAR ANAK RASA LECI 250 ML KALENG,Rp8.103,8103.0
minuman-tradisional,"Herbal Ispa Ampuh, Ispa Dewasa, Ispa untuk Anak, Sesak Nafas, Batuk Berat, Demam tinggi, Nyeri Dada, Sakit Tenggorokan - Probiotik Mbiopro 1 Botol",Rp360.000,360000.0
minuman-tradisional,CAP KAKI TIGA LARUTAN PENYEGAR RASA ANGGUR 320 ML KALENG,Rp8.103,8103.0
minuman-tradisional,ADEM SARI ISI 7 GRAM SACHET,Rp4.557,4557.0
minuman-tradisional,CAP KAKI TIGA LARUTAN PENYEGAR ANAK RASA JERUK 250 ML KALENG,Rp7.427,7427.0
minuman-tradisional,CAP BADAK LARUTAN PENYEGAR RASA JAMBU 320 ML KALENG,Rp9.303,9303.0
minuman-tradisional,CAP KAKI TIGA LARUTAN PENYEGAR ANAK RASA LECI 250 ML KALENG,Rp8.027,8027.0
minuman-tradisional,ADEM SARI ISI 7 GRAM SACHET,Rp4.695,4695.0
minuman-tradisional,BINTANG TOEDJOE SLA-SI JERUK NIPIS 7 GRAM SACHET,Rp2.702,2702.0
minuman-tradisional,Paket Hangat Premium (2 Box AMH Etawa Jahe + 2 Box Gula Aren pisah ),Rp80.000,80000.0
minuman-tradisional,Paket Imun Kuat ( 1 Box AMH Herbal FB 20 + 2 Rcg AMH Gula Aren Pisah Rcg),Rp74.000,74000.0
minuman-tradisional,Paket Energi Prima ( 2 Box Etawa Ori + 2 Box AMH Herbal FB 5 Sachet ),Rp100.000,100000.0
minuman-tradisional,ADEM SARI SENSA COOLS SPARKLING 7 GRAM BOX 5 SACHET,Rp20.506,20506.0
minuman-tradisional,Jamu IBOE - 1 Dus IBOE Natural Drink Jahe 5 sachet,Rp336.000,336000.0
minuman-tradisional,ADEM SARI SENSA COOLS SPARKLING 7 GRAM BOX 5 SACHET,Rp22.830,22830.0
minuman-tradisional,CAP KAKI TIGA LARUTAN PENYEGAR ANAK RASA LECI 250 ML KALENG,Rp8.228,8228.0
minuman-tradisional,CAP KAKI TIGA LARUTAN PENYEGAR RASA ANGGUR 320 ML KALENG,Rp8.172,8172.0
minuman-tradisional,paket GOBAN ( 10 Sachet Golden Milk + 20 Sachet Jahe Merah Herbal ),Rp50.000,50000.0
minuman-tradisional,CAP KAKI TIGA LARUTAN PENYEGAR ANAK RASA JERUK 250 ML KALENG,Rp8.356,8356.0
minuman-tradisional,INTRA JAHE WANGI 20 X 15 GR,Rp56.700,56700.0
minuman-tradisional,Iwalet Sarang Burung Walet hancuran bersih kemasan 5 gram,Rp77.000,77000.0
minuman-tradisional,ADEM SARI SENSA COOLS SPARKLING 7 GRAM BOX 5 SACHET,Rp22.782,22782.0
minuman-tradisional,SSA CHRYSANTHEMUM GRANULE SACHET 20 GRAM,Rp38.344,38344.0
minuman-tradisional,ADEM SARI SENSA COOLS SPARKLING 7 GRAM BOX 5 SACHET,Rp19.618,19618.0
minuman-tradisional,CAP BADAK LARUTAN PENYEGAR RASA LEMON 320 ML KALENG,Rp9.387,9387.0
minuman-tradisional,ADEM SARI CHING KU LARUTAN 320 ML KALENG,Rp10.125,10125.0
minuman-tradisional,Cool-Vita Slimkeep 45Ml X 7Sachet,Rp58.882,58882.0
minuman-tradisional,SIDOMUNCUL SUSU JAHE 27 GRAM PACK 10 SACHET,Rp25.036,25036.0
minuman-tradisional,CAP BADAK LARUTAN RASA LECI 320 ML KALENG,Rp10.646,10646.0
minuman-tradisional,CAP BADAK LARUTAN PENYEGAR RASA JERUK 320 ML KALENG,Rp10.270,10270.0
minuman-tradisional,LASEGAR LARUTAN ISI 200 ML BOTOL,Rp6.077,6077.0
minuman-tradisional,CAP BADAK LARUTAN PENYEGAR RASA JAMBU 320 ML KALENG,Rp10.692,10692.0
minuman-tradisional,CAP BADAK LARUTAN PENYEGAR 500 ML BOTOL,Rp12.069,12069.0
minuman-tradisional,LASEGAR ISI 500 ML BOTOL PLASTIK,Rp10.506,10506.0
minuman-tradisional,CAP KAKI TIGA LARUTAN PENYEGAR ORIGINAL 500 ML,Rp10.728,10728.0
minuman-tradisional,CAP BADAK LARUTAN PENYEGAR 500 ML BOTOL,Rp13.409,13409.0
minuman-tradisional,CAP BADAK LARUTAN PENYEGAR 500 ML BOTOL,Rp13.417,13417.0
minuman-tradisional,CAP BADAK LARUTAN RASA LECI 320 ML KALENG,Rp10.125,10125.0
minuman-tradisional,CAP BADAK LARUTAN RASA LECI 320 ML KALENG,Rp8.861,8861.0
minuman-tradisional,CAP KAKI TIGA LARUTAN PENYEGAR RASA LECI 320 ML KALENG,Rp10.057,10057.0
minuman-tradisional,ADEM SARI 7 GRAM SACHET,Rp5.755,5755.0
minuman-tradisional,CAP KAKI TIGA LARUTAN PENYEGAR ORIGINAL 500 ML,Rp10.126,10126.0
minuman-tradisional,CAP BADAK LARUTAN PENYEGAR RASA JERUK 320 ML KALENG,Rp8.717,8717.0
minuman-tradisional,CAP KAKI TIGA LARUTAN PENYEGAR ANAK RASA LECI 250 ML KALENG,Rp11.139,11139.0
minuman-tradisional,CAP KAKI TIGA LARUTAN PENYEGAR ANAK RASA JERUK 250 ML KALENG,Rp9.655,9655.0
minuman-tradisional,CAP BADAK LARUTAN RASA STRAWBERRY 320 ML KALENG,Rp10.121,10121.0
minuman-tradisional,ADEM SARI ISI 7 GRAM SACHET,Rp5.364,5364.0
minuman-tradisional,ADEM SARI ISI 7 GRAM SACHET,Rp5.401,5401.0
minuman-tradisional,ADEM SARI ISI 7 GRAM SACHET,Rp3.798,3798.0
minuman-tradisional,CAP KAKI TIGA LARUTAN PENYEGAR RASA JERUK 320 ML KALENG,Rp18.985,18985.0
minuman-tradisional,ADEM SARI SENSA COOLS SPARKLING 7 GRAM BOX 5 SACHET,Rp31.390,31390.0
minuman-tradisional,CAP BADAK LARUTAN PENYEGAR RASA APEL 320 ML KALENG,Rp9.387,9387.0
minuman-tradisional,CAP KAKI TIGA LARUTAN PENYEGAR RASA MELON 320 ML KALENG,Rp9.429,9429.0
minuman-tradisional,ADEM SARI ISI 7 GRAM SACHET,Rp4.401,4401.0
minuman-tradisional,CAP KAKI TIGA LARUTAN PENYEGAR ORIGINAL 200 ML,Rp5.470,5470.0
minuman-tradisional,ADEM SARI SENSA COOLS SPARKLING 7 GRAM BOX 5 SACHET,Rp22.528,22528.0
minuman-tradisional,LASEGAR LARUTAN ISI 200 ML BOTOL,Rp5.364,5364.0
minuman-tradisional,CAP BADAK LARUTAN PENYEGAR RASA JAMBU 320 ML KALENG,Rp9.387,9387.0
minuman-tradisional,CAP KAKI TIGA LARUTAN PENYEGAR RASA JERUK 320 ML KALENG,Rp9.387,9387.0
minuman-tradisional,CAP KAKI TIGA LARUTAN PENYEGAR RASA STRAWBERRY 320 ML KALENG,Rp9.528,9528.0
minuman-tradisional,CAP BADAK LARUTAN PENYEGAR RASA JERUK 320 ML KALENG,Rp8.988,8988.0
minuman-tradisional,CAP BADAK LARUTAN PENYEGAR RASA JAMBU 320 ML KALENG,Rp9.386,9386.0
minuman-tradisional,Larutan Cap Kaki Tiga Botol 200 ml - Panas Dalam - Halodoc,Rp5.290,5290.0
minuman-tradisional,Honeyco Idealin Vco Minyak Kelapa Extra Virgin Coconut Oil - 250ml,Rp75.000,75000.0
minuman-tradisional,OREGANIC - Daun Kemangi Bubuk - Bubuk Kemangi - Kemangi Bubuk - Bumbu Dapur Bubuk 50gr,Rp25.000,25000.0
minuman-tradisional,ADEM SARI SENSA COOLS SPARKLING 7 GRAM BOX 5 SACHET,Rp23.137,23137.0
minuman-tradisional,ADEM SARI ISI 7 GRAM SACHET,Rp6.286,6286.0
minuman-tradisional,CAP BADAK LARUTAN PENYEGAR 500 ML BOTOL,Rp10.125,10125.0
minuman-tradisional,CAP BADAK LARUTAN PENYEGAR 500 ML BOTOL,Rp10.253,10253.0
minuman-tradisional,ADEM SARI CHING KU LARUTAN 320 ML KALENG,Rp11.130,11130.0
minuman-tradisional,CAP KAKI TIGA LARUTAN PENYEGAR RASA LECI 320 ML KALENG,Rp10.345,10345.0
minuman-tradisional,CAP KAKI TIGA LARUTAN PENYEGAR ANAK RASA JERUK 250 ML KALENG,Rp8.230,8230.0
minuman-tradisional,CAP BADAK LARUTAN PENYEGAR RASA MELON 320 ML KALENG,Rp10.728,10728.0
minuman-tradisional,CAP KAKI TIGA LARUTAN PENYEGAR RASA STRAWBERRY 320 ML KALENG,Rp10.728,10728.0
minuman-tradisional,CAP BADAK LARUTAN PENYEGAR 500 ML BOTOL,Rp12.025,12025.0
minuman-tradisional,CAP BADAK LARUTAN PENYEGAR 500 ML BOTOL,Rp13.409,13409.0
minuman-tradisional,CAP BADAK LARUTAN PENYEGAR RASA APEL 320 ML KALENG,Rp8.291,8291.0
minuman-tradisional,CAP KAKI TIGA LARUTAN PENYEGAR RASA STRAWBERRY 320 ML KALENG,Rp7.901,7901.0
minuman-tradisional,CAP KAKI TIGA LARUTAN PENYEGAR RASA LECI 320 ML KALENG,Rp8.717,8717.0
minuman-tradisional,CAP BADAK LARUTAN RASA STRAWBERRY 320 ML KALENG,Rp10.057,10057.0
minuman-tradisional,CAP KAKI TIGA LARUTAN PENYEGAR ORIGINAL 500 ML,Rp10.183,10183.0
minuman-tradisional,CAP KAKI TIGA LARUTAN PENYEGAR RASA ANGGUR 320 ML KALENG,Rp8.172,8172.0
minuman-tradisional,paket GOBAN ( 10 Sachet Golden Milk + 20 Sachet Jahe Merah Herbal ),Rp50.000,50000.0
minuman-tradisional,CAP KAKI TIGA LARUTAN PENYEGAR ANAK RASA JERUK 250 ML KALENG,Rp8.356,8356.0
minuman-tradisional,INTRA JAHE WANGI 20 X 15 GR,Rp56.700,56700.0
minuman-tradisional,Iwalet Sarang Burung Walet hancuran bersih kemasan 5 gram,Rp77.000,77000.0
minuman-tradisional,LASEGAR ISI 500 ML BOTOL PLASTIK,Rp11.477,11477.0
minuman-tradisional,CAP KAKI TIGA LARUTAN PENYEGAR RASA MELON 320 ML KALENG,Rp9.387,9387.0
minuman-tradisional,CAP KAKI TIGA LARUTAN PENYEGAR RASA MARKISA 320 ML KALENG,Rp9.451,9451.0
minuman-tradisional,CAP BADAK LARUTAN PENYEGAR RASA ANGGUR 320 ML KALENG,Rp8.862,8862.0
minuman-tradisional,CAP KAKI TIGA LARUTAN PENYEGAR RASA LECI 320 ML KALENG,Rp8.128,8128.0
minuman-tradisional,ADEM SARI ISI 7 GRAM SACHET,Rp4.772,4772.0
minuman-tradisional,Larutan Cap Badak Botol 200 ml - Panas Dalam - Halodoc,Rp4.095,4095.0
minuman-tradisional,LASEGAR ISI 500 ML BOTOL PLASTIK,Rp9.494,9494.0
minuman-tradisional,CAP KAKI TIGA LARUTAN PENYEGAR ANAK RASA JERUK 238 ML BOTOL,Rp8.172,8172.0
minuman-tradisional,CAP KAKI TIGA LARUTAN PENYEGAR RASA JERUK 320 ML KALENG,Rp9.387,9387.0
minuman-tradisional,CAP BADAK LARUTAN PENYEGAR 500 ML BOTOL,Rp9.682,9682.0
minuman-tradisional,CAP BADAK LARUTAN PENYEGAR 500 ML BOTOL,Rp10.728,10728.0
minuman-tradisional,ADEM SARI ISI 7 GRAM SACHET,Rp5.364,5364.0
minuman-tradisional,CAP BADAK LARUTAN PENYEGAR RASA MELON 320 ML KALENG,Rp9.386,9386.0
minuman-tradisional,[Paket isi 12] Nu Yogurt Tea Berry Crush 225ML,Rp48.200,48200.0
minuman-tradisional,Badak Kaleng Leci Minuman 320Ml,Rp9.912,9912.0
minuman-tradisional,CAP KAKI TIGA LARUTAN PENYEGAR ANAK RASA JERUK 250 ML KALENG,Rp9.451,9451.0
minuman-tradisional,CAP BADAK LARUTAN PENYEGAR RASA JAMBU 320 ML KALENG,Rp9.387,9387.0
minuman-tradisional,CAP KAKI TIGA LARUTAN PENYEGAR RASA ANGGUR 320 ML KALENG,Rp10.812,10812.0
minuman-tradisional,CAP KAKI TIGA LARUTAN PENYEGAR ORIGINAL 200 ML,Rp5.442,5442.0
minuman-tradisional,ADEM SARI SENSA COOLS SPARKLING 7 GRAM BOX 5 SACHET,Rp23.101,23101.0
minuman-tradisional,HYPEUP COCONUT CREAM VANILLA DRINK CAN 230ml,Rp27.500,27500.0
minuman-tradisional,CAP KAKI TIGA LARUTAN PENYEGAR RASA JERUK 320 ML KALENG,Rp9.873,9873.0
minuman-tradisional,ADEM SARI SENSA COOLS SPARKLING 7 GRAM BOX 5 SACHET,Rp22.630,22630.0
minuman-tradisional,ADEM SARI SENSA COOLS SPARKLING 7 GRAM BOX 5 SACHET,Rp23.258,23258.0
minuman-tradisional,ADEM SARI SENSA COOLS SPARKLING 7 GRAM BOX 5 SACHET,Rp28.822,28822.0
minuman-tradisional,CAP BADAK LARUTAN PENYEGAR RASA LEMON 320 ML KALENG,Rp9.596,9596.0
minuman-tradisional,SIDOMUNCUL SUSU JAHE 27 GRAM SACHET,Rp2.532,2532.0
minuman-tradisional,KUNYIT ASAM SIRIH + MADU 5 SACHET,Rp8.610,8610.0
minuman-tradisional,Larutan Cap Badak Botol 200 ml - Panas Dalam - Halodoc,Rp4.800,4800.0
minuman-tradisional,Badak Botol Penyegar 200Ml,Rp5.192,5192.0
minuman-tradisional,CAP BADAK LARUTAN RASA LECI 320 ML KALENG,Rp10.057,10057.0
minuman-tradisional,ADEM SARI ISI 7 GRAM SACHET,Rp3.798,3798.0
minuman-tradisional,ADEM SARI CHING KU LARUTAN 320 ML KALENG,Rp13.923,13923.0
minuman-tradisional,CAP KAKI TIGA LARUTAN PENYEGAR RASA JERUK 320 ML KALENG,Rp8.097,8097.0
minuman-tradisional,CAP KAKI TIGA LARUTAN PENYEGAR RASA LECI 320 ML KALENG,Rp11.399,11399.0
minuman-tradisional,CAP KAKI TIGA LARUTAN PENYEGAR ORIGINAL 500 ML,Rp10.801,10801.0
minuman-tradisional,MUSTIKA RATU GULA ASAM 200 ML,Rp7.928,7928.0
minuman-tradisional,KESAGI 15 GRAM BOX 5 SACHET (75 GRAM),Rp164.535,164535.0
minuman-tradisional,CAP BADAK LARUTAN RASA LECI 320 ML KALENG,Rp10.728,10728.0
minuman-tradisional,CAP BADAK LARUTAN PENYEGAR 500 ML BOTOL,Rp14.556,14556.0
minuman-tradisional,CAP KAKI TIGA LARUTAN PENYEGAR ANAK RASA JERUK 250 ML KALENG,Rp8.050,8050.0
minuman-tradisional,ADEM SARI ISI 7 GRAM SACHET,Rp3.292,3292.0
minuman-tradisional,CAP BADAK LARUTAN PENYEGAR RASA JERUK 320 ML KALENG,Rp12.151,12151.0
minuman-tradisional,ADEM SARI ISI 7 GRAM SACHET,Rp4.292,4292.0
minuman-tradisional,CAP BADAK LARUTAN PENYEGAR RASA MELON 320 ML KALENG,Rp10.728,10728.0
minuman-tradisional,CAP BADAK LARUTAN PENYEGAR 500 ML BOTOL,Rp11.521,11521.0
minuman-tradisional,ADEM SARI ISI 7 GRAM SACHET,Rp5.038,5038.0
minuman-tradisional,CAP BADAK LARUTAN RASA LECI 320 ML KALENG,Rp10.728,10728.0
minuman-tradisional,CAP BADAK LARUTAN PENYEGAR RASA MELON 320 ML KALENG,Rp11.063,11063.0
minuman-tradisional,CAP KAKI TIGA LARUTAN PENYEGAR RASA ANGGUR 320 ML KALENG,Rp8.801,8801.0
minuman-tradisional,ADEM SARI CHING KU HERBAL LEMON 320 ML KALENG,Rp12.658,12658.0
minuman-tradisional,ADEM SARI ISI 7 GRAM SACHET,Rp5.080,5080.0
minuman-tradisional,CAP BADAK LARUTAN PENYEGAR RASA JERUK 320 ML KALENG,Rp9.494,9494.0
minuman-tradisional,CAP KAKI TIGA LARUTAN PENYEGAR RASA ANGGUR 320 ML KALENG,Rp10.126,10126.0
minuman-tradisional,CAP BADAK LARUTAN RASA LECI 320 ML KALENG,Rp10.728,10728.0
minuman-tradisional,CAP BADAK LARUTAN PENYEGAR RASA MELON 320 ML KALENG,Rp9.304,9304.0
minuman-tradisional,SIDOMUNCUL SUSU JAHE 27 GRAM PACK 10 SACHET,Rp40.227,40227.0
minuman-tradisional,SIDOMUNCUL SUSU JAHE 27 GRAM PACK 10 SACHET,Rp26.999,26999.0
minuman-tradisional,ADEM SARI SENSA COOLS SPARKLING 7 GRAM PACK 8 SACHET,Rp30.377,30377.0
minuman-tradisional,Herbilogy - Empon mix Extract Powder,Rp115.159,115159.0
minuman-tradisional,INTRA JAHE WANGI DOOS BESAR 20 PCS 25 GR,Rp37.990,37990.0
minuman-tradisional,CAP KAKI TIGA LARUTAN PENYEGAR ORIGINAL 500 ML,Rp9.429,9429.0
minuman-tradisional,Iwalet Sarang Burung Walet hancuran bersih kemasan 5 gram,Rp77.000,77000.0
minuman-tradisional,Iwalet Sarang Burung Walet Mangkuk Bersih 5 gram,Rp90.000,90000.0
minuman-tradisional,CAP KAKI TIGA LARUTAN PENYEGAR RASA STRAWBERRY 320 ML KALENG,Rp8.886,8886.0
minuman-tradisional,CAP BADAK LARUTAN RASA LECI 320 ML KALENG,Rp8.367,8367.0
minuman-tradisional,CAP KAKI TIGA LARUTAN PENYEGAR RASA LECI 320 ML KALENG,Rp8.229,8229.0
minuman-tradisional,CAP BADAK LARUTAN PENYEGAR RASA JERUK 320 ML KALENG,Rp8.229,8229.0
minuman-tradisional,CAP KAKI TIGA LARUTAN PENYEGAR ANAK RASA LECI 238 ML KALENG,Rp8.861,8861.0
minuman-tradisional,CAP KAKI TIGA LARUTAN PENYEGAR RASA MELON 320 ML KALENG,Rp9.386,9386.0
minuman-tradisional,CAP BADAK LARUTAN RASA STRAWBERRY 320 ML KALENG,Rp9.596,9596.0
minuman-tradisional,CAP KAKI TIGA LARUTAN PENYEGAR RASA LECI 320 ML KALENG,Rp9.387,9387.0
minuman-tradisional,CAP KAKI TIGA LARUTAN PENYEGAR ORIGINAL 200 ML,Rp4.592,4592.0
minuman-tradisional,LASEGAR LARUTAN ISI 200 ML BOTOL,Rp4.820,4820.0
minuman-tradisional,ADEM SARI ISI 7 GRAM SACHET,Rp4.695,4695.0
minuman-tradisional,CAP KAKI TIGA LARUTAN PENYEGAR RASA JERUK 320 ML KALENG,Rp9.451,9451.0
minuman-tradisional,CAP KAKI TIGA LARUTAN PENYEGAR ORIGINAL 200 ML,Rp6.705,6705.0
minuman-tradisional,ADEM SARI 7 GRAM SACHET,Rp4.804,4804.0
minuman-tradisional,CAP KAKI TIGA LARUTAN PENYEGAR ORIGINAL 500 ML,Rp9.387,9387.0
minuman-tradisional,CAP KAKI TIGA LARUTAN PENYEGAR ORIGINAL 200 ML,Rp4.695,4695.0
minuman-tradisional,CAP KAKI TIGA LARUTAN PENYEGAR RASA LECI 320 ML KALENG,Rp9.272,9272.0
minuman-tradisional,CAP BADAK LARUTAN RASA STRAWBERRY 320 ML KALENG,Rp8.862,8862.0
minuman-tradisional,CAP BADAK LARUTAN RASA LECI 320 ML KALENG,Rp9.387,9387.0
minuman-tradisional,LASEGAR LARUTAN ISI 200 ML BOTOL,Rp5.570,5570.0
minuman-tradisional,CAP BADAK LARUTAN PENYEGAR RASA JERUK 320 ML KALENG,Rp8.229,8229.0
minuman-tradisional,CAP KAKI TIGA LARUTAN PENYEGAR ANAK RASA JERUK 250 ML KALENG,Rp8.862,8862.0
minuman-tradisional,CAP BADAK LARUTAN PENYEGAR 500 ML BOTOL,Rp10.058,10058.0
minuman-tradisional,Flimty Raspberry 15G 16Sachet,Rp294.500,294500.0
minuman-tradisional,CAP BADAK LARUTAN PENYEGAR RASA LEMON 320 ML KALENG,Rp9.303,9303.0
minuman-tradisional,ADEM SARI SENSA COOLS SPARKLING 7 GRAM BOX 5 SACHET,Rp22.529,22529.0
minuman-tradisional,CAP KAKI TIGA LARUTAN PENYEGAR RASA STRAWBERRY 320 ML KALENG,Rp9.873,9873.0
minuman-tradisional,CAP BADAK LARUTAN PENYEGAR RASA LEMON 320 ML KALENG,Rp11.440,11440.0
minuman-tradisional,SELAKSA MAKNA Jahe Merah Original Paket 2 Pcs,Rp70.000,70000.0
minuman-tradisional,Cognac Menier Extra Old XO 700 ml,Rp4.000.000,4000000.0
minuman-tradisional,Badak Botol Penyegar 500 Ml,Rp10.266,10266.0
minuman-tradisional,ADEM SARI CHING KU LARUTAN 320 ML KALENG,Rp10.570,10570.0
minuman-tradisional,ADEM SARI CHING KU LARUTAN 320 ML KALENG,Rp9.389,9389.0
minuman-tradisional,CAP KAKI TIGA LARUTAN PENYEGAR ANAK RASA LECI 250 ML KALENG,Rp9.655,9655.0
minuman-tradisional,CAP KAKI TIGA LARUTAN PENYEGAR ANAK RASA JERUK 238 ML BOTOL,Rp8.228,8228.0
minuman-tradisional,CAP KAKI TIGA LARUTAN PENYEGAR ORIGINAL 500 ML,Rp10.278,10278.0
minuman-tradisional,ADEM SARI SENSA COOLS SPARKLING 7 GRAM BOX 5 SACHET,Rp22.782,22782.0
minuman-tradisional,ADEM SARI SENSA COOLS SPARKLING 7 GRAM BOX 5 SACHET,Rp27.847,27847.0
minuman-tradisional,CAP KAKI TIGA LARUTAN PENYEGAR RASA STRAWBERRY 320 ML KALENG,Rp8.717,8717.0
minuman-tradisional,LASEGAR KALENG RASA STRAWBERRY,Rp9.386,9386.0
minuman-tradisional,CAP KAKI TIGA LARUTAN PENYEGAR ANAK RASA LECI 238 ML KALENG,Rp8.228,8228.0
minuman-tradisional,CAP BADAK LARUTAN PENYEGAR RASA JERUK 320 ML KALENG,Rp10.119,10119.0
minuman-tradisional,KESAGI 15 GRAM BOX 5 SACHET (75 GRAM),Rp163.966,163966.0
minuman-tradisional,CAP BADAK LARUTAN PENYEGAR RASA JERUK 320 ML KALENG,Rp9.926,9926.0
minuman-tradisional,ADEM SARI ISI 7 GRAM SACHET,Rp4.592,4592.0
minuman-tradisional,CAP KAKI TIGA LARUTAN PENYEGAR ORIGINAL 200 ML,Rp6.288,6288.0
minuman-tradisional,House of Organix – Matcha Lemon Stevia Drink – Kaya Antioksidan & Vitamin C Alami,Rp39.900,39900.0
minuman-tradisional,CAP BADAK LARUTAN RASA STRAWBERRY 320 ML KALENG,Rp9.451,9451.0
minuman-tradisional,CAP KAKI TIGA LARUTAN PENYEGAR RASA JERUK 320 ML KALENG,Rp7.810,7810.0
minuman-tradisional,Last Supper Paket Minuman Anggur Hosti Ayat Non Alkohol Perjamuan Kudus Segar Ibadah Gereja,Rp185.000,185000.0
minuman-tradisional,CAP BADAK LARUTAN PENYEGAR RASA LEMON 320 ML KALENG,Rp9.303,9303.0
minuman-tradisional,Larutan Cap Badak Botol 500 ml - Panas Dalam - Halodoc,Rp8.775,8775.0
minuman-tradisional,Kaki Tiga Kaleng Rasa Leci 320Ml,Rp10.030,10030.0
minuman-tradisional,Badak Botol Penyegar 500 Ml,Rp10.266,10266.0
minuman-tradisional,LASEGAR RASA LECI 320 ML KALENG,Rp10.728,10728.0
minuman-tradisional,CAP BADAK LARUTAN PENYEGAR RASA JAMBU 320 ML KALENG,Rp9.451,9451.0
minuman-tradisional,ADEM SARI ISI 7 GRAM SACHET,Rp5.053,5053.0
minuman-tradisional,ADEM SARI ISI 7 GRAM SACHET,Rp3.545,3545.0
minuman-tradisional,LASEGAR ISI 500 ML BOTOL PLASTIK,Rp9.827,9827.0
minuman-tradisional,CAP KAKI TIGA LARUTAN PENYEGAR RASA ANGGUR 320 ML KALENG,Rp9.387,9387.0
minuman-tradisional,Herbilogy - Empon mix Extract Powder,Rp115.159,115159.0
minuman-tradisional,INTRA JAHE WANGI DOOS BESAR 20 PCS 25 GR,Rp37.990,37990.0
minuman-tradisional,CAP KAKI TIGA LARUTAN PENYEGAR ORIGINAL 500 ML,Rp9.429,9429.0
minuman-tradisional,Iwalet Sarang Burung Walet hancuran bersih kemasan 5 gram,Rp77.000,77000.0
minuman-tradisional,Iwalet Sarang Burung Walet Mangkuk Bersih 5 gram,Rp90.000,90000.0
sirup,Ice Mint Syrup Delifru 1 Liter - Sirup Ice Mint Premium,Rp119.990,119990.0
sirup,MultiBev Bubblegum Syrup Bottle 500ml - Sirup Minuman Rasa Permen Karet cocok untuk Horeca,Rp55.000,55000.0
sirup,Singabera Organic Coconut Nectar Syrup (Sirup Gula Kelapa) - 280 ml,Rp51.290,51290.0
sirup,MARJAN SYRUP FRUIT PUCH SQUASH 425 ML,Rp14.850,14850.0
sirup,ABC SPECIAL GRADE MELON 485 ML,Rp30.100,30100.0
sirup,DOUBLE FRESH ORANGE SYRUP 650 ML,Rp35.550,35550.0
sirup,MARJAN SYRUP BOUDOIN MELON 460 ML,Rp26.700,26700.0
sirup,DHT Special Bundle - Sirup DHT Pisang Ambon 620ml 6Pcs,Rp261.000,261000.0
sirup,SUNQUICK SYRUP STANDART ORANGE 330 GR,Rp40.650,40650.0
sirup,DRiPP Peach Syrup 760ml - Sirup Minuman Rasa Buah Persik cocok untuk Horeca,Rp115.500,115500.0
sirup,Monin - Syrup Pandan (700 ML) - Sirup Minuman Rasa Daun Pandan cocok untuk Horeca,Rp184.000,184000.0
sirup,Monin - Syrup Vanilla (700 ML) - Sirup Minuman Rasa Vanila cocok untuk Horeca,Rp184.000,184000.0
sirup,Denali - Syrup Vanilla 750ml - Minuman Sirup,Rp109.000,109000.0
sirup,Sunquick Syrup Standart Org 330 Gr,Rp43.050,43050.0
sirup,MARJAN SYRUP BOUDOIN VANILA 460 ML,Rp26.700,26700.0
sirup,MARJAN SYRUP ORANGE SQUASH 425 ML,Rp15.990,15990.0
sirup,MARJAN SYRUP BOUDOIN PISANG SUSU 460 ML,Rp26.700,26700.0
sirup,MARJAN SQUASH COCOPANDAN 425 ML,Rp14.850,14850.0
sirup,MARJAN SYRUP MELON SQUASH 425 ML,Rp14.450,14450.0
sirup,MARJAN SYRUP BOUDOIN FRUIT POUCH 460 ML,Rp24.990,24990.0
sirup,Raspberry Syrup Delifru 500 ml - Sirup Beri Frambos Premium,Rp63.550,63550.0
sirup,Roasted Barley Syrup Delifru 1 Liter - Sirup Jelai Panggang Premium,Rp119.990,119990.0
sirup,MARJAN SYRUP BOUDOIN LYCHEE 460 ML,Rp24.990,24990.0
sirup,MARJAN SYRUP BOUDOIN LYCHEE 460 ML,Rp24.990,24990.0
sirup,MARJAN SYRUP BOUDOIN FRUIT POUCH 460 ML,Rp24.990,24990.0
sirup,MARJAN SYRUP STRAWBERRY SQUASH 425 ML,Rp13.990,13990.0
sirup,Monin - Syrup Kiwi (700 ML) - Sirup Minuman Rasa Buah Kiwi cocok untuk Horeca,Rp184.000,184000.0
sirup,Hada Angin Sachet 15 ml - Sirup Herbal Masuk Angin,Rp5.100,5100.0
sirup,Polysilane Sirup 100 ml,Rp24.200,24200.0
sirup,Roasted Hazelnut Syrup Delifru 500 ml - Sirup Roasted Hazelnut Premium,Rp63.549,63549.0
sirup,MARJAN SYRUP ORANGE SQUASH 425 ML,Rp16.100,16100.0
sirup,DRiPP Hazelnut Syrup 760ml - Sirup Minuman Rasa Kacang Hazel cocok untuk Horeca,Rp115.500,115500.0
sirup,MARJAN SYRUP BOUDOIN MELON 460 ML,Rp24.990,24990.0
sirup,[GIMMICK] ABC Squash Delight Sirup Jeruk Florida 425 ml [1 Pcs],Rp999.999,999999.0
sirup,MARJAN SYRUP ORANGE SQUASH 425 ML,Rp16.100,16100.0
sirup,Syrup Osaka Brown Sugar Delifru 500 ml - Sirup Gula Merah Premium,Rp63.550,63550.0
sirup,DRiPP Palm Sugar Flavour Syrup 760 ML - Sirup Minuman Rasa Gula Aren cocok untuk Horeca / Horeka,Rp115.500,115500.0
sirup,Syrup Salted Caramel Delifru 1000 ml - Sirup Karamel Asin Premium Gula Minuman,Rp95.810,95810.0
sirup,MARJAN SYRUP BOUDOIN PSG SUSU 460 ML,Rp24.990,24990.0
sirup,DRiPP - Syrup Strawberry Fruit Pulp 760ml - Sirup Minuman Rasa Stroberi cocok untuk Horeca,Rp173.200,173200.0
sirup,Syrup Zero Calorie Sugar Free Salted Caramel Delifru 1 Liter - Sirup Bebas Gula 0 Kalori Karamel Asin,Rp129.900,129900.0
sirup,Anggur Cup Perjamuan Kudus Merk Prolan -PRL05,Rp116.000,116000.0
sirup,DRiPP Lychee Syrup 760ml - Sirup Minuman Rasa Leci cocok untuk Horeca,Rp115.500,115500.0
sirup,Prime World Class Vodka 700ml - Tipsy Tales,Rp267.000,267000.0
sirup,FREISS SYRUP FRAMBOZEN 460 ML,Rp20.600,20600.0
sirup,MARJAN SYRUP FRUIT PUCH SQUASH 425 ML,Rp14.450,14450.0
sirup,MARJAN SYRUP FRUIT PUCH SQUASH 425 ML,Rp13.990,13990.0
sirup,MARJAN SYRUP SIRSAK SQUASH 425 ML,Rp13.990,13990.0
sirup,MARJAN SYRUP FRUIT PUCH SQUASH 425 ML,Rp14.850,14850.0
sirup,Mc Donald Whisky 180ml - Tipsy Tales,Rp50.000,50000.0
sirup,MultiBev - Syrup Chendol Bottle 500ml - Sirup Minuman,Rp55.000,55000.0
sirup,ABC Special Grade Cocopandan 485Ml,Rp29.990,29990.0
sirup,ABC SPECIAL GRADE COCOPANDAN 485 ML,Rp30.100,30100.0
sirup,"Vinmori cuka alami menjaga daya tambahan tubuh Cuka Mengkudu, Imun Booster, Resep Tradisional Botol",Rp163.800,163800.0
sirup,Stevia Cair Murni Premium Pemanis Alami Warna Asli Coklat Pekat - Sirup - Sugar,Rp94.657,94657.0
sirup,MARJAN SYRUP LYCHEESQUASH 450 ML,Rp13.990,13990.0
sirup,MARJAN SYRUP MELON SQUASH 450 ML,Rp14.850,14850.0
sirup,MARJAN SYRUP MGO SQUASH 450 ML,Rp14.450,14450.0
sirup,French Vanilla Syrup Delifru 1 Liter - Sirup French Vanila Premium,Rp119.990,119990.0
sirup,Konig Ludwig Dunkel 640ml,Rp50.000,50000.0
sirup,MARJAN SYRUP BOUDOIN FRUIT POUCH 460 ML,Rp24.990,24990.0
sirup,MARJAN SYRUP BOUDOIN LYCHEE 460 ML,Rp24.990,24990.0
sirup,MARJAN SYRUP FRUIT PUCH SQUASH 425 ML,Rp14.850,14850.0
sirup,Delifru Syrup Blue Lagoon - Sirup Jeruk Biru 1 Liter,Rp119.990,119990.0
sirup,Pandan Jelly Dessert Kopi Susu (Caffe Latte) 500ml,Rp45.000,45000.0
sirup,DRiPP - Syrup Jasmine 100 ML - Minuman Sirup | Homecafe,Rp35.500,35500.0
sirup,MARJAN SYRUP BOUDOIN PSG SUSU 460 ML,Rp24.990,24990.0
sirup,MARJAN SYRUP BOUDOIN LYCHEE 460 ML,Rp24.990,24990.0
sirup,FREISS SYRUP MELON 460 ML,Rp20.600,20600.0
sirup,MARJAN SYRUP BOUDOIN VANILA 460 ML,Rp26.700,26700.0
sirup,Sunfield Green Apple Fruit Concentrate Syrup(Sirup Konsentrat Buah) 1L,Rp155.000,155000.0
sirup,Health Today Premium Fruit Mix Mango (Puree Buah Mangga),Rp232.000,232000.0
sirup,Denali - Fruit Pure Mango 2000 Gram - Saus Minuman Puree Buah Mangga Premium cocok untuk Horeca,Rp253.000,253000.0
sirup,Vanilla Syrup Delifru 500 ml - Sirup Vanila Premium,Rp63.549,63549.0
sirup,Polysilane Sirup 180 ml,Rp36.082,36082.0
sirup,MARJAN BOUDOIN STRAWBERRY 460 ML,Rp25.890,25890.0
sirup,ABC Special Grade Cocopandan 485Ml,Rp30.900,30900.0
sirup,Delifru Syrup Pop Corn - Sirup Popcorn 1 Liter,Rp119.990,119990.0
sirup,Syrup Kiwi Delifru 1000 ml - Sirup Minuman Kiwi Premium,Rp119.990,119990.0
sirup,Sunfield White Peach Fruit Concentrate Syrup(Sirup Konsentrat Buah) 1L,Rp177.500,177500.0
sirup,MARJAN SYRUP MELON SQUASH 450 ML,Rp14.390,14390.0
sirup,Strawberry Syrup Delifru 1 Liter - Sirup Strawberry Premium,Rp119.899,119899.0
sirup,Delifru Syrup Lemonade - Sirup Lemon 1 Liter,Rp119.990,119990.0
sirup,Monin - Syrup Wild Mint (700 ML) - Sirup Minuman Rasa Wild Mint,Rp184.000,184000.0
sirup,FREISS SYRUP ORANGE 460 ML,Rp13.990,13990.0
sirup,Paket Bundling Syrup Delifru 2L Sirup Lychee 1L + ElderFlower 1L,Rp239.796,239796.0
sirup,Delifru Syrup French Vanilla - Sirup French Vanilla 500 ml,Rp63.550,63550.0
sirup,MARJAN SYRUP SIRSAK SQUASH 425 ML,Rp14.450,14450.0
sirup,Gold Trees Moscato 750ml - Tipsy Bro,Rp300.000,300000.0
sirup,Grand Macnish 750ml - Tipsy Tales,Rp530.000,530000.0
sirup,Sunquick Syrup Standart Org 330 Gr,Rp36.050,36050.0
sirup,MARJAN BOUDOIN COCOPANDAN 460ML,Rp26.700,26700.0
sirup,MARJAN SYRUP BOUDOIN VNL 460 ML,Rp24.990,24990.0
sirup,Singabera Roselle Ginger Premix (Jahe Rosela) - 150 sachet,Rp305.250,305250.0
sirup,Pop Corn Syrup Delifru 1 Liter - Sirup Popcorn Premium,Rp119.990,119990.0
sirup,Blue Lagoon Syrup Delifru 500 ml - Sirup Jeruk Biru Premium,Rp63.550,63550.0
sirup,Woods Peppermint Antitussive Sirup 100 ml,Rp52.812,52812.0
sirup,MARJAN SYRUP SIRSAK SQUASH 450 ML,Rp13.190,13190.0
sirup,MARJAN SYRUP BOUDOIN VANILA 460 ML,Rp24.990,24990.0
sirup,MARJAN SYRUP BOUDOIN PISANG SUSU 460 ML,Rp24.990,24990.0
sirup,MARJAN SYRUP BOUDOIN MELON 460 ML,Rp24.990,24990.0
sirup,Monin - Syrup Asian Lemongrass (700 ML) -Sirup Minuman Rasa Serai,Rp184.000,184000.0
sirup,Guanistrep Sirup 60 ml,Rp8.931,8931.0
sirup,MultiBev - Syrup Orange Bottle 500ml - Sirup Minuman Rasa Jeruk,Rp55.000,55000.0
sirup,MARJAN SYRUP SIRSAK SQUASH 425 ML,Rp14.850,14850.0
sirup,MultiBev - Syrup Chendol Bottle 500ml - Sirup Minuman Rasa Chendol,Rp55.000,55000.0
sirup,Denali - Fruit Pure Strawberry 2000 Gram - Saus Minuman Puree Buah Stroberi Premium cocok untuk Horeca,Rp228.000,228000.0
sirup,Raisin Syrup Delifru 1 Liter - Sirup Kismis / Rum Raisin,Rp119.990,119990.0
sirup,Monin - Syrup Creme Brulee (700 ML) - Sirup Minuman Rasa cocok untuk Horeca,Rp184.000,184000.0
sirup,SUNQUICK SYRUP STANDART MANDARIN 300 ML,Rp40.650,40650.0
sirup,Woods Peppermint Antitussive Sirup 100 ml,Rp51.096,51096.0
sirup,MARJAN SYRUP BOUDOIN MELON 460 ML,Rp26.700,26700.0
sirup,MARJAN SYRUP BOUDOIN MELON 460 ML,Rp26.690,26690.0
sirup,FREISS SYRUP FRAMBOZEN 460 ML,Rp20.600,20600.0
sirup,FREISS SYRUP LECY 460 ML - SIRUP,Rp13.400,13400.0
sirup,MARJAN SYRUP MANGO SQUASH 425 ML,Rp14.850,14850.0
sirup,MARJAN SIRUP WITH MILK STR 460 ML,Rp27.700,27700.0
sirup,MARJAN SYRUP BOUDOIN FRUIT POUCH 460 ML,Rp26.700,26700.0
sirup,MARJAN SYRUP BOUDOIN LYCHEE 460 ML,Rp26.700,26700.0
sirup,Rahsa Nusantara Sari Kunyit Asam 500mL BPOM Herbal Tradisional Anti-Inflamasi Tubuh Segar Nyeri Haid Reda,Rp124.900,124900.0
sirup,Genova - Syrup Caramel 750ml - Sirup Minuman Rasa Karamel,Rp115.500,115500.0
sirup,Syrup Lemonade Delifru 1000 ml - Sirup Lemon Premium,Rp119.990,119990.0
sirup,ABC Sirup Cocopandan Botol 460 ml,Rp27.900,27900.0
sirup,Keraton - Sari Jahe Cair Isi 6 Sachet - Minuman Jahe Hangat dan Sehat - Sirup dalam Sachet,Rp18.100,18100.0
sirup,Sunquick Syrup Standart Mandarin 330 Ml,Rp37.990,37990.0
sirup,MARJAN SYRUP BOUDOIN FRUIT POUCH 460 ML,Rp24.990,24990.0
sirup,MARJAN SYRUP BOUDOIN LYCHEE 460 ML,Rp24.990,24990.0
sirup,MARJAN SYRUP FRUIT PUCH SQUASH 425 ML,Rp14.850,14850.0
sirup,Delifru Syrup Blue Lagoon - Sirup Jeruk Biru 1 Liter,Rp119.990,119990.0
sirup,Pandan Jelly Dessert Kopi Susu (Caffe Latte) 500ml,Rp45.000,45000.0
sirup,MARJAN SQUASH COCOPANDAN 425 ML,Rp13.400,13400.0
sirup,Syrup Green Apple Sirup Apel Hijau La Terra,Rp118.750,118750.0
sirup,MARJAN SYRUP BOUDOIN MOCA 460 ML,Rp24.990,24990.0
sirup,Coconut Syrup Delifru 1 Liter - Sirup Kelapa Premium,Rp119.990,119990.0
sirup,MultiBev - Syrup Vanilla Bottle 500ml - Sirup Minuman,Rp55.000,55000.0
sirup,French Vanilla Syrup Delifru 500 ml - Sirup French Vanila Premium,Rp63.549,63549.0
sirup,DRiPP Mango Sticky Rice - Perasa Minuman Berbentuk Sirup Mango Sticky Rice Untuk HORECA,Rp113.190,113190.0
sirup,Monin - Syrup Lemonade Concentrate (700 ML) - Sirup Minuman Rasa Konsentrat Limun cocok untuk Horeca,Rp170.000,170000.0
sirup,MARJAN SYRUP MELON SQUASH 425 ML,Rp13.990,13990.0
sirup,MARJAN SYRUP BOUDOIN LYCHEE 460 ML,Rp28.250,28250.0
sirup,MARJAN SYRUP MANGO SQUASH 425 ML,Rp14.850,14850.0
sirup,MARJAN SYRUP BOUDOIN FRUIT POUCH 460 ML,Rp26.700,26700.0
sirup,MARJAN SIRUP WITH MILK STR 460 ML,Rp27.700,27700.0
sirup,Lemonade Syrup Delifru 1 Liter - Sirup Lemon Premium,Rp119.990,119990.0
sirup,Monin - Syrup Tiramisu (700 ML) - Sirup Minuman Rasa Tiramisu cocok untuk Horeca,Rp184.000,184000.0
sirup,Monin - Syrup Gingerbread (700 ML) - Sirup Minuman Rasa Kue Jahe cocok untuk Horeca,Rp184.000,184000.0
sirup,DRiPP Apple Malang Flavour Syrup 760 ML - Sirup Minuman Rasa Buah Apple Malang cocok untuk Horeca / Horeka,Rp115.500,115500.0
sirup,DRiPP Cinnamon Flavour Homecafe Syrup 100 ML - Sirup Minuman Rasa Kayu Manis cocok untuk Horeca / Horeka,Rp35.500,35500.0
sirup,Paket Bundling Syrup Delifru Sirup Lychee 1L + Bubuqu Powder Drink Guava 1 Kg,Rp162.450,162450.0
sirup,MARJAN SYRUP BOUDOIN FRUIT POUCH 460 ML,Rp26.700,26700.0
sirup,MARJAN SYRUP JAMBU SQUASH 425 ML,Rp13.990,13990.0
sirup,MARJAN SYRUP MELON SQUASH 425 ML,Rp14.850,14850.0
sirup,SUNQUICK SYRUP STANDART LEMON 300 ML,Rp40.650,40650.0
sirup,MARJAN BOUDOIN STRAWBERRY 460 ML,Rp26.700,26700.0
sirup,Adem Sari Ching Ku Madu Lemon Tea Botol 2x350 Ml,Rp21.800,21800.0
sirup,Butterscotch Syrup Delifru 1 Liter - Sirup Butterscotch Premium,Rp90.990,90990.0
sirup,Health Today Premium Fruit Mix Strawberry (Puree Buah Strawberry),Rp232.000,232000.0
sirup,Delifru Syrup Hibiscus - Sirup Hibiscus 500 ml,Rp63.550,63550.0
sirup,Syrup Cocopandan Delifru 1000 ml - Sirup Pandan Kelapa Premium Gula Minuman,Rp119.990,119990.0
sirup,Syrup Hazelnut Delifru 500 ml - Sirup Kacang Hazel Premium,Rp63.550,63550.0
sirup,Passion Fruit Syrup Delifru 1 Liter - Sirup Markisa Premium,Rp116.400,116400.0
sirup,Monin - Syrup Vanilla (250 ML) - Sirup Minuman Rasa Vanila cocok untuk Horeca,Rp89.000,89000.0
sirup,MARJAN SYRUP MELON SQUASH 425 ML,Rp15.450,15450.0
sirup,DRiPP Honey Syrup - Sirup Rasa Madu Untuk Minuman Enak di Kafe/Bisnis/Rumahan,Rp113.190,113190.0
sirup,Denali - Syrup Hazelnut 750ml - Minuman Sirup,Rp109.000,109000.0
sirup,Polysilane Sirup 100 ml,Rp30.800,30800.0
sirup,DRiPP Banana Flavour Syrup 760 ML - Sirup Minuman Rasa Buah Pisang cocok untuk Horeca / Horeka,Rp115.500,115500.0
sirup,Denali - Syrup Raspberry 750ml - Minuman Sirup,Rp109.000,109000.0
sirup,MultiBev - Taro Powder 1 Kg - Minuman Bubuk,Rp75.000,75000.0
sirup,MultiBev - Red Velvet Powder 1 Kg - Minuman Bubuk,Rp75.000,75000.0
sirup,Passion Fruit Syrup Delifru 500 ml - Sirup Markisa Premium,Rp63.550,63550.0
sirup,MARJAN SYRUP BOUDOIN VANILA 460 ML,Rp24.990,24990.0
sirup,DHT Special Bundle - Sirup DHT Rasa Pisang Ambon 620ml (1Pc) + 2Liter (1Pc),Rp213.500,213500.0
sirup,DRiPP Gingerbread Flavour Syrup 760 ML - Sirup Minuman Rasa Khas Kue Jahe cocok untuk Horeca / Horeka - NEW,Rp115.500,115500.0
sirup,DRiPP Harum Manis Fruit Pulp- Sirup Enak Ada Daging Buah Mangga Asli,Rp158.175,158175.0
sirup,Genova - Syrup Palm Sugar 750ml - Sirup Minuman Rasa Gula Aren,Rp115.500,115500.0
sirup,Alam Nusantara Coconut Liqueur Liqueur 600ml,Rp85.000,85000.0
sirup,Carlo Rossi California White 750ml,Rp275.000,275000.0
sirup,Schweppes Ginger Ale 250ml,Rp9.500,9500.0
sirup,MARJAN SYRUP BOUDOIN MARKISA 460 ML,Rp26.890,26890.0
sirup,MARJAN SQUASH COCOPANDAN 425 ML,Rp14.850,14850.0
sirup,MARJAN SYRUP ORANGE SQUASH 425 ML,Rp16.100,16100.0
sirup,MARJAN SYRUP BOUDOIN LYCHEE 460 ML,Rp28.250,28250.0
sirup,MARJAN SYRUP ORANGE SQUASH 425 ML,Rp16.100,16100.0
sirup,MARJAN SYRUP BOUDOIN ROSEN 460 ML,Rp22.650,22650.0
sirup,MARJAN SYRUP BOUDOIN LEMON 460 ML,Rp26.700,26700.0
sirup,MARJAN SYRUP BOUDOIN VANILA 460 ML,Rp26.700,26700.0
sirup,FREISS SYRUP FRAMBOZEN 460 ML,Rp20.990,20990.0
sirup,Health Today Premium Fruit Mix Blackcurrant (Puree Buah Blackcurrant),Rp232.000,232000.0
sirup,MARJAN SYRUP BOUDOIN LEMON 460 ML,Rp24.990,24990.0
sirup,Silex Sirup 100 ml,Rp118.609,118609.0
sirup,MARJAN SYRUP BOUDOIN FRUIT POUCH 460 ML,Rp24.990,24990.0
sirup,MARJAN SYRUP BOUDOIN LYCHEE 460 ML,Rp24.990,24990.0
sirup,Coffee Cream Syrup Delifru 500 ml - Sirup Krim Kopi Premium,Rp63.550,63550.0
sirup,Sunquick Syrup Standart Mandarin 330 Ml,Rp36.050,36050.0
sirup,MARJAN SYRUP FRUITPUCH SQUASH 450 ML,Rp13.190,13190.0
sirup,MARJAN BOUDOIN STRAWBERRY 460 ML,Rp24.990,24990.0
sirup,Woods Peppermint Antitussive Sirup 100 ml,Rp52.812,52812.0
sirup,DRiPP - Sauce Caramel 500 ML - Topping Saus Karamel,Rp67.700,67700.0
sirup,Genova - Syrup Vanilla 750ml - Sirup Minuman Rasa Vanila,Rp113.000,113000.0
sirup,DO NOT ORDER LocknLock x Tropicana Slim Minyak Sunflower 946ml Free Gift,Rp999.999,999999.0
sirup,Monin - Syrup Lychee (700 ML) - Sirup Minuman Rasa Buah Leci cocok untuk Horeca,Rp184.000,184000.0
sirup,Syrup Blue Lagoon Delifru 1000 ml - Sirup Minuman Jeruk Biru Premium,Rp116.400,116400.0
sirup,Syrup Mixed Berries Delifru 500 ml - Sirup Aneka Buah Beri Premium,Rp63.550,63550.0
sirup,Rose Syrup Delifru 500 ml - Sirup Bunga Mawar Premium,Rp63.549,63549.0
sirup,Syrup Dry Bitter Orange Delifru 1 Liter - Sirup Jeruk Kering Pahit Premium,Rp119.990,119990.0
sirup,DRiPP Hazelnut Flavour Syrup 760 ML - Sirup Minuman Rasa Kacang Hazel cocok untuk Horeca / Horeka,Rp115.500,115500.0
sirup,DRiPP Vanilla Flavour Syrup 760 ML - Sirup Minuman Rasa Vanila cocok untuk Horeca / Horeka,Rp115.500,115500.0
sirup,Syrup Palm Sugar Delifru 1000 ml - Sirup Gula Aren Premium,Rp59.113,59113.0
sirup,Delifru Lychee Fruit Mix Puree - Puree Leci 1 Kg,Rp107.500,107500.0
sirup,DRiPP Peach Syrup - Sirup Rasa Buah Persik Untuk Kafe/Bisnis/Rumahan,Rp108.780,108780.0
sirup,Neo Kaolana Sirup 120 ml,Rp27.282,27282.0
sirup,DRiPP Caramel Syrup 760ml - Sirup Minuman Rasa Karamel cocok untuk Horeca,Rp115.500,115500.0
sirup,DRiPP Homecafe Syrup Butterscotch 100 ML - Minuman Sirup,Rp35.500,35500.0
sirup,Marjan Boudoin Sirup Cocopandan 460 ml Sayurbox,Rp31.300,31300.0
sirup,Crystal Club Tequila 700ml,Rp217.000,217000.0
sirup,Hendrick's Gin 200ml - Tipsy Bro,Rp469.000,469000.0
sirup,Polysilane Sirup 100 ml,Rp30.800,30800.0
sirup,DOUBLE FRESH MANGO SYRUP 650 ML,Rp38.990,38990.0
sirup,MARJAN SYRUP LYCHEE SQUASH 425 ML,Rp14.450,14450.0
sirup,DRiPP Coconut Sugar Flavour Syrup 760 ML - Sirup Minuman Rasa Gula Kelapa beda dengan Gula Aren cocok untuk Horeca / Horeka,Rp115.500,115500.0
sirup,Syrup Caramel Sirup karamel La Terra,Rp118.750,118750.0
sirup,Mixed Berries Puree Fruit Mix Delifru 1 Kg - Puree Mix Berries Premium,Rp107.990,107990.0
sirup,Grape Syrup Delifru 1 Liter - Sirup Anggur Premium,Rp119.990,119990.0
sirup,MultiBev - Syrup Lychee Bottle 500ml - Sirup Minuman,Rp55.000,55000.0
sirup,MARJAN SYRUP ORANGE SQUASH 425 ML,Rp16.100,16100.0
sirup,Pandan Jelly Dessert Kopi Susu (Caffe Latte) 500ml,Rp45.000,45000.0
sirup,MARJAN SYRUP MANGO SQUASH 425 ML,Rp14.450,14450.0
sirup,MARJAN SYRUP BOUDOIN MARKISA 460 ML,Rp27.700,27700.0
sirup,MARJAN SYRUP MELON SQUASH 425 ML,Rp14.890,14890.0
sirup,DRiPP Elderflower Syrup 760ml - Sirup Minuman Rasa Bunga Elder cocok untuk Horeca,Rp115.500,115500.0
sirup,DRiPP Mint Syrup 760ml - Sirup Minuman Rasa Mint cocok untuk Horeca,Rp115.500,115500.0
sirup,Genova - Syrup Tiramisu 750ml - Sirup Minuman Rasa Tiramisu,Rp115.500,115500.0
sirup,Delifru Cream Cheese Syrup 500 Ml - Sirup Krim Keju Premium,Rp63.550,63550.0
sirup,Banana Syrup Delifru 500 ml - Sirup Pisang Premium,Rp63.549,63549.0
sirup,Krazy Stevia Syrup 0 kalori Paket Sample 30 mlx12 pcs | Sirup Cair Minuman Diabetes Keto,Rp100.000,100000.0
sirup,DRiPP Caramel Flavour Syrup 760 ML - Sirup Minuman Rasa Karamel cocok untuk Horeca / Horeka,Rp115.500,115500.0
sirup,DRiPP Strawberry Flavour Syrup 760 ML - Sirup Minuman Rasa Buah Stroberi cocok untuk Horeca / Horeka,Rp115.500,115500.0
sirup,Monin - Strawberry Puree Fruitmix (1L) - Sirup Minuman Rasa Stroberi cocok untuk Horeca,Rp393.000,393000.0
sirup,Monin - Syrup Salted Caramel (700 ML) - Sirup Minuman Rasa Karamel Asin cocok untuk Horeca,Rp184.000,184000.0
sirup,Paket Bundling Syrup Delifru 2L Sirup Banana 1L + Hazelnut 1L,Rp239.796,239796.0
sirup,Paket Bundling Syrup 2L Delifru Sirup Salted Caramel 1L + Hazelnut 1L,Rp239.796,239796.0
sirup,MARJAN SYRUP ORANGE SQUASH 425 ML,Rp13.990,13990.0
sirup,Mc Donald Vodka 500ml - Tipsy Tales,Rp60.000,60000.0
sirup,Syrup Roasted Barley Delifru 1000 ml - Sirup Jelai Panggang Premium,Rp119.990,119990.0
sirup,Syrup Roasted Almond Delifru 500 Ml - Sirup Kacang Almond Panggang Premium,Rp63.550,63550.0
sirup,Raisin Syrup Delifru 1 Liter - Sirup Rum Raisin / Kismis Premium,Rp119.990,119990.0
sirup,Syrup Osaka Brown Sugar Delifru 1000 ml - Sirup Gula Merah Premium Minuman Strawberry,Rp119.990,119990.0
sirup,Syrup Blue Lagoon Delifru 500 ml - Sirup Kurasao Biru Premium,Rp63.550,63550.0
sirup,Syrup Tiramisu Delifru 1000 ml - Sirup Kue Tiramisu Premium Gula Minuman,Rp119.990,119990.0
sirup,Grapefruit Syrup Delifru 1 Liter - Sirup Jeruk Bali Premium,Rp119.990,119990.0
sirup,DRiPP Homecafe Syrup Elderflower 100 ML - Minuman Sirup,Rp35.500,35500.0
sirup,Perjamuan Sacramental Drink 1 Liter - MTD002,Rp72.000,72000.0
sirup,Cape Discovery Chardonnay 750ml,Rp225.000,225000.0
sirup,Beer bottle opener - Tipsy Tales,Rp65.000,65000.0
sirup,Silex Sirup 100 ml,Rp118.609,118609.0
sirup,MARJAN SYRUP BOUDOIN FRUIT POUCH 460 ML,Rp24.990,24990.0
sirup,MARJAN SYRUP BOUDOIN LYCHEE 460 ML,Rp24.990,24990.0
sirup,Coffee Cream Syrup Delifru 500 ml - Sirup Krim Kopi Premium,Rp63.550,63550.0
sirup,Sunquick Syrup Standart Mandarin 330 Ml,Rp36.050,36050.0
sirup,DRiPP Coconut Flavour Syrup 760 ML - Sirup Minuman Rasa Buah Kelapa cocok untuk Horeca / Horeka,Rp115.500,115500.0
sirup,ABC SPECIAL GRADE COCOPANDAN 460 ML,Rp29.990,29990.0
sirup,Monin - Yuzu Puree Fruitmix (1L) - Sirup Minuman Rasa Yuzu cocok untuk Horeca,Rp525.000,525000.0
sirup,MARJAN SQUASH COCOPANDAN 425 ML,Rp14.850,14850.0
sirup,FREISS SYRUP FRAMBOZEN 460 ML,Rp20.600,20600.0
sirup,Madurasa Lime Flavor Sachet,Rp3.400,3400.0
sirup,Delifru Zero Calorie Free Sugar Lychee Syrup 1 Liter - Sirup Bebas Gula 0 Kalori Leci,Rp130.000,130000.0
sirup,MultiBev - Syrup Caramel Bottle 500ml - Perasa Minuman Sirup Rasa Karamel cocok untuk HORECA,Rp55.000,55000.0
sirup,Sunquick Syrup Standart Mandarin 330 Ml,Rp40.650,40650.0
sirup,Genova - Syrup Peach 750ml - Sirup Minuman Rasa Persik,Rp115.500,115500.0
sirup,Chivas XV 15 YO Gold Limited Edition Blended Scotch Whisky 700ml,Rp900.000,900000.0
sirup,Genova - Syrup Butterscoth 750ml - Sirup Minuman Rasa Butterscotch,Rp113.000,113000.0
sirup,MARJAN SYRUP ORANGE SQUASH 425 ML,Rp14.450,14450.0
sirup,MARJAN SYRUP BOUDOIN MELON 460 ML,Rp26.700,26700.0
sirup,MARJAN SYRUP BOUDOIN PISANG SUSU 460 ML,Rp26.700,26700.0
sirup,Alco Plus DMP Sirup 100 ml,Rp60.108,60108.0
sirup,Paket Bundling Syrup Delifru 2L Sirup Vanilla 1L + Sirup Grapefruit 1L,Rp239.796,239796.0
sirup,Delifru Butterfly Pea Syrup 1 Liter - Sirup Bunga Telang,Rp119.899,119899.0
sirup,Delifru Butterfly Pea Syrup 500 ml - Sirup Bunga Telang,Rp63.550,63550.0
sirup,DRiPP Sakura Syrup 760 ML - Sirup Minuman Rasa Bunga Sakura cocok untuk Horeca,Rp115.500,115500.0
sirup,MARJAN BOUDOIN STRAWBERRY 460 ML,Rp24.990,24990.0
sirup,MARJAN SYRUP BOUDOIN MELON 460 ML,Rp24.990,24990.0
sirup,Marjan Syrup Org Squash 450Ml,Rp13.990,13990.0
sirup,ABC SPECIAL GRADE COCOPANDAN 460 ML,Rp30.100,30100.0
sirup,Grenadine Syrup Delifru 500 ml - Sirup Delima Premium,Rp63.550,63550.0
sirup,SUNQUICK SYRUP STANDART MANDARIN 300 ML,Rp36.050,36050.0
sirup,Syrup Mango Delifru 1000 ml - Sirup Buah Mangga Premium,Rp116.400,116400.0
sirup,Delifru Strawberry Fruit Mix Puree - Puree Strawberry Fruit Mix 1 Kg,Rp107.890,107890.0
sirup,Monin - Syrup Grenadine (700 ML) - Sirup Minuman Rasa cocok untuk Horeca,Rp145.000,145000.0
sirup,Walsh 50 Negroni (Orange),Rp245.000,245000.0
sirup,DRiPP Apple Malang Syrup 760ml - Sirup Minuman Rasa Apel Malang cocok untuk Horeca,Rp115.500,115500.0
sirup,PROMOSI HSD Black Garlic Drink Original.,Rp100.000,100000.0
sirup,Silex Sirup 100 ml,Rp118.609,118609.0
sirup,Sunquick Syrup Standart Mandarin 330 Ml,Rp39.150,39150.0
sirup,Sunquick Syrup Standart Mandarin 330 Ml,Rp36.050,36050.0
sirup,FREISS SYRUP MELON 460 ML,Rp20.990,20990.0
sirup,Marjan Syrup Boudoin Melon 460Ml,Rp24.990,24990.0
sirup,Denali - Syrup Mojito Mint 750ml - Minuman Sirup,Rp109.000,109000.0
sirup,MARJAN SYRUP BOUDOIN ROSEN 460 ML,Rp24.990,24990.0
sirup,Lychee Puree Fruit Mix Delifru 1 Kg - Puree Leci Premium,Rp107.990,107990.0
sirup,Pop Corn Syrup Delifru 500 ml - Sirup Popcorn Premium,Rp63.550,63550.0
sirup,DRiPP Coconut Sugar Syrup 760ml - Sirup Minuman Rasa Gula Kelapa beda dengan Gula Aren cocok untuk Horeca,Rp115.500,115500.0
sirup,MARJAN SYRUP MANGO SQUASH 425 ML,Rp13.990,13990.0
sirup,MARJAN SYRUP BOUDOIN VANILA 460 ML,Rp24.990,24990.0
sirup,MARJAN SYRUP BOUDOIN MOCA 460 ML,Rp25.290,25290.0
sirup,DRiPP Honey Flavour Syrup 760 ML - Sirup Minuman Rasa Madu cocok untuk Horeca / Horeka,Rp115.500,115500.0
sirup,Mixed Berries Syrup Delifru 1 Liter - Sirup Aneka Buah Beri Premium,Rp119.990,119990.0
sirup,MARJAN SYRUP BOUDOIN LYC 460 ML,Rp24.990,24990.0
sirup,Paket Bundling Syrup Delifru 2L Sirup Blue Lagoon + Mixed Berries 1L,Rp239.796,239796.0
sirup,DRiPP Coconut Syrup - Perasa Minuman Berbentuk Sirup Kelapa Untuk Kafe dan Restoran,Rp105.450,105450.0
sirup,Syrup Elderflower Delifru 500 ml - Sirup Bunga Elder Premium,Rp63.550,63550.0
sirup,Syrup Calamansi Delifru 1000 ml - Sirup Jeruk Kalamansi Premium,Rp119.990,119990.0
sirup,Syrup Cotton Candy Delifru 500 ml - Sirup Permen Kapas Premium,Rp63.550,63550.0
sirup,DRiPP Butterscotch Flavour Homecafe Syrup 100 ML - Sirup Minuman Rasa Butterscotch cocok untuk Horeca / Horeka,Rp35.500,35500.0
sirup,DRiPP - Syrup Lemonade 100 ML - Minuman Sirup | Homecafe,Rp35.500,35500.0
sirup,Paket Bundling Syrup Delifru 2L Sirup Blue Lagoon 1L + Lemonade 1L,Rp239.796,239796.0
sirup,Marjan Sirup Squash Melon Botol 425 ml,Rp12.100,12100.0
sirup,DRiPP Pear Syrup - Sirup Rasa Pir Untuk Kafe/Bisnis,Rp113.190,113190.0
sirup,MARJAN SYRUP BOUDOIN MOCA 460 ML,Rp26.700,26700.0
sirup,MARJAN SYRUP SIRSAK SQUASH 450 ML,Rp13.990,13990.0
sirup,Delifru Syrup Blue Lagoon - Sirup Jeruk Biru 1 Liter,Rp119.990,119990.0
sirup,MARJAN BOUDOIN COCOPANDAN 460ML,Rp26.700,26700.0
sirup,Sunquick Syrup Standart Mandarin 330 Ml,Rp36.050,36050.0
sirup,ABC SPECIAL GRADE COCOPANDAN 460 ML,Rp30.100,30100.0
sirup,Remy Martin XO Cognac 700ml,Rp2.950.000,2950000.0
sirup,MARJAN SYRUP MELON SQUASH 450 ML,Rp14.450,14450.0
sirup,MARJAN SIRUP WITH MILK MLN 460 ML,Rp27.700,27700.0
sirup,Genova - Syrup Pandan 750ml - Sirup Minuman Rasa Pandan,Rp113.000,113000.0
sirup,Denali - Syrup Aires Coffee,Rp109.000,109000.0
sirup,DRiPP Honey Syrup 760ml - Sirup Minuman Rasa Madu cocok untuk Horeca,Rp115.500,115500.0
sirup,Mango Syrup Delifru 500 ml - Sirup Mangga Premium,Rp63.550,63550.0
sirup,DRiPP - Syrup Harum Manis Fruit Pulp 760ml - Sirup Minuman Rasa Harum Manis cocok untuk Horeca,Rp173.200,173200.0
sirup,Delifru Zero Calorie Free Sugar Hazelnut Syrup 1 Liter - Sirup Bebas Gula 0 Kalori Hazelnut,Rp130.000,130000.0
sirup,MARJAN SYRUP MANGO SQUASH 400 ML,Rp15.990,15990.0
sirup,Syrup Mango Delifru 500 ml - Sirup Buah Mangga Premium,Rp63.550,63550.0
sirup,Davinci Sirup Minuman Classic Syrup 750 Ml Classic Beverage Syrup Bebas Gluten Rendah Gula,Rp131.822,131822.0
sirup,SUNQUICK SYRUP STANDART LMN 350 ML,Rp39.150,39150.0
sirup,MARJAN SYRUP BOUDOIN MARKISA 460 ML,Rp27.690,27690.0
sirup,MARJAN SIRUP WITH MILK MLN 460 ML,Rp26.890,26890.0
sirup,MARJAN SYRUP FRUIT PUCH SQUASH 425 ML,Rp14.850,14850.0
sirup,MARJAN SYRUP SIRSAK SQUASH 425 ML,Rp14.850,14850.0
sirup,MARJAN SIRUP WITH MILK MLN 460 ML,Rp27.800,27800.0
sirup,MARJAN SYRUP BOUDOIN LEMON 460 ML,Rp26.700,26700.0
sirup,MARJAN SYRUP BOUDOIN PISANG SUSU 460 ML,Rp26.700,26700.0
sirup,MARJAN SYRUP ORANGE SQUASH 425 ML,Rp16.100,16100.0
sirup,FREISS SYRUP COCOPANDAN 460 ML,Rp20.600,20600.0
sirup,MARJAN SYRUP BOUDOIN MARKISA 460 ML,Rp26.890,26890.0
sirup,MARJAN SQUASH COCOPANDAN 450 ML,Rp14.850,14850.0
sirup,DOUBLE FRESH MANGO SYRUP 650 ML,Rp41.200,41200.0
sirup,DRiPP Tiramisu Syrup 760ml - Perasa Minuman Sirup Rasa Tiramisu cocok untuk Horeca,Rp115.500,115500.0
sirup,MARJAN SYRUP BOUDOIN FRUIT POUCH 460 ML,Rp24.990,24990.0
sirup,DRiPP Osmanthus Flavour Syrup 760 ML - Sirup Minuman Rasa Bunga Osmanthus cocok untuk Horeca / Horeka,Rp115.500,115500.0
sirup,Delifru Dry Bitter Orange Syrup 500 ml - Sirup Jeruk Kering Pahit,Rp63.550,63550.0
sirup,Monalli Syrup - 750 mL Butterscotch Syrup / Sirup Butterscotch Premium / Sirup Kopi / Sirup Minuman Rasa / Sirup Mocktail,Rp91.300,91300.0
sirup,Delifru Pistachio Syrup 500 Ml - Sirup Kacang Pistachio,Rp63.549,63549.0
sirup,Pediagrow Sirup 200 ml,Rp66.500,66500.0
sirup,Prome Sirup 60 ml,Rp44.300,44300.0
sirup,M+SUSU rasa Original Minuman Energi Serbuk,Rp11.000,11000.0
sirup,Syrup Lychee Sirup Leci La Terra,Rp118.750,118750.0
sirup,Raisin Syrup Delifru 1 Liter - Sirup Kismis / Rum Raisin,Rp119.990,119990.0
sirup,DRiPP - Syrup Strawberry 760ml - Minuman Sirup,Rp115.500,115500.0
sirup,DRiPP Banana Syrup 760 ML - Sirup Minuman Rasa Buah Pisang cocok untuk Horeca,Rp115.500,115500.0
sirup,DRiPP - Syrup Blueberry Fruit Pulp 760ml - Sirup Minuman Rasa Bluberi cocok untuk Horeca,Rp173.200,173200.0
sirup,MARJAN SYRUP BOUDOIN PISANG SUSU 460 ML,Rp26.700,26700.0
sirup,MARJAN BOUDOIN COCOPANDAN 460ml,Rp28.250,28250.0
sirup,SUNQUICK SYRUP STANDART MANDARIN 300 ML,Rp40.990,40990.0
sirup,DRiPP Cinnamon Flavour Syrup 760 ML - Sirup Minuman Rasa Kayu Manis cocok untuk Horeca,Rp115.500,115500.0
sirup,Syrup Zero Calorie Sugar Free Hazelnut Delifru 1 Liter - Sirup Bebas Gula 0 Kalori Kacang Hazelnut,Rp117.000,117000.0
sirup,Delifru Syrup Cucumber - Sirup Timun 500 ml,Rp63.550,63550.0
sirup,DRiPP Rose Flavour Homecafe Syrup 100 ML - Sirup Minuman Rasa Bunga Mawar cocok untuk Horeca / Horeka,Rp35.500,35500.0
sirup,Tropicana Slim Sirup Paket 2 Rasa (Orange & Cocopandan),Rp73.200,73200.0
sirup,Syrup Zero Calorie Sugar Free Lychee Delifru 1 Liter - Sirup Bebas Gula 0 Kalori Leci,Rp117.000,117000.0
sirup,DHT Special Bundle - Sirup DHT Rasa Pisang Ambon 620ml (3Pcs),Rp135.500,135500.0
sirup,Syrup Butterscotch Delifru 500 ml - Sirup Gula Mentega Premium,Rp61.500,61500.0
sirup,DRiPP Homecafe - Syrup Rose 100 ML - Sirup Minuman Rasa Bunga Mawar cocok untuk Horeca,Rp35.500,35500.0
sirup,Marjan Sirup Squash Orange 450 ml,Rp18.900,18900.0
sirup,Bundle - 2 x ABC Sirup Squash Delight Orange 460 ml,Rp42.399,42399.0
sirup,Syrup Cotton Candy Delifru 1000 ml - Sirup Permen Kapas Premium Gula Manis,Rp119.990,119990.0
sirup,Paket Bundling Syrup Delifru 2L Sirup Hazelnut 1L + Coffee Cream 1L,Rp239.796,239796.0
sirup,FREISS SYRUP LECY 460 ML - SIRUP,Rp13.990,13990.0
sirup,MARJAN SYRUP MELON SQUASH 425 ML,Rp14.850,14850.0
sirup,MARJAN SYRUP BOUDOIN LYCHEE 460 ML,Rp26.700,26700.0
sirup,MARJAN SYRUP FRUIT PUCH SQUASH 425 ML,Rp14.850,14850.0
sirup,Rose Syrup Delifru 500 ml - Sirup Bunga Mawar Premium,Rp63.550,63550.0
sirup,DRiPP Homecafe - Syrup Lychee 100 ML - Sirup Minuman Rasa Buah Leci,Rp35.500,35500.0
sirup,Delifru Syrup Blue Lagoon - Sirup Jeruk Biru 1 Liter,Rp119.990,119990.0
sirup,MARJAN BOUDOIN COCOPANDAN 460ML,Rp26.700,26700.0
sirup,Sunquick Syrup Standart Mandarin 330 Ml,Rp36.050,36050.0
sirup,ABC SPECIAL GRADE COCOPANDAN 460 ML,Rp30.100,30100.0
sirup,Remy Martin XO Cognac 700ml,Rp2.950.000,2950000.0
sirup,Rose Syrup Delifru 500 ml - Sirup Bunga Mawar Premium,Rp63.550,63550.0
sirup,Neo Kaolana Sirup 120 ml,Rp27.282,27282.0
sirup,Sunquick Syrup Standart Mandarin 330 Ml,Rp36.050,36050.0
sirup,MARJAN SYRUP BOUDOIN ROSEN 460 ML,Rp25.290,25290.0
sirup,DRiPP - Syrup Pistachio 760ml - Minuman Sirup,Rp115.500,115500.0
sirup,DRiPP Vanilla Syrup 760ml - Perasa Minuman Sirup Rasa Vanila cocok untuk Horeca,Rp115.500,115500.0
sirup,DRiPP Palm Sugar Syrup 760ml - Sirup Minuman Rasa Gula Aren cocok untuk Horeca,Rp115.500,115500.0
sirup,Syrup Roasted Almond Delifru 1 Liter - Sirup Kacang Almond Panggang Premium,Rp119.990,119990.0
sirup,Syrup Banana Delifru 1000 ml - Sirup Pisang Premium,Rp119.990,119990.0
sirup,Bubble Gum Syrup Delifru 1 Liter - Sirup Permen Karet Premium,Rp119.990,119990.0
sirup,Twin Pack: Tropicana Slim Sirup Orange 750ml,Rp73.200,73200.0
sirup,Paket Bundling Syrup Delifru 2L Sirup Pandan 1L + Osaka Brown Sugar 1L,Rp239.796,239796.0
sirup,Flavoured Syrup Dorata Hazelnut 750ML,Rp110.000,110000.0
sirup,Flavoured Syrup Dorata Lychee 750ML,Rp110.000,110000.0
sirup,MultiBev - Chocolate Powder 1 Kg - Bubuk Minuman Rasa Coklat,Rp124.000,124000.0
sirup,FREISS SYRUP LECY 460 ML - SIRUP,Rp13.990,13990.0
sirup,MARJAN SYRUP BOUDOIN LYCHEE 460 ML,Rp26.700,26700.0
sirup,MARJAN SYRUP FRUIT PUCH SQUASH 425 ML,Rp14.850,14850.0
sirup,MARJAN SYRUP MELON SQUASH 425 ML,Rp14.850,14850.0
sirup,Lychee Syrup Delifru 1 Liter - Sirup Leci Premium,Rp119.990,119990.0
sirup,Monin - Syrup Rose (700 ML) - Sirup Minuman Rasa Bunga Mawar cocok untuk Horeca,Rp184.000,184000.0
sirup,Actifed Sirup 60 ml (Kuning),Rp75.037,75037.0
sirup,Monin - Syrup Roasted Hazelnut (700 ML) - Sirup Minuman Rasa Kacang Hazel Panggang cocok untuk Horeca,Rp184.000,184000.0
sirup,MARJAN SYRUP MELON SQUASH 425 ML,Rp14.850,14850.0
sirup,DRiPP - Minuman Sirup Fruit Flavours Series 100 ML - New Home Package,Rp226.000,226000.0
sirup,Daesang Chung Jung One Corn Syrup- Mulyot- Sirup Jagung 5Kg,Rp236.000,236000.0
sirup,Arak Bali Dewi Sri 350ml - Tipsy Bro,Rp178.000,178000.0
sirup,MARJAN SYRUP BOUDOIN LEMON 460 ML,Rp26.690,26690.0
sirup,MARJAN SIRUP WITH MILK MLN 460 ML,Rp26.990,26990.0
sirup,MARJAN SYRUP LYCHEE SQUASH 425 ML,Rp14.450,14450.0
sirup,FREISS SYRUP FRAMBOZEN 460 ML,Rp20.600,20600.0
sirup,MARJAN SYRUP BOUDOIN MOCA 460 ML,Rp26.690,26690.0
sirup,MARJAN SYRUP MELON SQUASH 425 ML,Rp14.450,14450.0
sirup,MARJAN SYRUP MELON SQUASH 425 ML,Rp14.450,14450.0
sirup,MARJAN SYRUP BOUDOIN MELON 460 ML,Rp24.990,24990.0
sirup,MARJAN SYRUP JAMBU SQUASH 425 ML,Rp13.990,13990.0
sirup,Monin - Syrup Frosted Mint (700 ML) - Sirup Minuman Rasa cocok untuk Horeca,Rp184.000,184000.0
sirup,DHT Special Bundle - Sirup DHT Rasa Pisang Ambon 2Liter (2Pcs),Rp325.000,325000.0
sirup,Delifru Zero Calorie Free Sugar Plain Syrup 1 Liter - Sirup Bebas Gula 0 Kalori Original,Rp90.000,90000.0
sirup,FREISS SYRUP FRAMBOZEN 460 ML,Rp20.990,20990.0
sirup,MARJAN SYRUP MELON SQUASH 425 ML,Rp13.990,13990.0
sirup,MARJAN SYRUP BOUDOIN ROSEN 460 ML,Rp26.700,26700.0
sirup,DRiPP - Syrup Cinnamon 760ml - Perasa Minuman Sirup Rasa Kayu Manis cocok untuk HORECA,Rp115.500,115500.0
sirup,DRiPP Sakura Flavour Homecafe Syrup 100 ML - Sirup Minuman Rasa Bunga Sakura cocok untuk Horeca / Horeka,Rp35.500,35500.0
sirup,DRiPP Cream Cheese Flavour Syrup 760 ML - Sirup Minuman Rasa Keju Krim cocok untuk Horeca / Horeka,Rp115.500,115500.0
sirup,Calamansi Syrup Delifru 500 ml - Sirup Jeruk Kalamansi Premium,Rp63.550,63550.0
sirup,MARJAN SYRUP FRUIT PUCH SQUASH 425 ML,Rp13.990,13990.0
sirup,Denali - Syrup Lemon 750ml - Minuman Sirup,Rp109.000,109000.0
sirup,Delifru Syrup Blue Lagoon - Sirup Jeruk Biru 1 Liter,Rp119.990,119990.0
sirup,Woods Peppermint Antitussive Sirup 100 ml,Rp51.096,51096.0
sirup,[KHUSUS INSTANT SAMEDAY] DHT Sirup Rasa Pisang Ambon 2Liter Sirup Merah Asli Makassar,Rp160.000,160000.0
sirup,MARJAN SQUASH COCOPANDAN 450 ML,Rp14.390,14390.0
sirup,Pistachio Sauce Delifru 1 Kg - Topping Minuman Saus Kacang Pistachio Premium,Rp127.990,127990.0
sirup,Mojito Mint Syrup Delifru 1 Liter - Sirup Mint Premium,Rp119.990,119990.0
sirup,Ice Bag Frizzy Blast - Tipsy Tales,Rp105.000,105000.0
sirup,Paket Bundling Syrup Delifru 2L Sirup Butterscotch 1L + Banana 1L,Rp239.796,239796.0
sirup,Paket Bundling Syrup Delifru 2L Sirup Peach 1L + Grenadine 1L,Rp239.796,239796.0
sirup,DHT Special Bundle - Sirup DHT Pisang Ambon 620ml (2Pcs),Rp89.000,89000.0
sirup,Coffee Cream Syrup Delifru 1 Liter - Sirup Krim Kopi Premium,Rp119.990,119990.0
sirup,DRiPP Lychee Syrup ( Sirup Leci ),Rp88.185,88185.0
sirup,Coffee Cream Syrup Delifru 500 ml - Sirup Krim Kopi Premium,Rp63.550,63550.0
sirup,Pandan Jelly Dessert Kopi Susu (Caffe Latte) 500ml,Rp45.000,45000.0
sirup,Woods Peppermint Antitussive Sirup 100 ml,Rp51.096,51096.0
sirup,MARJAN SYRUP BOUDOIN FRUIT POUCH 460 ML,Rp24.990,24990.0
sirup,Beer bottle opener - Tipsy Tales,Rp65.000,65000.0
sirup,DRiPP Guava Flavour Syrup 760 ML - Sirup Minuman Rasa Buah Jambu Biji cocok untuk Horeca / Horeka - NEW,Rp115.500,115500.0
sirup,Keraton - Sari Jahe Cair 48 Sachet [Bundling Isi 12 Sachet dan Free Tumblr],Rp144.800,144800.0
sirup,DRiPP - Minuman Sirup Fruit Flavours Series 100 ML - New Home Package,Rp222.000,222000.0
sirup,MARJAN SYRUP MANGO SQUASH 425 ML,Rp14.450,14450.0
sirup,Sunquick Syrup Standart Mandarin 330 Ml,Rp36.990,36990.0
sirup,ABC Special Grade Cocopandan 485Ml,Rp30.900,30900.0
sirup,Sunquick Syrup Standart Org 330 Gr,Rp36.990,36990.0
sirup,Sunquick Syrup Standart Org 330 Gr,Rp37.990,37990.0
sirup,MARJAN SYRUP STRAWBERRY SQUASH 425 ML,Rp14.850,14850.0
sirup,Arcadia Raspberry Anggur Buah 600ml,Rp89.000,89000.0
sirup,Syrup Vanilla Sirup Vanila La Terra,Rp118.750,118750.0
sirup,Cotton Candy Syrup Delifru 1 Liter - Sirup Permen Kapas Premium,Rp119.990,119990.0
sirup,DRiPP - Syrup Mint 760ml - Minuman Sirup Rasa Mint,Rp115.500,115500.0
sirup,MARJAN SYRUP BOUDOIN LYCHEE 460 ML,Rp27.390,27390.0
sirup,Silex Sirup 100 ml,Rp118.609,118609.0
sirup,MARJAN SYRUP BOUDOIN LYC 460 ML,Rp25.890,25890.0
sirup,Hazelnut Syrup Delifru 1 Liter - Sirup Hazelnut Premium,Rp95.990,95990.0
sirup,Vanilla Syrup Delifru 1 Liter - Sirup Vanilla Premium,Rp116.400,116400.0
sirup,Monin - Syrup Blue Lagoon (700 ML) - Sirup Minuman Rasa Blue Curacao,Rp184.000,184000.0
sirup,DRiPP Kiwi Fruit Pulp (Sirup Rasa Bubur Buah Kiwi),Rp158.175,158175.0
sirup,Paket Bundling Syrup Delifru 2L Sirup Cotton Candy 1L + Sirup Vanilla 1L,Rp239.796,239796.0
sirup,Silex Sirup 100 ml,Rp97.678,97678.0
sirup,Delifru Zero Calorie Free Sugar Caramel Syrup 1 Liter - Sirup Bebas Gula 0 Kalori Karamel,Rp130.000,130000.0
sirup,DRiPP Banana Syrup - Sirup Rasa Banana Untuk Kafe/Bisnis,Rp111.000,111000.0
sirup,Pandan Syrup Delifru 1 Liter - Sirup Daun Pandan Premium,Rp119.899,119899.0
sirup,Flavoured Syrup Dorata Caramel 750ML,Rp110.000,110000.0
sirup,Sunquick Syrup Standart Mandarin 330 Ml,Rp40.650,40650.0
sirup,DRiPP Raisin Flavour Syrup 760 ML - Sirup Minuman Rasa Kismis cocok untuk Horeca / Horeka - NEW,Rp115.500,115500.0
sirup,Guanistrep Sirup 60 ml,Rp13.777,13777.0
sirup,DOUBLE FRESH ORANGE SYRUP 650 ML,Rp35.550,35550.0
sirup,FREISS SYRUP COCOPANDAN 460 ML,Rp20.600,20600.0
sirup,MARJAN SYRUP BOUDOIN MELON 460 ML,Rp28.250,28250.0
sirup,MARJAN SYRUP MELON SQUASH 425 ML,Rp11.990,11990.0
sirup,MARJAN SYRUP BOUDOIN ROSEN 460 ML,Rp27.590,27590.0
sirup,MARJAN SYRUP FRUIT PUCH SQUASH 425 ML,Rp17.500,17500.0
sirup,MARJAN SYRUP BOUDOIN MARKISA 460 ML,Rp25.750,25750.0
sirup,Cucumber Syrup Delifru 1 Liter - Sirup Timun Premium,Rp119.990,119990.0
sirup,Dark Cherry Syrup Delifru 1 Liter - Sirup Ceri Hitam Premium,Rp119.990,119990.0
sirup,"Sirup Vanilla Gula Cair Homemade MAHAVITA 250gr - Syrup Vanilla untuk Kopi, Latte & Minuman",Rp53.000,53000.0
sirup,Sari Lemon 235mL | BPOM - Premium Cold Pressed Juice Murni Lokal Asli by Rahsa Nusantara,Rp64.900,64900.0
sirup,Monin - Syrup Passion Fruit (700 ML) - Sirup Minuman Rasa Buah Markisa cocok untuk Horeca,Rp184.000,184000.0
sirup,Arcadia Melon Anggur Buah 600ml,Rp89.000,89000.0
sirup,Monin - Syrup Blueberry (700 ML) - Sirup Minuman Rasa Buah Bluberi cocok untuk Horeca,Rp184.000,184000.0
sirup,FREISS SYRUP COCOPANDAN 460 ML,Rp20.600,20600.0
sirup,Paket Bundling Syrup Delifru 2L Sirup Hazelnut 1L + Banana 1L,Rp239.796,239796.0
sirup,Genova - Syrup Hazelnut 750ml - Sirup Minuman Rasa Kacang Hazel,Rp113.000,113000.0
sirup,MARJAN SYRUP BOUDOIN MELON 460 ML,Rp26.700,26700.0
sirup,MARJAN SYRUP MELON SQUASH 450 ML,Rp14.890,14890.0
sirup,FREISS SYRUP COCOPANDAN 460 ML,Rp20.600,20600.0
sirup,NARAYA LONGAN IN HEAVY SYRUP 565 GR,Rp31.950,31950.0
sirup,MARJAN SYRUP SQUASH NANAS 425 ML,Rp14.450,14450.0
sirup,MARJAN SYRUP FRUIT PUCH SQUASH 425 ML,Rp14.850,14850.0
sirup,MARJAN SYRUP BOUDOIN LYCHEE 460 ML,Rp26.700,26700.0
sirup,MARJAN SYRUP BOUDOIN ROSEN 460 ML,Rp27.390,27390.0
sirup,Paket Bundling Syrup 2L Delifru Sirup Grenadine 1L + Peach 1L,Rp239.796,239796.0
sirup,DRiPP Palm Sugar Flavour Homecafe Syrup 100 ML - Sirup Minuman Rasa Gula Aren cocok untuk Horeca / Horeka,Rp35.500,35500.0
sirup,DRiPP Passionfruit Syrup 760ml - Sirup Minuman Rasa Buah Markisa cocok untuk Horeca,Rp115.500,115500.0
sirup,FREISS SYRUP FRAMBOZEN 460 ML,Rp20.990,20990.0
sirup,Casheli Sea Salt Caramel Sauce 100 ml Pure Butter - Saus Lezat Campuran Sea Salt Caramel & Pure Butter untuk Salad Nasi atau Saus Tambahan,Rp72.300,72300.0
sirup,[KHUSUS INSTANT SAMEDAY] DHT Sirup Rasa Pisang Ambon 620ml,Rp43.500,43500.0
sirup,Coffee Cream Syrup Delifru 500 ml - Sirup Krim Kopi Premium,Rp63.550,63550.0
sirup,Pandan Jelly Dessert Kopi Susu (Caffe Latte) 500ml,Rp45.000,45000.0
sirup,Woods Peppermint Antitussive Sirup 100 ml,Rp51.096,51096.0
sirup,MARJAN SYRUP BOUDOIN FRUIT POUCH 460 ML,Rp24.990,24990.0
sirup,Beer bottle opener - Tipsy Tales,Rp65.000,65000.0
sirup,Mc Donald Vodka 180ml - Tipsy Tales,Rp50.000,50000.0
sirup,SUNQUICK SYRUP STANDART MANDARIN 300 ML,Rp36.050,36050.0
sirup,MARJAN SYRUP LYCHEE SQUASH 425 ML,Rp13.990,13990.0
sirup,MARJAN SYRUP BOUDOIN MELON 460 ML,Rp24.990,24990.0
sirup,FREISS SYRUP ORANGE 460 ML,Rp13.990,13990.0
sirup,ABC SPECIAL GRADE COCOPANDAN 460 ML,Rp30.100,30100.0
sirup,Singabera Lemon Ginger Premix (Jahe Lemon) - 150 sachet,Rp305.250,305250.0
sirup,FREISS SYRUP MELON 460 ML,Rp20.990,20990.0
sirup,MARJAN SYRUP BOUDOIN LEMON 460 ML,Rp24.990,24990.0
sirup,Strawberry Syrup Delifru 500 ml - Sirup Strawberry Premium,Rp63.550,63550.0
sirup,MARJAN SYRUP ORANGE SQUASH 425 ML,Rp16.100,16100.0
sirup,Sirup Premium Rasa Coconut / Kelapa Flavoured Syrup 650 ml Indonesia Sirop Halal BPOM,Rp70.000,70000.0
sirup,Caramel Syrup Delifru 500 ml - Sirup Karamel Premium,Rp63.549,63549.0
sirup,MARJAN SYRUP MANGO SQUASH 425 ML,Rp12.990,12990.0
sirup,Iwalet Premium Bird Nest Concentrate Minuman Sarang Burung Walet Konsentrasi TInggi,Rp140.000,140000.0
sirup,Marjan Boudoin Cocopandan 460Ml,Rp27.390,27390.0
sirup,Paket Bundling Syrup Delifru 2L Sirup Mixed Berries + Blue Lagoon 1L,Rp239.796,239796.0
sirup,ABC SQUASH MANGGA 450 ML,Rp15.990,15990.0
sirup,Paket Bundling Syrup Delifru Sirup Butterscotch 1L + Sauce Salted Caramel 1Kg,Rp215.610,215610.0
sirup,Syrup Hazelnut Delifru 1000 ml - Sirup Minuman Kacang Hazel Premium,Rp95.810,95810.0
sirup,Grape Syrup Delifru 500 ml - Sirup Buah Anggur Premium,Rp63.550,63550.0
sirup,Mojito Mint Syrup Delifru 1 Liter - Sirup Mint Premium,Rp119.990,119990.0
sirup,Quick Fresh Squash Sari Buah Markisa 500ml,Rp63.500,63500.0
sirup,Bison Uisce Black 250ml - Tipsy tales,Rp94.000,94000.0
sirup,Mansion House Barca Rum 350ml,Rp110.000,110000.0
sirup,MARJAN SYRUP SQUASH NANAS 425 ML,Rp15.450,15450.0
sirup,MARJAN SYRUP LYCHEESQUASH 450 ML,Rp14.850,14850.0
sirup,MARJAN SYRUP MGO SQUASH 450 ML,Rp14.450,14450.0
sirup,MARJAN SQUASH COCOPANDAN 425 ML,Rp13.990,13990.0
sirup,MultiBev - Syrup Yuzu Bottle 500ml - Sirup Minuman,Rp55.000,55000.0
sirup,Madu Beeye 250ml - Bundling 3 Botol | Membantu Meredakan Mata lelah,Rp500.000,500000.0
sirup,SUNQUICK SYRUP STANDART ORG 330 GR,Rp40.650,40650.0
sirup,Monin - Syrup Popcorn (700 ML) - Sirup Minuman Rasa Popcorn cocok untuk Horeca,Rp184.000,184000.0
sirup,Prome Sirup 60 ml,Rp42.579,42579.0
sirup,FREISS SYRUP ORANGE 460 ML,Rp13.400,13400.0
sirup,MARJAN SYRUP BOUDOIN MELON 460 ML,Rp24.990,24990.0
sirup,Monin - Syrup Cucumber (700 ML) - Sirup Minuman Rasa Buah Timun cocok untuk Horeca,Rp184.000,184000.0
sirup,[KHUSUS INSTANT SAMEDAY] DHT Sirup Rasa Pisang Ambon 5Liter Sirup Merah Asli Makassar,Rp346.000,346000.0
sirup,MARJAN SYRUP LYCHEE SQUASH 425 ML,Rp13.990,13990.0
sirup,MARJAN SYRUP BOUDOIN FRUIT POUCH 460 ML,Rp24.990,24990.0
sirup,Hazelnut Syrup Delifru 500 ml - Sirup Hazelnut Premium,Rp63.549,63549.0
sirup,Monin - Syrup Osmanthus (700 ML) - Sirup Minuman Rasa Bunga Osmanthus cocok untuk Horeca,Rp184.000,184000.0
sirup,Paket Bundling Syrup Delifru 2L Sirup Caramel 1L + Raspberry 1L,Rp239.796,239796.0
sirup,1 Pcs Steva Healthy Sweet - Pemanis Alami Cair 0 Kalori 15 mL Rasa Manis Lebih Sehat Halal MUI BPOM Cocok untuk Minuman dan Makanan Harian,Rp59.200,59200.0
sirup,McDonald Vodka Mix 180ml - Tipsy Bro,Rp50.000,50000.0
sirup,Mojito Mint Syrup Delifru 500 ml - Sirup Mint Premium,Rp61.500,61500.0
sirup,Twin Pack: Tropicana Slim Sirup Leci 750ml,Rp73.200,73200.0
sirup,Flavoured Syrup Dorata Vanilla 750ML,Rp110.000,110000.0
sirup,MARJAN SYRUP BOUDOIN FRUIT POUCH 460 ML,Rp25.890,25890.0
sirup,Sirup Marjan Cocopandan 460ml FreshBox,Rp33.200,33200.0
sirup,Delifru Syrup Hibiscus - Sirup Hibiscus 1 Liter,Rp119.990,119990.0
sirup,Syrup Mixed Berries Delifru 1000 ml - Sirup Minuman Aneka Buah Beri Premium,Rp119.990,119990.0
sirup,Syrup Raspberry Delifru 1000 ml - Sirup Minuman Beri Frambos Premium,Rp119.990,119990.0
sirup,DRiPP Pandan Flavour Syrup 760 ML - Sirup Minuman Rasa Daun Pandan cocok untuk Horeca / Horeka,Rp115.500,115500.0
sirup,MultiBev - Syrup Salted Caramel Bottle 500ml - Sirup Minuman Rasa,Rp55.000,55000.0
sirup,DRiPP Peach Flavour Homecafe Syrup 100 ML - Sirup Minuman Rasa Buah Persik cocok untuk Horeca / Horeka,Rp35.500,35500.0
sirup,Melpona French Vanilla Syrup Sirup Vanili Premium Natural Organik Halal untuk Kopi Minuman,Rp24.900,24900.0
sirup,Riunite Lambrusco Emilia Amabile 750ml,Rp260.000,260000.0
sirup,FREISS SYRUP MELON 460 ML,Rp21.650,21650.0
sirup,MARJAN SYRUP LYCHEE SQUASH 425 ML,Rp14.850,14850.0
sirup,Remy Martin XO Cognac 700ml,Rp2.950.000,2950000.0
sirup,ABC SPECIAL GRADE COCOPANDAN 460 ML,Rp30.100,30100.0
sirup,MARJAN SYRUP MANGO SQUASH 425 ML,Rp14.450,14450.0
sirup,Woods Peppermint Antitussive Sirup 100 ml,Rp51.096,51096.0
sirup,Calamansi Syrup Delifru 500 ml - Sirup Jeruk Kalamansi Premium,Rp63.550,63550.0
sirup,MARJAN SIRUP WITH MILK MLN 460 ML,Rp27.700,27700.0
sirup,MARJAN SYRUP BOUDOIN MOCA 460 ML,Rp26.700,26700.0
sirup,FREISS SYRUP FRAMBOZEN 460 ML,Rp20.990,20990.0
sirup,Genova - Fruit Blend Raspberry 750ml - Sirup Minuman Rasa Raspberi,Rp124.000,124000.0
sirup,DRiPP Elderflower Flavour Syrup 760 ML - Sirup Minuman Rasa Bunga Elder cocok untuk Horeca / Horeka,Rp115.500,115500.0
sirup,DRiPP Butterscotch Flavour Syrup 760 ML - Sirup Minuman Rasa Butterscotch cocok untuk Horeca / Horeka,Rp115.500,115500.0
sirup,Freiss Syrup Coco Pandan Botol 460 mL,Rp27.350,27350.0
sirup,Woods Peppermint Antitussive Sirup 100 ml,Rp51.096,51096.0
sirup,ABC SQUASH ORANGE 450 ML - SIRUP,Rp16.500,16500.0
sirup,Syrup Lemonade Sirup Lemon La Terra,Rp118.750,118750.0
sirup,Woods Peppermint Antitussive Sirup 100 ml,Rp52.812,52812.0
sirup,DRiPP White Passionfruit Flavour Syrup 760 ML - Sirup Minuman Rasa Markisa cocok untuk Horeca,Rp115.500,115500.0
sirup,MARJAN SYRUP ORANGE SQUASH 425 ML,Rp13.990,13990.0
sirup,MARJAN SYRUP BOUDOIN MARKISA 460 ML,Rp27.990,27990.0
sirup,MARJAN SYRUP FRUIT PUCH SQUASH 425 ML,Rp13.190,13190.0
sirup,MARJAN SYRUP BOUDOIN PISANG SUSU 460 ML,Rp24.990,24990.0
sirup,MARJAN SYRUP BOUDOIN MOCA 460 ML,Rp24.990,24990.0
sirup,MARJAN SYRUP BOUDOIN MELON 460 ML,Rp24.990,24990.0
sirup,[TESTER] Sample Sirup Premium Aneka Rasa Flavoured Syrup Sirop 80 ml,Rp18.000,18000.0
sirup,Lemonade Syrup Delifru 1 Liter - Sirup Lemon Premium,Rp119.899,119899.0
sirup,DRiPP - Syrup Strawberry Fruit Pulp 760ml - Sirup Minuman Rasa Stroberi,Rp173.200,173200.0
sirup,Monin - Syrup Coconut (700 ML) - Sirup Minuman Rasa Buah Kelapa cocok untuk Horeca,Rp184.000,184000.0
sirup,Keraton - Sari Jahe Cair 48 Sachet [Bundling Isi 12 Sachet dan Free Mug],Rp144.800,144800.0
sirup,MultiBev - Syrup Lychee Bottle 500ml - Sirup Minuman Rasa Leci,Rp55.000,55000.0
sirup,Strawberry Puree Fruit Mix Delifru 1 Kg - Puree Stroberi Premium,Rp107.990,107990.0
sirup,Monin - Syrup Choco Cookies (700 ML) - Sirup Minuman Rasa Kue Coklat,Rp184.000,184000.0
sirup,MARJAN SYRUP BOUDOIN MELON 460 ML,Rp24.990,24990.0
sirup,MARJAN SQUASH COCOPANDAN 425 ML,Rp12.990,12990.0
sirup,DRiPP Pandan Syrup 760ml - Sirup Minuman Rasa Pandan cocok untuk Horeca,Rp115.500,115500.0
sirup,SIRUP CARAMEL 250ML ORIGINAL ASLI UNTUK KOPI,Rp41.000,41000.0
sirup,Syrup Pistachio Delifru 1 Liter - Sirup Kacang Pistachio Premium,Rp119.990,119990.0
sirup,DRiPP Strawberry Flavour Homecafe Syrup 100 ML - Sirup Minuman Rasa Buah Stroberi cocok untuk Horeca / Horeka,Rp35.500,35500.0
sirup,Caramel Syrup Delifru 1 Liter - Sirup Karamel Premium,Rp116.400,116400.0
sirup,Iwalet by Byza Nutri Indonesia,Rp180.000,180000.0
sirup,Paket 7 Hari – HSD Black Garlic Drink Original & Peach | BPOM & HALAL Minuman,Rp69.999,69999.0
sirup,Delifru Syrup Roasted Hazelnut - Sirup Roasted Hazelnut 500 ml,Rp63.550,63550.0
sirup,Bai.leys Irish Cream 750ml Botol,Rp864.000,864000.0
sirup,MARJAN BOUDOIN STRAWBERRY 460 ML,Rp26.700,26700.0
sirup,MARJAN SQUASH COCOPANDAN 425 ML,Rp14.850,14850.0
sirup,MARJAN SYRUP FRUIT PUCH SQUASH 425 ML,Rp14.850,14850.0
sirup,SUNQUICK SYRUP STANDART ORANGE 300 ML,Rp36.050,36050.0
sirup,MARJAN SYRUP BOUDOIN MELON 460 ML,Rp24.990,24990.0
sirup,Kanbai Beeru Stevia Natural Sweetener 2 x 5ml Pemanis Alami Tanpa Kalori Halal BPOM Aman untuk Diet & Diabetes,Rp80.000,80000.0
sirup,Mansion House Dry Gin 350ml,Rp110.000,110000.0
sirup,MARJAN SYRUP FRUITPUCH SQUASH 450 ML,Rp14.450,14450.0
sirup,FREISS SYRUP ORANGE 460 ML,Rp13.400,13400.0
sirup,Woods Peppermint Antitussive Sirup 100 ml,Rp37.440,37440.0
sirup,Coconut Syrup Delifru 1 Liter - Sirup Kelapa Premium,Rp119.990,119990.0
sirup,Sunfield Blue Hawaii Fruit Concentrate Syrup(Sirup Konsentrat Buah) 1L,Rp127.000,127000.0
sirup,MARJAN SYRUP BOUDOIN VANILA 460 ML,Rp24.990,24990.0
sirup,Sirup Marjan rasa Melon 460 Ml FreshBox,Rp33.200,33200.0
sirup,MARJAN BOUDOIN STRAWBERRY 460 ML,Rp26.700,26700.0
sirup,Peach Syrup Delifru 1 Liter - Sirup Persik Premium,Rp119.899,119899.0
sirup,Delifru Syrup Blue Lagoon - Sirup Jeruk Biru 500 ml,Rp63.550,63550.0
sirup,[Dikirim Dari Makassar] DHT Sirup Rasa Pisang Ambon 620ml,Rp41.500,41500.0
sirup,Elderflower Syrup Delifru 1 Liter - Sirup Bunga Elder Premium,Rp119.990,119990.0
sirup,Delifru Zero Calorie Free Sugar Peach Syrup 1 Liter - Sirup Bebas Gula 0 Kalori Persik,Rp130.000,130000.0
sirup,Monin - Syrup Strawberry (700 ML) - Sirup Minuman Rasa Buah Stroberi cocok untuk Horeca,Rp184.000,184000.0
sirup,Paket Bundling Syrup 2L Delifru Sirup Raspberry 1L + Caramel 1L,Rp239.796,239796.0
sirup,[Dikirim Dari Makassar] DHT Sirup Rasa Pisang Ambon 5Liter Sirup Merah Asli Makassar,Rp313.500,313500.0
sirup,Remy Martin XO Cognac 700ml,Rp2.950.000,2950000.0
sirup,ABC SPECIAL GRADE COCOPANDAN 460 ML,Rp30.100,30100.0
sirup,MARJAN SYRUP MANGO SQUASH 425 ML,Rp14.450,14450.0
sirup,Woods Peppermint Antitussive Sirup 100 ml,Rp51.096,51096.0
sirup,Calamansi Syrup Delifru 500 ml - Sirup Jeruk Kalamansi Premium,Rp63.550,63550.0
sirup,MARJAN SYRUP BOUDOIN PSG SUSU 460 ML,Rp25.890,25890.0
sirup,Paket Bundling Syrup 2L Delifru Sirup Raspberry 1L + Caramel 1L,Rp239.796,239796.0
sirup,Delifru Syrup Cucumber - Sirup Timun 1 Liter,Rp119.990,119990.0
sirup,Syrup Sakura Delifru 1000 ml - Sirup Bunga Sakura Premium Gula Merah,Rp119.990,119990.0
sirup,Paket Bundling Syrup 2L Delifru Sirup Kiwi 1L + Mojito Mint 1L,Rp239.796,239796.0
sirup,MARJAN SYRUP BOUDOIN LYCHEE 460 ML,Rp24.990,24990.0
sirup,Tiramisu Syrup Delifru 1 Liter - Sirup Tiramisu Premium,Rp119.990,119990.0
sirup,[KHUSUS INSTANT SAMEDAY] DHT Special Bundle - Sirup DHT Rasa Pisang Ambon 620ml (3Pcs),Rp130.500,130500.0
sirup,Monin - Syrup Caramel (700 ML) - Sirup Minuman Rasa Karamel,Rp184.000,184000.0
sirup,DRiPP Butterscotch Syrup 760ml - Sirup Minuman Rasa Butterscotch cocok untuk Horeca,Rp115.500,115500.0
sirup,Marjan Sirup Squash Melon Botol 450 ml x 3,Rp56.500,56500.0
sirup,[Dikirim Dari Makassar] DHT Sirup Rasa Pisang Ambon 2Liter Sirup Merah Asli Makassar,Rp141.500,141500.0
sirup,Paket Lengkap Promil Alami – Wight Plus Detox Jamu + Serbuk Zuriat + Madu Promil Ramuan Herbal Promil Mandiri,Rp75.285,75285.0
sirup,MARJAN SYRUP BOUDOIN LEMON 460 ML,Rp26.690,26690.0
sirup,MARJAN SYRUP SIRSAK SQUASH 425 ML,Rp12.990,12990.0
sirup,MARJAN BOUDOIN STRAWBERRY 460 ML,Rp26.700,26700.0
sirup,MARJAN SYRUP MELON SQUASH 425 ML,Rp16.500,16500.0
sirup,MARJAN SYRUP BOUDOIN ROSEN 460 ML,Rp26.700,26700.0
sirup,MARJAN SYRUP FRUIT PUCH SQUASH 425 ML,Rp12.990,12990.0
sirup,MARJAN SYRUP JAMBU SQUASH 425 ML,Rp14.850,14850.0
sirup,MARJAN SYRUP BOUDOIN PISANG SUSU 460 ML,Rp26.700,26700.0
sirup,St-Remy XO Brandy 700ml - Tipsy Tales,Rp534.000,534000.0
sirup,DRiPP Lychee Flavour Syrup 760 ML - Sirup Minuman Rasa Buah Leci cocok untuk Horeca / Horeka,Rp115.500,115500.0
sirup,Elderflower Syrup Delifru 500 ml - Sirup Bunga Elder Premium,Rp63.550,63550.0
sirup,Paket #SediaRahsa Sadajiwa | BPOM - One Shot Energy & Focus Booster | by Rahsa Nusantara,Rp136.000,136000.0
sirup,EZBRN 1 SACHET - RASA JERUK,Rp15.000,15000.0
sirup,Genova Mango Fruit Blend 750ml - Syrup / Sirup Minuman Rasa Buah Mangga cocok untuk Horeca,Rp124.000,124000.0
sirup,MARJAN SYRUP BOUDOIN MELON 460 ML,Rp26.700,26700.0
sirup,DRiPP Staranies Syrup - Best Testing Staranies Syrup Drink,Rp113.190,113190.0
sirup,DRiPP Pistachio Syrup 760ml - Sirup Minuman Rasa Kacang Pistachio cocok untuk Horeca,Rp115.500,115500.0
sirup,Sunquick Syrup Standart Mandarin 330 Ml,Rp36.050,36050.0
sirup,Sunquick Syrup Standart Mandarin 330 Ml,Rp36.050,36050.0
sirup,ABC SPECIAL GRADE MELON 485ml,Rp30.900,30900.0
sirup,Paket Bundling Energy Booster isi 10 Sadajiwa | BPOM By Rahsa Nusantara,Rp340.000,340000.0
sirup,Bubble Gum Syrup Delifru 500 ml - Sirup Permen Karet Premium,Rp63.550,63550.0
sirup,Raspberry Syrup Delifru 1 Liter - Sirup Beri Frambos Premium,Rp119.990,119990.0
sirup,MARJAN SQUASH COCOPANDAN 425 ML,Rp14.850,14850.0
sirup,DHT Special Bundle - Paket Usaha Sirup DHT Pisang Ambon 620ml (12Pcs),Rp494.000,494000.0
sirup,MultiBev - Syrup Watermelon Bottle 500ml - Sirup Minuman,Rp55.000,55000.0
sirup,Sunfield Lychee Fruit Concentrate Syrup(Sirup Konsentrat Buah Leci) 1L,Rp173.000,173000.0
sirup,Monin - Syrup Butterscotch (700 ML) - Sirup Minuman Rasa Butterscotch,Rp184.000,184000.0
sirup,Silex Sirup 100 ml,Rp97.678,97678.0
sirup,Monin - Syrup Wild Mint (250 ML) - Sirup Minuman Rasa Wild Mint,Rp89.000,89000.0
sirup,DRiPP Passionfruit Flavour Syrup 760 ML - Sirup Minuman Rasa Markisa cocok untuk Horeca / Horeka,Rp115.500,115500.0
sirup,Syrup Watermelon Delifru 500 ml - Sirup Semangka Premium,Rp63.550,63550.0
sirup,MARJAN SYRUP BOUDOIN LYCHEE 460 ML,Rp24.990,24990.0
sirup,Butterscotch Syrup Delifru 500 ml - Sirup Butterscotch Premium,Rp63.550,63550.0
sirup,MARJAN SYRUP FRUIT PUCH SQUASH 425 ML,Rp14.390,14390.0
sirup,Syrup Dry Bitter Orange Delifru 500 ml - Sirup Jeruk Kering Pahit Premium,Rp63.550,63550.0
sirup,DHT Special Bundle - Sirup DHT Rasa Pisang Ambon 620ml (4Pcs),Rp174.000,174000.0
sirup,Eigashima Japanese Whisky 700ml,Rp658.000,658000.0
sirup,Draft Beer Quart 620ml - Tipsy Tales,Rp36.000,36000.0
sirup,Jinro Ilpoom Soju - 375ml,Rp355.000,355000.0
sirup,MARJAN SYRUP ORANGE SQUASH 425 ML,Rp15.450,15450.0
sirup,Marjan Boudoin Cocopandan 460Ml,Rp28.250,28250.0
sirup,FREISS SYRUP COCOPANDAN 460 ML,Rp20.600,20600.0
sirup,Singabera Cinnamon Ginger Premix (Jahe Kayu Manis) - 150 sachet,Rp305.250,305250.0
sirup,MultiBev - Syrup Hazelnut Bottle 500ml - Sirup Minuman Rasa Kacang Hazel,Rp55.000,55000.0
sirup,Syrup Salted Caramel Sirup karamel La Terra,Rp118.750,118750.0
sirup,MARJAN SYRUP BOUDOIN MARKISA 460 ML,Rp27.700,27700.0
sirup,MARJAN SYRUP BOUDOIN FRUIT POUCH 460 ML,Rp24.990,24990.0
sirup,Pandan Jelly Dessert Kopi Susu (Caffe Latte) 500ml,Rp45.000,45000.0
sirup,ABC SPECIAL GRADE COCOPANDAN 460 ML,Rp30.100,30100.0
sirup,Calamansi Syrup Delifru 500 ml - Sirup Jeruk Kalamansi Premium,Rp63.550,63550.0
sirup,M+SUSU rasa Original Minuman Energi Serbuk,Rp11.000,11000.0
sirup,DRiPP Jasmine Syrup 760ml - Sirup Minuman Rasa Bunga Melati cocok untuk Horeca,Rp115.500,115500.0
sirup,DRiPP Jasmine Syrup - Sirup Rasa Jasmine Untuk Kafe/Bisnis,Rp91.050,91050.0
sirup,Neo Kaolana Sirup 120 ml,Rp23.611,23611.0
sirup,MARJAN SYRUP BOUDOIN PISANG SUSU 460 ML,Rp26.690,26690.0
sirup,MARJAN SYRUP BOUDOIN LYCHEE 460 ML,Rp27.590,27590.0
sirup,MARJAN SQUASH COCOPANDAN 450 ML,Rp14.450,14450.0
sirup,MARJAN SYRUP BOUDOIN MELON 460 ML,Rp25.790,25790.0
sirup,MultiBev - Syrup Mint Bottle 500ml - Sirup Minuman Rasa Mint,Rp55.000,55000.0
sirup,Delifru Syrup Calamansi - Sirup Jeruk Kalamansi 500 ml,Rp63.549,63549.0
sirup,MARJAN SYRUP BOUDOIN MOCA 460 ML,Rp27.790,27790.0
sirup,Paket Bundling Syrup Delifru 2L Sirup Lychee 1L + Watermelon 1L,Rp239.796,239796.0
sirup,FREISS SYRUP COCOPANDAN 460 ML,Rp20.990,20990.0
sirup,MARJAN SYRUP BOUDOIN MARKISA 460 ML,Rp26.890,26890.0
sirup,Mc Donald Vodka Mix 500ml,Rp70.000,70000.0
sirup,MARJAN SYRUP ORANGE SQUASH 450 ML,Rp15.590,15590.0
sirup,Syrup Pandan Delifru 500 ml - Sirup Daun Pandan Premium,Rp63.550,63550.0
sirup,Delifru Syrup Grenadine - Sirup Delima 500 ml,Rp63.550,63550.0
sirup,Special Gift Syrup Delifru 80 Ml Random Variant,Rp1.000.000,1000000.0
sirup,DRiPP Homecafe - Syrup Elderflower 100 ML - Sirup Minuman Rasa Elderflower,Rp35.500,35500.0
sirup,Syrup Caramel Delifru 500 ml - Sirup Karamel Premium,Rp47.560,47560.0
sirup,Syrup Lychee Delifru 500 ml - Sirup Leci Premium,Rp58.550,58550.0
sirup,DRiPP Sea Salt Flavour Syrup 760 ML - Sirup Minuman Rasa Asin Gurih cocok untuk Horeca / Horeka - NEW,Rp115.500,115500.0
sirup,DRiPP - Syrup Mixed Berry Fruit Pulp 760ml - Sirup Minuman Rasa Mixed Berry cocok untuk Horeca,Rp173.200,173200.0
sirup,Denali Sirup Flavour Greentea 750ml Syrup Green Tea,Rp104.500,104500.0
sirup,Wine Dragonfly Moscato 750ml,Rp293.000,293000.0
sirup,ABC SQUASH MANGGA 450 ML,Rp16.490,16490.0
sirup,DRiPP Coconut Syrup 760ml - Minuman Sirup Rasa Buah Kelapa cocok untuk Horeca,Rp115.500,115500.0
sirup,Syrup Romme Sirup Rum La Terra,Rp118.750,118750.0
sirup,Roasted Barley Syrup Delifru 500 ml - Sirup Jelai Panggang Premium,Rp63.550,63550.0
sirup,Neo Kaolana Sirup 120 ml,Rp28.125,28125.0
sirup,Delifru Roasted Almond Syrup 500 Ml - Sirup Biji Almond Panggang,Rp63.550,63550.0
sirup,Delifru Syrup Elderflower - Sirup Bunga Elder 500 ml,Rp63.550,63550.0
sirup,Otten Coffee - Syrup Pump Black,Rp160.000,160000.0
sirup,DRiPP Rose Syrup - Sirup Rasa Rose Untuk Kafe/Bisnis,Rp111.000,111000.0
sirup,DRiPP Passionfruit Syrup - Sirup Rasa Markisa Untuk Kafe/Bisnis/Rumahan,Rp108.780,108780.0
sirup,Sunquick Syrup Standart Org 330 Gr,Rp39.150,39150.0
sirup,MARJAN BOUDOIN STRAWBERRY 460 ML,Rp26.700,26700.0
sirup,MARJAN SQUASH COCOPANDAN 425 ML,Rp14.850,14850.0
sirup,MARJAN SYRUP MELON SQUASH 425 ML,Rp13.990,13990.0
sirup,MARJAN SYRUP BOUDOIN VANILA 460 ML,Rp26.700,26700.0
sirup,MARJAN SYRUP JAMBU SQUASH 425 ML,Rp14.850,14850.0
sirup,Watermelon Syrup Delifru 500 ml - Sirup Semangka Premium,Rp63.550,63550.0
sirup,Elderflower Syrup Delifru 1 Liter - Sirup Bunga Elder Premium,Rp119.990,119990.0
sirup,Rose Syrup Delifru 1 Liter - Sirup Bunga Mawar Premium,Rp119.990,119990.0
sirup,MARJAN SYRUP BOUDOIN FRUIT POUCH 460 ML,Rp24.990,24990.0
sirup,Keraton - Sari Jahe Cair Isi 5 Sachet - Sirup Jahe Sachet,Rp15.100,15100.0
sirup,FREISS SYRUP MELON 460 ML,Rp20.990,20990.0
sirup,Woods Peppermint Antitussive Sirup 100 ml,Rp52.812,52812.0
sirup,SUNQUICK SYRUP STANDART ORANGE 300 ML,Rp40.650,40650.0
sirup,DRiPP Cloves Syrup 760ml - Sirup Minuman Rasa Cengkeh cocok untuk Horeca,Rp115.500,115500.0
sirup,Alco Plus DMP Sirup 100 ml,Rp68.358,68358.0
sirup,Calamansi Syrup Delifru 1 Liter - Sirup Jeruk Kalamansi Premium,Rp119.899,119899.0
sirup,DRiPP Orange Flavour Syrup 760 ML - Sirup Minuman Rasa Orange cocok untuk Horeca / Horeka,Rp115.500,115500.0
sirup,MARJAN SYRUP MANGO SQUASH 425 ML,Rp14.850,14850.0
sirup,MARJAN SYRUP BOUDOIN LYCHEE 460 ML,Rp26.700,26700.0
sirup,Grape Syrup Delifru 1 Liter - Sirup Anggur Premium,Rp119.990,119990.0
sirup,Delifru Syrup Grape - Sirup Anggur 500 ml,Rp63.550,63550.0
sirup,Delifru Syrup French Vanilla - Sirup French Vanilla 1 Liter,Rp116.400,116400.0
sirup,Syrup Pandan Sirup La Terra,Rp118.750,118750.0
sirup,Flavoured Syrup Dorata Butterscoth 750ML,Rp110.000,110000.0
sirup,MARJAN SYRUP BOUDOIN FRUIT POUCH 460 ML,Rp24.990,24990.0
sirup,Pandan Jelly Dessert Kopi Susu (Caffe Latte) 500ml,Rp45.000,45000.0
sirup,ABC SPECIAL GRADE COCOPANDAN 460 ML,Rp30.100,30100.0
sirup,Calamansi Syrup Delifru 500 ml - Sirup Jeruk Kalamansi Premium,Rp63.550,63550.0
sirup,M+SUSU rasa Original Minuman Energi Serbuk,Rp11.000,11000.0
sirup,Paket Bundling Syrup Delifru 2L Sirup Mojito Mint 1L + Sirup Peach 1L,Rp239.796,239796.0
sirup,DRiPP - Syrup Strawberry 100 ML - Minuman Sirup | Homecafe,Rp35.500,35500.0
sirup,Peach Syrup Delifru 500 ml - Sirup Persik Premium,Rp63.549,63549.0
sirup,Suntory Sui Gin 700ml - Tipsy Tales,Rp450.000,450000.0
sirup,MARJAN SYRUP STRAWBERRY SQUASH 425 ML,Rp14.450,14450.0
sirup,MARJAN WITH MILK ORANGE 460 ML,Rp27.700,27700.0
sirup,MARJAN SYRUP BOUDOIN LYCHEE 460 ML,Rp26.690,26690.0
sirup,MARJAN SYRUP BOUDOIN PISANG SUSU 460 ML,Rp24.990,24990.0
sirup,Keraton - Sari Jahe Cair 50 Sachet [Bundling Isi 5 Sachet dan Free Tumblr],Rp151.000,151000.0
sirup,FREISS SYRUP LECY 460 ML - SIRUP,Rp13.990,13990.0
sirup,MARJAN SYRUP BOUDOIN MARKISA 460 ML,Rp27.990,27990.0
sirup,MARJAN SYRUP BOUDOIN FRUIT POUCH 460 ML,Rp26.290,26290.0
sirup,MARJAN SYRUP BOUDOIN FRUIT POUCH 460 ML,Rp27.390,27390.0
sirup,FREISS SYRUP FRAMBOZEN 460 ML,Rp20.990,20990.0
sirup,Lemonade Syrup Delifru 500 ml - Sirup Lemon Premium,Rp63.549,63549.0
sirup,Keraton - Sari Jahe Cair 50 Sachet [Bundling Isi 5 Sachet dan Free Mug],Rp151.000,151000.0
sirup,Mango Syrup Delifru 1 Liter - Sirup Mangga Premium,Rp119.899,119899.0
sirup,Paket Bundling Syrup Delifru 2L Sirup Peach 1L + Sirup Mojito Mint 1L,Rp239.796,239796.0
sirup,Tropicana Slim Sirup Orange - Sirup Bebas Gula,Rp35.800,35800.0
sirup,DRiPP - Syrup Honey 100 ML - Minuman Sirup | Homecafe,Rp35.500,35500.0
sirup,Paket Fresh Glow Combo Sari Lemon 500ml dan Olive Oil 500ml,Rp94.000,94000.0
sirup,DRiPP Frambozen Syrup ( Sirup Frambozen ),Rp105.450,105450.0
sirup,MultiBev - Syrup Salted Caramel Bottle 500ml - Sirup Minuman Rasa,Rp55.000,55000.0
sirup,MARJAN SYRUP BOUDOIN LYC 460 ML,Rp26.700,26700.0
sirup,Marjan Syrup Org Squash 450Ml,Rp15.450,15450.0
sirup,Delifru Syrup Coffee Cream - Sirup Krim Kopi 500 ml,Rp63.550,63550.0
sirup,MARJAN SYRUP BOUDOIN MELON 460 ML,Rp26.700,26700.0
sirup,MARJAN SYRUP JAMBU SQUASH 425 ML,Rp14.450,14450.0
sirup,MARJAN SYRUP LYCHEE SQUASH 425 ML,Rp14.450,14450.0
sirup,LongBeach - Syrup Tiramisu 740ml - Perasa Minuman Sirup Rasa Tiramisu cocok untuk Horeca,Rp121.500,121500.0
sirup,MARJAN SYRUP BOUDOIN PISANG SUSU 460 ML,Rp24.990,24990.0
sirup,SUNQUICK SYRUP STANDART MANDARIN 300 ML,Rp36.050,36050.0
sirup,DRiPP Rosemary Syrup 760ml - Sirup Minuman Rasa Rosemary cocok untuk Horeca,Rp115.500,115500.0
sirup,DRiPP Orange Syrup 760 ML - Sirup Minuman Rasa Orange cocok untuk Horeca,Rp115.500,115500.0
sirup,MARJAN SYRUP BOUDOIN MOCA 460 ML,Rp26.700,26700.0
sirup,Silex Sirup 100 ml,Rp97.678,97678.0
sirup,MARJAN SYRUP BOUDOIN ROSEN 460 ML,Rp24.990,24990.0
sirup,DRiPP Orange Syrup - Sirup Rasa Jeruk Untuk Kafe/Bisnis/Rumahan,Rp105.450,105450.0
sirup,ABC SQUASH DELIGHT ANGGUR 425 ML,Rp18.990,18990.0
sirup,MARJAN SYRUP FRUIT PUCH SQUASH 425 ML,Rp14.850,14850.0
sirup,Denali Sirup Flavour Peppermint 750ml Syrup,Rp104.500,104500.0
sirup,SUNQUICK SYRUP STANDART MANDARIN 300 ML,Rp36.050,36050.0
sirup,MARJAN SYRUP LYCHEE SQUASH 425 ML,Rp13.990,13990.0
sirup,MARJAN WITH MILK ORANGE 460 ML,Rp24.990,24990.0
sirup,MARJAN SYRUP BOUDOIN MARKISA 460 ML,Rp25.990,25990.0
sirup,MARJAN SYRUP ORANGE SQUASH 425 ML,Rp16.100,16100.0
sirup,Genova - Syrup Lemon 750ml - Sirup Minuman Rasa Lemon,Rp115.500,115500.0
sirup,Coffee Cream Syrup Delifru 1 Liter - Sirup Krim Kopi Premium,Rp119.990,119990.0
sirup,Denali - Syrup Salted Caramel 750ml - Sirup Minuman Rasa Karamel Asin,Rp109.000,109000.0
sirup,MARJAN SYRUP ORANGE SQUASH 425 ML,Rp13.190,13190.0
sirup,MARJAN SYRUP BOUDOIN FRUIT POUCH 460 ML,Rp24.990,24990.0
sirup,MARJAN SYRUP BOUDOIN PISANG SUSU 460 ML,Rp24.990,24990.0
sirup,DRiPP Osmanthus Syrup 760ml - Sirup Minuman Rasa Osmanthus cocok untuk Horeca,Rp115.500,115500.0
sirup,Monin - Syrup Mango (700 ML) - Sirup Minuman Rasa Buah Mangga cocok untuk Horeca,Rp184.000,184000.0
sirup,Paket Syrup 2L Delifru Sirup Osaka Brown Sugar 1L + Salted Caramel 1L,Rp239.796,239796.0
sirup,Palm Sugar Syrup Premium Health Today (Sirup Premium Rasa Gula Aren),Rp55.000,55000.0
sirup,MARJAN SYRUP BOUDOIN ROSEN 460 ML,Rp24.990,24990.0
sirup,Syrup Tiramisu Delifru 500 ml - Sirup Kue Tiramisu Premium,Rp63.550,63550.0
sirup,Syrup Lemonade Delifru 500 ml - Sirup Lemon Premium,Rp63.550,63550.0
sirup,Syrup Coconut Delifru 500 ml - Sirup Kelapa Premium,Rp63.550,63550.0
sirup,Woods Peppermint Antitussive Sirup 100 ml,Rp51.096,51096.0
sirup,Pandan Jelly Dessert Kopi Susu (Caffe Latte) 500ml,Rp45.000,45000.0
sirup,MARJAN SYRUP BOUDOIN FRUIT POUCH 460 ML,Rp24.990,24990.0
sirup,MARJAN SYRUP MANGO SQUASH 425 ML,Rp14.450,14450.0
sirup,Delifru Syrup Blue Lagoon - Sirup Jeruk Biru 1 Liter,Rp119.990,119990.0
sirup,DRiPP - Coffee Flavours Series - New Home Package - Minuman Sirup,Rp226.000,226000.0
sirup,DRiPP Homecafe Syrup Tiramisu 100 ML - Minuman Sirup,Rp35.500,35500.0
sirup,DRiPP - Syrup Pear 760ml - Minuman Sirup,Rp115.500,115500.0
sirup,Singleton 12 Years Old Glen Ord Sherry Finish Whisky 700ml,Rp940.000,940000.0
sirup,Glenkinchie 12 Years Old Single Malt Whisky 700ml,Rp1.150.000,1150000.0
sirup,Clase Azul Reposado 200ml,Rp1.950.000,1950000.0
sirup,Grenadine Syrup Delifru 500 ml - Sirup Delima Premium,Rp63.550,63550.0
sirup,MARJAN WITH MILK ORANGE 460 ML,Rp24.990,24990.0
sirup,MARJAN SYRUP BOUDOIN MARKISA 460 ML,Rp25.990,25990.0
sirup,MARJAN SYRUP LYCHEE SQUASH 425 ML,Rp13.990,13990.0
sirup,MARJAN SYRUP ORANGE SQUASH 425 ML,Rp16.100,16100.0
sirup,MARJAN SYRUP BOUDOIN MELON 460 ML,Rp28.250,28250.0
sirup,Genova - Syrup Lemon 750ml - Sirup Minuman Rasa Lemon,Rp115.500,115500.0
sirup,Paket Bundling Syrup Delifru 2L Sirup Mojito Mint 1L + Kiwi 1L,Rp239.796,239796.0
sirup,ABC Squash Orange 460 Ml,Rp12.390,12390.0
sirup,"Zeero Chocolate Syrup No Sugar, Diabetic friendly, Keto Friendly",Rp46.200,46200.0
sirup,MARJAN SYRUP BOUDOIN MELON 460 ML,Rp27.390,27390.0
sirup,DRiPP Rose Syrup 760ml - Sirup Minuman Rasa Bunga Mawar cocok untuk Horeca,Rp115.500,115500.0
sirup,DRiPP White Passionfruit Syrup - Sirup Rasa Markisa Untuk Kafe/Bisnis,Rp90.773,90773.0
sirup,MARJAN SYRUP MANGO SQUASH 425 ML,Rp13.990,13990.0
sirup,MARJAN SYRUP MELON SQUASH 425 ML,Rp14.850,14850.0
sirup,MARJAN SYRUP LYCHEESQUASH 450 ML,Rp14.450,14450.0
sirup,FREISS SYRUP ORANGE 460 ML,Rp13.400,13400.0
sirup,MARJAN SYRUP BOUDOIN MARKISA 460 ML,Rp27.700,27700.0
sirup,DRiPP - Syrup Mixed Berry Fruit Pulp 760ml - Sirup Minuman Rasa Mixed Berry,Rp173.200,173200.0
sirup,MultiBev - Syrup Orange Bottle 500ml - Sirup Minuman,Rp55.000,55000.0
sirup,Genova - Syrup Strawberry 750ml - Sirup Minuman Rasa Stroberi,Rp115.500,115500.0
sirup,Green Apple Syrup Delifru 1 Liter - Sirup Apel Hijau Premium,Rp119.899,119899.0
sirup,MARJAN SYRUP BOUDOIN ROSEN 460 ML,Rp24.990,24990.0
sirup,Hibiscus Syrup Delifru 500 ml - Sirup Hibiscus Premium,Rp63.550,63550.0
sirup,Genova - Syrup Pineapple 750ml - Sirup Minuman Rasa Nanas,Rp115.500,115500.0
sirup,DRiPP Lemonade Flavour Homecafe Syrup 100 ML - Sirup Minuman Rasa Lemon cocok untuk Horeca / Horeka,Rp35.500,35500.0
sirup,"DRiPP Peach Flavour Syrup 760 ML - Sirup Minuman Rasa Buah Persik cocok untuk Horeca / Horeka (Hotel, Restoran, dan Kafe / Cafe)",Rp115.500,115500.0
sirup,ABC SQUASH ORANGE 460 ML - SIRUP,Rp16.500,16500.0
sirup,ABC SQUASH ORANGE 450 ML,Rp16.500,16500.0
sirup,MARJAN SYRUP BOUDOIN PISANG SUSU 460 ML,Rp24.990,24990.0
sirup,MARJAN SYRUP BOUDOIN MELON 460 ML,Rp27.790,27790.0
sirup,Monin - Syrup Walnut Brownie (700 ML) - Sirup Minuman Rasa Brownies Kenari cocok untuk Horeca,Rp184.000,184000.0
sirup,DHT Sirup Rasa Pisang Ambon 5Liter - Sirup Khas Makassar,Rp352.000,352000.0
sirup,ABC SPECIAL GRADE COCOPANDAN 460 ML,Rp30.100,30100.0
sirup,MARJAN BOUDOIN STRAWBERRY 460 ML,Rp26.700,26700.0
sirup,MARJAN SYRUP BOUDOIN LYCHEE 460 ML,Rp26.700,26700.0
sirup,MARJAN SYRUP JAMBU SQUASH 425 ML,Rp14.850,14850.0
sirup,MARJAN SYRUP BOUDOIN LEMON 460 ML,Rp26.700,26700.0
sirup,MARJAN SYRUP MANGO SQUASH 425 ML,Rp14.850,14850.0
sirup,MARJAN SYRUP STRAWBERRY SQUASH 425 ML,Rp15.450,15450.0
sirup,MARJAN SYRUP BOUDOIN FRUIT POUCH 460 ML,Rp24.990,24990.0
sirup,ABC Squash Orange 460 Ml,Rp12.390,12390.0
sirup,MARJAN SYRUP BOUDOIN MCA 460 ML,Rp27.390,27390.0
sirup,Monin - Syrup Cheese Cake (700 ML) - Sirup Minuman Rasa Kue Keju,Rp184.000,184000.0
sirup,Monin - Syrup Rantcho Lemon (700 ML) - Sirup Minuman Rasa cocok untuk Horeca,Rp145.000,145000.0
sirup,MARJAN SYRUP BOUDOIN LYCHEE 460 ML,Rp25.890,25890.0
sirup,Syrup Strawberry Delifru 1000 ml - Sirup Minuman Strawberi Premium,Rp95.810,95810.0
sirup,Syrup Butterscotch Delifru 1000 ml - Sirup Gula Mentega Premium Brown Ice,Rp90.810,90810.0
sirup,IWALET HONEY Bird Nest Concentrate Minuman Sarang Burung Walet dan Madu 75ml isi 3,Rp190.000,190000.0
sirup,Tropicana Slim Sirup Cocopandan - Sirup Bebas Gula,Rp35.800,35800.0
sirup,Syrup Pandan Delifru 1000 ml - Sirup Daun Pandan Premium,Rp119.990,119990.0
sirup,DRiPP Lemonade Syrup 760ml - Sirup Minuman Rasa Lemon cocok untuk Horeca,Rp115.500,115500.0
sirup,DRiPP - Syrup White Passionfruit 100 ML - Minuman Sirup | Homecafe,Rp35.500,35500.0
sirup,Syrup Lychee Delifru 1000 ml - Sirup Leci Premium Gula Minuman,Rp95.810,95810.0
sirup,Woods Peppermint Antitussive Sirup 100 ml,Rp51.096,51096.0
sirup,Pandan Jelly Dessert Kopi Susu (Caffe Latte) 500ml,Rp45.000,45000.0
sirup,MARJAN SYRUP BOUDOIN FRUIT POUCH 460 ML,Rp24.990,24990.0
sirup,MARJAN SYRUP MANGO SQUASH 425 ML,Rp14.450,14450.0
sirup,Delifru Syrup Blue Lagoon - Sirup Jeruk Biru 1 Liter,Rp119.990,119990.0
sirup,Vanilla Syrup Delifru 500 ml - Sirup Vanila Premium,Rp61.500,61500.0
sirup,Denali Sirup Flavour Red Coconut Syrup 750ml Syrup,Rp104.500,104500.0
sirup,MARJAN SYRUP ORANGE SQUASH 425 ML,Rp15.450,15450.0
sirup,Mc Donald Anggur Lychee 600ml,Rp80.000,80000.0
sirup,M+Susu Rasa Anggur Energy,Rp11.000,11000.0
sirup,Sunquick Syrup Standart Org 330 Gr,Rp38.100,38100.0
sirup,SUNQUICK SYRUP STANDART MANDARIN 300 ML,Rp36.050,36050.0
sirup,MARJAN SQUASH COCOPANDAN 425 ML,Rp14.850,14850.0
sirup,MARJAN SYRUP BOUDOIN ROSEN 460 ML,Rp26.700,26700.0
sirup,MARJAN SYRUP FRUIT PUCH SQUASH 425 ML,Rp14.850,14850.0
sirup,MARJAN SYRUP BOUDOIN ROSEN 460 ML,Rp26.700,26700.0
sirup,MARJAN SYRUP MELON SQUASH 425 ML,Rp15.450,15450.0
sirup,MARJAN SYRUP JAMBU SQUASH 425 ML,Rp12.990,12990.0
sirup,Johnnie Walker Double Black 50ml,Rp139.000,139000.0
sirup,FREISS SYRUP ORANGE 460 ML,Rp15.450,15450.0
sirup,Madu Gurahfit Madu Gurah Fit Membantu Meredakan Batuk dan Radang Tenggorokan dengan Campuran Herbal Halal POM TR 183613971,Rp145.000,145000.0
sirup,Guanistrep Sirup 60 ml,Rp8.932,8932.0
sirup,DRiPP Frambozen Flavour Syrup 760 ML - Sirup Minuman Rasa Buah Raspberry / Raspberi Merah cocok untuk Horeca / Horeka,Rp115.500,115500.0
sirup,Constipen Lactulose Sirup @ 120 ml,Rp123.513,123513.0
sirup,DRiPP Tiramisu Flavour Syrup 760 ML - Sirup Minuman Rasa Tiramisu cocok untuk Horeca / Horeka,Rp115.500,115500.0
sirup,Monin - Syrup Yellow Banana (700 ML) - Sirup Minuman Rasa Buah Pisang cocok untuk Horeca,Rp184.000,184000.0
sirup,Actifed Sirup 60 ml (Kuning),Rp91.117,91117.0
sirup,Mc Donald Rum Cola 180ml - Tipsy Tales,Rp50.000,50000.0
sirup,MARJAN SYRUP BOUDOIN MELON 460 ML,Rp24.990,24990.0
sirup,Genova Lychee Syrup 750ml - Sirup Minuman Rasa Leci cocok untuk Horeca,Rp115.500,115500.0
sirup,DRiPP - Syrup Sakura 760ml - Minuman Sirup,Rp115.500,115500.0
sirup,Tiramisu Syrup Delifru 500 ml - Sirup Tiramisu Premium,Rp63.550,63550.0
sirup,"Monalli Palm Sugar 1KG - Gula Aren Cair Premium, Sirup Bahan Baku Es Kopi Susu & Minuman Kekinian / Brown Sugar / Gula Palm Sugar 1 kg / Gula Palm Sugar / Palm Sugar Untuk Kopi",Rp88.320,88320.0
sirup,MARJAN SYRUP BOUDOIN MELON 460 ML,Rp27.390,27390.0
sirup,Delifru Syrup Tiramisu - Sirup Tiramisu 1 Liter,Rp119.990,119990.0
sirup,MARJAN SYRUP ORANGE SQUASH 425 ML,Rp16.100,16100.0
sirup,MARJAN SYRUP BOUDOIN ROSEN 460 ML,Rp26.700,26700.0
sirup,MARJAN SYRUP STRAWBERRY SQUASH 425 ML,Rp14.850,14850.0
sirup,Monin - Syrup Raspberry (700 ML) - Sirup Minuman Rasa Buah Rasberi cocok untuk Horeca,Rp184.000,184000.0
sirup,DRiPP Kiwi Fruit Pulp Syrup 760 ML - Sirup Minuman Rasa Buah Kiwi cocok untuk Horeca / Horeka,Rp173.200,173200.0
sirup,MARJAN SYRUP BOUDOIN MOCA 460 ML,Rp26.700,26700.0
sirup,MARJAN SYRUP BOUDOIN MELON 460 ML,Rp24.990,24990.0
sirup,DRiPP Clove Syrup - Perasa Minuman Berbentuk Sirup Untuk HORECA,Rp113.190,113190.0
sirup,Syrup Bubble Gum Delifru 500 ml - Sirup Permen Karet Premium,Rp63.550,63550.0
sirup,Delifru Syrup Hibiscus - Sirup Hibiscus 500 ml,Rp63.550,63550.0
sirup,MARJAN SIRUP BOUDOIN MELON 460 ML,Rp24.990,24990.0
sirup,DRiPP Homecafe - Syrup Palm Sugar 100 ML - Sirup Minuman Rasa Gula Aren cocok untuk Horeca,Rp35.500,35500.0
sirup,Delifru Syrup Iris Cream - Sirup Krim Irlandia 1 Liter,Rp119.990,119990.0
sirup,Sirup Delifru 1 Box Isi 6 Botol / 6 Liter,Rp719.990,719990.0
sirup,Kiwi Syrup Delifru 500 ml - Sirup Kiwi Premium,Rp63.550,63550.0
sirup,Denali Sirup Flavour Mango 750ml Syrup Mangga,Rp104.500,104500.0
sirup,Coffee Cream Syrup Delifru 500 ml - Sirup Krim Kopi Premium,Rp63.550,63550.0
sirup,MARJAN SYRUP BOUDOIN LYCHEE 460 ML,Rp26.700,26700.0
sirup,MARJAN SYRUP MANGO SQUASH 425 ML,Rp11.990,11990.0
sirup,MARJAN SYRUP JAMBU SQUASH 425 ML,Rp13.990,13990.0
sirup,MARJAN SYRUP SIRSAK SQUASH 425 ML,Rp14.850,14850.0
sirup,MARJAN SYRUP ORANGE SQUASH 425 ML,Rp12.990,12990.0
sirup,MARJAN SYRUP SIRSAK SQUASH 425 ML,Rp14.850,14850.0
sirup,Syrup Mint Sirup La Terra,Rp118.750,118750.0
sirup,Health Today Premium Fruit Mix Kiwi (Puree Buah Kiwi),Rp232.000,232000.0
sirup,Polysilane Sirup 180 ml,Rp36.082,36082.0
sirup,MultiBev - Syrup Vanilla Bottle 500ml - Sirup Minuman,Rp55.000,55000.0
sirup,MARJAN SYRUP BOUDOIN MOCA 460 ML,Rp24.990,24990.0
sirup,ABC SPECIAL GRADE MELON 460 ML,Rp30.100,30100.0
sirup,MARJAN SYRUP BOUDOIN MELON 460 ML,Rp26.290,26290.0
sirup,MARJAN SYRUP BOUDOIN FRUIT POUCH 460 ML,Rp24.990,24990.0
sirup,Sunquick Syrup Standart Mandarin 330 Ml,Rp36.050,36050.0
sirup,MARJAN SYRUP FRUIT PUCH SQUASH 425 ML,Rp14.850,14850.0
sirup,Pandan Jelly Dessert Kopi Susu (Caffe Latte) 500ml,Rp45.000,45000.0
sirup,ABC SPECIAL GRADE COCOPANDAN 460 ML,Rp30.100,30100.0
sirup,MARJAN SYRUP BOUDOIN LEMON 460 ML,Rp24.990,24990.0
sirup,Chung Jung One Daesang Rice Syrup- Ssalyeot- Sirup Beras 700g,Rp58.000,58000.0
sirup,MARJAN SYRUP BOUDOIN MELON 460 ML,Rp24.990,24990.0
sirup,DRiPP Rose Flavour Syrup 760 ML - Sirup Minuman Rasa Bunga Mawar cocok untuk Horeca / Horeka,Rp115.500,115500.0
sirup,Marjan Boudoin Cocopandan 460Ml,Rp25.290,25290.0
sirup,Monin - Syrup Watermelon (700 ML) - Sirup Minuman Rasa Buah Semangka cocok untuk Horeca,Rp184.000,184000.0
sirup,Monin - Syrup Peach (700 ML) - Sirup Minuman Rasa Buah Persik cocok untuk Horeca,Rp184.000,184000.0
sirup,Delifru Roasted Almond Syrup 1 Liter - Sirup Biji Almond Panggang,Rp119.990,119990.0
sirup,Monin - Syrup Green Peppermint (700 ML) - Sirup Minuman Rasa Peppermint Hijau cocok untuk Horeca,Rp184.000,184000.0
sirup,MultiBev - Syrup Yuzu Bottle 500ml - Sirup Minuman,Rp55.000,55000.0
sirup,Actifed Sirup 60 ml (Kuning),Rp74.520,74520.0
sirup,MARJAN SYRUP LYCHEE SQUASH 425 ML,Rp14.850,14850.0
sirup,ABC SQUASH GRAPE 450 ML - SIRUP,Rp13.990,13990.0
sirup,Syrup Green Apple Delifru 500 ml - Sirup Apel Hijau Premium,Rp61.500,61500.0
sirup,Delifru Zero Calorie Free Sugar Salted Caramel Syrup 1 Liter - Sirup Bebas Gula 0 Kalori Karamel Asin,Rp130.000,130000.0
sirup,Monin - Syrup Hazelnut (250 ML) - Sirup Minuman Rasa Kacang Hazel,Rp89.000,89000.0
sirup,DRiPP - Syrup Pear 760ml - Sirup Minuman Rasa Buah Pir,Rp115.500,115500.0
sirup,Paket Bundling Syrup Delifru 2L Sirup Osaka Brown Sugar 1L + Pandan 1L,Rp239.796,239796.0
sirup,DRiPP Homecafe - Syrup Caramel 100 ML - Sirup Minuman Rasa Karamel,Rp35.500,35500.0
sirup,Osaka Brown Sugar Syrup Delifru 1 Liter - Sirup Gula Merah Premium,Rp119.899,119899.0
sirup,DRiPP Coconut Sugar Syrup - Sirup Rasa Gula Kelapa Beda Dari Gula Aren,Rp111.000,111000.0
sirup,DRiPP Glass Bottle and Pump,Rp65.268,65268.0
sirup,Monin - Syrup Bubble Gum (700 ML) - Sirup Minuman Rasa Permen Karet,Rp184.000,184000.0
sirup,Syrup Palm Sugar Delifru 500 ml - Sirup Gula Aren Premium,Rp42.550,42550.0
sirup,DRiPP Pistachio Syrup - Sirup Rasa Pistachio Untuk Kafe/Bisnis,Rp108.780,108780.0
sirup,DRiPP Homecafe - Syrup Cinnamon 100 ML - Sirup Minuman Rasa Kayu Manis cocok untuk Horeca,Rp35.500,35500.0
sirup,DRiPP Mixed Berry Fruit Pulp (Sirup Rasa Bubur Buah Berries),Rp149.850,149850.0
sirup,DRiPP - Coffee Flavours Series 100 ML New Home Package - Minuman Sirup,Rp224.000,224000.0
sirup,Syrup Roasted Barley Delifru 500 ml - Sirup Jelai Panggang Premium,Rp63.550,63550.0
sirup,Jakarta Barat,Rp50.300,50300.0
sirup,French Vanilla Syrup Delifru 1 Liter - Sirup French Vanila Premium,Rp119.990,119990.0
sirup,Syrup Coffee Cream Delifru 1 Liter - Sirup Krim Kopi Premium,Rp119.990,119990.0
sirup,Denali Sirup Flavour Chocolate 750ml Syrup Coklat,Rp104.500,104500.0
sirup,Sunfield Yuzu Fruit Concentrate Syrup (Sirup Konsentrat Buah Yuzu) 1L,Rp205.500,205500.0
sirup,Syrup Strawberry Delifru 500 ml - Sirup Strawberi Premium,Rp63.550,63550.0
sirup,DRiPP Yuzu Fruit Pulp (Sirup Bubur Buah Rasa Yuzu),Rp143.525,143525.0
sirup,Sakura Syrup Delifru 500 ml - Sirup Bunga Sakura Premium,Rp63.550,63550.0
sirup,Salted Caramel Syrup Delifru 1 Liter - Sirup Karamel Asin Premium,Rp119.899,119899.0
sirup,Syrup Watermelon Delifru 1000 ml - Sirup Semangka Premium,Rp119.990,119990.0
sirup,Singabera Lemongrass Ginger Premix (Jahe Sereh) - 150 sachet,Rp238.650,238650.0
sirup,NUTRIFARM CARAMEL SYRUP PREMIUM UNTUK KOPI 100ML DAN 250ML,Rp22.000,22000.0
sirup,Delifru Syrup 1 Box Isi 6 Botol / 6 Liter,Rp719.990,719990.0
sirup,Special Gift Sirup Delifru 80 Ml Random Varian,Rp1.000.000,1000000.0
sirup,Health Today Premium Fruit Mix Pineapple (Pure Buah Nanas),Rp232.000,232000.0
sirup,Dark Cherry Syrup Delifru 500 ml - Sirup Ceri Hitam Premium,Rp63.550,63550.0
sirup,Blue Lagoon Syrup Delifru 500 ml - Sirup Jeruk Biru Premium,Rp63.550,63550.0
sirup,Lychee Syrup Delifru 1 Liter - Sirup Leci Premium,Rp119.899,119899.0
sirup,Delifru Syrup Pop Corn - Sirup Popcorn 500 ml,Rp63.550,63550.0
sirup,Cotton Candy Syrup Delifru 500 ml - Sirup Permen Kapas Premium,Rp63.550,63550.0
sirup,Sakura Syrup Delifru 1 Liter - Sirup Bunga Sakura Premium,Rp119.990,119990.0
sirup,ABC Sirup Squash Delight Nanas 425 ml - Multi Pack 4 pcs,Rp62.452,62452.0
sirup,MultiBev - Syrup Blewah Bottle 500ml - Sirup Minuman Rasa Blewah,Rp55.000,55000.0
sirup,Coconut Syrup Delifru 500 ml - Sirup Kelapa Premium,Rp63.550,63550.0
sirup,DRiPP Mint Syrup - Sirup Rasa Daun Mint Untuk Kafe/Bisnis,Rp90.939,90939.0
sirup,MONIN SYRUP REPACK 100ML FLAVOURED SIRUP FRENCH MONIN BANYAK RASA SAMPLE KEMASAN KECIL BY TYGO LIFE,Rp35.000,35000.0
sirup,SUNQUICK SYRUP STANDART MANDARIN 300 ML,Rp36.050,36050.0
sirup,MultiBev - Syrup Hazelnut Bottle 500ml - Sirup Minuman,Rp55.000,55000.0
sirup,Delifru Syrup Watermelon - Sirup Semangka 500 ml,Rp63.550,63550.0
sirup,MultiBev - Syrup Palm Sugar Bottle 500ml - Sirup Minuman Rasa Gula Aren,Rp55.000,55000.0
sirup,DRiPP - Syrup Kiwi Fruit Pulp 760ml - Sirup Minuman Rasa Kiwi cocok untuk Horeca,Rp173.200,173200.0
sirup,MARJAN SYRUP BOUDOIN FRUIT POUCH 460 ML,Rp24.990,24990.0
sirup,Sunquick Syrup Standart Mandarin 330 Ml,Rp36.050,36050.0
sirup,MARJAN SYRUP FRUIT PUCH SQUASH 425 ML,Rp14.850,14850.0
sirup,Pandan Jelly Dessert Kopi Susu (Caffe Latte) 500ml,Rp45.000,45000.0
sirup,ABC SPECIAL GRADE COCOPANDAN 460 ML,Rp30.100,30100.0
sirup,Watermelon Syrup Delifru 500 ml - Sirup Semangka Premium,Rp63.550,63550.0
sirup,DRiPP - Syrup Lychee 100 ML - Minuman Sirup | Homecafe,Rp35.500,35500.0
sirup,MARJAN SYRUP BOUDOIN FRUIT POUCH 460 ML,Rp26.700,26700.0
sirup,Syrup Banana Delifru 500 ml - Sirup Pisang Premium,Rp63.550,63550.0
sirup,HSD Black Garlic Drink Original & Peach - Minuman Ekstrak Bawang Hitam Bebas Pengawet & BPOM,Rp24.800,24800.0
sirup,TRIESTE SYRUP REPACK 100ML FLAVOURED SIRUP BANYAK RASA SAMPLE BY TYGO LIFE,Rp19.000,19000.0
sirup,Daesang Chung Jung One Corn Syrup- Mulyot- Sirup Jagung 1.2Kg,Rp62.000,62000.0
sirup,Actifed Sirup 60 ml (Kuning),Rp75.037,75037.0
sirup,RHUM JAMAICA UKURAN KEMASAN (60ml),Rp12.200,12200.0
sirup,Kenal Frappe Powder Drink Premix Bubuk Minuman 1 Kg Frappe Drink Powder Kualitas Premium,Rp195.000,195000.0
sirup,MultiBev - Syrup Caramel Bottle 500ml - Sirup Minuman Rasa Karamel,Rp55.000,55000.0
sirup,Banana Syrup Delifru 1 Liter - Sirup Pisang Premium,Rp119.990,119990.0
sirup,Guanistrep Sirup 60 ml,Rp11.161,11161.0
sirup,Paket Peach Gum komplit SUPER GRADE A+ / tao jiao / Mamacia Treats,Rp18.525,18525.0
sirup,DRiPP Jasmine Flavour Homecafe Syrup 100 ML - Sirup Minuman Rasa Jasmine cocok untuk Horeca / Horeka,Rp35.500,35500.0
sirup,Syrup Grapefruit Delifru 1000 ml - Sirup Jeruk Bali Premium Gula Minuman,Rp119.990,119990.0
sirup,Syrup Cocopandan Delifru 500 ml - Sirup Pandan Kelapa Premium,Rp63.550,63550.0
sirup,MARJAN BOUDOIN COCOPANDAN 460ML,Rp26.700,26700.0
sirup,Alco Plus DMP Sirup 100 ml,Rp55.910,55910.0
sirup,Syrup Grapefruit Delifru 500 ml - Sirup Jeruk Bali Premium,Rp63.550,63550.0
sirup,Grenadine Syrup Delifru 1 Liter - Sirup Delima Premium,Rp119.990,119990.0
sirup,Health Today Premium Palm Sugar Syrup (Sirup Premium Rasa Gula Aren),Rp55.000,55000.0
sirup,Peach Puree Fruit Mix Delifru 1 Kg - Puree Peach Premium,Rp107.990,107990.0
sirup,Mc Donald Whisky 500ml - Tipsy Tales,Rp80.000,80000.0
sirup,Denali Sirup Flavour Almond 750ml Syrup,Rp104.500,104500.0
sirup,Pandan Syrup Delifru 500 ml - Sirup Daun Pandan Premium,Rp63.549,63549.0
sirup,Delifru Syrup Mixed Berries - Sirup Aneka Buah Beri 1 Liter,Rp119.990,119990.0
sirup,DRiPP Cream Cheese Syrup 760ml - Sirup Minuman Rasa Keju Krim cocok untuk Horeca,Rp115.500,115500.0
sirup,Vanilla Syrup Delifru 1 Liter - Sirup Vanila Premium,Rp119.899,119899.0
sirup,Mixed Berries Syrup Delifru 500 ml - Sirup Aneka Buah Beri Premium,Rp63.549,63549.0
sirup,Marjan Boudoin Cocopandan 460Ml,Rp26.700,26700.0
sirup,Mahavita Vanilla Syrup Homemade Premium - Sirup Gula Cair Vanila Ukuran 250ml 500ml 1000ml,Rp53.000,53000.0
sirup,Blue Lagoon Syrup Delifru 1 Liter - Sirup Jeruk Biru Premium,Rp119.899,119899.0
sirup,Delifru Mixed Berries Fruit Mix Puree - Puree Mixed Berries 1 Kg,Rp107.990,107990.0
sirup,Syrup Sakura Delifru 500 ml - Sirup Bunga Sakura Premium,Rp63.550,63550.0
sirup,Paket Syrup Delifru 2L Sirup Salted Caramel 1L + Osaka Brown Sugar 1L,Rp239.796,239796.0
sirup,DRiPP Pandan Syrup - Perasa Minuman Berbentuk Sirup Pandan Untuk HORECA,Rp108.780,108780.0
sirup,Blue Lagoon Syrup Delifru 1 Liter - Sirup Jeruk Biru Premium,Rp119.990,119990.0
sirup,DHT Sirup Rasa Pisang Ambon 620ml - Sirup Khas Makassar,Rp45.500,45500.0
sirup,Kenal Sirup Perisa Minuman Horeca Syrup 750 Ml Beverage Flavor Syrup Aneka Rasa Lezat,Rp73.442,73442.0
sirup,DHT Sirup Rasa Pisang Ambon 2Liter - Sirup Khas Makassar,Rp165.500,165500.0
sirup,Krazy Stevia Syrup 0 kalori 200 ml | Sirup Cair untuk Minuman Diabetes Keto,Rp42.000,42000.0
sirup,Delifru Syrup Butterfly Pea - Sirup Bunga Telang 500 ml,Rp63.550,63550.0
sirup,Krazy Stevia Syrup 0 kalori 750 ml | Sirup Cair untuk Minuman Diabetes Keto,Rp135.000,135000.0
sirup,Palm Sugar Syrup Delifru 500 ml - Sirup Gula Aren / Palem Premium,Rp42.549,42549.0
sirup,DRiPP Caramel Flavour Homecafe Syrup 100 ML - Sirup Minuman Rasa Karamel cocok untuk Horeca / Horeka,Rp35.500,35500.0
sirup,DRiPP Homecafe - Syrup Peach 100 ML - Sirup Minuman Rasa Buah Persik cocok untuk Horeca,Rp35.500,35500.0
sirup,Sunfield Kyoho Grape Fruit Concentrate Syrup(Sirup Konsentrat Buah) 1L,Rp166.500,166500.0
sirup,HSD Black Garlic Drink Original & Peach - Minuman Ekstrak Bawang Hitam Bebas Pengawet & BPOM,Rp9.999,9999.0
sirup,DRiPP Butterscotch Syrup - Perasa Minuman Berbentuk Sirup Butterscotch Untuk HORECA,Rp90.939,90939.0
sirup,Mojito Mint Syrup Delifru 500 ml - Sirup Mint Premium,Rp63.549,63549.0
sirup,SIRUP CARAMEL 100ML UNTUK KOPI ABC MORIN DAVINCI TOFICO DENALI TOFFIN JANJI JIWA MARJAN,Rp22.000,22000.0
sirup,Hard Strawberry Ice Cream Dessert / Bubuk Es Krim Rasa Susu Stroberi 250 GR,Rp36.525,36525.0
sirup,Anomali Coffee - SYRUP FLAVOR LYCHEE VANILLA HAZELNUT CARAMEL,Rp110.000,110000.0
sirup,Rose Syrup Delifru 1 Liter - Sirup Bunga Mawar Premium,Rp119.989,119989.0
sirup,DRiPP Vanilla Syrup - Sirup Rasa Vanilla Untuk Kafe/Bisnis/Rumahan,Rp87.474,87474.0
sirup,PROMOSI HSD Black Garlic Drink Original.,Rp100.000,100000.0
sirup,Green Apple Syrup Delifru 500 ml - Sirup Apel Hijau Premium,Rp63.550,63550.0
sirup,Syrup Blue Curacao Sirup Biru La Terra,Rp118.750,118750.0
sirup,Osaka Brown Sugar Syrup Delifru 500 ml - Sirup Gula Merah Premium,Rp63.550,63550.0
sirup,MARJAN SYRUP BOUDOIN FRUIT POUCH 460 ML,Rp24.990,24990.0
sirup,Sunquick Syrup Standart Mandarin 330 Ml,Rp36.050,36050.0
sirup,M+SUSU rasa Original Minuman Energi Serbuk,Rp11.000,11000.0
sirup,ABC SPECIAL GRADE COCOPANDAN 460 ML,Rp30.100,30100.0
sirup,MARJAN SYRUP BOUDOIN FRUIT POUCH 460 ML,Rp24.990,24990.0
sirup,Osaka Brown Sugar Syrup Delifru 500 ml - Sirup Gula Merah Premium,Rp63.550,63550.0
sirup,Syrup Elderflower Delifru 1 Liter - Sirup Bunga Elder Premium,Rp119.990,119990.0
sirup,Syrup Dark Cherry Delifru 500 ml - Sirup Ceri Hitam Premium,Rp63.550,63550.0
sirup,Syrup Coffee Cream Delifru 500 ml - Sirup Krim Kopi Premium,Rp63.550,63550.0
sirup,Nutrifarm Minuman Lemon Madu Instan,Rp7.500,7500.0
sirup,Iris Cream Syrup Delifru 500 ml - Sirup Krim Irlandia Premium,Rp63.550,63550.0
sirup,Denali Sirup Flavour Lemon 750ml Syrup,Rp104.500,104500.0
sirup,DRiPP Jasmine Flavour Syrup 760 ML - Sirup Minuman Rasa Jasmine cocok untuk Horeca / Horeka,Rp115.500,115500.0
sirup,Lychee Syrup Delifru 500 ml - Sirup Leci Premium,Rp63.549,63549.0
sirup,SIRUP SARI KURMA 350ML - Sirup Sari Kurma Aljazira 350ml,Rp39.500,39500.0
sirup,Syrup Bubble Gum Delifru 1000 ml - Sirup Permen Karet Premium Gula Minuman,Rp119.990,119990.0
sirup,Denali Sirup Flavour Blue Curacao 750ml Syrup,Rp104.500,104500.0
sirup,Sakura Syrup Delifru 500 ml - Sirup Bunga Sakura Premium,Rp63.550,63550.0
sirup,SUNQUICK SYRUP STANDART MANDARIN 300 ML,Rp40.650,40650.0
sirup,DRiPP Homecafe - Syrup Sakura 100 ML - Sirup Minuman Rasa Bunga Sakura cocok untuk Horeca,Rp35.500,35500.0
sirup,Monin - Syrup Hazelnut (700 ML) - Sirup Minuman Rasa Kacang Hazel cocok untuk Horeca,Rp184.000,184000.0
sirup,Syrup Kiwi Delifru 500 ml - Sirup Kiwi Premium,Rp63.550,63550.0
sirup,Syrup Roasted Almond Sirup Almon La Terra,Rp118.750,118750.0
sirup,Watermelon Syrup Delifru 1 Liter - Sirup Semangka Delifru,Rp119.990,119990.0
sirup,Denali Sirup Flavour Mojito Mint 750ml Syrup,Rp104.500,104500.0
sirup,Syrup Peach Sirup La Terra,Rp118.750,118750.0
sirup,Marjan Syrup Boudoin Melon 460Ml,Rp24.990,24990.0
sirup,[SYRUP SERIES] Sirup Premium Aneka Rasa Minuman Sirop Flavoured Syrup Halal BPOM 650 ml Indonesia Syrup Omura Powder,Rp70.000,70000.0
sirup,Salted Caramel Syrup Delifru 500 ml - Sirup Karamel Asin Premium,Rp63.549,63549.0
sirup,DRiPP Cream Cheese Syrup - Sirup Rasa Keju Untuk Kafe/Bisnis/Rumahan,Rp90.939,90939.0
sirup,MARJAN BOUDOIN COCOPANDAN 460ML,Rp26.700,26700.0
sirup,Monin - Syrup Caramel (250 ML) - Sirup Minuman Rasa Karamel,Rp89.000,89000.0
sirup,DRiPP Strawberry Syrup - Sirup Rasa Stroberi Untuk Kafe/Bisnis/Rumahan,Rp90.939,90939.0
sirup,Pureeland Natural Sweet Syrup / Sirup MPASI / Makanan Bayi Minuman,Rp45.000,45000.0
sirup,Tropicana Slim Sirup Leci - Sirup Bebas Gula,Rp36.800,36800.0
sirup,Al-Jazira Heritage Sirup Sari Kurma Jahe Merah 350Ml - Konsentrat Minuman,Rp37.070,37070.0
sirup,Raisin Syrup Delifru 500 ml - Sirup Rum Raisin / Kismis Premium,Rp63.550,63550.0
sirup,Genova - Syrup Lemongrass 750ml - Sirup Minuman Rasa Sereh,Rp115.500,115500.0
sirup,Paket Bundling Syrup Delifru 2L Sirup Hazelnut 1L + Salted Caramel 1L,Rp239.796,239796.0
sirup,DRiPP Sakura Syrup サクラ - Sirup Rasa Sakura Untuk Kafe/Bisnis/Rumahan,Rp90.495,90495.0
sirup,DRiPP Hazelnut Syrup - Perasa Minuman Berbentuk Sirup Hazelnut Untuk HORECA,Rp90.939,90939.0
sirup,Syrup Coconut Delifru 1000 ml - Sirup Kelapa Premium Gula Minuman,Rp119.990,119990.0
sirup,Tropicana Slim Sirup Cocopandan 750 ml Sayurbox,Rp44.900,44900.0
sirup,Kiwi Syrup Delifru 1 Liter - Sirup Kiwi Premium,Rp119.990,119990.0
sirup,Syrup Green Apple Delifru 1000 ml - Sirup Apel Hijau Premium,Rp119.990,119990.0
sirup,DRiPP Vanilla Flavour Homecafe Syrup 100 ML - Sirup Minuman Rasa Vanila cocok untuk Horeca / Horeka,Rp35.500,35500.0
sirup,MultiBev - Syrup Mint Bottle 500ml - Sirup Minuman Rasa Mint,Rp55.000,55000.0
sirup,Delifru Syrup Ice Mint - Sirup Ice Mint 1 Liter,Rp116.400,116400.0
sirup,Adem Sari Ching Ku Madu Lemon Tea Botol 4x350 Ml,Rp43.600,43600.0
sirup,Grapefruit Syrup Delifru 500 ml - Sirup Jeruk Bali Premium,Rp63.550,63550.0
sirup,MADU ZUDAM - Jus Ekstrak Buah Perisa Delima 330ml - by nabawiherbal,Rp80.000,80000.0
sirup,Syrup Cream Cheese Delifru 500 ml - Sirup Krim Keju Premium,Rp63.550,63550.0
sirup,Grape Syrup Delifru 500 ml - Sirup Anggur Premium,Rp63.549,63549.0
sirup,[PAYDAY] Vitummy - Multivitamin Penambah Nafsu Makan Anak paket 2 Box - Madu,Rp166.000,166000.0
sirup,MARJAN SYRUP BOUDOIN MELON 460 ML,Rp24.990,24990.0
sirup,Delifru Pistachio Syrup 1 Liter - Sirup Kacang Pistachio,Rp119.990,119990.0
sirup,Roasted Hazelnut Syrup Delifru 1 Liter - Sirup Roasted Hazelnut Premium,Rp119.990,119990.0
sirup,Passion Fruit Syrup Delifru 1 Liter - Sirup Markisa Premium,Rp119.990,119990.0
sirup,SUNQUICK SYRUP STANDART LMN 350 ML,Rp39.150,39150.0
sirup,Monin - Syrup Elderflower (700 ML) - Sirup Minuman Rasa Bunga Elder,Rp184.000,184000.0
sirup,FREISS SYRUP ORANGE 460 ML,Rp13.990,13990.0
sirup,Monin - Syrup Glasco Lemon (700 ML) - Sirup Minuman Rasa Glasco Lemon,Rp184.000,184000.0
sirup,Coffee Cream Syrup Delifru 500 ml - Sirup Krim Kopi Premium,Rp63.550,63550.0
sirup,FREISS SYRUP ORANGE 460 ML,Rp12.990,12990.0
sirup,Happy Soju 360ml Original,Rp65.000,65000.0
sirup,MARJAN SYRUP BOUDOIN FRUIT POUCH 460 ML,Rp24.990,24990.0
sirup,Sunquick Syrup Standart Mandarin 330 Ml,Rp36.050,36050.0
sirup,M+SUSU rasa Original Minuman Energi Serbuk,Rp11.000,11000.0
sirup,ABC SPECIAL GRADE COCOPANDAN 460 ML,Rp30.100,30100.0
sirup,MARJAN SYRUP BOUDOIN FRUIT POUCH 460 ML,Rp24.990,24990.0
sirup,NARWASTU - Sacramental Drink Elshadai 1 Liter - ELS003,Rp85.000,85000.0
sirup,SUNQUICK SYRUP STANDART ORANGE 300 ML,Rp40.650,40650.0
sirup,Delifru Syrup Roasted Hazelnut - Sirup Roasted Hazelnut 1 Liter,Rp119.990,119990.0
sirup,Sunfield Muscat Concentrate Syrup(Sirup Konsentrat Buah) 1L,Rp177.500,177500.0
sirup,Monin - Syrup French Vanilla (700 ML) - Sirup Minuman Rasa Vanila Perancis cocok untuk Horeca,Rp184.000,184000.0
sirup,FREISS SYRUP COCOPANDAN 460 ML,Rp20.990,20990.0
sirup,Carlo Rossi Dark Bold Red 750ml,Rp275.000,275000.0
sirup,Syrup Pistachio Delifru 500 Ml - Sirup Kacang Pistachio Premium,Rp63.549,63549.0
sirup,SUNQUICK SYRUP STANDART ORANGE 330 GR,Rp36.050,36050.0
sirup,FREISS SYRUP COCOPANDAN 460 ML,Rp20.990,20990.0
sirup,ABC SQUASH ORANGE 450 ML - SIRUP,Rp16.500,16500.0
sirup,alkanzu official store,Rp28.000,28000.0
sirup,Delifru Syrup 1 Box Isi 6 Botol / 6 Liter,Rp682.936,682936.0
sirup,Monin - Syrup Green Apple (700 ML) - Sirup Minuman Rasa Buah Apel Hijau cocok untuk Horeca,Rp184.000,184000.0
sirup,Denali Sirup Flavour Tiramisu 750ml Syrup,Rp104.500,104500.0
sirup,ABC Sirup Squash Delight Nanas 425 ml,Rp18.227,18227.0
sirup,ABC Sirup Squash Delight Nanas 425 ml - Twin Pack,Rp29.349,29349.0
sirup,Elderflower Syrup Delifru 500 ml - Sirup Bunga Elder Premium,Rp63.550,63550.0
sirup,SUNQUICK SYRUP STANDART MANDARIN 330 ML,Rp36.050,36050.0
sirup,Cocopandan Syrup Delifru 1 Liter - Sirup Pandan Kelapa Premium,Rp119.990,119990.0
sirup,Delifru Pear Fruit Mix Puree - Puree Pear 1 Kg,Rp107.990,107990.0
sirup,MARJAN SYRUP MANGO SQUASH 425 ML,Rp13.990,13990.0
sirup,MARJAN SYRUP LYCHEE SQUASH 400 ML,Rp15.990,15990.0
sirup,Alco Plus DMP Sirup 100 ml,Rp68.358,68358.0
sirup,Paket Bundling Syrup Delifru 2L Sirup Hazelnut 1L + Sirup Dark Cherry 1L,Rp239.796,239796.0
sirup,Syrup Calamansi Delifru 500 ml - Sirup Jeruk Kalamansi Premium,Rp63.550,63550.0
sirup,SUNQUICK SYRUP STANDART LMN 350 ML,Rp36.050,36050.0
sirup,ABC Sirup Special Grade Cocopandan 460 ml - Twin Pack,Rp50.721,50721.0
sirup,MARJAN SYRUP MELON SQUASH 425 ML,Rp14.450,14450.0
sirup,Marjan Boudoin Cocopandan 460Ml,Rp24.990,24990.0
sirup,MARJAN SYRUP BOUDOIN MELON 460 ML,Rp24.990,24990.0
sirup,MARJAN SYRUP BOUDOIN MELON 460 ML,Rp26.700,26700.0
sirup,FREISS SYRUP MELON 460 ML,Rp20.600,20600.0
sirup,Denali Sirup Flavour Banana 750ml Syrup,Rp104.500,104500.0
sirup,MARJAN BOUDOIN STRAWBERRY 460 ML,Rp24.990,24990.0
sirup,FREISS SYRUP ORANGE 460 ML,Rp14.990,14990.0
sirup,MARJAN SYRUP BOUDOIN PISANG SUSU 460 ML,Rp24.990,24990.0
sirup,MARJAN SYRUP ORANGE SQUASH 425 ML,Rp16.100,16100.0
sirup,MARJAN SYRUP BOUDOIN LEMON 460 ML,Rp26.700,26700.0
sirup,FREISS SYRUP LECY 460 ML - SIRUP,Rp13.400,13400.0
sirup,MultiBev - Syrup Cola Bottle 500ml - Sirup Minuman,Rp55.000,55000.0
sirup,Kurmaqu Untuk Flek Paru Paru Sesak Nafas Asma Bronkitis Batuk,Rp110.000,110000.0
sirup,MARJAN SYRUP STRAWBERRY SQUASH 425 ML,Rp14.450,14450.0
sirup,MARJAN SYRUP LYCHEE SQUASH 425 ML,Rp14.890,14890.0
sirup,MARJAN SYRUP BOUDOIN ROSEN 460 ML,Rp24.990,24990.0
sirup,Martinez Fine Tawny Port Wine 750ml,Rp488.000,488000.0
sirup,MARJAN SYRUP MANGO SQUASH 425 ML,Rp14.850,14850.0
sirup,DOUBLE FRESH MANGO SYRUP 650 ML,Rp36.370,36370.0
sirup,MARJAN SYRUP SIRSAK SQUASH 425 ML,Rp14.850,14850.0
sirup,MARJAN SYRUP BOUDOIN MELON 460 ML,Rp27.590,27590.0
sirup,MARJAN SYRUP STRAWBERRY SQUASH 425 ML,Rp12.990,12990.0
sirup,MARJAN SYRUP BOUDOIN MELON 460 ML,Rp26.700,26700.0
sirup,Glen Grant 10 Years Old 700ml,Rp950.000,950000.0
sirup,Dictador Game Changer Lilac Rum 700ml,Rp3.223.000,3223000.0
sirup,FREISS SYRUP ORANGE 460 ML,Rp14.990,14990.0
sirup,MARJAN SYRUP STRAWBERRY SQUASH 425 ML,Rp14.450,14450.0
sirup,MARJAN SYRUP BOUDOIN LEMON 460 ML,Rp22.650,22650.0
sirup,MARJAN SIRUP WITH MILK MLN 460 ML,Rp27.800,27800.0
sirup,MARJAN BOUDOIN STRAWBERRY 460 ML,Rp26.690,26690.0
sirup,MARJAN SYRUP BOUDOIN MOCA 460 ML,Rp26.700,26700.0
sirup,MARJAN SYRUP BOUDOIN LYCHEE 460 ML,Rp24.990,24990.0
sirup,Delifru Syrup Blue Lagoon - Sirup Jeruk Biru 1 Liter,Rp119.990,119990.0
sirup,Remy Martin XO Cognac 700ml,Rp2.950.000,2950000.0
sirup,Sunquick Syrup Standart Mandarin 330 Ml,Rp36.050,36050.0
sirup,M+SUSU rasa Original Minuman Energi Serbuk,Rp11.000,11000.0
sirup,MARJAN SYRUP BOUDOIN MARKISA 460 ML,Rp23.700,23700.0
sirup,AL-JAZIRA SARI KURMA SIRUP 360 GRAM,Rp31.642,31642.0
sirup,MARJAN SYRUP BOUDOIN PISANG SUSU 460 ML,Rp27.390,27390.0
sirup,MARJAN SIRUP WITH MILK ROZEN 460 ML,Rp22.990,22990.0
sirup,MARJAN SYRUP BOUDOIN PISANG SUSU 460 ML,Rp26.700,26700.0
sirup,MARJAN SYRUP LYCHEESQUASH 450 ML,Rp13.990,13990.0
sirup,FREISS SYRUP FRAMBOZEN 460 ML,Rp20.600,20600.0
sirup,MARJAN WITH MILK ORANGE 460 ML,Rp27.700,27700.0
sirup,DRiPP Harum Manis Fruit Pulp Syrup 760 ML - Sirup Minuman Rasa Harum Manis cocok untuk Horeca / Horeka,Rp173.200,173200.0
sirup,MARJAN SYRUP BOUDOIN LEMON 460 ML,Rp22.650,22650.0
sirup,MARJAN SIRUP WITH MILK MLN 460 ML,Rp27.800,27800.0
sirup,MARJAN BOUDOIN STRAWBERRY 460 ML,Rp26.050,26050.0
sirup,MARJAN SYRUP STRAWBERRY SQUASH 425 ML,Rp14.450,14450.0
sirup,MARJAN SYRUP BOUDOIN MOCA 460 ML,Rp26.700,26700.0
sirup,Daun Kelor Moringa Bubuk Premium Pure Organic Elanova 250GR 400GR,Rp30.000,30000.0
sirup,MARJAN SYRUP BOUDOIN ROSEN 460 ML,Rp27.290,27290.0
sirup,MARJAN SYRUP BOUDOIN MELON 460 ML,Rp26.990,26990.0
sirup,MARJAN SYRUP FRUIT PUCH SQUASH 425 ML,Rp13.990,13990.0
sirup,MARJAN SYRUP BOUDOIN LEMON 460 ML,Rp26.290,26290.0
sirup,MARJAN SYRUP BOUDOIN MOCA 460 ML,Rp25.290,25290.0
sirup,MARJAN SIRUP WITH MILK STR 460 ML,Rp27.990,27990.0
sirup,FREISS SYRUP FRAMBOZEN 460 ML,Rp20.990,20990.0
sirup,DOUBLE FRESH ORANGE SYRUP 650 ML,Rp39.580,39580.0
sirup,FREISS SYRUP FRAMBOZEN 460 ML,Rp20.990,20990.0
sirup,FREISS SYRUP COCOPANDAN 460 ML,Rp20.990,20990.0
sirup,MARJAN SYRUP BOUDOIN ROSEN 460 ML,Rp26.290,26290.0
sirup,MARJAN SYRUP MGO SQUASH 450 ML,Rp12.990,12990.0
sirup,MARJAN SYRUP BOUDOIN MCA 460 ML,Rp25.290,25290.0
sirup,MARJAN SIRUP WITH MILK STR 460 ML,Rp27.700,27700.0
sirup,FREISS SYRUP COCOPANDAN 460 ML,Rp20.600,20600.0
sirup,Monin - Syrup Cucumber (700 ML) - Sirup Minuman Rasa Buah Timun cocok untuk Horeca,Rp184.000,184000.0
sirup,Monin - Syrup Coconut (700 ML) - Sirup Minuman Rasa Buah Kelapa cocok untuk Horeca,Rp184.000,184000.0
sirup,Monin - Syrup Watermelon (700 ML) - Sirup Minuman Rasa Buah Semangka cocok untuk Horeca,Rp184.000,184000.0
sirup,Kurmaqu Sari Kurma Dan Madu Obat Asam Lambung Naik Maag Kronis Luka Lambung Gerd Sakit Ulu Hati Karena Asam Lambung Perih,Rp110.000,110000.0
sirup,Paket Bundling Syrup Delifru 2L Sirup Vanilla 1L + Sirup Grapefruit 1L,Rp239.796,239796.0
sirup,MARJAN SYRUP MANGO SQUASH 425 ML,Rp13.990,13990.0
sirup,MARJAN SYRUP JAMBU SQUASH 425 ML,Rp14.390,14390.0
sirup,FREISS SYRUP MELON 460 ML,Rp20.600,20600.0
sirup,MARJAN SYRUP BOUDOIN VNL 460 ML,Rp25.890,25890.0
sirup,FREISS SYRUP COCOPANDAN 460 ML,Rp20.990,20990.0
sirup,Monin - Syrup Tiramisu (700 ML) - Sirup Minuman Rasa Tiramisu cocok untuk Horeca,Rp184.000,184000.0
sirup,Monin - Syrup Creme Brulee (700 ML) - Sirup Minuman Rasa cocok untuk Horeca,Rp184.000,184000.0
sirup,Paket Bundling Syrup 2L Delifru Sirup ElderFlower 1L + Lychee 1L,Rp239.796,239796.0
sirup,Dictador Game Changer Pink Grey Rum 700ml,Rp3.223.000,3223000.0
sirup,MARJAN SYRUP BOUDOIN LYCHEE 460 ML,Rp24.990,24990.0
sirup,Sunquick Syrup Standart Org 330 Gr,Rp36.050,36050.0
sirup,ABC Squash Orange 460 Ml,Rp17.500,17500.0
sirup,MARJAN SYRUP BOUDOIN LEMON 460 ML,Rp26.050,26050.0
sirup,MARJAN SYRUP MELON SQUASH 425 ML,Rp14.850,14850.0
sirup,MARJAN SQUASH COCOPANDAN 425 ML,Rp16.500,16500.0
sirup,MARJAN WITH MILK ORANGE 460 ML,Rp26.990,26990.0
sirup,MARJAN SYRUP BOUDOIN FRUIT POUCH 460 ML,Rp26.700,26700.0
sirup,MARJAN SYRUP JAMBU SQUASH 425 ML,Rp14.890,14890.0
sirup,MARJAN BOUDOIN STRAWBERRY 460 ML,Rp26.690,26690.0
sirup,MARJAN SYRUP FRUIT PUCH SQUASH 425 ML,Rp14.890,14890.0
sirup,MARJAN SYRUP BOUDOIN MARKISA 460 ML,Rp26.890,26890.0
sirup,MARJAN SIRUP WITH MILK MLN 460 ML,Rp27.800,27800.0
sirup,FREISS SYRUP COCOPANDAN 460 ML,Rp20.990,20990.0
sirup,Kurmaqu Sari Kurma Dan Madu Obat Asam Lambung Naik Maag Kronis Luka Lambung Gerd Sakit Ulu Hati Karena Asam Lambung Perih,Rp110.000,110000.0
sirup,MARJAN SYRUP BOUDOIN VNL 460 ML,Rp27.290,27290.0
sirup,MARJAN SYRUP BOUDOIN LYCHEE 460 ML,Rp24.990,24990.0
sirup,Delifru Syrup Blue Lagoon - Sirup Jeruk Biru 1 Liter,Rp119.990,119990.0
sirup,Remy Martin XO Cognac 700ml,Rp2.950.000,2950000.0
sirup,Sunquick Syrup Standart Mandarin 330 Ml,Rp36.050,36050.0
sirup,M+SUSU rasa Original Minuman Energi Serbuk,Rp11.000,11000.0
teh,TEH JAWA CELUP JASMINE 50 GR,Rp13.790,13790.0
teh,TEH JAWA CELUP JASMINE 50 GR,Rp12.990,12990.0
teh,Selaksa Makna Red Ginger Original Can 200 Gr,Rp132.000,132000.0
teh,Singabera Jasmine Black - Black Tea / Teh Hitam - 2 packs @ 100g,Rp99.000,99000.0
teh,Twinings - Lemon Scented Tea 50g,Rp92.000,92000.0
teh,ESSENLI Baby Crysanthemum / Teh Baby Crysant Bunga Tea,Rp45.500,45500.0
teh,Glaranadi Teh Bunga Echinacea 10g Teasane Anti-Fungal / Pure Echinacea,Rp22.900,22900.0
teh,Tea Heaven Javanese Jasmine Roasted Green Tea 30gr,Rp59.990,59990.0
teh,Haveltea Genmaicha Ocha Green Tea - Teh Hijau Japanese Ocha - Loose Leaf 30g,Rp65.000,65000.0
teh,Haveltea Ubud Lemongrass Green Tea - Herbal Teh Hijau Serai Harum - Loose Leaf 30g,Rp59.000,59000.0
teh,SARIWANGI JAHE KUNYIT TB 25X1.5GR,Rp10.000,10000.0
teh,MAX TEA LEMON TEA 30 PCS X 25 GR,Rp53.150,53150.0
teh,Singabera Tea Krakatau Sunrise –Green Tea Blend-1 Box-15 Sachet,Rp71.930,71930.0
teh,Teh Jati Cina WHP Herbal Alami | Teh Celup Herbal Menjaga kesehatan Tubuh,Rp25.000,25000.0
teh,CAP KEPALA DJENGGOT TEH HIJAU 50 GRAM,Rp27.022,27022.0
teh,Glaranadi Teh Daun Ginkgo Biloba 16g Teasane Teh Antioxidant Ginkgo Biloba Leaves Tea Antioxidant Tea,Rp8.900,8900.0
teh,Mamacia Treats Teh Bunga Lily Flower Tea 10 - 100 Gram,Rp14.100,14100.0
teh,Mamacia Treats Liang Teh Herbal Premium,Rp79.500,79500.0
teh,Tea Heaven Coconut Oolong Tea Artisan Tin Canister,Rp151.990,151990.0
teh,Teh Jawa Jasmine Tea Enveloped Celup isi 25,Rp17.000,17000.0
teh,ITO EN Paket Hojicha Roasted Green Tea 3 pcs & Oi Ocha Tea 3 pcs - Bundle Mix,Rp70.100,70100.0
teh,Singabera Nawakani Chai - Spiced Black Tea - 1 Box - 15 Sachet,Rp99.900,99900.0
teh,Green Strawberry Tea | Teh Hijau Strawberry | Happy - TEMA Tea | Tea Bags 8 Servings | Blend,Rp111.000,111000.0
teh,AMATEA Rose Strawberry Tea Blend- Black Tea Rose Strawberry Amaranth,Rp19.500,19500.0
teh,ITO EN Paket Oi Ocha Tea 6 pcs & Jasmine Tea 6 pcs - Bundle Mix,Rp141.100,141100.0
teh,NU Milk Tea PET 330 ml - Minuman Teh Kemasan,Rp7.350,7350.0
teh,NU Green Tea Gula Batu PET 330 ml (3 pcs),Rp12.250,12250.0
teh,SARIMURNI TEA BAG 25S X 1.6 GR,Rp8.120,8120.0
teh,Health Today Tea Powder 1kg - 1 Box Mix Variant (Check The Description & Variant Notes),Rp578.000,578000.0
teh,Green Strawberry Tea | Teh Hijau Strawberry | Happy - TEMA Tea | Loose Leaf 10 Servings | Blend,Rp122.000,122000.0
teh,SARIMURNI TEA BAG 25S X 1.6 GR,Rp8.120,8120.0
teh,Ultra Teh Kotak Jasmine Less Sugar 300Ml,Rp4.480,4480.0
teh,NU GREEN TEA ROYAL JASMINE 450 ML,Rp7.690,7690.0
teh,TEH BTL KOTAK SOSRO 250 ML,Rp3.840,3840.0
teh,TEH SOSRO CELUP 30X2 GR,Rp7.910,7910.0
teh,Senna Leaf Teh Detoks Sistem Pencernaan Herbal Tea,Rp39.000,39000.0
teh,CAP PANDA CINCAU SELASIH 310 ML,Rp8.440,8440.0
teh,French Earl Grey Tea | Teh French Earl Grey | French Earl Grey - TEMA Tea | Tea Bags 8 Servings | Blend,Rp111.000,111000.0
teh,KEPALA JENGGOT TEA GREEN BAGS 60 GR - TEH,Rp21.920,21920.0
teh,Haveltea Susvada Rose Mango Tea - Fruity Green Tea Mango - Teh celup 15x3g,Rp99.000,99000.0
teh,Haveltea Amyra Lychee Tea - Teh Leci Black Tea Premium - Teh Celup 5x3g,Rp95.000,95000.0
teh,Haveltea Paperbag Gift untuk Hampers,Rp4.000,4000.0
teh,Nu Choco HazelTea 330ML 24pcs (1karton),Rp163.900,163900.0
teh,Twinings - Pure Peppermint 50x2gr / Teh Celup,Rp202.000,202000.0
teh,Singabera Java Breakfast - Black Tea / Teh Hitam - 1 Box - 15 Sachet,Rp55.950,55950.0
teh,Lipton Yellow Label Black Tea Bags Enveloped 100'S Twinpack,Rp170.300,170300.0
teh,Sarimurni Tea Bag 100 Twinpack,Rp60.100,60100.0
teh,Lipton Ice Tea Mix Peach 510 Gr Twinpack,Rp112.200,112200.0
teh,Haveltea Susvada Rose Mango Tea - Fruity Green Tea Mango - Loose Leaf 30g,Rp65.000,65000.0
teh,Glaranadi Teh Kacang Cassia Senna 250g Teasane Pelancar Buang Air Besar / Pure Cassia Seed,Rp4.900,4900.0
teh,Mamacia Treats (100 gram) Lavender Chamomile Chrysanthemum Teh Bunga Telang Flower Tea,Rp94.600,94600.0
teh,ITO EN Oolong Tea No Sugar 480ml isi 24 pcs,Rp264.200,264200.0
teh,TONG TJI TEA BLACK CELUP 50 GR - TEH,Rp7.790,7790.0
teh,TEH PUCUK HARUM JASMINE LESS SUGAR 500ML,Rp6.990,6990.0
teh,Mamacia Treats Premium Blended Tea Darla / Cocoa Vanilla Black Tea 100 gr / Teh Bunga Teh Hitam,Rp33.500,33500.0
teh,3 PCS - Teh Kahuripan Teh Hitam Celup rasa Vanilla 50 Gr,Rp29.880,29880.0
teh,Bankitwangi Black Tea No. 17 24gr - Teh Organik Premium,Rp63.750,63750.0
teh,POKKA NATSBEE HONEY LEMON 450 ML,Rp8.550,8550.0
teh,"Ceremonial Matcha Japan Ipoddo, Attelier, Tsujiri, Shohokuen- Bubuk matcha ceremonial grade Jepang",Rp820.000,820000.0
teh,SARIMURNI TEA BAG 25S X 1.6 GR,Rp7.160,7160.0
teh,Mamacia Treats Teh Bunga Globe Amaranth Purple Flower Tea 10 - 100 Gram,Rp15.606,15606.0
teh,Saqeenature Teh Celup Rosella Darusyifa BPOM TR241002091 20 Sachet @ 2 Gram Kaya Vitamin C & Beta Karoten,Rp27.500,27500.0
teh,Tea Heaven Royal Pearl Green Tea Gunpowder Teh Hijau Premium,Rp59.990,59990.0
teh,Tong Tji Tea Black Celup 50 Gr,Rp7.550,7550.0
teh,KESEMUTAN & KEBAS JSR TEH RIMPANG BUMIFARM,Rp18.500,18500.0
teh,CONSTANTEA AROMATIC TEA - Constantea Teh Aromatik 150gr,Rp99.500,99500.0
teh,Singabera Krakatau Sunrise - Green Tea Blend (2 pouch @ 100 teabags),Rp594.000,594000.0
teh,CHRYSTEA || Kunlun Snow Daisy Chrysanthemum Tea,Rp13.000,13000.0
teh,Haveltea Ararya Jasmine Green Tea - Teh Melati Harum Premium - Teh celup 30x3g,Rp157.343,157343.0
teh,ITO EN Paket Minuman Sehat 4 Bundle isi 24 Pcs - 6 Varian Rasa,Rp245.700,245700.0
teh,Kab. Kediri,Rp100.000,100000.0
teh,[Promo] Teh Celup Cap Botol Hijau Aroma Melati Vintage 1 kaleng isi 20 bags (floating bags),Rp67.100,67100.0
teh,Tong Tji Premium 10X9 Gram,Rp15.100,15100.0
teh,ULTRA TEH KOTAK BLACKCURRANT TP 300 ML,Rp3.990,3990.0
teh,TEH PUCUK HARUM JASMINE 350 ML,Rp3.490,3490.0
teh,SOSRO TEH JASMINE 200 ML - MINUMAN,Rp3.730,3730.0
teh,Sosro Teh Botol Regular 450Ml,Rp9.800,9800.0
teh,ITO EN Paket Jasmine Tea 6 pcs & Oolong Tea 6 pcs - Bundle Mix,Rp141.100,141100.0
teh,Singabera Lemongrass Ginger - Herbal Infusion - 2 pouch @ 100g,Rp242.000,242000.0
teh,Twinings Exclusive Big Gift Set,Rp574.199,574199.0
teh,ITO EN Hojicha Roasted Green Tea No Sugar 500ml isi 24 pcs - Khusus Instant,Rp265.900,265900.0
teh,Pucuk Harum Tea Jasmine 1300 Ml,Rp20.300,20300.0
teh,"[BUNDLING 3pcs] Tong Tji Teh Hijau / Green Tea 50g, Teh Seduh per Pack (Daun Teh)",Rp29.600,29600.0
teh,[Detox Murni] Teh Detoks Herbal China | Batu Empedu | Batu Ginjal | Asam Urat | Kolesterol,Rp214.900,214900.0
teh,Tea Heaven Teh Hijau Organik Premium Chinese Royal Pearl Green Tea,Rp67.990,67990.0
teh,Exioncare Paket Hemat [I] Teh Hijau Greentea Premium Isi 1 Pouch Gold Series 20 Tea Bags & 1 Pouch Orange Seriess 20 Tea Bags,Rp153.500,153500.0
teh,Haveltea Gayo Ginger Black Tea - Teh Hitam & Jahe Premium - Teh celup 15x3gr,Rp99.000,99000.0
teh,OSK TEH HIJAU CELUP GREEN TEA 50 SACHET / MINUMAN / TEH,Rp100.010,100010.0
teh,CHRYSTEA || Rainbow Coconut Fruit Tea,Rp15.000,15000.0
teh,Glass Infuser Teapot 600ml | Teko Teh & Saringan | TEMA Tea | Teawares - Teapots,Rp209.000,209000.0
teh,Hibiscus Chamomile Herbal Tea | Teh Rosella Kamomil | Summer - TEMA Tea | Tea Bags 8 Servings | Herbal,Rp103.500,103500.0
teh,CHRYSTEA || Mixed Chrysanthemum Tea,Rp85.000,85000.0
teh,CHRYSTEA || Paket Liang Teh + Snow Bird Nest,Rp55.000,55000.0
teh,CHRYSTEA || Chamomile Tea,Rp15.000,15000.0
teh,Flower Tea Teh Bunga Mamacia Treats / Lavender / Chamomile / Jasmine 2,Rp5.720,5720.0
teh,Tea Heaven Teh Hijau Organik Premium Daily Green Tea,Rp60.990,60990.0
teh,Singabera Jasmine Black - Black Tea / Teh Hitam - 1 kg,Rp297.000,297000.0
teh,Tong Tji Tea Super 80 Gr,Rp10.050,10050.0
teh,SARIWANGI JAHE KUNYIT TB 25X1.5GR,Rp12.350,12350.0
teh,Dilmah Silver Jubilee Gourmet - Pure Camomile 30s,Rp385.947,385947.0
teh,Tea Heaven Morrocan Mint Green Tea Teh Hijau Peppermint,Rp72.990,72990.0
teh,Singabera Tea Krakatau Sunrise –Fruity blend–2 Pouch @100g,Rp242.000,242000.0
teh,Health Today Premium Lemon Tea Powder 1kg,Rp95.500,95500.0
teh,Tea Heaven Mango Green Tea Teh Hijau Mangga Premium,Rp72.990,72990.0
teh,TEH PUCUK HARUM JASMINE LESS SUGAR 500ML,Rp6.940,6940.0
teh,SOSRO TEH KOTAK 250 ML BD 6,Rp19.500,19500.0
teh,3 BUNGKUS TEH NORADIX ISI 20 PCS,Rp155.000,155000.0
teh,Teh Pucuk Harum Jasmine 350 Ml,Rp3.840,3840.0
teh,Tong Tji Tea Super 80 Gr,Rp9.620,9620.0
teh,Tea Heaven English Breakfast Black Tea 1 kg,Rp85.990,85990.0
teh,ANNISPUSPA - MAXFOOD / Bubuk Minuman Teh Solo Instan Manis,Rp78.500,78500.0
teh,Mamacia Treats Teh Bunga Lavender Flower Tea 250 - 1000 Gram,Rp194.500,194500.0
teh,Delfi Take-it Green Tea 35 g - 2 Pcs,Rp26.400,26400.0
teh,Teh Jawa Jasmine Tea Celup isi 25 per Pack ( isi 5 Pcs),Rp69.000,69000.0
teh,Dilmah Yum Ceylon Oolong Tea with Peach 25s - Teh Celup Air Lemon,Rp67.540,67540.0
teh,ITO EN Bundle 3 Pack Tea Bags isi 20 Pcs,Rp289.100,289100.0
teh,Tea Heaven Pure Ceremonial Matcha Finest 30gr,Rp199.990,199990.0
teh,Tea Heaven Vanilla Bourbon Black Tea Teh Hitam Vanila,Rp59.990,59990.0
teh,TONG TJI TEH BUBUK PREMIUM ISI 10 PCS X 9 GR -TEH,Rp10.690,10690.0
teh,FRESTEA TEH HIJAU MADU + MINT 350 ML,Rp5.120,5120.0
teh,SARIMURNI TEH RB 20X1.8G,Rp6.400,6400.0
teh,TEH JAWA CELUP JASMINE 50 GR,Rp12.350,12350.0
teh,Tong Tji Tematik Ginger Tea / Teh Jahe Wangi 1 Pouch isi 10 Sachet ( Minuman Serbuk / Bubuk / Instant Powder Drink ),Rp34.097,34097.0
teh,KEPALA JENGGOT TEA GREEN BAGS 60 GR - TEH,Rp21.920,21920.0
teh,Mamacia Treats Teh Bunga Safflower Tea (Exclusive Pack),Rp52.000,52000.0
teh,Mamacia Treats Teh Bunga Globe Amaranth Purple Flower Tea 10 - 100 Gram,Rp15.606,15606.0
teh,Saqeenature Teh Celup Rosella Darusyifa BPOM TR241002091 20 Sachet @ 2 Gram Kaya Vitamin C & Beta Karoten,Rp27.500,27500.0
teh,Tea Heaven Royal Pearl Green Tea Gunpowder Teh Hijau Premium,Rp59.990,59990.0
teh,Tong Tji Tea Black Celup 50 Gr,Rp7.550,7550.0
teh,KESEMUTAN & KEBAS JSR TEH RIMPANG BUMIFARM,Rp18.500,18500.0
teh,Saqeenature,Rp20.000,20000.0
teh,TEH PUCUK JASMINE 1.36L,Rp14.110,14110.0
teh,MORI Teh Daun Kelor - Bubuk Daun Kelor - Kapsul Daun Kelor - Organik - Healthy Tea,Rp47.188,47188.0
teh,Sariwangi Teh Celup Enveloped 100TB,Rp48.000,48000.0
teh,ITO EN Paket Oi Ocha Tea 6 pcs & Oolong Tea 6 pcs - Bundle Mix,Rp138.800,138800.0
teh,ITO EN Paket Jasmine Tea 3 pcs & Barley Tea 3 pcs - Bundle Mix,Rp76.200,76200.0
teh,Teh Pucuk Harum Jasmine 250 ml Banded,Rp25.200,25200.0
teh,Black Breakfast Tea | Teh Hitam Breakfast | Indonesian Breakfast - TEMA Tea | Loose Leaf 10 Servings | Classic,Rp111.000,111000.0
teh,GLARANADI - Teh Bunga Merawat Kesehatan Wanita / Mawar Kuncup Kering (Rosebud Tea) 10 g,Rp9.520,9520.0
teh,(1 pcs) Kantong teh celup / kantong teh serut / filter teh / saringan,Rp300,300.0
teh,TONG TJI TEA BLACK CELUP 50 GR - TEH,Rp8.440,8440.0
teh,TONG TJI TEA SUPER 80 GR - TEH,Rp9.620,9620.0
teh,JAVANA TEH MELATI PET 350 ML,Rp3.410,3410.0
teh,PHILOSOPHER | Small Pouch | Haveltea | Green Tea Sinensis | Loose Leaf,Rp65.000,65000.0
teh,NutriganiQ Teh Bunga Rosella Ungu Kering / Roselle Tisane,Rp4.304,4304.0
teh,TEH SOSRO CELUP 30X2 GR,Rp7.050,7050.0
teh,Glaranadi Teh Bunga Lily Kering 10g / Dried Lily Flower Infusion,Rp9.900,9900.0
teh,Matchamu Hojicha Powder 50gr,Rp60.675,60675.0
teh,TEH BOTOL KTK 200 ML BD 6,Rp19.030,19030.0
teh,TEH POCI VANILA CELUP 25X2 GR,Rp7.910,7910.0
teh,Mamacia Treats Teh Bunga Globe Amaranth Red Flower Tea 250 - 1000 Gram,Rp212.500,212500.0
teh,Paket 3 Teh Pucuk Harum Jasmine MT 350 ml,Rp12.600,12600.0
teh,Poci Teh Celup Asli 25x2 Gram,Rp9.800,9800.0
teh,Bankitwangi Jasmine Tea 40gr - Teh Organik Premium,Rp42.250,42250.0
teh,Mamacia Treats Flower Tea Exclusive Pack Teh Herbal,Rp53.500,53500.0
teh,[BUY 1 GET 4] Sariwangi Asli Tea Bag 100 1 Karton FREE Tea Chest + Mug + UFS Edition Totebag,Rp324.000,324000.0
teh,HUANG GONG SSA CHRYSANTHEMUM GRANULE GRAM BOX 10 SACHET (200 GRAM),Rp31.010,31010.0
teh,Tea Heaven Artisan Tea Blend / Divine Mercy White Tea / Tea Heaven Gift,Rp92.990,92990.0
teh,Tea Heaven Red Oolong Tea Roasted Smoked,Rp85.990,85990.0
teh,Tea Heaven Pure Peppermint Tea Tisane,Rp59.990,59990.0
teh,TONG TJI TEA BLACK CELUP 50 GR,Rp8.440,8440.0
teh,MORIFA Teh Herbal Bunga Telang Kering Butterfly Pea Teh Telang Organik,Rp27.500,27500.0
teh,Paket 3 Teh Pucuk Harum Jasmine MT 500 ml,Rp21.000,21000.0
teh,jiang zhi tea teh asam urat herbal stabilkan bb halal dan BPOM greentea,Rp274.050,274050.0
teh,ITO EN Oi Ocha Green Tea No Sugar 500ml isi 24 pcs,Rp253.000,253000.0
teh,PAKET 15hari FazsTea- 20 Teh + 15 Fazs by CANDI,Rp199.999,199999.0
teh,CHRYSTEA || Liang Teh Premium,Rp30.000,30000.0
teh,CHRYSTEA || Golden Rose / Red Rose Tea 1 kg,Rp700.000,700000.0
teh,Teh Dandang Green Tea Amplop isi 100 tea bag,Rp56.250,56250.0
teh,Rose Gold Table Spoon with Clipper | Sendok Teh | TEMA Tea | Teawares - Spoons,Rp81.000,81000.0
teh,CHRYSTEA || Mint Tea 250gr,Rp175.000,175000.0
teh,SARIWANGI SARI MURNI 100 X 13 GR,Rp28.450,28450.0
teh,Tong Tji Teh Bubuk Premium 10S X 9 Gr,Rp11.760,11760.0
teh,Tong Tji Tea Super 80 Gr,Rp10.050,10050.0
teh,OTRA Teh Jati Cina Herbal Detox Alami 20 Tea Bag,Rp40.000,40000.0
teh,Dilmah Yum Earl Grey With Vanilla 100s - Teh Celup,Rp304.965,304965.0
teh,[BUNDLING 3pcs] Tong Tji Jasmine Tea 1 Box isi 15 Kantung Teh Celup ( Daun Teh dengan Bunga Melati ),Rp40.022,40022.0
teh,Singabera Lychee black - Black Tea - 2 packs @ 100g (loose tea),Rp99.000,99000.0
teh,[20kantong] MSAY TEA bersertifikat bpom kesehatan system membantu pencernaan,Rp38.996,38996.0
teh,"SUJI Sample Tube 150, Screw Cap GL 32, Red-Tabung Gelas Biji Kopi Teh",Rp63.000,63000.0
teh,Tea Heaven Lemon Green Tea Fruit Tea 40gr,Rp72.990,72990.0
teh,Teh Herbal Temulawak Gold Kayu Manis Obat Herbal Asam lambung isi 30 bag,Rp69.000,69000.0
teh,Mamacia Treats Teh Dried Lemon Kering (Exclusive Pack),Rp74.500,74500.0
teh,Mamacia Treats Teh Campuran Bunga Mix Floral Tea (Exclusive Pack),Rp143.500,143500.0
teh,GLARANADI - Teh Bunga Memelihara Kesehatan Mata / Telang Kering (Butterfly Pea Tea) 10 g,Rp11.800,11800.0
teh,TEH JAWA CELUP GREEN TEA 25S,Rp17.110,17110.0
teh,Tea Heaven Earl Grey Tea Mild 1kg,Rp192.990,192990.0
teh,AMATEA Jasmine Sky Tea Blend- Teh Hijau Blue Pea Jasmine isi 3 tea bag,Rp19.500,19500.0
teh,ITO EN Oi Ocha Green Tea No Sugar 500ml isi 3 pcs,Rp36.000,36000.0
teh,ITO EN Oi Ocha Green Tea No Sugar 500ml - Teh Hijau Sehat Antioksidan Bebas Gula,Rp14.100,14100.0
teh,KESEMUTAN & KEBAS JSR TEH RIMPANG BUMIFARM,Rp18.500,18500.0
teh,Ji Gu Cao Infusion - Teh Herbal Pereda Panas Dalam,Rp47.900,47900.0
teh,FRESTEA LEMON + LEMONGRASS 350 ML,Rp4.950,4950.0
teh,TEH KUMIS KUCING [Paket 2 Pack] - Teh Herbal Kesehatan Tubuh Atasi Permasalahan Batu Ginjal per pack isi 20 kantong Teh HALAL,Rp80.000,80000.0
teh,POKKA GREEN TEA 450ML,Rp10.000,10000.0
teh,CHRYSTEA || Pink French Rose Tea / Teh Bunga Mawar,Rp75.000,75000.0
teh,FRESTEA HONEY PET 350ML,Rp5.120,5120.0
teh,Dilmah Pure One Colour Camomile Flowers 25s - Teh Celup,Rp86.838,86838.0
teh,TONG TJI TEA BLACK CELUP 50 GR,Rp8.330,8330.0
teh,NU Green Tea Gula Batu PET 330 ml,Rp4.600,4600.0
teh,CHRYSTEA || Golden Chrysanthemum Tea 250gr,Rp275.000,275000.0
teh,NU Green Tea Gula Batu PET 450 ml (3 pcs),Rp17.900,17900.0
teh,Teh Dandang Bangsawan - Abang Rasa Menawan 800 gr,Rp53.250,53250.0
teh,SARIMURNI TEA BAG 25S X 1.6 GR,Rp8.330,8330.0
teh,TEH POCI VANILA CELUP 25X2 GR,Rp7.690,7690.0
teh,OSK Japanese Green Tea 50's paket 4 box,Rp639.600,639600.0
teh,Singabera Butterfly Roselle - Tisane - 2 packs @ 50 g,Rp176.000,176000.0
teh,Dilmah Exceptional Peppermint and English Toffee Tea - Teh Celup,Rp105.492,105492.0
teh,Tea Heaven Chai Masala Indian Black Tea 50gr,Rp92.990,92990.0
teh,PAKET 2 PACK OTRA Teh Sereh Kunyit Jahe Celup Premium Teh Herbal Daya Tahan Tubuh,Rp24.000,24000.0
teh,Singabera Jasmine Black - Black Tea / Teh Hitam - 12 Teabags,Rp35.000,35000.0
teh,[Promo] Tasseo Calming Lemongrass (1 box isi 20 premium tea bags),Rp61.000,61000.0
teh,Dilmah Yum Green Tea with Mint & Ginger 25s - Teh Celup,Rp75.581,75581.0
teh,LADY GREY | Big Tin | Cocodeli by Haveltea Organic |Teh Hitam Bergamot,Rp110.000,110000.0
teh,MOUNTAIN WHITE PEONY | The Grand Cru | Haveltea | Teh Putih | Loose Leaf,Rp175.000,175000.0
teh,Tea Heaven Indonesian Pekoe Green Tea Tin Canister 60gr,Rp92.990,92990.0
teh,Oolong Organic Tea | Teh Oolong | Oolong - TEMA Tea | Tea Bags 8 Servings | Classic,Rp111.000,111000.0
teh,Jasmine Tea | Teh Hijau Jasmine | Jasmine - TEMA Tea | Large Pouch 30 Servings | Blend,Rp232.000,232000.0
teh,Teh Jawa Vanila Tea Enveloped Celup isi 25,Rp15.000,15000.0
teh,3 PCS - Teh Kahuripan Teh Hitam Celup rasa Original 50 Gr,Rp25.620,25620.0
teh,SARIWANGI TEH ASLI 25 CELUP,Rp11.000,11000.0
teh,TEH SOSRO CELUP 30X2 GR - CELUP,Rp7.480,7480.0
teh,SARIWANGI JAHE KUNYIT TEA BAG ISI 25 PCS X 1.5 GR - TEH,Rp12.830,12830.0
teh,ITO EN Oolong Tea No Sugar 480ml isi 48 pcs - Teh Oolong Jepang Tanpa Gula 2 Box / 2 Ctn / 2 Dus,Rp570.700,570700.0
teh,Tong Tji Tea Black Celup 50 Gr,Rp8.330,8330.0
teh,SARIWANGI EARL GREY MILK TEA 5X22 GR,Rp32.090,32090.0
teh,ITO EN Oolong Tea No Sugar 480ml isi 6 pcs,Rp74.500,74500.0
teh,CAP PANDA CINCAU SELASIH 310 ML,Rp8.440,8440.0
teh,Homelab – Tenarai Uji Kyoto Ceremonial Matcha High Grade (20g),Rp159.990,159990.0
teh,TEH SOSRO CELUP 30X2 GR - CELUP,Rp7.480,7480.0
teh,TONG TJI TEA SUPER 80 GR - TEH,Rp9.990,9990.0
teh,Ultra Teh Kotak Jasmine Less Sugar 300Ml,Rp4.800,4800.0
teh,"Tong Tji Super Jasmine Tea 40g, Teh Seduh per Bal isi 10 slop",Rp548.250,548250.0
teh,MAXFOOD - Pure Black Tea Extract Powder / Bubuk Black Tea Murni 100,Rp78.900,78900.0
teh,Glaranadi Teh Hitam Earl Grey 13g / Earl Grey Black Tea,Rp8.900,8900.0
teh,Teh Rempah At Ta'if Membantu Menyembuhkan Kolesterol Dari Buah Bidara Dan Habbatussauda - Bahan Alami Organik Halal & BPOM,Rp51.000,51000.0
teh,KESEMUTAN & KEBAS JSR TEH RIMPANG BUMIFARM,Rp18.500,18500.0
teh,TEH KUMIS KUCING [Paket 2 Pack] - Teh Herbal Kesehatan Tubuh Atasi Permasalahan Batu Ginjal per pack isi 20 kantong Teh HALAL,Rp80.000,80000.0
teh,TEH JAWA CELUP JASMINE 50 GR,Rp12.830,12830.0
teh,[BUNDLING 3pcs] Tong Tji Jasmine Tea non Amplop isi 25 Kantung Teh Celup - Teh dengan Bunga Melati,Rp39.489,39489.0
teh,Pokka Lychee Tea 450 Ml Botol,Rp10.300,10300.0
teh,Tong Tji Teh Super 10 X 9 Gram,Rp11.400,11400.0
teh,Teh Lavender Beorganik / Lavender Tea Organik,Rp15.173,15173.0
teh,Teh Gelas PET - Original 350ml - 1 Karton Isi 12 Pcs,Rp85.800,85800.0
teh,Teh Celup Cap Botol Hijau Aroma Melati 25 Bags - Kemasan isi 5 Dus,Rp48.000,48000.0
teh,Kencono Sari Teh Herbal PasakBumi Celup 20 Kantung Original Pom Halal,Rp25.000,25000.0
teh,Matchamu Sweet Matcha 500gr,Rp181.170,181170.0
teh,Pokka Lemon Tea 450 Ml Minuman,Rp10.300,10300.0
teh,Nu Green Tea Less Sugar 450 Ml,Rp10.600,10600.0
teh,Twinings Teh Hijau Melati Celup (Green Tea Jasmine) 50x1.8gr,Rp181.691,181691.0
teh,Tea Heaven Jasmine Green Tea,Rp613.990,613990.0
teh,Bonteh Matcha Creamy Latte Bag,Rp29.669,29669.0
teh,Paket Teh Pucuk Harum Jasmine 250 ml Banded - Karton,Rp100.800,100800.0
teh,Teh Dandang Black Tea Renceng isi 8 teabag x 10 sachet,Rp17.750,17750.0
teh,Teh Dandang Vanilla FREE Containmini - Teh Celup isi 2 box @25 tea bag,Rp13.250,13250.0
teh,KESEMUTAN & KEBAS JSR TEH RIMPANG BUMIFARM,Rp18.500,18500.0
teh,Ji Gu Cao Infusion - Teh Herbal Pereda Panas Dalam,Rp47.900,47900.0
teh,FRESTEA LEMON + LEMONGRASS 350 ML,Rp4.950,4950.0
teh,TEH KUMIS KUCING [Paket 2 Pack] - Teh Herbal Kesehatan Tubuh Atasi Permasalahan Batu Ginjal per pack isi 20 kantong Teh HALAL,Rp80.000,80000.0
teh,POKKA GREEN TEA 450ML,Rp10.000,10000.0
teh,Singabera Nawakani Chai - Exotic Tea - 1 Kg,Rp907.500,907500.0
teh,Beeru Pure Matcha Powder 50 gram,Rp92.300,92300.0
teh,Dilmah T Med Refill Single Estate Darjeeling 100gr - Loose Tea - Daun Coklat Minuman,Rp358.609,358609.0
teh,"Tong Tji Jasmine Tea Celup dgn Amplop isi 100s, Teh Celup per Pack",Rp57.797,57797.0
teh,CHRYSTEA || Red Rosebud Tea / Golden Rose Tea,Rp45.000,45000.0
teh,CHRYSTEA || Osmanthus Tea 250gr,Rp400.000,400000.0
teh,Singabera Pure Peppermint - Tisane - (2 pouch @ 100 teabags),Rp660.000,660000.0
teh,MAXTEA TARIK 30 X 25 GR - TEH,Rp75.950,75950.0
teh,Paket Hemat TORTEA Teh Celup Torbangun Organik Asi Booster 5PCS,Rp105.300,105300.0
teh,REMPAHKARTA Paket Sehat Wedang Uwuh Special (30 Sachet),Rp185.961,185961.0
teh,Jakarta Timur,Rp36.006,36006.0
teh,[TWINPACK] Teh Jawa Black Tea Celup isi 100,Rp57.000,57000.0
teh,[BUNDLING 3pcs] Tong Tji Teh Hijau / Green Tea dengan Amplop isi 25 Kantung Teh Celup,Rp79.305,79305.0
teh,Mamacia Treats Teh Bunga Forget Me Not Flower Tea 10 - 100 Gram,Rp15.096,15096.0
teh,Teh Dandang Jasmine Renceng isi 8 teabag x 10 sachet,Rp20.250,20250.0
teh,Paket 3 Teh Pucuk Harum Less Sugar MT 350 ml,Rp12.600,12600.0
teh,Paket 4 Teh Pucuk Harum Less Sugar MT 350 ml,Rp16.800,16800.0
teh,AMATEA Chamomile Flower Tea Teh Bunga Chamomile 6 gram,Rp19.500,19500.0
teh,ITO EN Oi Ocha Green Tea Bags 1 Pack isi 20 Pcs,Rp101.900,101900.0
teh,Tong Tji Tea Super 80 Gr,Rp10.050,10050.0
teh,"Tong Tji Teh Super Jasmine Tea 80gr, Teh Seduh per Slop",Rp45.947,45947.0
teh,TEH JAWA CELUP GREEN TEA 25S,Rp17.110,17110.0
teh,PAKET 3 PACK OTRA Teh Sereh Kunyit Jahe Celup Premium Herbal Kesehatan Imun,Rp36.000,36000.0
teh,Herbal Tea Ramuan JSR Teh Indo Rimpang Ekstrak Sereh Kunyit Jeruk Nipis Jahe & Lengkuas Original,Rp75.000,75000.0
teh,ULTRA TEH KOTAK LEMON TP 300 ML,Rp4.480,4480.0
teh,TEH POCI VANILA CELUP 25X2 GR,Rp7.370,7370.0
teh,OSK JAPANESE GREEN TEA JASMINE 50 SACHET / MINUMAN / TEH Hijau Hitam,Rp100.000,100000.0
teh,Tong Tji Tea Black Celup 50 Gr,Rp8.330,8330.0
teh,Glaranadi Teh Bunga Delima 10g Penurun Kolesterol Pure Pomegranate Flower Tea,Rp24.900,24900.0
teh,Tea Heaven Vanilla Bourbon Tea Signature,Rp98.990,98990.0
teh,SUPERIOR OOLONG | The Grand Cru | Haveltea | Teh Oolong | Loose Leaf,Rp165.000,165000.0
teh,ITO EN Hojicha Roasted Green Tea No Sugar 500ml Isi 6 Pcs,Rp74.500,74500.0
teh,Bankitwangi Black Tea No. 17 100gr - Teh Organik Premium,Rp108.000,108000.0
teh,Paket Hemat 2 Bankitwangi Mountain Breeze 24gr + Mountain Breeze Tea 24gr | Teh Hijau & Mint Organik,Rp102.350,102350.0
teh,3 Kotak MaxTea Peach Tea (5 sachet) - Free 1 Kotak,Rp30.300,30300.0
teh,Sosro Teh Jasmine 200 Ml,Rp3.730,3730.0
teh,NU Yogurt Tea Berry Crush PET 450ML (3 pcs),Rp17.900,17900.0
teh,TEH BTL KOTAK SOSRO 250 ML,Rp3.950,3950.0
teh,TONG TJI TEA BLACK CELUP 50 GR - TEH,Rp8.440,8440.0
teh,NutriganiQ Teh Mawar Bunga Kering Tea Rose Bud Tisane,Rp10.000,10000.0
teh,Tea heaven Teh Globe Amaranth Purple Flower Tea Tisane,Rp210.990,210990.0
teh,Teh Jawa Black Tea Celup Per Karton (Isi 50 Pcs),Rp450.000,450000.0
teh,MAINDHI Teh Daun Insulin isi 30 Kantong Teh Celup Organik,Rp21.900,21900.0
teh,TEH AKAR BAJAKAH ASLI KALIMANTAN,Rp55.000,55000.0
teh,Mamacia Treats Colourful Chrysanthemum Flower Tea Teh Bunga Strawflower,Rp17.600,17600.0
teh,Teh Jawa Black Tea/Teh Hitam Celup isi 100,Rp28.500,28500.0
teh,TEH SOSRO CELUP 30X2 GR,Rp7.100,7100.0
teh,10 pcs Teh Kahuripan - Teh Hijau Celup rasa Melati,Rp113.900,113900.0
teh,Teh Hijau Super 150 gr (Teh Hijau Seduh),Rp43.700,43700.0
teh,Bankitwangi Downtown Tea 24gr - Teh Organik Premium,Rp71.250,71250.0
teh,Bankitwangi Organic Green Tea 40gr - Teh Hijau Organik,Rp37.000,37000.0
teh,"Joy Tea Sosro PET Oolong 350ml x 12 pcs,Unsweetened Tea, Teh Tanpa Gula",Rp88.000,88000.0
teh,Tong Tji Tea Black Celup 50 Gr,Rp7.480,7480.0
teh,TEH JAWA CELUP JASMINE 50 GR,Rp12.830,12830.0
teh,SOSRO TEH JASMINE 200 ML - MINUMAN,Rp3.730,3730.0
teh,FRESTEA APPLE PET 350 ML,Rp5.340,5340.0
teh,Mamacia Treats Teh Bunga Calendula Flower Tea 250 - 1000 Gram,Rp198.900,198900.0
teh,Teh Jawa Premium 45 gram per Pack (Isi 10 Pcs),Rp55.100,55100.0
teh,SOSRO TEH KOTAK 250 ML BD 6,Rp24.600,24600.0
teh,Matchamu Bundling Komorebi 15gr + Minori 15gr 2pcs,Rp74.000,74000.0
teh,Gardoe Hijau 40 gr ( 1 pack : 10 pcs ) - Teh Tubruk,Rp38.950,38950.0
teh,Tea Heaven Baby Chrysanthemum Tea Teh Krisantemum Krisan,Rp52.990,52990.0
teh,POKKA GREEN TEA 450ML,Rp10.000,10000.0
teh,Tea Heaven Royal Pearl Green Tea Gunpowder Teh Hijau Premium,Rp59.990,59990.0
teh,Ji Gu Cao Infusion - Teh Herbal Pereda Panas Dalam,Rp47.900,47900.0
teh,"Tong Tji Teh Super Jasmine Tea 80gr, Teh Seduh per Slop",Rp45.947,45947.0
teh,Tong Tji Tea Super 80 Gr,Rp10.050,10050.0
teh,ITO EN Oi Ocha Green Tea Bags 1 Pack isi 20 Pcs,Rp101.900,101900.0
teh,Herbal Tea Ramuan JSR Teh Indo Rimpang Ekstrak Sereh Kunyit Jeruk Nipis Jahe & Lengkuas Original,Rp75.000,75000.0
teh,PAKET 3 PACK OTRA Teh Sereh Kunyit Jahe Celup Premium Herbal Kesehatan Imun,Rp36.000,36000.0
teh,SUPERIOR OOLONG | The Grand Cru | Haveltea | Teh Oolong | Loose Leaf,Rp165.000,165000.0
teh,ITO EN Hojicha Roasted Green Tea No Sugar 500ml Isi 6 Pcs,Rp74.500,74500.0
teh,Bankitwangi Black Tea No. 17 100gr - Teh Organik Premium,Rp108.000,108000.0
teh,Paket Hemat 2 Bankitwangi Mountain Breeze 24gr + Mountain Breeze Tea 24gr | Teh Hijau & Mint Organik,Rp102.350,102350.0
teh,3 Kotak MaxTea Peach Tea (5 sachet) - Free 1 Kotak,Rp30.300,30300.0
teh,TEH POCI VANILA CELUP 25X2 GR,Rp7.370,7370.0
teh,OSK JAPANESE GREEN TEA JASMINE 50 SACHET / MINUMAN / TEH Hijau Hitam,Rp100.000,100000.0
teh,Sosro Teh Jasmine 200 Ml,Rp3.730,3730.0
teh,NU Yogurt Tea Berry Crush PET 450ML (3 pcs),Rp17.900,17900.0
teh,Tong Tji Tea Black Celup 50 Gr,Rp8.330,8330.0
teh,ULTRA TEH KOTAK LEMON TP 300 ML,Rp4.480,4480.0
teh,Glaranadi Teh Bunga Delima 10g Penurun Kolesterol Pure Pomegranate Flower Tea,Rp24.900,24900.0
teh,Tea Heaven Vanilla Bourbon Tea Signature,Rp98.990,98990.0
teh,TEH BTL KOTAK SOSRO 250 ML,Rp3.950,3950.0
teh,Teh Pucuk Harum Jasmine 350 Ml,Rp3.840,3840.0
teh,Teh Kayu Bajakah Asli Kalimantan Kayu Akar Bajakah,Rp78.500,78500.0
teh,ITO EN Jasmine Green Tea No Sugar 500ml isi 24 pcs,Rp265.600,265600.0
teh,Rimuno Teh Rimpang Imunobooster & Detox JSR Teh Rimpang Herbal Terbaik,Rp39.000,39000.0
teh,Twinings Teh Hijau Celup (Pure Green Tea) 10x2g,Rp47.600,47600.0
teh,Matchamu Sweet Matcha 1kg,Rp362.240,362240.0
teh,"Teh Celup Sosro 50 Tea Bags, Carton Pack (1 Karton isi 50 Box)",Rp540.000,540000.0
teh,Dilmah Lychee - Teh Celup Envelopes 100s,Rp272.996,272996.0
teh,POKKA NATSBEE HONEY LEMON 450 ML,Rp6.590,6590.0
teh,ITO EN OOLONG TEA 480 ML,Rp10.990,10990.0
teh,HUANG GONG SSA CHRYSANTHEMUM GRANULE GRAM BOX 10 SACHET (200 GRAM),Rp41.134,41134.0
teh,SARIWANGI EARL GREY MILK TEA 5X22 GR,Rp34.230,34230.0
teh,Globe Amaranth Tea Beorganik / Teh Bunga Amaranth Organik,Rp13.313,13313.0
teh,Osk Japanese Green Tea 20S,Rp86.700,86700.0
teh,TEMA Masters – NAMI | Premium Matcha – 30g / 100g,Rp203.000,203000.0
teh,MaxTea Tarikk (5 sachet),Rp16.100,16100.0
teh,Sariwangi Asli Tea Bag 100,Rp27.600,27600.0
teh,Kapsul Green Tea Herbal Teh Hijau Murni untuk Detoksifikasi Tubuh dan Melancarkan Metabolisme,Rp63.800,63800.0
teh,Kab. Subang,Rp22.500,22500.0
teh,[LIVE EXCLUSIVE] Teatoks Teh Herbal Detoks Isi 20 Kantong,Rp49.000,49000.0
teh,Mamacia Treats Teh Bunga Apple Blossom Flower Tea 250 - 1000 Gram,Rp193.800,193800.0
teh,Haveltea Pandanussa - Teh Hijau Pandan Harum Green Tea - Loose Leaf 25g,Rp59.000,59000.0
teh,Nu Green Tea Less Sugar 450ML 24pcs (1karton),Rp130.000,130000.0
teh,Sampler Box 12 Tea Bags 4 Variants | Kotak Sampler Teh | TEMA Tea | Hampers,Rp406.000,406000.0
teh,CHRYSTEA || White Chrysanthemum Tea 250gr,Rp275.000,275000.0
teh,Chamomile Herbal Tea | Teh Kamomil | Chamomile - TEMA Tea | Large Pouch 30 Servings | Classic,Rp267.000,267000.0
teh,Teh Dandang Tubruk Mix isi 1 slop Bonus Family Box,Rp40.000,40000.0
teh,SARIWANGI TEA BAG ASLI ISI 50 PCS - TEH,Rp14.860,14860.0
teh,TONG TJI TEH JASMINE FOIL PACK 25 PCS X 2 GR,Rp10.300,10300.0
teh,ULTRA TEH KOTAK RASA LEMON 300 ML,Rp4.150,4150.0
teh,Teh Ku-Ning ( Jati Cina ) mHs,Rp25.000,25000.0
teh,Singabera Pure Peppermint - Tisane - 4 Box @ 20 Sachet,Rp352.000,352000.0
teh,Dilmah T-Med Caddy Sencha Green Extra Special 95gr - Loose Tea,Rp218.768,218768.0
teh,Singabera Nawakani Chai - Spiced Black Tea - 2 pouch @ 100g,Rp242.000,242000.0
teh,Singabera Ginger - Herbal Infusion / Seduhan Herba - 2 packs @ 100g,Rp330.000,330000.0
teh,"Racikan Teh Nusantara Harum Brand Raja Teh Nusantara Wangi Sepet Kentel Enak Asli 50gr,100gr,250gr,500gr",Rp50.000,50000.0
teh,"Tong Tji Black Tea / Teh Hitam dgn Amplop isi 100s, Teh Celup Per Pack",Rp50.095,50095.0
teh,Kepala Djenggot Green Tea Premium 25's 50 gr + Lemon Tea Regular 1 Box isi 12's 30 gr - Bundle Produk,Rp38.595,38595.0
teh,REMPAHKARTA Wedang Uwuh Special (5 Sachet),Rp31.977,31977.0
teh,KEPALA JENGGOT TEA GREEN BAGS 60 GR,Rp21.390,21390.0
teh,Mamacia Treats Teh Bunga Red Carnation Flower Tea (Exclusive Pack),Rp58.900,58900.0
teh,Gardoe Hijau 40 gr ( 1 pack : 10 pcs ) - Teh Tubruk,Rp38.950,38950.0
teh,Tea Heaven Baby Chrysanthemum Tea Teh Krisantemum Krisan,Rp52.990,52990.0
teh,POKKA GREEN TEA 450ML,Rp10.000,10000.0
teh,Tea Heaven Royal Pearl Green Tea Gunpowder Teh Hijau Premium,Rp59.990,59990.0
teh,Ji Gu Cao Infusion - Teh Herbal Pereda Panas Dalam,Rp47.900,47900.0
teh,Dilmah T-Med Caddy The Original Earl Grey 100gr - Loose Tea - Daun Teh,Rp218.703,218703.0
teh,Mamacia Treats Teh Bunga Red Carnation Flower Tea (Exclusive Pack),Rp58.900,58900.0
teh,Paket Teh Pucuk Harum Jasmine 1300 ml - Karton,Rp83.400,83400.0
teh,Haveltea Susvada Rose Mango Tea - Fruity Green Tea Mango - Teh celup 30x3g,Rp174.825,174825.0
teh,SARIMURNI TEA BAG 25S X 1.6 GR,Rp8.120,8120.0
teh,SARIWANGI TEA BAG ASLI ISI 30 PCS - TEH,Rp8.010,8010.0
teh,Bankitwangi Black Tea 5gr - Teh Organik Premium,Rp7.000,7000.0
teh,TEH POCI VANILA CELUP 25X2 GR,Rp7.370,7370.0
teh,Teh Pucuk Harum Jasmine 350 Ml,Rp3.840,3840.0
teh,CAP PANDA CINCAU SELASIH 310 ML,Rp8.440,8440.0
teh,Lemon Tea Regular 12's 30 gr,Rp18.525,18525.0
teh,Homelab Matcha Ceremonial Grade Organic 30g Powder - Bubuk Minuman Premium Matcha Ceremonial Organik,Rp499.990,499990.0
teh,TEH PUCUK HARUM JASMINE 350 ML,Rp3.840,3840.0
teh,CAP PANDA CINCAU SELASIH 310 ML,Rp8.440,8440.0
teh,Teh Dandang Vanilla Tea Amplop isi 100 tea bag,Rp31.250,31250.0
teh,Teh Jawa Biru 9 gram per Pack (Isi 50 Pcs),Rp44.650,44650.0
teh,Teh Jawa Biru 40 gram per pcs (Isi 5 Pcs),Rp22.800,22800.0
teh,SARIMURNI TEH RB 20X1.8G,Rp6.940,6940.0
teh,TEH JAWA CELUP JASMINE 50 GR,Rp12.830,12830.0
teh,Sosro Teh Botol Jasmine Pet 450 Ml,Rp8.010,8010.0
teh,Jakarta Selatan,Rp99.068,99068.0
teh,Tea Heaven Green Tea Strawberry Teh Hijau Stroberi Artisan Tea Tin Canister,Rp151.990,151990.0
teh,Singabera Jasmine Green Sencha - Teh Hijau Melati-1 Box-15 Sachet,Rp63.940,63940.0
teh,Tea Heaven Osmanthus Flower Tea Premium Grade Organic Tisane,Rp1.016.990,1016990.0
teh,OSK Japanese Green Tea Original Isi 50 Sachet Paket 4 Box - Sencha Tea - Teh Hijau Original,Rp639.600,639600.0
teh,ULTRA TEH KOTAK RASA BLACKCURRANT 300 ML,Rp4.290,4290.0
teh,Dilmah Foil Envelope Strawberry 100s - Teh Celup Black Tea,Rp328.055,328055.0
teh,SOSRO TEH BOTOL JASMINE PET 450 ML,Rp7.990,7990.0
teh,TEMA Masters – JUN | Ceremonial Matcha – 20g / 30g / 100g,Rp289.000,289000.0
teh,Teh Dandang Tubruk Mix isi 1 slop Bonus Family Box,Rp40.000,40000.0
teh,TEH PUCUK JASMINE 1.36 LITER,Rp14.330,14330.0
teh,Singabera Tea & Tisane Petals of Aruna –Herbal infusion– 12 teabag,Rp60.000,60000.0
teh,FREE - ITO EN Oi Ocha 1000 ml,Rp999.999,999999.0
teh,Rolled Green Organic Tea | Teh Hijau | Rolled Green Tea - TEMA Tea | Loose Leaf 10 Servings | Classic,Rp115.000,115000.0
teh,KEPALA JENGGOT TEA GREEN BAGS 60 GR,Rp21.390,21390.0
teh,REMPAHKARTA Wedang Uwuh Special (5 Sachet),Rp31.977,31977.0
teh,AMATEA Oolong Osmanthus Tea 20 gram,Rp19.500,19500.0
teh,FREE LAUNDRY BOX SPECIAL OFFER LIMITED,Rp99.999,99999.0
teh,ITO EN Paket Koicha 500 ml 6 Pcs & Barley 500 ml 6 Pcs - Bundle Mix Teh Hijau Jepang Tanpa Gula,Rp158.100,158100.0
teh,3 Kotak MaxTea Apple Tea (5 sachet) - Free 1 Kotak,Rp30.300,30300.0
teh,PROMIL JSR TEH RIMPANG BUMIFARM,Rp20.150,20150.0
teh,ITO EN OOLONG TEA 480 ML - MINUMAN,Rp11.350,11350.0
teh,Singabera Jasmine Green - Teh Hijau Melati - 2 packs @ 100g (Loose tea),Rp143.000,143000.0
teh,Haveltea Banda Neira Chai Black Tea - Teh Hitam & Rempah - Loose Leaf 30g,Rp65.000,65000.0
teh,POKKA JASMINE GREENTEA 300ML CAN,Rp10.000,10000.0
teh,ULTRA TEH KOTAK BLACKCURRANT TP 300 ML,Rp4.700,4700.0
teh,NU Green Tea Original PET 450 ml (3 pcs),Rp17.900,17900.0
teh,Nu Green Tea Honey 330ML 24pcs (1karton),Rp89.200,89200.0
teh,Sosro Teh Jasmine 200 Ml,Rp3.730,3730.0
teh,TONG TJI TEA BLACK CELUP 50 GR,Rp8.330,8330.0
teh,Teh Gelas BIG - Original 250ml - [1 Pcs],Rp4.250,4250.0
teh,TEMA Masters – YAKO | Ceremonial Matcha – 20g / 30g,Rp289.000,289000.0
teh,FRESTEA HONEY PET 350ML,Rp5.340,5340.0
teh,[FREE GIFT - JANGAN DIBELI] Wellness Discovery Card,Rp999.999,999999.0
teh,Teh Seduh Melati Cap Botol Premium 100 gr (5 pcs)- Loose Tea,Rp105.000,105000.0
teh,Twinings - Strawberry & Mango 50gr / Teh Celup,Rp108.000,108000.0
teh,SARIMURNI TEA BAG 25S X 1.6 GR,Rp8.120,8120.0
teh,[EXCLUSIVE LIVE] BUY 2 GET 3 NEWLAB Fitlogy Tea Drink Reguler Free 1 Fitlogy Tea Herbs Mini| Herbal Tea | Minuman Teh Hijau Herbal | Membantu Melancarkan Pencernaan,Rp460.000,460000.0
teh,Mentalease Teh Herbal Penenang Pikiran dan Susah Tidur Aman Buat Ibu Menyusui - Isi 6 & 14 Tea Bag - Daun Bidara Rosemary & Pegagan,Rp45.000,45000.0
teh,TEH JAWA CELUP JASMINE 50 GR,Rp12.990,12990.0
teh,Tea Heaven Golden & Bloom Teh Bunga Chrysanthemum Krisan Goji Berry Tin Canister,Rp151.990,151990.0
teh,"Golden Hour Pouch, Oza Tea, Black Tea",Rp14.900,14900.0
teh,Saqeenature Teh Celup Rosella Darusyifa BPOM TR241002091 20 Sachet @ 2 Gram Kaya Vitamin C & Beta Karoten,Rp27.500,27500.0
teh,Ji Gu Cao Infusion - Teh Herbal Pereda Panas Dalam,Rp47.900,47900.0
teh,Tea Heaven Royal Pearl Green Tea Gunpowder Teh Hijau Premium,Rp59.990,59990.0
teh,ULTRA TEH KOTAK RASA MANGGA 300 ML,Rp4.800,4800.0
teh,GLOWING JSR TEH RIMPANG BUMIFARM,Rp16.895,16895.0
teh,Kepala Jenggot Teh Hijau Celup 60 Gram,Rp33.600,33600.0
teh,Tea Heaven Japanese Matcha Powder 50/100gr,Rp133.990,133990.0
teh,Matchamu Bundle Matcha Powder 50gr 4pcs,Rp180.000,180000.0
teh,Mentalease Teh Herbal Penenang Pikiran dan Susah Tidur Aman Buat Ibu Menyusui - Isi 6 & 14 Tea Bag - Daun Bidara Rosemary & Pegagan,Rp45.000,45000.0
teh,[BUNDLING 3pcs] Tong Tji Teh Jeruk Purut isi 20 Kantung Teh Celup per Pack,Rp55.208,55208.0
teh,SARIWANGI TEA BAG ASLI ISI 30 PCS - TEH,Rp8.010,8010.0
teh,Teh Jahe Kunyit Sereh Temulawak Celup Citra Bumi Farm Herbal Detox Sehat Lambung Imun - 30 Celup,Rp25.000,25000.0
teh,TEH SOSRO CELUP 30X2 GR,Rp7.480,7480.0
teh,NUTRAVIORA Teh Raga Jawara Resep Rempah Pria Subur Premium JSR Botanikal Herbal,Rp25.900,25900.0
teh,ITO EN Paket Koicha 500 ml 6 Pcs & Oolong 500 ml 6 Pcs - Bundle Mix Teh Hijau Jepang Tanpa Gula,Rp138.100,138100.0
teh,Jian Care Diabedon Tea - Teh Celup Herbal Untuk Membantu Ringankan Gejala Kencing Manis,Rp229.000,229000.0
teh,Teh Dandang Merah slop 40gr isi 10 pcs - Teh Melati,Rp44.250,44250.0
teh,Tea Heaven Jasmine Green Tea 40gr,Rp67.990,67990.0
teh,CHRYSTEA || Teh Daun Kelor / Molie 250gr,Rp225.000,225000.0
teh,Chamomile Herbal Tea | Teh Kamomil | Chamomile - TEMA Tea | Tea Bags 8 Servings | Classic,Rp111.000,111000.0
teh,Black Berries Tea | Teh Hitam Berries | Cosmopolitan - TEMA Tea | Loose Leaf 10 Servings | Blend,Rp116.000,116000.0
teh,Butterfly Pea Lemongrass Herbal Tea | Teh Bunga Telang Serai | Winter - TEMA Tea | Large Pouch 30 Servings | Herbal,Rp227.000,227000.0
teh,Homelab – Ujinoko Uji Kyoto Premium Ceremonial Matcha (20g),Rp225.000,225000.0
teh,TEH PUCUK Harum Jasmine Minuman Teh Instant [350 mL] - Karton,Rp100.800,100800.0
teh,SARIMURNI TEH RB 20X1.8 GR,Rp6.090,6090.0
teh,CAP PANDA CINCAU SELASIH 310 ML,Rp6.800,6800.0
teh,Dilmah Exceptional Berry Sensation Tea 50s - Teh Celup,Rp337.703,337703.0
teh,4 BOX NORADIX TEH HERBAL UNTUK KESEHATAN ISI 20,Rp199.000,199000.0
teh,Mamacia Treats Teh Bunga Globe Amaranth Red Flower Tea [Exclusive Pack],Rp49.000,49000.0
teh,[Promo] Tasseo Darjeeling 20 Bags - Premium Tea Bag,Rp61.000,61000.0
teh,Teh Dandang Selection 400gr - Teh Tubruk - Kemasan Pack 400gr,Rp46.250,46250.0
teh,OTRA Teh Hijau Celup 20 Bags Herbal Perut Buncit Daun Teh Hijau Asli,Rp40.000,40000.0
teh,Tea Heaven Chocolate Tea Artisan Cocoa Premium Cafe 100gr,Rp164.990,164990.0
teh,Fruit Tea Sosro Kotak Blackcurrant 200ml x 24 pcs,Rp70.000,70000.0
teh,Arnav Daun Teh Jasmine 500 Gr - Premium Jasmine Tea Leaves,Rp54.500,54500.0
teh,GLARANADI Teh Bunga Carnation - S / Pure Carnation Flower,Rp14.900,14900.0
teh,Twinings - Green Tea Jasmine 50x2gr / Teh Celup,Rp158.000,158000.0
teh,Teh Pucuk Harum Jasmine 350 Ml,Rp3.840,3840.0
teh,NU Green Tea Original PET 330 ml (3 pcs),Rp12.250,12250.0
teh,CAP PANDA CINCAU SELASIH 310 ML,Rp8.440,8440.0
teh,NU Yogurt Tea PET 450 ml (3 pcs),Rp17.900,17900.0
teh,Tea Heaven Asia Single Origin Okumidori 33 Ceremonial Matcha,Rp494.990,494990.0
teh,Jakarta Selatan,Rp65.000,65000.0
teh,SOSRO TEH KOTAK 250 ML BD 6,Rp24.600,24600.0
teh,POKKA JASMINE GREEN TEA 450 ML,Rp8.120,8120.0
teh,Singabera Tisane Krakatau Sunset – Fruity Blend-1 Box-15 Sachet,Rp71.930,71930.0
teh,SOSRO TEH BOTOL JASMINE PET 450 ML,Rp7.370,7370.0
teh,ULTRA TEH KOTAK RASA LEMON 300 ML,Rp4.800,4800.0
teh,Dilmah Premium Ceylon Tag Tbag 25s - Teh Celup Tea,Rp50.782,50782.0
teh,TEH JAWA CELUP JASMINE 50 GR,Rp12.830,12830.0
teh,Tea Heaven Japanese Matcha Powder 500gr,Rp225.990,225990.0
teh,TEH JAWA CELUP JASMINE 50 GR,Rp12.830,12830.0
teh,Red Tea Ball / Bola Daun Teh Merah 1 Pcs,Rp10.800,10800.0
teh,TEH POCI VANILA CELUP 25X2 GR,Rp7.370,7370.0
teh,MAXFOOD - Kiwi Tea Powder Drink / Bubuk Teh Rasa Kiwi,Rp69.100,69100.0
teh,Tea Heaven Gyokuro Handpicked Japanese Green Tea Teh Hijau Jepang Premium,Rp93.990,93990.0
teh,ITO EN Barley Tea No Sugar 500ml isi 24 pcs,Rp281.396,281396.0
teh,CHAMOMILE | Pouch | Cocodeli by Haveltea Organic | Floral Green Tea,Rp489.510,489510.0
teh,Singabera Jasmine Black - Black tea (2 pouch @ 100 teabags),Rp484.000,484000.0
teh,Kepala Jenggot Tea Green Bags 60 Gr,Rp23.700,23700.0
teh,Singabera Tisane Krakatau Sunset –Fruity blend – 2 Pouch @100g,Rp473.000,473000.0
teh,Dilmah English Breakfast Envelopes 10s – Teh Celup,Rp37.179,37179.0
teh,Mamacia Treats Teh Rosemary Tea (Exclusive Pack),Rp76.300,76300.0
teh,Tea Heaven Golden & Bloom Teh Bunga Chrysanthemum Krisan Goji Berry Tin Canister,Rp151.990,151990.0
teh,"Golden Hour Pouch, Oza Tea, Black Tea",Rp14.900,14900.0
teh,Saqeenature Teh Celup Rosella Darusyifa BPOM TR241002091 20 Sachet @ 2 Gram Kaya Vitamin C & Beta Karoten,Rp27.500,27500.0
teh,Ji Gu Cao Infusion - Teh Herbal Pereda Panas Dalam,Rp47.900,47900.0
teh,Tea Heaven Royal Pearl Green Tea Gunpowder Teh Hijau Premium,Rp59.990,59990.0
teh,Mamacia Treats Teh Rosemary Tea (Exclusive Pack),Rp76.300,76300.0
teh,Teh Jawa Special Gift (Jasmine dan Black Tea) GRATIS GELAS CANTIK,Rp26.000,26000.0
teh,Tea Heaven Forget Me Not Flower Tea,Rp283.990,283990.0
teh,Teh Jawa Special Gift (Black Tea dan Vanila) GRATIS GELAS CANTIK,Rp22.000,22000.0
teh,Long Green Organic Tea | Teh Hijau | Long Green Tea - TEMA Tea | Loose Leaf 10 Servings | Classic,Rp111.000,111000.0
teh,TEH PUCUK JASMINE 1.3 LITER,Rp14.330,14330.0
teh,TEH JAWA CELUP JASMINE 50 GR,Rp12.830,12830.0
teh,Tea Heaven Wild Shou Mei Aged White Tea Teh Putih Cina Premium,Rp65.990,65990.0
teh,ITO EN Paket Koicha 500 ml 3 Pcs & Oolong 500 ml 3 Pcs - Bundle Mix Teh Hijau Jepang Tanpa Gula,Rp74.800,74800.0
teh,TONG TJI Jasmine Tea Teh Celup Jasmin 25s x 2 gr,Rp16.200,16200.0
teh,Singabera Bengawan Solo-Black Tea-4 Box @15sachet,Rp211.200,211200.0
teh,ULTRA TEH KOTAK BLACKCURRANT TP 300 ML,Rp3.950,3950.0
teh,TONGTJI TEA SUPER 250 GR - CELUP,Rp26.400,26400.0
teh,TEH POCI VANILA CELUP 25X2 GR,Rp7.910,7910.0
teh,CAP PANDA CINCAU SELASIH 310 ML,Rp8.440,8440.0
teh,FRESTEA MELATI + LECI 350 ML,Rp5.340,5340.0
teh,Singabera Chamomile Lemongrass - Seduhan Herba - 4 box @ 20sachet,Rp281.600,281600.0
teh,Tong Tji Tea Black Celup 50 Gr,Rp8.760,8760.0
teh,Tea Heaven Asia Pure Matcha Ceremonial China Origin,Rp110.990,110990.0
teh,Tong Tji Tea Super 80 Gr,Rp8.550,8550.0
teh,TEH POCI VANILA CELUP 25X2 GR,Rp7.050,7050.0
teh,5 PCS - Teh Kahuripan Teh Hijau Celup rasa Melati 50 Gr,Rp56.950,56950.0
teh,ITO EN Paket Koicha 500 ml 3 Pcs & Hojicha 500 ml 3 Pcs - Bundle Mix Teh Hijau Jepang Tanpa Gula,Rp74.800,74800.0
teh,REMPAHKARTA Wedang Uwuh Special (5 Sachet),Rp31.977,31977.0
teh,Frestea Botol All Variant 1500 Ml,Rp24.200,24200.0
teh,[BUNDLING 3pcs] Tong Tji Teh Hijau / Green Tea dengan Amplop isi 25 Kantung Teh Celup,Rp79.305,79305.0
teh,Haveltea Java Jasmine Teh Bunga Melati Black Tea Flower,Rp55.000,55000.0
teh,Kencono Sari Teh Daun Jati Cina Celup Membantu Masalah Pada Pencernaan,Rp20.000,20000.0
teh,AZBO Teh Detox 2pcs Free 1 pcs (Get 3 ) Herbal Alami - Minuman Greentea Alami - Pembersih Usus Kotor - Halal & Thoyyib,Rp195.800,195800.0
teh,Tea Heaven Teh Hitam Black Tea Broken Orange Pekoe,Rp111.990,111990.0
teh,Tianshi teh jiang zhi tea Teh Hijau Herbal Solusi Asam Urat dan Kolesterol,Rp357.000,357000.0
teh,TEH PUCUK HARUM JASMINE 500ML,Rp6.590,6590.0
teh,NUTIVER Teh Bunga Krisan Organik Organic Chrysanthemum Tea Herbal Menenangkan Tanpa Kafein,Rp21.418,21418.0
teh,[FREE GIFT] Teh Jawa Black Tea Sachet Min Blj 60rb,Rp999.999,999999.0
teh,Paket Cemil Santaiiiiiiiiii,Rp58.000,58000.0
teh,Tea Heaven Matcha Latte 100gr,Rp59.990,59990.0
teh,CHRYSTEA || Jasmine Greentea/Teh Jasmine Greentea,Rp12.000,12000.0
teh,GLARANADI - Teh Buah Anti Aging / Goji Berry (Pure Ningxia Goji Berry Fruit) 10 g,Rp10.200,10200.0
teh,ITO EN Barley Tea No Sugar 500ml isi 6 pcs,Rp80.900,80900.0
teh,CHRYSTEA || Rosella Tea 250gr,Rp250.000,250000.0
teh,CHRYSTEA || Mixed Chrysanthemum Tea 250gr,Rp205.000,205000.0
teh,GLARANADI - Teh Herbal untuk Laktasi / Women Lactation,Rp42.476,42476.0
teh,Mamacia Treats Teh Bunga Jasmine Flower Tea (Exclusive Pack),Rp47.000,47000.0
teh,KEPALA JENGGOT TEA GREEN BAGS 60 GR - TEH,Rp21.920,21920.0
teh,Chamomile Lemongrass Herbal Tea | Teh Kamomil Serai | Snooze - TEMA Tea | Tea Bags 8 Servings | Herbal,Rp111.000,111000.0
teh,Black Breakfast Tea | Teh Hitam Breakfast | Indonesian Breakfast - TEMA Tea | Large Pouch 30 Servings | Classic,Rp221.000,221000.0
teh,Teh Putih White Tea Premium Silver Needle,Rp151.990,151990.0
teh,ITO EN Oi Ocha 1000 ml 3 Pcs - Teh Antioksidan Sehat,Rp68.700,68700.0
teh,ITO EN Paket Jasmine Tea 3 pcs & Oi Ocha Tea 3 pcs - Bundle Mix,Rp71.200,71200.0
teh,Bankitwangi Organic Black Tea Bag 3gr - Teh Hitam Organik Kemasan Teh Celup,Rp7.000,7000.0
teh,TEH BTL KOTAK SOSRO 250 ML,Rp4.270,4270.0
teh,TEH JAWA CELUP JASMINE 50 GR,Rp12.830,12830.0
teh,5 PCS - Teh Kahuripan Teh Hitam Celup rasa Vanilla 50 Gr,Rp49.800,49800.0
teh,5 PCS - Teh Kahuripan Teh Hitam Celup rasa Original 50 Gr,Rp42.700,42700.0
teh,ULTRA TEH KOTAK RASA LEMON 300 ML,Rp4.800,4800.0
teh,Teh Jawa Biru 80 gram per Pack ( Isi 5 Pcs ),Rp44.650,44650.0
teh,Haveltea Moroccan Mint Green Tea - Teh Hijau Mint Harum Premium - Teh celup 15x1.5gr,Rp60.000,60000.0
teh,FRUIT TEA FREEZE PET 500ML - MINUMAN,Rp7.370,7370.0
teh,ITO EN Hojicha Roasted Green Tea No Sugar 500ml Isi 12 Pcs,Rp136.100,136100.0
teh,SARIMURNI TEA BAG 25S X 1.6 GR,Rp8.120,8120.0
teh,Tong Tji Tea Black Celup 50 Gr,Rp8.330,8330.0
teh,TONG TJI TEA SUPER 80 GR,Rp9.300,9300.0
teh,Tea Heaven Chai Masala Indian Black Tea 50gr,Rp92.990,92990.0
teh,Tea Heaven Blueberry Black Tea Artisan Fruit Tea,Rp67.990,67990.0
teh,Mamacia Treats Teh Bunga Globe Amaranth Purple Flower Tea 10 - 100 Gram,Rp15.606,15606.0
teh,Teh Pucuk Harum Jasmine 350 Ml,Rp3.840,3840.0
teh,"Paket Bundling Bankitwangi Organic Pandanus Tea 24gr, Enliven Tea 24gr, Down Town Tea 24gr",Rp160.600,160600.0
teh,Jakarta Selatan,Rp99.000,99000.0
teh,TEMA Masters – MIZU | Premium Matcha – 30g / 100g,Rp266.000,266000.0
teh,Tong Tji Teh Racikan Istimewa Label Hijau Varian A per 1 pcs (500 gram),Rp55.208,55208.0
teh,SARIMURNI TEA BAG 25S X 1.6 GR,Rp8.990,8990.0
teh,Singabera Pure Chamomile - Herbal - Organic - 2 pouch @ 50g,Rp242.000,242000.0
teh,TEH POCI VANILA CELUP 25X2 GR,Rp7.100,7100.0
teh,Mamacia Treats Teh Bunga Violet Flower Tea (Exclusive Pack),Rp48.250,48250.0
teh,Tea Heaven Royal Pearl Green Tea Gunpowder Teh Hijau Premium,Rp59.990,59990.0
teh,ICHITAN THAI MILK COFFEE SALTED CARAMEL 300 ML,Rp10.050,10050.0
teh,White Rose Tea | Teh Putih Rose | Grace - TEMA Tea | Tea Bags 8 Servings | Blend,Rp133.500,133500.0
teh,White Butterfly Pea Tea | Teh Putih Bunga Telang | Beauty - TEMA Tea | Large Pouch 30 Servings | Blend,Rp256.000,256000.0
teh,Hibiscus Chamomile Herbal Tea | Teh Rosella Kamomil | Summer - TEMA Tea | Large Pouch 30 Servings | Herbal,Rp227.000,227000.0
teh,AMATEA Premium Indian Assam Tea - Teh Assam India 20 gram,Rp19.500,19500.0
teh,TEH PUCUK JASMINE 1.36L,Rp14.110,14110.0
teh,Teh Jawa Black Tea Enveloped Celup isi 25,Rp15.000,15000.0
teh,Black Manggo Tea | Teh Hitam Mangga | Bliss - TEMA Tea | Large Pouch 30 Servings | Blend,Rp232.000,232000.0
teh,TEH BTL KOTAK SOSRO 250 ML,Rp3.200,3200.0
teh,"【Private Domain-VIP-A】Expce Teh Herbal 12 Sachet, Segar Alami, Relaksasi Setiap Hari",Rp85.800,85800.0
teh,Floral Tea Infusion Teh Bunga Sachet : Booster Tea Relax Glowing Womb Beauty Sleeping Tea,Rp7.250,7250.0
teh,Tea Heaven Sleep Tea Chamomile Lavender Tisane 35gr,Rp158.990,158990.0
teh,Jakarta Selatan,Rp244.755,244755.0
teh,Haveltea Asana Bleu Ginger Tea - Herbal Bunga Telang & Jahe - Teh celup 30x3g,Rp209.790,209790.0
teh,Nu Green Tea Original 330ML 24pcs (1karton),Rp89.200,89200.0
teh,TWG - Milk Oolong (Teabags) - Teh TWG,Rp618.000,618000.0
teh,SARIMURNI TEA BAG 25S X 1.6 GR,Rp6.940,6940.0
teh,Nu Milk Tea 330ML 24pcs (1karton),Rp163.900,163900.0
teh,Dilmah Pure Camomile Flower Tea - Teh Celup Infusion,Rp287.655,287655.0
teh,Sosro Teh Botol Kotak 1000 Ml,Rp14.400,14400.0
teh,Max Tea Bag Tarikk 30X25 Gr,Rp113.200,113200.0
teh,Tong Tji Celup Jasmine Non-Env 25'S,Rp17.300,17300.0
teh,Pucuk Harum Tea Jasmine 1300 Ml,Rp20.300,20300.0
teh,Sosro Teh Botol Kotak 200 Ml,Rp4.400,4400.0
teh,TONG TJI TEA SUPER 80 GR,Rp11.010,11010.0
teh,TEH BOTOL KTK 200 ML BD 6,Rp17.590,17590.0
teh,Tea Heaven Teh Hijau Bancha Cold Brew Green Tea,Rp65.990,65990.0
teh,Mentalease Solusi Untuk Menenangkan Pikiran Anxiety Minuman Herbal Tea Daun Rosemary & Bidara Instan Mentalease Isi 14 Bag 3gr Teabag Efek Relaksasi Cepat,Rp45.000,45000.0
teh,Matchamu Bundle MPS Kana + Komorebi + Minori 15gr,Rp112.000,112000.0
teh,Tea Heaven Ocha Japanese Green Tea Teh Hijau Jepang,Rp125.990,125990.0
teh,PAKET 3 BULAN TEH HIJAU & OLIVE OIL BYSARAHAHMAD,Rp750.000,750000.0
teh,Sariwangi Teh Celup Tea Bag 50Pc Multi Pack,Rp47.600,47600.0
teh,GLARANADI Teh Rimpang Teh Kunyit Jahe Serai Lengkuas 50 Tea Bag Rempah JSR Detox Imunitas,Rp32.900,32900.0
teh,TEH POCI VANILA CELUP 25X2 GR,Rp7.370,7370.0
teh,Mamacia Treats Teh Bunga Red Carnation Flower Tea 250 - 1000 Gram,Rp220.000,220000.0
teh,Bloom Blossom Teh Bunga Rosela Grosir / Pure Hibiscus Roselle Flowers,Rp211.900,211900.0
teh,Chamomile Lemongrass Herbal Tea | Teh Kamomil Serai | Snooze - TEMA Tea | Large Pouch 30 Servings | Herbal,Rp267.000,267000.0
teh,CHRYSTEA || Chrysanthemum Tea sachet 250gr,Rp180.000,180000.0
teh,NU GREEN TEA ROYAL JASMINE 450 ML,Rp7.450,7450.0
teh,TONGTJI TEA JASMINE 25 PCS X 2 GR,Rp13.000,13000.0
teh,Tea Heaven Hojicha Premium Organik 40gr,Rp47.990,47990.0
teh,Fruit Tea Sosro BlackCurrant Kaleng / Can 318ml isi 20 pcs,Rp100.000,100000.0
teh,Double Wall Glass Tea Cup 50ml | Cangkir Teh Kaca | TEMA Tea | Teawares - Cups,Rp47.000,47000.0
teh,Tea Heaven Marigold Calendula Tisane Teh Bunga 25gr,Rp59.990,59990.0
teh,Tea Heaven Teh Bunga Melati Jasmine Flower Buds Tea Tisane Blend,Rp534.990,534990.0
teh,ITO EN Oolong Tea No Sugar 480ml isi 120 pcs,Rp1.318.700,1318700.0
teh,AMATEA Spice Masala Tea Blend- Black Tea Cardamon Cinnamon Ginger,Rp19.500,19500.0
teh,Haveltea Amala Rose White Tea - Teh Mawar Harum Premium - Teh celup 10x2g,Rp99.000,99000.0
teh,TEH POCI VANILA CELUP 25X2 GR,Rp7.910,7910.0
teh,Teh Dandang 2 in 1 - Teh Gula Tebu [1 box/10 bungkus],Rp9.900,9900.0
teh,Tong Tji Tea Black Celup 50 Gr,Rp8.330,8330.0
teh,TONG TJI TEA SUPER 80 GR,Rp9.300,9300.0
teh,Tea Heaven Chai Masala Indian Black Tea 50gr,Rp92.990,92990.0
teh,Tea Heaven Blueberry Black Tea Artisan Fruit Tea,Rp67.990,67990.0
teh,Mamacia Treats Teh Bunga Globe Amaranth Purple Flower Tea 10 - 100 Gram,Rp15.606,15606.0
teh,Haveltea Nalesha Peach Tea - Fruity Green Tea Peach - Teh celup 15x3g,Rp99.000,99000.0
teh,Haveltea Susvada Rose Mango Tea - Fruity Green Tea Mango - Teh celup 5x3g,Rp99.000,99000.0
teh,Powder Lemon Tea La Terra 1 kg,Rp118.750,118750.0
teh,Mahavita Matcha Barista Pure Green Tea Powder Bubuk Teh Daun Hijau Jepang Murni,Rp437.200,437200.0
teh,ULTRA TEH KOTAK JASMINE LESS SUGAR 300 ML,Rp4.700,4700.0
teh,CHRYSTEA || Mixed Chrysanthemum Tea,Rp13.000,13000.0
teh,Mamacia Treats Teh Bunga Rosemary Flower Tea 250 - 1000 Gram,Rp137.700,137700.0
teh,Mamacia Treats Teh Bunga Peppermint Flower Tea 250 - 1000 Gram,Rp164.000,164000.0
teh,"Eternal Night Pouch, Oza Tea, Black Tea",Rp9.900,9900.0
teh,LIPTON STL ENV GREEN TEA 25S X 2 GR,Rp65.500,65500.0
teh,ITO EN Oi Ocha Green Tea No Sugar 500ml isi 24 pcs - Khusus Instant,Rp346.000,346000.0
teh,[Paket 3 Kaleng] Teh Rempah At Ta'if - Bantu Atasi Benjolan - Bahan Alami Organik Halal & BPOM,Rp153.000,153000.0
teh,WRP Tea 10 Sachet - Teh Kesehatan,Rp87.990,87990.0
teh,Haveltea Ararya Jasmine Green Tea - Teh Melati Harum Premium - Teh celup 5x3g,Rp95.000,95000.0
teh,Sosro Teh Botol Jasmine Pet 450 Ml,Rp6.840,6840.0
teh,TONG TJI TEA BLACK CELUP 50 GR - TEH,Rp8.440,8440.0
teh,AZBO Paket Lambung Tenang | Teh Kopasanda & Madu Gutcare | Bantu Redakan Asam Lambung & Perut Perih,Rp184.000,184000.0
teh,Haveltea Nalesha Peach Tea - Fruity Green Tea Peach - Teh celup 5x3g,Rp99.000,99000.0
teh,"S-tee Botol PET 390ml isi 12 pcs, Minuman Teh Melati",Rp38.000,38000.0
teh,ITO EN Barley Tea No Sugar 500ml isi 12 pcs,Rp158.800,158800.0
teh,Es Teh Poci Teh Krampul Selasih | Carton isi 15 Renteng - 150 pcs | Instant Powder Tea,Rp242.000,242000.0
teh,"[Promo] Teh Celup Sosro Heritage Single Estate, 1 Box isi 25 tea bags / kantung teh (Java Black Tea)",Rp27.000,27000.0
teh,Twinings Everyday Gift Set 40s,Rp198.099,198099.0
teh,Black Tea Powder Instant / Instant Tea Powder 250 GR,Rp159.900,159900.0
teh,Tong Tji Teh Celup Jasmine 50 gram Sayurbox,Rp15.700,15700.0
teh,Chrysanthemum Tea Box isi 10 Sachet / Panas Dalam / Teh Instan / Minuman Kesehatan /,Rp40.460,40460.0
teh,Dilmah Luxury Presenter 12 Slots - Box Teh Dilmah,Rp2.441.000,2441000.0
teh,Tea Heaven Pandan Green Tea High Mountain,Rp318.990,318990.0
teh,TEH POCI VANILA CELUP 25X2 GR,Rp7.100,7100.0
teh,Singabera Tisane- Nyonya Grey - 12 teabag,Rp60.000,60000.0
teh,Kepala Djenggot Teh Merah Celup dan Teh Melati Celup - Bundling,Rp18.414,18414.0
teh,Singabera Tea & Tisane Butterfly Mint –Telang & Mint– 12 teabag,Rp65.000,65000.0
teh,Singabera Preanger Genmaicha - Green tea-12 Teabags,Rp35.000,35000.0
teh,Paket 3pcs Bunga Rosella Merah Kering Alami 50 gram,Rp69.000,69000.0
teh,Qahira Paket lengkap Qahira MInyak oles Qahira Madu Teh Qahira,Rp95.000,95000.0
teh,Chrysanthemum Granule / Krisantemum Serbuk,Rp30.500,30500.0
teh,Kepala Djenggot Lemon Tea Regular 30gr x 2 pcs - Teh Rasa Buah Lemon,Rp36.270,36270.0
teh,TEH BOTOL Original Minuman Teh Melati Btl 350 ml,Rp5.700,5700.0
teh,TEH BTL KOTAK SOSRO 250 ML,Rp3.400,3400.0
teh,DELFI HOT COCOA INDULGANCE 3IN1 ISI 20 SACHET X 25 GR - COKELAT,Rp65.500,65500.0
teh,Haveltea Black Tea Imperial - Teh Hitam Premium (Vanilla Notes) - Loose Leaf 30g,Rp55.000,55000.0
teh,Fruit Tea Sosro Genggam BlackCurrant 200ml x 24 pcs,Rp70.000,70000.0
teh,ITO EN Oi Ocha Green Tea No Sugar 300ml isi 12 pcs,Rp78.100,78100.0
teh,ITO EN Jasmine Green Tea No Sugar 500ml isi 120 pcs,Rp1.224.000,1224000.0
teh,Teh Jawa Signature Fine Loose Black Tea 100gr,Rp66.000,66000.0
teh,Teh Jawa Premium 45 gram per pcs (Isi 5 Pcs),Rp28.500,28500.0
teh,SOSRO TEH BOTOL JASMINE PET 450 ML,Rp7.480,7480.0
teh,casheli Teh Penumbuh Rambut Herbal Tea 30 Tea Bags,Rp162.600,162600.0
teh,TONG TJI TEA SUPER 80 GR - TEH,Rp9.620,9620.0
teh,CHRYSTEA || Pink Rose Tea 250gr,Rp170.000,170000.0
teh,Singabera Chamomile Lemongrass - Herbal infusion-2 pouch @ 100 teabag,Rp594.000,594000.0
teh,Gift Box Hampers Tea with Glass & Spoon | Kotak Hadiah Teh | TEMA Tea | Gifts,Rp667.000,667000.0
teh,CHRYSTEA || Chamomile Tea 250gr,Rp345.000,345000.0
teh,CHRYSTEA || Violet Orchid Tea,Rp50.000,50000.0
teh,Thai Tea Murni 500 g,Rp232.850,232850.0
teh,TEH SOSRO CELUP 30X2 GR,Rp7.100,7100.0
teh,SOSRO TEH KOTAK 250 ML BD 6,Rp19.500,19500.0
teh,Mamacia Treats Teh Serai Lemongrass Tea (Exclusive Pack),Rp57.500,57500.0
teh,Mamacia Treats Premium Blended Tea Greta / Rose Orange White Tea / Teh Putih,Rp32.000,32000.0
teh,20 pcs Teh Herbal Lemon D'tox Tea Laoats,Rp39.999,39999.0
teh,"Golden Hour Pouch, Oza Tea, Black Tea",Rp14.900,14900.0
teh,KESEMUTAN & KEBAS JSR TEH RIMPANG BUMIFARM,Rp18.500,18500.0
teh,Tong Tji Tea Black Celup 50 Gr,Rp8.330,8330.0
teh,FRESTEA LEMON + LEMONGRASS 350 ML,Rp4.950,4950.0
teh,Tea Heaven Chai Masala Indian Black Tea 50gr,Rp92.990,92990.0
teh,AMATEA Earl Grey Citrus Tea Blends- Black Tea Rose Citrus isi 3 teabag,Rp19.500,19500.0
teh,Teh Pandan Murni Premium Organik Pure Pandan Leaves Tea Heaven,Rp40.990,40990.0
teh,TEH JAWA CELUP JASMINE 50 GR,Rp12.510,12510.0
teh,Dilmah T Med Refill Moroccan Mint 80gr - Loose Tea - Daun Teh Kering,Rp94.377,94377.0
teh,TEH BTL KOTAK SOSRO 250 ML,Rp3.950,3950.0
teh,Teh Senna Leaf Asli Spesialis Detoks Usus,Rp39.000,39000.0
teh,TONG TJI TEA SUPER 80 GR - TEH,Rp9.300,9300.0
teh,TEH POCI VANILA CELUP 25X2 GR,Rp7.100,7100.0
teh,[Promo] Tasseo Java Jasmine (1 box isi 20 premium tea bags),Rp61.000,61000.0
teh,Jakarta Selatan,Rp69.930,69930.0
teh,Teh Jawa Biru 40 gram per Pack (Isi 10 Pcs),Rp44.650,44650.0
teh,TEH JAWA CELUP JASMINE 50 GR,Rp12.830,12830.0
teh,Tea Heaven Bourbon Vanilla Black Tea 80gr,Rp131.990,131990.0
teh,Saqeenature Teh Celup Rosella Darusyifa BPOM TR241002091 20 Sachet @ 2 Gram Kaya Vitamin C & Beta Karoten,Rp27.500,27500.0
teh,Mamacia Treats Premium Blended Tea Greta / Rose Orange White Tea / Teh Putih,Rp32.000,32000.0
teh,"Obat Benjolan Kanker Ampuh | Oksitea, Teh Herbal Organik, Obat Kanker",Rp34.890,34890.0
teh,20 pcs Teh Herbal Lemon D'tox Tea Laoats,Rp39.999,39999.0
teh,Dilmah Earl Grey Tea 25s One Colour - Teh Celup,Rp86.838,86838.0
teh,MAHAVITA Java Black Tea Grade BP Untuk Bisnis Aneka Minuman di Cafe Teh Hitam Original Tanpa Pewangi,Rp26.000,26000.0
teh,Tea Heaven Teh Hijau Organik Rendah Kafein,Rp77.990,77990.0
teh,Teh Dandang Vanilla Renceng isi 8 teabag x 10 sachet,Rp17.750,17750.0
teh,Black Cinnamon Chai Tea | Teh Hitam Kayu Manis Chai | Autumn - TEMA Tea | Tea Bags 8 Servings | Blend,Rp103.500,103500.0
teh,Green Peach Tea | Teh Hijau Peach | Sunshine - TEMA Tea | Large Pouch 30 Servings | Blend,Rp296.000,296000.0
teh,ITO EN Paket Jasmine Tea 6 pcs & Barley Tea 6 pcs - Bundle Mix,Rp151.100,151100.0
teh,SARIWANGI TEH MELATI TEA BAG ISI 25 PCS X1.9 GR,Rp11.330,11330.0
teh,OSK Japanese Green Tea with Jasmine (50 Sachet),Rp159.900,159900.0
teh,Haveltea Amala Rose White Tea - Teh Mawar Harum Premium - Teh celup 5x2g,Rp99.000,99000.0
teh,Paket 3 Teh Pucuk Harum Jasmine 250 ml Banded,Rp75.600,75600.0
teh,Chamomile Lemongrass Herbal Tea | Teh Kamomil Serai | Snooze - TEMA Tea | Loose Leaf 10 Servings | Herbal,Rp115.000,115000.0
teh,Mamacia Treats Teh Bunga Honeysuckle Flower Tea (Exclusive Pack),Rp62.000,62000.0
teh,Haveltea Pandanussa - Teh Hijau Pandan Harum Green Tea - Teh celup 30x2.5g,Rp157.343,157343.0
teh,Haveltea Black Tea Imperial - Teh Hitam Premium (Vanilla Notes) - Teh celup 15x3g,Rp50.000,50000.0
teh,TEH POCI VANILA CELUP 25X2 GR,Rp7.370,7370.0
teh,REMPAHKARTA Wedang Uwuh Special Big (5 Sachet),Rp34.927,34927.0
teh,Haveltea Papilio Oolong Berry Tea - Fruity Teh Oolong - Teh celup 30x3g,Rp220.280,220280.0
teh,Kepala Djenggot Green Tea Family Size 100gr x 2 pcs - Teh Hijau Tubruk Seduh,Rp50.220,50220.0
teh,SOSRO TEH JASMINE 200 ML - MINUMAN,Rp3.730,3730.0
teh,Tong Tji Black Tea / Teh Hitam non Amplop isi 15 Kantung Teh Celup Per KARTON isi 30 pack,Rp138.150,138150.0
teh,Teh Pucuk Harum Jasmine Less Sugar 350Ml,Rp3.840,3840.0
teh,Kepala Jenggot Tea Green Bags 60 Gr,Rp24.060,24060.0
teh,Haveltea Pandanussa - Teh Hijau Pandan Harum Green Tea - Teh celup 15x2.5g,Rp95.000,95000.0
teh,Silver Queen Green Tea 22 Gram,Rp17.400,17400.0
teh,TEH JAWA CELUP JASMINE 50 GR,Rp13.400,13400.0
teh,Sariwangi Tb Asli Rock 30X1.85 Gram,Rp12.900,12900.0
teh,Pucuk Harum Tea Jasmine 350 Ml,Rp6.200,6200.0
teh,Dilmah Yum Earl Grey With Vanilla 25s - Teh Celup,Rp66.116,66116.0
teh,ULTRA TEH KOTAK LEMON TP 300 ML,Rp4.800,4800.0
teh,Jakarta Selatan,Rp244.755,244755.0
teh,Tea Heaven Gyokuro China Origin,Rp151.990,151990.0
teh,Mamacia Treats Teh Bunga Golden Edge Rose Flower Tea 250 - 1000 Gram,Rp165.000,165000.0
teh,NutriganiQ Kayu Secang Serut Teh Herbal / Sappanwood Herbal Tea,Rp5.000,5000.0
teh,TEH JAWA CELUP JASMINE 50 GR,Rp12.890,12890.0
teh,DELFI HOT COCOA INDULGANCE 3IN1 ISI 20 SACHET X 25 GR - COKELAT,Rp66.990,66990.0
teh,TEH SOSRO CELUP 30X2 GR - CELUP,Rp8.990,8990.0
teh,Tea Heaven Hojicha Tea Bag Japanese Roasted Green Tea,Rp151.990,151990.0
teh,Twinings - Pure Camomile 50x2gr / Teh Celup,Rp202.000,202000.0
teh,Dilmah Silver Jubilee Gourmet - Breakfast Tea,Rp443.839,443839.0
teh,TEH POCI VANILA CELUP 25X2 GR,Rp7.910,7910.0
teh,Ji Gu Cao Infusion - Teh Herbal Pereda Panas Dalam,Rp47.900,47900.0
teh,NutriganiQ Teh Melati Utuh Kering / Dried Jasmine Flower Tea,Rp10.000,10000.0
teh,"Golden Hour Pouch, Oza Tea, Black Tea",Rp14.900,14900.0
teh,KESEMUTAN & KEBAS JSR TEH RIMPANG BUMIFARM,Rp18.500,18500.0
teh,Tong Tji Tea Black Celup 50 Gr,Rp8.330,8330.0
teh,FRESTEA LEMON + LEMONGRASS 350 ML,Rp4.950,4950.0
teh,Tea Heaven Chai Masala Indian Black Tea 50gr,Rp92.990,92990.0
teh,ULTRA TEH KOTAK LEMON TP 300 ML,Rp4.800,4800.0
teh,TEH JAWA CELUP JASMINE 50 GR,Rp13.400,13400.0
teh,Sariwangi Tb Asli Rock 30X1.85 Gram,Rp12.900,12900.0
teh,Pucuk Harum Tea Jasmine 350 Ml,Rp6.200,6200.0
teh,Silver Queen Green Tea 22 Gram,Rp17.400,17400.0
teh,Dilmah Yum Earl Grey With Vanilla 25s - Teh Celup,Rp66.116,66116.0
teh,Arnav Green Tea Leaves - Premium Daun Teh Hijau 500 Gr,Rp106.000,106000.0
teh,Matchamu Matcha First Harvest Series,Rp172.000,172000.0
teh,"Tong Tji Super Jasmine Tea 9g, Teh Seduh per Slop - Teh dengan Bunga Melati",Rp41.119,41119.0
teh,"S-tee Kotak 200ml isi 24 pcs , paSteeaphari",Rp49.000,49000.0
teh,Teh Dandang Merah Bulk 5kg - Kemasan Karton,Rp350.000,350000.0
teh,[HARGA SPESIAL] Sariwangi Teh Hitam Asli 1.85g Isi 50 Kantung (Isi 5),Rp59.500,59500.0
teh,HUANG GONG SSA CHRYSANTHEMUM GRANULE GRAM BOX 10 SACHET (200 GRAM),Rp31.642,31642.0
teh,TEH BUNGA TELANG - BUMI ORGANIK,Rp22.638,22638.0
teh,Tea Heaven Javanese Jasmine Roasted Green Tea,Rp125.990,125990.0
teh,CHRYSTEA || Globe Amaranth Tea 250gr,Rp275.000,275000.0
teh,CHRYSTEA || Lavender Tea 250gr,Rp240.000,240000.0
teh,Dilmah T Sachet Young Hyson Green Tea 50s - Teh Celup,Rp385.947,385947.0
teh,HANYA DI LIVE - PAKET HEMAT TEH HERBAL RELAKSASI - PRBLKSS,Rp89.000,89000.0
teh,Paket 3pcs Teh Bunga Mawar Kering | Rose Bud Tisane 15 Gram,Rp57.000,57000.0
teh,GLARANADI Teh Buah Hawthorn - M / Pure Hawthorn Fruit,Rp49.000,49000.0
teh,Singabera Tea & Tisane Kemuning Summer– Calming Tea– 12 teabag,Rp65.000,65000.0
teh,Kepala Djenggot Green Tea Premium 25's 50 gr + Blackcurrant Tea Regular 1 Box isi 12's 30 gr - Bundle Produk,Rp38.595,38595.0
teh,TEH JAWA CELUP JASMINE 50 GR,Rp12.510,12510.0
teh,AMATEA Premium Earl Grey Tea 20 gram,Rp19.500,19500.0
teh,Mamacia Treats Premium Flower tea in jar Souvenir Teh Bunga Tisane (2),Rp22.500,22500.0
teh,Black Organic Tea | Teh Hitam | Black Tea - TEMA Tea | Loose Leaf 10 Servings | Classic,Rp104.000,104000.0
teh,Teh Jawa Jasmine Tea/Teh Melati Celup isi 25,Rp14.000,14000.0
teh,TEH PUCUK HARUM PET 250 ML,Rp3.520,3520.0
teh,ITO EN Oolong Tea No Sugar 480ml isi 12 pcs,Rp135.100,135100.0
teh,ULTRA TEH KOTAK APPLE TP 300 ML,Rp3.950,3950.0
teh,Tong Tji Tea Black Celup 50 Gr,Rp8.760,8760.0
teh,TEH PUCUK HARUM JASMINE 500ML,Rp6.940,6940.0
teh,Teh Detox Rimpang JSR Rimuno - Teh Jahe Kunyit Lengkuas Serai Lemon,Rp35.000,35000.0
teh,ITO EN Koicha Green Tea No Sugar 500ml 12 pcs - Teh Hijau Jepang Tanpa Gula Sehat Antioksidan,Rp174.600,174600.0
teh,Bankitwangi Imperial Black Tea 1kg - Teh Organik Premium,Rp1.262.500,1262500.0
teh,Kepala Djenggot Teh Melati Celup 50 gr x 4 pcs,Rp40.768,40768.0
teh,ULTRA TEH KOTAK RASA LEMON 300 ML,Rp4.800,4800.0
teh,"SPECIAL PROMO! Bundle Teh Jawa Gold, Premium, dan Biru",Rp15.345,15345.0
teh,Dilmah Exceptional Peppermint and English Toffee 50s,Rp355.477,355477.0
teh,POKKA JASMINE GREEN TEA 450 ML,Rp6.590,6590.0
teh,DILMAH PURE GREEN TEA TEA BAG ISI 20 PCS X 1.5 GR - TEH,Rp48.990,48990.0
teh,Teh Jawa Gold 45 g per Pack ( Isi 10 Pcs ),Rp57.000,57000.0
teh,Tong Tji Tea Super 80 Gr,Rp10.050,10050.0
teh,TONG TJI TEA SUPER 80 GR,Rp9.300,9300.0
teh,TEH JAWA CELUP JASMINE 50 GR,Rp13.680,13680.0
teh,SPECIAL TEA EXTRA STRONG 16 SACHET,Rp56.608,56608.0
teh,"Golden Hour Pouch, Oza Tea, Black Tea",Rp14.900,14900.0
teh,Silver Table Spoon with Clipper | Sendok Teh | TEMA Tea | Teawares - Spoons,Rp81.000,81000.0
teh,Lohankuo Zhenzhu Juhua (Dengan Chrysanthemum) - Isi 10,Rp39.800,39800.0
teh,Daun Teh Hitam Alami Organik Black Tea Original Tanpa Campuran 400 Gr,Rp90.000,90000.0
teh,"[Promo] Teh Seduh Cap Poci Aroma Vanilla - 10 Pcs x 50 gr, Asli Indonesia Dari Daun Teh Pilihan",Rp40.000,40000.0
teh,ITO EN Oolong Tea No Sugar 480ml isi 3 pcs,Rp38.900,38900.0
teh,ITO EN Oi Ocha Green Tea No Sugar 1000ml - Teh Antioksidan Sehat,Rp25.600,25600.0
teh,Nian Si Wei Herbal Tea - Teh Herbal Pereda Panas Dalam,Rp40.300,40300.0
teh,JAPO Pure Matcha Powder 100 gr,Rp80.000,80000.0
teh,Singabera Parahyang Sencha - Green Tea- 1 Box - 15 Sachet,Rp63.940,63940.0
teh,TEH SOSRO CELUP 30X2 GR,Rp7.480,7480.0
teh,"Forest Berry Pouch, Oza Tea, Black Tea",Rp9.900,9900.0
teh,TONG TJI TEA SUPER 80 GR - TEH,Rp9.620,9620.0
teh,POKKA GREEN TEA 450ML,Rp10.000,10000.0
teh,FRESTEA LEMON + LEMONGRASS 350 ML,Rp4.950,4950.0
teh,Silver Table Spoon with Clipper | Sendok Teh | TEMA Tea | Teawares - Spoons,Rp81.000,81000.0
teh,Tea Heaven Chai Masala Indian Black Tea 50gr,Rp92.990,92990.0
teh,KESEMUTAN & KEBAS JSR TEH RIMPANG BUMIFARM,Rp18.500,18500.0
teh,Bankitwangi Green Tea 1kg - Teh Hijau Organik,Rp287.500,287500.0
teh,Pure Lavender Buds | Tea Heaven | Teh Lavender Murni Organik Premium,Rp104.990,104990.0
teh,Jakarta Selatan,Rp65.000,65000.0
teh,Glaranadi Teh Akar Astragalus Kering 10g / Pure Dried Astragalus Root Infusion,Rp9.900,9900.0
teh,2 Box ITO EN Oi Ocha 300ml No Sugar isi 48 pcs,Rp293.000,293000.0
teh,casheli Teh Dandelion Root Herbal Daun Tea Minuman,Rp43.500,43500.0
teh,Twinings - Green Tea Jasmine -Teh Hijau Jasmine,Rp88.000,88000.0
teh,TEH PUCUK HARUM PET 250 ML,Rp2.990,2990.0
teh,Tong Tji Celup Jasmine 25'S,Rp22.700,22700.0
teh,(SPECIAL BUNDLING) Detogreen Bundling 2 Pcs Teh Herbal,Rp180.000,180000.0
teh,Kencono Sari Teh Daun Insulin Celup 20 Kantung Membantu Menurunkan Kadar Gula Darah & Meningkatkan Daya Tahan Tubuh Tea Instan Herbal,Rp20.000,20000.0
teh,Kab. Sleman,Rp159.000,159000.0
teh,Singabera Pure Chamomile - Herbal - Organic - 1 Box -15 Sachet,Rp71.930,71930.0
teh,Pucuk Harum Less Sugar 350Ml,Rp6.100,6100.0
teh,Sosro Teh Celup 2In1 5X18 Gram,Rp7.400,7400.0
teh,Twinings Teh Hitam Celup Rasa Bergamot (Earl Grey Tea) 50x2gr,Rp181.000,181000.0
teh,Teh Curan Insulin Kencono Sari Original - Isi 30gr,Rp7.000,7000.0
teh,Adem Sari Ching Ku Madu Lemon Tea 5x350 Ml dan Sparkling Lemon 3x320Ml,Rp87.200,87200.0
teh,Singabera Preanger Genmaicha - Green Tea / Teh Hijau Jepang - 1 kg,Rp528.000,528000.0
teh,Jakarta Selatan,Rp99.068,99068.0
teh,Health Today Premium Lychee Tea Powder,Rp95.500,95500.0
teh,Sariwangi Teh Celup Enveloped 100TB Twinpack,Rp94.200,94200.0
teh,Fruit Tea Sosro Genggam Strawberry Stroberi 200ml x 24 pcs,Rp70.000,70000.0
teh,Tea Heaven Masala Chai Loose Leaf Indian Black Tea,Rp257.990,257990.0
teh,Green Strawberry Tea | Teh Hijau Strawberry | Happy - TEMA Tea | Large Pouch 30 Servings | Blend,Rp256.000,256000.0
teh,Exioncare Paket Hemat [G] Teh Hijau Greentea Premium Isi Purple series - 50 gr & Orange 1 Pouch - Isi 20 Tea Bags,Rp129.938,129938.0
teh,AMATEA 'Tea and Blue Sakura' Exclusive Hamper Kado Gift,Rp225.000,225000.0
teh,[3 RENCENG] Tong Tji Jasmine Tea 1 Renceng isi 10 Sachet ( Daun Teh dengan Bunga Melati ),Rp58.650,58650.0
teh,Twinings Exclusive Medium Gift Set,Rp350.000,350000.0
teh,Singabera Parahyang Sencha - Green Tea (2 pouch @ 100 teabags),Rp484.000,484000.0
teh,Teh Pucuk Harum Jasmine 1.360 ml Sayurbox,Rp18.900,18900.0
teh,CHRYSTEA || Pink Rose Tea 1 kg,Rp650.000,650000.0
teh,CHRYSTEA || Red Carnation Tea,Rp55.000,55000.0
teh,"Tong Tji Premium Jasmine Tea 50g, Teh Seduh per Bal isi 10 slop",Rp663.000,663000.0
teh,CHRYSTEA || Teh Bunga Telang / Blue Pea Tea / Butterfly Pea Tea,Rp65.000,65000.0
teh,Tea Heaven Pandan Green Tea Organic 35gr,Rp119.990,119990.0
teh,Javana Teh Melati Pet 350Ml,Rp2.700,2700.0
teh,Kepala Jenggot Tea Green Bags 60 Gr,Rp20.500,20500.0
teh,SARIMURNI TEA BAG 25S X 1.6 GR,Rp7.550,7550.0
teh,"Teh Rempah Acuris | Obat Asam Urat, Teh Herbal Rempah Sehat Urat Tea",Rp34.890,34890.0
teh,[TWINPACK] Teh Jawa Vanila Tea/Teh Vanila Celup isi 25,Rp18.400,18400.0
teh,Tea Heaven Silver Needle White Tea Teh Putih 15gr,Rp72.990,72990.0
teh,Teh Jawa Vanila Tea Celup isi 25 per Pack (isi 5 Pcs),Rp46.000,46000.0
teh,[PRODUK BARU] Tong Tji Breakfast Tea isi 15 Pyramid Tea Bag (Teh Celup),Rp75.862,75862.0
teh,Tea Heaven Golden & Bloom Teh Bunga Chrysanthemum Krisan Goji Berry Tin Canister,Rp151.990,151990.0
teh,[Promo] Tasseo Pure Green 20 Bags - Premium Tea Bag,Rp61.000,61000.0
teh,Dilmah T Med Refill Jasmine Pear Dragon - White Tea 100gr Bunga Kuning,Rp312.488,312488.0
teh,Tea Heaven Pure Lemongrass Tea Organic,Rp105.990,105990.0
teh,Mamacia Treats Premium Blended Tea Mielle / Chrysant Pu Erh Tea 100 Gr / Teh Bunga Teh Pu Erh Mixed,Rp31.500,31500.0
teh,Tea Heaven Pure Unsweetened Bubuk Thai Tea Powder Bulk Cafe,Rp162.990,162990.0
teh,Bankitwangi Mountain Breeze Tea 3gr - Teh Organik Premium,Rp6.200,6200.0
teh,Bankitwangi Black Tea 1kg - Teh Organik Premium,Rp287.500,287500.0
teh,Sehatin Teh Celup Daun Sirsak Herbal Alami,Rp39.000,39000.0
teh,Bankitwangi White Tea 60gr - Teh Organik Premium,Rp228.000,228000.0
teh,Bankitwangi Organic White Tea 36gr - Teh Putih Organik,Rp175.000,175000.0
teh,Teh Celup Daun Jati Cina Hikmah Herbal Membantu Menjaga Kesehatan,Rp15.000,15000.0
teh,KEPALA JENGGOT TEA HIJAU SUPER 150 GR,Rp47.400,47400.0
teh,Teh Jawa Green Tea Enveloped Celup isi 25,Rp28.500,28500.0
teh,2 Box ITO EN Oi Ocha 500ml No Sugar isi 48 pcs,Rp479.200,479200.0
teh,TEH JAWA CELUP JASMINE 50 GR,Rp12.830,12830.0
teh,POKKA GREEN TEA 450ML,Rp10.000,10000.0
teh,FRESTEA LEMON + LEMONGRASS 350 ML,Rp4.950,4950.0
teh,Silver Table Spoon with Clipper | Sendok Teh | TEMA Tea | Teawares - Spoons,Rp81.000,81000.0
teh,Tea Heaven Chai Masala Indian Black Tea 50gr,Rp92.990,92990.0
teh,KESEMUTAN & KEBAS JSR TEH RIMPANG BUMIFARM,Rp18.500,18500.0
teh,Mamacia Treats Teh Bunga Globe Amaranth Purple Flower Tea 10 - 100 Gram,Rp15.606,15606.0
teh,Mahavita Matcha SAITAMA Pure Ceremonial Grade 30g Bubuk Teh Hijau Murni,Rp503.600,503600.0
teh,Haveltea Berrybiscous Tea - Hibiscous Tea Rosella Fruity Red Berry - Teh celup 30x3g,Rp199.301,199301.0
teh,Dilmah T Med Refill Pure Camomile Flowers - Loose Tea Daun Teh Kering Bunga Herbal,Rp119.899,119899.0
teh,SARIWANGI TEH MELATI 100 X 19 gr,Rp39.750,39750.0
teh,Mamacia Treats Teh Bunga Calendula Flower Tea [Exclusive Pack],Rp47.000,47000.0
teh,Jakarta Barat,Rp100.000,100000.0
teh,Teh Jawa Black Tea Celup isi 25 per Pack ( isi 5 Pcs),Rp45.000,45000.0
teh,Artisan Tea Blend / Lady of Fatima / Tea Heaven,Rp164.990,164990.0
teh,ITO EN Paket Koicha 500 ml 1 Pcs & Hojicha 500 ml 1 Pcs - Bundle Mix Teh Hijau Jepang Tanpa Gula,Rp26.600,26600.0
teh,"Ito En Paket Green Tea Oi Ocha Family Bundle 3 pcs - Oi Ocha 500ml 1 pcs, Hojicha 500ml 1 pcs, Koicha 500ml 1 pcs",Rp35.100,35100.0
teh,AMATEA Mojitea Tea Blend - Lemongrass Ginger Black Tea isi 3 tea bag,Rp19.500,19500.0
teh,Teh Jahe Kunyit Sereh Lengkuas Citra Bumi Farm Herbal Alami Kesehatan Sendi - 30 Celup,Rp33.000,33000.0
teh,White Rose Tea | Teh Putih Rose | Grace - TEMA Tea | Large Pouch 30 Servings | Blend,Rp319.000,319000.0
teh,Tea Heaven Teh Puer Jeruk Tangerine Puerh Chinese Tea Ball Orange Peel,Rp14.990,14990.0
teh,TEAPLUS - Teh Celup Manis (10 tea bag),Rp12.400,12400.0
teh,Dilmah Fun Tea Mango & Strawberry Envelope 20s,Rp105.492,105492.0
teh,PREANGER GREEN TEA | The Grand Cru | Haveltea | Teh Hijau | Loose Leaf,Rp90.000,90000.0
teh,SARIMURNI TEA BAG 25S X 1.6 GR,Rp8.330,8330.0
teh,ESSENLI Earl Grey Tea / Teh Earl Grey,Rp65.500,65500.0
teh,Silver Needle Tea | Teh Silver Needle | Silver Needle - TEMA Tea | Loose Leaf 10 Servings | Classic,Rp139.000,139000.0
teh,TEH KOTAK RASA MELATI 200 ML,Rp5.064,5064.0
teh,SOSRO TEH JASMINE 200 ML - MINUMAN,Rp3.730,3730.0
teh,Koleksi Teh Hijau Teh Putih Celup,Rp14.900,14900.0
teh,TEH PUCUK HARUM PET 250 ML,Rp3.730,3730.0
teh,CAP PANDA CINCAU SELASIH 310 ML,Rp8.230,8230.0
teh,FRUIT TEA X-TREME 500 ML - MINUMAN,Rp7.800,7800.0
teh,NU Green Tea Less Sugar PET 450 ml (3 pcs),Rp17.900,17900.0
teh,Sosro Teh Botol Jasmine Pet 450 Ml,Rp7.480,7480.0
teh,Tea Heaven Asia Ceremonial Matcha 1kg,Rp1.999.990,1999990.0
teh,CAP PANDA CINCAU SELASIH 310 ML,Rp8.550,8550.0
teh,Djenggot Biru 40 gr ( 1 pack : 10 pcs ),Rp35.150,35150.0
teh,Sosro Teh Celup 30 X 2 Gram,Rp11.200,11200.0
teh,Nu Green Tea Honey 450 Ml,Rp9.500,9500.0
teh,TEH PUCUK JASMINE 1.3 LITER,Rp14.110,14110.0
teh,Wellness Gift Set 40s Twinings,Rp350.000,350000.0
teh,Teh Dandang Black Tea Bulk 5kg - Kemasan Karton,Rp210.000,210000.0
teh,Black Organic Tea | Teh Hitam | Black Tea - TEMA Tea | Large Pouch 30 Servings | Classic,Rp198.000,198000.0
teh,OSK Japanese Green Tea Original with Jasmine Isi 50 Sachet - Teh Hijau Jasmin Original,Rp159.900,159900.0
teh,Teh Celup Kumis Kucing Kencono Sari Minuman Herbal Sehat Ginjal Original Halal,Rp34.900,34900.0
teh,4 BOX NORADIX TEH HERBAL UNTUK KESEHATAN TUBUH ISI 20,Rp199.000,199000.0
teh,Tea Heaven Chamomile Flowers Premium Organik Bunga Kamomil Murni,Rp59.990,59990.0
teh,TEMA Tea Escape - Mini Three Triangle Kit Limited Edition Gift Set | Set Hadiah dengan 3 Mini Three Teh + Travel Tag,Rp415.000,415000.0
teh,Tea Heaven Artisan Tea Blend / Mary's Garden / Tea Heaven,Rp134.990,134990.0
teh,1 SACHET TONG TJI Tematik I Teh Herbal Tematik I Minuman Teh Herbal,Rp9.600,9600.0
teh,Haveltea Chamomile Lavender Tea - Floral Tea Harum Premium - Teh celup 5x3g,Rp99.000,99000.0
teh,Haveltea Crysantmint Tea - Herbal Bunga Krisan Chrysanthemum & Mint - Loose Leaf 30g,Rp59.000,59000.0
teh,ITO EN Jasmine Green Tea No Sugar 500ml isi 6 pcs,Rp74.900,74900.0
teh,Lipton Stl Enveloped Forest Berries 25X2G,Rp74.500,74500.0
teh,Teh Seduh Cap Poci Mas (Gold) 40 gr 10 pcs - Teh Poci - Loose Tea,Rp47.000,47000.0
teh,Teh Dandang Putih Bulk 5kg - Kemasan Karton,Rp330.000,330000.0
teh,Herbanusa Daun Ungu Handeuleum Kering Obat Herbal Wasir dan Ambein Paling Ampuh,Rp15.000,15000.0
teh,Black Berries Tea | Teh Hitam Berries | Cosmopolitan - TEMA Tea | Large Pouch 30 Servings | Blend,Rp244.000,244000.0
teh,Haveltea Toraja Breakfast Black Tea - Teh Hitam Premium (Cacao Notes) - Teh celup 15x3g,Rp50.000,50000.0
teh,Madu Bajakah Borneo Asli Original Teuku Wisnu BPOM Bajaka wisnumart,Rp495.000,495000.0
teh,Earl Grey Black Tea Artisan Organic Hotel Resto Cafe Teh Premium,Rp98.990,98990.0
teh,"Tong Tji Teh Super Jasmine Tea 40g, Teh Seduh per Slop",Rp38.144,38144.0
teh,Lo Han Kuo Infusion 12's SSA,Rp30.500,30500.0
teh,ESSENLI Butterfly pea Tea / Teh Bunga Telang,Rp33.000,33000.0
teh,Teh Dandang Jasmine Tea Amplop isi 100 tea bag,Rp36.250,36250.0
teh,Tea Heaven Baby Chrysanthemum Tea Teh Krisantemum Krisan,Rp52.990,52990.0
teh,CHAMOMILE | Pouch | Cocodeli by Haveltea Organic | Floral Green Tea,Rp489.510,489510.0
teh,Tea Heaven Blueberry Black Tea Artisan Fruit Tea,Rp67.990,67990.0
teh,KESEMUTAN & KEBAS JSR TEH RIMPANG BUMIFARM,Rp18.500,18500.0
teh,Silver Table Spoon with Clipper | Sendok Teh | TEMA Tea | Teawares - Spoons,Rp81.000,81000.0
teh,PAKET HEMAT 5 Teh Kumis Kucing HerbaNusa 20 Tea Bags Menjaga Kesehatan Ginjal dan Saluran Kemih,Rp130.000,130000.0
teh,Teh Dandang Jasmine Tea Amplop isi 100 tea bag,Rp36.250,36250.0
teh,"AZBO Teh Herbal RCKN Wanita | AZBO Herbal RCKN Kista, Miom, Endometriosis, Masalah Haid, Promil",Rp425.000,425000.0
teh,POKKA GREEN TEA JASMINE PET 450ml,Rp9.500,9500.0
teh,Dilmah Infusion Tea Pure Peppermint - Foil Envelope 100s - Teh Celup,Rp287.755,287755.0
teh,Teh Bunga Telang Kering / Dried Butterfly Pea Flowers Tea,Rp11.800,11800.0
teh,Tea Heaven Hand Rolled Jasmine Pearl Chinese Green Tea 85GR,Rp224.990,224990.0
teh,CHRYSTEA || Globe Amaranth Tea,Rp12.000,12000.0
teh,CHRYSTEA || Osmanthus Jasmine Tea,Rp15.000,15000.0
teh,Delfi Hot Cocoa Indulgance 3In1 20 Sx25G,Rp66.950,66950.0
teh,Tong Tji Tea Black Celup 50 Gr,Rp7.650,7650.0
teh,LIPTON YL ENVELOPE TEA BAG 25 PCS,Rp23.700,23700.0
teh,SARIWANGI TEA BAG 50 PCS ASLI,Rp13.300,13300.0
teh,POKKA GREEN TEA 450ML,Rp10.000,10000.0
teh,Singabera Tisane Butterfly Roselle–Herbal infusion–4 Box @20sachet,Rp316.800,316800.0
teh,GLARANADI Teh Buah Schisandra - M / Pure Schisandra Berry,Rp76.400,76400.0
teh,FREE GIFT String Pouch Ito En,Rp100.000,100000.0
teh,LEMOM Booster Tea Lemon | Teh Herbal Kaya Nutrisi dan Antioksidan | Membantu Stabilkan Gula,Rp52.000,52000.0
teh,Madam Royale Tea | Teh Hijau Dengan Rosella,Rp85.000,85000.0
teh,Singabera Parahyang Sencha - Green Tea - 4 Box @20 Sachet,Rp281.600,281600.0
teh,Better Human - Greentox Teh Hijau 2 box Bundle ( 20 sachet ),Rp570.000,570000.0
teh,Mustika Ratu Slimming Tea isi 15 Bags - Teh Pelangsing dan Detox,Rp37.200,37200.0
teh,Passionfruit Green Tea Teh Hijau Buah Premium Cafe Artisan Tea Heaven,Rp59.990,59990.0
teh,AZBO TEH KOPASANDA dan AZBO Kunyitin Minuman Tea Herbal Alami Tubruk 120 Gram - Kemasan Alami,Rp154.000,154000.0
teh,NU Green Tea Honey PET 450 ml (3 pcs),Rp17.900,17900.0
teh,NU Green Tea Honey PET 330 ml (3 pcs),Rp12.250,12250.0
teh,ESSENLI Liang Tea / Teh Herbal,Rp52.000,52000.0
teh,ULTRA TEH KOTAK APPLE TP 300 ML,Rp4.700,4700.0
teh,5 Box ITO EN Hojicha Roasted Green Tea No Sugar 500ml isi 120 pcs,Rp1.449.400,1449400.0
teh,ULTRA TEH KOTAK JASMINE LESS SUGAR 300 ML,Rp4.800,4800.0
teh,Jakarta Selatan,Rp99.000,99000.0
teh,LO HAN KUO CHRYSANTEMUM GRANULE 12'S LO HAN KUO KRISANTEMUM GRANULE 12'S,Rp34.000,34000.0
teh,TEH BTL KOTAK SOSRO 250 ML,Rp4.270,4270.0
teh,FRESTEA MARKISA PET 350 ML,Rp5.120,5120.0
teh,CAP PANDA CINCAU SELASIH 310 ML,Rp8.440,8440.0
teh,Tong Tji Tea Black Celup 50 Gr,Rp8.330,8330.0
teh,TONG TJI TEA SUPER 80 GR - TEH,Rp9.300,9300.0
teh,TEH BOTOL KTK 200 ML BD 6,Rp19.030,19030.0
teh,(BUNDLING SPECIAL) Detogreen Tea & Detogreen Minyak Pijitku Paket Sehat dari Luar dan Dalam 2 PCS,Rp119.000,119000.0
teh,ESSENLI Red Rosella / Teh Rosella Merah Bunga,Rp33.000,33000.0
teh,Kencono Sari Teh Kayu Bajakah Celup Mencegah Tumbuhnya Sel Kanker Perbox Isi 20 Kantung Tea,Rp25.000,25000.0
teh,Sariwangi Tb Teh Melati 25X2G,Rp16.600,16600.0
teh,[BUNDLING 3pcs] Tong Tji Tematik Matcha Latte Box isi 3 Sachet ( Minuman Serbuk / Bubuk / Instant Powder Drink ),Rp41.438,41438.0
teh,[BUNDLING 3pcs] Tong Tji Premium Jasmine Tea Teh Tubruk 3 Pack isi 250 gram ( Daun Teh dengan Bunga Melati ),Rp81.026,81026.0
teh,"[PROMO] Tong Tji Black Tea / Teh Hitam dgn Amplop isi 100s, Teh Celup Per Pack",Rp51.191,51191.0
teh,[Promo] Teh Celup Cap Botol Signature - Teh Hijau Melati 1 kotak isi 25 tea bags (teh celup),Rp18.000,18000.0
teh,White Butterfly Pea Tea | Teh Putih Bunga Telang | Beauty - TEMA Tea | Tea Bags 8 Servings | Blend,Rp111.000,111000.0
teh,Teh Dandang Hijau Bulk 5kg - Kemasan Karton,Rp300.000,300000.0
teh,Merit Pelangsing Tubuh Alami 10X21S,Rp181.602,181602.0
teh,Tangerang Selatan,Rp74.900,74900.0
teh,Matchamu Sencha Loose Tea 100gr,Rp77.000,77000.0
teh,ITO EN Paket Oolong Tea 3 pcs & Barley Tea 3 pcs - Bundle Mix,Rp75.200,75200.0
teh,PAKET 30HARI MINUMAN TEA CANDI - Teh isi 40 kantong by CANDI jasmine Herbal,Rp199.999,199999.0
teh,Black Breakfast Tea | Teh Hitam Breakfast | Indonesian Breakfast - TEMA Tea | Tea Bags 8 Servings | Classic,Rp103.900,103900.0
teh,ULTRA TEH KOTAK BLACKCURRANT TP 300 ML,Rp4.800,4800.0
teh,Promo Detogreen Dapat 2 Botol Teh dan 1 Botol Madu,Rp189.000,189000.0
teh,Nutiver Teh Bunga Organik Red Rose Tea Teh Mawar Herbal Aromatic Ringan Menyegarkan Tanpa Kafein,Rp26.518,26518.0
teh,Genmaicha Matcha Tea | Teh Genmaicha Matcha | Matcha Iri Genmaicha - TEMA Tea | Large Pouch 30 Servings | Classic,Rp221.000,221000.0
teh,Teh Kotak Jasmine Regular 200ml 1/2 karton (12 pcs),Rp53.835,53835.0
teh,Haveltea Chamomile Lavender Tea - Floral Tea Harum Premium - Teh celup 30x3g,Rp244.755,244755.0
teh,Tea Heaven Baby Chrysanthemum Tea Teh Krisantemum Krisan,Rp52.990,52990.0
teh,CHAMOMILE | Pouch | Cocodeli by Haveltea Organic | Floral Green Tea,Rp489.510,489510.0
teh,Tea Heaven Blueberry Black Tea Artisan Fruit Tea,Rp67.990,67990.0
teh,KESEMUTAN & KEBAS JSR TEH RIMPANG BUMIFARM,Rp18.500,18500.0
teh,Silver Table Spoon with Clipper | Sendok Teh | TEMA Tea | Teawares - Spoons,Rp81.000,81000.0
teh,ULTRA TEH KOTAK APPLE TP 300 ML,Rp4.700,4700.0
teh,CHRYSTEA || Nitea (Lavender + Chamomile + Orange Lily) Teh Bantu Tidur,Rp100.000,100000.0
teh,Glass Infuser Mug Glass Lid 300ml | Gelas Teh & Saringan | TEMA Tea | Teawares - Cups,Rp139.000,139000.0
teh,Mamacia Treats Teh Bunga Peppermint Flower Tea (Exclusive Pack),Rp76.000,76000.0
teh,Red Strawberry Tea / Teh Merah Strawberry,Rp16.000,16000.0
teh,Baby Chrysanthemum and Goji Berry Tea,Rp15.000,15000.0
teh,Singabera Moroccan Mint-Green tea & Mint-1 Box-15 Sachet,Rp79.920,79920.0
teh,Tea Heaven Indian Assam Black Tea,Rp78.990,78990.0
teh,Sosro Teh Jasmine 200 Ml,Rp3.730,3730.0
teh,TEH BTL KOTAK SOSRO 250 ML,Rp3.520,3520.0
teh,ITO EN Paket Oolong Tea 3 pcs & Barley Tea 3 pcs - Bundle Mix,Rp75.200,75200.0
teh,Merit Pelangsing Tubuh Alami 10X21S,Rp181.602,181602.0
teh,PAKET 30HARI MINUMAN TEA CANDI - Teh isi 40 kantong by CANDI jasmine Herbal,Rp199.999,199999.0
teh,Matchamu Sencha Loose Tea 100gr,Rp77.000,77000.0
teh,Tangerang Selatan,Rp74.900,74900.0
teh,TEH BOTOL KTK 200 ML BD 6,Rp19.030,19030.0
teh,(BUNDLING SPECIAL) Detogreen Tea & Detogreen Minyak Pijitku Paket Sehat dari Luar dan Dalam 2 PCS,Rp119.000,119000.0
teh,TONG TJI TEA SUPER 80 GR - TEH,Rp9.300,9300.0
teh,Kencono Sari Teh Kayu Bajakah Celup Mencegah Tumbuhnya Sel Kanker Perbox Isi 20 Kantung Tea,Rp25.000,25000.0
teh,ESSENLI Red Rosella / Teh Rosella Merah Bunga,Rp33.000,33000.0
teh,[BUNDLING 3pcs] Tong Tji Premium Jasmine Tea Teh Tubruk 3 Pack isi 250 gram ( Daun Teh dengan Bunga Melati ),Rp81.026,81026.0
teh,"[PROMO] Tong Tji Black Tea / Teh Hitam dgn Amplop isi 100s, Teh Celup Per Pack",Rp51.191,51191.0
teh,[BUNDLING 3pcs] Tong Tji Tematik Matcha Latte Box isi 3 Sachet ( Minuman Serbuk / Bubuk / Instant Powder Drink ),Rp41.438,41438.0
teh,Sariwangi Tb Teh Melati 25X2G,Rp16.600,16600.0
teh,Teh Dandang Hijau Bulk 5kg - Kemasan Karton,Rp300.000,300000.0
teh,[Promo] Teh Celup Cap Botol Signature - Teh Hijau Melati 1 kotak isi 25 tea bags (teh celup),Rp18.000,18000.0
teh,White Butterfly Pea Tea | Teh Putih Bunga Telang | Beauty - TEMA Tea | Tea Bags 8 Servings | Blend,Rp111.000,111000.0
teh,Black Breakfast Tea | Teh Hitam Breakfast | Indonesian Breakfast - TEMA Tea | Tea Bags 8 Servings | Classic,Rp103.900,103900.0
teh,Teh Kotak Jasmine Regular 200ml 1/2 karton (12 pcs),Rp53.835,53835.0
teh,ULTRA TEH KOTAK BLACKCURRANT TP 300 ML,Rp4.800,4800.0
teh,Promo Detogreen Dapat 2 Botol Teh dan 1 Botol Madu,Rp189.000,189000.0
teh,Nutiver Teh Bunga Organik Red Rose Tea Teh Mawar Herbal Aromatic Ringan Menyegarkan Tanpa Kafein,Rp26.518,26518.0
teh,Genmaicha Matcha Tea | Teh Genmaicha Matcha | Matcha Iri Genmaicha - TEMA Tea | Large Pouch 30 Servings | Classic,Rp221.000,221000.0
teh,Haveltea Chamomile Lavender Tea - Floral Tea Harum Premium - Teh celup 30x3g,Rp244.755,244755.0
teh,OSK TEH HIJAU CELUP GREEN TEA 50 SACHET / MINUMAN / TEH Gula Cup,Rp100.000,100000.0
teh,Tea Heaven Teh Hitam 1kg Fine Dust Milk Tea Teh Tarik Base Black tea,Rp85.990,85990.0
teh,Teh Celup Sosro - 50 Tea Bags | Teh Hitam | Teh Celup | Carton isi 50 box,Rp558.000,558000.0
teh,Dilmah SJG Ceylon Original Breakfast Tea 100g - Loose Tea,Rp1.428.004,1428004.0
teh,Chamomile Lavender Tea | Teh Kamomil Lavender | Serenity - TEMA Tea | Loose Leaf 10 Servings | Herbal,Rp115.000,115000.0
teh,CHRYSTEA || Calendula Tea,Rp55.000,55000.0
teh,Promo Murah dan Lebih Hemat 5 Caladeva Teh Rimpang Caladeva sudah BPOM dan Halal,Rp94.500,94500.0
teh,CHRYSTEA || Blue Sky Tea/Blue Tea,Rp15.000,15000.0
teh,CHRYSTEA || Tisane Tea Starter Pack,Rp35.000,35000.0
teh,CHRYSTEA || Paket Liang Teh + Peach Gum + Snow Bird Nest,Rp75.000,75000.0
teh,SARIMURNI TEH RB 20X1.8G,Rp6.300,6300.0
teh,GLARANADI - Teh Bunga Anti Aging Fountain of Youth / Rose Goji Rosella Herbal Awet Muda,Rp35.749,35749.0
teh,[BUNDLING 3pcs] Tong Tji Tematik Lemongrass Tea / Teh Sereh 1 Box isi 3 sachet ( Minuman Serbuk / Bubuk / Instant Powder Drink ),Rp34.690,34690.0
teh,HANYA DI LIVE - PAKET EKONOMIS TEH HERBAL ANTI KOLES - PHKLSTRL79,Rp79.900,79900.0
teh,Singabera Tea Krakatau Sunrise –Fruity blend–4 box @20sachet,Rp316.800,316800.0
teh,Mamacia Treats Teh Bunga Lemongrass Flower Tea 10 - 100 Gram,Rp13.260,13260.0
teh,Tea Heaven Strawberry Hibiscus Black Tea Premium Artisan Tea Blend,Rp72.990,72990.0
teh,Ocale - Bunga Telang Kering Utuh Alami 30g,Rp49.000,49000.0
teh,Powder Lychee Tea La Terra 1 kg,Rp118.750,118750.0
teh,MAINDHI Wedang Uwuh Premium Rempah Lengkap Minuman Tradisional Nusantara Alami Siap Seduh,Rp35.000,35000.0
teh,Black Cinnamon Chai Tea | Teh Hitam Kayu Manis Chai | Autumn - TEMA Tea | Large Pouch 30 Servings | Blend,Rp232.000,232000.0
teh,Ranjana Herbal Teh Celup Daun Binahong Obat Batuk Dahak Kering Lendir Gurah Aman Ampuh Asli,Rp114.800,114800.0
teh,CAP PANDA CINCAU SELASIH 310 ML,Rp8.440,8440.0
teh,SARIMURNI TEA BAG 25S X 1.6 GR,Rp8.120,8120.0
teh,Teh Jawa Rasa Vanilla 50g per Pcs (Isi 5 Pcs),Rp20.825,20825.0
teh,ITO EN Oi Ocha Green Tea No Sugar 300ml isi 6 pcs,Rp41.300,41300.0
teh,Tea Heaven Golden & Bloom Teh Bunga Chrysanthemum Krisan Goji Berry Tin Canister,Rp151.990,151990.0
teh,Silver Table Spoon with Clipper | Sendok Teh | TEMA Tea | Teawares - Spoons,Rp81.000,81000.0
teh,Tea Heaven Baby Chrysanthemum Tea Teh Krisantemum Krisan,Rp52.990,52990.0
teh,"Golden Hour Pouch, Oza Tea, Black Tea",Rp14.900,14900.0
teh,CHAMOMILE | Pouch | Cocodeli by Haveltea Organic | Floral Green Tea,Rp489.510,489510.0
teh,CAP PANDA CINCAU SELASIH 310 ML,Rp8.440,8440.0
teh,Teh Jawa Rasa Vanilla 50g per Pcs (Isi 5 Pcs),Rp20.825,20825.0
teh,Singabera Lemongrass Ginger - Herbal Infusion-1 Box-15 Sachet,Rp71.930,71930.0
teh,TONG TJI TEA BLACK CELUP 50 GR - TEH,Rp8.440,8440.0
teh,ITO EN Oi Ocha Green Tea No Sugar 300ml isi 6 pcs,Rp41.300,41300.0
teh,SARIWANGI JAHE KUNYIT TB 25X1.5GR,Rp11.760,11760.0
teh,ULTRA TEH KOTAK RASA BLACKCURRANT 300 ML,Rp4.150,4150.0
teh,LIPTON YL ENVELOPE TEA BAG 25 PCS,Rp28.850,28850.0
teh,Singabera Pure Peppermint -Herbal / Mint- 2 packs @ 50g,Rp287.500,287500.0
teh,Tong Tji Tea Super 80 Gr,Rp10.370,10370.0
teh,SARIWANGI TEH MELATI 100 X 19 gr,Rp39.450,39450.0
teh,Singabera Limaya citrus - Tisane Herbal - 2 packs @ 100g,Rp242.000,242000.0
teh,"Obat Lambung Ampuh | Ventricare, Obat Asam Lambung, Teh Herbal Organik, Madu Lambung",Rp34.890,34890.0
teh,Powder Lychee Tea La Terra 1 kg,Rp118.750,118750.0
teh,MAINDHI Wedang Uwuh Premium Rempah Lengkap Minuman Tradisional Nusantara Alami Siap Seduh,Rp35.000,35000.0
teh,Ocale - Bunga Telang Kering Utuh Alami 30g,Rp49.000,49000.0
teh,Oolong Milk Tea | Teh Oolong Susu | Contentment - TEMA Tea | Tea Bags 8 Servings | Blend,Rp133.500,133500.0
teh,Powder Thai Tea La Terra 1 kg,Rp156.250,156250.0
teh,Haveltea Amyra Lychee Tea - Teh Leci Black Tea Premium - Loose Leaf 30g,Rp59.000,59000.0
teh,ESSENLI Chamomile Tea / Teh Chamomile Bunga,Rp58.000,58000.0
teh,Haveltea Classic Earl Grey Tea - Teh Hitam Earl Grey Black Tea Sumatra - Teh celup 15x3g,Rp95.000,95000.0
teh,Dilmah T Med Refill Oolong 100gr - Loose Tea - Daun Teh Kering Hijau Minuman,Rp225.136,225136.0
teh,Sosro Teh Botol Jasmine Pet 450 Ml,Rp7.480,7480.0
teh,Javana Teh Melati Pet 350Ml,Rp3.630,3630.0
teh,TEH POCI VANILA CELUP 25X2 GR,Rp7.480,7480.0
teh,Ultra Teh Kotak Jasmine Less Sugar 300Ml,Rp4.700,4700.0
teh,Teh Pucuk Harum Jasmine Less Sugar 350Ml,Rp3.840,3840.0
teh,GLARANADI - Teh Hitam Anti Aging / Marie Antoinette (Black Tea Rose Apple),Rp52.900,52900.0
teh,Sosro Teh Jasmine 200 Ml,Rp3.730,3730.0
teh,Sosro Teh Jasmine 200 Ml,Rp3.730,3730.0
teh,TEH POCI VANILA CELUP 25X2 GR,Rp7.370,7370.0
teh,Jakarta Selatan,Rp399.990,399990.0
teh,Black Tea Beorganik / Teh Hitam Organik Herbal,Rp10.213,10213.0
teh,Dilmah Pure Camomile Flowers Envelopes 10s – Teh Celup,Rp35.800,35800.0
teh,Javana Minuman Teh Melati 350 ml x 6 pcs,Rp21.700,21700.0
teh,ITO EN Oi Ocha Hojicha Tea Bags 1 Pack isi 20 Pcs,Rp101.900,101900.0
teh,"[BUNDLING 3 RENCENG] Tong Tji Black Tea / Teh Hitam Sachet, Teh Celup per Renceng (1 Renceng isi 10 Sachet)",Rp50.044,50044.0
teh,"[BUNDLING 3pcs] Tong Tji Extra Harum non Amplop 25s, Teh Celup per Pack",Rp25.550,25550.0
teh,2 IN 1 TEH KELOR & STEVIA - BUMI ORGANIK,Rp65.677,65677.0
teh,Bankitwangi Organic Pandanus Tea Sachet 3gr - Teh Melati & Pandan Organik Kemasan Sachet,Rp6.200,6200.0
teh,Teh Celup Sosro - 100 Tea Bags | Teh Hitam | Teh Celup | Carton isi 36 box,Rp870.000,870000.0
teh,TEMA Masters – KOHAKU | Roasted Premium Matcha – 20g / 30g / 100g,Rp145.000,145000.0
teh,Singabera Jasmine Green Sencha - Green Tea-4 box @ 20sachet,Rp242.000,242000.0
teh,Mamacia Treats Teh Bunga Jasmine Flower Tea 250 - 1000 Gram,Rp198.900,198900.0
teh,Flozindo Green Tea Powder / Teh Hijau Bubuk Organik,Rp20.430,20430.0
teh,MORIFA Teh Celup Premium Daun Kelor Organik Moringa Tea Herbal 20 Sachet Menjaga Daya Tahan Tubuh,Rp57.750,57750.0
teh,[PROMO EXCLUSIVE] Sariwangi Teh Asli Celup Isi 30 Isi 4,Rp30.400,30400.0
teh,Twinings Teh Hijau Melati Celup (Green Tea Jasmine) 10x1.8g,Rp46.648,46648.0
teh,BONTEH TEH TARIK BAG (10X25GR),Rp29.994,29994.0
teh,Exioncare Paket Hemat [H] Teh Hijau Greentea Premium Isi Purple series - 50 gr & Tea Green Series 1 Pouch - Isi 20 Tea Bag.,Rp130.000,130000.0
teh,POKKA GREEN TEA JASMINE CAN 300ml,Rp13.000,13000.0
teh,Nutiver Teh Bunga Melati Organik Organic Tea Jasmine Premium Relaxing Aroma Harum Alami 40gr,Rp35.999,35999.0
teh,Teh Kotak Jasmine Less Sugar 300 ml (Pack - 3 Pcs),Rp12.800,12800.0
teh,CHRYSTEA || Kunlun Snow Chrysanthemum Tea 250gr,Rp275.000,275000.0
teh,Tea Heaven Pure Rose Buds 50gr,Rp126.990,126990.0
teh,Tea Heaven Rose Buds Pure Teh Mawar Murni Flower Tea,Rp37.990,37990.0
teh,Singabera Earl Grey - Black Tea / Teh Hitam (2 pouch @ 100 teabags),Rp484.000,484000.0
teh,Mamacia Treats Teh Daun Lotus Leaf Tea (Exclusive Pack),Rp43.300,43300.0
teh,Red Dragon 150gr - Mulia Tea - Specialty Tea (isi 1 kaleng 150gr),Rp101.250,101250.0
teh,Teh Bunga Chamomile Peppermint Mengatasi Insomnia Gudang Bogor,Rp27.000,27000.0
teh,Tea Heaven Golden & Bloom Teh Bunga Chrysanthemum Krisan Goji Berry Tin Canister,Rp151.990,151990.0
teh,Silver Table Spoon with Clipper | Sendok Teh | TEMA Tea | Teawares - Spoons,Rp81.000,81000.0
teh,Tea Heaven Baby Chrysanthemum Tea Teh Krisantemum Krisan,Rp52.990,52990.0
teh,"Golden Hour Pouch, Oza Tea, Black Tea",Rp14.900,14900.0
teh,CHAMOMILE | Pouch | Cocodeli by Haveltea Organic | Floral Green Tea,Rp489.510,489510.0
teh,Tea Heaven Golden Osmanthus Black Tea Artisan Tea 30GR,Rp72.990,72990.0
teh,Mamacia Treats Teh Bunga Jasmine Flower Tea 10 - 100 Gram,Rp16.116,16116.0
teh,Mamacia Treats Teh Bunga Red Carnation Flower Tea 10 - 100 Gram,Rp16.800,16800.0
teh,"MERKO Set Matcha 5in1 Japanese Tea Ceremony Tools: Chasen Whisk Stirer, Chasaku Bamboo Spoon, Bowl keramik, Sifter ss, Chasen Stand",Rp460.900,460900.0
teh,Chrysanthemum Crystals - Teh Kembang Pereda Panas Dalam,Rp39.000,39000.0
teh,Homelab – Wakamurasaki Uji Kyoto Ceremonial Matcha (20g),Rp187.000,187000.0
teh,CAP PANDA CINCAU SELASIH 310 ML,Rp6.800,6800.0
teh,Ranjana Herbal Teh Daun Krokot Alami Herbal Asli,Rp63.000,63000.0
teh,Sosro Teh Jasmine 200 Ml,Rp3.730,3730.0
teh,FRUIT TEA APP 500 ML - MINUMAN,Rp7.370,7370.0
teh,TEH PUCUK HARUM JASMINE 350 ML,Rp3.840,3840.0
teh,[PRODUK BARU] Tong Tji Earl Grey Tea isi 15 Pyramid Tea Bag (Teh Celup),Rp75.862,75862.0
teh,[Paket 3] Teh Jawa Vanila Tea Celup isi 25,Rp27.600,27600.0
teh,Singabera Lychee Black - Black tea / Teh hitam (2 pouch @ 100 teabags),Rp484.000,484000.0
teh,"Tong Tji Super Jasmine Tea 80g, Teh Seduh per Bal isi 10 slop",Rp548.250,548250.0
teh,TONGTJI TEA SUPER 250 GR - CELUP,Rp25.990,25990.0
teh,Singabera Earl Grey - Black Tea - 2 packs @ 100g (Loose tea),Rp99.000,99000.0
teh,Teh Pucuk Harum Jasmine 350 Ml,Rp3.840,3840.0
teh,Tong Tji Tea Super 80 Gr,Rp9.900,9900.0
teh,OSK Japanese Green Tea 50's paket 12 box,Rp1.918.800,1918800.0
teh,Tong Tji Tea Super 80 Gr,Rp9.300,9300.0
teh,Tea Heaven Teh Daun Dandellion Wild Premium Tisane,Rp283.990,283990.0
teh,Herbilogy - Green Tea (Daun Teh Hijau) Extract Powder,Rp109.098,109098.0
teh,Tea Heaven Asia Osmanthus Oolong 40gr,Rp92.990,92990.0
teh,AMATEA Sencha Japanese Green Tea 15 gram,Rp19.500,19500.0
teh,Kepala Jenggot Tea Green Bags 60 Gr,Rp21.710,21710.0
teh,Teh Pucuk Jasmine 1.36L,Rp12.830,12830.0
teh,Jakarta Selatan,Rp55.000,55000.0
teh,LADY GREY | Pouch | Cocodeli by Haveltea Organic | Teh Hitam Bergamot,Rp489.510,489510.0
teh,Ultra Teh Kotak Jasmine Less Sugar 300Ml,Rp3.950,3950.0
teh,SARIMURNI TEA BAG 25S X 1.6 GR,Rp8.330,8330.0
teh,CAP PANDA CINCAU SELASIH 310 ML,Rp8.760,8760.0
teh,Teh Bunga Telang: Terampuh Mengobati Gangguan Penglihatan 10 gram Bogo,Rp7.800,7800.0
teh,GLARANADI Teh Hitam English Breakfast / Pure English Breakfast,Rp9.900,9900.0
teh,FRUIT TEA APP 500 ML - MINUMAN,Rp7.800,7800.0
teh,TEH PUCUK HARUM Teh Manis Btl 350 ml,Rp5.800,5800.0
teh,TEH SOSRO CELUP 30X2 GR,Rp7.480,7480.0
teh,"Paket Mix 3 Box OSK Japanese Green Tea Original Isi 50 Sachet(Osk Jasmine, Osk Roasted & Osk Original)",Rp311.805,311805.0
teh,Haveltea Ararya Jasmine Green Tea - Teh Melati Harum Premium - Teh celup 15x3g,Rp95.000,95000.0
teh,NutriganiQ Chrysantemum Tea / Straw Flower Tea / Teh Krisan Tibet,Rp9.000,9000.0
teh,Teh Dandang Biru Bulk 5kg - Kemasan Karton,Rp332.500,332500.0
teh,Panda Liang Teh 310 Ml Can,Rp12.100,12100.0
teh,Sosro Fruit Tea Strawberry 200 Ml,Rp4.300,4300.0
teh,WATTANAHOMEY - MAXFOOD / Bubuk Minuman Teh Solo Instan Manis,Rp84.100,84100.0
teh,Black Tea Rose,Rp20.000,20000.0
teh,Dilmah Jasmine Green Tea Foil Envelope 100s - Teh Celup,Rp264.570,264570.0
teh,Tea Heaven Jasmine Roasted Green Tea 60gr,Rp118.990,118990.0
teh,Matchamu Bundling Matcha Kana Ceremonial 100gr + Matcha Komorebi 100gr,Rp535.000,535000.0
teh,[PRODUK BARU] TONG TJI ROYAL OOLONG TEA,Rp75.862,75862.0
teh,Sosro Teh Celup 50X2Gr .,Rp18.500,18500.0
teh,Teh Buah Kurma Merah Iris Kering / Dried Jujube Red Date Fruits Tea,Rp9.900,9900.0
teh,ITO EN Hojicha Roasted Green Tea No Sugar 500ml Isi 3 Pcs,Rp38.900,38900.0
teh,ULTRA TEH KOTAK LEMON TP 300 ML,Rp4.800,4800.0
teh,Kepala DJenggot Teh Hijau Sachet Ekonomis 50gr x 6pcs - Teh Hijau Seduh Sachet,Rp54.000,54000.0
teh,POKKA GREEN TEA JASMINE PET 450ml,Rp9.500,9500.0
teh,NUTRAVIORA Teh Sekar Wangi Rempah Nusantara Herbal Kewanitaan JSR,Rp25.900,25900.0
teh,Exioncare Paket Hemat [K] Teh Hijau Greentea Premium Tea Purple Series 50 Gr & Blue Series 20 Tea Bag,Rp137.813,137813.0
teh,OSK Japanese Green Tea Original Isi 50 Sachet paket 2 Box - Sencha Tea - Teh Hijau Original,Rp239.800,239800.0
teh,TEH SOSRO CELUP 30X2 GR,Rp7.480,7480.0
teh,Teh Daun Ungu [Paket 3 Pack] - Teh Celup Herbanusa atasi rasa Nyeri Akibat Wasir isi 20 kantong teh,Rp120.000,120000.0
teh,Ji Gu Cao Infusion - Teh Herbal Pereda Panas Dalam,Rp47.900,47900.0
teh,CHAMOMILE | Pouch | Cocodeli by Haveltea Organic | Floral Green Tea,Rp489.510,489510.0
teh,TONG TJI TEA SUPER 80 GR,Rp9.300,9300.0
teh,"Golden Hour Pouch, Oza Tea, Black Tea",Rp14.900,14900.0
teh,Tong Tji Tea Black Celup 50 Gr,Rp8.330,8330.0
teh,Twin pack - HiLo Teh Tarik 10 Sachet - Teh Tarik Tinggi Kalsium,Rp38.100,38100.0
teh,Teh Herbal Tianshi Original - BPOM 40 Sachet Rasa Air Tawar Tidak Manis,Rp249.000,249000.0
teh,"Tong Tji Imperial Jasmine Tea 15s, Teh Celup per Pack",Rp75.862,75862.0
teh,Tea Heaven Teh Hijau Organik Premium Snail Green Tea,Rp59.990,59990.0
teh,Teh Cap Poci Gold - 40 gram | Teh Hijau Wangi Melati | Teh Seduh | Carton isi 100 pcs,Rp426.000,426000.0
teh,Black Manggo Tea | Teh Hitam Mangga | Bliss - TEMA Tea | Tea Bags 8 Servings | Blend,Rp103.900,103900.0
teh,CHRYSTEA || Peach Oolong Tea,Rp14.000,14000.0
teh,Chrysanthemum Box 10 Sachet,Rp28.900,28900.0
teh,BNS Series Toptoy Sanrio Characters Afternoon Tea,Rp195.930,195930.0
teh,Singabera Roselle Pineapple-Fruity White Tea - 2 packs @ 100g,Rp275.000,275000.0
teh,TEH SOSRO CELUP 30X2 GR,Rp7.200,7200.0
teh,Singabera Moroccan Mint (Green tea & Mint)– (2 pouch @ 100g),Rp242.000,242000.0
teh,Teh Jawa Black Tea Enveloped Celup isi 25 per Pack (isi 5 Pcs),Rp75.000,75000.0
teh,Oolong Organic Tea | Teh Oolong | Oolong - TEMA Tea | Loose Leaf 10 Servings | Classic,Rp115.000,115000.0
teh,Tea Heaven Mandarin Orange Black Tea Premium 40gr,Rp72.990,72990.0
teh,TONGTJI TEA JASMINE 25 X 2 GR,Rp16.250,16250.0
teh,Black Organic Tea | Teh Hitam | Black Tea - TEMA Tea | Tea Bags 8 Servings | Classic,Rp99.000,99000.0
teh,"Paket Mix 3 Box (Osk Jasmine, Osk Roasted & Osk Original)",Rp479.900,479900.0
teh,ESSENLI Jasmine Tea / Teh Bunga Melati,Rp42.000,42000.0
teh,Teh Bunga Amaranth in Jar / Globe Amaranth Flower Tea in Jar,Rp11.900,11900.0
teh,Gardoe Biru 40 gr ( 1 pack : 10 pcs ),Rp38.000,38000.0
teh,Cascara Berrifuse Tisane - Teh Ceri Kopi 50 Gram,Rp140.000,140000.0
teh,ITO EN Paket Hojicha Roasted Green Tea 3 pcs & Jasmine Tea 3 pcs - Bundle Mix,Rp71.200,71200.0
teh,TONG TJI TEA SUPER 80 GR - TEH,Rp8.980,8980.0
teh,TEH BTL KOTAK SOSRO 250 ML,Rp3.950,3950.0
teh,ULTRA TEH KOTAK RASA LEMON 300 ML,Rp4.800,4800.0
teh,TONG TJI TEA SUPER 80 GR - TEH,Rp9.620,9620.0
teh,Tea Heaven Pure Peppermint Tea Mint Leaves Tin Canister 55GR,Rp119.990,119990.0
teh,Kepala Jenggot Tea Green Bags 60 Gr,Rp25.240,25240.0
teh,TEH POCI VANILA CELUP 25X2 GR,Rp7.370,7370.0
teh,Paket Bundling Bankitwangi Organic Green Tea 40gr + Enliven Tea 24gr,Rp85.215,85215.0
teh,Nu Green Tea Original 450ML 24pcs (1karton),Rp130.000,130000.0
teh,TEH SOSRO CELUP 30X2 GR,Rp7.370,7370.0
teh,Earl Grey Tea Premium Teh Hitam Premium,Rp7.900,7900.0
teh,Paket 3pcs Dried Lavender Tea| Teh Bunga Lavender Wangi Premium 15gr,Rp37.440,37440.0
teh,Bankitwangi Jasmine Tea 1kg - Teh Organik Premium,Rp525.000,525000.0
teh,Bankitwangi Black Tea No. 17 3gr - Teh Organik Premium,Rp7.100,7100.0
teh,TEH JAWA CELUP JASMINE 50 GR,Rp13.400,13400.0
teh,SOSRO TEH JASMINE 200 ML - MINUMAN,Rp3.100,3100.0
teh,TONGTJI TEA SUPER 250 GR - CELUP,Rp29.950,29950.0
teh,TEH SOSRO CELUP 30X2 GR,Rp7.910,7910.0
teh,3pcs Teh Kahuripan All Varian,Rp29.890,29890.0
teh,Tea Heaven Marigold Calendula Organic Premium Tisane,Rp78.990,78990.0
teh,ULTRA TEH KOTAK LEMON TP 300 ML,Rp4.800,4800.0
teh,MSAY TEA isi 20 - Minuman teh Herbal Segar untuk Kesehatan Anda,Rp38.996,38996.0
teh,Teh Bunga Lxngwort Casheli Tea Bag Instan Herbal,Rp58.000,58000.0
teh,TONGTJI TEA JASMINE 25 PCS X 2 GR,Rp16.040,16040.0
teh,Dilmah Yum Ceylon Oolong Tea with Peach 100s - Teh Celup,Rp289.717,289717.0
teh,Fruit Tea Sosro Lemon Kotak 250ml isi 24 pcs,Rp77.000,77000.0
teh,ESSENLI Globe Amaranth Tea / Teh Bunga Globe Amaranth,Rp38.000,38000.0
teh,REMPAHKARTA Wedang Uwuh Premium (5 Sachet),Rp38.467,38467.0
teh,POKKA JASMINE GREEN TEA 450 ML,Rp8.120,8120.0
teh,Teh Kotak Rasa Blackcurrant 300ml 1 karton (24 pcs),Rp129.621,129621.0
teh,Jakarta Selatan,Rp99.000,99000.0
teh,Haveltea Ubud Lemongrass Green Tea - Herbal Teh Hijau Serai Harum - Teh Celup 5x3g,Rp95.000,95000.0
teh,SARIWANGI TEH MELATI ISI 100 PCS X 19 GR,Rp41.720,41720.0
teh,POKKA GREEN TEA JASMINE NO SUGAR 450 ML,Rp13.254,13254.0
teh,UMMIROSDAH - MAXFOOD / Bubuk Minuman Teh Solo Instan Manis,Rp84.100,84100.0
teh,TEH POCI VANILA CELUP 25X2 GR,Rp7.370,7370.0
teh,Ranjana Herbal Teh Celup Daun Salam Obat Asam Urat kebas BengKak Kesemutan Nyeri Aman Ampuh Asli Herbal,Rp224.000,224000.0
teh,Ji Gu Cao Infusion - Teh Herbal Pereda Panas Dalam,Rp47.900,47900.0
teh,CHAMOMILE | Pouch | Cocodeli by Haveltea Organic | Floral Green Tea,Rp489.510,489510.0
teh,TONG TJI TEA SUPER 80 GR,Rp9.300,9300.0
teh,"Golden Hour Pouch, Oza Tea, Black Tea",Rp14.900,14900.0
teh,Tong Tji Tea Black Celup 50 Gr,Rp8.330,8330.0
soft-drink,Tonic Schweppes 250ml 24 can Minuman Kaleng Minuman Botanikal Berkarbonasi (Tonic Water) 24 CAN .. Schweppes  Soda  Schweppes 250ml kaleng,Rp165.000,165000.0
soft-drink,COCACOLA PET 250ml,Rp4.150,4150.0
soft-drink,SPRITE ZERO SUGAR PET 1 LITER,Rp12.080,12080.0
soft-drink,FANTA ORANGE PET 390ML - MINUMAN SODA,Rp5.700,5700.0
soft-drink,GROOVY ZODA OWB 250 ML - MINUMAN,Rp5.600,5600.0
soft-drink,FRESTEA APPLE PET 1500ML,Rp17.320,17320.0
soft-drink,A & W SARSAPARILA CAN 250 ML,Rp6.410,6410.0
soft-drink,A & W SARSAPARILA CAN 250 ML,Rp6.410,6410.0
soft-drink,FANTA STR CAN 250 ML - MINUMAN SODA,Rp6.410,6410.0
soft-drink,SPRITE PET 390 ML - MINUMAN SODA,Rp6.090,6090.0
soft-drink,POLARIS SODA WATER CAN 330ML,Rp7.160,7160.0
soft-drink,Sprite Pet 390 Ml,Rp6.090,6090.0
soft-drink,Adem Sari Chingku Pet 350Ml,Rp10.690,10690.0
soft-drink,FANTA PET 1 L - MINUMAN SODA,Rp10.690,10690.0
soft-drink,BIG COLA 3.1L,Rp26.740,26740.0
soft-drink,GREEN SAND CAN 330 ML - MINUMAN,Rp9.300,9300.0
soft-drink,HYPERMART SPRITE PET 250ml,Rp4.480,4480.0
soft-drink,FANTA PET 250ML - MINUMAN SODA,Rp4.270,4270.0
soft-drink,COCACOLA PET 250ml,Rp4.270,4270.0
soft-drink,FANTA GRAPE PET 390 ML - MINUMAN SODA,Rp6.090,6090.0
soft-drink,COCACOLA PET 1L - MINUMAN SODA,Rp10.690,10690.0
soft-drink,COCA COLA PET 390 ML - MINUMAN SODA,Rp6.090,6090.0
soft-drink,GREEN SAND CAN 330 ML - MINUMAN,Rp9.300,9300.0
soft-drink,COCA COLA CAN 250 ML,Rp6.200,6200.0
soft-drink,FANTA PET 250ml,Rp4.150,4150.0
soft-drink,FANTA ORANGE 1500 ML,Rp15.450,15450.0
soft-drink,A & W SARSAPARILA CAN 250 ML,Rp6.410,6410.0
soft-drink,GREEN SANDS APPLE LIME CAN 250 ML,Rp7.160,7160.0
soft-drink,LARUTAN CAP KAKI TIGA MELON CAN 320 ML,Rp8.980,8980.0
soft-drink,SPRITE WATERLYMON 425 ML - MINUMAN SODA,Rp4.950,4950.0
soft-drink,LARUTAN CAP KAKI TIGA MELON CAN 320 ML,Rp8.120,8120.0
soft-drink,COCA COLA ZERO CAN 250 ML,Rp6.410,6410.0
soft-drink,Sprite Pet 390 Ml,Rp6.090,6090.0
soft-drink,FRESTEA APEL + LEMONGRASS 500 ML,Rp6.990,6990.0
soft-drink,FANTA SODA WATER PET 250 ML,Rp4.480,4480.0
soft-drink,COCA COLA PET 390 ML - MINUMAN SODA,Rp6.090,6090.0
soft-drink,COCACOLA PET 250ML - MINUMAN SODA,Rp4.480,4480.0
soft-drink,PERFECT ALKALINE Water pH 9.5- 24 Botol Air Minuman ukuran 500ml (INSTAN),Rp105.000,105000.0
soft-drink,Coca Cola Pet 390 Ml,Rp6.300,6300.0
soft-drink,FRESTEA APPLE PET 1500ML,Rp17.320,17320.0
soft-drink,SCHWEPPES BOTANICAL DRINK 250ML,Rp6.730,6730.0
soft-drink,SPRITE PET 390 ML - MINUMAN SODA,Rp6.300,6300.0
soft-drink,Coca Cola Pet 390 Ml,Rp6.300,6300.0
soft-drink,SCHWEPPES BOTANICAL DRINK 250ML,Rp7.480,7480.0
soft-drink,A & W SARSAPARILA CAN 250 ML,Rp6.410,6410.0
soft-drink,Sprite Pet 390 Ml,Rp6.300,6300.0
soft-drink,SPRITE PET 390 ML,Rp5.490,5490.0
soft-drink,FANTA STRAWBERRY PET 390 ML,Rp5.490,5490.0
soft-drink,Fanta Strawberry Pet 390 Ml,Rp5.700,5700.0
soft-drink,SPRITE CAN 250 ML - MINUMAN SODA,Rp6.200,6200.0
soft-drink,TEBS TEA COOLER 330 ML,Rp5.120,5120.0
soft-drink,COCA COLA CAN 250 ML - MINUMAN SODA,Rp6.410,6410.0
soft-drink,GREEN SANDS APPLE LIME CAN 250 ML,Rp7.050,7050.0
soft-drink,FANTA STR CAN 250 ML,Rp6.410,6410.0
soft-drink,COCA COLA PET 390 ML - MINUMAN SODA,Rp6.090,6090.0
soft-drink,FANTA STR CAN 250 ML,Rp6.410,6410.0
soft-drink,FANTA ORANGE PET 1 LITER - MINUMAN,Rp11.330,11330.0
soft-drink,LARUTAN CAP KAKI TIGA MELON CAN 320 ML,Rp8.120,8120.0
soft-drink,SCHWEPPES BOTANICAL DRINK 250ML,Rp7.690,7690.0
soft-drink,SPRITE CAN 250 ML,Rp6.200,6200.0
soft-drink,FANTA STR CAN 250 ML,Rp6.410,6410.0
soft-drink,COCA COLA ZERO SUGAR PET 1 LITER,Rp11.330,11330.0
soft-drink,FRESTEA APPLE PET 1500ML,Rp18.390,18390.0
soft-drink,Fanta Strawberry Pet 390 Ml,Rp6.090,6090.0
soft-drink,Coca Cola Pet 390 Ml,Rp6.300,6300.0
soft-drink,SPRITE PET 250 ML,Rp4.480,4480.0
soft-drink,COCA COLA ZERO SUGAR PET 390 ML,Rp6.090,6090.0
soft-drink,FRESTEA TEH HIJAU MADU + MINT 500 ML,Rp7.050,7050.0
soft-drink,A & W SARSAPARILA CAN 250 ML,Rp6.410,6410.0
soft-drink,COCACOLA PET 250ml,Rp3.950,3950.0
soft-drink,FANTA PET 250ml,Rp4.700,4700.0
soft-drink,COCACOLA PET 250ml,Rp5.230,5230.0
soft-drink,A & W SARSAPARILA CAN 250 ML,Rp6.410,6410.0
soft-drink,COCA COLA PET 390ML,Rp6.090,6090.0
soft-drink,COCACOLA PET 250ml,Rp3.950,3950.0
soft-drink,FANTA GRAPE PET 390 ML - MINUMAN SODA,Rp6.090,6090.0
soft-drink,FANTA STRAWBERRY PET 390 ML,Rp6.090,6090.0
soft-drink,SPRITE WATERLYMON 425 ML - MINUMAN SODA,Rp4.800,4800.0
soft-drink,A & W SARSAPARILA CAN 250 ML,Rp6.410,6410.0
soft-drink,POCARI SWEAT PET 350 ML - ISOTONIK,Rp7.050,7050.0
soft-drink,COCA COLA ZERO CAN 250 ML,Rp6.200,6200.0
soft-drink,COCA COLA ZERO CAN 250 ML,Rp6.200,6200.0
soft-drink,FRESTEA APPLE PET 1500ML,Rp17.320,17320.0
soft-drink,Fanta Strawberry Pet 1500 Ml,Rp15.990,15990.0
soft-drink,SPRITE ZERO SUGAR PET 1 LITER,Rp11.540,11540.0
soft-drink,Fanta Strawberry Pet 390 Ml,Rp6.410,6410.0
soft-drink,Frestea Green Honey Pet 500 Ml,Rp7.910,7910.0
soft-drink,Sprite Waterlymon 425 Ml,Rp5.340,5340.0
soft-drink,A & W SARSAPARILA CAN 250 ML,Rp6.410,6410.0
soft-drink,Frestea Apel 500 Ml,Rp7.910,7910.0
soft-drink,A & W SARSAPARILA CAN 250 ML,Rp6.410,6410.0
soft-drink,FANTA ORANGE PET 1 LITER - MINUMAN,Rp11.350,11350.0
soft-drink,BIG STRAWBERRY 3.1L,Rp29.950,29950.0
soft-drink,COCA COLA ZERO SUGAR PET 1 LITER,Rp10.690,10690.0
soft-drink,FANTA STR CAN 250 ML - MINUMAN SODA,Rp6.200,6200.0
soft-drink,Coca Cola Pet 390 Ml,Rp6.300,6300.0
soft-drink,Just Simply Fizz Minuman Healthy Soda 500 Ml,Rp35.000,35000.0
soft-drink,SCHWEPPES BOTANICAL DRINK 250ML,Rp6.730,6730.0
soft-drink,FANTA SODA WATER PET 250 ML,Rp4.480,4480.0
soft-drink,COCA COLA ZERO CAN 250 ML,Rp6.410,6410.0
soft-drink,COCACOLA PET 250ML - MINUMAN SODA,Rp4.480,4480.0
soft-drink,COCACOLA PET 250ml,Rp4.270,4270.0
soft-drink,FANTA PET 250ml,Rp4.270,4270.0
soft-drink,A & W SARSAPARILA CAN 250 ML,Rp6.410,6410.0
soft-drink,MALABAR TONIC WATER CAN 250ml,Rp12.000,12000.0
soft-drink,Coca-Cola Zero Minuman Soda Botol 390 ml,Rp8.400,8400.0
soft-drink,Schweppes Minuman Botanikal Berkarbonasi Kaleng 250 ml,Rp7.900,7900.0
soft-drink,FANTA ORANGE PET 1 LITER - MINUMAN,Rp9.990,9990.0
soft-drink,GROOVY ZODA OWB 250 ML - MINUMAN,Rp5.600,5600.0
soft-drink,A & W SARSAPARILA CAN 250 ML,Rp6.410,6410.0
soft-drink,schweppes tonic water 250ml,Rp10.000,10000.0
soft-drink,Sprite Pet 390 Ml,Rp5.700,5700.0
soft-drink,COCA COLA ZERO SUGAR PET 1 LITER,Rp11.540,11540.0
soft-drink,COCA COLA ZERO SUGAR PET 1 LITER,Rp12.830,12830.0
soft-drink,Adem Sari Chingku Pet 350Ml,Rp10.260,10260.0
soft-drink,SPRITE PET 390 ML,Rp6.090,6090.0
soft-drink,GREEN SANDS APPLE LIME CAN 250 ML,Rp7.050,7050.0
soft-drink,SCHWEPPES BOTANICAL DRINK 250ML,Rp8.120,8120.0
soft-drink,A & W SARSAPARILA CAN 250 ML,Rp6.410,6410.0
soft-drink,COCACOLA PET 250ml,Rp4.480,4480.0
soft-drink,FANTA SODA WATER PET 250 ML,Rp4.480,4480.0
soft-drink,BIG STRAWBERRY 3.1L,Rp29.950,29950.0
soft-drink,SPRITE PET 250ml,Rp3.950,3950.0
soft-drink,ADEM SARI CHING KU CAN 320 ML,Rp8.590,8590.0
soft-drink,A & W SARSAPARILA CAN 250 ML,Rp6.410,6410.0
soft-drink,FANTA STR CAN 250 ML,Rp6.410,6410.0
soft-drink,COCA COLA ZERO SUGAR PET 1 LITER,Rp11.330,11330.0
soft-drink,FRESTEA APPLE PET 1500ML,Rp18.390,18390.0
soft-drink,Fanta Strawberry Pet 390 Ml,Rp6.090,6090.0
soft-drink,Coca Cola Pet 390 Ml,Rp6.300,6300.0
soft-drink,SPRITE LEMON LIME CAN 250ml,Rp9.500,9500.0
soft-drink,Larutan Cap Kaki Tiga Botol 500 ml,Rp9.000,9000.0
soft-drink,coca cola can 250ml kaleng,Rp6.500,6500.0
soft-drink,FANTA STRAWBERRY PET 390ML,Rp5.700,5700.0
soft-drink,COCA COLA ZERO SUGAR PET 1 LITER,Rp12.080,12080.0
soft-drink,FANTA STR CAN 250 ML,Rp6.410,6410.0
soft-drink,GREEN SAND CAN 330 ML,Rp9.400,9400.0
soft-drink,Coca Cola Pet 390 Ml,Rp6.300,6300.0
soft-drink,FRESTEA TEH HIJAU MADU + MINT 500 ML,Rp6.700,6700.0
soft-drink,FANTA ORANGE PET 390ML - MINUMAN SODA,Rp5.700,5700.0
soft-drink,CHI FOREST Sparkling Water Grape Delight 480 Ml Air Soda Rasa Anggur x 15 PCS (1 Carton),Rp133.500,133500.0
soft-drink,GREEN SANDS APPLE LIME CAN 250 ML,Rp7.050,7050.0
soft-drink,SPRITE PET 250ML - MINUMAN SODA,Rp4.480,4480.0
soft-drink,BIG LIME 3.1 L,Rp29.450,29450.0
soft-drink,WARHEADS SOUR SODA DRINKS CAN 355ml ALL VARIANT - IMPOR USA,Rp42.000,42000.0
soft-drink,FANTA STRAWBERRY PET 390 ML,Rp6.090,6090.0
soft-drink,SCHWEPPES BOTANICAL DRINK 250ML,Rp6.300,6300.0
soft-drink,COCACOLA PET 250ml,Rp4.480,4480.0
soft-drink,POLARIS SODA WATER CAN 330ML,Rp7.160,7160.0
soft-drink,GREEN SAND CAN 330 ML - MINUMAN,Rp9.400,9400.0
soft-drink,Badak sarsaparila 285ml botol Minuman badak Sarsaparila Badak Siantar,Rp16.000,16000.0
soft-drink,COCA COLA ORIGINAL TASTE CAN 250ml,Rp9.000,9000.0
soft-drink,SCHWEPPES DRY GINGER ALE CAN 250ml,Rp9.500,9500.0
soft-drink,SCHWEPPES DRY GINGER ALE CAN 250ml,Rp9.500,9500.0
soft-drink,Sprite Minuman Soda Zero Sugar Botol 1 liter,Rp15.400,15400.0
soft-drink,BIG STRAWBERRY 3.1 LITER,Rp24.990,24990.0
soft-drink,Fanta Strawberry Pet 390 Ml,Rp5.700,5700.0
soft-drink,FANTA PET 1 L - MINUMAN SODA,Rp11.540,11540.0
soft-drink,FRESTEA APPLE PET 1500ML,Rp17.320,17320.0
soft-drink,COCA COLA Original Air Soda Btl 390 ml,Rp11.000,11000.0
soft-drink,Sprite Pet 390 Ml,Rp6.300,6300.0
soft-drink,Sprite Waterlymon 425 Ml,Rp4.800,4800.0
soft-drink,Coca Cola Pet 390 Ml,Rp6.410,6410.0
soft-drink,COCA COLA PET 390 ML - MINUMAN SODA,Rp6.090,6090.0
soft-drink,Coca Cola Pet 390 Ml,Rp6.190,6190.0
soft-drink,COCACOLA PET 250ml,Rp3.950,3950.0
soft-drink,COCACOLA PET 250ML - MINUMAN SODA,Rp4.480,4480.0
soft-drink,Sprite Pet 390 Ml,Rp6.090,6090.0
soft-drink,FANTA STRAWBERRY PET 390 ML,Rp6.090,6090.0
soft-drink,FANTA PET 250ml,Rp4.480,4480.0
soft-drink,LARUTAN CAP KAKI TIGA MELON CAN 320 ML,Rp8.230,8230.0
soft-drink,COCA COLA ZERO SUGAR PET 390 ML,Rp5.700,5700.0
soft-drink,FANTA ORANGE PET 1 LITER - MINUMAN,Rp11.350,11350.0
soft-drink,Tebs Sparkling Can 330 Ml,Rp7.300,7300.0
soft-drink,SPRITE WATERLYMON 425 ML - MINUMAN SODA,Rp4.800,4800.0
soft-drink,"Sprite Pet 1,5 Liter Minuman",Rp29.000,29000.0
soft-drink,F&N CLUB SODA WATER 325ml,Rp10.500,10500.0
soft-drink,A&W SARSAPARILA CAN 250ml,Rp9.800,9800.0
soft-drink,SCHWEPPES SODA WATER CAN 250ml,Rp9.500,9500.0
soft-drink,COCA COLA ZERO SUGAR PET 1 LITER,Rp10.300,10300.0
soft-drink,SPRITE CAN 250 ML - MINUMAN SODA,Rp6.410,6410.0
soft-drink,Frestea Apel 500 Ml,Rp7.160,7160.0
soft-drink,COCA COLA ZERO SUGAR PET 1 LITER,Rp10.690,10690.0
soft-drink,Coca Cola Pet 390 Ml,Rp5.700,5700.0
soft-drink,Fanta Minuman Soda Strawberry Botol 250 ml,Rp7.100,7100.0
soft-drink,Adem Sari Chingku Pet 350Ml,Rp10.260,10260.0
soft-drink,COCA COLA PET 390 ML - MINUMAN SODA,Rp6.300,6300.0
soft-drink,FANTA STRAWBERRY PET 390 ML,Rp6.090,6090.0
soft-drink,A & W SARSAPARILA CAN 250 ML,Rp6.410,6410.0
soft-drink,GREEN SANDS APPLE LIME CAN 250 ML,Rp7.050,7050.0
soft-drink,FRESTEA APPLE PET 1500ML,Rp18.390,18390.0
soft-drink,coca cola can 250ml kaleng,Rp6.500,6500.0
soft-drink,COCA COLA ZERO SUGAR PET 1 LITER,Rp11.540,11540.0
soft-drink,FRESTEA APPLE PET 1500ML,Rp17.320,17320.0
soft-drink,BIG STRAWBERRY 3.1 LITER,Rp24.990,24990.0
soft-drink,Coca Cola Pet 390 Ml,Rp6.090,6090.0
soft-drink,Sprite Pet 390 Ml,Rp6.300,6300.0
soft-drink,ULTRA TEH KOTAK JASMINE LESS SUGAR 300 ML,Rp4.480,4480.0
soft-drink,FANTA ORANGE PET 1 LITER - MINUMAN,Rp9.990,9990.0
soft-drink,SPRITE ZERO SUGAR PET 1 LITER,Rp10.690,10690.0
soft-drink,SPRITE PET 250ml,Rp5.230,5230.0
soft-drink,GREEN SANDS APPLE LIME CAN 250 ML,Rp7.050,7050.0
soft-drink,FANTA PET 250ml,Rp4.270,4270.0
soft-drink,SCHWEPPES SODA WATER CAN 250ml - 2 CAN,Rp19.000,19000.0
soft-drink,Nipis Madu Lime Soda 330 ml,Rp6.000,6000.0
soft-drink,Sprite lime air soda lemon 250 Ml,Rp11.000,11000.0
soft-drink,COCA COLA CAN 250 ML,Rp6.200,6200.0
soft-drink,Galliano L autentico 500ml,Rp546.000,546000.0
soft-drink,GREEN SANDS APPLE LIME CAN 250 ML,Rp7.260,7260.0
soft-drink,Sprite Waterlymon 425 Ml,Rp5.230,5230.0
soft-drink,A & W SARSAPARILA CAN 250 ML,Rp6.200,6200.0
soft-drink,SCHWEPPES BOTANICAL DRINK 250ML,Rp6.730,6730.0
soft-drink,COCA COLA CAN 250 ML,Rp6.410,6410.0
soft-drink,COCA COLA PET 390 ML - MINUMAN SODA,Rp6.090,6090.0
soft-drink,SPRITE PET 390 ML - MINUMAN SODA,Rp6.090,6090.0
soft-drink,Coca Cola Pet 390 Ml,Rp6.300,6300.0
soft-drink,FANTA PET 250ML - MINUMAN SODA,Rp4.480,4480.0
soft-drink,GREEN SANDS APPLE LIME CAN 250 ML,Rp7.050,7050.0
soft-drink,SPRITE CAN 250 ML - MINUMAN SODA,Rp5.990,5990.0
soft-drink,COCA COLA ZERO SUGAR PET 1 LITER,Rp12.290,12290.0
soft-drink,FANTA ORANGE PET 1 LITER - MINUMAN,Rp11.330,11330.0
soft-drink,SPRITE CAN 250 ML,Rp6.410,6410.0
soft-drink,FANTA PET 1 LITER - SOFT DRINK,Rp10.300,10300.0
soft-drink,COCA COLA ZERO SUGAR PET 1 LITER,Rp10.690,10690.0
soft-drink,Coca Cola Pet 390 Ml,Rp6.090,6090.0
soft-drink,FANTA SODA WATER PET 250 ML,Rp4.480,4480.0
soft-drink,COCA COLA PET 1 LITER - SOFT DRINK,Rp12.830,12830.0
soft-drink,Adem Sari Chingku Pet 350Ml,Rp9.620,9620.0
soft-drink,LARUTAN CAP KAKI TIGA MELON CAN 320 ML,Rp8.120,8120.0
soft-drink,Coca Cola Pet 390 Ml,Rp5.700,5700.0
soft-drink,FRESTEA APPLE PET 1500ML,Rp17.320,17320.0
soft-drink,FANTA ORANGE PET 1 LITER - MINUMAN,Rp11.540,11540.0
soft-drink,FANTA PET 250ML - MINUMAN SODA,Rp4.150,4150.0
soft-drink,GREEN SANDS GRAPE LEMON CAN 250 ML,Rp7.260,7260.0
soft-drink,GREEN SANDS CAN 330 ML,Rp9.300,9300.0
soft-drink,COCA COLA CAN 250 ML,Rp6.410,6410.0
soft-drink,COCACOLA PET 250ml,Rp4.480,4480.0
soft-drink,FANTA PET 250ml,Rp4.480,4480.0
soft-drink,Sprite Waterlymon 425 Ml,Rp5.230,5230.0
soft-drink,SCHWEPPES SODA WATER CAN 250ml,Rp9.500,9500.0
soft-drink,PAKET SCHWEPPES BOTANICAL TONIC WATER 250ml - 2 CAN,Rp19.000,19000.0
soft-drink,Coca Cola Minuman Soda Zero Botol 1 Liter 2 pcs,Rp26.500,26500.0
soft-drink,Sprite Waterlymon 425 Ml,Rp5.660,5660.0
soft-drink,SPRITE PET 250ml,Rp4.700,4700.0
soft-drink,COCA COLA ZERO SUGAR PET 1 LITER,Rp11.540,11540.0
soft-drink,BIG STRAWBERRY 3.1L,Rp31.650,31650.0
soft-drink,Coca Cola Pet 390 Ml,Rp5.700,5700.0
soft-drink,FANTA ORANGE PET 1 LITER - MINUMAN,Rp11.540,11540.0
soft-drink,SPRITE PET 250ML - MINUMAN SODA,Rp4.480,4480.0
soft-drink,HYPERMART FANTA PET 250ml,Rp4.480,4480.0
soft-drink,A & W SARSAPARILA CAN 250 ML,Rp6.410,6410.0
soft-drink,TEBS TEA COOLER 330 ML,Rp6.620,6620.0
soft-drink,FRESTEA APEL + LEMONGRASS 500 ML,Rp7.050,7050.0
soft-drink,COCA COLA CAN 250 ML,Rp6.200,6200.0
soft-drink,A & W SARSAPARILA CAN 250 ML,Rp6.200,6200.0
soft-drink,FRESTEA APPLE PET 1500ML,Rp18.390,18390.0
soft-drink,coca cola can 250ml kaleng,Rp6.500,6500.0
soft-drink,COCA COLA ZERO SUGAR PET 1 LITER,Rp11.540,11540.0
soft-drink,FRESTEA APPLE PET 1500ML,Rp17.320,17320.0
soft-drink,BIG STRAWBERRY 3.1 LITER,Rp24.990,24990.0
soft-drink,Rajawali Prost lager premium can 320ml,Rp34.000,34000.0
soft-drink,SPRITE ZERO SUGAR PET 1 LITER,Rp11.540,11540.0
soft-drink,BIG STRAWBERRY 3L - MINUMAN BERKARBONASI,Rp24.750,24750.0
soft-drink,Aqua Reflections Sparkling Mineral Water 750ml [ Dus isi 6 Botol Kaca ],Rp204.917,204917.0
soft-drink,SPRITE CAN 250 ML,Rp6.410,6410.0
soft-drink,Coca Cola Pet 390 Ml,Rp6.300,6300.0
soft-drink,FANTA STRAWBERRY PET 390 ML,Rp6.300,6300.0
soft-drink,San Pellegrino Sparkling Mineral Water 250ml [ Dus isi 24 Botol Kaca ],Rp719.000,719000.0
soft-drink,POLARIS SODA WATER CAN 330ML,Rp7.160,7160.0
soft-drink,Frestea Apel 500 Ml,Rp7.370,7370.0
soft-drink,Sprite Waterlymon 425 Ml,Rp5.340,5340.0
soft-drink,ISI Soda Charger/ CO2/ Instant Soda Maker,Rp93.500,93500.0
soft-drink,PAKET SCHWEPPES DRY GINGER ALE CAN 250ml- 24 CAN,Rp228.000,228000.0
soft-drink,SCHWEPPES SODA WATER CAN 250ml - 2 CAN,Rp19.000,19000.0
soft-drink,FANTA STR CAN 250 ML - MINUMAN SODA,Rp6.200,6200.0
soft-drink,TEBS TEH SODA PET 500 ML,Rp8.250,8250.0
soft-drink,COCA COLA ZERO SUGAR PET 1 LITER,Rp11.330,11330.0
soft-drink,SPRITE PET 390 ML - MINUMAN SODA,Rp5.700,5700.0
soft-drink,FANTA ORANGE PET 1 LITER - MINUMAN,Rp11.350,11350.0
soft-drink,COCA COLA ZERO SUGAR PET 1 LITER,Rp9.990,9990.0
soft-drink,HYPERMART COCACOLA PET 250ml,Rp4.480,4480.0
soft-drink,GREEN SAND CAN 330 ML - MINUMAN,Rp8.090,8090.0
soft-drink,SPRITE PET 250ml,Rp5.020,5020.0
soft-drink,SPRITE PET 250ml,Rp4.270,4270.0
soft-drink,FANTA PET 250ml,Rp4.480,4480.0
soft-drink,SPRITE PET 250ML - MINUMAN SODA,Rp4.480,4480.0
soft-drink,GREEN SANDS GRAPE LEMON CAN 250 ML,Rp7.050,7050.0
soft-drink,Green Sand Can 330 Ml,Rp9.300,9300.0
soft-drink,SPRITE PET 390 ML - MINUMAN SODA,Rp6.090,6090.0
soft-drink,A & W SARSAPARILA CAN 250 ML,Rp6.410,6410.0
soft-drink,GREEN SANDS GRAPE LEMON CAN 250 ML,Rp7.050,7050.0
soft-drink,BIG STRAWBERRY 3L - MINUMAN BERKARBONASI,Rp24.750,24750.0
soft-drink,FANTA ORANGE PET 390ML,Rp6.410,6410.0
soft-drink,Fanta Strawberry Pet 390 Ml,Rp6.300,6300.0
soft-drink,COCA COLA ZERO SUGAR PET 390 ML,Rp6.090,6090.0
soft-drink,COCA COLA ZERO SUGAR PET 1 LITER,Rp10.690,10690.0
soft-drink,A & W SARSAPARILA CAN 250 ML,Rp6.410,6410.0
soft-drink,COCA COLA PET 250 ML,Rp4.480,4480.0
soft-drink,AQUA AIR MINERAL LARUTAN 1500 ML BOTOL,Rp7.849,7849.0
soft-drink,FANTA SODA WATER PET 250ml,Rp7.500,7500.0
soft-drink,PAKET SCHWEPPES DRY GINGER ALE CAN 250ml-24 BOTOL,Rp228.000,228000.0
soft-drink,COCA COLA ZERO CAN 250 ML,Rp6.410,6410.0
soft-drink,Sprite Waterlymon 425 Ml,Rp5.340,5340.0
soft-drink,Frestea Apel 500 Ml,Rp7.050,7050.0
soft-drink,POCARI SWEAT ION WATER PET 350ML,Rp7.050,7050.0
soft-drink,SPRITE PET 250ml,Rp4.270,4270.0
soft-drink,FANTA GRAPE PET 390 ML - MINUMAN SODA,Rp6.090,6090.0
soft-drink,COCA COLA PET 390 ML - MINUMAN SODA,Rp6.090,6090.0
soft-drink,FANTA ORANGE PET 1 LITER - MINUMAN,Rp11.540,11540.0
soft-drink,FANTA ORANGE PET 1 LITER - MINUMAN,Rp11.540,11540.0
soft-drink,FRESTEA APEL + LEMONGRASS 1500 ML,Rp17.320,17320.0
soft-drink,FRESTEA APPLE PET 1500ML,Rp17.320,17320.0
soft-drink,Sprite Waterlymon 425 Ml,Rp5.340,5340.0
soft-drink,COCA COLA ZERO SUGAR PET 390 ML,Rp6.090,6090.0
soft-drink,COCACOLA PET 250ml,Rp4.480,4480.0
soft-drink,A & W SARSAPARILA CAN 250 ML,Rp6.410,6410.0
soft-drink,FANTA ORANGE PET 1 LITER - MINUMAN,Rp10.690,10690.0
soft-drink,A & W SARSAPARILA CAN 250 ML,Rp5.990,5990.0
soft-drink,FANTA PET 250ml,Rp5.230,5230.0
soft-drink,Sprite Waterlymon 425 Ml,Rp5.340,5340.0
soft-drink,Fanta Strawberry Pet 390 Ml,Rp5.700,5700.0
soft-drink,SPRITE PET 390 ML - MINUMAN SODA,Rp5.700,5700.0
soft-drink,COCA COLA ZERO CAN 250 ML,Rp6.410,6410.0
soft-drink,BIG STRAWBERRY 3.1 LITER,Rp24.990,24990.0
soft-drink,coca cola can 250ml kaleng,Rp6.500,6500.0
soft-drink,SPRITE ZERO SUGAR PET 1 LITER,Rp11.540,11540.0
soft-drink,COCA COLA PET 250 ML,Rp4.480,4480.0
soft-drink,LARUTAN CAP BADAK LYCHEE CAN 320 ML,Rp8.120,8120.0
soft-drink,SPRITE PET 250ML - MINUMAN SODA,Rp4.480,4480.0
soft-drink,FRESTEA APEL + LEMONGRASS 500 ML,Rp7.050,7050.0
soft-drink,COCACOLA PET 250ML - MINUMAN SODA,Rp4.480,4480.0
soft-drink,Sprite Minuman Soda Lemon Lime Kaleng 250 ml Sayurbox,Rp8.400,8400.0
soft-drink,GROOVY ZODA OWB 250 ML - MINUMAN,Rp5.600,5600.0
soft-drink,FANTA SODA WATER PET 250 ML,Rp4.150,4150.0
soft-drink,indoalkohol,Rp419.500,419500.0
soft-drink,FANTA ORANGE PET 1 LITER - MINUMAN SODA,Rp11.540,11540.0
soft-drink,SPRITE ZERO SUGAR PET 1 LITER,Rp11.540,11540.0
soft-drink,GREEN SAND CAN 330 ML - MINUMAN,Rp8.150,8150.0
soft-drink,CAP PANDA GRASS JELLY CAN 310 ML,Rp8.440,8440.0
soft-drink,SPRITE PET 390 ML - MINUMAN SODA,Rp6.300,6300.0
soft-drink,SPRITE PET 250ML - MINUMAN SODA,Rp4.150,4150.0
soft-drink,POLARIS SODA WATER CAN 330ML,Rp7.160,7160.0
soft-drink,FANTA STRAWBERRY PET 390 ML,Rp5.700,5700.0
soft-drink,A & W SARSAPARILA CAN 250 ML,Rp6.200,6200.0
soft-drink,Coca Cola Pet 390 Ml,Rp5.700,5700.0
soft-drink,BIG LIME 3.1 L,Rp31.650,31650.0
soft-drink,Coca Cola Pet 390 Ml,Rp6.090,6090.0
soft-drink,COCACOLA PET 390 ML,Rp6.090,6090.0
soft-drink,SCHWEPPES BOTANICAL DRINK 250ML,Rp6.730,6730.0
soft-drink,FRESTEA TEH HIJAU MADU + MINT 500 ML,Rp6.410,6410.0
soft-drink,A & W SARSAPARILA CAN 250 ML,Rp6.410,6410.0
soft-drink,FRESTEA APEL + LEMONGRASS 500 ML,Rp7.050,7050.0
soft-drink,Sprite Waterlymon 425 Ml,Rp5.340,5340.0
soft-drink,LARUTAN CAP KAKI TIGA MELON CAN 320 ML,Rp8.230,8230.0
soft-drink,A & W SARSAPARILA CAN 250 ML,Rp6.410,6410.0
soft-drink,FANTA SODA WATER PET 250 ML,Rp4.480,4480.0
soft-drink,POLARIS SODA WATER CAN 330ML,Rp7.370,7370.0
soft-drink,COCA COLA ZERO SUGAR PET 390 ML,Rp5.490,5490.0
soft-drink,[Sumber Ayu X Otsuka] Fibe Mini Minuman Tinggi Serat 100ml,Rp999.999,999999.0
soft-drink,Fanta Strawberry Pet 390 Ml,Rp5.700,5700.0
soft-drink,BIG LIME 3L - MINUMAN BERKARBONASI,Rp24.750,24750.0
soft-drink,LARUTAN CAP KAKI TIGA MELON CAN 320 ML,Rp7.200,7200.0
soft-drink,SPRITE ZERO SUGAR PET 1 LITER,Rp11.540,11540.0
soft-drink,COCA COLA ZERO SUGAR PET 1 LITER,Rp11.540,11540.0
soft-drink,COCA COLA ZERO SUGAR PET 390 ML,Rp6.090,6090.0
soft-drink,CHI FOREST Sparkling Water Lychee Fizzy 330 Ml Air Soda Rasa Leci,Rp9.200,9200.0
soft-drink,Fanta Strawberry Pet 390 Ml,Rp6.090,6090.0
soft-drink,Coca Cola Pet 390 Ml,Rp6.090,6090.0
soft-drink,GREEN SANDS CAN 330 ML,Rp8.150,8150.0
soft-drink,Sprite can 250 ml / mixer sprite kaleng,Rp9.500,9500.0
soft-drink,SPRITE PET 250ml,Rp4.480,4480.0
soft-drink,FANTA SODA WATER PET 250 ML,Rp4.480,4480.0
soft-drink,COCACOLA PET 250ML - MINUMAN SODA,Rp4.480,4480.0
soft-drink,Sprite Pet 390 Ml,Rp6.300,6300.0
soft-drink,SPRITE PET 390 ML - MINUMAN SODA,Rp6.090,6090.0
soft-drink,Coca Cola Pet 390 Ml,Rp6.300,6300.0
soft-drink,SCHWEPPES BOTANICAL DRINK 250ML,Rp6.730,6730.0
soft-drink,GREEN SANDS APPLE LIME CAN 250 ML,Rp7.050,7050.0
soft-drink,GREEN SANDS GRAPE LEMON CAN 250 ML,Rp7.160,7160.0
soft-drink,Sprite Pet 390 Ml,Rp5.980,5980.0
soft-drink,FANTA PET 250ml,Rp4.480,4480.0
soft-drink,FANTA ORANGE PET 1 LITER - MINUMAN SODA,Rp11.540,11540.0
soft-drink,FANTA PET 1 L - MINUMAN SODA,Rp11.540,11540.0
soft-drink,FANTA PET 250ML - MINUMAN SODA,Rp4.480,4480.0
soft-drink,FANTA PET 250ML - MINUMAN SODA,Rp4.480,4480.0
soft-drink,Fanta Strawberry Pet 390 Ml,Rp5.700,5700.0
soft-drink,SPRITE PET 390 ML - MINUMAN SODA,Rp5.700,5700.0
soft-drink,COCA COLA ZERO CAN 250 ML,Rp6.410,6410.0
soft-drink,BIG STRAWBERRY 3.1 LITER,Rp24.990,24990.0
soft-drink,coca cola can 250ml kaleng,Rp6.500,6500.0
soft-drink,COCACOLA PET 250ml,Rp4.480,4480.0
soft-drink,FANTA PET 250ML - MINUMAN SODA,Rp4.480,4480.0
soft-drink,COCA COLA ZERO SUGAR PET 390 ML,Rp6.410,6410.0
soft-drink,SCHWEPPES BOTANICAL DRINK TONIC WATER CAN 250ml,Rp9.500,9500.0
soft-drink,SCHWEPPES SODA WATER CAN 250ml - 2 CAN,Rp19.000,19000.0
soft-drink,Coca-Cola Minuman Soda Original Botol 250 ml Sayurbox,Rp5.300,5300.0
soft-drink,Coca-Cola Minuman Soda Original Kaleng 250 ml Sayurbox,Rp7.900,7900.0
soft-drink,SPRITE ZERO SUGAR PET 1 LITER,Rp10.690,10690.0
soft-drink,FANTA ORANGE PET 390ML,Rp5.490,5490.0
soft-drink,FANTA ORANGE PET 390ML - MINUMAN SODA,Rp6.090,6090.0
soft-drink,A & W SARSAPARILA CAN 250 ML,Rp6.410,6410.0
soft-drink,GREEN SANDS GRAPE LEMON CAN 250 ML,Rp6.940,6940.0
soft-drink,Sprite Pet 390 Ml,Rp6.090,6090.0
soft-drink,FANTA STRAWBERRY PET 390 ML,Rp6.090,6090.0
soft-drink,SPRITE PET 250ml,Rp4.270,4270.0
soft-drink,FANTA CAN 250 ML,Rp6.200,6200.0
soft-drink,BIG COLA 3 L - MINUMAN BERKARBONASI,Rp24.250,24250.0
soft-drink,SPRITE ZERO SUGAR PET 1 LITER,Rp12.290,12290.0
soft-drink,COCA COLA ZERO SUGAR PET 1 LITER,Rp11.540,11540.0
soft-drink,SPRITE PET 250ML - MINUMAN SODA,Rp4.150,4150.0
soft-drink,GROOVY ZODA OWB 250 ML,Rp5.660,5660.0
soft-drink,COCA COLA ZERO SUGAR PET 390 ML,Rp6.300,6300.0
soft-drink,Fanta Strawberry Pet 390 Ml,Rp6.090,6090.0
soft-drink,Green Sand Can 330 Ml,Rp9.400,9400.0
soft-drink,SPRITE ZERO SUGAR PET 1 LITER,Rp10.690,10690.0
soft-drink,FANTA PET 250ML - MINUMAN SODA,Rp4.480,4480.0
soft-drink,PAKET F&N CLUB SODA WATER 325ml,Rp31.500,31500.0
soft-drink,TEBS TEH SODA PET 500 ML - MINUMAN,Rp8.550,8550.0
soft-drink,COCA COLA ZERO SUGAR PET 1 LITER,Rp11.330,11330.0
soft-drink,SPRITE PET 250ml,Rp4.480,4480.0
soft-drink,FANTA STRAWBERRY PET 390 ML,Rp6.090,6090.0
soft-drink,GREEN SANDS APPLE LIME CAN 250 ML,Rp7.160,7160.0
soft-drink,FANTA ORANGE PET 390ML - MINUMAN SODA,Rp6.090,6090.0
soft-drink,BIG LIME 3L - MINUMAN BERKARBONASI,Rp24.750,24750.0
soft-drink,TEBS TEH SODA PET 500 ML - MINUMAN,Rp8.250,8250.0
soft-drink,Fanta Orange 1500 Ml,Rp16.530,16530.0
soft-drink,COCA COLA CAN 250 ML - MINUMAN SODA,Rp6.200,6200.0
soft-drink,COCA COLA PET 390 ML - MINUMAN SODA,Rp6.090,6090.0
soft-drink,SPRITE PET 250ML - MINUMAN SODA,Rp4.270,4270.0
soft-drink,FRESTEA APEL + LEMONGRASS 500 ML,Rp7.050,7050.0
soft-drink,FRESTEA APEL + LEMONGRASS 500 ML,Rp6.700,6700.0
soft-drink,Sprite Pet 1500 Ml,Rp15.990,15990.0
soft-drink,SPRITE ZERO SUGAR PET 1 LITER,Rp10.690,10690.0
soft-drink,FANTA PET 250 ML,Rp4.480,4480.0
soft-drink,COCA COLA PET 390 ML - MINUMAN SODA,Rp5.490,5490.0
soft-drink,COCA COLA PET 390 ML - MINUMAN SODA,Rp5.700,5700.0
soft-drink,Green Sand Can 330 Ml,Rp10.690,10690.0
soft-drink,FANTA PET 250ml,Rp3.650,3650.0
soft-drink,FANTA ORANGE PET 1 LITER - MINUMAN,Rp10.990,10990.0
soft-drink,Perrier Sparkling Mineral Water 330ml [ Dus isi 24 Botol Kaca ],Rp779.000,779000.0
soft-drink,Sprite Pet 390 Ml,Rp6.410,6410.0
soft-drink,COCACOLA PET 250ML - MINUMAN SODA,Rp4.480,4480.0
soft-drink,COCACOLA PET 390 ML,Rp6.090,6090.0
soft-drink,COCACOLA PET 250ML - MINUMAN SODA,Rp4.270,4270.0
soft-drink,FANTA ORANGE PET 390ML - MINUMAN SODA,Rp5.980,5980.0
soft-drink,SPRITE PET 250ML - MINUMAN SODA,Rp4.480,4480.0
soft-drink,COCA COLA PET 390 ML,Rp5.490,5490.0
soft-drink,A & W SARSAPARILA CAN 250 ML,Rp6.410,6410.0
soft-drink,MALABAR TONIC WATER CAN 250ml,Rp12.000,12000.0
soft-drink,AVE SPARKLING CRISP SODA 325ml,Rp12.000,12000.0
soft-drink,POLARIS SODA WATER CAN 330ML,Rp6.520,6520.0
soft-drink,Aqua Reflections Sparkling Mineral Water 750ml [ Dus isi 6 Botol Kaca ],Rp204.917,204917.0
soft-drink,COCA COLA ZERO CAN 250 ML,Rp6.410,6410.0
soft-drink,COCA COLA ZERO SUGAR PET 1 LITER,Rp11.540,11540.0
soft-drink,Fanta Strawberry Pet 390 Ml,Rp6.090,6090.0
soft-drink,TONIC WATER MALABAR 250ml - 2 CAN,Rp24.000,24000.0
soft-drink,COCA COLA ZERO SUGAR PET 1 LITER,Rp11.760,11760.0
soft-drink,FANTA ORANGE PET 1 LITER - MINUMAN,Rp11.540,11540.0
soft-drink,FANTA ORANGE PET 1 LITER - MINUMAN,Rp11.540,11540.0
soft-drink,POLARIS SODA WATER CAN 330ML,Rp6.520,6520.0
soft-drink,COCA COLA ZERO SUGAR PET 390 ML,Rp6.300,6300.0
soft-drink,SPRITE PET 390 ML - MINUMAN SODA,Rp6.090,6090.0
soft-drink,Coca Cola Pet 390 Ml,Rp6.090,6090.0
soft-drink,FANTA STRAWBERRY PET 390 ML,Rp6.090,6090.0
soft-drink,COCA COLA ZERO SUGAR PET 390 ML,Rp5.980,5980.0
soft-drink,Sprite Waterlymon 425 Ml,Rp5.340,5340.0
soft-drink,SPRITE PET 390 ML,Rp6.090,6090.0
soft-drink,PAKET SCHWEPPES GINGER ALE CAN 250ml - 2 CAN,Rp17.300,17300.0
soft-drink,Sprite can 250 ml / mixer sprite kaleng,Rp10.000,10000.0
soft-drink,COCA COLA ZERO SUGAR PET 1 LITER,Rp12.830,12830.0
soft-drink,COCA COLA ZERO SUGAR PET 1 LITER,Rp10.690,10690.0
soft-drink,Coca Cola Pet 390 Ml,Rp6.090,6090.0
soft-drink,TEBS TEH SODA PET 500 ML,Rp9.300,9300.0
soft-drink,CAP KAKI TIGA ANAK PET 200 ML,Rp4.910,4910.0
soft-drink,COCA COLA PET 390 ML - MINUMAN SODA,Rp6.300,6300.0
soft-drink,FANTA ORANGE PET 1 LITER - MINUMAN SODA,Rp10.300,10300.0
soft-drink,SPRITE CAN 250 ML - MINUMAN SODA,Rp6.200,6200.0
soft-drink,GROOVY ZODA OWB 250 ML - MINUMAN,Rp5.600,5600.0
soft-drink,Sprite Waterlymon 425 Ml,Rp5.230,5230.0
soft-drink,GREEN SANDS GRAPE LEMON CAN 250 ML,Rp7.050,7050.0
soft-drink,SCHWEPPES BOTANICAL DRINK TONIC WATER CAN 250ml,Rp9.500,9500.0
soft-drink,COCA COLA ZERO SUGAR PET 1 LITER,Rp11.540,11540.0
soft-drink,COCA COLA ZERO SUGAR PET 1 LITER,Rp12.080,12080.0
soft-drink,BIG LIME 3.1 L,Rp29.410,29410.0
soft-drink,Green Sand Can 330 Ml,Rp10.370,10370.0
soft-drink,Fanta Strawberry Pet 390 Ml,Rp6.300,6300.0
soft-drink,A & W SARSAPARILA CAN 250 ML,Rp6.410,6410.0
soft-drink,SCHWEPPES BOTANICAL DRINK 250ML,Rp6.730,6730.0
soft-drink,FANTA STRAWBERRY PET 390 ML,Rp6.300,6300.0
soft-drink,A & W SARSAPARILA CAN 250 ML,Rp6.410,6410.0
soft-drink,SPRITE PET 250ML - MINUMAN SODA,Rp4.480,4480.0
soft-drink,COCACOLA PET 250ml,Rp4.150,4150.0
soft-drink,SPRITE ZERO SUGAR PET 1 LITER,Rp10.690,10690.0
soft-drink,CHI FOREST Sparkling Water Grape Delight 330 Ml Air Soda Rasa Anggur x 24 PCS (1 Carton),Rp220.800,220800.0
soft-drink,COCACOLA PET 250ml,Rp4.270,4270.0
soft-drink,POLARIS SODA WATER CAN 330ML,Rp6.940,6940.0
soft-drink,GROOVY ZODA OWB 250 ML - MINUMAN,Rp7.090,7090.0
soft-drink,COCA COLA CAN 250 ML - MINUMAN SODA,Rp5.990,5990.0
soft-drink,FANTA STR CAN 250 ML - MINUMAN SODA,Rp5.990,5990.0
soft-drink,SPRITE PET 250ML - MINUMAN SODA,Rp3.990,3990.0
soft-drink,COCACOLA PET 250ML - MINUMAN SODA,Rp3.990,3990.0
soft-drink,Sprite Pet 390 Ml,Rp5.700,5700.0
soft-drink,SPRITE PET 250ml,Rp3.950,3950.0
soft-drink,GREEN SANDS GRAPE LEMON CAN 250 ML,Rp7.050,7050.0
soft-drink,GREEN SANDS GRAPE LEMON CAN 250 ML,Rp7.160,7160.0
soft-drink,PAKET SCHWEPPES SODA WATER CAN 250ml- 24 CAN,Rp228.000,228000.0
soft-drink,CAP KAKI TIGA ANAK PET 200 ML,Rp4.910,4910.0
soft-drink,Sprite Pet 390 Ml,Rp6.300,6300.0
soft-drink,COCA COLA PET 390 ML - MINUMAN SODA,Rp5.700,5700.0
soft-drink,COCA COLA ZERO SUGAR PET 1 LITER,Rp10.690,10690.0
soft-drink,SCHWEPPES BOTANICAL DRINK 250ML,Rp7.480,7480.0
soft-drink,GREEN SAND CAN 330 ML - MINUMAN,Rp9.300,9300.0
soft-drink,SPRITE PET 250ml,Rp4.150,4150.0
soft-drink,FANTA ORANGE PET 1 LITER - MINUMAN SODA,Rp12.080,12080.0
soft-drink,Aqua Reflections Sparkling Mineral Water 380ml [ Dus isi 12 Botol Kaca ],Rp229.917,229917.0
soft-drink,POLARIS SODA WATER CAN 330ML,Rp6.520,6520.0
soft-drink,Aqua Reflections Sparkling Mineral Water 750ml [ Dus isi 6 Botol Kaca ],Rp204.917,204917.0
soft-drink,COCA COLA ZERO CAN 250 ML,Rp6.410,6410.0
soft-drink,COCA COLA ZERO SUGAR PET 1 LITER,Rp11.540,11540.0
soft-drink,Fanta Strawberry Pet 390 Ml,Rp6.090,6090.0
soft-drink,FRESTEA APPLE PET 1500ML,Rp17.320,17320.0
soft-drink,Paket 2 Pokka Green Tea Can 300ml - Indoalkohol,Rp40.000,40000.0
soft-drink,GREEN SANDS APPLE LIME CAN 250 ML,Rp7.480,7480.0
soft-drink,POLARIS SODA WATER CAN 330ML,Rp7.160,7160.0
soft-drink,Fanta Strawberry Pet 390 Ml,Rp6.090,6090.0
soft-drink,Fanta Strawberry Pet 390 Ml,Rp6.300,6300.0
soft-drink,A & W SARSAPARILA CAN 250 ML,Rp6.410,6410.0
soft-drink,FANTA PET 250ML - MINUMAN SODA,Rp4.700,4700.0
soft-drink,Frestea Apel 500 Ml,Rp6.620,6620.0
soft-drink,COCACOLA PET 250ml,Rp4.480,4480.0
soft-drink,FANTA SODA WATER PET 250 ML,Rp4.480,4480.0
soft-drink,FANTA PET 250ml,Rp4.270,4270.0
soft-drink,COCA COLA ZERO CAN 250 ML,Rp5.990,5990.0
soft-drink,COCACOLA PET 1L - MINUMAN SODA,Rp11.540,11540.0
soft-drink,TEBS TEH SODA PET 500 ML,Rp7.990,7990.0
soft-drink,SCHWEPPES BOTANICAL DRINK 250ML,Rp5.990,5990.0
soft-drink,FANTA PET 1 L - MINUMAN SODA,Rp10.690,10690.0
soft-drink,MALABAR GINGER ALE CAN 250ml,Rp12.000,12000.0
soft-drink,Sprite Pet 390 Ml,Rp6.090,6090.0
soft-drink,COCA COLA ZERO CAN 250 ML,Rp6.410,6410.0
soft-drink,TEBS Sparkling Mix Fruit PET 300ml isi 12 pcs,Rp58.000,58000.0
soft-drink,COCA COLA ZERO SUGAR PET 390 ML,Rp6.300,6300.0
soft-drink,A & W SARSAPARILA CAN 250 ML,Rp6.410,6410.0
soft-drink,FANTA PET 250 ML,Rp4.480,4480.0
soft-drink,FANTA ORANGE PET 390ML,Rp6.620,6620.0
soft-drink,Sprite Waterlymon 425 Ml,Rp5.230,5230.0
soft-drink,COCA COLA ZERO SUGAR PET 390 ML,Rp6.090,6090.0
soft-drink,SCHWEPPES BOTANICAL DRINK 250ML,Rp6.730,6730.0
soft-drink,COCACOLA PET 250ML - MINUMAN SODA,Rp4.480,4480.0
soft-drink,ZOZO LEMON SODA CAN 250ml,Rp13.500,13500.0
soft-drink,FANTA SODA WATER PET 250ml,Rp7.500,7500.0
soft-drink,GROOVY ZODA OWB 250 ML,Rp6.100,6100.0
soft-drink,COCA COLA ZERO SUGAR PET 1 LITER,Rp11.540,11540.0
soft-drink,GREEN SAND CAN 330 ML - MINUMAN,Rp9.300,9300.0
soft-drink,SPRITE Lemon Lime Air Soda Btl 390 ml,Rp8.200,8200.0
soft-drink,GREEN SANDS GRAPE LEMON CAN 250 ML,Rp7.050,7050.0
soft-drink,Frestea Green Honey Pet 500 Ml,Rp7.050,7050.0
soft-drink,PAKET F&N COFFE SODA KOPI 325ml,Rp31.500,31500.0
soft-drink,COCACOLA PET 250ml,Rp4.700,4700.0
soft-drink,Green Sand Can 330 Ml,Rp9.400,9400.0
soft-drink,FANTA PET 250ml,Rp3.950,3950.0
soft-drink,SPRITE ZERO SUGAR PET 1 LITER,Rp10.690,10690.0
soft-drink,COCA COLA ZERO SUGAR PET 1 LITER,Rp11.330,11330.0
soft-drink,COCA COLA ZERO SUGAR PET 1 LITER,Rp11.540,11540.0
soft-drink,GREEN SANDS GRAPE LEMON CAN 250 ML,Rp7.480,7480.0
soft-drink,COCA COLA ZERO SUGAR PET 390 ML,Rp6.090,6090.0
soft-drink,FANTA STR CAN 250 ML,Rp6.410,6410.0
soft-drink,A & W SARSAPARILA CAN 250 ML,Rp6.410,6410.0
soft-drink,Frestea Apel 500 Ml,Rp7.160,7160.0
soft-drink,COCA COLA PET 250 ML,Rp4.480,4480.0
soft-drink,SPRITE PET 250ML - MINUMAN SODA,Rp4.480,4480.0
soft-drink,GREEN SANDS CAN 330 ML,Rp9.300,9300.0
soft-drink,POLARIS SODA WATER CAN 330ML,Rp6.940,6940.0
soft-drink,SPRITE PET 1 L - MINUMAN SODA,Rp10.690,10690.0
soft-drink,COCA COLA PET 390 ML - MINUMAN SODA,Rp5.980,5980.0
soft-drink,SPRITE PET 390 ML - MINUMAN SODA,Rp6.090,6090.0
soft-drink,POLARIS SODA WATER CAN 330ML,Rp5.870,5870.0
soft-drink,SCHWEPPES SODA WATER CAN 250ml,Rp9.500,9500.0
soft-drink,FANTA SODA WATER PET 250ml,Rp7.500,7500.0
soft-drink,AVE SPARKLING CRISP SODA 325ml,Rp12.000,12000.0
soft-drink,SPRITE PET 390 ML - MINUMAN SODA,Rp5.700,5700.0
soft-drink,Aqua Reflections Sparkling Mineral Water 750ml [ Dus isi 6 Botol Kaca ],Rp204.917,204917.0
soft-drink,FANTA ORANGE PET 1 LITER - MINUMAN,Rp11.540,11540.0
soft-drink,FRESTEA APPLE PET 1500ML,Rp17.320,17320.0
soft-drink,BIG STRAWBERRY 3.1L,Rp28.550,28550.0
soft-drink,FANTA SODA WATER PET 250ml,Rp7.500,7500.0
soft-drink,AVE SPARKLING CRISP SODA 325ml,Rp12.000,12000.0
soft-drink,PAKET SCHWEPPES BOTANICAL TONIC WATER 250ml - 2 CAN,Rp19.000,19000.0
soft-drink,SCHWEPPES SODA WATER CAN 250ml,Rp9.500,9500.0
soft-drink,TEBS TEH SODA PET 500 ML - MINUMAN,Rp8.250,8250.0
soft-drink,FANTA ORANGE PET 1 LITER - MINUMAN,Rp12.290,12290.0
soft-drink,SPRITE ZERO SUGAR PET 1 LITER,Rp10.690,10690.0
soft-drink,FANTA PET 250ML - MINUMAN SODA,Rp4.480,4480.0
soft-drink,TEBS TEA COOLER 330 ML,Rp6.410,6410.0
soft-drink,COCA COLA CAN 250 ML - MINUMAN SODA,Rp6.200,6200.0
soft-drink,ADEM SARI CHINGKU PET 350 ML,Rp10.260,10260.0
soft-drink,SPRITE PET 250ml,Rp4.480,4480.0
soft-drink,COCA COLA ZERO CAN 250 ML,Rp5.990,5990.0
soft-drink,FANTA PET 250ml,Rp3.650,3650.0
soft-drink,GREEN SANDS APPLE LIME CAN 250 ML,Rp6.200,6200.0
soft-drink,ADEM SARI CHINGKU PET 350 ML,Rp10.260,10260.0
soft-drink,SPRITE ZERO SUGAR PET 1 LITER,Rp11.540,11540.0
soft-drink,BIG LIME 3.1 L,Rp26.740,26740.0
soft-drink,FRESTEA APPLE PET 1500ML,Rp18.390,18390.0
soft-drink,Sprite Pet 390 Ml,Rp6.090,6090.0
soft-drink,FANTA ORANGE PET 390ML - MINUMAN SODA,Rp6.300,6300.0
soft-drink,Fanta Strawberry Pet 390 Ml,Rp6.090,6090.0
soft-drink,GREEN SANDS GRAPE LEMON CAN 250 ML,Rp7.160,7160.0
soft-drink,SOSRO TEH BOTOL JASMINE PET 450 ML,Rp7.260,7260.0
soft-drink,COCA COLA ZERO SUGAR PET 390 ML,Rp6.300,6300.0
soft-drink,FANTA GRAPE PET 390 ML - SOFT DRINK,Rp6.090,6090.0
soft-drink,SPRITE ZERO SUGAR PET 1 LITER,Rp12.080,12080.0
soft-drink,COCA COLA ZERO SUGAR PET 1 LITER,Rp10.690,10690.0
soft-drink,COCA COLA ZERO CAN 250 ML,Rp6.410,6410.0
soft-drink,COCA COLA ZERO SUGAR PET 390 ML,Rp6.090,6090.0
soft-drink,Schweppes Ginger Ale 250ml kaleng,Rp10.000,10000.0
soft-drink,Coca Cola Pet 390 Ml,Rp6.300,6300.0
soft-drink,COCACOLA PET 250ML - MINUMAN SODA,Rp4.480,4480.0
soft-drink,COCACOLA PET 250ML - MINUMAN SODA,Rp4.480,4480.0
soft-drink,COCACOLA PET 250ml,Rp4.270,4270.0
soft-drink,SPRITE PET 250ML - MINUMAN SODA,Rp4.480,4480.0
soft-drink,Sprite Pet 390 Ml,Rp6.190,6190.0
soft-drink,GREEN SANDS APPLE LIME CAN 250 ML,Rp7.050,7050.0
soft-drink,FANTA SODA WATER PET 250 ML,Rp4.480,4480.0
soft-drink,SPRITE PET 250 ML,Rp3.990,3990.0
soft-drink,FANTA SODA WATER PET 250 ML,Rp4.480,4480.0
soft-drink,FANTA ORANGE PET 390ML - MINUMAN SODA,Rp6.090,6090.0
soft-drink,SPRITE ZERO SUGAR PET 1 LITER,Rp11.540,11540.0
soft-drink,Coca Cola Pet 390 Ml,Rp6.090,6090.0
soft-drink,A & W SARSAPARILA CAN 250 ML,Rp6.410,6410.0
soft-drink,Adem Sari Chingku Pet 350Ml,Rp10.260,10260.0
soft-drink,ORONAMIN C DRINK 120 ML - MINUMAN,Rp7.690,7690.0
soft-drink,SPRITE PET 390 ML - MINUMAN SODA,Rp6.090,6090.0
soft-drink,FRESTEA TEH HIJAU MADU + MINT 500 ML,Rp7.050,7050.0
soft-drink,Coca Cola Pet 390 Ml,Rp6.090,6090.0
soft-drink,SPRITE WATERLYMON 425 ML - MINUMAN SODA,Rp5.230,5230.0
soft-drink,GREEN SANDS APPLE LIME CAN 250 ML,Rp7.050,7050.0
soft-drink,Sprite Pet 390 Ml,Rp6.090,6090.0
soft-drink,SPRITE WATERLYMON 425 ML - MINUMAN SODA,Rp5.120,5120.0
soft-drink,GREEN SANDS APPLE LIME CAN 250 ML,Rp6.940,6940.0
soft-drink,FANTA STRAWBERRY PET 390 ML,Rp5.700,5700.0
soft-drink,SPRITE PET 390 ML - MINUMAN SODA,Rp5.700,5700.0
soft-drink,SPRITE WATERLYMON 425 ML,Rp4.800,4800.0
soft-drink,ADEM SARI CHINGKU PET 350 ML,Rp10.260,10260.0
soft-drink,TEBS Sparkling Soda Mix Fruit Kaleng / Can 330ml isi 20 pcs,Rp109.000,109000.0
soft-drink,SPRITE PET 390 ML - MINUMAN SODA,Rp5.700,5700.0
soft-drink,Aqua Reflections Sparkling Mineral Water 750ml [ Dus isi 6 Botol Kaca ],Rp204.917,204917.0
soft-drink,FANTA ORANGE PET 1 LITER - MINUMAN,Rp11.540,11540.0
soft-drink,FRESTEA APPLE PET 1500ML,Rp17.320,17320.0
soft-drink,BIG STRAWBERRY 3.1L,Rp28.550,28550.0
soft-drink,A & W SARSAPARILA CAN 250 ML,Rp6.410,6410.0
soft-drink,COCA COLA PET 250 ML,Rp4.480,4480.0
soft-drink,FANTA ORANGE PET 390ML,Rp6.090,6090.0
soft-drink,COCA COLA ZERO SUGAR PET 390 ML,Rp6.090,6090.0
soft-drink,COCA COLA PET 390 ML - MINUMAN SODA,Rp6.090,6090.0
soft-drink,FRESTEA APPLE PET 350 ML,Rp5.120,5120.0
soft-drink,SCHWEPPES BOTANICAL DRINK 250ML,Rp6.730,6730.0
soft-drink,FANTA STR CAN 250 ML - MINUMAN SODA,Rp6.410,6410.0
soft-drink,Coca-Cola Minuman Soda Original Botol 390 ml,Rp8.400,8400.0
soft-drink,COCA COLA ORIGINAL TASTE CAN 250ml,Rp9.000,9000.0
soft-drink,COCA COLA ZERO CAN 250 ML,Rp6.200,6200.0
soft-drink,COCACOLA PET 250ml,Rp3.650,3650.0
soft-drink,BIG LIME 3.1 L,Rp28.550,28550.0
soft-drink,BIG STRAWBERRY 3.1L,Rp28.550,28550.0
soft-drink,COCA COLA ZERO SUGAR PET 1 LITER,Rp11.540,11540.0
soft-drink,FRESTEA APPLE PET 1500ML,Rp17.320,17320.0
soft-drink,SPRITE ZERO SUGAR PET 1 LITER,Rp11.540,11540.0
soft-drink,Sprite Waterlymon 425 Ml,Rp5.340,5340.0
soft-drink,Coca Cola Pet 390 Ml,Rp6.300,6300.0
soft-drink,LARUTAN CAP KAKI TIGA MELON CAN 320 ML,Rp8.550,8550.0
soft-drink,SPRITE WATERLYMON 425 ML - MINUMAN SODA,Rp5.230,5230.0
soft-drink,CAP KAKI TIGA ANAK PET 200 ML,Rp4.910,4910.0
soft-drink,A & W SARSAPARILA CAN 250 ML,Rp6.410,6410.0
soft-drink,Frestea Apel 500 Ml,Rp7.050,7050.0
soft-drink,COCACOLA PET 250ML - MINUMAN SODA,Rp4.050,4050.0
soft-drink,COCA COLA PET 1 LITER - SOFT DRINK,Rp10.300,10300.0
soft-drink,COCA COLA ZERO SUGAR PET 390 ML,Rp6.090,6090.0
soft-drink,POLARIS SODA WATER CAN 330ML,Rp7.160,7160.0
soft-drink,Frestea Green Honey Pet 500 Ml,Rp7.050,7050.0
soft-drink,SPRITE PET 250 ML,Rp4.480,4480.0
soft-drink,SPRITE PET 250 ML,Rp4.480,4480.0
soft-drink,FANTA SODA WATER PET 250 ML,Rp4.150,4150.0
soft-drink,Schweppes Tonic Water - Air Tonik 250ml Tonik water Tonic water soda,Rp7.000,7000.0
soft-drink,FANTA SODA WATER PET 250 ML,Rp4.480,4480.0
soft-drink,FANTA STRAWBERRY PET 390 ML,Rp6.090,6090.0
soft-drink,FANTA GRAPE PET 390 ML - MINUMAN SODA,Rp6.090,6090.0
soft-drink,Schweppes Tonik Water 330 Ml,Rp6.590,6590.0
soft-drink,Adem Sari Chingku Pet 350Ml,Rp10.260,10260.0
soft-drink,A & W SARSAPARILA CAN 250 ML,Rp6.410,6410.0
soft-drink,Twin Pack: HiLo Es Ketan Hitam (10 Sch),Rp39.200,39200.0
soft-drink,FANTA ORANGE PET 1 LITER - MINUMAN SODA,Rp10.690,10690.0
soft-drink,SCHWEPPES BOTANICAL DRINK TONIC WATER CAN 250ml,Rp9.500,9500.0
soft-drink,SPRITE LEMON LIME CAN 250ml,Rp9.500,9500.0
soft-drink,Adem Sari Ching Ku Madu Lemon Tea Botol 2x350 Ml,Rp21.800,21800.0
soft-drink,A&W SARSAPARILA CAN 250ml,Rp9.800,9800.0
soft-drink,SCHWEPPES DRY GINGER ALE CAN 250ml,Rp9.500,9500.0
soft-drink,COCACOLA PET 1L - MINUMAN SODA,Rp10.690,10690.0
soft-drink,BIG LIME 3.1 L,Rp29.410,29410.0
soft-drink,FANTA PET 1 L - MINUMAN SODA,Rp10.690,10690.0
soft-drink,FANTA ORANGE PET 1 LITER - MINUMAN SODA,Rp11.330,11330.0
soft-drink,FANTA PET 1 L - MINUMAN SODA,Rp10.690,10690.0
soft-drink,SPRITE LEMON LIME CAN 250ml,Rp9.500,9500.0
soft-drink,COCA COLA PET 390 ML - MINUMAN SODA,Rp5.700,5700.0
soft-drink,Sprite 390 Ml Minuman,Rp9.400,9400.0
soft-drink,PAKET SCHWEPPES BOTANICAL TONIC WATER 250ml - 2 CAN,Rp19.000,19000.0
soft-drink,Soda Xpress Botol Air Soda Carbonating Pair Bottle 2x850ml Sparkling Water Bottle Portabel Praktis,Rp200.000,200000.0
soft-drink,FANTA STRAWBERRY PET 390 ML,Rp6.090,6090.0
soft-drink,ULTRA TEH KOTAK JASMINE 300 ML,Rp4.480,4480.0
soft-drink,COCACOLA PET 1L - MINUMAN SODA,Rp10.690,10690.0
soft-drink,COCA COLA PET 1 LITER - SOFT DRINK,Rp12.080,12080.0
soft-drink,Fanta Strawberry Pet 390 Ml,Rp6.090,6090.0
soft-drink,COCA COLA ZERO SUGAR PET 1 LITER,Rp11.540,11540.0
soft-drink,COCACOLA PET 250ml,Rp4.150,4150.0
soft-drink,COCA COLA ZERO CAN 250 ML,Rp6.410,6410.0
soft-drink,POLARIS SODA WATER CAN 330ML,Rp6.520,6520.0
soft-drink,Bintang Zero Minuman Berkarbonasi Can 330Ml,Rp13.700,13700.0
soft-drink,COCA COLA ZERO SUGAR PET 1 LITER,Rp11.540,11540.0
soft-drink,COCACOLA PET 1L - MINUMAN SODA,Rp10.690,10690.0
soft-drink,Sprite Pet 390 Ml,Rp6.300,6300.0
soft-drink,SPRITE ZERO SUGAR PET 1 LITER,Rp10.690,10690.0
soft-drink,FANTA ORANGE PET 1 LITER - MINUMAN SODA,Rp10.690,10690.0
soft-drink,FRESTEA APPLE PET 1500ML,Rp18.180,18180.0
soft-drink,PAKET SCHWEPPES GINGER ALE CAN 250ml - 2 CAN,Rp19.000,19000.0
soft-drink,Sprite Waterlymon 425 Ml,Rp5.980,5980.0
soft-drink,COCA COLA ORIGINAL TASTE CAN 250ml,Rp9.000,9000.0
soft-drink,Polaris Sparkling Water 330ml isi 3pcs,Rp18.600,18600.0
soft-drink,COCA COLA ZERO SUGAR PET 1 LITER,Rp10.690,10690.0
soft-drink,FANTA STR CAN 250 ML - MINUMAN SODA,Rp6.410,6410.0
soft-drink,indoalkohol,Rp464.000,464000.0
soft-drink,FANTA ORANGE PET 390ML,Rp5.700,5700.0
soft-drink,BIG STRAWBERRY 3L - MINUMAN BERKARBONASI,Rp24.750,24750.0
soft-drink,GREEN SAND CAN 330 ML - MINUMAN,Rp9.300,9300.0
soft-drink,Sprite Waterlymon 425 Ml,Rp5.770,5770.0
soft-drink,A & W SARSAPARILA CAN 250 ML,Rp6.410,6410.0
soft-drink,FANTA GRAPE PET 390 ML - MINUMAN SODA,Rp6.090,6090.0
soft-drink,Polaris Soda Water 330ml isi 3pcs [Exp : 02.2027],Rp17.751,17751.0
soft-drink,Bundling - 4 x Coca Cola Minuman Soda Kaleng Original 250 ml Sayurbox,Rp28.700,28700.0
soft-drink,SPRITE ZERO SUGAR PET 1 LITER,Rp11.330,11330.0
soft-drink,COCA COLA ZERO SUGAR PET 390 ML,Rp6.090,6090.0
soft-drink,A & W SARSAPARILA CAN 250 ML,Rp6.410,6410.0
soft-drink,COCA COLA PET 390 ML - MINUMAN SODA,Rp6.090,6090.0
soft-drink,BIG LIME 3.1 L,Rp31.650,31650.0
soft-drink,A & W SARSAPARILA CAN 250 ML,Rp6.410,6410.0
soft-drink,SPRITE ZERO SUGAR PET 1 LITER,Rp9.990,9990.0
soft-drink,Sprite Pet 390 Ml,Rp6.300,6300.0
soft-drink,SPRITE PET 390 ML - MINUMAN SODA,Rp6.090,6090.0
soft-drink,SPRITE ZERO SUGAR PET 1 LITER,Rp10.690,10690.0
soft-drink,BIG LIME 3.1 LITER,Rp24.750,24750.0
soft-drink,SPRITE PET 390 ML - MINUMAN SODA,Rp6.090,6090.0
soft-drink,LARUTAN CAP KAKI TIGA MELON CAN 320 ML,Rp8.120,8120.0
soft-drink,GREEN SANDS GRAPE LEMON CAN 250 ML,Rp7.050,7050.0
soft-drink,GREEN SANDS GRAPE LEMON CAN 250 ML,Rp5.870,5870.0
soft-drink,SPRITE WATERLYMON 425 ML - MINUMAN SODA,Rp5.230,5230.0
soft-drink,FANTA SODA WATER PET 250 ML,Rp4.270,4270.0
soft-drink,A & W SARSAPARILA CAN 250 ML,Rp6.410,6410.0
soft-drink,FANTA ORANGE PET 1 LITER - MINUMAN,Rp10.690,10690.0
soft-drink,A & W SARSAPARILA CAN 250 ML,Rp6.410,6410.0
soft-drink,Green Sand Can 330 Ml,Rp10.370,10370.0
soft-drink,Sprite Pet 390 Ml,Rp6.090,6090.0
soft-drink,COCA COLA ZERO SUGAR PET 1 LITER,Rp10.690,10690.0
soft-drink,Green Sand Can 330 Ml,Rp10.370,10370.0
soft-drink,GREEN SAND CAN 330 ML - MINUMAN,Rp9.830,9830.0
soft-drink,FANTA ORANGE PET 1 LITER - MINUMAN SODA,Rp10.690,10690.0
soft-drink,FANTA ORANGE PET 1 LITER - MINUMAN SODA,Rp10.690,10690.0
soft-drink,BIG LIME 3.1 L,Rp27.810,27810.0
soft-drink,CAP KAKI TIGA ANAK PET 200 ML,Rp4.450,4450.0
soft-drink,COCA COLA ZERO SUGAR PET 1 LITER,Rp10.300,10300.0
soft-drink,Sprite Waterlymon 425 Ml,Rp5.230,5230.0
soft-drink,Fibe Mini Bantu Pencernaan Sehat 24S,Rp204.000,204000.0
soft-drink,BIG STRAWBERRY 325/400 ML,Rp4.890,4890.0
soft-drink,SPRITE ZERO SUGAR PET 1 LITER,Rp11.350,11350.0
soft-drink,FANTA ORANGE PET 390ML,Rp5.700,5700.0
soft-drink,FANTA SODA WATER PET 250 ML,Rp4.150,4150.0
soft-drink,POLARIS SODA WATER CAN 330ML,Rp6.400,6400.0
soft-drink,TEBS TEH SODA PET 500 ML,Rp8.250,8250.0
soft-drink,Fanta Strawberry Pet 390 Ml,Rp6.090,6090.0
soft-drink,COCA COLA ZERO SUGAR PET 1 LITER,Rp11.540,11540.0
soft-drink,COCACOLA PET 250ml,Rp4.150,4150.0
soft-drink,COCA COLA ZERO CAN 250 ML,Rp6.410,6410.0
soft-drink,POLARIS SODA WATER CAN 330ML,Rp6.520,6520.0
soft-drink,POLARIS SODA WATER CAN 330ML,Rp6.400,6400.0
soft-drink,SPRITE ZERO SUGAR PET 1 LITER,Rp11.350,11350.0
soft-drink,BIG STRAWBERRY 3.1L,Rp31.650,31650.0
soft-drink,A & W SARSAPARILA CAN 250 ML,Rp6.200,6200.0
soft-drink,COCA COLA CAN 250 ML,Rp6.200,6200.0
soft-drink,Pristine 8.6+ Tansan Sparkling Mineral Water 480ml [ Dus isi 12 Botol Kaca ] JNE Cargo Termasuk Packing Kayu,Rp224.000,224000.0
soft-drink,SPRITE WATERLYMON 425 ML - MINUMAN SODA,Rp5.230,5230.0
soft-drink,TaffHOME Semprotan Tanaman Elektrik Garden Spray Gun Rechargeable 5L - ST-516,Rp316.800,316800.0
soft-drink,SCHWEPPES BOTANICAL DRINK 250ML,Rp6.730,6730.0
soft-drink,COCA COLA CAN 250 ML,Rp6.410,6410.0
soft-drink,SCHWEPPES BOTANICAL DRINK 250ML,Rp6.300,6300.0
soft-drink,POLARIS SODA WATER CAN 330ML,Rp6.840,6840.0
soft-drink,FRESTEA APPLE PET 350 ML,Rp6.190,6190.0
soft-drink,SPRITE PET 250ml,Rp4.480,4480.0
soft-drink,CAP KAKI TIGA ANAK PET 200 ML,Rp4.910,4910.0
soft-drink,FANTA SODA WATER PET 250 ML,Rp4.480,4480.0
soft-drink,FRESTEA APPLE PET 350 ML,Rp5.120,5120.0
soft-drink,POLARIS SODA WATER CAN 330ML,Rp7.910,7910.0
soft-drink,COCA COLA ZERO SUGAR PET 1 LITER,Rp12.080,12080.0
soft-drink,GROOVY ZODA OWB 250 ML,Rp7.260,7260.0
soft-drink,COCACOLA PET 250ml,Rp4.480,4480.0
soft-drink,F&N CLUB SODA WATER 325ml,Rp9.500,9500.0
soft-drink,COCA COLA ZERO SUGAR PET 390 ML,Rp6.090,6090.0
soft-drink,A & W SARSAPARILA CAN 250 ML,Rp5.990,5990.0
soft-drink,COCA COLA PET 250 ML,Rp3.890,3890.0
soft-drink,FANTA SODA WATER PET 250 ML,Rp4.480,4480.0
soft-drink,SCHWEPPES BOTANICAL DRINK 250ML,Rp8.120,8120.0
soft-drink,Aqua Reflections Sparkling Mineral Water 750ml [ Dus isi 6 Botol Kaca ] JNE Termasuk Packing Kayu,Rp216.917,216917.0
soft-drink,SPRITE PET 250ml,Rp3.950,3950.0
soft-drink,TaffHOME Penyiram Tanaman Otomatis Putar 360 Derajat 3 Sprinkler Spray - YY1079,Rp44.000,44000.0
soft-drink,Frestea Green Honey Pet 500 Ml,Rp7.160,7160.0
soft-drink,FANTA SODA WATER PET 250 ML,Rp4.270,4270.0
soft-drink,Sprite Pet 390 Ml,Rp6.300,6300.0
soft-drink,FANTA ORANGE PET 1 LITER - MINUMAN,Rp12.080,12080.0
soft-drink,BIG STRAWBERRY 325/400 ML,Rp5.120,5120.0
soft-drink,BIG STRAWBERRY 3.1L,Rp28.550,28550.0
soft-drink,A & W SARSAPARILA CAN 250 ML,Rp6.200,6200.0
soft-drink,SCHWEPPES BOTANICAL DRINK 250ML,Rp7.160,7160.0
soft-drink,FANTA PET 1 LITER - SOFT DRINK,Rp12.830,12830.0
soft-drink,COCACOLA PET 1L - MINUMAN SODA,Rp11.540,11540.0
soft-drink,FANTA ORANGE PET 1 LITER - MINUMAN SODA,Rp11.540,11540.0
soft-drink,COCA COLA ZERO SUGAR PET 390 ML,Rp6.300,6300.0
soft-drink,POLARIS SODA WATER CAN 330ML,Rp6.090,6090.0
soft-drink,SPRITE CAN 250 ML,Rp6.410,6410.0
soft-drink,Frestea Green Honey Pet 500 Ml,Rp7.050,7050.0
soft-drink,Frestea Green Honey Pet 500 Ml,Rp7.160,7160.0
soft-drink,Frestea Green Honey Pet 500 Ml,Rp7.050,7050.0
soft-drink,SCHWEPPES BOTANICAL DRINK 250ML,Rp6.730,6730.0
soft-drink,GROOVY ZODA OWB 250 ML,Rp6.300,6300.0
soft-drink,SCHWEPPES BOTANICAL DRINK 250ML,Rp6.730,6730.0
soft-drink,LARUTAN CAP KAKI TIGA MELON CAN 320 ML,Rp8.980,8980.0
soft-drink,COCACOLA PET 250ML - MINUMAN SODA,Rp4.700,4700.0
soft-drink,FRESTEA TEH HIJAU MADU + MINT 500 ML,Rp7.050,7050.0
soft-drink,SPRITE PET 250ml,Rp4.480,4480.0
soft-drink,COCA COLA ZERO SUGAR PET 390 ML,Rp6.090,6090.0
soft-drink,GREEN SAND CAN 330 ML,Rp10.370,10370.0
soft-drink,A&W SARSAPARILA CAN 250ml,Rp9.800,9800.0
soft-drink,PAKET SPRITE LEMON LIME CAN 250ml- 24 CAN,Rp228.000,228000.0
soft-drink,MALABAR GINGER ALE CAN 250ml,Rp12.000,12000.0
soft-drink,Coca-Cola Minuman Soda Zero Botol 1 liter,Rp13.300,13300.0
soft-drink,BIG STRAWBERRY 3.1 LITER,Rp24.990,24990.0
soft-drink,Fanta Strawberry Pet 390 Ml,Rp6.090,6090.0
soft-drink,FRESTEA APPLE PET 1500ML,Rp18.390,18390.0
soft-drink,FRESTEA APPLE PET 1500ML,Rp17.320,17320.0
soft-drink,Schweppes Ginger Ale 250ml kaleng,Rp10.000,10000.0
soft-drink,COCA COLA ZERO CAN 250 ML,Rp6.200,6200.0
soft-drink,FANTA ORANGE PET 1 LITER - MINUMAN,Rp10.990,10990.0
soft-drink,Coca-Cola Soda (Can 250ml),Rp6.500,6500.0
soft-drink,COCA COLA ZERO SUGAR PET 1 LITER,Rp11.330,11330.0
soft-drink,Fanta Strawberry Pet 390 Ml,Rp6.300,6300.0
soft-drink,FANTA GRAPE PET 390 ML - SOFT DRINK,Rp6.300,6300.0
soft-drink,Frestea Apel 500 Ml,Rp7.160,7160.0
soft-drink,Sprite Waterlymon 425 Ml,Rp5.340,5340.0
soft-drink,A & W SARSAPARILA CAN 250 ML,Rp6.410,6410.0
soft-drink,COCA COLA ZERO SUGAR PET 390 ML,Rp6.300,6300.0
soft-drink,FANTA ORANGE PET 390ML,Rp6.300,6300.0
soft-drink,CAP KAKI TIGA ANAK PET 200 ML,Rp5.450,5450.0
soft-drink,COCA COLA SOFT DRINK ZERO SUGAR Y3000 250 ML,Rp6.990,6990.0
soft-drink,CAP KAKI TIGA ANAK PET 200 ML,Rp5.660,5660.0
soft-drink,Perrier Sparkling Mineral Water 330ml [ Dus isi 24 Botol Kaca ],Rp779.000,779000.0
soft-drink,BIG STRAWBERRY 325/400 ML,Rp5.120,5120.0
soft-drink,SPRITE PET 250ml,Rp4.480,4480.0
soft-drink,COCA COLA ZERO SUGAR PET 390 ML,Rp6.090,6090.0
soft-drink,POLARIS SODA WATER CAN 330ML,Rp7.160,7160.0
soft-drink,COCA COLA ZERO SUGAR PET 1 LITER,Rp12.080,12080.0
soft-drink,SCHWEPPES BOTANICAL DRINK 250ML,Rp6.730,6730.0
soft-drink,COCA COLA ZERO SUGAR PET 1 LITER,Rp12.080,12080.0
soft-drink,POLARIS SODA WATER CAN 330ML,Rp6.090,6090.0
soft-drink,Sprite Pet 390 Ml,Rp6.300,6300.0
soft-drink,LARUTAN CAP KAKI TIGA MELON CAN 320 ML,Rp8.050,8050.0
soft-drink,AQUA AIR MINERAL BOTOL 600 ML 1 PCS,Rp4.024,4024.0
soft-drink,GREEN SANDS APPLE LIME CAN 250 ML,Rp6.690,6690.0
soft-drink,Sprite Waterlymon 425 Ml,Rp5.150,5150.0
soft-drink,COCA COLA CAN 250 ML,Rp6.200,6200.0
soft-drink,Taffware Gunting Cangkok Batang Tanaman Tool - 210,Rp107.300,107300.0
soft-drink,CAP KAKI TIGA ANAK PET 200 ML,Rp4.910,4910.0
soft-drink,Schweppes Ginger Ale (Can 250ml),Rp6.500,6500.0
soft-drink,FANTA ORANGE PET 390ML,Rp6.300,6300.0
soft-drink,A & W SARSAPARILA CAN 250 ML,Rp6.410,6410.0
soft-drink,TaffHOME Penyiram Tanaman Otomatis Putar 360 Derajat 3 Sprinkler Spray - YY1079,Rp44.000,44000.0
soft-drink,TaffHOME Botol Spray Semprotan Tanaman Disinfektan Serbaguna Flairosol - YG-15/20/30/50,Rp41.900,41900.0
soft-drink,COCA COLA ZERO SUGAR PET 390 ML,Rp6.090,6090.0
soft-drink,SCHWEPPES BOTANICAL DRINK 250ML,Rp6.730,6730.0
soft-drink,COCA COLA PET 250 ML,Rp4.480,4480.0
soft-drink,MALABAR GINGER ALE CAN 250ml,Rp12.000,12000.0
soft-drink,F&N SARSI SARSAPARILLA 325ml,Rp11.000,11000.0
soft-drink,BIG STRAWBERRY 325/400 ML,Rp4.850,4850.0
soft-drink,BIG STRAWBERRY 325/400 ML,Rp4.850,4850.0
soft-drink,San Pellegrino 500ml Sparkling Mineral Water [ Dus isi 24 Botol Kaca ] Italia,Rp1.056.720,1056720.0
soft-drink,SCHWEPPES BOTANICAL DRINK 250ML,Rp6.300,6300.0
soft-drink,COCA COLA ZERO SUGAR PET 390 ML,Rp6.090,6090.0
soft-drink,TEBS TEH SODA PET 500 ML - MINUMAN,Rp9.300,9300.0
soft-drink,Sprite Pet 390 Ml,Rp6.300,6300.0
soft-drink,LARUTAN CAP KAKI TIGA MELON CAN 320 ML,Rp7.990,7990.0
soft-drink,FANTA ORANGE PET 390ML - MINUMAN SODA,Rp5.700,5700.0
soft-drink,COCA COLA ZERO SUGAR PET 390 ML,Rp5.700,5700.0
soft-drink,CAP KAKI TIGA ANAK PET 200 ML,Rp4.450,4450.0
soft-drink,COCA COLA SOFT DRINK ZERO SUGAR Y3000 250 ML,Rp6.990,6990.0
soft-drink,SPRITE PET 250ml,Rp4.050,4050.0
soft-drink,FANTA STR CAN 250 ML,Rp6.410,6410.0
soft-drink,SCHWEPPES BOTANICAL DRINK 250ML,Rp7.160,7160.0
soft-drink,LARUTAN CAP KAKI TIGA MELON CAN 320 ML,Rp8.980,8980.0
soft-drink,SCHWEPPES BOTANICAL DRINK 250ML,Rp6.990,6990.0
soft-drink,SPRITE PET 250ml,Rp4.480,4480.0
soft-drink,GROOVY ZODA OWB 250 ML,Rp5.600,5600.0
soft-drink,BIG STRAWBERRY 3.1 LITER,Rp24.990,24990.0
soft-drink,Fanta Strawberry Pet 390 Ml,Rp6.090,6090.0
soft-drink,FRESTEA APPLE PET 1500ML,Rp18.390,18390.0
soft-drink,FRESTEA APPLE PET 1500ML,Rp17.320,17320.0
soft-drink,Schweppes Ginger Ale 250ml kaleng,Rp10.000,10000.0
soft-drink,COCACOLA PET 250ml,Rp4.800,4800.0
soft-drink,GREEN SANDS GRAPE LEMON CAN 250 ML,Rp6.690,6690.0
soft-drink,BIG STRAWBERRY 3.1L,Rp28.550,28550.0
soft-drink,COCACOLA PET 250ml,Rp3.650,3650.0
soft-drink,Taffware Gunting Taman Elektrik Pruning Shear Scissors 48Vf 1500mAh - VIO48,Rp540.400,540400.0
soft-drink,Cleo Platine Sparkling Mineral Water 380ml [ Dus isi 12 Botol Kaca ] JNE Cargo Termasuk Packing Kayu,Rp212.334,212334.0
soft-drink,COCA COLA ZERO SUGAR PET 390 ML,Rp6.410,6410.0
soft-drink,SCHWEPPES BOTANICAL DRINK 250ML,Rp6.730,6730.0
soft-drink,SCHWEPPES BOTANICAL DRINK 250ML,Rp7.050,7050.0
soft-drink,CAP KAKI TIGA ANAK PET 200 ML,Rp5.340,5340.0
soft-drink,Frestea Apel 500 Ml,Rp7.160,7160.0
soft-drink,FANTA PET 250ml,Rp4.480,4480.0
soft-drink,COCA COLA PET 390 ML,Rp6.620,6620.0
soft-drink,SPRITE PET 390ML,Rp6.090,6090.0
soft-drink,Coca Cola Pet 390 Ml,Rp6.300,6300.0
soft-drink,FANTA PET 250ml,Rp3.950,3950.0
soft-drink,FANTA STRAWBERRY PET 390ML,Rp6.090,6090.0
soft-drink,TaffHOME Semprotan Tanaman Elektrik Sprayer Shoulder Type 5L - MX5L,Rp308.100,308100.0
soft-drink,SPRITE CAN 250 ML,Rp6.410,6410.0
soft-drink,PAKET SCHWEPPES SODA WATER CAN 250ml- 24 CAN,Rp228.000,228000.0
soft-drink,Kavalan Concertmaster Sherry Cask Finish 750ml,Rp1.522.000,1522000.0
soft-drink,root beer can 330 ml,Rp12.000,12000.0
soft-drink,BIG STRAWBERRY 325/400 ML,Rp4.850,4850.0
soft-drink,FANTA SODA WATER PET 250 ML,Rp4.150,4150.0
soft-drink,BIG STRAWBERRY 325/400 ML,Rp4.850,4850.0
soft-drink,BIG STRAWBERRY 325/400 ML,Rp4.890,4890.0
soft-drink,CAP KAKI TIGA ANAK PET 200 ML,Rp4.490,4490.0
soft-drink,COCA COLA ZERO SUGAR PET 1 LITER,Rp11.540,11540.0
soft-drink,Pristine 8.6+ Tansan Sparkling Mineral Water 480ml [ Dus isi 12 Botol Kaca ] JNE Cargo Termasuk Packing Kayu,Rp224.000,224000.0
soft-drink,Pristine 8.6+ Tansan 480ml Sparkling Mineral Water [ Dus isi 12 Botol Kaca ],Rp200.000,200000.0
soft-drink,MILKIS Soda Minuman Kaleng Soft Drink Korea 250 ML Rasa Creamy Milk Susu Yogurt Kesegaran Soda Sparkling Biru Putih,Rp14.300,14300.0
soft-drink,SPRITE CAN 250 ML,Rp6.410,6410.0
soft-drink,A & W SARSAPARILA CAN 250 ML,Rp6.410,6410.0
soft-drink,FANTA STR CAN 250 ML,Rp6.410,6410.0
soft-drink,ARIZONA DRINKS CAN ALL VARIANT - IMPOR USA,Rp55.000,55000.0
soft-drink,SCHWEPPES BOTANICAL DRINK 250ML,Rp6.730,6730.0
soft-drink,FANTA SODA WATER PET 250 ML,Rp3.950,3950.0
soft-drink,FANTA PET 250ml,Rp4.480,4480.0
soft-drink,FANTA ORANGE PET 390ML,Rp5.700,5700.0
soft-drink,Fanta Strawberry Pet 390 Ml,Rp5.700,5700.0
soft-drink,Fanta Strawberry Pet 390 Ml,Rp5.980,5980.0
soft-drink,GROOVYROOTBEER CAN 330 ML,Rp7.850,7850.0
soft-drink,FANTA ORANGE PET 1 LITER - MINUMAN,Rp11.540,11540.0
soft-drink,FANTA ORANGE PET 1 LITER - MINUMAN,Rp11.760,11760.0
soft-drink,COCA COLA ZERO SUGAR PET 390 ML,Rp6.090,6090.0
soft-drink,GREEN SANDS APPLE LIME CAN 250 ML,Rp8.120,8120.0
soft-drink,FANTA ORANGE PET 390ML,Rp6.090,6090.0
soft-drink,LARUTAN CAP KAKI TIGA MELON CAN 320 ML,Rp8.230,8230.0
soft-drink,FANTA ORANGE PET 390ML,Rp5.980,5980.0
soft-drink,COCA COLA ZERO SUGAR PET 390 ML,Rp6.090,6090.0
soft-drink,FANTA PET 250 ML,Rp4.480,4480.0
soft-drink,Bubuk Minuman Premium Rasa Strawberry 1Kg,Rp105.000,105000.0
soft-drink,FANTA PET 250ml,Rp3.950,3950.0
soft-drink,[FS] Adem Sari Ching Ku Madu Lemon Tea Botol 2x350 Ml,Rp21.800,21800.0
soft-drink,PAKET FEVER TREE PREMIUM GINGER ALE 200ml- 4 BOTOL,Rp102.400,102400.0
soft-drink,PAKET FEVER TREE PREMIUM INDIAN BOTANICAL BREW 200ml- 24 BOTOL,Rp614.400,614400.0
soft-drink,F&N SARSI SARSAPARILLA 325ml,Rp11.000,11000.0
soft-drink,Septima Emblema Malbec 2023 750 ml,Rp305.000,305000.0
soft-drink,BIG LIME 3.1 LITER,Rp24.750,24750.0
soft-drink,BIG STRAWBERRY 3.1L,Rp28.550,28550.0
soft-drink,BIG STRAWBERRY 3.1L,Rp28.550,28550.0
soft-drink,SPRITE PET 390 ML - MINUMAN SODA,Rp5.700,5700.0
soft-drink,BIG STRAWBERRY 3.1 LITER,Rp24.990,24990.0
soft-drink,Fanta Strawberry Pet 390 Ml,Rp6.090,6090.0
soft-drink,COCACOLA PET 250ml,Rp4.150,4150.0
soft-drink,Pristine 8.6+ Tansan Sparkling Mineral Water 480ml [ Dus isi 12 Botol Kaca ],Rp200.000,200000.0
soft-drink,Aqua Reflections Sparkling Mineral Water 750ml [ Dus isi 6 Botol Kaca ],Rp204.917,204917.0
soft-drink,FANTA PET 250ml,Rp4.050,4050.0
soft-drink,SPRITE PET 390 ML,Rp6.090,6090.0
soft-drink,SPRITE PET 250ml,Rp4.270,4270.0
soft-drink,COCA COLA SOFT DRINK ZERO SUGAR Y3000 250 ML,Rp6.990,6990.0
soft-drink,SPRITE PET 390ML,Rp5.700,5700.0
soft-drink,SPRITE 250ML,Rp10.000,10000.0
soft-drink,SCHWEPPES BOTANICAL DRINK 250ML,Rp6.900,6900.0
soft-drink,TEBS TEA COOLER 330 ML,Rp6.600,6600.0
soft-drink,BIG STRAWBERRY 325/400 ML,Rp4.850,4850.0
soft-drink,FRESTEA APPLE PET 350 ML,Rp5.390,5390.0
soft-drink,BIG STRAWBERRY 325/400 ML,Rp5.350,5350.0
soft-drink,GROOVY ZODA OWB 250 ML,Rp6.400,6400.0
soft-drink,BIG STRAWBERRY 325/400 ML,Rp5.350,5350.0
soft-drink,GROOVY ZODA OWB 250 ML,Rp6.400,6400.0
soft-drink,Aqua Reflections Sparkling Mineral Water 750ml [ Dus isi 6 Botol Kaca ] JNE Cargo Termasuk Packing Kayu,Rp216.917,216917.0
soft-drink,San Pellegrino 250ml Sparkling Mineral Water [ Dus isi 24 Botol Kaca ] Italia,Rp719.000,719000.0
soft-drink,SPRITE ZERO SUGAR PET 1 LITER,Rp12.830,12830.0
soft-drink,SCHWEPPES BOTANICAL DRINK 250ML,Rp6.730,6730.0
soft-drink,FANTA ORANGE PET 390ML - MINUMAN SODA,Rp6.090,6090.0
soft-drink,Schweppes Soda Water (Can 250ml),Rp6.500,6500.0
soft-drink,CAP KAKI TIGA ANAK PET 200 ML,Rp5.340,5340.0
soft-drink,TaffHOME Semprotan Penyiram Tanaman Elektrik Adjustable Stick Spray - MX37,Rp179.200,179200.0
soft-drink,POLARIS SODA WATER CAN 330ML,Rp7.160,7160.0
soft-drink,SCHWEPPES BOTANICAL DRINK 250ML,Rp6.730,6730.0
soft-drink,Coca Cola Pet 390 Ml,Rp6.410,6410.0
soft-drink,POLARIS SODA WATER CAN 330ML,Rp6.520,6520.0
soft-drink,FANTA PET 250 ML,Rp3.990,3990.0
soft-drink,TEBS TEA COOLER 330 ML,Rp5.590,5590.0
soft-drink,NU MILK TEA 330 ML,Rp7.890,7890.0
soft-drink,GREEN SANDS APPLE LIME CAN 250 ML,Rp7.050,7050.0
soft-drink,FANTA PET 250ml,Rp4.480,4480.0
soft-drink,PAKET FEVER TREE GINGER BEER 200ml- 4 BOTOL,Rp102.400,102400.0
soft-drink,ZOZO CRISP CLUB SODA 250ml,Rp13.500,13500.0
soft-drink,FANTA STR CAN 250 ML,Rp6.410,6410.0
soft-drink,SPRITE PET 250 ML,Rp4.480,4480.0
soft-drink,AQUA AIR MINERAL LARUTAN 1500 ML BOTOL,Rp8.229,8229.0
soft-drink,schweppes tonic water,Rp10.000,10000.0
soft-drink,COCA COLA ZERO SUGAR PET 390 ML,Rp5.700,5700.0
soft-drink,COCA COLA ZERO SUGAR PET 390 ML,Rp5.700,5700.0
soft-drink,SPRITE ZERO SUGAR PET 1 LITER,Rp11.540,11540.0
soft-drink,BIG STRAWBERRY 3.1L,Rp29.950,29950.0
soft-drink,BIG LIME 3.1 L,Rp28.880,28880.0
soft-drink,TEBS TEH SODA PET 500 ML,Rp9.830,9830.0
soft-drink,LARUTAN CAP KAKI TIGA MELON CAN 320 ML,Rp8.120,8120.0
soft-drink,Fanta Rasa Stroberi Minuman Segar 250 mL - Minuman Favorit untuk Kenikmatan Anda,Rp8.000,8000.0
soft-drink,LARUTAN CAP KAKI TIGA MELON CAN 320 ML,Rp8.330,8330.0
soft-drink,Frestea Green Honey Pet 500 Ml,Rp6.620,6620.0
soft-drink,POLARIS SODA WATER CAN 330ML,Rp6.090,6090.0
soft-drink,CAP KAKI TIGA ANAK PET 200 ML,Rp4.910,4910.0
soft-drink,COCA COLA ZERO SUGAR PET 390 ML,Rp6.620,6620.0
soft-drink,BIG LIME 3.1 L,Rp28.550,28550.0
soft-drink,BIG STRAWBERRY 3.1L,Rp28.550,28550.0
soft-drink,COCACOLA PET 250 ML,Rp3.650,3650.0
soft-drink,COCA COLA ZERO CAN 250 ML,Rp6.200,6200.0
soft-drink,Aqua Reflections Sparkling Mineral Water 380ml [ Dus isi 12 Botol Kaca ],Rp229.917,229917.0
soft-drink,San Pellegrino 750ml Sparkling Mineral Water [ Dus isi 12 Botol Kaca ] Italia,Rp632.145,632145.0
soft-drink,COCA COLA SOFT DRINK ZERO SUGAR Y3000 250 ML,Rp6.990,6990.0
soft-drink,BIG STRAWBERRY 325/400 ML,Rp5.120,5120.0
soft-drink,BIG STRAWBERRY 3.1L,Rp28.550,28550.0
soft-drink,SPRITE PET 390 ML - MINUMAN SODA,Rp5.700,5700.0
soft-drink,BIG STRAWBERRY 3.1 LITER,Rp24.990,24990.0
soft-drink,Fanta Strawberry Pet 390 Ml,Rp6.090,6090.0
soft-drink,COCACOLA PET 250ml,Rp4.150,4150.0
soft-drink,A & W SARSAPARILA CAN 250 ML,Rp6.410,6410.0
soft-drink,Green Sand Can 330 Ml,Rp9.400,9400.0
soft-drink,FANTA ORANGE PET 390ML,Rp6.300,6300.0
soft-drink,COCA COLA ZERO SUGAR PET 390 ML,Rp6.300,6300.0
soft-drink,POLARIS SODA WATER CAN 330ML,Rp7.160,7160.0
soft-drink,LARUTAN CAP KAKI TIGA MELON CAN 320 ML,Rp8.330,8330.0
soft-drink,FANTA STRAWBERRY PET 390 ML,Rp5.490,5490.0
soft-drink,Frestea Apel 500 Ml,Rp6.620,6620.0
soft-drink,COCA COLA ZERO SUGAR PET 390 ML,Rp5.490,5490.0
soft-drink,GROOVY ZODA OWB 250 ML,Rp6.190,6190.0
soft-drink,Tebs mix fruit Soft Drink 500ml,Rp12.000,12000.0
soft-drink,Moet & Chandon Ice Imperial Rose 750 Ml,Rp1.779.000,1779000.0
soft-drink,BIG LIME 3.1 L,Rp33.160,33160.0
soft-drink,COCA COLA SOFT DRINK ZERO SUGAR Y3000 250 ML,Rp6.990,6990.0
soft-drink,FANTA CAN 250 ML,Rp6.410,6410.0
soft-drink,TEBS TEH SODA PET 500 ML - MINUMAN,Rp8.250,8250.0
soft-drink,LARUTAN CAP KAKI TIGA MELON CAN 320 ML,Rp8.120,8120.0
soft-drink,FANTA ORANGE PET 390ML,Rp6.300,6300.0
soft-drink,COCACOLA PET 250ml,Rp4.480,4480.0
soft-drink,LARUTAN CAP KAKI TIGA MELON CAN 320 ML,Rp8.230,8230.0
soft-drink,LARUTAN CAP KAKI TIGA MELON CAN 320 ML,Rp7.160,7160.0
soft-drink,FANTA PET 250ml,Rp4.150,4150.0
soft-drink,SPRITE PET 250ml,Rp3.650,3650.0
soft-drink,TEBS TEH SODA PET 500 ML - MINUMAN,Rp8.250,8250.0
soft-drink,LARUTAN CAP KAKI TIGA MELON CAN 320 ML,Rp8.980,8980.0
soft-drink,GROOVY ZODA OWB 250 ML,Rp6.410,6410.0
soft-drink,COCA COLA SOFT DRINK ZERO SUGAR Y3000 250 ML,Rp6.990,6990.0
soft-drink,AQUA AIR MINERAL BOTOL 600 ML 1 PCS,Rp4.431,4431.0
soft-drink,ZOZO LEMON SODA CAN 250ml,Rp13.500,13500.0
soft-drink,F&N COFFE SODA KOPI 325ml,Rp10.500,10500.0
soft-drink,PAKET A&W SARSAPARILA CAN 250ml- 24 CAN,Rp235.200,235200.0
soft-drink,COCA COLA ZERO SUGAR PET 390 ML,Rp6.300,6300.0
soft-drink,LARUTAN CAP KAKI TIGA MELON CAN 320 ML,Rp6.990,6990.0
soft-drink,BIG LIME 3.1 LITER,Rp29.990,29990.0
soft-drink,FANTA STR CAN 250 ML,Rp6.200,6200.0
soft-drink,GREEN SANDS GRAPE LEMON CAN 250 ML,Rp6.200,6200.0
soft-drink,SPRITE ZERO SUGAR PET 1 LITER,Rp11.760,11760.0
soft-drink,Green Sand Can 330 Ml,Rp7.910,7910.0
soft-drink,GREEN SANDS APPLE LIME CAN 250 ML,Rp7.260,7260.0
soft-drink,FRESTEA APPLE PET 350 ML,Rp5.340,5340.0
soft-drink,LARUTAN CAP KAKI TIGA MELON CAN 320 ML,Rp8.120,8120.0
soft-drink,SPRITE PET 250ml,Rp4.480,4480.0
soft-drink,Sprite botol 390ml - Tipsy Bro,Rp10.000,10000.0
soft-drink,SPRITE PET 390ML,Rp6.620,6620.0
soft-drink,FRESTEA TEH HIJAU MADU + MINT 500 ML,Rp7.050,7050.0
soft-drink,SPRITE WATERLYMON 425 ML,Rp5.550,5550.0
soft-drink,COCACOLA PET 250ml,Rp4.270,4270.0
soft-drink,SCHWEPPES BOTANICAL DRINK 250ML,Rp6.730,6730.0
soft-drink,MOM Rocks London Dry Gin 750ml,Rp780.000,780000.0
soft-drink,CAP KAKI TIGA ANAK PET 200 ML,Rp4.450,4450.0
soft-drink,FANTA ORANGE PET 1 LITER - MINUMAN,Rp11.350,11350.0
soft-drink,Aqua Reflections 750ml Sparkling Mineral Water [ Dus isi 6 Botol Kaca ],Rp204.917,204917.0
soft-drink,TEBS TEA COOLER 330 ML - MINUMAN,Rp6.620,6620.0
soft-drink,COCA COLA ZERO CAN 250 ML,Rp6.410,6410.0
soft-drink,COCA COLA SOFT DRINK ZERO SUGAR Y3000 250 ML,Rp6.990,6990.0
soft-drink,FANTA PET 250ml,Rp3.950,3950.0
soft-drink,CAP KAKI TIGA ANAK PET 200 ML,Rp4.910,4910.0
soft-drink,Fanta Strawberry Pet 390 Ml,Rp6.300,6300.0
soft-drink,LARUTAN CAP KAKI TIGA MELON CAN 320 ML,Rp8.120,8120.0
soft-drink,FANTA ORANGE PET 390ML,Rp6.090,6090.0
soft-drink,Aqua Reflections Sparkling Mineral Water 750ml [ Dus isi 6 Botol Kaca ],Rp204.917,204917.0
soft-drink,Fanta Strawberry Pet 390 Ml,Rp6.090,6090.0
soft-drink,Schweppes Ginger Ale 250ml kaleng,Rp10.000,10000.0
soft-drink,COCA COLA ZERO CAN 250 ML,Rp6.410,6410.0
soft-drink,FRESTEA APPLE PET 1500ML,Rp17.320,17320.0
soft-drink,Perrier 330ml Sparkling Mineral Water [ Dus isi 24 Botol Kaca ],Rp779.000,779000.0
soft-drink,PAKET SPRITE LEMON LIME CAN 250ml- 24 CAN,Rp228.000,228000.0
soft-drink,ZOZO CRISP CLUB SODA 250ml,Rp13.500,13500.0
soft-drink,"Oronamin C, B & Madu -24S",Rp168.000,168000.0
soft-drink,AQUA AIR MINERAL BOTOL 600 ML 1 PCS,Rp4.431,4431.0
soft-drink,Ani Anggur Lychee 580ml - Tipsy Tales,Rp74.000,74000.0
soft-drink,FANTA ORANGE PET 390ML,Rp5.700,5700.0
soft-drink,COCA COLA PET 390 ML,Rp5.700,5700.0
soft-drink,POLARIS SODA WATER CAN 330ML,Rp6.800,6800.0
soft-drink,COCA COLA ZERO SUGAR PET 1 LITER,Rp11.540,11540.0
soft-drink,SPRITE ZERO SUGAR PET 1 LITER,Rp11.540,11540.0
soft-drink,SPRITE ZERO SUGAR PET 1 LITER,Rp11.540,11540.0
soft-drink,POLARIS SODA WATER CAN 330ML,Rp6.200,6200.0
soft-drink,San Pellegrino Sparkling Mineral Water 250ml [ Dus isi 24 Botol Kaca ],Rp719.000,719000.0
soft-drink,Cleo Platine 380ml Sparkling Mineral Water [ Dus isi 12 Botol Kaca ],Rp188.334,188334.0
soft-drink,GREEN SANDS GRAPE LEMON CAN 250 ML,Rp7.480,7480.0
soft-drink,SPRITE WATERLYMON 425 ML,Rp4.950,4950.0
soft-drink,CAP KAKI TIGA ANAK PET 200 ML,Rp4.650,4650.0
soft-drink,SCHWEPPES BOTANICAL DRINK 250ML,Rp6.730,6730.0
soft-drink,Pot Semprotan Air Sabun Cuci Mobil Car Washer Foam 100ml - KK-S5,Rp41.300,41300.0
soft-drink,"Oronamin C, B & Madu -24S",Rp168.000,168000.0
soft-drink,SCHWEPPES BOTANICAL DRINK 250ML,Rp7.800,7800.0
soft-drink,POLARIS SODA WATER CAN 330ML,Rp7.160,7160.0
soft-drink,SPRITE CAN 250 ML,Rp6.410,6410.0
soft-drink,TaffHOME Semprotan Tanaman Elektrik Sprayer Shoulder Type 2000mAh 8L - VK7,Rp344.800,344800.0
soft-drink,LARUTAN CAP KAKI TIGA MELON CAN 320 ML,Rp8.120,8120.0
soft-drink,GREEN SANDS GRAPE LEMON CAN 250 ML,Rp7.370,7370.0
soft-drink,COCA-COLA KALENG CAN 250ML - BOOZE SURABAYA,Rp9.500,9500.0
soft-drink,LARUTAN CAP KAKI TIGA MELON CAN 320 ML,Rp8.120,8120.0
soft-drink,FANTA PET 250ML - MINUMAN SODA,Rp4.480,4480.0
soft-drink,Sprite Waterlymon 425 Ml,Rp4.910,4910.0
soft-drink,COCACOLA PET 390 ML,Rp6.090,6090.0
soft-drink,POLARIS SODA WATER CAN 330ML,Rp7.160,7160.0
soft-drink,BIG STRAWBERRY 325/400 ML,Rp4.690,4690.0
soft-drink,CAP KAKI TIGA ANAK PET 200 ML,Rp4.910,4910.0
soft-drink,FRESTEA APEL + LEMONGRASS 500 ML,Rp7.160,7160.0
soft-drink,FRESTEA TEH HIJAU MADU + MINT 500 ML,Rp7.160,7160.0
soft-drink,PAKET SCHWEPPES BOTANICAL DRINK TONIC WATER CAN 250ml- 24 CAN,Rp228.000,228000.0
soft-drink,FRESTEA TEH HIJAU MADU + MINT 500 ML,Rp6.700,6700.0
soft-drink,CAP KAKI TIGA ANAK PET 200 ML,Rp4.650,4650.0
soft-drink,LARUTAN CAP KAKI TIGA MELON CAN 320 ML,Rp8.550,8550.0
soft-drink,FANTA ORANGE PET 1 LITER - MINUMAN,Rp12.350,12350.0
soft-drink,SPRITE ZERO SUGAR PET 1 LITER,Rp11.350,11350.0
soft-drink,FRESTEA APEL + LEMONGRASS 350 ML,Rp4.950,4950.0
soft-drink,Coca Cola Soda Can 200 ML,Rp10.000,10000.0
soft-drink,Fanta Strawberry Pet 390 Ml,Rp6.410,6410.0
soft-drink,LARUTAN CAP KAKI TIGA MELON CAN 320 ML,Rp8.330,8330.0
soft-drink,CAP KAKI TIGA ANAK PET 200 ML,Rp4.910,4910.0
soft-drink,SPRITE PET 250ML - MINUMAN SODA,Rp4.480,4480.0
soft-drink,COCACOLA PET 250ml,Rp4.480,4480.0
soft-drink,FANTA CAN 250ML,Rp9.000,9000.0
soft-drink,BIG STRAWBERRY 325/400 ML,Rp4.850,4850.0
soft-drink,FANTA ORANGE PET 390ML,Rp5.700,5700.0
soft-drink,air soda zoda water 250ml,Rp8.000,8000.0
soft-drink,Pristine 8.6+ Tansan Sparkling Mineral Water 480ml [ Dus isi 12 Botol Kaca ],Rp200.000,200000.0
soft-drink,COCA COLA ZERO SUGAR PET 1 LITER,Rp12.830,12830.0
soft-drink,COCA COLA ZERO SUGAR PET 1 LITER,Rp12.830,12830.0
soft-drink,TEBS TEH SODA PET 500 ML - MINUMAN,Rp9.300,9300.0
soft-drink,Coca Cola Pet 390 Ml,Rp6.300,6300.0
soft-drink,FANTA STR CAN 250 ML,Rp6.410,6410.0
soft-drink,Aqua Reflections Sparkling Mineral Water 750ml [ Dus isi 6 Botol Kaca ],Rp204.917,204917.0
soft-drink,Fanta Strawberry Pet 390 Ml,Rp6.090,6090.0
soft-drink,Schweppes Ginger Ale 250ml kaleng,Rp10.000,10000.0
soft-drink,COCA COLA ZERO CAN 250 ML,Rp6.410,6410.0
soft-drink,FRESTEA APPLE PET 1500ML,Rp17.320,17320.0
soft-drink,PAKET SCHWEPPES BOTANICAL DRINK TONIC WATER CAN 250ml - 24 CAN,Rp228.000,228000.0
soft-drink,BIG STRAWBERRY 325/400 ML,Rp4.850,4850.0
soft-drink,FANTA ORANGE PET 390ML,Rp5.700,5700.0
soft-drink,LARUTAN CAP KAKI TIGA MELON CAN 320 ML,Rp8.550,8550.0
soft-drink,CAP KAKI TIGA ANAK PET 200 ML,Rp4.650,4650.0
soft-drink,FANTA ORANGE PET 1 LITER - MINUMAN,Rp12.350,12350.0
soft-drink,SPRITE ZERO SUGAR PET 1 LITER,Rp11.350,11350.0
soft-drink,air soda zoda water 250ml,Rp8.000,8000.0
soft-drink,FANTA CAN 250ML,Rp9.000,9000.0
soft-drink,CAP KAKI TIGA ANAK PET 200 ML,Rp4.910,4910.0
soft-drink,SPRITE PET 250ML - MINUMAN SODA,Rp4.480,4480.0
soft-drink,COCACOLA PET 250ml,Rp4.480,4480.0
soft-drink,FANTA ORANGE PET 390ML,Rp5.490,5490.0
soft-drink,SPRITE PET 250ml,Rp4.480,4480.0
soft-drink,FANTA STRAWBERRY CAN 250ml,Rp9.500,9500.0
soft-drink,FANTA SODA WATER PET 250 ML,Rp4.150,4150.0
soft-drink,TEBS TEH SODA PET 500 ML,Rp9.100,9100.0
soft-drink,COCA COLA ZERO SUGAR PET 390 ML,Rp5.700,5700.0
soft-drink,Bintang Zero Can 330ml Zeroo Water,Rp14.000,14000.0
soft-drink,Apothic Red Winemaker`s Blend 750ml,Rp484.000,484000.0
soft-drink,San Pellegrino Sparkling Mineral Water 500ml [ Dus isi 24 Botol Kaca ] JNE Termasuk Packing Kayu,Rp1.104.720,1104720.0
soft-drink,Equil Sparkling Mineral Water 760ml [ Dus isi 6 Botol Kaca ] JNE Cargo Termasuk Packing Kayu,Rp286.400,286400.0
soft-drink,GREEN SANDS APPLE LIME CAN 250 ML,Rp7.050,7050.0
soft-drink,SPRITE PET 390ML,Rp6.090,6090.0
soft-drink,POLARIS SODA WATER CAN 330ML,Rp6.940,6940.0
soft-drink,FANTA SODA WATER PET 250 ML,Rp4.150,4150.0
soft-drink,FANTA CAN 250 ML,Rp6.410,6410.0
soft-drink,FANTA PET 250 ML,Rp4.150,4150.0
soft-drink,SPRITE PET 390ML,Rp5.700,5700.0
soft-drink,Sprite Pet 390 Ml,Rp6.620,6620.0
soft-drink,CAP KAKI TIGA ANAK PET 200 ML,Rp5.450,5450.0
soft-drink,FANTA SODA WATER PET 250 ML,Rp4.200,4200.0
soft-drink,SCHWEPPES BOTANICAL DRINK 250ML,Rp6.730,6730.0
soft-drink,SPRITE PET 390 ML - MINUMAN SODA,Rp5.490,5490.0
soft-drink,BIG STRAWBERRY 325/400 ML,Rp4.890,4890.0
soft-drink,FRESTEA TEH HIJAU MADU + MINT 500 ML,Rp6.990,6990.0
soft-drink,GREEN SANDS APPLE LIME CAN 250 ML,Rp5.990,5990.0
soft-drink,FANTA ORANGE PET 390ML,Rp6.090,6090.0
soft-drink,GREEN SANDS CAN 330 ML,Rp9.300,9300.0
soft-drink,PAKET FEVER TREE GINGER BEER 200ml-24 BOTOL,Rp614.400,614400.0
soft-drink,MALABAR TONIC WATER CAN 250ml,Rp12.000,12000.0
soft-drink,GROOVY ZODA OWB 250 ML,Rp5.600,5600.0
soft-drink,Fanta Strawberry Pet 390 Ml,Rp6.300,6300.0
soft-drink,Frestea Green Honey Pet 500 Ml,Rp7.160,7160.0
soft-drink,GREEN SANDS CAN 330 ML,Rp9.620,9620.0
soft-drink,TEBS TEH SODA PET 500 ML - MINUMAN,Rp8.250,8250.0
soft-drink,TEBS TEH SODA PET 500 ML,Rp8.150,8150.0
soft-drink,TEBS TEA COOLER 330 ML,Rp5.800,5800.0
soft-drink,TEBS TEA COOLER 330 ML - MINUMAN,Rp5.800,5800.0
soft-drink,A & W SARSAPARILA CAN 250 ML,Rp6.410,6410.0
soft-drink,FANTA ORANGE PET 390ML,Rp6.090,6090.0
soft-drink,Frestea Apel 500 Ml,Rp7.050,7050.0
soft-drink,COCA COLA CAN 250 ML,Rp6.410,6410.0
soft-drink,FANTA STR CAN 250 ML - MINUMAN SODA,Rp6.410,6410.0
soft-drink,LARUTAN CAP KAKI TIGA MELON CAN 320 ML,Rp8.120,8120.0
soft-drink,LARUTAN CAP KAKI TIGA MELON CAN 320 ML,Rp8.330,8330.0
soft-drink,Aqua Reflections 750ml Sparkling Mineral Water [ Dus isi 6 Botol Kaca ],Rp204.917,204917.0
soft-drink,LARUTAN CAP KAKI TIGA MELON CAN 320 ML,Rp8.230,8230.0
soft-drink,POLARIS SODA WATER CAN 330ML,Rp7.160,7160.0
soft-drink,FANTA SODA WATER PET 250 ML,Rp4.480,4480.0
soft-drink,BIG STRAWBERRY 3.1 LITER,Rp24.990,24990.0
soft-drink,FANTA ORANGE PET 1 LITER - MINUMAN,Rp11.540,11540.0
soft-drink,coca cola can 250ml kaleng,Rp6.500,6500.0
soft-drink,FRESTEA APPLE PET 1500ML,Rp18.390,18390.0
soft-drink,COCA COLA ZERO SUGAR PET 1 LITER,Rp11.330,11330.0
soft-drink,LARUTAN CAP KAKI TIGA MELON CAN 320 ML,Rp8.330,8330.0
soft-drink,FANTA STRAWBERRY CAN 250ml,Rp9.000,9000.0
soft-drink,GREEN SANDS APPLE LIME CAN 250 ML,Rp6.400,6400.0
soft-drink,BIG STRAWBERRY 3.1 LITER,Rp24.750,24750.0
soft-drink,COCA COLA PET 250 ML,Rp4.050,4050.0
soft-drink,FRESTEA APEL + LEMONGRASS 1500 ML,Rp17.320,17320.0
soft-drink,BIG STRAWBERRY 325/400 ML,Rp4.850,4850.0
soft-drink,BIG STRAWBERRY 325/400 ML,Rp5.120,5120.0
soft-drink,TEBS TEA COOLER 330 ML,Rp6.620,6620.0
soft-drink,SCHWEPPES BOTANICAL DRINK 250ML,Rp7.050,7050.0
soft-drink,SCHWEPPES BOTANICAL DRINK 250ML,Rp6.730,6730.0
soft-drink,LARUTAN CAP KAKI TIGA MELON CAN 320 ML,Rp7.160,7160.0
soft-drink,SCHWEPPES BOTANICAL DRINK 250ML,Rp6.730,6730.0
soft-drink,LARUTAN CAP KAKI TIGA MELON CAN 320 ML,Rp8.330,8330.0
soft-drink,SCHWEPPES BOTANICAL DRINK 250ML,Rp8.120,8120.0
soft-drink,Frestea Apel 500 Ml,Rp7.050,7050.0
soft-drink,Evian Glass Sparkling Mineral Water 750ml [ Dus isi 12 Botol Kaca ],Rp900.000,900000.0
soft-drink,FANTA ORANGE PET 1 LITER - MINUMAN,Rp11.350,11350.0
soft-drink,FANTA ORANGE PET 1 LITER - MINUMAN,Rp11.350,11350.0
soft-drink,COCA COLA ZERO SUGAR PET 1 LITER,Rp12.350,12350.0
soft-drink,LARUTAN CAP KAKI TIGA MELON CAN 320 ML,Rp7.950,7950.0
soft-drink,LARUTAN CAP KAKI TIGA MELON CAN 320 ML,Rp8.250,8250.0
soft-drink,FANTA ORANGE PET 1 LITER - MINUMAN,Rp10.300,10300.0
soft-drink,TEBS TEH SODA PET 500 ML,Rp7.990,7990.0
soft-drink,BIG STRAWBERRY 325/400 ML,Rp5.350,5350.0
soft-drink,SCHWEPPES BOTANICAL DRINK 250ML,Rp6.730,6730.0
soft-drink,COCA COLA ZERO SUGAR PET 390 ML,Rp5.700,5700.0
soft-drink,FANTA SODA WATER PET 250 ML,Rp4.480,4480.0
soft-drink,SPRITE PET 250ml,Rp3.950,3950.0
soft-drink,COCACOLA PET 250ml,Rp3.950,3950.0
soft-drink,TEBS TEH SODA PET 500 ML,Rp9.100,9100.0
soft-drink,FANTA ORANGE PET 390ML,Rp6.410,6410.0
soft-drink,COCA COLA CAN 250 ML,Rp5.990,5990.0
soft-drink,SCHWEPPES BOTANICAL DRINK 250ML,Rp7.050,7050.0
soft-drink,GREEN SANDS LIME APPLE CAN 250ml,Rp10.000,10000.0
soft-drink,Green Sand Can 330 Ml,Rp10.370,10370.0
soft-drink,BIG LIME 3.1 L,Rp31.650,31650.0
soft-drink,COCA COLA PET 390 ML,Rp5.700,5700.0
soft-drink,SPRITE PET 250 ML,Rp3.990,3990.0
soft-drink,Coca-Cola 250ml Kaleng Kecil,Rp10.800,10800.0
soft-drink,A&W Minuman Soda Rasa Sarsaparila 250ML dalam Kaleng,Rp10.800,10800.0
soft-drink,FANTA STR CAN 250 ML - MINUMAN SODA,Rp6.410,6410.0
soft-drink,POLARIS SODA WATER CAN 330ML,Rp6.940,6940.0
soft-drink,CAP KAKI TIGA ANAK PET 200 ML,Rp5.450,5450.0
soft-drink,CAP KAKI TIGA ANAK PET 200 ML,Rp5.550,5550.0
soft-drink,Frestea Apel 500 Ml,Rp7.050,7050.0
soft-drink,A & W SARSAPARILA CAN 250 ML,Rp6.410,6410.0
soft-drink,TEBS TEA COOLER 330 ML,Rp6.600,6600.0
soft-drink,COCA COLA ZERO SUGAR PET 1 LITER,Rp10.990,10990.0
soft-drink,"San Pellegrino Sparkling Mineral Water 750ml [ Dus isi 12 Botol Kaca ] JNE Cargo Termasuk Packing Kayu Nikmati segarnya San Pellegrino Sparkling Mineral Water 750ml [dus isi 12 botol] yang berasal dari Italia, dengan kandungan mineral yang tinggi seperti",Rp656.145,656145.0
soft-drink,COCA COLA CAN 250ML,Rp10.000,10000.0
soft-drink,Jesscool Penyegar Panas Dalam 6Pcs,Rp17.464,17464.0
soft-drink,FANTA STR CAN 250 ML,Rp6.410,6410.0
soft-drink,Fanta Strawberry Pet 390 Ml,Rp6.300,6300.0
soft-drink,BIG STRAWBERRY 325/400 ML,Rp4.850,4850.0
soft-drink,GREEN SAND CAN 330 ML - MINUMAN,Rp9.400,9400.0
soft-drink,COCACOLA PET 250ML - MINUMAN SODA,Rp4.480,4480.0
soft-drink,BIG STRAWBERRY 325/400 ML,Rp4.850,4850.0
soft-drink,CHI FOREST WHITE PEACH SPARKLING WATER 480 ML Buah Food,Rp11.186,11186.0
soft-drink,COCA COLA SOFT DRINK ZERO SUGAR Y3000 250 ML,Rp6.990,6990.0
soft-drink,BIG STRAWBERRY 3.1 LITER,Rp24.990,24990.0
soft-drink,FANTA ORANGE PET 1 LITER - MINUMAN,Rp11.540,11540.0
soft-drink,coca cola can 250ml kaleng,Rp6.500,6500.0
soft-drink,FRESTEA APPLE PET 1500ML,Rp18.390,18390.0
soft-drink,COCA COLA ZERO SUGAR PET 1 LITER,Rp11.330,11330.0
