kategori,name,price_raw,price
alat-tulis,Correction Tape / Tip-ex PLUS Wh-615 Motif - Keroppi,Rp21.280,21280.0
alat-tulis,CORRECTION TAPE CT62 5MM X 5M TIP-X TIPEX TIP EX KERTAS TOYO,Rp11.600,11600.0
alat-tulis,STABILO Point 88 Apple Green Isi 1 pcs / Fineliner / Pen Warna Hijau,Rp11.400,11400.0
alat-tulis,STABILO Point 88 Light Ochre Isi 1 pcs / Fineliner / Pen Warna Krem,Rp11.400,11400.0
alat-tulis,Rautan Pensil Pump Agatis Prime Satu Lubang (Single Hole),Rp12.000,12000.0
alat-tulis,STABILO EASYGRAPH 2B PETROL LEFT,Rp28.350,28350.0
alat-tulis,BUKU PROJEK PENGUATAN PROFIL PELAJAR PANCASILA (P5): UNTUK SISWA SEKOLAH MENENGAH PERTAMA (FASE-D),Rp70.000,70000.0
alat-tulis,Deli rautan lucu EH573 stationery back to school stationery,Rp16.900,16900.0
alat-tulis,MACS Hybrid Gel Pen HG 200 - Blue ( Pulpen / Pena / Ballpoint ),Rp12.000,12000.0
alat-tulis,BUTTERFLY - Penggaris Sablon Huruf 6mm BT-R6 - Pcs,Rp31.000,31000.0
alat-tulis,GUNDAM MARKER 2 in 1 GM02 GM03 - Extra thin Ori Japan,Rp82.000,82000.0
alat-tulis,STABILO Pastel Collection - Set 7 Mint BOSS Pen 68 point 88,Rp80.100,80100.0
alat-tulis,Faber-Castell PITT Oil Base medium black,Rp33.000,33000.0
alat-tulis,"Hand2Mind Transparent, Semiflexible Plastic Rulers, Penggaris Transparan Semi Fleksibel Plastik Anti Pecah Tahan Bentuk untuk Kelas",Rp25.000,25000.0
alat-tulis,ARTLINE Spidol Highlighter Clix Marker EK-63,Rp32.000,32000.0
alat-tulis,Esco Centre Ball Pen - Pulpen 0.7 mm Grip Segitiga Tinta Hitam 12 Pcs (BP-380),Rp27.270,27270.0
alat-tulis,SNOWMAN - Pulpen V3 Pen gel 0.5mm Bulpen Bolpoint - Lusin,Rp35.850,35850.0
alat-tulis,Aksesoren Pencil Joyko 2B 1 Pack [P-88M / 12 Pcs] / Pensil Hijau 1 Box / Alat Tulis Gambar Menulis / Pinsil Kayu Stationery,Rp22.900,22900.0
alat-tulis,Faber-Castell Grip Brush Kuas Set 4 Colours,Rp45.900,45900.0
alat-tulis,Languo MONO Mesh Pencil Case / Kotak Pensil / Pouch,Rp45.900,45900.0
alat-tulis,Faber-Castell Combo Correction Tape Black Hexagon + 1 Refill,Rp33.000,33000.0
alat-tulis,ARTLINE J-POP Gel Inked Roller Ball EGB-S260 0.5 mm Part 1,Rp11.300,11300.0
alat-tulis,Pensil 2B Karakter Joyko P-114 Untuk Ujian Sekolah / Pencil 2B anak,Rp23.500,23500.0
alat-tulis,WEIBO-Pensil 2B Isi 12Pcs,Rp11.990,11990.0
alat-tulis,GREEBEL Pensil Pencil 2B (7022) / Pensil Kayu Pensil Ujian,Rp53.950,53950.0
alat-tulis,"Faster P70 Permanent marker-12pcs (3 black , 3 blue ,3 red, 3 green )",Rp58.650,58650.0
alat-tulis,"Spidol Permanen OHP OPM Snowman 1.0mm - Medium Permanent Marker 1,0 mm",Rp10.827,10827.0
alat-tulis,GREEBEL PULPEN GEL / GEL PEN Rival GP-502 0.5 Tinta Merah (3PCS/SET) / Ballpen Gel Ballpoint Bolpen Bolpoin Pena Gel,Rp13.950,13950.0
alat-tulis,GREEBEL Ballpen Pulpen Pena TECHNOLINE 0.5 (3PCS/SET) / Alat Tulis Kantor Sekolah Anak,Rp11.650,11650.0
alat-tulis,GREEBEL PULPEN GEL / GEL PEN Aesthetic GP-513 0.5 Tinta Hitam (6PCS/SET) / Ballpen Gel Ballpoint Bolpen Bolpoin Pena Gel,Rp31.850,31850.0
alat-tulis,GREEBEL Pensil Mekanik PM-002 Mascott (1PCS) / Mechanical Pencil Penghapus / Propelling Pencil Mechanic,Rp11.600,11600.0
alat-tulis,Pencil Case Custom Nama | Naimax kids Pencil case premium perempuan Alat Pencil Stationery Tulisl Pensil,Rp51.480,51480.0
alat-tulis,Color Pen Estudee Kurikku Red 03 Es-Cp619,Rp8.900,8900.0
alat-tulis,ZEBRA KOKORO GEL 0.5 PLUS BLACK,Rp13.500,13500.0
alat-tulis,PILOT BALLPEN FRIXION CLICKER BLRT FR 07 BLACK,Rp34.800,34800.0
alat-tulis,Dasar-Dasar Menulis Tegak Bersambung Untuk Tk Dan Sekolah Dasar,Rp47.200,47200.0
alat-tulis,Dasar-Dasar Motorik Halus Untuk Paud,Rp67.150,67150.0
alat-tulis,Estudee Graphic Ruler 30Cm Red Es-R030,Rp13.600,13600.0
alat-tulis,Faber Castell Correction Tape Sr 506 Green Plus 1 Refill,Rp38.000,38000.0
alat-tulis,STABILO BOSS ORIGINAL 70-58 LILAC,Rp16.000,16000.0
alat-tulis,Pensil Mekanik Estudee Riku Mech.Pencil Shakeshake 0.5Mm Bluepink,Rp14.900,14900.0
alat-tulis,Penggaris Estudee Flexy Ruler 30Cm,Rp12.800,12800.0
alat-tulis,Estudee Drawing Book A4 J Winter,Rp9.900,9900.0
alat-tulis,Glue Tape Estudee Pink Seri Es-G501,Rp22.800,22800.0
alat-tulis,Pensil Mekanik Pilot 0.5Mm Seri Hrg-10R,Rp23.500,23500.0
alat-tulis,PENGHAPUS FABER ERASER EBTA+SPMB 187168,Rp12.000,12000.0
alat-tulis,GREEBEL Pensil Kayu 2B 7028 (12PCS/SET) Pastel Mood / Pensil Tulis / Grafit / Graphite / Pensil Ujian Sekolah / Pensil Gambar,Rp25.850,25850.0
alat-tulis,GREEBEL Pensil Kayu 2B 7027 Neon (12PCS/SET) Pensil Kayu Ujian / Pencil Grafit Graphite / Pensil Gambar,Rp25.850,25850.0
alat-tulis,JOYKO Mechanical Pencil Pensil Mekanik MP-70 2.0 mm,Rp3.300,3300.0
alat-tulis,Standard Boldliner Pro 1.0 Black,Rp32.000,32000.0
alat-tulis,Whiteboard / Papan Tulis Magnetic SAKANA 90x180 cm (Single Face Kaki),Rp1.435.000,1435000.0
alat-tulis,MACS Gel Crayon 36 Warna Colors Stationery,Rp165.000,165000.0
alat-tulis,GREEBEL Paket Correction Pen Penghapus Pulpen Cair (CORPEN SET GBC 120701 + GBC 120702) / Tipe X/ Tip X Cepat Kering,Rp15.600,15600.0
alat-tulis,HIOSHI /Kapur Tulis Serbaguna/Penanda Checking/Marking/Kaca/Karet/Kayu/Besi (Harga 12pcs) - HD,Rp45.000,45000.0
alat-tulis,Poster Hanger Portable PHP-G011-GZ-YL Papan Promosi Informasi,Rp71.440,71440.0
alat-tulis,BUNDLING PVC XANTRI Bahan ID Card Printer Inkjet 1 Box / 230 pcs PVC Paper Instant 5.4 X 8.6 Cm Double Side Isi 230 pcs Support Printer Inkjet dan Laserjet & PVC ID CARD Xantri Polos A4 isi 5 lembar / 50 lembar Bahan Polyvinyl Chloride (PVC),Rp64.000,64000.0
alat-tulis,Standard - Pulpen Lexion 0.5 LX-605 Gel ( Alat Tulis / Pen / Ballpoint / Pena ),Rp55.860,55860.0
alat-tulis,Standard - Pulpen R8 0.7 ( Alat Tulis / Pen / Ballpoint / Pena ),Rp47.040,47040.0
alat-tulis,Bantex Exclusive Multiring Binder B5/Binder Hardcover/Binder Karton 26 Ring - 1327,Rp65.000,65000.0
alat-tulis,Bantex Kertas Foto / RC Glossy Photo Paper 260g Isi 20 Pcs Ukuran A4 BC7104,Rp69.000,69000.0
alat-tulis,FABER CASTELL GRIP ERASER,Rp9.500,9500.0
alat-tulis,Pilot H-165-SL-L Pensil Mekanik Non-Slip Grip Mechanical Pencil 0.5 mm,Rp22.500,22500.0
alat-tulis,Joyko Gel Pen King Jeller JK-100 Tinta Hitam Tahan Air Satuan,Rp4.000,4000.0
alat-tulis,SNOWMAN BOARD MARKER BG12 BIRU SPIDOL PAPAN TULIS,Rp13.888,13888.0
alat-tulis,Joyko Permanent Marker Spidol Permanen PM-17 18 19 Round Tip Satuan,Rp5.000,5000.0
alat-tulis,Kotak Tempat Pensil Alat Tulis Joyko PC-5004 Pencil Case,Rp68.294,68294.0
alat-tulis,GREEBEL Jangka Set / Jangka Besi Warna Plus isi Pensil C 3302 / Math Set,Rp13.250,13250.0
alat-tulis,ABT Dual Brush Pen Red red,Rp20.900,20900.0
alat-tulis,Deli Magnetic Whiteboard Eraser / Penghapus Magnet Papan Tulis E7838 Biru Stationery,Rp26.900,26900.0
alat-tulis,Faber-Castell Buku Gambar A5,Rp16.500,16500.0
alat-tulis,Tempat Pensil 2 Susun Karakter Lengkap [3318] / Kotak Pinsil Anak Lucu Perempuan Dan Laki-laki / Case Pencils Cute / Tepak Wadah Pulpen Rautan Stationery,Rp32.500,32500.0
alat-tulis,GREEBEL PULPEN GEL / GEL PEN Ornate GP-505 0.5 Tinta Merah (12PCS/SET) / Ballpen Gel Ballpoint Bolpen Bolpoin Pena Gel,Rp37.350,37350.0
alat-tulis,GREEBEL PULPEN GEL / GEL PEN Viero GP-504 0.5 Tinta Biru (12PCS/SET) / Ballpen Gel Ballpoint Bolpen Bolpoin Pena Gel,Rp32.850,32850.0
alat-tulis,Pulpen Trian Joyko [BP-329/12Pcs] Ballpoint 1 Pack Bolpen Bulpen 1 Pak,Rp18.500,18500.0
alat-tulis,Pensil 2B 1 Pak Kayagi KY-PF3024 / Pinsil Pengsil Pencil Karakter Pack,Rp19.500,19500.0
alat-tulis,Pulpen I-Tech Gel GP-182 Joyko [1 Pack] / Ballpoint Pena Pen [1 Pak],Rp43.150,43150.0
alat-tulis,GREEBEL Pulpen Gel / Jolly 0.5 GP-518 (12PCS/SET) / Gel Pen Pena Gel,Rp44.650,44650.0
alat-tulis,"Ballpoint /Pulpen Faster C6 ,0.7 mm isi 12 pcs - black & blue",Rp52.687,52687.0
alat-tulis,Zebra Mildliner Mild WKT7 - Double Sided Highlighter Penanda Halaman - Water-based Marker Pastel,Rp21.330,21330.0
alat-tulis,Faber-Castell School Scissors Anak – Gunting Sekolah Stainless Steel Ergonomis Aman,Rp13.000,13000.0
alat-tulis,Zebra Permanent Marker / Spidol Permanen M-80,Rp11.250,11250.0
alat-tulis,JOYKO GELL PEN 189 OVAL SET 3 PCS,Rp37.800,37800.0
alat-tulis,Faber - Castell Connector Pen 12 Pastel Neon Color,Rp40.100,40100.0
alat-tulis,MACS Pensil 2B Premium Segitiga 4CT,Rp13.000,13000.0
alat-tulis,Zebra Gel Pen Pulpen Sarasa Milky - 0.5 mm,Rp20.430,20430.0
alat-tulis,ZEBRA Sarasa Clip Mark On 0.4&0.5 - Pulpen Gel,Rp22.500,22500.0
alat-tulis,Aksesoren Spidol Papan Tulis Joyko [1 Pcs] / WM-60 WM-61 WM-62 Whiteboard Maker / Sepidol Bisa di Hapus / Spidol Joyko Non Permanent / Sepidol Joyko Penanda Tulisan / Spidol Papan Tulis Warna Hitam Biru Merah,Rp5.900,5900.0
alat-tulis,ZEBRA B1000 Pulpen Gel 0.7mm Ergonomic Design Gel Pen Transparent Barrel - SATUAN,Rp2.610,2610.0
alat-tulis,Deli Pulpen Gel / Gel Pen 0.5mm Motif Kartun Kucing EG81 Alat Biru Hitam Plastik,Rp68.800,68800.0
alat-tulis,Rautan Pensil Joyko [1 Pcs/Random] / Serutan / Kerokan / Pengserut,Rp3.500,3500.0
alat-tulis,Serutan Pensil Joyko SP-362 - Rautan Pensil Joyko SP-362,Rp728,728.0
alat-tulis,Pensil Gambar Komputer 2B Deli EC28 - Drawing Wood Free Pencil Murah,Rp1.188,1188.0
alat-tulis,Hagc Shop Penghapus Mekanik bentuk kaki telapak cakar kucing Earser,Rp9.238,9238.0
alat-tulis,Penghapus Pensil Joyko Pastel Color ER-148 Pencil Eraser,Rp7.697,7697.0
alat-tulis,Pita Koreksi Correction Tape Joyko CT-522 Cute Friends,Rp7.150,7150.0
alat-tulis,PARKO Rautan Pensil Serutan Sharpener / Kura-kura (PCS),Rp2.000,2000.0
alat-tulis,"Poster Edukatif Macam Macam Profesi Untuk Belajar Balita, Paud, TK, SD - Poster Lembar Belajar",Rp7.500,7500.0
alat-tulis,Serutan Rautan Pensil Roti Joyko SP-362 - Pencil Sharpener Joyko,Rp728,728.0
alat-tulis,Gel Pen YH-380 (12pcs) - DAVIS Stationery,Rp8.005,8005.0
alat-tulis,"Pulpen Pena Joyko Haruto 0.7mm BP-345 - Bolpen Ball Pen Hitam Biru Merah 0,7 mm",Rp1.283,1283.0
alat-tulis,GREEBEL Pulpen Ballpen / Trendee 02 Tinta Hitam (1PCS) / Ballpoint Bolpen Bolpoin Pena Gel,Rp1.900,1900.0
alat-tulis,STABILO BOSS PASTEL Cloudy Blue / Highlighter Warna Biru Langit,Rp15.200,15200.0
alat-tulis,JOYKO Erasable Pen Pulpen Gel Bisa Dihapus 1 Pack GP-333 0.5mm Isi 12 Pcs,Rp47.000,47000.0
alat-tulis,JOYKO 9 in 1 Paket Bundling Parcel Lebaran Anak Sekolah 1 Box Pensil 2B + 1 Pc Penghapus + 1 Pc Rautan + 2 Pcs Pulpen Gel + 1 Pc Cairan Koreksi + 1 Pc Penggaris + Spidol Mewarnai 12 Warna + 1 Pc Kotak Penyimpanan + 1 Pc Tutup Kotak Penyimpanan,Rp56.200,56200.0
alat-tulis,Tempat Alat Tulis Desk Set Pen Holder DS-49CO,Rp28.300,28300.0
alat-tulis,Pencil Pensil Joyko P-8134 Super Grid 2B 1 Box 12 Pcs,Rp17.900,17900.0
alat-tulis,Faber-Castell Correction Tape QDR Sloth Barrel,Rp11.800,11800.0
alat-tulis,"Pulpen Standard B'Live Hi-Tech 0.3mm - Bolpen Pena Pen Gel Hitam BLive HiTec 0,3 mm",Rp6.089,6089.0
alat-tulis,GREEBEL Pulpen Ballpen / Trendee 01 Tinta Hitam (1PCS) / Ballpoint Bolpen Bolpoin Pena Gel,Rp1.900,1900.0
alat-tulis,GREEBEL PULPEN GEL / Gel Pen Genara GP-508 0.5 Hitam (PCS) / Ballpen Gel Ballpoint Bolpen Bolpoin Pena Gel,Rp6.600,6600.0
alat-tulis,Aksesoren Penghapus Pensil Kecil Faber Castell [1 Pcs] / Stip 2B Eraser Pencil Hitam Putih / Hapusan Mini Alat Tulis,Rp3.900,3900.0
alat-tulis,GREEBEL Gel Pen Pulpen Gel Pena Ballpen (FINE GEL - RED) / Alat Tulis Kantor Sekolah Anak,Rp34.050,34050.0
alat-tulis,"Pulpen Gel Pastel Joyko GP-343 0.5mm - Bolpen Pena Pasuteru Hitam 0,5 mm",Rp4.722,4722.0
alat-tulis,JOYKO - Correction Tape CT-574 Pastel Color - Pcs,Rp8.500,8500.0
alat-tulis,Alat Tulis Set Sofia,Rp27.930,27930.0
alat-tulis,WILMER Pena Tinta Hitam - Pulpen Tinta Hitam,Rp2.500,2500.0
alat-tulis,Faber-Castell PITT Artist Pen Skin Tones Box12,Rp610.000,610000.0
alat-tulis,HADIAH PEMBELIAN TIDAK UNTUK DIBELI Sayobo Correction Tape (12M x 5mm),Rp999.999,999999.0
alat-tulis,Penggaris Estudee Flexy Ruler 30Cm,Rp12.800,12800.0
alat-tulis,Estudee Drawing Book A4 J Winter,Rp9.900,9900.0
alat-tulis,Glue Tape Estudee Pink Seri Es-G501,Rp22.800,22800.0
alat-tulis,Pensil Mekanik Pilot 0.5Mm Seri Hrg-10R,Rp23.500,23500.0
alat-tulis,PENGHAPUS FABER ERASER EBTA+SPMB 187168,Rp12.000,12000.0
alat-tulis,PILOT BALLPEN FRIXION CLICKER BLRT FR 07 BLACK,Rp34.800,34800.0
alat-tulis,JOYKO Mechanical Pencil Pensil Mekanik MP-70 2.0 mm,Rp3.300,3300.0
alat-tulis,FABER CASTELL PENGGARIS 15CM,Rp6.000,6000.0
alat-tulis,aped Penggaris Geometric 12 cm – Ruler Busur 360 Derajat,Rp11.800,11800.0
alat-tulis,Joyko Permanent Marker Spidol Permanen PM-17 18 19 Round Tip Satuan,Rp5.000,5000.0
alat-tulis,Pulpen / Pen Gel Zebra Sarasa 0.5mm (1pc) - Orange,Rp18.800,18800.0
alat-tulis,Pilot H-165-SL-L Pensil Mekanik Non-Slip Grip Mechanical Pencil 0.5 mm,Rp22.500,22500.0
alat-tulis,Standard Boldliner Pro 1.0 Black,Rp32.000,32000.0
alat-tulis,Color Pen Estudee Kurikku Red 03 Es-Cp619,Rp8.900,8900.0
alat-tulis,STABILO BOSS ORIGINAL 70-58 LILAC,Rp16.000,16000.0
alat-tulis,Pensil Mekanik Estudee Riku Mech.Pencil Shakeshake 0.5Mm Bluepink,Rp14.900,14900.0
alat-tulis,ZEBRA KOKORO GEL 0.5 PLUS BLACK,Rp13.500,13500.0
alat-tulis,Dasar-Dasar Menulis Tegak Bersambung Untuk Tk Dan Sekolah Dasar,Rp47.200,47200.0
alat-tulis,Dasar-Dasar Motorik Halus Untuk Paud,Rp67.150,67150.0
alat-tulis,Estudee Graphic Ruler 30Cm Red Es-R030,Rp13.600,13600.0
alat-tulis,Faber Castell Correction Tape Sr 506 Green Plus 1 Refill,Rp38.000,38000.0
alat-tulis,MACS Gel Crayon 36 Warna Colors Stationery,Rp165.000,165000.0
alat-tulis,Whiteboard / Papan Tulis Magnetic SAKANA 90x180 cm (Single Face Kaki),Rp1.435.000,1435000.0
alat-tulis,GREEBEL Pensil Kayu 2B 7028 (12PCS/SET) Pastel Mood / Pensil Tulis / Grafit / Graphite / Pensil Ujian Sekolah / Pensil Gambar,Rp25.850,25850.0
alat-tulis,GREEBEL Pensil Kayu 2B 7027 Neon (12PCS/SET) Pensil Kayu Ujian / Pencil Grafit Graphite / Pensil Gambar,Rp25.850,25850.0
alat-tulis,GREEBEL Paket Correction Pen Penghapus Pulpen Cair (CORPEN SET GBC 120701 + GBC 120702) / Tipe X/ Tip X Cepat Kering,Rp15.600,15600.0
alat-tulis,Poster Hanger Portable PHP-G011-GZ-YL Papan Promosi Informasi,Rp71.440,71440.0
alat-tulis,HIOSHI /Kapur Tulis Serbaguna/Penanda Checking/Marking/Kaca/Karet/Kayu/Besi (Harga 12pcs) - HD,Rp45.000,45000.0
alat-tulis,Bantex Exclusive Multiring Binder B5/Binder Hardcover/Binder Karton 26 Ring - 1327,Rp65.000,65000.0
alat-tulis,Bantex Kertas Foto / RC Glossy Photo Paper 260g Isi 20 Pcs Ukuran A4 BC7104,Rp69.000,69000.0
alat-tulis,BUNDLING PVC XANTRI Bahan ID Card Printer Inkjet 1 Box / 230 pcs PVC Paper Instant 5.4 X 8.6 Cm Double Side Isi 230 pcs Support Printer Inkjet dan Laserjet & PVC ID CARD Xantri Polos A4 isi 5 lembar / 50 lembar Bahan Polyvinyl Chloride (PVC),Rp64.000,64000.0
alat-tulis,Standard - Funzzy Pencil Case Unicorn Glitter ( Tempat Pensil / Tempat Alat Tulis / Puplen / Pencil / HP / Uang / Pencase ),Rp47.500,47500.0
alat-tulis,Standard - Pulpen R6 ( Alat Tulis / Pen / Ballpoint / Pena ),Rp55.860,55860.0
alat-tulis,Standard - Pulpen Lexion 0.5 LX-605 Gel ( Alat Tulis / Pen / Ballpoint / Pena ),Rp55.860,55860.0
alat-tulis,Standard - Pulpen R8 0.7 ( Alat Tulis / Pen / Ballpoint / Pena ),Rp47.040,47040.0
alat-tulis,Thumb Tacks Warna Warni Isi 100 Pcs Paku Payung Kepala Rata Pines Push Pin Dekorasi Papan Gabus untuk Kantor Sekolah dan Pajangan Foto Meja Kerja atau Dinding,Rp15.000,15000.0
alat-tulis,Aktivitas Menulis Anak Balita (Boardbook),Rp129.000,129000.0
alat-tulis,BESI 100cm Penggaris Butterfly Stainless Steel Ruler Mistar ATK1536BF,Rp65.888,65888.0
alat-tulis,12pcs Zebra KOKORO Gel Pen Pulpen 0.5 Balpoint Pena Ballpoint ATK0807K,Rp105.000,105000.0
alat-tulis,20cm Penggaris Butterfly Plastik Plastic Acrylic Ruler Mistar ATK1478B,Rp8.588,8588.0
alat-tulis,"12 pcs 0.5 Pulpen Piccolo Zebra Semi Gel Ink Pen Picolo 0,5 ATK0890ZB",Rp47.888,47888.0
alat-tulis,ATK0539MP isi 2 REFILL isi ulang Penghapus Pensil Gom Pen Maped 125115,Rp19.888,19888.0
alat-tulis,LIME 0.5 Pensil Mekanik Mono Graph Tombow DPA-132E hijau ATK1160TW,Rp98.888,98888.0
alat-tulis,Pulpen 0.7 Joyko Ballpoint BP-338 VOKUS Pena Triangular Grip ATK1383JY,Rp4.250,4250.0
alat-tulis,BOX Pulpen Joyko GP265 seLUSIN BIRU 0.5 mm GP-265 Pulpen Joyko Q Gel Pena Ballpoint Jel blue perlusin perbox box dus tinta ink biru ball point pen sebox selusin lusin sepack pack ATK0758JY,Rp39.550,39550.0
alat-tulis,MERAH 0.5 mm Pulpen Joyko Q Gel GP-265 Pena Pen Bullet red ATK1150JY,Rp4.250,4250.0
alat-tulis,Sarasa DRY Merah 0.5 JJZ32-R DRYJELL pulpen pena pen Gel Ink ATK0826SR,Rp35.500,35500.0
alat-tulis,Pensil Mekanik Motif Ice Cream,Rp8.500,8500.0
alat-tulis,ATK0704ST biru 6H Mars Lumograph 100-6H 104293 Pensil Staedtler Sketch,Rp19.588,19588.0
alat-tulis,GREEBEL PULPEN GEL / GEL PEN Journal GP-514 0.5 Tinta Hitam (12PCS/SET) / Ballpen Gel Ballpoint Bolpen Bolpoin Pena Gel,Rp44.050,44050.0
alat-tulis,PROMO BUKU BELAJAR ANAK - ENSIKLOPEDIA CERDAS - Buku Anak,Rp119.000,119000.0
alat-tulis,EAGLE Zipper Pocket / Tempat Pensil / Pencil Case / Map Kain Resleting,Rp18.900,18900.0
alat-tulis,Faber Castell Combo Correction Tape Green Checkered + 1 Refil,Rp33.000,33000.0
alat-tulis,Paket Alat Tulis Agatis Eco Writing Yellow Set,Rp39.900,39900.0
alat-tulis,ABT Dual Brush Pen Sea Blue,Rp20.900,20900.0
alat-tulis,Help With Homework Fantastic Facts Table Mat Pack (4 Wipe-Clean Learning Table Mats) Bonus Spidol Wipe-Clean,Rp43.500,43500.0
alat-tulis,Face Plate - Face Panel RJ45-RJ11 PROXP 2 Hole,Rp23.341,23341.0
alat-tulis,BUTTERFLY - Penggaris Sablon Huruf 8mm BT-R8 - Pcs,Rp32.000,32000.0
alat-tulis,Rautan Putar Pensil Joyko [A-111] / Serutan Meja Super Tajam,Rp28.900,28900.0
alat-tulis,Tempat Pensil 7452 Sleting kain Motif Frozen [PCS] Merah Stationery DAVIS,Rp27.155,27155.0
alat-tulis,Bambi Papan Jalan / Papan Ujian Scale Series PVC Clipboard kode 1710R,Rp32.300,32300.0
alat-tulis,ARTLINE Tinta Isi Ulang Refill Ink For Permanent Marker ESK-20,Rp33.300,33300.0
alat-tulis,JOYKO Pensil P-8126 - 2B - Lusin,Rp12.300,12300.0
alat-tulis,ELCT2-16B Electrode Splicer Fujikura type 31S/41S/90S/68S,Rp1.700.000,1700000.0
alat-tulis,STABILO SET 4 - Pen 68 Shades of Green / Highlighter Marker Pen,Rp52.000,52000.0
alat-tulis,STABILO SET 3 - Point 88 Basic Color / Fineliner / Pen Warna Abu Hitam,Rp36.000,36000.0
alat-tulis,ARTLINE Spidol Big Nib Whiteboard Marker EK-5100A,Rp38.850,38850.0
alat-tulis,Tulis Hapus Huruf Hijaiyah: Syair Alifun Ba' (BUY 1 GET 1 FREE),Rp79.000,79000.0
alat-tulis,"GREEBEL PULPEN GEL / GEL PEN GP-505 Ornate Tinta Biru 0.5 (3PCS/SET) / PULPEN GEL, Pulpen Greebel, Pen Gel, Ballpoint Gel",Rp16.550,16550.0
alat-tulis,GREEBEL PULPEN GEL / GEL PEN Primary GP-510 0.5 Tinta Biru (12PCS/SET) / Ballpen Gel Ballpoint Bolpen Bolpoin Pena Gel,Rp28.450,28450.0
alat-tulis,4 Pcs BIG Penghapus / Eraser Pensil Warna Warni Besar Dust Free BUM-E Elephant Series Set ER-9243 BUME Stationery,Rp10.000,10000.0
alat-tulis,OHSOME gimen·mesh pencil case LGS03-W00L / Kotak Pensil Pouch Alat Tulis,Rp19.900,19900.0
alat-tulis,FABER CASTELL PENGGARIS 15CM,Rp6.000,6000.0
alat-tulis,aped Penggaris Geometric 12 cm – Ruler Busur 360 Derajat,Rp11.800,11800.0
alat-tulis,Joyko Permanent Marker Spidol Permanen PM-17 18 19 Round Tip Satuan,Rp5.000,5000.0
alat-tulis,Pulpen / Pen Gel Zebra Sarasa 0.5mm (1pc) - Orange,Rp18.800,18800.0
alat-tulis,Pilot H-165-SL-L Pensil Mekanik Non-Slip Grip Mechanical Pencil 0.5 mm,Rp22.500,22500.0
alat-tulis,"GREEBEL PULPEN GEL / GEL PEN GP-505 Ornate Tinta Biru 0.5 (3PCS/SET) / PULPEN GEL, Pulpen Greebel, Pen Gel, Ballpoint Gel",Rp16.550,16550.0
alat-tulis,GREEBEL PULPEN GEL / GEL PEN Primary GP-510 0.5 Tinta Biru (12PCS/SET) / Ballpen Gel Ballpoint Bolpen Bolpoin Pena Gel,Rp28.450,28450.0
alat-tulis,Vinnatsu Tempat Alat Tulis Kotak Pensil Aesthetic / Tas Pensil Kapasitas Besar Tas Pensil Dengan Tali Tarik Dan Banyak Kompartemen Tas Pensil Kanvas Dengan Sekolah Stationery,Rp62.916,62916.0
alat-tulis,Alligator 2B Graphite Pencil,Rp10.000,10000.0
alat-tulis,Colour Magnet Whiteboard - Magnet Papan Tulis Joyko MN-1,Rp9.767,9767.0
alat-tulis,ARTLINE Paket Ceria Set,Rp158.000,158000.0
alat-tulis,BIG Kotak Pensil/ Tempat Pensil/ Pencil Case Sekolah Rabbit Style/ Kelinci/ Kelinci Lucu/ Kelinci Cute PF-021 Alat Kantor,Rp18.700,18700.0
alat-tulis,JOYKO Pita Koreksi Correction Tape Stationery CT-522 YMDN,Rp7.150,7150.0
alat-tulis,Faber-Castell Buku Gambar Drawing Book A3,Rp41.200,41200.0
alat-tulis,STABILO Swing Cool Pastel Creamy Peach / Highlighter Warna Orange,Rp14.250,14250.0
alat-tulis,OHSOME gimen·mesh pencil case LGS03-W00L / Kotak Pensil Pouch Alat Tulis,Rp19.900,19900.0
alat-tulis,4 Pcs BIG Penghapus / Eraser Pensil Warna Warni Besar Dust Free BUM-E Elephant Series Set ER-9243 BUME Stationery,Rp10.000,10000.0
alat-tulis,Buku Anak TK / PAUD Terampil Membaca Dan Menulis Halus / Serba Jaya - SB,Rp6.150,6150.0
alat-tulis,Tempat Pensil ATK Plastik Bulat Rakit Motif Karakter Warna Warni / PB EDUKASI ANAK - PBNB,Rp17.375,17375.0
alat-tulis,PROMO BUKU BELAJAR ANAK - ENSIKLOPEDIA CERDAS - Buku Anak,Rp119.000,119000.0
alat-tulis,KENKO Pulpen NK-7B Socute Oil Gel 0.5mm Per Lusin,Rp20.000,20000.0
alat-tulis,STABILO SET 5 - Yellow Kit / Highlighter Marker Pen / BOSS Swing Cool,Rp62.100,62100.0
alat-tulis,#CLIPBOARD F4 DOFF BUTTERFLY PPW,Rp23.000,23000.0
alat-tulis,STABILO BOSS ORIGINAL Green / Highlighter Warna Hijau,Rp16.000,16000.0
alat-tulis,ARTLINE Tinta Isi Ulang Refill Ink For Permanent Marker ESK-20,Rp33.300,33300.0
alat-tulis,JOYKO Pensil P-8126 - 2B - Lusin,Rp12.300,12300.0
alat-tulis,Bambi Papan Jalan / Papan Ujian Scale Series PVC Clipboard kode 1710R,Rp32.300,32300.0
alat-tulis,ARTLINE Spidol Big Nib Whiteboard Marker EK-5100A,Rp38.850,38850.0
alat-tulis,STABILO SET 3 - Point 88 Basic Color / Fineliner / Pen Warna Abu Hitam,Rp36.000,36000.0
alat-tulis,ELCT2-16B Electrode Splicer Fujikura type 31S/41S/90S/68S,Rp1.700.000,1700000.0
alat-tulis,GREEBEL PULPEN GEL / GEL PEN Viero GP-504 0.5 Tinta Merah (12PCS/SET) / Ballpen Gel Ballpoint Bolpen Bolpoin Pena Gel,Rp32.850,32850.0
alat-tulis,GREEBEL Tempat Pensil Zipper Capybara / Kotak Pensil ( PB 82008) / Pencil Case / Zipper Bag,Rp41.050,41050.0
alat-tulis,Pulpen Gel 1 Pack iTech 2 Joyko [GP-266] / Ball Pen Pena Hitam Biru,Rp53.500,53500.0
alat-tulis,ZEBRA Pen/Pulpen/Bulpen Cetek 4 Warna A-4C,Rp15.500,15500.0
alat-tulis,STABILO SET 4 - Pen 68 Shades of Green / Highlighter Marker Pen,Rp52.000,52000.0
alat-tulis,GREEBEL PULPEN GEL / GEL PEN Genara GP-508 0.5 Tinta Merah (12PCS/SET) / Ballpen Gel Ballpoint Bolpen Bolpoin Pena Gel,Rp36.250,36250.0
alat-tulis,Languo Pen Set 4pcs / Ballpoint / Pulpen Set,Rp23.900,23900.0
alat-tulis,LANGUO Cutestar Monster Pencil Case LG-10628,Rp40.900,40900.0
alat-tulis,Pensil Mekanik Joyko [MP-15/1 Pcs] / Mechanical Pencil Gambar Menulis [0.5 Mm] Alat Tulis,Rp11.150,11150.0
alat-tulis,Pensil Glowy 2B Joyko P-102 [1 Pack] / Pencil / Pinsil 2B Untuk Ujian,Rp22.900,22900.0
alat-tulis,Penghapus Pensil Besar Joyko [EB-30P/1 Pack] / Stip 2B Eraser Pencil,Rp58.500,58500.0
alat-tulis,GREEBEL PULPEN GEL / Gel Pen GP-509 Zircon Biru 0.5 (3PCS/SET) / Ballpen Gel Ballpoint Bolpen Bolpoin Pena Gel,Rp15.750,15750.0
alat-tulis,Zebra Refill Sarasa Clip 0.5 mm RJF Fruit Scented,Rp16.200,16200.0
alat-tulis,Faber-Castell Pensil Warna Anak Tri Colour,Rp29.500,29500.0
alat-tulis,Faber-Castell Spidol Warna Anak Kreatif Connector Pen Marker Christmas Series,Rp52.950,52950.0
alat-tulis,Stabilo Swing Cool Highlighter,Rp20.000,20000.0
alat-tulis,TOYO Tipex Kertas / Correction Tape 5mm x 20 Meter CT201,Rp12.500,12500.0
alat-tulis,Rautan Faber Castell 125 LV 1 Pcs / Sharpener Serutan Pinsil Manual,Rp7.500,7500.0
alat-tulis,GREEBEL PULPEN TECHNOLINE 0.5 1 PCS/Pen/Pulpen/BolpoiNT,Rp3.700,3700.0
alat-tulis,Acrylic Ruller Set / Penggaris 1 Set Isi 4 PCS Dengan Box Premium 2141,Rp17.900,17900.0
alat-tulis,Faber-Castell Pencil motif anak,Rp4.100,4100.0
alat-tulis,GRASP Set Pulpen Gel Pen Warna Bolpoin Pena Colour 0.5mm GPW002,Rp24.990,24990.0
alat-tulis,GREEBEL PULPEN GEL / GEL PEN Genara GP-508 0.5 Tinta Biru (1PCS) / Ballpoint Bolpen Bolpoin Pena Gel,Rp6.600,6600.0
alat-tulis,Deli EU00130 Dry Erase Marker/Spidol Whiteboard,Rp6.500,6500.0
alat-tulis,Maped Vivo Rautan 1 hole Pastel,Rp4.500,4500.0
alat-tulis,SDI 0120J Serutan Pensil Kayu Kecil Buggy Standard,Rp19.150,19150.0
alat-tulis,ZRM Penggaris Besi / Steel Ruler 40cm 50cm 60cm,Rp11.650,11650.0
alat-tulis,Alligator Correction Fluid AL-08,Rp3.500,3500.0
alat-tulis,"Lembar Belajar Poster Edukasi Seri Hijaiyah, Alfabet, Angka Untuk Anak Balita, Paud, TK, SD",Rp7.500,7500.0
alat-tulis,MACS Hybrid Gel Pen HG 100 - Black ( Pulpen / Pena / Ballpoint ),Rp8.500,8500.0
alat-tulis,Penggaris Plastik Panjang Butterfly [30 cm] / Alat Ukur Mistar Garisan,Rp5.850,5850.0
alat-tulis,ZRM 0820 Magnet Papan Tulis 20mm / Whiteboard Magnet 8pcs,Rp7.950,7950.0
alat-tulis,JOYKO Pulpen Gel 1 Pack GP-408 0.5mm Isi 12 Pcs,Rp44.400,44400.0
alat-tulis,ZRM C-04 Compass / Jangka,Rp13.450,13450.0
alat-tulis,Tip Ex Kertas Pita Joyko [CT-534] / Correction Tape X Roll,Rp8.150,8150.0
alat-tulis,KENKO CORRECTION TAPE CT 634N 8 M X 5 MM,Rp10.888,10888.0
alat-tulis,Gelly Roll Classic Medium Point,Rp14.800,14800.0
alat-tulis,SNOWMAN BOARD MARKER BG12 BIRU SPIDOL PAPAN TULIS,Rp13.888,13888.0
alat-tulis,Joyko Permanent Marker Spidol Permanen PM-17 18 19 Round Tip Satuan,Rp5.000,5000.0
alat-tulis,FABER CASTELL PENGHAPUS DUST FREE KODE 18 72 30,Rp5.888,5888.0
alat-tulis,Tempat Alat Tulis Desk Set Pen Holder Joyko DS-60,Rp107.300,107300.0
alat-tulis,Pensil Komputer Gambar Kayu 2B Joyko P-108 - Drawing Pencil Pearl Color Murah,Rp1.498,1498.0
alat-tulis,KARET LENSA MATA MICROSCOPE,Rp48.999,48999.0
alat-tulis,[COD] SK A2 Pena Pulpen Jel Kipas Pena Kipas Hewan Buah Karakter Lucu,Rp1.740,1740.0
alat-tulis,[COD] SK A47 Pulpen Gel Karakter Puppy Lucu 0.5mm Motif Polos Korean Style,Rp1.738,1738.0
alat-tulis,Ezren EZ-0627 Kacamata Pembesar Reparasi Jam 5x Magnifier 2 LED,Rp169.049,169049.0
alat-tulis,Correction Tape Tip X - Tip Ex Kertas Roll Joyko CT-595,Rp4.075,4075.0
alat-tulis,Faber Tripen Set 6 Free 1 pcs,Rp24.000,24000.0
alat-tulis,STANDARD P5 BLACK,Rp7.000,7000.0
alat-tulis,Ballpoint Pentel Energel 1.0Mm,Rp26.000,26000.0
alat-tulis,Faber Tripen Set 6 Free 1 pcs,Rp24.000,24000.0
alat-tulis,Faber Castell Eraser Pen Purple Barrel 583937,Rp26.500,26500.0
alat-tulis,Greebel - Penghapus Hitam Eraser GBB-141820,Rp2.800,2800.0
alat-tulis,ESTUDEE CHIIKU GELPEN 0.5 GREEN EGP-26,Rp8.500,8500.0
alat-tulis,Greebel Ballpoint Riter 0.5 Black (3Pcs/Set) Crd,Rp6.900,6900.0
alat-tulis,Opredo Hafiz Hafizah Latihan Menulis Huruf Hijaiah,Rp48.750,48750.0
alat-tulis,Faster Ballpen Cx 606/600/Black/3Pcs,Rp14.000,14000.0
alat-tulis,PILOT PENCIL LEADS PPL-5 2B,Rp5.500,5500.0
alat-tulis,Estudee Correction Tape Smooth&Fun Purple Es-802,Rp14.500,14500.0
alat-tulis,Zebra Highlighter Fm-1 Mild Purple,Rp16.000,16000.0
alat-tulis,Pensil 2B Estudee Graphite Pencil Set 3Pcs,Rp15.200,15200.0
alat-tulis,Correction Tape Tombow (CT-CX6CR6) + Free Refill - Biru,Rp62.500,62500.0
alat-tulis,Greebel Ballpoint Popline Black (3Pcs/Set) Crd,Rp6.900,6900.0
alat-tulis,Poster Pintar Pengurangan,Rp21.750,21750.0
alat-tulis,FABER ERGO.MECH PCL 0.7 OPAQUE 135101,Rp27.500,27500.0
alat-tulis,JOYKO Foldable Ruler Penggaris Lipat RL-FL10-FNC 30cm Journey,Rp8.300,8300.0
alat-tulis,Pulpen Joyko BP-56 (12pcs) Stationery hitam,Rp23.005,23005.0
alat-tulis,TRG Double Tape Busa Hijau 24mm x 5M - Double Sided Foam Tape 24 mm Lengket Panjang 5 Meter TRG,Rp8.582,8582.0
alat-tulis,DSPIAE Marker Super Metallic Color - gundam marker spidol MKA,Rp30.000,30000.0
alat-tulis,Penggaris 15cm PANMOMO Triangular Prisma Clear - Penggaris Segitiga Transparant Untuk Sekolah ATK,Rp7.505,7505.0
alat-tulis,Bolpoin Zebra F-301 Compact G-301 0.7 Pulpen Hitam Harga Satuan Alat Tulis Sekolah Kantor ATK,Rp28.975,28975.0
alat-tulis,Sharpie Fine Point Permanent Marker - Spidol Permanen Sharpie,Rp14.623,14623.0
alat-tulis,Faber-Castell Solid Watercolour Cat Air,Rp635.300,635300.0
alat-tulis,Faber Castell Albrecht Durer Watercolour Pencil Original - Pensil Warna Cat Air Premium Artist 60 Tin,Rp3.000.000,3000000.0
alat-tulis,Faber Castell Polychromos Original Pensil Warna Premium Professional Artist Oil Based 111th anniversary tin of 12 Short,Rp500.100,500100.0
alat-tulis,Standard - Pulpen Mypen 0.5 ( Alat Tulis / Pen / Ballpoint / Pena ),Rp61.110,61110.0
alat-tulis,"Standard - MP Imech 0.5 / Pc (Pensil Mekanik, Mekanik Pensil)",Rp19.600,19600.0
alat-tulis,Standard - Pulpen ST009 Ceramic Ball 0.38 / 0.5 ( Alat Tulis / Pen / Ballpoint / Pena ),Rp35.400,35400.0
alat-tulis,Standard - Pulpen Tecno Hitech 0.25 ( Alat Tulis / Pen / Ballpoint / Pena ),Rp36.000,36000.0
alat-tulis,GuangBo Gel Ink Pen Pulpen Cair Pena Gel Hitam/Biru 0.5mm (1 Pack),Rp58.900,58900.0
alat-tulis,Bantex L Folder Folio Lilac Desain Hello Kitty Bahan PP Lunak Warna Ungu Cocok Untuk Penyimpanan Dokumen Praktis 2245A21HK,Rp8.000,8000.0
alat-tulis,Bosch Laser Distance Meter / Pengukur Jarak Laser 40Meter GLM 400,Rp2.195.200,2195200.0
alat-tulis,Aimilo - Eraser / Penghapus Pensil Hitam Bebas PVC Bebas Debu Tidak Beracun Alat Tulis Sekolah,Rp1.790,1790.0
alat-tulis,ZEBRA KOKORO GEL 05 BLUE SET 2,Rp14.400,14400.0
alat-tulis,"Pulpen Sarasa DRY Biru 0.7 JJBZ32-BL DRYJELL 0,7 gel ink ATK1236SR",Rp35.500,35500.0
alat-tulis,"Pulpen KOKORO HIJAU Zebra Gel Pen Pulpen 0.5 Balpoint Pena Ballpoint 0,5 jel pen murah green ATK0807K",Rp12.550,12550.0
alat-tulis,pulpen hitam gel ink sarasa zebra JJ15BK BLACK 0.5 Pen Clip jel ATK0272SR,Rp27.500,27500.0
alat-tulis,UMR-83 Refill Pulpen Signo isi ulang pen 0.38 mm uni-ball ATK0884UN,Rp32.500,32500.0
alat-tulis,"Lembar Belajar Poster Edukasi Alfabet dan Angka Untuk Balita, Paud, TK, SD",Rp7.500,7500.0
alat-tulis,Face Plate - Face Panel RJ45-RJ11 PROXP 1 Hole,Rp21.924,21924.0
alat-tulis,JOYKO - Electric Eraser Refill EER-137 - Pack,Rp13.950,13950.0
alat-tulis,Correction Tape Tip X - Tip Ex Kertas Roll Joyko CT-599,Rp14.693,14693.0
alat-tulis,ARTLINE Tinta Isi Ulang Refill Ink For Whiteboard Marker ESK-50S,Rp24.975,24975.0
alat-tulis,"STABILO Set 3 - Swing Cool, Pen 68 / Pen and Highlighter / Ungu Biru",Rp41.000,41000.0
alat-tulis,STABILO BOSS PASTEL Pink Blush / Highlighter Original Warna Merah Muda,Rp15.200,15200.0
alat-tulis,Penggaris Plastik Deli 60cm E6260 - Plastic Ruler Deli 60 cm,Rp30.370,30370.0
alat-tulis,Jangka Joyko MS-85 berkualitas tinggi Merah,Rp14.705,14705.0
alat-tulis,Aksesoren Pulpen Joyko BP-56 [1 Pack/12 Pcs] / Ballpoint Pena 1 Pak / Alat Tulis Sekolah / Ball Pen Bolpen Polpen Bulpen Tinta Hitam Perlengkapan Sekolah Kantor Stationery,Rp31.900,31900.0
alat-tulis,STABILO SET 3 - Point 88 - Red Brown Black / Fineliner / Pen Hitam,Rp36.000,36000.0
alat-tulis,Bambi Papan Ujian Folio Tipe Pen Holder Edisi Clipboard PVC All Color Original,Rp35.275,35275.0
alat-tulis,KENKO CORRECTION TAPE CT 634N 8 M X 5 MM,Rp10.888,10888.0
alat-tulis,Gelly Roll Classic Medium Point,Rp14.800,14800.0
alat-tulis,SNOWMAN BOARD MARKER BG12 BIRU SPIDOL PAPAN TULIS,Rp13.888,13888.0
alat-tulis,Joyko Permanent Marker Spidol Permanen PM-17 18 19 Round Tip Satuan,Rp5.000,5000.0
alat-tulis,FABER CASTELL PENGHAPUS DUST FREE KODE 18 72 30,Rp5.888,5888.0
alat-tulis,STABILO Pen 68 Brush Violet / Ungu / Premium Marker Kuas Kaligrafi Art,Rp15.675,15675.0
alat-tulis,Deli Pulpen Gel 6 Warna Cerah 6pcs/Pack 0.5mm Untuk Menulis Jurnal Dilengkapi Klip A125 Tinta Stationery,Rp44.700,44700.0
alat-tulis,ARTLINE Tinta Isi Ulang Refill Ink For Whiteboard Marker ESK-50S,Rp24.975,24975.0
alat-tulis,STABILO BOSS PASTEL Pink Blush / Highlighter Original Warna Merah Muda,Rp15.200,15200.0
alat-tulis,"STABILO Set 3 - Swing Cool, Pen 68 / Pen and Highlighter / Ungu Biru",Rp41.000,41000.0
alat-tulis,ABT Dual Brush Pen Green,Rp20.900,20900.0
alat-tulis,Mal Cetakan Huruf Butterfly 5mm BT-R5 - Penggaris Teknik Letter Template Mall Sablon 5 mm,Rp30.371,30371.0
alat-tulis,Penggaris Plastik Deli 60cm E6260 - Plastic Ruler Deli 60 cm,Rp30.370,30370.0
alat-tulis,Jangka Joyko MS-85 berkualitas tinggi Merah,Rp14.705,14705.0
alat-tulis,Bambi Papan Ujian Folio Tipe Pen Holder Edisi Clipboard PVC All Color Original,Rp35.275,35275.0
alat-tulis,Aksesoren Pulpen Joyko BP-56 [1 Pack/12 Pcs] / Ballpoint Pena 1 Pak / Alat Tulis Sekolah / Ball Pen Bolpen Polpen Bulpen Tinta Hitam Perlengkapan Sekolah Kantor Stationery,Rp31.900,31900.0
alat-tulis,STABILO SET 3 - Point 88 - Red Brown Black / Fineliner / Pen Hitam,Rp36.000,36000.0
alat-tulis,Bambi Hanging Box File Organizer Exclusive Limited Edition Original,Rp22.500,22500.0
alat-tulis,Bambi Dompet Uang Tipe Wallet Edisi Include Mini Wallet Original,Rp38.000,38000.0
alat-tulis,GREEBEL ERASER GBB 141820 BLISTER (2 PCS/SET) /Penghapus/Hapusan/Setip,Rp10.950,10950.0
alat-tulis,Penghapus Stip Faber Castell Kecil Putih ( FREE DUST ) ECER!!,Rp6.500,6500.0
alat-tulis,Color Gel Pen Joyko [GPC-324] / Pena Berwarna / Pulpen Jel Warna Warni,Rp36.150,36150.0
alat-tulis,GREEBEL PULPEN GEL / GEL PEN Writec GP-503 0.5 Tinta Merah (12PCS/SET) / Ballpen Gel Ballpoint Bolpen Bolpoin Pena Gel,Rp39.950,39950.0
alat-tulis,GREEBEL PULPEN GEL / GEL PEN Writec GP-503 0.5 Tinta Biru (12PCS/SET) / Ballpen Gel Ballpoint Bolpen Bolpoin Pena Gel,Rp39.950,39950.0
alat-tulis,Aksesoren Pulpen X Gel [GP-330/0.5 Mm/1 Pack/12 Pcs] / Ballpoint Jel / Alat Tulis Koreksi / Balpen Pena Hitam Sekolah Stationery,Rp19.500,19500.0
alat-tulis,MACS Jangka Compasses Set Isi 7 pcs Akira,Rp29.900,29900.0
alat-tulis,MACS Paket PAUD BASIC / Crayon / Pensil / Paket Sekolah,Rp59.900,59900.0
alat-tulis,"Kertas Xantri Stiker HVS A6 isi 100 Lembar, Kertas Stiker Label 10.5cmX14.8cm For Inkjet Laserjet",Rp27.000,27000.0
alat-tulis,Correction Tape Tip X - Tip Ex Kertas Roll Joyko CT-585,Rp13.764,13764.0
alat-tulis,Pulpen Jel Joyko GP-330 1 Pak Ballpoint Gel Pena 1 Pack Bolpen Bolpen,Rp28.500,28500.0
alat-tulis,Perlengkapan Paket Alat Tulis Ujian Sekolah Joyko Lengkap,Rp21.150,21150.0
alat-tulis,GREEBEL Tempat Pensil Besar Sekat Capybara / Kotak Pensil (PB-82002) / Transparent Pouch Large / Zipper Bag,Rp25.250,25250.0
alat-tulis,GREEBEL Tempat Pensil Capybara / Kotak Pensil (PB-82003) / Transparent Pouch / Zipper Bag Stationery,Rp18.450,18450.0
alat-tulis,Zebra Paket alat tulis Milipen 0.1mm + Highlighter Fm-1 Mild,Rp64.800,64800.0
alat-tulis,Faber-Castell Rollerball Pen Refill Blue,Rp114.200,114200.0
alat-tulis,ZEBRA Mildliner Double Side Highlighter Stabilo Dua Sisi Water Based Marker Spidol Warna,Rp21.330,21330.0
alat-tulis,Aksesoren Tipe X Kertas Greebel [GCT-1924] / Correction Tape 1 Pcs / Koreksi Pita Roll Alat Putih,Rp10.500,10500.0
alat-tulis,ARTLINE Spidol Mewarnai Marker EK-316,Rp2.000,2000.0
alat-tulis,Deli Ballpoint Pen / Pulpen Bolpoin Tip 0.7 MM Penulisan Lancar dan Halus EQ1-XX Plastik Stationery,Rp3.000,3000.0
alat-tulis,PROMO HEMAT PULPEN ARTLINE SG2,Rp6.000,6000.0
alat-tulis,Tip Ex Cair CF-P211 Joyko - Tip X Correction Fluid Joyko,Rp4.219,4219.0
alat-tulis,Deli Spidol Papan Tulis / Dry Erase Marker Dapat di Refill Tebal 1.5mm EU017 Alat Stationery Tinta,Rp5.500,5500.0
alat-tulis,Refill Isi Tinta Spidol Permanent Permanen Snowman Marker MIG-20,Rp12.320,12320.0
alat-tulis,JOYKO Pulpen Gel 1 Pack GP-379 Zokuri Gel 0.5mm Isi 12 Pcs,Rp43.500,43500.0
alat-tulis,"Pulpen Tip Pastel P7 Faber-Castell 0.7mm - Bolpen Pena Hitam 0,7 mm",Rp3.942,3942.0
alat-tulis,"Pulpen Gel Pen Joyko Apola GP-355 0.5mm - Bolpen Pena Gel Hitam 0,5 mm",Rp2.998,2998.0
alat-tulis,JOYKO Pulpen Gel Pen GP-180 Fresh 0.5mm Per Pcs,Rp7.700,7700.0
alat-tulis,Disney Cinderella Alat Tulis Set ~ CDR06030ST,Rp26.530,26530.0
alat-tulis,Daiso pack Clear Radar eraser,Rp33.000,33000.0
alat-tulis,Daiso Oil-Based Twin Marker -Red - 2 pcs.-,Rp33.000,33000.0
alat-tulis,Rautan Serutan Sharpener Joyko B-135,Rp1.400,1400.0
alat-tulis,Penghapus Eraser Joyko ER-145 2 In 1 Soft Brush Eraser,Rp11.500,11500.0
alat-tulis,SDI 0125D Serutan / Rautan Pensil Kayu High Quality Twist Sharpener,Rp21.350,21350.0
alat-tulis,Pensil Gambar Komputer 2B Joyko P-8133 - Drawing Graff Style Pencil Murah,Rp1.498,1498.0
alat-tulis,JOYKO 4 in 1 Paket Bundling Kombo Hemat 1 Pack Buku Tulis + 1 Box Pensil 2B + 1 Pc Rautan + 1 Pc Penghapus,Rp73.400,73400.0
alat-tulis,GREEBEL Eraser Stip Hapusan GBW-120640 (PCS) Penghapus Pensil,Rp1.900,1900.0
alat-tulis,Pencil Pensil Joyko P-8133 2B 1 Box 12 Pcs Graff Style,Rp17.200,17200.0
alat-tulis,Kotak Tempat Pensil Pencil Case Joyko PC-5010,Rp60.800,60800.0
alat-tulis,JOYKO Pulpen Gel 1 Pack GP-337 Paspen Gel 0.5mm Isi 12 Pcs,Rp39.600,39600.0
alat-tulis,"Faber-Castell Paket Alat Tulis Sekolah Pensil, Penghapus, Serutan",Rp40.000,40000.0
alat-tulis,STABILO BOSS Original Highlighter,Rp15.200,15200.0
alat-tulis,Deli x CapyPets Fountain Pen Capybara + Tinta + Stiker BL003,Rp37.900,37900.0
alat-tulis,Maped Penggaris Essentials Medium set - 4 pcs,Rp19.800,19800.0
alat-tulis,"Pensil Mekanik Pentel Caplet A105 0.5mm - Mechanical Pencil Pentel 0,5 mm",Rp17.869,17869.0
alat-tulis,Faber-Castell Drawing Set Classic,Rp214.200,214200.0
alat-tulis,Pentel Super Soft Eraser ZESE - 03IDPenghapus Pensil Pentel Original,Rp4.500,4500.0
alat-tulis,Maped Open Up Ruler 15cm to 30cm Penggaris Lipat Praktis Untuk Sekolah,Rp16.500,16500.0
alat-tulis,FASTER C600 0.7 WARNA BIRU BOLPEN,Rp5.888,5888.0
alat-tulis,KENKO CORRECTION TAPE CT 634N 8 M X 5 MM,Rp10.888,10888.0
alat-tulis,KENKO CORRECTION PEN KE 823 TIPE X TIP EX CAIR,Rp10.888,10888.0
alat-tulis,VEIKK A30 Digital Graphic Drawing Tablet 10x6 inches 250 RPS 5080LPI,Rp635.000,635000.0
alat-tulis,MONAKE German Tool Steel Angle Ruler 20cm-60cm Penggaris Siku L Tukan Steel Square Try Square Right-angle Ruler,Rp28.620,28620.0
alat-tulis,JOYKO Pulpen Gel 1 Pack GP-419 0.5mm Isi 12 Pcs,Rp34.000,34000.0
alat-tulis,JOYKO Pencil Pensil P-8157 2B 1 Box 12 Pcs Summer Joy,Rp18.900,18900.0
alat-tulis,Deli Rautan Pensil 2 lubang dengan posisi pisau yang tepat menghindari pemutusan ujung E0526 Stationery,Rp13.900,13900.0
alat-tulis,Deli Graphite Pencil HB 2B / Pensil Kayu HB 2B Isi 12 PCS/Box Desain Segitiga Ergonomis 58181 58183 Hitam Stationery,Rp31.300,31300.0
alat-tulis,Whiteboard / Papan Tulis Magnetic SAKANA 60x90 cm ( Single Face Kaki ),Rp635.000,635000.0
alat-tulis,"Faber-Castell Neo Slim Ballpoint Stylus Oriental Red, Rose Gold Chromed",Rp831.200,831200.0
alat-tulis,Penghapus Pensil Ujian Joyko ER-111 - Pencil Eraser Joyko,Rp2.427,2427.0
alat-tulis,Zebra Refill Mjf Sarasa Mark On 0.5 Black,Rp18.500,18500.0
alat-tulis,Snowman Paintmarker White F/Pc,Rp21.000,21000.0
alat-tulis,faber paket ujian mantap 119057,Rp55.000,55000.0
alat-tulis,Zebra Sarasa Clip 0.5 Vintage Green Black,Rp23.800,23800.0
alat-tulis,Opredo Kids Poster 2 In 1 - Perkalian & Pembagian,Rp75.000,75000.0
alat-tulis,Faber Fineliner Coral Red Ink 151227,Rp10.000,10000.0
alat-tulis,Gelpen Studee Chiiku 0.5Mm Fluo Green,Rp8.500,8500.0
alat-tulis,JOYKO Ball Pen Pulpen 1 Pack BP-376 Vokus Point 0.7mm Isi 12 Pcs,Rp22.200,22200.0
alat-tulis,Zebra Refill Sk 0.7 Blue,Rp10.000,10000.0
alat-tulis,Faber Textliner 38 Pastel Lemon 158110,Rp13.000,13000.0
alat-tulis,Penghapus Putih Estudee Set 3 Seri E402W,Rp12.300,12300.0
alat-tulis,Standard Lexion Lx-408 (4 In 1),Rp34.500,34500.0
alat-tulis,Eversac Backpack Miniju Gamma Pink Purple Tosca,Rp399.000,399000.0
alat-tulis,Zebra Sarasa Refill Bp Jf Med 0.7 Black,Rp18.800,18800.0
alat-tulis,Standard B`Gel Needle Point 05 Hitam,Rp16.500,16500.0
alat-tulis,Eversac Backpack Junio Delta Black,Rp343.200,343200.0
alat-tulis,Correction Tape Tip X - Tip Ex Kertas Roll Joyko CT-599,Rp14.693,14693.0
alat-tulis,STABILO BOSS PASTEL Hint of Mint / Highlighter Original Warna Hijau,Rp15.200,15200.0
alat-tulis,Bambi Tas Dokumen A4 Tipe Tas Berkas / Tas Arsip Edisi Jevelline Original,Rp25.925,25925.0
alat-tulis,ANGLE SQUARE Siku Meter Penggaris Siku 200x300mm 35042 Tolsen,Rp40.000,40000.0
alat-tulis,Maped Penghapus Zenoa Plus - Display,Rp47.000,47000.0
alat-tulis,GREEBEL Tempat Pensil Capybara VARIAN / Kotak Pensil / Transparent Pouch / Zipper Bag,Rp21.250,21250.0
alat-tulis,Aksesoren Ball Pen joyko Suma [BP-248/12 Pcs] / Pulpen / Bollpoint Tip 0.7 mm Tinta Hitam Merah Biru 1 Pack,Rp18.500,18500.0
alat-tulis,MACS Paket Basic Mewarnai Anak,Rp35.000,35000.0
alat-tulis,Tempat Pensil We Are Young Plastic Pencil Case,Rp10.487,10487.0
alat-tulis,Macs 2B pensil hitam Premium segitiga - CHUBBS,Rp35.000,35000.0
alat-tulis,Faber-Castelll Correction Tape QAR 506Barrel Fancy Blue,Rp30.100,30100.0
alat-tulis,GREEBEL ERASER GBW 120620 (4 PCS/SET)/Penghapus/Hapusan/Setip,Rp18.150,18150.0
alat-tulis,Pulpen Titan Gel Joyko 1 Pack [GP-167/12 Pcs] / Pulpen 1 Pack Joyko / Pulpen Gel 1 Pack / Bolpoin Joyko 1 Pak Gel / Bolpoint 1 Pack Murah / Balpen / Pulpen Jel 1 Pak / Pulpen Tinta Hitam / Pena 1 Lusin / Joyco [0.5mm] Alat Tulis,Rp52.500,52500.0
alat-tulis,GREEBEL Highlighter HL-706 Galaxy / Stabilo Greebel / Stabilo Pastel,Rp11.550,11550.0
alat-tulis,JOYKO - Highlighter HL-73 ~ HL-78 - Pcs,Rp4.250,4250.0
alat-tulis,"Pensil Mekanik Logam 0.5MM – Bahan Logam, Tahan Lama, Pusat Gravitasi Rendah, Ideal untuk Gambar Teknis & Ilustrasi Seni 【TOPSLINGS】",Rp19.000,19000.0
alat-tulis,Buku Belajar Anak / Activity Book Mengenal ANGKA 1 - 8 Metode Terlengkap / Penjumlahan Pengurangan Menulis Angka Mewarnai Aktifitas / Pustaka Baru Press - GK,Rp3.800,3800.0
alat-tulis,Kotak Pensil Magnet FY-1722 - Alat Tulis - Stationery,Rp20.405,20405.0
alat-tulis,Zebra Blen Emulsion Ink Pen - Warna Pastel tinta Hitam 05mm dan 07mm,Rp33.120,33120.0
alat-tulis,"BAOKE Pulpen Gel Hitam Tinta Cair Cepat Kering pulpen gel pen 1 pack jalan slay bolpoin lusin jelly barang aesthetic buat sekolah pulp en di tarik peralatan random penagel bolpen 50pcs biru slayy bagus autopen pulpe bulpas alat tulis grosiran clip tip 0,5",Rp47.000,47000.0
alat-tulis,Bolpoin Gelpen 0.5 mm Deli Pena Berbagai Macam Warna Pulpen Kantor ATK G118 Harga Satuan ATK,Rp5.700,5700.0
alat-tulis,Bolpoin Deli Color Needle Tip A119 Pulpen Gel 0.5mm Harga Satuan ATK,Rp6.802,6802.0
alat-tulis,Penggaris Butterfly Rules 15 20 30cm Penggaris Panjang Alat Ukur Untuk Sekolah Harga Satuan ATK ATK,Rp2.375,2375.0
alat-tulis,Spidol Deli 12/18/24 Warna Tidak beracun Warna Cerah Untuk Sekolah ATK EC10000,Rp13.300,13300.0
alat-tulis,GREEBEL Pensil Kayu 2B Pensil Tulis (VARIAN 12PCS/SET) / Pencil Graphite Pensil Ujian Alat Tulis Sekolah,Rp25.850,25850.0
alat-tulis,Sakura Permanent Paint Marker (Medium Point),Rp30.000,30000.0
alat-tulis,Bantex Paket Ujian A085 Folio Blue #A085 01,Rp35.000,35000.0
alat-tulis,Bantex Gel Pen Tinta Ultra-Smooth / Pena Pulpen 0.5 mm Satu Set BG1017,Rp10.000,10000.0
alat-tulis,Bantex Pulpen Pena / Gel Pen ST Tip 0.5 mm Silicone Grip BG1006,Rp3.500,3500.0
alat-tulis,Bantex Clipboard Folio Melon #4205 63,Rp15.000,15000.0
alat-tulis,I-Select Pensil Warna Serbaguna Wood-free 6/12/18/24 Warna UC101,Rp4.900,4900.0
alat-tulis,Vention Wireless PowerPoint Presentation Red Laser Pointer 2.4Ghz ABS Material - KQIH0,Rp165.000,165000.0
alat-tulis,[Buy 6 get 1] ZEBRA Sarasa Clip JJ15 Pulpen Pena 0.5mm Retractable Ballpoint Pen Water Based Alat Tulis- Black,Rp122.580,122580.0
alat-tulis,Ready Menulis Al Quran Juz 30 Untuk Anak Juz Amma - Bonus Panduan Menulis Huruf Hijaiyah - Zain,Rp31.500,31500.0
alat-tulis,Standard - Pulpen AE7 0.7 ( Alat Tulis / Pen / Ballpoint / Pena ),Rp24.000,24000.0
alat-tulis,Pentel Super Soft Eraser ZESE - 03IDPenghapus Pensil Pentel Original,Rp4.500,4500.0
alat-tulis,Maped Open Up Ruler 15cm to 30cm Penggaris Lipat Praktis Untuk Sekolah,Rp16.500,16500.0
alat-tulis,FASTER C600 0.7 WARNA BIRU BOLPEN,Rp5.888,5888.0
alat-tulis,KENKO CORRECTION TAPE CT 634N 8 M X 5 MM,Rp10.888,10888.0
alat-tulis,KENKO CORRECTION PEN KE 823 TIPE X TIP EX CAIR,Rp10.888,10888.0
alat-tulis,"min 1 buah Pulpen KENKO K1 PRO 0.5mm BIRU satuan blue gel pen pena jel 0,5 mm ATK1627KN",Rp8.999,8999.0
alat-tulis,"0.7 Pulpen Pic Candy Zebra Semi Gel Ink Pen Piccolo Pen 0,7 piccandy ballpoint ATK0891ZB",Rp5.588,5588.0
alat-tulis,"0.5 Pensil Mekanik Pastel Tombow Mono Graph DPA-136x 0,5 ATK1084TW",Rp62.952,62952.0
alat-tulis,ATK0732LR SLIM Pensil Groove Slim Lyra Graphite Pencil HB Segitiga,Rp13.600,13600.0
alat-tulis,PILOT BPT-P Bulpoin Ball Pen Lusin Isi 12 Buah Pena Bullpoint Balpen Bolpen Lusin Perbox Perpack Pack Selusin Sebox Sekupul Bulpen Bolpoin BPTP ATK1552PL Original Toko Online Jempol,Rp43.888,43888.0
alat-tulis,ATK0717ST biru 7B Mars Lumograph 100-7B 104019 Pensil Staedtler Sketch,Rp22.588,22588.0
alat-tulis,Canon REFILL GI-790 Yellow - Tinta Kuning,Rp128.000,128000.0
alat-tulis,Canon REFILL GI-790 Black - Tinta Hitam,Rp139.000,139000.0
alat-tulis,Maped Highlighter Fluo Pep's Pocket Orange Display,Rp11.400,11400.0
alat-tulis,STABILO Point 88 Pale Vermillion Isi 1 pcs / Fineliner / Pen Warna,Rp11.400,11400.0
alat-tulis,"Refill Isi Pensil Mekanik Rotring HB 0.7mm - Pencil Lead HB 0,7 mm",Rp11.994,11994.0
alat-tulis,STABILO Pen 68 Fluorescent Orange 1 pcs / Highlighter Pen / Marker,Rp12.350,12350.0
alat-tulis,Xiaomi Mi High Capacity Gel Pen 0.5mm 10pcs/Pack Pulpen Mi Mikuni Gel iNk isi 10Pcs,Rp45.000,45000.0
alat-tulis,STABILO Point 88 Plum / Fineliner / Pen Warna Ungu,Rp11.400,11400.0
alat-tulis,Lyra Kneadable Eraser - Penghapus Lukis Uli Plasticin Knetgummi,Rp18.834,18834.0
alat-tulis,Whiteboard / Papan Tulis Magnetic SAKANA 80x120 cm ( Single Face ),Rp418.000,418000.0
alat-tulis,STABILO Pen 68 Brush Dark Red / Merah / Premium Marker Kuas Kaligrafi,Rp15.675,15675.0
alat-tulis,STABILO BOSS Naturecolors Beige/ Highlighter Original Warna Cream,Rp15.200,15200.0
alat-tulis,ARTLINE Roller Ball Pen Ballpoint Bolpen Pulpen Gelpen 0.5 mm ERB-4200,Rp17.575,17575.0
alat-tulis,"Pensil Mekanik Faber Castell Click 2.0mm - Mechanical Pencil Faber-Castell 2,0 mm",Rp23.749,23749.0
alat-tulis,Tinta Stempel Flash Blue 10ml Refill Stamp Ink Waterproof 10 Ml,Rp27.500,27500.0
alat-tulis,Gel Pen Pulpen Pena Joyko GP-330 Big Fill Gel 0.5 mm Lusin,Rp17.100,17100.0
alat-tulis,Tas OTDR Yokogawa Original | Untuk AQ1000 / AQ1210 / AQ7280,Rp350.000,350000.0
alat-tulis,JOYKO - Eraser ER-115 Penghapus Pencil - BOX,Rp56.500,56500.0
alat-tulis,PENCIL CASE PLASTIK 3376 Merah Stationery,Rp20.405,20405.0
alat-tulis,ABT Dual Brush Pen Jet Blue,Rp23.200,23200.0
alat-tulis,Topla Pencil Case 2879B Kotak Pensil / Tempat Alat Tulis Kancing Biru Hijau Kuning Merah Stationery,Rp14.280,14280.0
alat-tulis,GREEBEL Penggaris Lipat Karakter Glitter 30cm / Ruler Foldable Glitter (30-3B) / Penggaris Lipat Lucu Sekolah,Rp26.150,26150.0
alat-tulis,[PACK] Pensil Komputer Gambar Kayu 2B Joyko P-90 1 Pak Isi 12 Drawing Pencil Murah,Rp15.396,15396.0
alat-tulis,Languo Shape Pencil Case – Tempat Pensil Simpel & Multifungsi,Rp60.900,60900.0
alat-tulis,[PACK] Pensil Komputer Gambar Kayu 2B Joyko P-8138 1 Pak Isi 12 Drawing Pencil Murah,Rp15.288,15288.0
alat-tulis,GREEBEL Pulpen Gel Glitter 8 Warna 0.6 MM Isi 8PCS/SET - Highlighter Gel Pen GP-522,Rp31.650,31650.0
alat-tulis,[PACK] Pensil Komputer Gambar Kayu 2B Joyko P-8133 1 Pak Isi 12 Drawing Graff Style Pencil Murah,Rp18.348,18348.0
alat-tulis,WEIBO Tipe X Kertas 1 Pcs Correction Tape 12M Cover Model WD-8560,Rp6.780,6780.0
alat-tulis,GREEBEL Pensil Pencil Kayu HB (7021 12PCS/SET) / Pensil Gambar Pensil Tulis Ujian Sekolah,Rp53.950,53950.0
alat-tulis,"Refill Isi Pensil Mekanik Faber Castell 2B 2.0mm - Pencil Lead Faber-Castell 2,0 mm",Rp11.226,11226.0
alat-tulis,"Refill Ink Faster W500 Whiteboard Marker isi 12 botol-Black,Blue&Red",Rp84.150,84150.0
alat-tulis,Aksesoren Pensil 2B Staedtler Mars Lumograph / Pencil Sekolah 1 Pcs,Rp6.150,6150.0
alat-tulis,MECHANIC KIPAS SMOKE WINDFLOW X MICROSCOPE LED SMOKING INSTRUMENT ORIGINAL - PENGHISAP ASAP SOLDER DAN LAMPU MICROSCOPE - LAMPU MICROSCOPE TEKNISI HANDPHONE,Rp337.500,337500.0
alat-tulis,Paket Alat Tulis Pensil Agatis Eco Simple Set 1,Rp8.500,8500.0
alat-tulis,JOYKO - Erasable Gel Pen 334 - Pena Bisa di Hapus - Black - Pcs,Rp4.700,4700.0
alat-tulis,Deli Sliding Eraser Penghapus Mekanik Hapusan Mekanik Lucu Tidak Meninggalkan Serpihan EH338,Rp8.900,8900.0
alat-tulis,Faber-Castell Refill Mech. Pencil lead 2.0 mm,Rp7.100,7100.0
alat-tulis,"KENKO Tip Ex Kertas Correction Tape CT-902, Warna Random - PCS",Rp7.020,7020.0
alat-tulis,MACS Hybrid Gel Pen HG 100 - Blue ( Pulpen / Pena / Ballpoint ),Rp8.500,8500.0
alat-tulis,"Pulpen Standard Any Gel 0.38mm - Bolpen Pena Pen Gel Hitam 0,38 mm",Rp2.547,2547.0
alat-tulis,Butterfly - Penghapus Pensil Ultra Eraser S40 - Pcs,Rp4.100,4100.0
alat-tulis,JOYKO - ERASER ER - 117 - Penghapus Pensil - PCS,Rp4.150,4150.0
alat-tulis,1 Pcs BIG Penghapus / Eraser Pensil Hitam Besar Dust Free ER-9242,Rp2.500,2500.0
alat-tulis,Penghapus Pensil Joyko Besar 526 B20 - Penghapus Joyko Besar,Rp2.597,2597.0
alat-tulis,IKEA SKADIS Tempat Pengatur Perkakas Untuk Pegboard Penyimpanan,Rp20.000,20000.0
alat-tulis,ARTLINE Gel Inked Roller Ball 0.5 mm EGB-S854 / Retractable Pen Premium with Comfort Grip,Rp20.350,20350.0
alat-tulis,ARTLINE Silent Click Retractable Pen EGB-S2990 / Gel Inked Roller Ball Super Comfort Grip 0.5 mm,Rp12.950,12950.0
alat-tulis,ZEBRA Masterpen 0.7 - Pulpen Semi Gel,Rp12.150,12150.0
alat-tulis,HYUNDAI Penggaris Safety Protective Ruler Tools 20/30/45cm,Rp54.890,54890.0
alat-tulis,JOYKO Spidol Permanen Marker 1 Pack PM-76 Isi 12 Pcs,Rp25.200,25200.0
alat-tulis,Tempat Pensil Plastik / Pen Case King Jim 73SCGA,Rp15.000,15000.0
alat-tulis,SNOWMAN - Pulpen V2 0.6mm Biru - Lusin,Rp25.600,25600.0
alat-tulis,ARTLINE Spidol Kain Marker for Fabric EKC-1,Rp35.850,35850.0
alat-tulis,"ARTLINE Spidol OHP Overhead Project Permanent Marker 0,5 MM EK-853",Rp15.350,15350.0
alat-tulis,SNOWMAN BOARD MARKER BG12 BIRU SPIDOL PAPAN TULIS,Rp13.888,13888.0
alat-tulis,FABER CASTELL GRIP ERASER,Rp9.500,9500.0
alat-tulis,KENKO CORRECTION TAPE CT 634N 8 M X 5 MM,Rp10.888,10888.0
alat-tulis,FABER CASTELL PENGHAPUS DUST FREE KODE 18 72 30,Rp5.888,5888.0
alat-tulis,Maped Twist n Flex The Original Unbreakable Flexible Ruler 30cm,Rp21.000,21000.0
alat-tulis,Joyko - Pensil 2B P-123 Pensil Anak Lucu - Drum,Rp45.500,45500.0
alat-tulis,ARTLINE Spidol Big Nib Whiteboard Marker EK-5109A,Rp38.850,38850.0
alat-tulis,STABILO Pen 68 Brush Premium Marker,Rp15.675,15675.0
alat-tulis,Aksesoren Pensil 2B Joyko [P-8157/12 pcs] / Pinsil 2B Pencil Karakter Motif Lucu / ATK Alat Tulis Sekolah,Rp17.900,17900.0
alat-tulis,ABT Dual Brush Pen Lemon Lime,Rp23.200,23200.0
alat-tulis,Whiteboard / Papan Tulis Magnetic SAKANA 45x60 cm ( Single Face ),Rp132.000,132000.0
alat-tulis,Faber-Castell Spidol Warna Anak Kreatif - Connector Pen 50,Rp134.200,134200.0
alat-tulis,Pulpen Joyko Quaco 3 BP-288 [1 Pack / 12 Pcs] / Pena Ball Pen 4 Warna,Rp85.500,85500.0
alat-tulis,Pulpen Oval Gel Joyko GP-189 [1 Pack/12 Pcs] / Ballpoint / Tinta Hitam,Rp48.500,48500.0
alat-tulis,CORRECTION TAPE CT5000 5MM X 6M TIP-X TIPEX TIP EX KERTAS TOYO JEPANG,Rp20.200,20200.0
alat-tulis,[PACK] Pensil Komputer Gambar Kayu 2B Joyko P-8129 1 Pak Isi 12 Drawing Pencil Murah,Rp16.396,16396.0
alat-tulis,Pulpen Extra Fine Faster [C6/12 pcs] / Ballpoint Pena Hitam [1 Pack],Rp59.900,59900.0
alat-tulis,Ballpoint Pilot Frixion Clicker [Dapat Dihapus] / Pulpen Gel [0.5],Rp39.500,39500.0
alat-tulis,Aksesoren Pensil 2B Joyko 1 Pack [P-8129 / 12 Pcs] / Pencil / Pensil Morandi / Alat Tulis Sekolah / Pinsil 1 Pak,Rp25.500,25500.0
alat-tulis,JOYKO GELL PEN 189 OVAL SET 3,Rp42.530,42530.0
alat-tulis,Macs 2B pensil hitam Premium segitiga - AKIRA,Rp35.000,35000.0
alat-tulis,Aksesoren Pulpen Oval Gel Joyko GP-189 [1 Pack/12 Pcs] / Ballpoint Gel Pena 1 Pak / Alat Tulis Sekolah / Ball Pen Bolpen Polpen Bulpen Tinta Hitam Perlengkapan Sekolah Joyko Kantor Stationery,Rp48.500,48500.0
alat-tulis,GREEBEL Pensil Kayu 2B 7032 Fun Fruite (12PCS/SET) / Pensil Tulis / Grafit / Graphite / Pensil Ujian Sekolah / Pensil Gambar,Rp25.850,25850.0
alat-tulis,Aksesoren Pulpen Maze Joyko BP-327 [1 Pack/12 Pcs] / Bolpoin Ballpoint Pena Ball Pen 1 Lusin,Rp11.500,11500.0
alat-tulis,Pensil Glowy 2B Joyko [P-102/12 pcs] / Alat Tulis Ujian Komputer / Pencil Gambar Menulis [1 Pack] Black Kayu,Rp22.900,22900.0
alat-tulis,GREEBEL 7021 TECHNOGRAPH RAFFINE 2.8 TRIANGULAR GRAPHITE PENCIL HB,Rp53.950,53950.0
alat-tulis,Aksesoren Pulpen Gel Benefit Nice GP-2 [1 Pack/12 Pcs] / Ballpoint Jel Pen 1 Pak / Pena Tinta Hitam,Rp50.500,50500.0
alat-tulis,Pulpen Standard AE9 [12 Pcs] / Ballpoint 1 Pack / Bolpen Bulpen 1 Pak,Rp35.500,35500.0
alat-tulis,GUNDAM MARKER 2 in 1 (GM301 GM302) - Pour Type Slush Sumi Ire Japan,Rp105.000,105000.0
alat-tulis,ZEBRA B-1000 0.7 - Pulpen Semi Gel,Rp30.240,30240.0
alat-tulis,GREEBEL Pensil kayu 2B 7038 Metallic (12PCS/SET) / Pensil Tulis Metallic Graphite Ujian sekolah Pensil Gambar,Rp25.850,25850.0
alat-tulis,Buku Anak TK PAUD / 24 Jam Pandai Baca Tanpa Dieja ( Cover Baru ) Bonus Stiker Mewarnai / GRAMEDIA PUSTAKA UTAMA - GPU,Rp98.000,98000.0
alat-tulis,"Color Gel Pen Joyko White Gold Silver Metallic Colors GPC-299 0.5mm - Pulpen Pena Bolpen Warna 0,5 mm",Rp4.906,4906.0
alat-tulis,GREEBEL PULPEN GEL / Rival GP-502 0.5 Tinta Merah (PCS) / Ballpen Gel Ballpoint Bolpen Bolpoin Pena Gel,Rp4.300,4300.0
alat-tulis,GREEBEL Eraser Penghapus Buah / Hapusan Stip ERF - 3209 (1PCS) / Penghapus Pensil Lucu Alat Tulis Sekolah,Rp8.650,8650.0
alat-tulis,Maped Rautan Pensil Pulse Canister (2 hole) - Display,Rp9.900,9900.0
alat-tulis,Lembar Belajar Poster Edukasi Rukun Iman dan Rukun Islam - Poster Edukasi Anak Muslim,Rp7.500,7500.0
alat-tulis,ZRM 0850 Whiteboard Magnet / Magnet Papan Tulis 30mm Transparan 5pcs,Rp10.450,10450.0
alat-tulis,Tuding Ngaji Alat Perlengkapan Mengaji Stik Penunjuk Membaca Iqro dan,Rp5.000,5000.0
alat-tulis,Penggaris Plastik 4 in 1 RL-PS6 Joyko - Ruler Set Matematika,Rp7.455,7455.0
alat-tulis,Spidol Permanent Marker Joyko PM-19 Merah,Rp4.720,4720.0
alat-tulis,Poster Edukasi Anak Bingkai Sistem Uriner Telinga Manusia Syaraf Otak Tenggorokan / Pustaka Baru Press - PB,Rp7.000,7000.0
alat-tulis,Zebra Piccolo Knock 0.7 Black Set 12,Rp55.000,55000.0
alat-tulis,PILOT BALLPOINT JUICE LJU-10EF-B 0.5 BLACK Stationery,Rp20.000,20000.0
alat-tulis,Estudee Heion Gel Pen 0.5 Ink Black - Pink Egp283,Rp9.800,9800.0
alat-tulis,Pulpen Zebra Kokoro Gel Pen Retractable 0.5mm Set 3 Mix,Rp26.000,26000.0
alat-tulis,Gramedia Estudee Buku Tulis K B5 Fancy Pattern Isi 6,Rp50.900,50900.0
alat-tulis,Highlighter Stabilo Swing Cool Pastel Set 6Pcs,Rp85.500,85500.0
alat-tulis,Faber Texliner Pastell 1546 Lilac 154656,Rp14.000,14000.0
alat-tulis,Gelpen Estudee Maru 0.5 Black Ink - Purple Egp-435,Rp9.800,9800.0
alat-tulis,ZEBRA SARASA CLIP 05 MILKY WHITE,Rp25.000,25000.0
alat-tulis,Estudee Drawing Book A3 I Galaxy,Rp17.900,17900.0
alat-tulis,Faber-Castell Paket pensilset12 hexagonalset12 free pensil 2pcs,Rp79.900,79900.0
alat-tulis,Vinnatsu Kotak Pensil Hewan Kartun/ Kotak Pensil Karakter 3D/ Cocok Untuk Siswa Sekolah Dasar/ Kotak Pensil/ Alat Tulis Stationery,Rp46.225,46225.0
alat-tulis,STABILO Set 47pcs - point 88 All color,Rp564.000,564000.0
alat-tulis,F Castell Eraser Dustfree 7171 Black Set2,Rp35.900,35900.0
alat-tulis,TRG Stainless Steel Ruler Set Pastel Color 18cm RLS-402 - Paket Penggaris Besi Matematika Busur Derajat Siku Mistar 18 cm TRG,Rp15.101,15101.0
alat-tulis,Bosch Laser Range FInder / Pengukur Jarak Laser 50Meter GLM 50-23 G (Green Laser),Rp2.884.000,2884000.0
alat-tulis,Bolpoin Joyko GP-330 Big Fill Bolpoin Retractable Pena Pulpen Ceklek Joyko Harga Satuan Alat Tulis Sekolah Kantor ATK,Rp4.750,4750.0
alat-tulis,Faber-Castell Creative Studio Gold Fabber Pencil Aqua Tin of 12,Rp288.300,288300.0
alat-tulis,Goto [COD] Talia 3D Squishy Pencil Case Tempat Pensil Anak Perempuan,Rp80.900,80900.0
alat-tulis,Tombow Pensil Mekanik / Mechanical Pencil Mono Graph,Rp54.600,54600.0
alat-tulis,ZEBRA Kokoro Pulpen Gel 12 Warna Colorful 0.5mm Retractable Gel Pen Pigment Gel Ink,Rp7.200,7200.0
alat-tulis,GREEBEL Highlighter HL-701 Colors / Stabilo Greebel / Stabilo Pastel,Rp8.900,8900.0
alat-tulis,JOYKO Gel Pen Pulpen Pena GP-265NT Q3 Gel 0.5 mm,Rp3.600,3600.0
alat-tulis,SNOWMAN BOARD MARKER BG12 BIRU SPIDOL PAPAN TULIS,Rp13.888,13888.0
alat-tulis,FABER CASTELL GRIP ERASER,Rp9.500,9500.0
alat-tulis,KENKO CORRECTION TAPE CT 634N 8 M X 5 MM,Rp10.888,10888.0
alat-tulis,FABER CASTELL PENGHAPUS DUST FREE KODE 18 72 30,Rp5.888,5888.0
alat-tulis,Maped Twist n Flex The Original Unbreakable Flexible Ruler 30cm,Rp21.000,21000.0
alat-tulis,Standard - Pulpen AE7 Alfatip 0.5 ( Alat Tulis / Pen / Ballpoint / Pena ),Rp24.000,24000.0
alat-tulis,Bantex Exclusive Multiring Binder A5/Binder Hardcover/Binder Karton 20 Ring - 1325,Rp39.000,39000.0
alat-tulis,Bantex Gel Pen / Pulpen Gel Tip 0.5 mm Desain Ergonomis BG1108,Rp3.000,3000.0
alat-tulis,Bantex Rotary Sharpener / Rautan Pensil Putar BE1011,Rp55.000,55000.0
alat-tulis,Bantex Gel Pen / Pulpen Gel Cetek 0.5 mm Ultra-Smooth Ink BG1001,Rp3.500,3500.0
alat-tulis,Standard - Refill Pulpen Quattro 0.5 / 0.7 - Gel / 4 Set ( Isi Pulpen / Pena / Ballpoint ),Rp32.000,32000.0
alat-tulis,MIMOON Kaca Pembesar Servis Elektronik Kaca Pembesar Layar Hp Lampu LED Lampu Lampu Meja,Rp245.192,245192.0
alat-tulis,OK-2005 Pensil Case/Tempat Pensil Plastik (PCS) Stationery,Rp10.705,10705.0
alat-tulis,AZKO Ataru Tempat Pensil Dengan Extra Pouch Capybara - Cokelat Pouch Pensil Pulpen Pencil Case Tempat Alat Tulis Peralatan Tulis Kids School Stationery,Rp57.400,57400.0
alat-tulis,Pulpen Joyko BIRU Gel 0.5 mm JK100NT Needle Pen Polpen blue ballpoin,Rp5.550,5550.0
alat-tulis,READY ATK0235FC Paket isi 6 Pro Pensil 8B 7B 6B 5B 4B 3B Sketsa Faber,Rp75.880,75880.0
alat-tulis,ATK248TW TOMBOW Mono Zero Eraser 2.3 mm penghapus pensil EHKUR11 BLACK,Rp72.588,72588.0
alat-tulis,Zebra KOKORO Gel Pen Pulpen 0.5 Balpoint Pena Ballpoint ATK0807KR,Rp12.550,12550.0
alat-tulis,UNI 0.2 Fine Line Drawing Pen 915264 PIN 02-200 Black Pulpen ATK0928UN,Rp42.500,42500.0
alat-tulis,ATK0648PK PUTIH no.1 Pensil Kaca Mitsubishi Dermatograph Gambar WHITE,Rp27.500,27500.0
alat-tulis,Pulpen Fast Dry BIRU 0.5 Faber Castell pulpen 640151 gel pen ATK0725FC,Rp23.888,23888.0
alat-tulis,Aimilo - Pensil Mekanik 0.5 mm Mechanical Pencil Set Isi Refill 20 Alat Tulis Sekolah,Rp9.900,9900.0
alat-tulis,"Learning Resources Rainbow Pocket Chart Versatile Classroom Chart for Hands-On Learning Activities, Alat Edukatif Serbaguna untuk Kegiatan Kelas Interaktif",Rp550.000,550000.0
alat-tulis,STABILO Point 88 Rust Red / Fineliner / Pen Warna Merah,Rp11.400,11400.0
alat-tulis,Whiteboard / Papan Tulis Magnetic SAKANA 60x120 cm ( Single Face ),Rp305.000,305000.0
alat-tulis,Fujikura 35S Clad Alignment Fusion Splicer | Alat Sambung Fiber Optik | Garansi Resmi Distributor,Rp32.000.000,32000000.0
alat-tulis,Deli Pensil Kayu 2B Mudah diraut dengan penghapus bebas racun EU51800 Hitam Stationery,Rp27.900,27900.0
alat-tulis,ARTLINE Spidol Permanent Marker White Colour EKS-70,Rp21.275,21275.0
alat-tulis,STABILO BOSS Pastel Pale Orange / Highlighter Original Warna Oranye,Rp15.200,15200.0
alat-tulis,Tinta Spidol Whiteboard SNOWMAN White Board Marking INK [ ECER ],Rp25.500,25500.0
alat-tulis,Cat Acrylic Joyko ACC-5-24 5ml 24Colors Brush Stationery Merah,Rp41.005,41005.0
alat-tulis,LANGUO Pencil Color Pencil Case / Tempat Pensil LG-10582,Rp39.000,39000.0
alat-tulis,Faber-Castell Buku Mewarnai Anak Kreatif - Creative Colouring Book,Rp26.300,26300.0
alat-tulis,Mismi Carrie Pencil Case Lucu Muat Banyak Kotak Pensil Sekolah Trendy - PC8C,Rp51.900,51900.0
alat-tulis,MACS Penggaris Set Isi 4 pcs Akira,Rp18.000,18000.0
alat-tulis,Pensil Joyko P-125 / Pencil 2B For Compter / Pinsil Segitiga Triangel,Rp16.500,16500.0
alat-tulis,Tempat Pensil Kalkulator Karakter [Random] / Kotak Pensil Tepak Wadah,Rp20.900,20900.0
alat-tulis,Maped FluoPeps Classic Pastel (satuan),Rp20.500,20500.0
alat-tulis,STABILO Pen 68 Brush Dark Ochre / Cokelat / Marker Kuas Kaligrafi,Rp15.675,15675.0
alat-tulis,Paket Magic Tracing (Workbook dan Hijaiyah),Rp30.000,30000.0
alat-tulis,Papan Tulis Whiteboard Sakura 40x60 - White Board Magnet Gantung 40 x 60,Rp118.378,118378.0
alat-tulis,Mildliner Zebra Double-Sided Pastel Highlighter,Rp23.628,23628.0
alat-tulis,Pulpen Standard [AE7 0.5/12 pcs] / Ballpoint Pena Pen Tinta [1 pack],Rp34.500,34500.0
alat-tulis,ZEBRA MILDLINER CHARM satuan - Limited Edition,Rp24.750,24750.0
alat-tulis,Zebra Lucky Pack - Random Paket Pulpen,Rp81.000,81000.0
alat-tulis,ARTLINE Spidol Supreme Whiteboard Marker EPF-507 /4PW1,Rp67.600,67600.0
alat-tulis,ARTLINE Spidol Supreme Permanent Marker Set 12 Colours EPF-700/12W,Rp119.850,119850.0
alat-tulis,"Pulpen Gel Zebra Sarasa Clip Color 0.7mm - Bolpen Pena Pen Warna 0,7 mm",Rp18.861,18861.0
alat-tulis,BIG Tempat Pensil Kotak Pensil Tepak Pensil Pencil Case Model Cheerful PF-028,Rp22.000,22000.0
alat-tulis,STABILO BOSS ORIGINAL Pastel Deskset 15 / Limited Edition / Highligher,Rp259.600,259600.0
alat-tulis,Liverpool FC Pixel Player Pencil Case - Official LFC Accessories Kotak Pencil,Rp102.000,102000.0
alat-tulis,SCRIBER PEN panel line gundam,Rp45.000,45000.0
alat-tulis,MIISOO Set Alat Tulis Anak 25pcs Stationary Set Elektric Alat Tulis Belajar Anak Stationery,Rp150.000,150000.0
alat-tulis,Papan Tulis Flip Chart Papan Tulis Kaki SAKANA 60x90cm ( 5 Roda ),Rp955.000,955000.0
alat-tulis,Deli Pita Koreksi / Correction Tape 6meter Daya Rekat Kuat EH08A Biru Stationery Transparan,Rp8.100,8100.0
alat-tulis,Vinnatsu Tas Pensil Kapibara / Kotak Pensil Lucu / Tas Pensil Kapibara / Tas Penyimpanan Alat Pena Tulis,Rp43.830,43830.0
alat-tulis,Vinnatsu 4 Lapis Tas Penyimpanan Dokumen/Tas Penyimpanan Tahan Air Transparan/Tas Klasifikasi Buku Teks/Pouch Document Bag Transparan Serbaguna Alat Hijau Stationery,Rp56.719,56719.0
alat-tulis,FASTER BALLPOINT PEN GEL CG600 HITAM 2 PCS-PACK,Rp24.100,24100.0
alat-tulis,Penghapus Pensil Anak Lucu Joyko ER-146 - Animal Kingdom Pencil Eraser,Rp8.490,8490.0
alat-tulis,Daiso Oil-Based Marker - Thick - 2 pcs.-Black/Red,Rp33.000,33000.0
alat-tulis,PENGHAPUS UNTUK UJIAN JOYKO / SEDANG ( STIP / ERASER ) ER-111,Rp4.950,4950.0
alat-tulis,STABILO Point 88 Ice Blue Isi 1 pcs / Fineliner / Pen Warna Biru,Rp11.400,11400.0
alat-tulis,Refill Sarasa Dry JLV 05 & 07,Rp18.000,18000.0
alat-tulis,Single Protection Sleeve Fiber Optic,Rp500,500.0
alat-tulis,Maped Set Alat Tulis Tatoo Viking 4 Pieces,Rp170.800,170800.0
alat-tulis,Maped Twist n Flex The Original Penggaris Flexible Ruler 15cm,Rp10.500,10500.0
alat-tulis,Gelly Roll Classic Medium Point,Rp14.800,14800.0
alat-tulis,KENKO CORRECTION PEN KE 823 TIPE X TIP EX CAIR,Rp10.888,10888.0
alat-tulis,Pilot H-165-SL-L Pensil Mekanik Non-Slip Grip Mechanical Pencil 0.5 mm,Rp22.500,22500.0
alat-tulis,Pulpen / Pen Gel Zebra Sarasa 0.5mm (1pc) - Orange,Rp18.800,18800.0
alat-tulis,FRIXION REFILL / ISI ULANG PULPEN 0.7mm MERAH [ PCS ],Rp20.900,20900.0
alat-tulis,Faber Castell Highlighter Pastel Color - Textliner 46 Pastel,Rp16.782,16782.0
alat-tulis,ABT Dual Brush Pen Purple,Rp20.900,20900.0
alat-tulis,Gema Insani Buku Aktivitas Siap Masuk SD,Rp26.400,26400.0
alat-tulis,PROMO BACK TO SCHOOL MARKER EK-500S & TINTA REFILL ESK-50S BTS-1,Rp38.675,38675.0
alat-tulis,STABILO BOSS ORIGINAL Lavender / Highlighter Warna Ungu,Rp15.200,15200.0
alat-tulis,Joyko - Pensil Kayu Hitam 2B P-8136 - Lusin,Rp21.150,21150.0
alat-tulis,LANGUO FLOWERS GIRLS Silicone Pencil Case LG-30273,Rp45.900,45900.0
alat-tulis,Fujikura Fiber Holder FH-60-900 (coating dia. 900μm),Rp5.400.000,5400000.0
alat-tulis,Pensil Pearl 2B Joyko [P-108/12 pcs] / Alat Tulis Ujian Komputer / Pencil Gambar Menulis [1 Pack] Kayu Stationery,Rp21.500,21500.0
alat-tulis,GREEBEL ERASER GBF 221820 BLISTER (2 PCS/SET)/Penghapus/Hapusan/Setip,Rp10.950,10950.0
alat-tulis,"Pensil Mekanik Faber Castell Auto Click Set 0.5mm - Mechanical Pencil AutoClick Faber-Castell 0,5 mm",Rp31.221,31221.0
alat-tulis,ARTLINE Spidol Permanent Marker EK-100,Rp40.700,40700.0
alat-tulis,Aksesoren Pulpen Joyko GP-437 [ 1 Pack / 12 Pcs] / Ballpoint Gel Retractable Cetrek Soft Grip / Alat Perlengkapan Tulis Sekolah,Rp76.500,76500.0
alat-tulis,GREEBEL PULPEN GEL/ Genara Gp-508 0.5 Biru (3PCS/SET) / Ballpoint Bolpen Bolpoin Pena Gel,Rp16.050,16050.0
alat-tulis,SNOWMAN BALLPOINT V-2 HITAM 12 PCS,Rp80.240,80240.0
alat-tulis,ZEBRA PULPEN PAKET HEMAT - PICCOLO SERIES,Rp67.500,67500.0
alat-tulis,Pensil Komputer Gambar Kayu 2B Joyko P-91 - Drawing Pencil Murah,Rp1.277,1277.0
alat-tulis,Refill Pulpen Snowman MR-7 XF - Isi Bolpen Snowman MR-7 XF,Rp1.698,1698.0
alat-tulis,Spidol Papan Tulis White Board Joyko Permanent [PM-17/1 Pcs] / Sepidol,Rp5.500,5500.0
alat-tulis,GREEBEL PULPEN GEL / GEL PEN Ornate GP-505 0.5 Tinta Hitam (1 PCS) / Ballpen Gel Ballpoint Bolpen Bolpoin Pena Gel,Rp6.700,6700.0
alat-tulis,GREEBEL Pulpen Ballpen / Riter 0.5 Blue (1PCS) / Ballpoint Bolpen Bolpoin Pena Gel,Rp4.200,4200.0
alat-tulis,ZRM ER-01 Penghapus Karet Pensil Dust Free / Eraser Putih Besar,Rp2.100,2100.0
alat-tulis,"Refill Pulpen Gel Joyko GPR-203 0.5mm - Isi Bolpen Pena Gel Hitam 0,5 mm",Rp1.288,1288.0
alat-tulis,Pensil Bensia 602-7 (kuromi) (pcs) Sekolah Stationery,Rp5.055,5055.0
alat-tulis,Penanda Berwarna Highlighter Joyko HL-72FRN ~ 72PTL 6 Warna,Rp28.400,28400.0
alat-tulis,STUDY SET - CD808 6 in 1 Stationery,Rp6.305,6305.0
alat-tulis,Faster Bundling Faster FA6 + Faster C8000 + 1 pc Faster P70 hitam,Rp53.762,53762.0
alat-tulis,Spidol Permanent Snowman AG-12 - Snowman Permanen Marker AG12,Rp6.997,6997.0
alat-tulis,Deli Pita Koreksi / Correction Tape 6meter Daya Rekat Kuat E8110A Hijau Stationery Transparan Merah,Rp9.900,9900.0
alat-tulis,Faber-Castell Textliner Highlighter Pastel Series 46,Rp13.600,13600.0
alat-tulis,Pensil 2B + Penghapus Joyko [P-88ER/1 Pack] / Joyko Eraser Pencil 12 Pcs / Pinsil Gambar 1 Pak Untuk Ujian Komputer / Pengsil For Computer / Perlengkapan Sekolah / Alat Tulis Sekolah,Rp17.500,17500.0
alat-tulis,Pen Holder untuk Lenovo Digital Pen,Rp150.000,150000.0
alat-tulis,Isi Ulang Pensil Bensia Refill Pensil Bensia ZC201 Isi Refill Bensia Warna Warni / PB EDUKASI ANAK - PBNB,Rp5.450,5450.0
alat-tulis,Penggaris Panjang Besi 40 Centimeter Stainless Steel Ruler 16 Inchi Kuat / PB EDUKASI ANAK - PBNB,Rp12.200,12200.0
alat-tulis,AKUSA Bundle 4pcs Buku Gambar Anak A4 Drawing Book Buku Menggambar Mewarnai Anak Sekolah BG009,Rp37.990,37990.0
alat-tulis,Monake German Penggaris Siku L 20CM-60CM Steel Angle Ruler Tukan Steel Square Try Square Right-angle Ruler,Rp26.090,26090.0
alat-tulis,Monake German Penggaris Siku L 20cm-60cm Steel Angle Ruler Tukan Steel Square Try Square Right-angle Ruler,Rp26.090,26090.0
alat-tulis,"Label Pencetakan Luminous Lem Niimbot D11/D110/D101/H1S, kertas label yang bersinar di kegelapan, dengan karakteristik tahan air, tahan minyak, dan tahan gores.",Rp129.000,129000.0
alat-tulis,BUTTERFLY - Correction Tape BC-80 Tip-Ex 8 Mtr - Pcs,Rp8.100,8100.0
alat-tulis,Faber-Castell PITT Pastel Pencil 24 Tin,Rp1.058.900,1058900.0
alat-tulis,Ringke Stand Slot Card Holder Tempat Kartu Universal,Rp225.000,225000.0
alat-tulis,Ezren TE-808 Kaca Pembesar LED 3 Color Warna Lampu Univesal Clamp,Rp611.084,611084.0
alat-tulis,Maries Paper Handle Charcoal Pencil C7350 Sketch Pensil Kayu Sketsa,Rp5.769,5769.0
alat-tulis,ESTUDEE KURIKKU COLOR PEN BLUE 02 ES-CP619,Rp8.900,8900.0
alat-tulis,Faber Pencil 9000 2B/Pcs 117102,Rp7.000,7000.0
alat-tulis,Zebra - Bolpoin 4 Pen In 1 Warna Blue Barel,Rp17.000,17000.0
alat-tulis,Standard Ballpoint R6 Fine Black/6 Pcs,Rp53.500,53500.0
alat-tulis,Penggaris Lingkaran Maped Circle Template Ruler,Rp47.000,47000.0
alat-tulis,Penggaris Panjang Plastik Joyko Stainless Steel Ruler 15 cm RL-P15,Rp1.900,1900.0
alat-tulis,Pensil Mekanik Estudee Riku Mech.Pencil Shakeshake 0.5Mm Black,Rp14.900,14900.0
alat-tulis,ESTUDEE CHIIKU GELPEN 0.5 BLUE EGP-26,Rp8.500,8500.0
alat-tulis,STABILO BOSS Pastel Cloudy Blue / Highlighter Original Warna Biru Langit - 208085126,Rp16.500,16500.0
alat-tulis,Kotak Pensil Tempat Pensil Pencil Case Button Daiichi Popular DPO,Rp9.680,9680.0
alat-tulis,Faber-Castell Pensil Warna Cat Air Watercolour Pencils Special Edition set 60 dan 100,Rp675.000,675000.0
alat-tulis,Ancol Paket | Pensil Topper dan Magnet Karakter | Official Merchandise Rubber Stationery,Rp44.100,44100.0
alat-tulis,Penghapus Pensil Joyko Hitam Eraser 526 B40BL Kecil Mini Warna Warni Murah Harga Satuan ATK,Rp2.850,2850.0
alat-tulis,Deli Set Alat Tulis Kantor ATK / Stationary Set Paket Hemat Super Lengkap E38253 Hitam Metal Pen Penghapus,Rp89.000,89000.0
alat-tulis,Bolpoin Pilot Bptp Tinta Warna Hitam 1 PCS Pulpen Anti Kering Macet Harga Satuan Alat Tulis Sekolah Kantor ATK,Rp4.275,4275.0
alat-tulis,Vixplorn Tas Pensil Capybara / Kotak Pensil Lucu /Tempat Pensil Alat Tulis Mewah / Tas Pensil Kapasitas Besar,Rp49.715,49715.0
alat-tulis,Maped Twist n Flex The Original Penggaris Flexible Ruler 15cm,Rp10.500,10500.0
alat-tulis,Gelly Roll Classic Medium Point,Rp14.800,14800.0
alat-tulis,KENKO CORRECTION PEN KE 823 TIPE X TIP EX CAIR,Rp10.888,10888.0
alat-tulis,Pilot H-165-SL-L Pensil Mekanik Non-Slip Grip Mechanical Pencil 0.5 mm,Rp22.500,22500.0
alat-tulis,Pulpen / Pen Gel Zebra Sarasa 0.5mm (1pc) - Orange,Rp18.800,18800.0
alat-tulis,BEANABELL Set Human Body Anatomy Model Skeleton Pengenalan Kerangka Tubuh Manusia Anatomi Tubuh Manusia Kedokteran Skeletor Organ,Rp82.450,82450.0
alat-tulis,JOYKO Correction Fluid Cairan Koreksi Penghapus Cair CF-S241 7ml,Rp4.900,4900.0
alat-tulis,FABER CASTELL - Pensil Tulis Komputer Ujian 2B FB-9000 - Pcs,Rp7.500,7500.0
alat-tulis,Bantex Ballpoint / Pulpen Pena 0.7 mm Tinta Black Viskositas Rendah Soft Rubber Grip BG6102,Rp9.000,9000.0
alat-tulis,Bantex Pulpen Gel Pen 0.5 mm Isi Tinta 4X Lebih Banyak (1 Pack Isi 3 Pcs) BG1014,Rp10.000,10000.0
alat-tulis,Standard - MP Eclair 0.5 ( Mekanik Pencil / Pensil ),Rp31.500,31500.0
alat-tulis,Standard - Pulpen Funzzy 0.5 ( Alat Tulis / Pen / Ballpoint / Pena ),Rp36.000,36000.0
alat-tulis,Standard - Pulpen Blive Gel 0.7 ( Alat Tulis / Pen / Ballpoint / Pena ),Rp61.110,61110.0
alat-tulis,Standard - Pulpen AE7 C88 0.5 ( Alat Tulis / Pen / Ballpoint / Pena ),Rp24.000,24000.0
alat-tulis,Standard - Pulpen P5 0.7 ( Alat Tulis / Pen / Ballpoint / Pena ),Rp47.040,47040.0
alat-tulis,Penghapus Joyko Kecil satuan Eraser 526 B40P B40BL 690047 Stip ATK0755JY,Rp3.888,3888.0
alat-tulis,REFILL FASTER C6 tinta BIRU HITAM isi ulang ballpoin balpen polpen tanpa body pulpen black blue ink ATK1592FS,Rp6.488,6488.0
alat-tulis,ATK0742TW GOLD 0.5mm Pensil Mekanik Tombow Mono Graph DP132H,Rp97.899,97899.0
alat-tulis,ATK0561FC SATUAN pensil B HB Faber Drawing Pencil sketsa drafting,Rp12.880,12880.0
alat-tulis,ATK0754JY Hitam EB-30 Penghapus Joyko Eraser 090069 Stip,Rp5.888,5888.0
alat-tulis,"Pulpen KOKORO BIRU Zebra Gel Pen Pulpen 0.5 Balpoint Pena Ballpoint 0,5 jel pen murah blue ATK0807K",Rp12.550,12550.0
alat-tulis,Refill pulpen gel Kenko KE series bs utk Easy gel win jeller ATK1123KN,Rp4.150,4150.0
alat-tulis,REFILL 4.2mm CT-CR4 Tip Ex Tombow Correction Pen isi ulang ATK1227TW,Rp25.350,25350.0
alat-tulis,Dark Grey 0.5 Fine Line Drawing Pen 230787 PIN 05-200 UNI ATK0936UN,Rp42.500,42500.0
alat-tulis,REFILL utk GP-320 JOYKO GPR-267 0.5 hitam tinta isi ulang GP ATK0970JY,Rp3.980,3980.0
alat-tulis,"ATK0322SR RJF5-R MERAH 0.5 mm isi pen sarasa refill zebra JF 0,5 red",Rp19.550,19550.0
alat-tulis,Faber-Castell Junior Triangular Blacklead Pencil Set 3,Rp17.100,17100.0
alat-tulis,Tinta Refill BROTHER BT5000Y Original Ink Refill Bottle - Yellow,Rp133.000,133000.0
alat-tulis,Colour Magnet Whiteboard Joyko MN-2 - Magnet Kecil Kulkas Papan Tulis,Rp16.329,16329.0
alat-tulis,Correction Tape Tip X - Tip Ex Kertas Roll Inyan Hello Bear,Rp11.227,11227.0
alat-tulis,ZEBRA Pensil Mekanik Delguard Active Color,Rp88.800,88800.0
alat-tulis,Penghapus Pensil Joyko Pastel Color ER-149 Pencil Eraser Free Isi Refill,Rp11.913,11913.0
alat-tulis,Isi Ulang Pulpen Joyko [GPR200/24 pcs] / Tinta Refill Ballpoint Pena Pen [1 pack] Bolpen Hitam,Rp36.500,36500.0
alat-tulis,GREEBEL Pensil kayu 2B 7041 Navy Pencil (12PCS/SET) / Pensil Tulis Navy Graphite Ujian sekolah Pensil Gambar,Rp25.850,25850.0
alat-tulis,Fujikura Battery BTR-09A | Baterai untuk Splicer Fujikura 70S/70S+/61S/62S,Rp7.000.000,7000000.0
alat-tulis,Aksesoren Pulpen Gel Joyko JK-100SN [1 Pack/12 Pcs] / Ballpoint 1 Pak / Perlengkapan Alat Tulis Sekolah / Ball Pen Bolpen Polpen Biru Kantor,Rp32.900,32900.0
alat-tulis,STABILO Set 7 - Blue Shades point 88,Rp84.000,84000.0
alat-tulis,Spidol Papan Tulis White Board Marker Snowman AG12 [Permanen] / Whiteboard Permanent AG-12,Rp10.500,10500.0
alat-tulis,GREEBEL Correction Pen Cair Tip Ex / GBC 120717 (PCS) Stipo Tip-Ex,Rp10.700,10700.0
alat-tulis,GREEBEL SHARPENER 102 BLISTER (3 PCS/SET) / Rautan Anak Serutan Lancip,Rp12.550,12550.0
alat-tulis,Spidol Kecil Snowman PW-1A - Snowman Marker PW-1A,Rp1.752,1752.0
alat-tulis,Pulpen Gel Kokoro Zebra [1 Pcs] / Ballpoint Pena Ball Pen Bolpen,Rp9.750,9750.0
alat-tulis,Vixplorn Tempat Pensil Bunga Gaya Korea/Kotak Alat Tulis Siswa Lucu/Kotak Pensil Kanvas Kapasitas Besar/Kotak Pensil Bunga Vintage,Rp32.625,32625.0
alat-tulis,Deli I-Select Spidol Warna Serbaguna Felt Pen 12/18/24 Warna UC150,Rp8.900,8900.0
alat-tulis,PELNA - Pulpen Ballpoint 77 0.7 Hitam - Biru - Pcs,Rp4.150,4150.0
alat-tulis,Ikat Pinggang Pramuka / Sabuk Pramuka / Perlengkapan Pramuka / Atribut Pramuka,Rp8.900,8900.0
alat-tulis,[Special Package Spongebob] Deli Stationery Package Rautan/Pensil Warna/Gunting/Penghapus/Gelpen Iconic/Binder A5 Alat Biru,Rp148.000,148000.0
alat-tulis,Ezren TE-803 Kaca Pembesar Dudukan Stasiun Magnifier LED Light Clamp,Rp295.506,295506.0
alat-tulis,Lem Kayu Anti Lembab UHU Wood 27 ml,Rp64.700,64700.0
alat-tulis,STABILO Set 10 - Pen 68 Brown Black Green / Hitam Abu Cokelat,Rp130.000,130000.0
alat-tulis,STABILO Pen 68 Fluorescent Pink 1 pcs / Highlighter Pen / Marker,Rp12.350,12350.0
alat-tulis,BUTTERFLY Jangka Alat Pembuat Lingkaran BT-M200 Per Pcs,Rp12.750,12750.0
alat-tulis,KENKO - Pencil 2B - 6019 Antibacterial - Lusin,Rp15.000,15000.0
alat-tulis,ARTLINE Writing Pens EK-220,Rp13.320,13320.0
alat-tulis,STABILO SET 3 - BOSS Original Pastel Highlighter Lavender Orange Peach,Rp44.160,44160.0
alat-tulis,"Color Gel Pen Joyko Premium Colors Set GPC-299 0.5mm - Pulpen Pena Bolpen Warna 0,5 mm",Rp31.648,31648.0
alat-tulis,GUNDAM MARKER 2 in 1 GM01 GM02 - Extra thin Ori Japan,Rp86.000,86000.0
alat-tulis,Pencil Case ColorNest Custom Nama | Naimax kids Pencil Case Anak Karakter,Rp55.000,55000.0
alat-tulis,Faber-Castell Grip X Green Pantone set 6,Rp38.800,38800.0
alat-tulis,Bambi Tempat Pensil Tipe Pencil Case Edisi Sigma Brown Original,Rp34.595,34595.0
alat-tulis,HIGHLIGHTER BX-731 KARAKTER CUTE CAPYBARA (1set 6pcs) Stationery,Rp16.055,16055.0
alat-tulis,Mal Cetakan Bentuk Butterfly BT-9350 - Penggaris Teknik Template Mall Sablon,Rp10.123,10123.0
alat-tulis,Deli x ShinChan Sliding Eraser Penghapus Mekanik Lucu Tidak Meninggalkan Serpihan LB904,Rp16.900,16900.0
alat-tulis,Bambi Pencil Box COOL KID Simpel dan Praktis – TD0004,Rp23.800,23800.0
alat-tulis,ARTLINE Pensil Mekanik / Mechanical Pencil EK-7050,Rp16.000,16000.0
alat-tulis,Pulpen / Pen Gel Zebra Sarasa 0.5mm (1pc) - Orange,Rp18.800,18800.0
alat-tulis,FABER CASTELL PENGHAPUS DUST FREE KODE 18 72 30,Rp5.888,5888.0
alat-tulis,KENKO CORRECTION TAPE CT 634N 8 M X 5 MM,Rp10.888,10888.0
alat-tulis,Joyko Permanent Marker Spidol Permanen PM-17 18 19 Round Tip Satuan,Rp5.000,5000.0
alat-tulis,FASTER C6 0.7 WARNA BIRU BOLPEN,Rp5.888,5888.0
alat-tulis,GREEBEL Tempat Pensil Motif Karakter Hewan Lucu Warna Warni Kotak Pencil Case PB 0305-46,Rp39.950,39950.0
alat-tulis,GREEBEL Penghapus Hapusan Eraser (BLACK GBB-140930) / Penghapus Pensil / Setip,Rp3.900,3900.0
alat-tulis,Penghapus Pensil Kecil Faber Castell [40 pcs/1 pack] / Stip 2B Eraser,Rp107.000,107000.0
alat-tulis,Penghapus Papan Tulis Whiteboard Gunindo / Hapusan Kaca Eraser Spidol,Rp11.500,11500.0
alat-tulis,"Pensil Mekanik Faber Castell Econ 0.7mm - Mechanical Pencil Faber-Castell 0,7",Rp17.583,17583.0
alat-tulis,GREEBEL PULPEN GEL / GEL PEN Zircon GP-509 0.5 Tinta Merah (12PCS/SET) / Ballpen Gel Ballpoint Bolpen Bolpoin Pena Gel,Rp43.550,43550.0
alat-tulis,True Gel ballpoint Light blue Orange and violet,Rp40.600,40600.0
alat-tulis,GREEBEL Pulpen Gel / Flux 0.5 GP-517 (12PCS/SET) / Ballpoint Bolpen Bolpoin Pena Gel,Rp44.650,44650.0
alat-tulis,Pulpen Lilin Nevada 923 ST [1 Pak] / Pena Murah Bolpoin Bolpen 1 Pack,Rp10.500,10500.0
alat-tulis,GREEBEL POUCH 0221-18 BAG /Tempat Pensil/Kotak Pencil Pen anak lucu cute warna warni / Penyimpanan Alat Tulis,Rp41.050,41050.0
alat-tulis,Faber-Castell Grip Brush Kuas Set 4 Colours,Rp45.900,45900.0
alat-tulis,BUTTERFLY - Jangka Penggaris Lengkap Plus Pensil Kayu SS 02 - Set,Rp43.600,43600.0
alat-tulis,Spidol Papan Tulis White Board Marker Snowman AG12 [Permanen] / Whiteboard Permanent AG-12,Rp10.500,10500.0
alat-tulis,GREEBEL Correction Pen Cair Tip Ex / GBC 120717 (PCS) Stipo Tip-Ex,Rp10.700,10700.0
alat-tulis,JOYKO 5 in 1 Bundling Paket Kado Lebaran Anak 1 Pc Tas Dokumen + 1 Set Highlighter + 1 Set Pulpen Gel + 1 Pc Buku Tulis + 1 Pc Pita Koreksi,Rp65.700,65700.0
alat-tulis,"Pulpen Joyko Vocus BP-338 0.7mm - Bolpen Pena Ball Pen Hitam 0,7 mm",Rp1.891,1891.0
alat-tulis,Penggaris Akrilik 15cm Joyko RL-302 - Acrylic Ruler 15 cm,Rp7.840,7840.0
alat-tulis,SDI 0133 Serutan / Rautan Pensil Kayu Kecil 2 Lubang,Rp10.850,10850.0
alat-tulis,Correction Fluid Cairan Koreksi Penghapus Cair Joyko CF-S205PT,Rp5.700,5700.0
alat-tulis,ZRM ZR-4S Penggaris Set 4 Pcs / Ruler Set,Rp8.550,8550.0
alat-tulis,Spidol Kecil Snowman PW-1A - Snowman Marker PW-1A,Rp1.752,1752.0
alat-tulis,Pulpen Gel Kokoro Zebra [1 Pcs] / Ballpoint Pena Ball Pen Bolpen,Rp9.750,9750.0
alat-tulis,GREEBEL SHARPENER 102 BLISTER (3 PCS/SET) / Rautan Anak Serutan Lancip,Rp12.550,12550.0
alat-tulis,"Pulpen Pic-Colors Semi Gel Ink Zebra 0.7mm - Pulpen Hitam Piccolo 0,7",Rp2.374,2374.0
alat-tulis,MACS Hybrid Gel Pen HG 100 - Red ( Pulpen / Pena / Ballpoint ),Rp8.000,8000.0
alat-tulis,"Pulpen Gel Joyko Erasable Shokyo 6 GP-333 0.5mm - Bolpen Pena Pen Hitam Bisa Dihapus 0,5 mm",Rp3.787,3787.0
alat-tulis,Pin Topi Pramuka [Laki-laki/Peremuan] / Bros Topi Pramuka Penggalang Penegak Siaga / Aksesoris Pramuka / Perlengkapan Pramuka / Aksesoris Topi Gold Clips,Rp2.900,2900.0
alat-tulis,GREEBEL Eraser Stip Hapusan Karakter Batman (1PCS) - Penghapus Pensil GBBM-B40,Rp3.800,3800.0
alat-tulis,Maped Black Peps Long Life 0.7 Pink,Rp4.600,4600.0
alat-tulis,Joyko - Correction Tape Varian CT-581 Pastel - Pcs,Rp8.700,8700.0
alat-tulis,Ezren TE-803 Kaca Pembesar Dudukan Stasiun Magnifier LED Light Clamp,Rp295.506,295506.0
alat-tulis,Lem Kayu Anti Lembab UHU Wood 27 ml,Rp64.700,64700.0
alat-tulis,STABILO Set 10 - Pen 68 Brown Black Green / Hitam Abu Cokelat,Rp130.000,130000.0
alat-tulis,Deli School Gel Pen / Pulpen Gel 0.5 mm 6 Warna Retracable Gratis Sticker Lucu EG118-6C Merah Plastik,Rp28.900,28900.0
alat-tulis,STABILO BOSS ORIGINAL Deskset 23's - Limited Edition / Highlighter,Rp369.750,369750.0
alat-tulis,Micropack Wireless Presenter Pointer Lite - Green Laser - 200 Meter Laser Range - Multimedia Buttons - Rechargeable - WPM-09G - SFI Group,Rp449.100,449100.0
alat-tulis,PELNA - Pulpen Ballpoint 77 0.7 Hitam - Biru - Pcs,Rp4.150,4150.0
alat-tulis,Ikat Pinggang Pramuka / Sabuk Pramuka / Perlengkapan Pramuka / Atribut Pramuka,Rp8.900,8900.0
alat-tulis,[Special Package Spongebob] Deli Stationery Package Rautan/Pensil Warna/Gunting/Penghapus/Gelpen Iconic/Binder A5 Alat Biru,Rp148.000,148000.0
alat-tulis,Kenko Gel Pen K-1 Set 2 R0115,Rp21.000,21000.0
alat-tulis,Poster Peraga Pendidikan Anggota Tubuh,Rp49.000,49000.0
alat-tulis,Zebra Refill Ballpoint Jk 0.7 Black,Rp23.500,23500.0
alat-tulis,Pulpen Gel Zebra Kokoro 0.5Mm Mix Set 10Pcs,Rp85.500,85500.0
alat-tulis,Gramedia Estudee Buku Tulis K Kwarto 38 Capybara Isi 6,Rp30.000,30000.0
alat-tulis,Zebra Sarasa Clip 0.5 Blue,Rp23.800,23800.0
alat-tulis,"Standard B`Gel Boldliner Pro 1,0 Blue",Rp32.000,32000.0
alat-tulis,Gelpen Estudee Maru 0.5 Black Ink - Pink Egp-435,Rp9.800,9800.0
alat-tulis,Estudee Graphic Ruler 20Cm Red Es-R020,Rp8.800,8800.0
alat-tulis,ESTUDEE CHIIKU GELPEN 0.5 RED EGP-26,Rp8.500,8500.0
alat-tulis,ESTUDEE CHIIKU GELPEN 0.5 BROWN EGP-26,Rp8.500,8500.0
alat-tulis,Estudee Push & Pull Eraser Refill ES-H258R Green,Rp8.200,8200.0
alat-tulis,Snowman Permanent Marker Set 2 R0819,Rp23.900,23900.0
alat-tulis,Mbw Corr Tap Correction Tape,Rp11.400,11400.0
alat-tulis,TRG Stainless Steel Ruler Set Pastel Color 15cm RLS-401 - Paket Penggaris Besi Matematika Busur Derajat Siku Mistar 15 cm TRG,Rp14.132,14132.0
alat-tulis,Sign Pen Pentel Rs3 Silver,Rp125.000,125000.0
alat-tulis,GREEBEL Eraser Stip Hapusan GBW-120620L (PCS) Penghapus Pensil,Rp5.200,5200.0
alat-tulis,Cartoon Pencil Case Lucu Tempat Pensil kotak 3D Karakter Kotak Pensil Anak Sekolah Tempat Pensil Alat Tulis,Rp50.427,50427.0
alat-tulis,Pencil Case Custom Nama | Naimax kids Pencil Case Medium Anak Karakter Celsiea Alat Pensil,Rp150.000,150000.0
alat-tulis,Gulalibooks Spidol Tulis-Hapus Anak Whiteboard Marker Mini 3 Warna Hitam Biru Merah untuk Buku Wipe Clean Aman Non-Toxic,Rp24.900,24900.0
alat-tulis,BAOKE Pulpen Gel PC5108 Retractable Tinta Hitam 0.5mm Bullet Tip Alat Tulis Sekolah Kantor Rumah dengan Klip,Rp24.000,24000.0
alat-tulis,Pulpen / Pen Gel Zebra Sarasa 0.5mm (1pc) - Orange,Rp18.800,18800.0
alat-tulis,FABER CASTELL PENGHAPUS DUST FREE KODE 18 72 30,Rp5.888,5888.0
alat-tulis,KENKO CORRECTION TAPE CT 634N 8 M X 5 MM,Rp10.888,10888.0
alat-tulis,Joyko Permanent Marker Spidol Permanen PM-17 18 19 Round Tip Satuan,Rp5.000,5000.0
alat-tulis,FASTER C6 0.7 WARNA BIRU BOLPEN,Rp5.888,5888.0
alat-tulis,Belajar Tulis Huruf Hijaiyah - Tulis Hapus (Pustaka Hulwah x Ihsan Kids),Rp65.000,65000.0
alat-tulis,Faber-Castell Crayon Hexagonal Oil Pastel Dino Version,Rp205.900,205900.0
alat-tulis,ZRM ZK-100 Gel Pen / Pulpen / Pena 0.5mm,Rp2.200,2200.0
alat-tulis,Faber Pencil 9000 H 117111,Rp7.000,7000.0
alat-tulis,ATK0554SR 3+S Pulpen 0.5 + Pensil 0.5 JK Sarasa Pulpen 3S Zebra SJ3,Rp97.550,97550.0
alat-tulis,ATK0854UN MERAH UNI 0.1 Fine Line Drawing Pen 915226 PIN 01-200 Pulpen,Rp42.500,42500.0
alat-tulis,Correction Fluid Cairan Koreksi Penghapus Cair Joyko CF-P237,Rp3.700,3700.0
alat-tulis,Deli Tas Sekolah / School Backpack Pink - Biru BB101 Kulit Karakter,Rp215.000,215000.0
alat-tulis,Bosch Laser Range Finder / Pengukur Jarak Laser GLM 100-25 C,Rp5.699.900,5699900.0
alat-tulis,"ZEBRA HIGHLIGHTER MILDLINER SANRIO - Alat Tulis Sekolah Kuliah Kantor - Karakter Pompompurin, Pochacco, Kuromi, Cinnamoroll, Dan Hangyodon",Rp36.000,36000.0
alat-tulis,"BUY 3 GET 4 Zebra Paket Zebra Sarasa Best Seller Sarasa Clip 0.5 Black , Blue , Refill JF 1.0 Black free 1 pcs Sarasa Clip 0.5 Blue Black",Rp76.950,76950.0
alat-tulis,Standard - Pulpen Lexion LX-303 ( Alat Tulis / Pen / Ballpoint / Pena ) Stick,Rp52.920,52920.0
alat-tulis,Standard - Funzzy Pencase Polkadot ( Tempat Pensil / Pencil Case / Tempat Alat Tulis ),Rp28.500,28500.0
alat-tulis,Standard - Pulpen F2 0.7 ( Alat Tulis / Pen / Ballpoint / Pena ),Rp72.944,72944.0
alat-tulis,Standard - Pulpen BGel 0.5 ( Alat Tulis / Pen / Ballpoint / Pena ),Rp58.310,58310.0
alat-tulis,Standard - Pulpen Boldliner Solid 0.8 Isi 3 Pcs ( Alat Tulis / Pen / Ballpoint / Pena ),Rp58.800,58800.0
alat-tulis,Memo Tempel Sticky Notes 3M 654 - Kertas Stick Note Pad Post It 3M,Rp17.319,17319.0
alat-tulis,STABILO Swing Cool Red / Highlighter Warna Merah Original,Rp14.250,14250.0
alat-tulis,STABILO Pen 68 Violet 1 pcs / Highlighter Pen / Marker / Ungu,Rp12.350,12350.0
alat-tulis,STABILO Point 88 Green 1pcs / Fineliner / Pen Warna Hijau,Rp11.400,11400.0
alat-tulis,STABILO Point 88 Purple Isi 1 pcs / Fineliner / Pen Warna Ungu,Rp11.400,11400.0
alat-tulis,STABILO Point 88 Neon Yellow Isi 1 pcs / Fineliner / Pen Warna Kuning,Rp11.400,11400.0
alat-tulis,STABILO Swing Cool Turquoise / Highlighter Warna Biru Muda Original /,Rp14.250,14250.0
alat-tulis,STABILO Point 88 Light Blue Isi 1 pcs / Fineliner / Pen Warna Biru,Rp12.000,12000.0
alat-tulis,"Refill Isi Pensil Mekanik Rotring B 0.7mm - Pencil Lead B 0,7 mm",Rp11.994,11994.0
alat-tulis,Highlighter Set Joyko HL-77-6 - Penanda Berwarna Joyko Pastel Color,Rp39.793,39793.0
alat-tulis,"Tombow P-Fit White body Transparent Clip, Pulpen",Rp36.800,36800.0
alat-tulis,ARTLINE Refill Ink For Xstamper 10ml QPTLR-10,Rp42.000,42000.0
alat-tulis,Deli x CapyPets 2 in 1 Pencil Sharpener Eraser Rautan Pensil Penghapus Capybara BL116,Rp27.900,27900.0
alat-tulis,STABILO Set 8 - Pen 68 Green Orange Pink Purple Blue / hijau biru ungu,Rp104.000,104000.0
alat-tulis,Faber-Castell Colour Pencil Dino,Rp42.400,42400.0
alat-tulis,KENKO - Pulpen Easy Gel 0.5 mm - Lusin,Rp35.700,35700.0
alat-tulis,JOYKO - Pulpen Gel Pen GP-243 Whiz Gel Blue - Lusin,Rp39.500,39500.0
alat-tulis,SNOWMAN - Refill Pulpen V3 Pen gel 0.5mm - Pack,Rp19.200,19200.0
alat-tulis,Pulpen Jel Joyko JK-100NT 1 Pack / Ballpoint Gel 1 Pack / Pena 1 Lusin,Rp38.500,38500.0
alat-tulis,Pensil 2B Sekolah 1 Pack / Alat Tulis / Pinsil Sekolah / Pencil M2000,Rp11.150,11150.0
alat-tulis,ABT Dual Brush Pen Pale Yellow,Rp20.900,20900.0
alat-tulis,CRAYOLA 10ct Marker Broad Line 24P,Rp69.231,69231.0
alat-tulis,"Pensil Mekanik Pilot Progrex H-123 H-125 H-127 0.3mm 0.5mm 0.7mm - Mechanical Pencil Pilot 0,3 0,5 0,7 mm",Rp13.975,13975.0
alat-tulis,FABER CASTELL Twist Correction Tape 6m x 5mm Free Refill - Per Pcs,Rp28.300,28300.0
alat-tulis,PARKO Pulpen Ballpen / Q-Max 0.5 Hitam (12PCS/SET) / Ballpoint Bolpen Bolpoin Pena Gel,Rp26.900,26900.0
alat-tulis,Dialogue Baby Sweater Anak Set Premium Series - DFB0077 DFB0078 DFB0079 DFB0080,Rp131.400,131400.0
alat-tulis,"Faber-Castell Arte Gel Ballpoint Pen 0,5",Rp21.200,21200.0
alat-tulis,ARTLINE Spidol Whiteboard Marker EK-500S 12pcs/ 1 lusin,Rp146.525,146525.0
alat-tulis,NEPTO LENSA MICROSCOPE 0.7X WD120 ORIGINAL,Rp144.999,144999.0
alat-tulis,"Pencil Case size besar / Tempat Pensil Disney Princess Belle, Cinderella, Ariel, Snow White - Hologram",Rp100.030,100030.0
alat-tulis,Tempat pensil Frozen Size Besar,Rp103.530,103530.0
alat-tulis,MAPED TECHNIC EXPERT ERASER MINI,Rp8.000,8000.0
alat-tulis,Daiso Mechanical Pencil With Rubber Grip -0.7mm - 0.03 - 10 Lead Refills-,Rp33.000,33000.0
alat-tulis,1 Pcs BIG Penghapus / Eraser Pensil Warna Warni Colour Kecil Dust Free ER-9403,Rp1.400,1400.0
alat-tulis,1 Pcs BIG Penghapus Pensil Premium Warna Warni Panjang Dust Free ER-9323,Rp2.000,2000.0
alat-tulis,STABILO Swing Cool Pastel Lilac Haze / Highlighter Warna Ungu Muda,Rp14.250,14250.0
alat-tulis,STABILO Swing Cool / Mix Colors / Highlighter,Rp14.250,14250.0
alat-tulis,Deli Ballpoint Pen / Pulpen Bolpoin Mini Tip 0.7mm Isi 1pcs Penulisan Halus EQ107C,Rp80.000,80000.0
alat-tulis,Maped Jangka Kidz 360 Plastic Holder On Blister Card,Rp42.500,42500.0
alat-tulis,JOYKO Rautan Serutan Sharpener B-183,Rp2.200,2200.0
alat-tulis,SDI ECT-105R i-Pulo Correction Tape Refill / Isi Tip-ex Pita,Rp21.350,21350.0
alat-tulis,LEMBAR BELAJAR Poster Edukasi Aesthetic - Poster Belajar Seri Aestetik,Rp10.000,10000.0
alat-tulis,Pensil Animal Kingdom 2 2B Joyko [P-101/12 pcs] / Alat Tulis Ujian Komputer / Pencil Gambar Menulis Kayu Stationery,Rp23.500,23500.0
alat-tulis,Kotak Tempat Pensil Alat Tulis Joyko PC-0719PL-38 Natural Color Pencil Case,Rp7.942,7942.0
alat-tulis,SNOWMAN BOARD MARKER BG12 BIRU SPIDOL PAPAN TULIS,Rp13.888,13888.0
alat-tulis,Pentel Super Soft Eraser ZESE - 03IDPenghapus Pensil Pentel Original,Rp4.500,4500.0
alat-tulis,KENKO CORRECTION PEN KE 823 TIPE X TIP EX CAIR,Rp10.888,10888.0
alat-tulis,FASTER C600 0.7 WARNA BIRU BOLPEN,Rp5.888,5888.0
alat-tulis,STANDARD AE7 0.5 WARNA BIRU BOLPEN ISI 12 PCS,Rp30.888,30888.0
alat-tulis,Deli x Butterbear Kotak Pensil Boneka Beruang / Bear Pencil Pouch HY704,Rp177.000,177000.0
alat-tulis,LEMBAR BELAJAR Poster Edukasi Anti Kekerasan Bullying Perundungan - Poster Hiasan Kelas,Rp7.500,7500.0
alat-tulis,"Pulpen Standard Castello Ice Gel 0.4mm - Bolpen Pena Pen Gel Hitam 0,4 mm",Rp1.974,1974.0
alat-tulis,[Vinnatsu]Kotak Pensil Sekolah Motif Little Flower Perempuan Trendy Pencil Case Vintage Tempat Pensil Motif Bunga,Rp33.385,33385.0
alat-tulis,NIIMBOT D11/D110/D101/H1S Stiker Label Pensil untuk Klasifikasi Pensil dan Penanda Nama Kertas,Rp87.000,87000.0
alat-tulis,"Zebra Pulpen Gel Kokoro Mirai 0,48mm - isi 12 pcs (1 lusin)",Rp86.400,86400.0
alat-tulis,"NIIMBOT N1/B18 Pita Pelabelan Kompatibel, Pita Isi Ulang Pengganti untuk Printer Label Transfer Termal, Pencetakan Terbaca, Tahan Lama, Tidak Luntur, Hingga 16 Meter",Rp87.000,87000.0
alat-tulis,Kotak Tempat Pensil Alat Tulis Joyko PC-0719PL-38 Natural Color Pencil Case,Rp7.942,7942.0
alat-tulis,GUNDAM MARKER 2 in 1 GM301 GM302 - Pour Type Slush Sumi Ire Japan Hitam Abu-Abu set,Rp105.000,105000.0
alat-tulis,Mechanic MCN-0.5X / MCN-0.7X Lensa Peninggi Microscope Mikroscope Auxiliary Objects Lens Microscope Camera Lens For Trinocular Stereo Zoom Microscope Barlow Glass Lens Original,Rp191.200,191200.0
alat-tulis,Penghapus Pensil Warna Deli EH02200 - Dust Free Pencil Eraser,Rp4.625,4625.0
alat-tulis,Pulpen Retractable Pen Estudee Mizu 0.5Mm Blue Set 3Pcs,Rp19.000,19000.0
alat-tulis,Zebra Multifunction Ballpen 4 Pen In 1 (Pink Barrel),Rp17.000,17000.0
alat-tulis,Zebra Sarasa Clip 1.0 Blue,Rp25.000,25000.0
alat-tulis,Penggaris Estudee Flexy Ruler 20Cm,Rp11.500,11500.0
alat-tulis,Standard Boldliner Elite Blue,Rp27.500,27500.0
alat-tulis,Gelpen Estudee Kiro 0.5Mm Black In Black Barrel,Rp8.900,8900.0
alat-tulis,Faber Sharpener With.C 125Lv,Rp8.000,8000.0
alat-tulis,Zebra Sarasa Refill Bp Jf Retr 1.0 Black,Rp19.000,19000.0
alat-tulis,Faber Textliner Yellow 154807,Rp15.500,15500.0
alat-tulis,Faber Fineliner Sky Blue Ink 151244,Rp10.000,10000.0
alat-tulis,Pensil Hb Estudee Graphite Pencil Set 6Pcs,Rp25.000,25000.0
alat-tulis,Estudee Push&Pull Eraser Es-H258 Blue,Rp20.000,20000.0
alat-tulis,Penggaris Estudee Graphic Ruler 15Cm Red,Rp6.900,6900.0
alat-tulis,Pensil 2B Estudee Graphite Pencil Set 6Pcs Pastel,Rp25.200,25200.0
alat-tulis,Deli Correction Tape / Pita Koreksi Tip Ex Kertas 3 in 1 Panjang 36 Meter 71478 Putih Stationery,Rp24.000,24000.0
alat-tulis,STABILO Flash Green / Highlighter Warna Hijau Original Murah,Rp999.000,999000.0
alat-tulis,Whiteboard / Papan Tulis Magnetic SAKANA 120x240 cm (Double Face Kaki),Rp1.710.000,1710000.0
alat-tulis,"Refill Isi Pensil Mekanik Pentel 2B 0.5mm - Mechanical Pencil Lead 0,5 mm",Rp9.947,9947.0
alat-tulis,Papan Pin Board / Soft Board SAKANA Bludru 90x120 cm,Rp578.000,578000.0
alat-tulis,Wakakids Set Alat Tulis Anak Paket Perlengkapan Sekolah 10in1,Rp16.100,16100.0
alat-tulis,Faber-Castell Creative Studio Gold Fabber Pencil Tin OF 24,Rp485.000,485000.0
alat-tulis,Memo Tempel Sticky Notes 3M 654 - Kertas Stick Note Pad Post It 3M,Rp17.319,17319.0
alat-tulis,Set alat tulis 5 in 1 alat tulis set anak sd set pensil anak murah Alat tulis kartun tiga dimensi Set alat tulis yang indah,Rp13.900,13900.0
alat-tulis,Alpaka Nano Ink Mini Bolpoin Pulpen Alat Tulis,Rp319.000,319000.0
alat-tulis,Penghapus Pensil Hitam Besar Faber-Castell 18 79 99 - Pencil Eraser 187999 Faber Castell,Rp15.298,15298.0
alat-tulis,ABT Dual Brush Pen Reflex Blue,Rp20.900,20900.0
alat-tulis,Highlighter Set Joyko HL-77-6 - Penanda Berwarna Joyko Pastel Color,Rp39.793,39793.0
alat-tulis,Tipe X Kertas Pita Koreksi Joyko CT-522-02 Correction Tape Roll Tip X,Rp16.150,16150.0
alat-tulis,Rautan Pensil Putar Karakter Sanrio Bentuk Kotak Stationery,Rp17.000,17000.0
alat-tulis,Deli Spidol Warna / Pigment Liner 6 warna / Pen Clip / Nylon Pen Tip / Pen / Pulpen / Pena / Pena warna / Stabilo SU105 Alat Tulis Stationery,Rp34.900,34900.0
alat-tulis,CRAYOLA 10ct Marker Broad Line 24P,Rp69.231,69231.0
alat-tulis,Pensil 2B Sekolah 1 Pack / Alat Tulis / Pinsil Sekolah / Pencil M2000,Rp11.150,11150.0
alat-tulis,ABT Dual Brush Pen Pale Yellow,Rp20.900,20900.0
alat-tulis,"Pensil Mekanik Pilot Progrex H-123 H-125 H-127 0.3mm 0.5mm 0.7mm - Mechanical Pencil Pilot 0,3 0,5 0,7 mm",Rp13.975,13975.0
alat-tulis,FABER CASTELL Twist Correction Tape 6m x 5mm Free Refill - Per Pcs,Rp28.300,28300.0
alat-tulis,KENKO - Pulpen Easy Gel 0.5 mm - Lusin,Rp35.700,35700.0
alat-tulis,Faber-Castell Colour Pencil Dino,Rp42.400,42400.0
alat-tulis,JOYKO - Pulpen Gel Pen GP-243 Whiz Gel Blue - Lusin,Rp39.500,39500.0
alat-tulis,SNOWMAN - Refill Pulpen V3 Pen gel 0.5mm - Pack,Rp19.200,19200.0
alat-tulis,STABILO Set 8 - Pen 68 Green Orange Pink Purple Blue / hijau biru ungu,Rp104.000,104000.0
alat-tulis,Pulpen Jel Joyko JK-100NT 1 Pack / Ballpoint Gel 1 Pack / Pena 1 Lusin,Rp38.500,38500.0
alat-tulis,ARTLINE Spidol Whiteboard Marker EK-500S 12pcs/ 1 lusin,Rp146.525,146525.0
alat-tulis,Dialogue Baby Sweater Anak Set Premium Series - DFB0077 DFB0078 DFB0079 DFB0080,Rp131.400,131400.0
alat-tulis,"Faber-Castell Arte Gel Ballpoint Pen 0,5",Rp21.200,21200.0
alat-tulis,NEPTO LENSA MICROSCOPE 0.7X WD120 ORIGINAL,Rp144.999,144999.0
alat-tulis,Tempat pensil Frozen Size Besar,Rp103.530,103530.0
alat-tulis,"Pencil Case size besar / Tempat Pensil Disney Princess Belle, Cinderella, Ariel, Snow White - Hologram",Rp100.030,100030.0
alat-tulis,"Lembar Belajar Poster Edukasi Asmaul Husna Nama Nama Allah SWT, Poster Belajar untuk Anak Balita, Paud, TK, SD",Rp7.500,7500.0
alat-tulis,Penggaris Plastik Panjang Butterfly [20 cm] / Mistar Alat Ukur Garisan,Rp4.950,4950.0
alat-tulis,SNOWMAN BOARD MARKER BG12 BIRU SPIDOL PAPAN TULIS,Rp13.888,13888.0
alat-tulis,Pentel Super Soft Eraser ZESE - 03IDPenghapus Pensil Pentel Original,Rp4.500,4500.0
alat-tulis,KENKO CORRECTION PEN KE 823 TIPE X TIP EX CAIR,Rp10.888,10888.0
alat-tulis,FASTER C600 0.7 WARNA BIRU BOLPEN,Rp5.888,5888.0
alat-tulis,STANDARD AE7 0.5 WARNA BIRU BOLPEN ISI 12 PCS,Rp30.888,30888.0
alat-tulis,Pensil 2B Estudee Graphite Pencil Set 6Pcs Pastel,Rp25.200,25200.0
alat-tulis,Zebra Sarasa Refill Bp Jf Retr 1.0 Black,Rp19.000,19000.0
alat-tulis,Faber Textliner Yellow 154807,Rp15.500,15500.0
alat-tulis,Penggaris Estudee Flexy Ruler 20Cm,Rp11.500,11500.0
alat-tulis,Deli Correction Tape / Pita Koreksi Tip Ex Kertas 3 in 1 Panjang 36 Meter 71478 Putih Stationery,Rp24.000,24000.0
alat-tulis,Penghapus Pensil Warna Deli EH02200 - Dust Free Pencil Eraser,Rp4.625,4625.0
alat-tulis,[Vinnatsu]Kotak Pensil Sekolah Motif Little Flower Perempuan Trendy Pencil Case Vintage Tempat Pensil Motif Bunga,Rp33.385,33385.0
alat-tulis,"Zebra Pulpen Gel Kokoro Mirai 0,48mm - isi 12 pcs (1 lusin)",Rp86.400,86400.0
alat-tulis,NIIMBOT D11/D110/D101/H1S Stiker Label Pensil untuk Klasifikasi Pensil dan Penanda Nama Kertas,Rp87.000,87000.0
alat-tulis,STABILO Flash Green / Highlighter Warna Hijau Original Murah,Rp999.000,999000.0
alat-tulis,Faber-Castell Creative Studio Gold Fabber Pencil Tin OF 24,Rp485.000,485000.0
alat-tulis,Wakakids Set Alat Tulis Anak Paket Perlengkapan Sekolah 10in1,Rp16.100,16100.0
alat-tulis,"Refill Isi Pensil Mekanik Pentel 2B 0.5mm - Mechanical Pencil Lead 0,5 mm",Rp9.947,9947.0
alat-tulis,Papan Pin Board / Soft Board SAKANA Bludru 90x120 cm,Rp578.000,578000.0
alat-tulis,Whiteboard / Papan Tulis Magnetic SAKANA 120x240 cm (Double Face Kaki),Rp1.710.000,1710000.0
alat-tulis,Standard - Castello Oil Pastel 12 / Set ( Crayon / Pewarna / Coloring ),Rp13.200,13200.0
alat-tulis,Standard - Refill Pulpen Needle Point 0.5 ( Isi Pulpen / Pena / Ballpoint ),Rp66.930,66930.0
alat-tulis,Standard - Pulpen Needle Point 0.5 ( Alat Tulis / Pen / Ballpoint / Pena ),Rp119.605,119605.0
alat-tulis,0.5 HITAM Pulpen Frixion CLICKER Erasable bisa hapus Pilot ATK1097PL,Rp32.650,32650.0
alat-tulis,Refill pulpen Joyko JK100NT GPR 203 pengganti GPR 263 0.5 ATK1489JY,Rp3.550,3550.0
alat-tulis,"Pulpen Sarasa Gel Biru 05 JJ15BL BLUE 0.5 Pen Zebra Sarasa Clip Gel Ink pulpen tulis 0,5 ATK0274SR",Rp27.500,27500.0
alat-tulis,"Pulpen Sarasa DRY Biru 0.5 JJZ32-BL DRYJELL 0,5 gel ink pena ATK0990SR",Rp35.500,35500.0
alat-tulis,Refill pulpen KENKO K1 0.5 HITAM tinta gel isi ulang pen jel ATK0969KN,Rp4.488,4488.0
alat-tulis,"ATK438SR 1.0 BLUE PULPEN JJE15-BL Sarasa Zebra Gel Pen Clip 1,0mm Biru",Rp27.500,27500.0
alat-tulis,UNI 0.6 Fine Line Drawing Pen 154625 PIN 06-200 Black Pulpen ATK0932UN,Rp42.500,42500.0
alat-tulis,ATK251TW REFILL 2.5mm TOMBOW Penghapus Pensil ERKUS isi ulang eraser,Rp37.509,37509.0
alat-tulis,Pensil Kayu Polos 2B wood pencil belum serut gift souvenir ATK1485FD,Rp5.888,5888.0
alat-tulis,ATK0715ST biru 5B Mars Lumograph 100-5B 104057 Pensil Staedtler Sketch,Rp22.588,22588.0
alat-tulis,Spidol Papan Tulis Whiteboard ABG-12 - Snowman White Board Marker,Rp7.962,7962.0
alat-tulis,Canon REFILL GI-790 Yellow - Tinta Kuning,Rp128.000,128000.0
alat-tulis,[READY] Aimilo Pulpen Gel Retractable Isi 3 PCS Gel Pen 0.5mm Tekan Ganti Wajah 6 Ekspresi Lucu,Rp13.900,13900.0
alat-tulis,Serutan Rautan Pensil Meja - Sharpener Putar Joyko A-154,Rp42.253,42253.0
alat-tulis,Zebra Pulpen Pena Piccolo Gel 0.5mm - tinta warna hitam gel 0.5mm,Rp25.380,25380.0
alat-tulis,SNOWMAN BALLPOINT V-5 HITAM 3 PCS,Rp31.950,31950.0
alat-tulis,KENKO CORRECTION FLUID KE-01,Rp18.550,18550.0
alat-tulis,STABILO Swing Cool Pastel Pale Orange / Highlighter Warna Orange,Rp14.250,14250.0
alat-tulis,STABILO Point 88 Violet 1pcs / Fineliner / Pen Warna Ungu,Rp11.400,11400.0
alat-tulis,STABILO Pen 68 Orange Isi 1 pcs / Highlighter Pen / Marker / Oranye,Rp11.400,11400.0
alat-tulis,STABILO Point 88 Light Grey Isi 1 pcs / Fineliner / Pen Warna Abu,Rp11.400,11400.0
alat-tulis,STABILO Pen 68 Lemon Yellow Isi 1 pcs / Highlighter Pen / Marker,Rp12.350,12350.0
alat-tulis,STABILO Point 88 Sanguine Isi 1 pcs / Fineliner / Pen Warna Cokelat,Rp11.400,11400.0
alat-tulis,Asaba Stationery- Pulpen/Pen/Bulpen PENCILTIC FINELINER SATUAN,Rp5.500,5500.0
alat-tulis,"Refill Isi Pensil Mekanik Rotring B 0.5mm - Pencil Lead B 0,5 mm",Rp11.429,11429.0
alat-tulis,STABILO BOSS PASTEL Creamy Peach / Highlighter Original Warna Orange,Rp15.200,15200.0
alat-tulis,PENCILTIC FINELINER - Alat tulis stationery - Fineliner pulpen warna - isi 10 pcs warna warni,Rp65.000,65000.0
alat-tulis,Maped Paket Pastel Lavender Cottage Chic,Rp70.000,70000.0
alat-tulis,FRIXION PILOT Pulpen 0.7 BIRU ( Bisa Dihapus ),Rp34.100,34100.0
alat-tulis,ARTLINE J-POP Milky White Ink Gel Inked Roller Ball EGB S260-07 0.7 mm / Bolpoin Artline JPOP Tinta Putih,Rp11.175,11175.0
alat-tulis,[PACK] Pensil Komputer Gambar Kayu 2B Joyko P-91 1 Pak Isi 12 Drawing Pencil Murah,Rp15.528,15528.0
alat-tulis,Gundam Marker METALLIC GREEN MKM-05 - soft tip marker acrylic panel line dspiae,Rp37.500,37500.0
alat-tulis,ARTLINE Penghapus Stix Eraser Pencil ETX-ER,Rp27.917,27917.0
alat-tulis,Rautan Pensil Putar Karakter Kereta Joyko [A-19A] / Serutan Pencil,Rp44.900,44900.0
alat-tulis,MACS Paket 4 Gratis Pencil 2B (Buy 2 Get 1 Free),Rp75.000,75000.0
alat-tulis,JOYKO - Penghapus Kecil Putih Eraser 526-B40BP - Box,Rp41.500,41500.0
alat-tulis,GREEBEL PULPEN GEL / GEL PEN GP-509 Zircon Biru 0.5 (6PCS/SET) / Ballpen Gel Ballpoint Bolpen Bolpoin Pena Gel,Rp26.850,26850.0
alat-tulis,Pulpen XDATA Direcfill [M-1/0.5mm/1 Pack] / Ball Pen Pena Hitam 1 Pak,Rp14.500,14500.0
alat-tulis,Pulpen Batique Gel Joyko [GP-181/1 Pack] / Ballpoint Pena Pen 0.5mm,Rp44.150,44150.0
alat-tulis,GREEBEL Pensil Mekanik PM-005 Tricircle (1PCS) / Mechanical Pencil / Propelling Pencil Mechanic,Rp10.600,10600.0
alat-tulis,GREEBEL PULPEN GEL / GEL PEN Zircon GP-509 0.5 Coklat (12PCS/SET) / Ballpen Gel Ballpoint Bolpen Bolpoin Pena Gel,Rp43.550,43550.0
alat-tulis,GREEBEL Penghapus Hapusan Eraser (EW-30M) / Penghapus Pensil / Setip,Rp4.000,4000.0
alat-tulis,Maped Twist n Flex The Original Unbreakable Flexible Ruler 30cm,Rp21.000,21000.0
alat-tulis,FASTER C6 0.7 WARNA BIRU BOLPEN,Rp5.888,5888.0
alat-tulis,KENKO CORRECTION TAPE CT 634N 8 M X 5 MM,Rp10.888,10888.0
alat-tulis,Pulpen / Pen Gel Zebra Sarasa 0.5mm (1pc) - Orange,Rp18.800,18800.0
alat-tulis,Maped Twist n Flex The Original Penggaris Flexible Ruler 15cm,Rp10.500,10500.0
alat-tulis,Ballpoint Shokyo 7 Joyko [GP-334/12 Pcs] / Pulpen Bisa Dihapus 0.5 mm / Erasable Gel Pen 1 Pack Hitam Pena,Rp57.500,57500.0
alat-tulis,GREEBEL Pensil Tulis 2B 7033 Zootastic (3PCS/SET) Pensil Kayu Ujian / Pencil Grafit Graphite / Pensil Gambar,Rp9.650,9650.0
alat-tulis,GREEBEL PULPEN GEL / GEL PEN Fine Gel Hitam (6PCS/SET) Ballpen Gel Ballpoint Bolpen Bolpoin Pena Gel 501,Rp26.150,26150.0
alat-tulis,PARKO Pensil kayu 2B Glam Pastel (12PCS/SET) / Pensil Tulis Pastel Graphite Ujian sekolah Pensil Gambar,Rp21.900,21900.0
alat-tulis,GREEBEL PULPEN GEL / GEL PEN Macaroon GP-512 0.5 Tinta Hitam (3PCS/SET) / Ballpen Gel Ballpoint Bolpen Bolpoin Pena Gel,Rp18.050,18050.0
alat-tulis,GREEBEL Pensil kayu 9B 7018 (12PCS/SET) / Pensil Tulis Ujian Sekolah Pensil Gambar,Rp81.450,81450.0
alat-tulis,Tip Ex Cair JK-01 Joyko - Tipe X Correction Fluid Koreksi Penghapus,Rp3.994,3994.0
alat-tulis,Fujikura One Click Cleaner SC/FC Fiber Cleaner Pen Type | Pembersih Konektor Optik,Rp1.200.000,1200000.0
alat-tulis,POSTER HURUF LEPAS BEST SELLER,Rp10.000,10000.0
alat-tulis,GREEBEL Pensil kayu 2B 7029 COLOR POP/Pencil Kayu Karakter/Grafit/Graphite tdk beracun utk ujian sekolah/gambar,Rp25.850,25850.0
alat-tulis,"Pulpen Snowman V6 0.7mm - Bolpen Pena Pen Semi Gel Hitam V-6 0,7 mm",Rp2.587,2587.0
alat-tulis,Serutan Pastel Rautan Pensil Roti Joyko SP-362 - Pencil Sharpener Joyko SP-362PTL,Rp758,758.0
alat-tulis,"Pulpen Gel Joyko Skill GP-262 0.5mm - Bolpen Pena Gel Hitam Biru Merah 0,5 mm",Rp2.207,2207.0
alat-tulis,GREEBEL GEL PEN GP-509 ZIRCON 0.5 /Pen/Pulpen/gel pen utk atk kantor,Rp47.150,47150.0
alat-tulis,Faber-Castell Pensil Kayu Ujian 1 Pcs,Rp5.300,5300.0
alat-tulis,Deli Pensil Mekanik / Mechanical Pencil 0.5mm Desain Lucu Transparan Dengan Penghapus SH347,Rp4.900,4900.0
alat-tulis,Correction Fluid Cairan Koreksi Penghapus Cair Joyko CF-P18IB,Rp4.600,4600.0
alat-tulis,Tali Tambang Pramuka / Tali Putih Pramuka / Tali Pramuka Besar dan Kecil / Atribut Pramuka / Perlengkapan Pramuka,Rp11.500,11500.0
alat-tulis,Penghapus Pensil Besar Joyko [ER-117/1 Pcs] Eraser Pencils Alat Tulis,Rp5.500,5500.0
alat-tulis,SDI 6765 Pembuka Surat / Letter Opener 2pcs,Rp19.550,19550.0
alat-tulis,Gel Pen Pulpen Pena Joyko GP-406 0.5 mm,Rp3.000,3000.0
alat-tulis,Pencil Pensil Joyko P-8149 2B 1 Box 12 Pcs,Rp18.200,18200.0
alat-tulis,Penghapus Eraser Joyko ERT-130 Pop Ice Candy,Rp4.800,4800.0
alat-tulis,JOYKO Rautan Serutan Sharpener Putar A-165CO,Rp51.100,51100.0
alat-tulis,Rautan Serutan Sharpener Joyko B-105,Rp1.250,1250.0
alat-tulis,JOYKO - JK-100 Pen - Pulpen Ballpoint - Pcs,Rp3.600,3600.0
alat-tulis,JOYKO Pulpen Gel 1 Pack JK-100GR 0.5mm Isi 12 Pcs,Rp22.700,22700.0
alat-tulis,Faber-castell ConnectorPen Spidol Warna Treasure Tin,Rp172.800,172800.0
alat-tulis,JOYKO - Mechanical Pensil Mechanical Pencil MP-57 - Pcs,Rp8.600,8600.0
alat-tulis,Bosch Laser Distance Meter / Pengukur Jarak Laser 150Meter GLM 150 C,Rp7.111.100,7111100.0
alat-tulis,Pensil Mekanik Kenko dan Refill Pensil 2B 0.5mm Superior Quality,Rp3.450,3450.0
alat-tulis,Deli School Drafting Transparant Ruller / Penggaris Transparan 20cm Tidak Mudah Patah EG01612,Rp6.500,6500.0
alat-tulis,Pilot Hi-Tec-C3 Black,Rp34.500,34500.0
alat-tulis,Standard Ballpoint R3 Isi 12 Ink Black,Rp69.000,69000.0
alat-tulis,Standard B`Gel F2 07 Blue,Rp19.000,19000.0
alat-tulis,Zebra Sarasa Clip 0.5 Black,Rp23.800,23800.0
alat-tulis,Faber Math.Drawing Inst Set 163504,Rp24.500,24500.0
alat-tulis,PILOT BALLPEN FRIXION CLICKER BLRT FR 05 BLUE,Rp34.800,34800.0
alat-tulis,Zebra Masterpen Ballpen Black Ink Black Barrel,Rp16.000,16000.0
alat-tulis,Snowman Ballpen V-5 0.7 Hitam,Rp4.500,4500.0
alat-tulis,Standard Gsoft 0.5 New Black,Rp6.500,6500.0
alat-tulis,Estudee Mori Mech.Pencil Trigrip 0.5 Blue EMP-182,Rp19.400,19400.0
alat-tulis,Ballpen Pilot Bp-1 Rt 0.7Mm Set 3Pcs Black,Rp18.000,18000.0
alat-tulis,"F Castell Ruler B-Ps 12""/30Cm 171220",Rp19.400,19400.0
alat-tulis,Pulpen Pilot HI-TEC-C Micro Fine 0.3 [BL-LH-20C3/0.15mm/1Pack] / Ballpoint Hi-Tec / Pena Hitek 1 Pak Stainless Stationery,Rp471.900,471900.0
alat-tulis,CABLETIME Kabel Data USB A 2.0 Male to USB-B Male For Scanner Printer DAC,Rp87.600,87600.0
alat-tulis,Deli Pensil 2B / Graphite Pencil Isi 50 Gratis Penghapus 33594 Alat Tulis Stationery,Rp62.000,62000.0
alat-tulis,Glue Stick GS-128 joyko 8gram (1 Pcs) Merah,Rp4.255,4255.0
alat-tulis,Faber-Castell Acrylic Paint Marker set 10 dan 20,Rp64.800,64800.0
alat-tulis,ARTLINE Gel Inked Roller Ball 0.5 mm EGB-S2345 / Retractable Pen with Super Comfort Grip Black Ink,Rp16.300,16300.0
alat-tulis,TRG Plastic Ruler 15 30 cm RLP-15 RLP-30 - Penggaris Mistar Plastik 15cm 30cm TRG,Rp2.891,2891.0
alat-tulis,"Paket Ballpoint Zebra F-701, Refill f-701 Hitam - Bisa di grafir nama",Rp117.000,117000.0
alat-tulis,Gel Pen Pulpen Pena Joyko GP-419 0.5 mm,Rp3.000,3000.0
alat-tulis,7-Piece-Set ATK Kantor Komplit Hadiah Sekolah Untuk Sekolah Gift Stationary Set Hadiah Untuk Anak-anak,Rp50.341,50341.0
alat-tulis,Ancol Tempat Pensil Boneka Burung Macau | Tempat Pensil Kao Bird | Official Merchandise Alat Stationery,Rp132.300,132300.0
alat-tulis,HYTRIX KALA Series Colour pop Tempat Pensil Pencil Case Kotak Alat Tulis Atk Sekolah Kuliah Kerja Hand Bag Water Reppelent (DN67),Rp39.900,39900.0
alat-tulis,Xiaomi High Capacity Pen | Lebih awet | Tinta tahan air dan tanpa noda | Menulis lebih halus [Official Store],Rp62.450,62450.0
alat-tulis,Vixplorn Kotak Pensil Estetika Tas PenaTempat Pensil Capibara Tempat Pensil/ Kotak Pensil Berkapasitas Besar/Capybara Tempat Alat Tulis,Rp52.248,52248.0
alat-tulis,Vixplorn Tempat Pensil Motif Bunga / Pencil Case Vintage Little Flower / Tas Penyimpanan Alat Tulis / Tas Alat Tulis Portabel Berkapasitas Besar Dengan Ritsleting,Rp37.143,37143.0
alat-tulis,[PACK] Pensil Komputer Gambar Kayu 2B Joyko P-8136 1 Pak Isi 12 Drawing Pencil Murah,Rp19.428,19428.0
alat-tulis,Maped Twist n Flex The Original Unbreakable Flexible Ruler 30cm,Rp21.000,21000.0
alat-tulis,FASTER C6 0.7 WARNA BIRU BOLPEN,Rp5.888,5888.0
alat-tulis,KENKO CORRECTION TAPE CT 634N 8 M X 5 MM,Rp10.888,10888.0
alat-tulis,Pulpen / Pen Gel Zebra Sarasa 0.5mm (1pc) - Orange,Rp18.800,18800.0
alat-tulis,Maped Twist n Flex The Original Penggaris Flexible Ruler 15cm,Rp10.500,10500.0
alat-tulis,Bantex Rautan Putar Pensil / Rotary Sharpener BE1012,Rp79.000,79000.0
alat-tulis,GREEBEL (STATIONERY SET 4 IN 1) Paket Alat Tulis Isi Pensil Penghapus Rautan Untuk Anak Sekolah Ujian Mahasiswa Kampus,Rp23.150,23150.0
alat-tulis,ZEBRA Kokoro Plus 05 - Pulpen Gel,Rp10.890,10890.0
alat-tulis,ODI PAPAN CLIPBOARD A4 - PUTIH,Rp34.400,34400.0
alat-tulis,Standard - Pascola Colorful Eraser / Quantum Eraser Q12 Hitam / Q10 Putih ( Penghapus / Setip Pensil / Pencil ),Rp88.800,88800.0
alat-tulis,Standard - Refill Pulpen F2 0.7 ( Isi Pulpen / Pena / Ballpoint ),Rp86.400,86400.0
alat-tulis,Standard - Pulpen Blive 0.3 ( Alat Tulis / Pen / Ballpoint / Pena ),Rp51.450,51450.0
alat-tulis,Penghapus Pensil Elektrik Joyko ER-119E - Electric Eraser 2 In 1,Rp38.204,38204.0
alat-tulis,TRG Plastic Pouch PVC Zipper Pencil Case PC-285 - Tempat Kotak Pensil Tahan Air Alat Tulis Transparan TRG,Rp16.809,16809.0
alat-tulis,Languo Pink Girl Pencil Case – Tempat Pensil Girly & Aesthetic,Rp45.900,45900.0
alat-tulis,Fancy - Rautan Pensil Meja -Pcs,Rp31.450,31450.0
alat-tulis,STABILO BOSS Naturecolors Earth Green / Highlighter Original Hijau,Rp15.200,15200.0
alat-tulis,ARTLINE Spidol OHP Overhead Project Permanent Marker 1 MM EK-854,Rp15.350,15350.0
alat-tulis,Joyko Color Pen (24-warna) CLP -05 ( PER SET ) Stationery Brush,Rp42.995,42995.0
alat-tulis,MACS Flick Gel Pen / Pulpen,Rp17.500,17500.0
alat-tulis,HIGHLIGHTER BX-726 SUPERHERO MARVEL (1set 6pcs) Stationery,Rp15.705,15705.0
alat-tulis,Wall Sticker - Stiker Papan Tulis Tempel / Papan Tulis Whiteboard,Rp59.000,59000.0
alat-tulis,ABT Dual Brush Pen Cherry,Rp20.900,20900.0
alat-tulis,Zebra Sarasa 0.7 mm Gel Pen Refill RJF - 0.7mm - Isi Pulpen Sarasa Clip 0.7mm,Rp15.480,15480.0
alat-tulis,ARTLINE Highlighter Set 6 Warna EK-660/ 6W Hangsel Bag,Rp52.250,52250.0
alat-tulis,"Refill Ink Faster P70 utk Permanent marker isi 12 botol-Black,Blue&Red",Rp76.500,76500.0
alat-tulis,Daiso Corkboard - (single sided),Rp33.000,33000.0
alat-tulis,Deli Set Alat Tulis Kado / Stationary Gift Set 5 in 1 Pink Biru VG52,Rp89.900,89900.0
alat-tulis,PROMO BUNDLING SDI S530 Spidol Papan tulis + Refill tinta,Rp96.262,96262.0
alat-tulis,BIG Paket Bundling Nge-Hits: Sticky Notes Pastel & Fluorescent,Rp51.300,51300.0
alat-tulis,STABILO BOSS Pastel Highlighter,Rp15.200,15200.0
alat-tulis,STABILO BOSS PASTEL Lilac Haze / Highlighter Original Warna Ungu,Rp15.200,15200.0
alat-tulis,Deli Nusign Correction Tape / Tip X Kertas 6mm Tidak Mudah Robek NS156 Stationery,Rp8.900,8900.0
alat-tulis,Aksesoren Bet Baju Bordir Atribut Perlengkapan Sekolah Kantor / Aksesoris Pakaian Pramuka Dinas / Logo Merah Putih Jawa Barat,Rp4.500,4500.0
alat-tulis,JOYKO Kotak Tempat Pensil Pencil Case PC-5025,Rp52.200,52200.0
alat-tulis,Pulpen/Bulpen/Pen Gel Zebra Sarasa Clip 05mmSeri Ice Cream Limited Edition,Rp30.000,30000.0
alat-tulis,"Fineliner Pen Joyko CLP-062 0.4mm - Pulpen Bolpen Pena Warna 0,4 mm",Rp4.128,4128.0
alat-tulis,"Pulpen Faster C6 Extra Fine 0.7mm - Bolpen Pena Pen Semi Gel Cetek 0,7 mm",Rp3.594,3594.0
alat-tulis,STABILO Pen 68 Light Ochre Isi 1 pcs / Highlighter Pen / Marker,Rp12.350,12350.0
alat-tulis,IKEA KUNGSFORS Klip Magnetik Serbaguna Isi 3pcs Dinding,Rp59.900,59900.0
alat-tulis,Penggaris Besi Joyko 30cm - Stainless Steel Ruler Joyko RL-ST30 30 cm,Rp8.728,8728.0
alat-tulis,BIRU Refill pulpen KENKO K1 0.5 tinta gel isi ulang pen blue ATK1347KN,Rp4.488,4488.0
alat-tulis,Sparky Zebra Highlighter Sparky-1 Spidol Marker ATK0996ZB,Rp19.880,19880.0
alat-tulis,Refill pulpen KENKO KE series cocok utk desk pen deli 6795 ATK1123KN,Rp4.150,4150.0
alat-tulis,Pulpen PILOT BPT-P ecer satuan pena Bulpoin Ball Pen bolpen ballpoint ballpen polpen bpt bptp bolpoin biru hitam merah black blue red ATK1552PL,Rp6.288,6288.0
alat-tulis,"ATK0750PL refill 0.5 HITAM Frixion BLS-FR5 Pilot Pulpen isi ulang 0,5",Rp23.250,23250.0
alat-tulis,"Pulpen Pilot G2 satuan 0.5 hitam biru 0,7 pen 0.5 0.7 pena gel ball point fine tip bolpen ballpoint black blue pen jel",Rp22.650,22650.0
alat-tulis,"ATK0781LR 1.0 0,9 H isi Pensil Mekanik LYRA 5003111 Mechanical",Rp23.600,23600.0
alat-tulis,Serutan MAPED Monster 635114 kerikan rautan pensil sharpener ATK1249MP,Rp7.680,7680.0
alat-tulis,6B 2.0mm Isi Pensil Mekanik DeGoya 6900806 mechanical pencil ATK1302DG,Rp29.588,29588.0
alat-tulis,15cm Penggaris Butterfly Plastik Plastic Acrylic Ruler Mistar ATK1477B,Rp7.588,7588.0
alat-tulis,satuan Pulpen FASTER C6 pena ballpoin balpen polpen ATK1440FS,Rp6.788,6788.0
alat-tulis,ATK0655UN UNI 0.1 Fine Line Drawing Pen 915202 PIN 01-200 Pulpen,Rp42.500,42500.0
alat-tulis,Spidol Snowman OPF FINE TIP Plastik Glass Ceramic OHP Marker ATK0909SM,Rp14.500,14500.0
alat-tulis,0.3 Pensil Mekanik Tombow Mono graph DPA-131A mechanical ATK1089TW,Rp98.888,98888.0
alat-tulis,Spidol Estudee Whiteboard Marker Red,Rp10.600,10600.0
alat-tulis,Ataru Tempat Pensil Mickey Mouse Classic - Mix Pouch Pensil Pulpen Pencil Case Tempat Alat Tulis Peralatan Tulis Kids School Stationery,Rp76.900,76900.0
alat-tulis,Informa Whiteboard Gantung 200X100 cm - Putih Papan Presentasi Papan Marka Belajar Kantor Sekolah,Rp1.054.900,1054900.0
alat-tulis,Deli Pulpen Gel Bisa Dihapus / Erasable Gel Pen 0.5mm EG660 Tinta Biru Hitam Stationery,Rp41.400,41400.0
alat-tulis,Canon REFILL GI-790 Black - Tinta Hitam,Rp128.000,128000.0
alat-tulis,STABILO Set 5 - Pen 68 Candy Color / Highlighter Marker Pen / Paket 5 pcs / Warna Pastel,Rp65.000,65000.0
alat-tulis,STABILO Point 88 Neon Blue Isi 1 pcs / Fineliner / Pen Warna Biru,Rp11.400,11400.0
alat-tulis,Faber-Castell Textliner 46 Pastel Turquoise Ink,Rp11.800,11800.0
alat-tulis,TOYO Tipex Kertas / Correction Tape 5mm x 20 Meter CT201,Rp12.500,12500.0
alat-tulis,FABER CASTELL PENGGARIS 15CM,Rp6.000,6000.0
alat-tulis,Pentel Super Soft Eraser ZESE - 03IDPenghapus Pensil Pentel Original,Rp4.500,4500.0
alat-tulis,FABER CASTELL GRIP ERASER,Rp9.500,9500.0
alat-tulis,FASTER C600 0.7 WARNA BIRU BOLPEN,Rp5.888,5888.0
alat-tulis,aped Penggaris Geometric 12 cm – Ruler Busur 360 Derajat,Rp11.800,11800.0
alat-tulis,TOMEX Pencil Case Pensil Box Tempat Pensil Kotak Pensil Unicorn TX 352,Rp16.500,16500.0
alat-tulis,Agatis Eco Spidol Warna Fibre Tip Pen 24 Warna,Rp32.000,32000.0
alat-tulis,Deli x Butterbear Penghapus Bentuk Permen / Eraser Tidak Mudah Patah NS037,Rp16.900,16900.0
alat-tulis,Aksesoren Tempat Pensil Karakter Anak / Kotak Pulpen 3D Lucu / Wadah Alat Tulis Karet Stationery,Rp30.500,30500.0
alat-tulis,Faber-Castell Twist Correction Tape Lime Green Barrel + 1 Refill,Rp33.000,33000.0
alat-tulis,ARTLINE Roller Ball Pens 0.7 mm ERB-4400,Rp17.575,17575.0
alat-tulis,Faber-Castell Marker Multimark Permanent F Black,Rp20.000,20000.0
alat-tulis,Spidol White Board Snowman Marker Hitam (ABG12) / Spidol Papan Tulis,Rp10.750,10750.0
alat-tulis,Deli Nusign Pencil / Pensil Kayu Golden Peak Minimalis 2B / HB NS729,Rp33.900,33900.0
alat-tulis,Deli Pensil Mekanikal / Mechanical Pencil 0.9mm 33900 Alat Blue Pink Tulis,Rp63.200,63200.0
alat-tulis,PROMO PAKET AYO SEKOLAH ALAT TULIS PERLENGKAPAN SEKOLAH LENGKAP,Rp77.450,77450.0
alat-tulis,STABILO Pen 68 Fluorescent Blue 1 pcs/ Highlighter Pen / Marker / Biru,Rp12.350,12350.0
alat-tulis,ZEBRA HIGHLIGHTER FM-1 highlighter dengan warna neon,Rp13.050,13050.0
alat-tulis,Deli Magic Eraser / Penghapus Hapusan Trik Sulap Desain Lucu 71113 Keyboard Sekolah,Rp12.400,12400.0
alat-tulis,GREEBEL Gel Pen Pulpen Gel Pena Ballpen (GP-503 WRITEC 0.5 - BLACK) / Alat Tulis Kantor Sekolah Anak,Rp39.950,39950.0
alat-tulis,Penggaris Plastik 4 in 1 DELI EH17 - Ruler Set Matematika,Rp13.928,13928.0
alat-tulis,GREEBEL Pensil Tulis 2B 7032 Fun Fruite (6PCS/SET) Pensil Kayu Ujian / Pencil Grafit Graphite / Pensil Gambar,Rp15.050,15050.0
alat-tulis,GREEBEL Pulpen Ballpoint / Classmate 0.5 Hitam (6 PCS / SET) / Pulpen Greebel / Pena / Ballpen,Rp19.950,19950.0
alat-tulis,GREEBEL Pulpen Ballpen / Technoline 0.5 Hitam (6PCS/SET) / Ballpoint Bolpen Bolpoin Pena Gel,Rp18.250,18250.0
alat-tulis,Kotak Tempat Pensil Resleting Jaring Joyko PC-5020 - Pastel Color Mesh Pencil Case,Rp23.936,23936.0
alat-tulis,Alat Tulis Set Original Disney Frozen Olaf,Rp28.728,28728.0
alat-tulis,[Special Price] Deli Laminator Mesin Laminating A4 F4 70-100 MIC Laminasi Hot/Panas Dokumen Cepat Praktis E2132,Rp379.000,379000.0
alat-tulis,Sanrio Hello Kitty Alat Tulis Set ~ SRHM06030ST,Rp26.530,26530.0
alat-tulis,Tempat Pencil Stand Karakter Frozen,Rp16.030,16030.0
alat-tulis,"ARTLINE Tinta Isi Ulang Refill Ink ESK-20 for Permanent Marker 20ml, Warna Warni - PCS",Rp24.500,24500.0
alat-tulis,ZEBRA Pulpen A4C Multifunction Pen - 12 PCS,Rp144.000,144000.0
alat-tulis,KENKO CORRECTION TAPE CT-822,Rp26.800,26800.0
alat-tulis,Foldable Ruler Joyko 30cm RL-FL10 - Penggaris Lipat Transparan 30 cm Dapat Dilipat,Rp7.285,7285.0
alat-tulis,SDI 0126T Serutan / Rautan Pensil Kayu Kecil Tajam,Rp4.650,4650.0
alat-tulis,BIG Penggaris Besi / Stainless Steel Ruler Tebal dan Kokoh Panjang 50 CM Tebal 1 MM PG-6501,Rp28.700,28700.0
alat-tulis,"Pulpen Bolpen Pena Joyko Warna GPC-374 0.5mm - Color Gel Pen 0,5 mm",Rp5.293,5293.0
alat-tulis,Deli Pensil Mekanik / Mechanical Pencil 0.5mm Desain Kartun Dengan Klip dan Penghapus S325-TG,Rp7.400,7400.0
alat-tulis,Highlighter Penanda Berwarna Joyko HL-73 HL-74 HL-75 HL-76 HL-78,Rp2.043,2043.0
alat-tulis,Lembar Belajar Poster Edukasi Mengenal Hewan Bahasa Arab dan Inggris - Poster Seri Nama-Nama Binatang,Rp10.000,10000.0
alat-tulis,"Lembar Belajar Poster Edukasi Huruf Hijaiyah, Poster Belajar Seri Hijaiyah Lengkap Untuk Anak Balita, Paud, TK, SD",Rp10.000,10000.0
alat-tulis,STABILO Point 88 Neon Blue Isi 1 pcs / Fineliner / Pen Warna Biru,Rp11.400,11400.0
alat-tulis,Faber-Castell Textliner 46 Pastel Turquoise Ink,Rp11.800,11800.0
alat-tulis,Kenko Correction Tape CT-3001 [ PCS ],Rp12.800,12800.0
alat-tulis,STABILO swing cool Deskset 18's / Fashion Edition / Highlighter,Rp277.200,277200.0
alat-tulis,Deli x CapyPets Pensil Kayu + Penghapus 2B Isi 12 Pcs BONUS Stiker Nama EC090-2B,Rp27.900,27900.0
alat-tulis,Mal Cetakan Huruf Butterfly 3mm BT-R3 - Penggaris Teknik Letter Template Mall Sablon 3 mm,Rp31.729,31729.0
alat-tulis,Artline STIX Mechanical Pencil ETX-7050,Rp43.950,43950.0
alat-tulis,Mini Correction Tape Jar Tip X - Tip Ex Kertas Roll Faber Castell,Rp17.742,17742.0
alat-tulis,Tempat Pensil 2 Susun Karakter 3318 / Kotak Pinsil Anak Case Pencils,Rp32.500,32500.0
alat-tulis,Bambi Dompet Uang Tipe Wallet Edisi 2 in 1 Include Mini Wallet Original,Rp34.000,34000.0
alat-tulis,GREEBEL ERASER GBW 120620 BLISTER (2 PCS/SET)/Penghapus/Hapusan/Setip,Rp10.950,10950.0
alat-tulis,Faber-Castell Refill Air Gel 0.5 Black,Rp15.900,15900.0
alat-tulis,GREEBEL (STATIONERY SET 5 IN 1) Paket Alat Tulis Isi Pensil Penghapus Rautan Anak Mahasiswa Sekolah Kampus,Rp24.350,24350.0
alat-tulis,GREEBEL Jangka Set / Jangka Besi Warna Plus isi Pensil C 3304 / Math Set,Rp18.050,18050.0
alat-tulis,GREEBEL Stationery Set 251002 Happy Bus 6 in 1 Paket Alat Tulis Karakter Lucu Set Alat Tulis Lengkap,Rp26.750,26750.0
alat-tulis,Pensil 2B Faber Castell Motif Lebah [118362/12Pcs] / Motif Pencils Bee,Rp73.500,73500.0
alat-tulis,Spidol Papan Tulis White Board Joyko permanent [PM-17/1Pack] / Sepidol,Rp55.500,55500.0
alat-tulis,Tip Ex Cair Kenko [KE-01/12 pcs] / Correction Pen Pulpen / Tape X,Rp99.500,99500.0
alat-tulis,Aksesoren Ballpoint Joyko R Gel [GP-320/1 Pack/12 Pcs] / Pena Jel Tinta Hitam / Balpen Pena Tulis,Rp48.500,48500.0
alat-tulis,GREEBEL Pulpen Ballpen / Riter 0.5 Biru (12PCS/SET) / Ballpoint Bolpen Bolpoin Pena Gel,Rp22.200,22200.0
alat-tulis,Faber-Castell Buku Aktivitas Anak,Rp52.500,52500.0
alat-tulis,Pensil Mekanik dan Free Refill Isi Pensil Mekanik 0.7 mm - Faber Castell (1 Set),Rp25.000,25000.0
alat-tulis,Kaozelo Mikroskop Monokuler Edukasi Anak Pengamatan Science 1200x - SD661,Rp273.800,273800.0
alat-tulis,ZRM ZCT-01 Tip Ex Pita / Correction Tape 12m,Rp7.650,7650.0
alat-tulis,FABER CASTELL PENGGARIS 15CM,Rp6.000,6000.0
alat-tulis,Pentel Super Soft Eraser ZESE - 03IDPenghapus Pensil Pentel Original,Rp4.500,4500.0
alat-tulis,FABER CASTELL GRIP ERASER,Rp9.500,9500.0
alat-tulis,FASTER C600 0.7 WARNA BIRU BOLPEN,Rp5.888,5888.0
alat-tulis,aped Penggaris Geometric 12 cm – Ruler Busur 360 Derajat,Rp11.800,11800.0
alat-tulis,Penggaris Plastik 4 in 1 DELI EH17 - Ruler Set Matematika,Rp13.928,13928.0
alat-tulis,Deli Rautan Pensil Putar / Rotary Pencil Sharpener Pink Biru Lucu 0641 Alat Stationery,Rp33.900,33900.0
alat-tulis,GREEBEL PULPEN GEL / GEL PEN Fine Gel Tinta Merah / Ballpen Gel Ballpoint Bolpen Bolpoin Pena Gel,Rp34.050,34050.0
alat-tulis,GREEBEL Eraser Penghapus Bunga Kotak / Hapusan Stip ERF - 3210 (1PCS) / Penghapus Pensil Lucu Alat Tulis Sekolah Biru Pink Stationery,Rp10.000,10000.0
alat-tulis,GREEBEL Gel Pen Pulpen Gel Pena Ballpen (GP-502 RIVAL 0.5 - BLACK) / Alat Tulis Kantor Sekolah Anak,Rp34.850,34850.0
alat-tulis,Deli I-Select Sharpener E0594A / Rautan Pensil Lucu Warna-Warni IP991,Rp1.000,1000.0
alat-tulis,BUTTERFLY - WhiteBoard Marker - Spidol Papan Tulis BM-01 - Pcs,Rp4.800,4800.0
alat-tulis,Tipe X Cair Joyko [CF-S209A/1 Pcs] / Corection Tape / Tipe Ex Fluid / Tip Ex Pulpen Penghapus,Rp7.900,7900.0
alat-tulis,[Si Cantik] Combo Binder Lucu + Color Gel Pen,Rp46.000,46000.0
alat-tulis,Buku Belajar Menulis Huruf Dan Angka : Lancar Menulis Tegak Bersambung Dan Huruf Hijaiyyah / Serba Jaya - SB,Rp6.150,6150.0
alat-tulis,Pensil Komputer Gambar Kayu 2B M2000 - Drawing Pencil Biru Murah,Rp897,897.0
alat-tulis,JOYKO Index Mark Penanda Pembatas IM-81 Plastik,Rp11.200,11200.0
alat-tulis,ZRM ZCT-01 Tip Ex Pita / Correction Tape 12m,Rp7.650,7650.0
alat-tulis,Penghapus Pensil Agatis Eco Black PB20 Isi 2Pcs,Rp5.900,5900.0
alat-tulis,JOYKO Sharpener Rautan 1 Drum B-135 Isi 36 Pcs,Rp47.400,47400.0
alat-tulis,SDI 0602B Jangka / Compass High Quality Stainless Steel,Rp34.150,34150.0
alat-tulis,Pita Koreksi Correction Tape Joyko CT-577,Rp7.700,7700.0
alat-tulis,"Pulpen Piccolo Semi Gel Ink Zebra 0.7mm - Pulpen Zebra Piccolo 0,7",Rp2.374,2374.0
alat-tulis,Pensil Pencil Joyko P-8132 2B 1 Box 12 Pcs Journey,Rp17.900,17900.0
alat-tulis,Deli Rautan Pensil 1 lubang dengan canister 7mm 3C E0578 Pencil Stationery,Rp8.900,8900.0
alat-tulis,Ezren EZ-0494 Light Head Magnifying Glass Kaca Pembesar Model Topi Led,Rp244.302,244302.0
alat-tulis,Deli Business Gel Pen / Pulpen Gel Profesional 1.0mm Casing Metal EG61 Biru Hitam,Rp40.200,40200.0
alat-tulis,BUTTERFLY Correction Tape BC-120 ( 5mm x 12Mtr ) - Pcs,Rp9.200,9200.0
alat-tulis,Penghapus Whiteboard Papan Tulis Magnet Joyko WE-4 WE-5 WE-6 - Magnetic White Board Marker Eraser Joyko,Rp3.785,3785.0
alat-tulis,Niimbot Kertas Label Perekat D11/D110/D101/H1S Tahan Air Anti Gores untuk Label Kabel Optik dan Komoditas,Rp98.000,98000.0
alat-tulis,Pilot Ballpen Bp-1 Rt Medium Set-3 Black,Rp18.000,18000.0
alat-tulis,Color Pen Estudee Kurikku Light Blue 11 Es-Cp619,Rp8.900,8900.0
alat-tulis,Greebel Ballpen Technoline 0.5 Black (12+1) Crd,Rp26.100,26100.0
alat-tulis,Estudee Buku Matematika I (Buku Tulis),Rp9.900,9900.0
alat-tulis,Faber Refill Sr 506 169410,Rp20.500,20500.0
alat-tulis,Greebel 7018 Pencil 2B (6 Pcs/Set) Crd,Rp33.900,33900.0
alat-tulis,Textliner 38 Translucent Orange Ink,Rp13.000,13000.0
alat-tulis,Faber Castell Correction Tape Refill set 2 169414,Rp35.500,35500.0
alat-tulis,ZEBRA KOKORO 0.5 SET 12 BLUE INK,Rp105.000,105000.0
alat-tulis,Correction Tape Estudee Light&Clear Blue,Rp13.200,13200.0
alat-tulis,Deli Pensil Mekanik / Mechanical Pencil 0.5mm Desain Kartun Dengan Klip dan Penghapus S325-TG,Rp7.400,7400.0
alat-tulis,Lembar Belajar Poster Edukasi Mengenal Hewan Bahasa Arab dan Inggris - Poster Seri Nama-Nama Binatang,Rp10.000,10000.0
alat-tulis,"Lembar Belajar Poster Edukasi Huruf Hijaiyah, Poster Belajar Seri Hijaiyah Lengkap Untuk Anak Balita, Paud, TK, SD",Rp10.000,10000.0
alat-tulis,Isi Ulang Tinta Refill Spidol White Board Marker Snowman [Permanent Marking Ink] Papan Stationery,Rp18.500,18500.0
alat-tulis,Ballpen Pilot Juice 0.7Mm Black,Rp19.500,19500.0
alat-tulis,Promo Pouch Pensil Case Pria Wanita Urban Factor - Harmony Terlaris,Rp60.759,60759.0
alat-tulis,Bolpoin Pilot Refill Stylo BPRK-10M Isi Ulang Bolpoin Pena Harga Satuan Alat Tulis Sekolah Kantor ATK,Rp16.150,16150.0
alat-tulis,Aimilo - Buku Latihan Menulis Anak TK PAUD Huruf dan Angka 4in1 Set Magic Practice Book Menggambar,Rp16.900,16900.0
alat-tulis,[Deli x Sinarbusanaa] Deli Ballpoint Pen / Pulpen Bolpoin 1.0 mm Penulisan Halus EQ3 tanpa kabel twinstar biru Stationery Hitam,Rp12.000,12000.0
alat-tulis,Zebra Kokoro Pulpen Gel isi 10 Pcs 0.5mm Retractable Gel Pen Water Based Pigment Ink - tinta warna warni,Rp72.000,72000.0
alat-tulis,Bantex Magnet Bahan Kristal Kaca Tempel Whiteboard / Kulkas Warna Isi 6 Pcs BJ6721,Rp35.000,35000.0
alat-tulis,ENMY Outshiner Glitter Marker,Rp27.500,27500.0
alat-tulis,Standard - Pulpen Boldliner Elite 1.0 Isi 3 Pcs ( Alat Tulis / Pen / Ballpoint / Pena ),Rp58.800,58800.0
alat-tulis,Standard - Refill Pulpen Aero 0.5 Gel / 3 Set Isi 6 Pcs ( Isi Pulpen / Pena / Ballpoint ),Rp46.452,46452.0
alat-tulis,"Pulpen Gel Joyko GP-266 iTech 0.28mm - Bolpen Pena Gel 0,28 mm",Rp3.398,3398.0
alat-tulis,Tinta Refill BROTHER BT5000M Original Ink Refill Bottle - Magenta,Rp133.000,133000.0
alat-tulis,Canon REFILL GI-790 Yellow - Tinta Kuning,Rp128.000,128000.0
alat-tulis,Tinta Refill BROTHER BT5000M Original Ink Refill Bottle - Magenta,Rp133.000,133000.0
alat-tulis,"CASTA Pisau Cutter Multifungsi 6 In 1 Stainless Steel dengan Obeng, Penggaris Presisi, Pembuka Kaleng & Tutup Botol, Alat Serbaguna untuk Rumah, Kantor, Bengkel dan Outdoor",Rp49.233,49233.0
alat-tulis,Canon REFILL GI-790 Black - Tinta Hitam,Rp139.000,139000.0
alat-tulis,0.7 BIRU Pulpen Frixion CLICKER Erasable bs hapus Pilot pen ATK1100PL,Rp32.650,32650.0
alat-tulis,ATK0327UN isi 40 pcs JAPAN B 0.5 mm isi pensil mekanik uni mitsubishi,Rp62.388,62388.0
alat-tulis,ATK0250TW Penghapus Pensil 2.5mm PUTIH TOMBOW Mono Zero JAPAN EHKUS,Rp59.888,59888.0
alat-tulis,lead bentuk FLAT Pensil Mekanik de Goya pencil degoya ATK1471DG,Rp35.888,35888.0
alat-tulis,Spidol Snowman Marker satuan ATK1157SM,Rp6.000,6000.0
alat-tulis,FABER CASTELL PENGGARIS 15CM,Rp6.000,6000.0
alat-tulis,Pentel Super Soft Eraser ZESE - 03IDPenghapus Pensil Pentel Original,Rp4.500,4500.0
alat-tulis,STANDARD AE7 0.5 WARNA BIRU BOLPEN ISI 12 PCS,Rp30.888,30888.0
alat-tulis,Pilot H-165-SL-L Pensil Mekanik Non-Slip Grip Mechanical Pencil 0.5 mm,Rp22.500,22500.0
alat-tulis,Pulpen / Pen Gel Zebra Sarasa 0.5mm (1pc) - Orange,Rp18.800,18800.0
alat-ukir,Dies cutting dies sew machine craft theme pattern stencil embroidery,Rp39.000,39000.0
alat-ukir,Reguler Bookmark by Norris,Rp1.440,1440.0
alat-ukir,Pisau Ic Easy Grip Gagang Plastik/pisau ukir DIY kerajinan Original,Rp5.499,5499.0
alat-ukir,Paking Kayu Packing Kayu Peti Kayu,Rp150.000,150000.0
alat-ukir,AZKO Tactix Pahat Kayu Panjang 1.9 Cm,Rp60.300,60300.0
alat-ukir,Pisau Ukur Buah / Pisau Garnish / Fruit Carving Knive / Fruit Garnish,Rp9.000,9000.0
alat-ukir,Tambahan Packing Kayu Pengiriman Aman,Rp35.000,35000.0
alat-ukir,PACKING KAYU AMAN BERAT (6KG),Rp150.000,150000.0
alat-ukir,Tambah Laser engrave custom design,Rp9.000,9000.0
alat-ukir,K55 Mata Profile Sudut Kayu Furniture Set 12pcs Handy Craft Router Bit,Rp402.000,402000.0
alat-ukir,AZKO Tactix Pahat Kayu 1.3 cm Wood Chisel Pisau Ukir Pahat Kayu Wood Carving Tool Peralatan Memahat,Rp58.700,58700.0
alat-ukir,Sanneng - SN4833 9cm Carve Knife-Wooden Handle,Rp113.300,113300.0
alat-ukir,PACKING KAYU UNTUK KEAMANAN PENGIRIMAN,Rp80.000,80000.0
alat-ukir,Dies cutting dies witch halloween theme pumpkin stencil stensils,Rp56.000,56000.0
alat-ukir,SP. WIPRO Pisau Saja (Blade Only) untuk Pisau Akrilik GK-02,Rp19.575,19575.0
alat-ukir,JASA UKIR / ENGRAVE (HANYA DAPAT DIPESAN PADA PRODUK YANG BISA DIUKIR),Rp25.000,25000.0
alat-ukir,IMPODIO Wood Slice Kayu Natural 15-17cm | Properti foto dekorasi rustic | Alas foto produk hiasan | Kreator UMKM | Kayu alami bulat | Alas properti foto tatakan kayu display nampan woodslice dekorasi rustic natural estetik alas lilin vas,Rp25.000,25000.0
alat-ukir,TAMBAHAN PACKING KAYU KHUSUS EKSPEDISI JNE,Rp30.000,30000.0
alat-ukir,Sanneng SN4833 - 9cm Carve Knife-Wooden Handle / Pisau Ukir Kue,Rp113.300,113300.0
alat-ukir,AZKO Tactix Pahat Kayu 6mm Wood Chisel Pisau Ukir Pahat Kayu Wood Carving Tool Peralatan Memahat,Rp56.300,56300.0
alat-ukir,Brewsuniq - Festive White And Brass Table Knife / Pisau Makan Stainless Elegan Estetik,Rp66.000,66000.0
alat-ukir,Jakemy Memory Metal Tin Scraping Knife - JM-Z12,Rp14.162,14162.0
alat-ukir,Festive Black and Brass Table Knife / Pisau Makan,Rp66.000,66000.0
alat-ukir,Packing Kayu - Pengiriman Ekspedisi JNE Only,Rp100.000,100000.0
alat-ukir,HYUNDAI Pisau Kait Pisau Hook Potong Akrilik PVC Tajam untuk Merapikan Membersihkan Sempilan​,Rp18.300,18300.0
alat-ukir,Packing Khusus Untuk Ekspedisi PACKING KAYU / BUBBLE WRAP,Rp100.000,100000.0
alat-ukir,Krisbow Masonry Chisel Pahat Batu Bata 1.3/4X3/4X8.1/2 Inci,Rp164.100,164100.0
alat-ukir,Cutting dies lace box rectangle lace persegi panjang kartu ucapan,Rp110.000,110000.0
alat-ukir,Krisbow Cold Chisel Mata Pahat 1/2 X 3/8 X 7 Inchi Lrcc1,Rp58.500,58500.0
alat-ukir,"BLITZ D04131 Tatah Kayu 1"" Gagang TPR Alat Ukir Pahat Wood Chisel",Rp124.000,124000.0
alat-ukir,PACKING KAYU KHUSUS PEMBELIAN DI TOKO DIGITALZONE,Rp5.000,5000.0
alat-ukir,BREWSUNIQ Savio Arkea Steak Knife / Pisau Steak Stainless Steel - Mirror Gold / Polish,Rp75.000,75000.0
alat-ukir,Krisbow Wood Chisel Alat Pahat Kayu 2.5 Cm Lrwc25,Rp46.800,46800.0
alat-ukir,Mesin engraver / Alat pengukir / Ukir Kulit Kaca Logam kayu / Electric Carving Pen Engraving Plotter Machine Sojipro,Rp227.000,227000.0
alat-ukir,EXTRA PACKING KAYU UNTUK PEMBELIAN LAPTOP KHUSUS JNE - SNAPDRAGON OFFICIAL,Rp30.000,30000.0
alat-ukir,"Custom Potong - Kapal Merah Marine Plywood | Multiplek Tahan Air untuk DIY, Furniture & Outdoor",Rp1.000,1000.0
alat-ukir,ISKU Pahat Kayu Set Wood Chisel Set Tatah Ukir Kayu 6-32mm Alat Pemahat Kayu,Rp35.600,35600.0
alat-ukir,IMPODIO Bola Kayu Natural Damar 2-4cm | Estetika visual foto produk meningkat | Properti foto makanan minuman | Content creator UMKM fotografer | Kayu Damar asli halus natural 4pcs | Aksesoris properti dekorasi fotografi alas foto minimalis,Rp5.000,5000.0
alat-ukir,Fruit Baller Carving Scoop Sendok Ukir Buah 2 in 1 Stainless Steel,Rp20.000,20000.0
alat-ukir,PISAU UKIR WLXY 9310 ORIGINAL,Rp30.999,30999.0
alat-ukir,Deli Pisau Ukir Metal Set / Craft Knife Set 10 in 1,Rp23.000,23000.0
alat-ukir,AZKO Tactix Ketam Kayu 9 Cm - Hitam,Rp80.400,80400.0
alat-ukir,Krisbow Wood Chisel Alat Pahat Kayu 1.2 Cm Lrwc12,Rp43.700,43700.0
alat-ukir,Packing Kayu Tambahan Paket,Rp80.000,80000.0
alat-ukir,PACKING KAYU PC/KOMPONEN (HANYA JNE DAN JNT),Rp100.000,100000.0
alat-ukir,TAMBAHAN PACKING KAYU KHUSUS JNE - BACA DESKRIPSI,Rp30.000,30000.0
alat-ukir,"Alat Ukir Grafir / Engraver Carve (Kayu, akrilik dll) Nankai",Rp252.000,252000.0
alat-ukir,"HIOSHI /Tatah/Pahat Kayu/Gagang Plastik/Lapis Karet 3/8, 1/2, 5/8, 3/4, 1, 1.1/4, 1.1/2 Inch - HD",Rp44.000,44000.0
alat-ukir,"Prima Stationery Master Stick Es Krim Polos Stik Kayu isi 45 Kualitas Premium untuk Kreasi Anda Tinggi 11,5 cm Jumlah 45-50 pcs per Pak",Rp5.500,5500.0
alat-ukir,PACKING KAYU AMAN UNTUK DILUAR KOTA,Rp150.000,150000.0
alat-ukir,Packing Kayu untuk pengiriman laptop ONLY JNE CARGO/JNE REGULER SELAIN ITU GABISA,Rp30.000,30000.0
alat-ukir,CARVING KNIFE Carving pen pisau ukir craft cutter 13 Set Sojipro,Rp24.000,24000.0
alat-ukir,K55 Borcun Kikir Alat Ukir Kayu Set 5pcs Wood Rotary Rasp Carving File,Rp53.000,53000.0
alat-ukir,Avery Furniture - Tambahan Packing Kayu,Rp70.000,70000.0
alat-ukir,Packing Kayu (Untuk Pengiriman yang lebih aman),Rp20.000,20000.0
alat-ukir,Ezren EZ-0371 Alat Pemotong Kaca Model Pulpen Alat Penanda Garis,Rp14.550,14550.0
alat-ukir,Pisau Cutter SK5 Profesional 10 Pcs Anti Karat dengan Bilah Baja Paduan dan Pisau Berulang,Rp19.000,19000.0
alat-ukir,PACKING KAYU JNE KHUSUS GAMING LAPTOP (6KG),Rp100.000,100000.0
alat-ukir,(HARGA PER HURUF) Kreasikayukuu Custom Nama Custom Tulisan Bahan Plywood 5mm,Rp4.500,4500.0
alat-ukir,Jakemy JM-8158 Pisau Ukir 32 in 1 Woodworking Art knife Hardware,Rp297.295,297295.0
alat-ukir,PACKING KAYU UNTUK KEAMANAN PENGIRIMAN,Rp80.000,80000.0
alat-ukir,Paking Kayu Packing Kayu Peti Kayu,Rp150.000,150000.0
alat-ukir,BREWSUNIQ Savio Arkea Steak Knife / Pisau Steak Stainless Steel - Mirror Gold / Polish,Rp75.000,75000.0
alat-ukir,Tambah Laser engrave custom design,Rp9.000,9000.0
alat-ukir,"Custom Potong - Kapal Merah Marine Plywood | Multiplek Tahan Air untuk DIY, Furniture & Outdoor",Rp1.000,1000.0
alat-ukir,Dies cutting dies clover pattern motif daun semanggi stencil stensils,Rp68.000,68000.0
alat-ukir,10pcs Pisau Ukir Kayu Wood Carving Chisel Vtec Type 2003-10 ATK1278VT,Rp42.500,42500.0
alat-ukir,TAMBAHAN PACKING KAYU KHUSUS JNT KARGO,Rp100.000,100000.0
alat-ukir,"PAKET PACKING KAYU 11 - 14""inch",Rp4.000,4000.0
alat-ukir,AZKO Maxbuilt 120X12X1.2 cm Panel Dinding Motif Kayu - Cokelat Maple Wall Panel Dekorasi Rumah Tempel Hiasan Tembok Motif Home Interior Decoration,Rp119.600,119600.0
alat-ukir,Alat Peraga Menara Besar Kecil - Penerbit Andi - Kayu Belanda - Anak-anak,Rp162.500,162500.0
alat-ukir,Electric Engraving Knife / Adaptor Bor ke Gravir Ukir Listrik EE-102,Rp216.000,216000.0
alat-ukir,BREWSUNIQ Savio Arkea Pisau Dessert Knife Stainless - Mirror Gold / Polish 22.1cm,Rp65.000,65000.0
alat-ukir,Kreasikayukuu Grafir Huruf & Angka Var. A-O | Bahan Kayu Harga Per Huruf Edukasi Anak / Dekorasi Isian Mahar / Seserahan,Rp2.100,2100.0
alat-ukir,PACKING KAYU MONITOR /KOMPONEN (HANYA JNE DAN JNT),Rp50.000,50000.0
alat-ukir,BREWSUNIQ Savio Arkea Table Knife Pisau Makan Stainless Steel - Mirror Polish 23.6cm,Rp55.500,55500.0
alat-ukir,Custom Order By Verrel Wooden Play,Rp4.661.000,4661000.0
alat-ukir,Dies cutting dies winter theme snowflake pattern stencil christmas,Rp98.000,98000.0
alat-ukir,AZKO Maxbuilt 120X2.2X2.2 cm Lis Profil Panel Dinding Motif Kayu - Cokelat Maple Wall Panel Dekorasi Rumah Tempel Hiasan Tembok Motif Home Interior Decoration,Rp46.000,46000.0
alat-ukir,LINXO Character Assistant Pembuat Karakter Mr Octopus Gurita Dari Beads Mainan Anak Kreatif DIY,Rp145.000,145000.0
alat-ukir,NON SPARKING KNIFE / Pisau Kuningan Anti Percikan Api 150mm TOLSEN,Rp480.000,480000.0
alat-ukir,Packing kayu total health gym - Packing kayu - contoh packing kayu,Rp175.000,175000.0
alat-ukir,EXTRA PACKING KAYU (HANYA JNE),Rp100.000,100000.0
alat-ukir,Cutter set craft tools heart flower and water drop,Rp285.000,285000.0
alat-ukir,Pisau planner bekas baja hss full bahan pembuatan bilah baja berkualitas tinggi,Rp100.000,100000.0
alat-ukir,prakarya kardus sudah jadi,Rp20.000,20000.0
alat-ukir,Pahat Kayu 3/8 inch Hasston / Tatah Kayu / Wood Chisel Prohex,Rp25.200,25200.0
alat-ukir,"Pahat Gagang Kayu 3/4"" Inch 18mm Tatah Ukir Cungkil Kayu Carving Knife",Rp25.013,25013.0
alat-ukir,Alat Kikir 5 in 1 Diamond Needle Files Carving Set Pisau Kikir Pahat,Rp22.900,22900.0
alat-ukir,TERMURAH MINIATUR KAYU SEPEDA MOTOR MOBIL KAPAL PESAWAT HELIKOPTER KAYU,Rp15.700,15700.0
alat-ukir,gagang ukir macan singa 13cm,Rp15.500,15500.0
alat-ukir,Pahat Kayu 1/4 inch Hasston / Tatah Kayu / Wood Chisel Prohex,Rp24.700,24700.0
alat-ukir,BRAXTER V Type Slotting Cutter Bit Mata Router / Profil / Trimmer Kayu TCT,Rp53.300,53300.0
alat-ukir,"(1 Paket) Stand Tatakan Kayu Akrilik A5, A6, Wooden Stand Acrylic Bulat Lingkaran, Tatakan Kayu Akrilik Kubah, Dudukan Akrilik Kayu, Standing Akrilik 2 mm untuk Kado wisuda, Ulang Tahun, Wedding",Rp28.000,28000.0
alat-ukir,ESTENIK` (COD) Pisau Ukir Seni Cutter Crafting Art Knife Cutter Set Ukir Pen,Rp4.010,4010.0
alat-ukir,Papan Kayu Jati Perhutani Asli 120x5x1.5cm grade C,Rp45.000,45000.0
alat-ukir,Papan Kayu Jati Perhutani Asli 80x15x1cm Grade C,Rp40.000,40000.0
alat-ukir,Pisau Sembelih Bearing 16 cm,Rp160.000,160000.0
alat-ukir,Tatah Kayu gagang karet / Pahat Kayu MDN 1/2'',Rp25.000,25000.0
alat-ukir,KAWASEI Half Round Chisel pahat kayu,Rp414.000,414000.0
alat-ukir,Kancing Kayu Sepeda Outdoor,Rp2.000,2000.0
alat-ukir,"KAYU/ WOOD KODE I NOMOR 12, 15, 17 - 19 UNTUK DEKORASI",Rp18.650,18650.0
alat-ukir,V-TEC CLAY KNIFE PLASTIK VT 33/6,Rp19.000,19000.0
alat-ukir,Mata mini grinder ukir korek bahan intan Kanaya,Rp40.000,40000.0
alat-ukir,Electric Engraver SELLERY 21-760 / Alat Grafir Ukir Pahat Elektrik,Rp245.000,245000.0
alat-ukir,Pahat Kayu 3/4 inch Hasston / Tatah Kayu / Wood Chisel Prohex,Rp30.700,30700.0
alat-ukir,Set Pisau Kerajinan 6 in 1 Logam Profesional 5 Mata Pisau Multifungsi Untuk Ukir Kayu dan Bonsai Crafting Knife Art Metal Handle Blade Cutter Pisau,Rp24.000,24000.0
alat-ukir,Crafting Art Knife Set 13 in 1 Pisau Ukir Seni Kerajinan Tangan,Rp35.500,35500.0
alat-ukir,"BLITZ PAHAT KAYU 5/8"" TATAH ALAT UKIR GAGANG FIBER 16 MM WOOD CHISEL",Rp41.900,41900.0
alat-ukir,Kaso Kayu Jati Asli 80x3x2cm,Rp16.000,16000.0
alat-ukir,Papan Kayu Jati Perhutani Asli 100X15X2CM Grade C,Rp100.000,100000.0
alat-ukir,V-TEC Craft Knife / Pisau Ukir / Cutter Pen / Art Set CK310,Rp135.000,135000.0
alat-ukir,MAINAN EDUKASI DIY ROBOT CAR RAKITAN KAYU UNTUK ANAK PEMBELAJARAN PENGETAHUAN PUZZLE SAINS LISTRIK GIFT KADO ANAK-ANAK,Rp43.500,43500.0
alat-ukir,KNIFEZER Pisau Ukir Seni Hobby Crafting Art Knife Aluminium Handle - WL-9309,Rp13.400,13400.0
alat-ukir,Papan Kayu Jati Perhutani Asli 40X10X1cm Grade A,Rp18.000,18000.0
alat-ukir,TATAH PAHAT KAYU GAGANG KAYU ALAT UKIR KAYU WOOD CARVING 3/4 INCH,Rp27.500,27500.0
alat-ukir,Bahan kerajinan kayu sonokeling rosewood full galih lepas putih ukuran gagang,Rp7.000,7000.0
alat-ukir,PUZZLE KAYU 3D ANEKA RAGAM,Rp29.600,29600.0
alat-ukir,Kayu sonokeling full galih hitam size bisa reques,Rp10.000,10000.0
alat-ukir,"Alat Kerajinan, 45 Pcs Pahat Ukir Kayu, Tatah Jepara - Set A11",Rp315.000,315000.0
alat-ukir,Balsa Sheet Lebar 10cm - Kayu Balsa Lembaran,Rp4.600,4600.0
alat-ukir,Kayu Sonokeling ukuran 2 x 10 x 50 - 100 cm full galih,Rp85.000,85000.0
alat-ukir,"Kayu Reng List Stick Balok | Sudah Diserut Halus Serbaguna Untuk Kerajinan DIY Dan Lain-lain | Ukuran: 1x3cm 1x4cm 1x5cm 2x2cm 2x3cm 3x3cm 4x4cm Panjang 100cm , 200cm",Rp5.000,5000.0
alat-ukir,PAPAN MAHONI TEBAL 3CM LEBAR 30CM,Rp73.800,73800.0
alat-ukir,Bahan kerajinan kayu sonokeling rosewood full galih,Rp58.000,58000.0
alat-ukir,PACKING KAYU UNTUK KEAMANAN PENGIRIMAN,Rp80.000,80000.0
alat-ukir,Paking Kayu Packing Kayu Peti Kayu,Rp150.000,150000.0
alat-ukir,BREWSUNIQ Savio Arkea Steak Knife / Pisau Steak Stainless Steel - Mirror Gold / Polish,Rp75.000,75000.0
alat-ukir,Tambah Laser engrave custom design,Rp9.000,9000.0
alat-ukir,"Custom Potong - Kapal Merah Marine Plywood | Multiplek Tahan Air untuk DIY, Furniture & Outdoor",Rp1.000,1000.0
alat-ukir,Manekin Tangan Kayu / Wooden Hand / Patung Jari Tangan,Rp120.000,120000.0
alat-ukir,PAPAN CETAKAN RISOL kayu jati,Rp30.000,30000.0
alat-ukir,pain tmaker uni paint px 20 merah,Rp22.000,22000.0
alat-ukir,COD Alat Pisau Ukir Pahat Kayu Untuk Tukang Pengrajin Seni Kayu Crafting Art Wood Bahan Aluminium KNIFEZER,Rp20.300,20300.0
alat-ukir,Round Hole Cutter for Clay Sculpture set 4 Circle Shaping,Rp65.000,65000.0
alat-ukir,Pisau Ukir Seni 13 in 1 Set Alat Pisau Cutter 13 Mata Pisau 3 Handle,Rp45.000,45000.0
alat-ukir,"Perata Abu Kuningan Stik Miring 3,5cm",Rp52.400,52400.0
alat-ukir,KITCHEN GADGET CHARVING KNIFE / PISAU UKIR,Rp38.000,38000.0
alat-ukir,Mainan Bongkar Pasang Mini Set 200gr dengan Kotak Plastik,Rp15.500,15500.0
alat-ukir,Kaso Kayu Pinus Oven Kering Jati Belanda 100x4x4cm Serut Amplas Halus,Rp26.500,26500.0
alat-ukir,ALAT MESIN UKIR GRAFIR GRAVIR ENGRAVER ENGRAVING BESI 13W WIPRO EE101,Rp289.000,289000.0
alat-ukir,Alat Ukir Elektrik Pengukir Penanda Ukiran Kulit Kaca Plastik Logam,Rp79.900,79900.0
alat-ukir,PISAU CINGFONG PANJANG 185MM TEBAL 0.7MM,Rp175.000,175000.0
alat-ukir,magic pen / pena alat pemotong alat ukir segala jenis keramik ubin nat kaca stainles alat potong model pulpen,Rp32.000,32000.0
alat-ukir,TERMURAH MINIATUR KAYU SEPEDA MOTOR MOBIL KAPAL PESAWAT HELIKOPTER KAYU,Rp15.900,15900.0
alat-ukir,Papan Kayu Jati Perhutani Asli 80x15x1cm,Rp47.500,47500.0
alat-ukir,Kayu Gaharu Wangi Kalimantan 1Kg - Bahan Baku Berkualitas cendana,Rp20.000,20000.0
alat-ukir,KAMPAK CAMEL GAGANG KARET KAPAK CAMEL,Rp71.750,71750.0
alat-ukir,Potongan Bambu hitam 30cm,Rp6.500,6500.0
alat-ukir,PAHAT KAYU WOOD CHISEL GAGANG FIBER USA 1.5 ALAT TATAH KAYU 1 1/2 INCH,Rp47.910,47910.0
alat-ukir,"Pahat Kayu Gagang Kayu MURAH 5/8"" inch",Rp15.000,15000.0
alat-ukir,Jasa Grafire dan Engrave Kayu - Akrilik - Kaca bahan datar,Rp20.000,20000.0
alat-ukir,Set Alat Pisau Ukir Seni 13 in 1 Crafting Art Knife with 3 Handle,Rp38.900,38900.0
alat-ukir,"CAMEL Pahat Kayu Gagang Fiber 1 1/2"" In Inch | Tatah Kayu| Wood Chisel",Rp35.000,35000.0
alat-ukir,Kayu sengon amplas halus 1 pcs,Rp12.500,12500.0
alat-ukir,Papan Kayu Jati Asli 40X10X2CM GRADE C,Rp28.000,28000.0
alat-ukir,"Pahat Kayu , Alat Pahat Gagang Fiber 5/8'' - Morizt",Rp36.000,36000.0
alat-ukir,SAMOYED SCTS-L06 Alat Ukir / Pahat Seni Patung / Pot Tanah Liat Polimer / Keramik / Lilin / Dekorasi Kue / Pottery / Polymer / Ceramic Clay / Wax / Plaster / Cake Frosting Sculpting / Modeling / Carving Tools,Rp41.200,41200.0
alat-ukir,EELIC PKT-T18MM Papan kayu triplek dengan tebal 18 mm cocok untuk membuat furniture,Rp80.000,80000.0
alat-ukir,EELIC PKT-T18MM Papan kayu triplek dengan panjang 50x50,Rp58.000,58000.0
alat-ukir,Alat Terasin Kayu dengan Desain Praktis dan Fungsional untuk Penggunaan Harian,Rp30.000,30000.0
alat-ukir,Lingkaran Bulatan Polos Dekorasi Mahar Bahan Akrilik | Dome Untuk Hiasan Mahar | Akrilik Lingkaran,Rp13.650,13650.0
alat-ukir,Papan pakis ukuran 20x10 cm,Rp5.500,5500.0
alat-ukir,"Papan ambalan mahoni 1,8 cm x 10 cm",Rp9.560,9560.0
alat-ukir,PAHAT KAYU 1/2 INCH CAMEL,Rp20.250,20250.0
alat-ukir,PENA UKIR TUNGSTEN METAL TIP HARGA PER BUAH,Rp13.500,13500.0
alat-ukir,MULTIPLEK/TRIPLEK 6MM kondisi baru ukuran lengkap bisa CUSTOM untuk memenuhi kebutuhan Anda,Rp3.600,3600.0
alat-ukir,"dowel kayu panjang 120 cm diameter 2,2cm , mulus halus",Rp5.000,5000.0
alat-ukir,"gagang sapu/ kayu dowel 2cm/50cm, kayudowel/bahanmacrame / kayubulat / kayu bahan kerajinan/macrame",Rp2.900,2900.0
alat-ukir,Pisau Ukir Buah Pisau Garnish Set isi 4 Pisau Carving Alat Ukir Buah,Rp145.000,145000.0
alat-ukir,Papan Kayu Jati Perhutani Asli 110X10X1CM GRADE C,Rp42.500,42500.0
alat-ukir,PISAU GARNISH UKIR SAYUR BUAH bonsai buah kelapa 4pcs SET,Rp74.500,74500.0
alat-ukir,Puzle Wood Custome Kayu Jati Belanda Ukuran 20x20 cm Tinta Laser Cat Varnish Waterbased Bisa Request Foto dan Tulisan,Rp135.000,135000.0
alat-ukir,Jasa Engrave Laser Custom Logo nama kayu produk skalla,Rp12.000,12000.0
alat-ukir,SALE! PAHAT KAYU / ALAT PAHAT CUNGKIL UKIR / WOOD CHISEL GAGANG KAYU,Rp25.913,25913.0
alat-ukir,Tekiro Pisau Potong Kaca 2-19mm / Glass Cutter / Alat Pemotong Kaca,Rp76.400,76400.0
alat-ukir,Pena Pengukir? Pena Pengukir Portabel? Pena Pengukir?,Rp14.500,14500.0
alat-ukir,Alat Grafir Besar Logan/Alat Ukir/Engraver,Rp441.000,441000.0
alat-ukir,Wipro Tata Kayu Model U Handle Fiber - CRV,Rp104.000,104000.0
alat-ukir,KAYU RENG JATI 1×1×100 CM ISI 10 PCS KAYU STICK JATI KAYU JATI BAHAN KERAJINAN stik,Rp40.000,40000.0
alat-ukir,Kayu jati asli lokal ukuran 1 x 10 x 50 cm bisa custom ukuran,Rp27.000,27000.0
alat-ukir,Gapit wayang biasa isi 10 Bambu hitam,Rp29.900,29900.0
alat-ukir,"Kikir Besi (Matras) Set 4pcs 8"" Wipro",Rp174.000,174000.0
alat-ukir,Sendok Semen Galur ORI Keling Empat dengan Pegang Kayu dan Bentuk Khas,Rp18.900,18900.0
alat-ukir,"Tatah Kayu BISON 3/4"" Inch Pahat Ukir Wood Chisels",Rp24.500,24500.0
alat-ukir,Papan Kayu Jati Perhutani Asli 25x25x3cm,Rp62.500,62500.0
alat-ukir,Kaso Kayu Jati Perhutani Asli 90x6x4cm,Rp82.500,82500.0
alat-ukir,Rak Dinding Ambalan Kayu Jati Asli Natural Erosi Prefinished A3 90cm,Rp310.000,310000.0
alat-ukir,tongkat kayu galih bidara Asli ukir panjang 35 cm,Rp75.000,75000.0
alat-ukir,"dowel kayu bulat 15 mm/ 1,5cm kayu gamelina dan kayu pinus",Rp2.250,2250.0
alat-ukir,Festive Black and Brass Table Knife / Pisau Makan,Rp66.000,66000.0
alat-ukir,BREWSUNIQ Savio Arkea Steak Knife / Pisau Steak Stainless Steel - Mirror Gold / Polish,Rp75.000,75000.0
alat-ukir,AZKO Tactix Pahat Kayu 1.3 cm Wood Chisel Pisau Ukir Pahat Kayu Wood Carving Tool Peralatan Memahat,Rp58.700,58700.0
alat-ukir,Tambahan Packing Kayu Pengiriman Aman,Rp35.000,35000.0
alat-ukir,"Custom Potong - Kapal Merah Marine Plywood | Multiplek Tahan Air untuk DIY, Furniture & Outdoor",Rp1.000,1000.0
alat-ukir,"Scrapper 3"" Wood Handle Scraper Wood Handle 3 inch Gagang Kayu",Rp5.400,5400.0
alat-ukir,Kayu sonokeling full galih ready sangat banyak ukuran 2.5 x 2.5 x 11cm,Rp6.000,6000.0
alat-ukir,Papan Kayu Jati Perhutani Asli 60x10x1cm Grade C,Rp19.950,19950.0
alat-ukir,Papan Kayu Jati Perhutani Asli 50x10x0.5cm,Rp13.750,13750.0
alat-ukir,Tatah Pahat Wayang kelas pemula,Rp250.000,250000.0
alat-ukir,Gagang Pisau Kecil Kayu Pengganti Tangkai Pisau,Rp3.500,3500.0
alat-ukir,Plywood / Triplek 18mm Meranti MC UTY BBCC UT BETTER Furniture Grade 18 mm,Rp319.000,319000.0
alat-ukir,BESTGUARD HOBBY KNIFE SET PISAU UKIR PAHAT CUTTER SET 8 PROHEX CMART,Rp78.666,78666.0
alat-ukir,PROMO PAHAT KAYU GAGANG FIBER TATAH KAYU 16MM / WOOD CHISEL 5/8 INCH,Rp27.050,27050.0
alat-ukir,Tempat Payung Dudukan Payung Bendera,Rp175.000,175000.0
alat-ukir,6 in 1Wood Carving Knife Set Pisau Ukir Pahat Kerajinan Kayu DIY A061,Rp13.280,13280.0
alat-ukir,"4181A026 RING SET PERKINS,ASLI ,GENUINE TYPE 1004T,1006T",Rp790.000,790000.0
alat-ukir,Pisau Ukir Seni Pisau Bonsai Sayat Cutter Hobby Crafting Art Knife Metal Handle Blade Pen Cutter,Rp10.400,10400.0
alat-ukir,Set Pisau Ukir Pahat Seni Kayu 13 in 1 Tajam dengan 3 Handle untuk Mengukir Benda Keras dan Kerajinan Kayu,Rp33.700,33700.0
alat-ukir,Wooden Hand - Manekin Tangan,Rp195.000,195000.0
alat-ukir,Pisau Ukir Runcing Dari Baja Karbon Tinggi Kontrol Mata Pisau Yang Presisi Tanpa Selip Cocok Untuk Pembuatan Model Pemotongan Jurnal Dan Ukiran Kulit Menciptakan Karya Seni Yang Indah,Rp12.800,12800.0
alat-ukir,Pisau Ukir Pahat Kayu 6 pcs SET Wood Carving Art Hobby Knife V-TEC,Rp25.900,25900.0
alat-ukir,Pisau Seni Kerajinan Ukir Pahat Kulit Pahat Kayu Leather Craft Art,Rp32.000,32000.0
alat-ukir,alat cukil handle merah set 6,Rp53.900,53900.0
alat-ukir,PENA UKIR TUNGSTEN METAL TIP HARGA PER PCS,Rp12.500,12500.0
alat-ukir,pisau buntung - pisau pepaya - pisau garnish,Rp6.500,6500.0
alat-ukir,"COD papan kayu sonokeling full galih size 3,5 x 3,5 x 17 cm bisa request size",Rp7.000,7000.0
alat-ukir,Tramobearing - Pisau Sembelih Bearing,Rp210.000,210000.0
alat-ukir,Papan Kayu Jati Perhutani Asli 24.5x14x3.5cm,Rp50.000,50000.0
alat-ukir,Custom ukuran kayu sonokeling full galih,Rp26.000,26000.0
alat-ukir,13 in 1 Art carving knife pisau ukir sayat bonsai buah kelapa putih,Rp35.000,35000.0
alat-ukir,Refill Mata Pisau Alat Kerok Nat Keramik / Replacement Blade,Rp14.300,14300.0
alat-ukir,Kayu Macrame Dowel Bulat 20cm 30cm 40cm s/d 150cm untuk Penopang Macrame Panjang 1m Diameter 2cm,Rp5.000,5000.0
alat-ukir,mata intan mesin grafir,Rp500.000,500000.0
alat-ukir,Set Pisau Ukir Seni 13 in 1 Crafting Knife 3 Handle,Rp100.000,100000.0
alat-ukir,"Pahat Kayu 1/2 Inch Gagang Fiber | Alat Ukir 5/8"" | Tatah Kayu 3/4""",Rp22.900,22900.0
alat-ukir,SCALPEL pisau bedah cutter pen pisau ukir art knife SET Handle + 10pcs mata,Rp18.622,18622.0
alat-ukir,Cod kayu sonokeling full galih | ukuran bisa custom | bahan kerajinan,Rp22.000,22000.0
alat-ukir,KNIFEZER Pisau Ukir Pahat Seni Hobby Crafting Art Knife Aluminium Handle - WL-9309,Rp19.600,19600.0
alat-ukir,WOOD CARVING KNIFE ALAT PAHAT CUNGKIL TATAH KAYU 1 1/2 INCH ALAT UKIR,Rp25.000,25000.0
alat-ukir,Kaso Kayu Jati Perhutani Asli 40x4x4cm,Rp24.500,24500.0
alat-ukir,Pahat Kayu 24mm Wipro CRV Tatah Kayu Gg Fiber Kikir Kayu Wood Chisel,Rp79.500,79500.0
alat-ukir,paintmaker uni paint px 20 merah,Rp22.000,22000.0
alat-ukir,Woodworking Mini Planer Tukang Kayu Model Membuat Papan Kayu Ringan Alat Serut Ukir Kayu Mini,Rp48.000,48000.0
alat-ukir,500pcs stik es krim kayu stick ice cream polos kerajinan sekolah prakarya hasta karya tangan,Rp34.000,34000.0
alat-ukir,"Alat Kerajinan 1 Set Pahat/Tatah Ukir Kayu Jepara, Pahat Bonsai Set A9",Rp80.000,80000.0
alat-ukir,dowel kayu bulat 2 cm/20mm kayu gamelina dan kayu pinus,Rp3.500,3500.0
alat-ukir,Kepingan Loster 20 x 20 cm Motif Kembang Kayu Jati Mahoni,Rp12.000,12000.0
alat-ukir,【Produk Baru】Alat Ukir Seni Pahat Kayu 1 Set 6 Pcs Pottery Ukiran Kayu Tembikar Tanah Liat Pot Tanah Liat Polimer Dekorasi Kue,Rp36.000,36000.0
alat-ukir,"Satu set pisau raut, pisau kerajinan Serbaguna, pisau bonsai isi 5 pcs plus kotak kayu",Rp150.000,150000.0
alat-ukir,Papan Mahoni lebar 25cm tebal 3cm | Papan Ambalan,Rp85.312,85312.0
alat-ukir,"Alat Kerajinan, Alat Ukir Kayu Jepara SAPUAN Putih, isi 43 Pcs - Set A1",Rp620.000,620000.0
alat-ukir,BISON G11150 Pisau Ukir Pahat Kayu Hobby Cutter Knife Set 13 Pcs,Rp15.000,15000.0
alat-ukir,pisau bedah cutter pen pisau ukir art knife SET Handle + 10pcs mata SCALPEL BLADE,Rp14.000,14000.0
alat-ukir,"Paking kayu , sesuai ukuran produk yang di pesan",Rp250.000,250000.0
alat-ukir,V-TEC Plastik Pisau Ukir Doff Kuning VT 23A/5 VT-23A/5 Clay Knife,Rp35.600,35600.0
alat-ukir,Pisau Ukir Alat Pahat Kayu Wood Craving Knife 5pcs,Rp17.599,17599.0
alat-ukir,Pahat Kayu Gagang Fiber 5/16 Inch Tatah Kayu Ketok Cungkil Kayu 8mm,Rp25.013,25013.0
alat-ukir,"Kayu sonokeling full galih sudah serut halus ukuran 3,5 x 3,5 x 17 cm",Rp20.000,20000.0
alat-ukir,V-TEC Wood Carving Tools set 3 Alat Ukir Cukil Pahat Kayu,Rp15.000,15000.0
alat-ukir,"Paku Kayu Seri 2cm 2,5cm 3,5cm 4cm 4,5cm 5cm 6,5cm 7cm 7,5cm 10cm 12cm Eceran 1KG",Rp23.100,23100.0
alat-ukir,"Wipro Tatah Pahat Tata Kayu 1 1/2"" 38MM HANDLE FIBER",Rp90.500,90500.0
alat-ukir,LINO WOOD CLAY CARVING TOOL SET PISAU SUDIP ALAT UKIR PAHAT KAYU CUKIL KARET TANAH LIAT SABUN,Rp69.575,69575.0
alat-ukir,Knifezer A-003 Pisau Ukir Seni 1 Set 13 in 1 Pisau Ukir Carving Art Knife Cutter Blade 13 Buah Pisau Ukir Kerajinan Pisau Pemotong Kertas Pemotong Ukiran Kit Pisau Bedah 13 in 1 Pisau Ukir Pisau Kerajinan Ponsel PCB,Rp13.900,13900.0
alat-ukir,"pisau pemotong tepi kayu, taco sheet edge trimmer scraper knife cutter",Rp18.000,18000.0
alat-ukir,Festive Black and Brass Table Knife / Pisau Makan,Rp66.000,66000.0
alat-ukir,BREWSUNIQ Savio Arkea Steak Knife / Pisau Steak Stainless Steel - Mirror Gold / Polish,Rp75.000,75000.0
alat-ukir,AZKO Tactix Pahat Kayu 1.3 cm Wood Chisel Pisau Ukir Pahat Kayu Wood Carving Tool Peralatan Memahat,Rp58.700,58700.0
alat-ukir,Tambahan Packing Kayu Pengiriman Aman,Rp35.000,35000.0
alat-ukir,"Custom Potong - Kapal Merah Marine Plywood | Multiplek Tahan Air untuk DIY, Furniture & Outdoor",Rp1.000,1000.0
alat-ukir,PAPAN NAMA / WOOD SLICE/ WOOD SLICE LASER / ENGRAVING / GRAFIR NAMA,Rp14.310,14310.0
alat-ukir,L - Cobek Oval kayu 1 Set - Cobek Oval - Biwoodcraft,Rp59.900,59900.0
alat-ukir,Paking Kayu untuk Kusen Aluminium dan Kaca,Rp30.000,30000.0
alat-ukir,PAHAT 90751 CENTRE PUNCH 4MM SATA,Rp88.350,88350.0
alat-ukir,Papan Kayu Jati Perhutani Asli 100x30x2cm,Rp395.000,395000.0
alat-ukir,"lempengan Peralon datar ukuran 34x30,lembaran peralon pvc bisa cod harga termurah Proyektor Alat Miniatur Truk Kerajinan Toys",Rp31.800,31800.0
alat-ukir,"Pahat Ukir Kayu, Tatah Ukir Jepara Plus Palu dan Kotak, Isi 20 Pcs, Set B15",Rp179.000,179000.0
alat-ukir,Papan Kayu Jati Perhutani Asli 150X15X1.5CM,Rp135.000,135000.0
alat-ukir,Papan Kayu Jati Perhutani Asli 80x15x2cm Grade C,Rp92.500,92500.0
alat-ukir,Papan Kayu Jat Perhutani Asli 150x5x1.5cm grade A,Rp50.000,50000.0
alat-ukir,kayu packing untuk tambahan pengemasan,Rp60.000,60000.0
alat-ukir,PISAU GARNISH UKIR SET SAYUR BUAH bonsai buah kelapa,Rp65.700,65700.0
alat-ukir,Alat Perapih Tepi HPL Kayu Edge Trimmer Manual,Rp17.999,17999.0
alat-ukir,Pisau Deburring Tool Pisau Scraper Logam Plastik Tembaga Aluminium,Rp59.500,59500.0
alat-ukir,kikir pisau 8 inch india,Rp66.000,66000.0
alat-ukir,bahan akar bahar hitam asli,Rp80.000,80000.0
alat-ukir,Maket Rumah Ibadah Free Packing Bubble wrap dan Kardus,Rp88.000,88000.0
alat-ukir,Alat Pisau Pengupas Stiker Serbaguna Scraper Knife Sticker Remover,Rp17.000,17000.0
alat-ukir,Rak Dinding Ambalan Kayu Jati Asli Natural Prefinished A2 80cm,Rp300.000,300000.0
alat-ukir,Papan Kayu Jati Perhutani Asli 90X30X3cm,Rp450.000,450000.0
alat-ukir,Pisau Raut Wood Carving Knife Pisau Ukir Set Pisau Ukir Styrofoam Alat Pahat Kayu Wood Carving Knife Pisau Ukir Kayu Model U,Rp95.500,95500.0
alat-ukir,Pisau ukir carving buah atau sayuran full stainless HK,Rp139.000,139000.0
alat-ukir,"Tatah /Pahat 1/4"" Gagang Kayu Cap MATA",Rp19.400,19400.0
alat-ukir,ALAT UKIR GRAFIS CINCIN LEMARI BATU ENGRAVE IT PEN ALAT UKIR,Rp16.875,16875.0
alat-ukir,"Pahat Kayu Gagang Kayu MURAH 11/2"" inch",Rp20.000,20000.0
alat-ukir,Bahan kerajinan Kayu sonokeling full galih paket isi 20,Rp17.000,17000.0
alat-ukir,Pahat Kayu Pres Camel / Pahat Kayu gagang fiber Camel,Rp42.000,42000.0
alat-ukir,kikir 1/2 setengah bulat gagang fiber tipe usa stamvick 6inch,Rp48.500,48500.0
alat-ukir,120PCS Refill Amplas Ring + 12PCS Mandrel Amplas Drum untuk Mini Grinder Kertas Pasir Gosok Bulat Drum,Rp50.250,50250.0
alat-ukir,Pahat Kayu 38mm Wipro CRV Tatah Kayu Gg Fiber Kikir Kayu Wood Chisel,Rp90.500,90500.0
alat-ukir,PAHAT KAYU GAGANG FIBER MASSAKI 1/2” DAN 1” INCH BARU BAGUS,Rp25.750,25750.0
alat-ukir,"PAHAT UKIR PAHAT KAYU 1/4 "" 3/8 "" 3/4 "" 1 "" 1 1/4 "" TATAH KAYU UKIR",Rp16.500,16500.0
alat-ukir,"Wipro Tatah Pahat Tata Kayu 3/4"" 18MM HANDLE FIBER",Rp76.000,76000.0
alat-ukir,Terpentine Srikandi / Terpentin Botol,Rp11.500,11500.0
alat-ukir,Kaso Kayu Jati Perhutani Asli 50x3x2cm,Rp9.500,9500.0
alat-ukir,Gagang Pisau Bedah No 11 & No 23 - Tools Kit Knife Handle Set Relife RL-101J,Rp8.500,8500.0
alat-ukir,Kayu/kisi kisi/fasad KASO 5x7cm,Rp60.500,60500.0
alat-ukir,kayu ranting jati 20cm 30cm 40cm 50cm 60cm 70cm 100cm 120cm 150cm 200cm,Rp6.000,6000.0
alat-ukir,Papan Kayu Mahoni Premium 55cm x Tebal 2cm | Solid | Amplas Halus Siap Pakai | Custom Panjang,Rp180.400,180400.0
alat-ukir,"Alat Ukir Jepara, Pahat Ukir Kayu, Isi 43 Pcs, Set B9",Rp300.000,300000.0
alat-ukir,"7 Pahat Jepara, Tatah Ukir 5 Kol dan 2 Coret",Rp70.000,70000.0
alat-ukir,"Alat Kerajinan, 7 Pahat Jepara, Tatah Ukir 4 Kol dan 3 Coret, Pahat Bonsai Paket N7",Rp72.500,72500.0
alat-ukir,ESSDEE Lino Cutter & Handle Set 11 Pegangan Pemotong Lino,Rp195.000,195000.0
alat-ukir,gelang agatis natuna jumbo,Rp140.000,140000.0
alat-ukir,Karet Lino Cukil Speedball Linoleum Block Printing Surface Printmaking,Rp340.000,340000.0
alat-ukir,Alat Grafir Ukir Mini Engraver Mini Grinder Alat Mesin Ukir Listrik 220v,Rp143.500,143500.0
alat-ukir,pisau garnish set talenan / pisau garnish / pisau ukir / pisau ukir buah sayur,Rp49.900,49900.0
alat-ukir,"Alat Kerajinan, 3 Pahat Ukir Kayu Jepara, Tatah Jenis Penyilat (Datar) KECIL , Set K3",Rp25.000,25000.0
alat-ukir,multi knife pisau ukir pisau set pisau pahat pisau potong satu set 14pcs hobby knife cmart pisau grafir,Rp280.000,280000.0
alat-ukir,Kayu Hadiah Unik Kerajinan Tangan Turun Temurun 18-12cm - Rumah,Rp19.000,19000.0
alat-ukir,cutter set 13pcs / pisau ukir / alat ukir / hobby craft set,Rp33.280,33280.0
alat-ukir,Edging Trimmer TACO Alat Potong PVC Banding Pisau Tepi HPL Cutter,Rp29.988,29988.0
alat-ukir,PAPAN AMBALAN TIPIS KAYU PINUS PILIHAN,Rp17.500,17500.0
alat-ukir,Wood Carving Chisels Knife Pisau Ukir Alat Cukil Pahat Set 3,Rp15.000,15000.0
alat-ukir,Set 3 pcs Pahat tatah kayu CRV logam crome vanadium,Rp115.000,115000.0
alat-ukir,Pisau Ukir Seni Hobby Crafting Art Knife Aluminium Handle,Rp17.700,17700.0
alat-ukir,jig saw ryu rjs 65 1e geegaji potong triplek ryu rjs1e,Rp800.000,800000.0
alat-ukir,Tespen Rumah Ac Model Pulpen + Tutup,Rp17.900,17900.0
alat-ukir,"Pahat Kayu Gagang Kayu MURAH 1"" inch",Rp16.500,16500.0
alat-ukir,Custom ukuran kayu sonokeling full galih | ukuran lain bisa custom,Rp10.000,10000.0
alat-ukir,EXTRA PACKING KAYU UNTUK PEMBELIAN LAPTOP KHUSUS JNE - SNAPDRAGON OFFICIAL,Rp30.000,30000.0
alat-ukir,Sanneng - SN4833 9cm Carve Knife-Wooden Handle,Rp113.300,113300.0
alat-ukir,Mesin engraver / Alat pengukir / Ukir Kulit Kaca Logam kayu / Electric Carving Pen Engraving Plotter Machine Sojipro,Rp227.000,227000.0
alat-ukir,IMPODIO Bola Kayu Natural Damar 2-4cm | Estetika visual foto produk meningkat | Properti foto makanan minuman | Content creator UMKM fotografer | Kayu Damar asli halus natural 4pcs | Aksesoris properti dekorasi fotografi alas foto minimalis,Rp5.000,5000.0
alat-ukir,Packing Kayu - Pengiriman Ekspedisi JNE Only,Rp100.000,100000.0
alat-ukir,besi penyangga bahan plat besi / tatakan plat tebal sesuai dengan foto,Rp9.000,9000.0
alat-ukir,Paket 9 pcs Baki Hantaran Frame 7 cm,Rp830.000,830000.0
alat-ukir,CAMEL Pahat Kayu Set (8 Pcs) 1/4 3/8 1/2 5/8 3/4 1 1-1/4 1-1/2 Inch,Rp185.000,185000.0
alat-ukir,Papan Kayu Jati Perhutani Asli 70X10X0.5cm,Rp19.250,19250.0
alat-ukir,Pisau Ukir Seni WL-9309,Rp15.939,15939.0
alat-ukir,papan dan balok kayu sonokeling full galih,Rp120.000,120000.0
alat-ukir,Edging trimmer HUBEN alat merapikan putong sudut HPL / Manual Edge Trimmer,Rp11.822,11822.0
alat-ukir,Ulekan Kayu Aren Muntu Kayu Aren produk original,Rp12.900,12900.0
alat-ukir,PAPAN AMBALAN TIPIS KAYU PINUS PILIHAN,Rp17.500,17500.0
alat-ukir,Edging Trimmer TACO Alat Potong PVC Banding Pisau Tepi HPL Cutter,Rp29.988,29988.0
alat-ukir,cutter set 13pcs / pisau ukir / alat ukir / hobby craft set,Rp33.280,33280.0
alat-ukir,Pena Ukir Tungsten Carbide Metal Tip Penggores Besi Kaca Keramik Kayu,Rp24.500,24500.0
alat-ukir,Pisau Ukir Seni Hobby Crafting Art Knife Aluminium Handle,Rp17.700,17700.0
alat-ukir,jig saw ryu rjs 65 1e geegaji potong triplek ryu rjs1e,Rp800.000,800000.0
alat-ukir,Tespen Rumah Ac Model Pulpen + Tutup,Rp17.900,17900.0
alat-ukir,PISAU UKIR KAYU V-TEC WOOD CARVING CHISELS SET 6 PCS TYPE 2003-6,Rp27.500,27500.0
alat-ukir,Gelang Kayu Violet Wood Ungu Ukir Lotus 20mm D443,Rp250.000,250000.0
alat-ukir,miniatur vw combi souvenir kayu Set Hadiah hiasan Buatan tangan Asli Miniature,Rp15.900,15900.0
alat-ukir,Pisau Ukir Seni pen cutter Metal Handle with dengan 5 PCS Blade,Rp9.900,9900.0
alat-ukir,Custom ukuran kayu sonokeling full galih | ukuran lain bisa custom,Rp10.000,10000.0
alat-ukir,Alat DIY Kulit Leathercraft Hole Punches Stitching Tool 1+2+4+6 Prong,Rp55.000,55000.0
alat-ukir,Kayu sonokeling full galih | bahan kerajinan custom ukuran,Rp18.000,18000.0
alat-ukir,Kayu sonokeling full galih custom | untuk berbagai bahan kerajianan,Rp173.000,173000.0
alat-ukir,Papan Kayu Mahoni Premium 45cm x Tebal 2cm | Solid | Amplas Halus Siap Pakai | Custom Panjang,Rp144.648,144648.0
alat-ukir,Balok kayu sonokeling full galih size 5 x 7 x 50,Rp108.000,108000.0
alat-ukir,Invoice Papan Ambalan Meja Konsol Kayu Jati Asli Natural Erosi A4 100cm,Rp880.000,880000.0
alat-ukir,Papan Kayu Jati Perhutani Asli 70x15x2cm Grade C,Rp80.000,80000.0
alat-ukir,PAHAT UKIR KAYU / WOOD CHISEL CARVING ALDO,Rp89.999,89999.0
alat-ukir,PISAU GARNISH UKIR SAYUR BUAH bonsai buah kelapa 4 pcs SET,Rp74.500,74500.0
alat-ukir,Dowel Kayu 6 MM (100 Pcs) A.CF04 Connecting Fitting Natural Wood,Rp13.000,13000.0
alat-ukir,Pisau Cutter Tajam Winston bendera knife,Rp11.900,11900.0
alat-ukir,Pipa kayu kokka antik unik,Rp30.000,30000.0
alat-ukir,TERMURAH MINIATUR KAYU SEPEDA MOTOR MOBIL KAPAL PESAWAT HELIKOPTER KAYU,Rp15.900,15900.0
alat-ukir,KNIFEZER Set Pisau Ukir Seni 13 in 1 Crafting Knife 3 Handle - A-003,Rp42.800,42800.0
alat-ukir,Kikir kayu gepeng 10 inch flat files bastard kikir kasar pipih flat,Rp37.000,37000.0
alat-ukir,"BLITZ PAHAT KAYU 3/8"" TATAH ALAT UKIR GAGANG FIBER 10 MM WOOD CHISEL",Rp50.900,50900.0
alat-ukir,cutter pisau alat ukir seni pahat art clay sculpting,Rp118.065,118065.0
alat-ukir,GAGANG JAGAL KAYU S0N0KELING FUL GALIH,Rp28.000,28000.0
alat-ukir,tongkat komando kayu tesek sulaiman di ukir sholawat fatih,Rp120.000,120000.0
alat-ukir,Kaso Kayu Jati Perhutani Asli 40x3x3cm,Rp10.000,10000.0
alat-ukir,papan Kayu kopi media tanam anggrel dll,Rp8.000,8000.0
alat-ukir,Mata Pisau Varotex V2 dan V2,Rp200.000,200000.0
alat-ukir,Pisau Cutter Tajam Stainless Baja Multifungsi Kunci Pas Pemotong Serba Guna Anti karat,Rp17.100,17100.0
alat-ukir,PAHAT KAYU CAMEL 1 INCH,Rp23.000,23000.0
alat-ukir,Multiplek/Triplek 5mm Putih Halus Dua Sisi Kualitas Terbaik Cocok untuk Berbagai Kebutuhan Anda Material Bersih Rapi,Rp6.500,6500.0
alat-ukir,Alat ukir Gagang Plastik No 11Pisau IC Pen Cutter 770293,Rp7.500,7500.0
alat-ukir,Set Pisau Ukir Sayat Bonsai Kelapa 13 in 1 Crafting Art Knife with 3 H,Rp30.867,30867.0
alat-ukir,Komponen papan kayu sonokeling rosewood full galih ukuran 3 x 10 x 100 cm,Rp330.000,330000.0
alat-ukir,Pisau Ukir Multiwarna Dengan Gagang Anti Selip Cocok Untuk Stempel Karet Ukiran Kayu Dan Kerajinan Kertas Alat Yang Ampuh Bagi Penggemar Kerajinan Untuk Menciptakan Karya Yang Rumit,Rp14.500,14500.0
alat-ukir,HYC-308 Pisau Cutter Ukir Set 10 in1 Box Magnet Pen Sayat Art Seni Craft Carving Hobby Knife,Rp59.000,59000.0
alat-ukir,Mix kayu rengas dan sonokeling pesanan custom ukuran,Rp48.000,48000.0
alat-ukir,Papan Kayu Jati Perhutani Asli 80X12X1.5CM,Rp55.000,55000.0
alat-ukir,Papan Kayu Jati Perhutani Asli 100x10x1.5cm Grade A,Rp65.000,65000.0
alat-ukir,Papan Kayu Jati Perhutani Asli 70X10X1.5cm,Rp40.000,40000.0
alat-ukir,Kayu sonokeling full galih ukuran bisa custom,Rp220.000,220000.0
alat-ukir,Pisau Ukir Seni isi 5 Cutter Hobby Crafting Art Knife Metal Handle Blade / Pisau Bonsai,Rp10.926,10926.0
alat-ukir,Glass Diamond Cutter Tile Handheld / Alat Pemotong Penjepit Pematah,Rp35.000,35000.0
alat-ukir,Rakel sablon/ rakel kayu untuk sablon kertas,Rp25.000,25000.0
alat-ukir,keping kayu dowel jati belanda diameter 3 cm panjang 10cm harga per 5pcs,Rp15.000,15000.0
alat-ukir,Alat Ukir Grafir Listrik Iwa Tools Besi Kayu Keramik Electric Engraver,Rp210.000,210000.0
alat-ukir,EXTRA PACKING KAYU UNTUK PEMBELIAN LAPTOP KHUSUS JNE - SNAPDRAGON OFFICIAL,Rp30.000,30000.0
alat-ukir,Sanneng - SN4833 9cm Carve Knife-Wooden Handle,Rp113.300,113300.0
alat-ukir,Mesin engraver / Alat pengukir / Ukir Kulit Kaca Logam kayu / Electric Carving Pen Engraving Plotter Machine Sojipro,Rp227.000,227000.0
alat-ukir,IMPODIO Bola Kayu Natural Damar 2-4cm | Estetika visual foto produk meningkat | Properti foto makanan minuman | Content creator UMKM fotografer | Kayu Damar asli halus natural 4pcs | Aksesoris properti dekorasi fotografi alas foto minimalis,Rp5.000,5000.0
alat-ukir,Packing Kayu - Pengiriman Ekspedisi JNE Only,Rp100.000,100000.0
alat-ukir,"Floral Floding Knife (1229D), pisau lipat, pisau bunga, florist supply",Rp15.000,15000.0
alat-ukir,besttools set Pisau ukir pahat kayu 12 in 1 Wood carving Ary chisel,Rp143.900,143900.0
alat-ukir,TERMURAH MINIATUR KAYU SEPEDA MOTOR MOBIL KAPAL PESAWAT HELIKOPTER KAYU,Rp15.900,15900.0
alat-ukir,V Shape Engraving / Mata Pisau Grafir / Ukir kayu,Rp80.000,80000.0
alat-ukir,Plywood / Triplek 12mm Meranti MC UTY BBCC UT BETTER Furniture Grade 12 mm,Rp236.000,236000.0
alat-ukir,pisau sembelih super tajam set anak,Rp230.000,230000.0
alat-ukir,"CAMEL Pahat Kayu Gagang Fiber 3/8"" In Inch | Tatah Kayu | Wood Chisel",Rp21.000,21000.0
alat-ukir,BRAXTER Dovetail Bit Mata Router / Profil / Trimmer Kayu TCT,Rp37.300,37300.0
alat-ukir,Set Ukir Seni 13 in 1 Crafting 3 Handle - A-003,Rp29.689,29689.0
alat-ukir,Ready papan kayu mahoni ukuran 2 x 10 x 50 cm bisa custom ukuran,Rp48.000,48000.0
alat-ukir,Papan Kayu Jati Perhutani Asli 140x12.5x1cm Grade C,Rp67.500,67500.0
alat-ukir,Kaso Kayu Jati Perhutani Asli 100x8x4cm,Rp120.000,120000.0
alat-ukir,Papan Kayu Jati Perhutani Asli 50X20X2cm Grade A,Rp80.000,80000.0
alat-ukir,Set Mata Bor Kaca Pembolong Keramik Granit Pelubang Kramik Granite Ubin 1 Set Isi 5pcs 10pcs dan 15 pcs,Rp52.000,52000.0
alat-ukir,Pisau Pengikis Sudut Tepi Kayu HPL Manual Edge Trimmer Knife,Rp1.200,1200.0
alat-ukir,Pisau Ukir Pahat Kayu isi 12pcs Wood Carving Knife TOOKIE KSJ-12,Rp42.273,42273.0
alat-ukir,Papan Kayu Jati Perhutani Asli 50X10X2CM Grade A,Rp40.000,40000.0
alat-ukir,Papan Kayu Jati Perhutani Asli 70x10x2cm,Rp42.000,42000.0
alat-ukir,LOTUS Clay Knife Plastik set 11 Alat Ukir Fondant Modelling Clay Tool,Rp30.000,30000.0
alat-ukir,Set Pisau Ukir Alat Pahat Kayu Wood chisel Carving Knife 12 in 1 161,Rp278.500,278500.0
alat-ukir,Pisau Euro Stainless Merek Komodo,Rp23.700,23700.0
alat-ukir,pisau stainless gagang kayu tajam,Rp14.950,14950.0
alat-ukir,KNIFE - Pisau Hobby - Pisau Ukir Seni,Rp14.500,14500.0
alat-ukir,Kaso Kayu Jati Perhutani Asli 60x3x2cm,Rp14.000,14000.0
alat-ukir,CPT NATIONAL Tatah Pahat Kayu 5/8 3/4 1-1/4 1-1/2 1 Inch - Wood Chisel,Rp26.000,26000.0
alat-ukir,Pisau Ukir Kerajinan Craft Cutting Sticker,Rp20.000,20000.0
alat-ukir,pin dowel kayu 8mm x 40mm pin jointer sambungan kayu 4cm 1pack 100pcs,Rp21.020,21020.0
alat-ukir,WIPRO Tatah Kayu 5/16 Inch Pahat Kayu 8 mm Gagang Fiber TPR-CRV,Rp64.500,64500.0
alat-ukir,DREMEL Glass Etching KIT Mata Ukir,Rp305.000,305000.0
alat-ukir,Pisau Kayu 16cm - Disposable wooden Knife - birch wood cutlery,Rp41.000,41000.0
alat-ukir,Miniatur Kapal / Perahu Pinisi Dewaruci Kayu & Lidi,Rp35.000,35000.0
alat-ukir,paket hemat miniatur kayu koleksi souvenir kayu Hadiah Kado,Rp57.900,57900.0
alat-ukir,Tongkat komando kayu galih kelor 60cm,Rp175.000,175000.0
alat-ukir,"Alat Bonsai dan Kerajinan, 5 Tatah Ukir Jepara SUPER Bahan Baja PER, Pahat Set P5",Rp150.000,150000.0
alat-ukir,Kayu sonokeling full galih ukuran 3.5 x 8 x 80 cm,Rp250.000,250000.0
alat-ukir,balok kayu sonokeling full galih bisa custum ukuran,Rp130.000,130000.0
alat-ukir,"Pahat Kayu Gagang Fiber 5/8"" Inch Tatah Ukir Cungkil Carving Knife",Rp28.651,28651.0
alat-ukir,Panel Dinding Kulit Kayu Jati,Rp8.000,8000.0
alat-ukir,FIXTEC Set Pahat Kayu 6 Pcs 6-35MM dengan Bilah Baja Vanadium Krom - 6812,Rp198.000,198000.0
alat-ukir,tiang ukir besar dan satu set tombak kuningan,Rp5.500.000,5500000.0
alat-ukir,(3pcs)Triplek papan kayu 30cm x 30cm tebal 3mm triplek murah,Rp13.150,13150.0
alat-ukir,stik semaphore pramuka 60 cm 2 pcs kualitas atas,Rp11.500,11500.0
alat-ukir,Prakarya dari kardus Pendidikan,Rp23.000,23000.0
alat-ukir,Pasir Ajaib dalam Botol 10pcs - Warna Sesuai Stok,Rp12.500,12500.0
alat-ukir,Pahat Kayu Camel Gagang Fiber Ukuran Lengkap / Pahat GG Fiber,Rp27.130,27130.0
alat-ukir,WOOD CHISEL PAHAT TATAH KAYU CRV HEAVY DUTY SET 1 inchi 25 mm INGCO,Rp54.000,54000.0
alat-ukir,Pahat Kayu 5/8 inch Hasston / Tatah Kayu / Wood Chisel Prohex,Rp29.200,29200.0
alat-ukir,kayu unik tipe gantung besar ( anti rayap cocok buat hiasan atau media),Rp40.000,40000.0
alat-ukir,Pisau garnish 1 set isi 3 / pisau garnish pemula / pisau carving / pisau tumpeng / pisau ukir buah dan sayur,Rp24.000,24000.0
alat-ukir,"CAMEL Pahat Kayu Gagang Fiber 3/4"" In Inch | Tatah Kayu | Wood Chisel",Rp25.500,25500.0
alat-ukir,PAHAT KAYU / WOOD CHISEL SET 1/2 INCH - 1 1/4 INCH PROHEX,Rp173.400,173400.0
alat-ukir,Papan Kayu Jati Asli 120x10x3cm,Rp125.000,125000.0
alat-ukir,electric engraving sellery 18 watt / engraver / Alat Grafir 21-760,Rp196.000,196000.0
alat-ukir,"dowel kayu bulat 10 mm/1 cm ,stick kayu, tangkringan burung,kayu gamelina ,kayu pinus,kayu jati,kayu mahoni",Rp825,825.0
alat-ukir,Extra Packing Kayu Untuk Produk Pecah Belah Mesin Kopi Grinder Elektronik,Rp100.000,100000.0
alat-ukir,Pisau Ukir Seni Crafting Art Kerajinan Tangan Multifungsi + 5 Blade,Rp15.000,15000.0
alat-ukir,Packing Kayu Besar (Khusus Pengiriman Luar Jakarta),Rp125.000,125000.0
alat-ukir,Kayu Bakar Wood Fire Jati Kering,Rp5.000,5000.0
alat-ukir,Pisau Dapur Baja Ukir Wayang,Rp59.000,59000.0
alat-ukir,tatah kayu - pahat kayu - tatah kayu 3cm - pahat kayu baja,Rp14.500,14500.0
alat-ukir,Dies cutting dies sew machine craft theme pattern stencil embroidery,Rp39.000,39000.0
alat-ukir,Pisau Ukur Buah / Pisau Garnish / Fruit Carving Knive / Fruit Garnish,Rp9.000,9000.0
alat-ukir,Paking Kayu Packing Kayu Peti Kayu,Rp150.000,150000.0
alat-ukir,Tambahan Packing Kayu Pengiriman Aman,Rp35.000,35000.0
alat-ukir,Cutting dies lace box rectangle lace persegi panjang kartu ucapan,Rp110.000,110000.0
alat-ukir,PAHAY KAYU GAGANG KAYU 1/2 INCH WOLF GLX TATAH UKIR CUNGKIL KAYU,Rp13.000,13000.0
alat-ukir,Kayu sonokeling full galih ukuran 4 x 4 x 35 cm,Rp37.000,37000.0
alat-ukir,alat ukir Pahat kayu set,Rp70.000,70000.0
alat-ukir,Siku Padat Model Pisau /Knife Edge Square 100 x 63mm Carrson,Rp215.000,215000.0
alat-ukir,Set Pisau Ukir Pahat Kayu 12 in 1 Wood Carving Art Knife - OE12,Rp202.000,202000.0
alat-ukir,ALAT SERUT KAYU KETAM MANUAL 30CM,Rp17.950,17950.0
alat-ukir,"dowel kayu bulat 6 mm/ 0,6 cm kayu gamelina dan kayu pinus",Rp900,900.0
alat-ukir,Packing Kayu |Pengaman Packing Kompor Kaca/Panci ( Barang Mudah Pecah),Rp150.000,150000.0
alat-ukir,rotan batangan semi poles(kupas) panjang50-100cm DIY alat senam,Rp9.500,9500.0
alat-ukir,Scraper Set 3 ZN2153,Rp14.500,14500.0
alat-ukir,Balok kayu sonokeling full galih kualitas ekspor ukuran 2 x 2 x 11 cm isi 5 pcs,Rp15.000,15000.0
alat-ukir,Plywood / Triplek 9mm Meranti MC UTY BBCC UT BETTER Furniture Grade 9 mm,Rp192.000,192000.0
alat-ukir,Pahat Kayu set 3 pcs Tekiro / Wood Chisel / Tatah Kayu 1/2 3/4 1 inch,Rp165.400,165400.0
alat-ukir,"Pahat Kayu Gagang Fiber 3/8"" Inch Tatah Ukir Cungkil Carving Knife",Rp20.380,20380.0
alat-ukir,papan kayu mahoni finishing cat lebar 15cm,Rp24.100,24100.0
alat-ukir,Set Pisau Ukir Seni 13 in 1 Crafting Art Knife with 3 Handle - Pisau Ukir 13 Set Dengan 3 Handle - Pisau Alat Ukir Kayu - Pisau Pahat,Rp38.000,38000.0
alat-ukir,"Pahat Kayu Gagang Fiber 3/4"" Inch Tatah Ukir Cungkil Carving Knife",Rp23.880,23880.0
alat-ukir,"Pahat Kayu Gagang Kayu MURAH 11/4"" inch",Rp15.500,15500.0
alat-ukir,Jual papan kayu sonokeling rosewood full galih ukuran 5 x 10 x 50 cm bisa custom ukuran,Rp225.000,225000.0
alat-ukir,BISON G11150 Pisau Ukir Pahat Kayu Hobby Cutter Knife Set 13 Pcs,Rp24.500,24500.0
alat-ukir,Set Pisau Ukir Seni Kerajinan Kulit Pahat Kayu Leather Craft Art,Rp24.500,24500.0
alat-ukir,Papan Kayu Jati Perhutani Asli 100X13X1.5cm Grade C,Rp60.000,60000.0
alat-ukir,Papan Ambalan Meja Konsol Kayu Jati Asli Natural Prefinished A2 70cm,Rp210.000,210000.0
alat-ukir,Wipro Tatah Pahat Tata Kayu 1/4 5/16 3/8 1/2 1 1.25 1.5,Rp64.500,64500.0
alat-ukir,jasa custom laser grafir marking engrave / ukir engraving nama logo,Rp4.500,4500.0
alat-ukir,Jual papan kayu sonokeling rosewood full galih size bisa custom,Rp5.000,5000.0
alat-ukir,[NEW] Magic Pen Pena Engraving Carbide Scriber For Glass Metal Alat Potong Ukir kaca3 tanpa garansi keramik pisau,Rp39.000,39000.0
alat-ukir,"Tatah/Pahat 1"" Gagang Kayu Cap MATA",Rp27.500,27500.0
alat-ukir,Papan kayu Mahoni Laminasi Custom Size – Top Table / Rak Dinding Kuat & Estetik,Rp470,470.0
alat-ukir,gelang koka/kaokah/kaoka/kaukah/ motif marjan sepaket,Rp8.500,8500.0
alat-ukir,"Pahat Gagang Kayu 1 1/4"" Inch Tatah Ukir Cungkil Kayu Carving Knife",Rp20.162,20162.0
alat-ukir,"Alat Kerajinan, 5 Tatah Ukir Jepara, 2 Pahat Coret + 3 Pahat Kol, Pahat Bonsai",Rp50.000,50000.0
alat-ukir,Magic Pen Pena Engraving Carbide Scriber For Glass Metal Alat Potong Ukir kaca,Rp29.000,29000.0
alat-ukir,Kaso Kayu Jati Perhutani Asli 100x6x4cm,Rp100.000,100000.0
alat-ukir,Papan Kayu Jati Perhutani Asli 200x10x1cm Grade A,Rp90.000,90000.0
alat-ukir,Alat Ukir Elektrik Laser Engraver Printer 3000mW DK-8-KZ Hitam NEJE,Rp2.275.000,2275000.0
alat-ukir,Gagang Pisau Surgical CR3 / CR4 / Gagang Pisau Alat Service Original High Quality,Rp10.000,10000.0
alat-ukir,Blockboard 18mm Triplek Blok Block Board Blokboard Furniture Grade 18 mm,Rp278.000,278000.0
alat-ukir,Papan kayu sonokeling ukuran besar sampai kecil full galih,Rp390.000,390000.0
alat-ukir,TERMURAH MINIATUR KAYU SEPEDA MOTOR MOBIL KAPAL PESAWAT HELIKOPTER KAYU Set Hadiah,Rp25.900,25900.0
alat-ukir,Set Pisau Ukir Pahat Kayu 12in1 Wood Carving Knife - KSJ-12 - No Color,Rp29.120,29120.0
alat-ukir,Pena Pengukir EZ Pena Pengukir Elektrik Alat Pengukir Mesin Pena Ukir,Rp13.750,13750.0
alat-ukir,Engrave it Alat Ukir Elektrik Pakai baterai AA 2 biji tdk termasuk,Rp29.000,29000.0
alat-ukir,Electric Quilling Pen V Shape,Rp61.300,61300.0
alat-ukir,"Tatah / Pahat 5/8"" Gagang Kayu Cap MATA",Rp25.750,25750.0
alat-ukir,"Sun-flex 1/2"" pahat kayu pukul punch wood chisel 13mm sunflex sanflex",Rp65.000,65000.0
alat-ukir,Set Pahat Kayu 4 Pcs dengan Bilah Presisi dan Pegangan Ergonomis Ukuran 6/12/19/25MM - GS3704,Rp109.800,109800.0
alat-ukir,Pahat Kayu 1 1/4 inch Hasston / Tatah Kayu / Wood Chisel Prohex,Rp38.100,38100.0
alat-ukir,"Mbang-Mbeng Pisau garnish dan dompet ukir buah, sayur, dan tumpeng / pisau ukir buah",Rp37.000,37000.0
alat-ukir,PISAU UKIR SET 13 PCS BISON,Rp26.000,26000.0
alat-ukir,"Kayu Reng List Stik Serbaguna Untuk Kerajinan Di Rumah Sudah Serut Halus Licin , Ukuran ( 2x3 , 1x3 , 1x5 ) Panjang 100 Cm Dan 200 Cm Kerajinan Rumah",Rp5.900,5900.0
alat-ukir,"Engraver Pen Alat Ukir Elektrik Serbaguna | Alat Ukir Kayu, Kaca, Logam, Plastik",Rp15.599,15599.0
alat-ukir,Pisau Ukir Cutter Service Pisau Ukir 5in1 Set - Pisau Ukir Seni Stainless Steel Plus Refill 5 PCS Pisau Ukir Kayu Pisau Super Tajam,Rp14.000,14000.0
alat-ukir,Pahat kayu ferza 5/8 inch,Rp22.000,22000.0
alat-ukir,Biaya Packing Kayu untuk Monitor / Case PC / DLL,Rp128.000,128000.0
alat-ukir,Anti Bubble Resin 30 ML - Penghilang Gelembung Udara pada Resin - Hasil lebih Smooth dan Jernih,Rp37.000,37000.0
alat-ukir,Tongkat Komando Kayu Bidara Media Ruqyah Asli,Rp375.000,375000.0
alat-ukir,Papan Kayu Jati Perhutani Asli 50x12x2cm Grade C,Rp45.000,45000.0
alat-ukir,Papan Mahoni Tebal 3cm Custom Finishing Plitur dan Pernis Lebar 30cm Elegan dan Kilauan Glossy,Rp495.000,495000.0
alat-ukir,13 in 1 Set Pisau Alat Ukir Dengan 3 Handle Pisau Seni Kriya Pahat,Rp30.867,30867.0
alat-ukir,Dies cutting dies sew machine craft theme pattern stencil embroidery,Rp39.000,39000.0
alat-ukir,Pisau Ukur Buah / Pisau Garnish / Fruit Carving Knive / Fruit Garnish,Rp9.000,9000.0
alat-ukir,Paking Kayu Packing Kayu Peti Kayu,Rp150.000,150000.0
alat-ukir,Tambahan Packing Kayu Pengiriman Aman,Rp35.000,35000.0
alat-ukir,Cutting dies lace box rectangle lace persegi panjang kartu ucapan,Rp110.000,110000.0
alat-ukir,"Tatah / Pahat 5/8"" Gagang Kayu Cap MATA",Rp25.750,25750.0
alat-ukir,Engrave it Alat Ukir Elektrik Pakai baterai AA 2 biji tdk termasuk,Rp29.000,29000.0
alat-ukir,Electric Quilling Pen V Shape,Rp61.300,61300.0
alat-ukir,PISAU UKIR V-TEC WOOD CARVING CHISELS SET 10 PCS TYPE 2003-10,Rp46.750,46750.0
alat-ukir,SCULPFUN S30 Pro Max/Ultra-22W/Ultra-33W Set lensa asli (6 PCS lensa standar resmi ),Rp615.600,615600.0
alat-ukir,1 LUSIN - KANCING MIX MOTIF LUCU/KANCING HIAS/KANCING WARNA WARNI,Rp18.000,18000.0
alat-ukir,Alat Mashasiswa Arkeologi Fosil Palu Arkeologi Dan Pahat Alat Penggalian Arkeologi,Rp45.000,45000.0
alat-ukir,Wood Carving Tool 12PCS-Alat Pahat Kayu-Pisau Pahat Kayu,Rp43.000,43000.0
alat-ukir,Papan Kayu Jati Perhutani Asli 200x10x1cm GRADE C,Rp71.500,71500.0
alat-ukir,Kaso Kayu Jati Asli 140x7x2.2cm Grade A,Rp100.000,100000.0
alat-ukir,Pena Ukir Metal Scriber Tungsten Carbide Tip Pisau Ukir Keramik Kaca Batu,Rp12.000,12000.0
alat-ukir,"Engraver Pen Alat Ukir Elektrik Serbaguna | Alat Ukir Kayu, Kaca, Logam, Plastik",Rp15.599,15599.0
alat-ukir,"Kayu Reng List Stik Serbaguna Untuk Kerajinan Di Rumah Sudah Serut Halus Licin , Ukuran ( 2x3 , 1x3 , 1x5 ) Panjang 100 Cm Dan 200 Cm Kerajinan Rumah",Rp5.900,5900.0
alat-ukir,Pisau Ukir Cutter Service Pisau Ukir 5in1 Set - Pisau Ukir Seni Stainless Steel Plus Refill 5 PCS Pisau Ukir Kayu Pisau Super Tajam,Rp14.000,14000.0
alat-ukir,Kaso Kayu Jati Perhutani Asli 80x4x3cm,Rp32.500,32500.0
alat-ukir,Rak Dinding Ambalan Kayu Jati Asli Natural Erosi Prefinished A2 80cm,Rp175.000,175000.0
alat-ukir,Kaso Kayu Jati Asli Perhutani 100x3x3cm,Rp30.000,30000.0
alat-ukir,Pisau Ukir KNIFEZER Seni Hobby Crafting Art Knife Aluminium Handle,Rp19.500,19500.0
alat-ukir,Papan Kayu Pinus Oven Kering Jati Belanda Serut Amplas Halus,Rp33.000,33000.0
alat-ukir,Papan Mahoni Tebal 3cm Custom Finishing Plitur dan Pernis Lebar 30cm Elegan dan Kilauan Glossy,Rp495.000,495000.0
alat-ukir,BAS Plastic Pottery Tools 6Pcs / Alat Pemodelan dan Ukir,Rp35.000,35000.0
alat-ukir,Knifezer WL-9309 Pisau Ukir Carving Art Knife Cutter Blade 6Pcs Knife Blades Precision Craft Knife Set for DIY Artwork Cutting Models Scrapbook Set Pisau Ukir Seni 5 in 1,Rp13.900,13900.0
alat-ukir,"Packing Kayu Tambahan untuk timbangan miligram, dll",Rp55.000,55000.0
alat-ukir,"miniatur tugu dari fiberglass kombinasi alas kayu untuk souvenir dan cendramata,hiasan ruang tamu dan kantor Kerajinan Kado",Rp45.000,45000.0
alat-ukir,PENA ALAT PEMOTONG KERAMIK KACA PENA PENANDA Pena UKIR MULTIFUNGSI KACA KERAMIK NAT KACA,Rp35.000,35000.0
alat-ukir,Alat Kikir Kayu 4 in 1 Material Metal Steel Portable,Rp21.000,21000.0
alat-ukir,Tungsen Carbide Scriber Pengores Besi Penanda Besi Steel Pen,Rp75.600,75600.0
alat-ukir,MBOH SOPO 1 Set Pahat Ukir Kayu Jepara Jenis Coret/Cukit Tatah Ve Gagang Kayu isi 4 Pcs Ukuran 3mm-5mm-8mm-10mm,Rp50.000,50000.0
alat-ukir,EZ Engraver alat ukir segala bahan,Rp20.370,20370.0
alat-ukir,Damascus Steel Billet Bilah Damaskus 67 Layer 4mm x 5cm x 35cm,Rp799.000,799000.0
alat-ukir,TOOLS PISAU SERVICE / PISAU IC / GAGANG PISAU / MATA PISAU ISI-10,Rp15.000,15000.0
alat-ukir,Stik Es Krim / Ice Cream Stick Kayu Pack Polos DIY Kreasi Kerajinan Tangan,Rp16.900,16900.0
alat-ukir,"Pahat Kayu Gagang Kayu 1/4"" Inch Tatah Ukir Cungkil Kayu Carving Knife",Rp15.311,15311.0
alat-ukir,PISAU UKIR SET alat dekorasi craft buah patung clay,Rp35.400,35400.0
alat-ukir,Grafting Kine Pisau Ukir Kayu Pisau Ukir Pisau Potong Prakarya Handycr,Rp119.000,119000.0
alat-ukir,Alat Pemotong/Ukir keramik kaca-akrilik-Megic Pen Metal Berlian-Supper Tajam,Rp35.000,35000.0
alat-ukir,TERMURAH MINIATUR KAYU SEPEDA MOTOR MOBIL KAPAL PESAWAT HELIKOPTER KAYU,Rp15.900,15900.0
alat-ukir,Pahat Kayu / Pahat Kayu Set / Pahat Kayu CAMEL / Pisau Ukir 1/2 Inch,Rp27.200,27200.0
alat-ukir,CPT NATIONAL Tatah Pahat Kayu 1/4 5/16 3/8 1/2 Inch - Wood Chisel,Rp25.859,25859.0
alat-ukir,"Wipro Tatah Pahat Tata Kayu 1/2"" 12MM HANDLE FIBER",Rp68.500,68500.0
alat-ukir,Mata Grafir Bor Ukir 30 Pcs Alat Grinding Needle Engrave Engraving Diamond,Rp20.000,20000.0
alat-ukir,kayu bidara asli tongkat/komando,Rp66.000,66000.0
alat-ukir,miniatur pesawat f16 kayu kerajinan tangan Set Hadiah hiasan,Rp15.900,15900.0
alat-ukir,Pisau IC Nepto KN-06 6 IN 1 Mata Pisau Hobby knife Set Pisau Acrylic Set Original - Pisau Pena Pen Cutter PCB IC Ukir Kayu Crafting Engraving Cutting Art,Rp9.500,9500.0
alat-ukir,SidsWood [SAK5] Stand Akrilik Kayu 5cm Dudukan Akrilik Stand Kayu Jati Belanda Dudukan Kayu Jati Belanda,Rp2.354,2354.0
alat-ukir,Komponen kayu jati lokal ukuran lain bisa custom,Rp35.000,35000.0
alat-ukir,Pisau Ukir Seni Hobby Crafting Art Knife Aluminium Handle -BK010,Rp23.700,23700.0
alat-ukir,packing kayu peti kayu khusus untuk hpl,Rp120.000,120000.0
alat-ukir,NAREX Carving knife Sloyd,Rp539.000,539000.0
alat-ukir,gagang handel model ukiran wayang 20cm pernis hitam,Rp40.000,40000.0
alat-ukir,Kerajinan tongkat kayu 110cm ukiran tengkorak skull Bali,Rp75.000,75000.0
alat-ukir,PISAU UKIR 13 PCS ALAT UKIR KAYU HOBI Crafting Art Knife 3 Handle,Rp27.800,27800.0
alat-ukir,Alat Ukir Grafir Listrik Durable Electric Engraver,Rp190.000,190000.0
alat-ukir,"19mm WOOD CHISEL PAHAT TATAH KAYU CRV HEAVY DUTY SET 3/4"" 19 mm INGCO",Rp48.000,48000.0
alat-ukir,"Tatah Pahat Kayu 1 inch Pasah Ukir Ketok 1inch Wood Chisel 1"" 25 mm",Rp27.000,27000.0
alat-ukir,EZ ENGRAVER ALAT UKIR PRAKTIS GRAFIR SEGALA BAHAN TENAGA BATERAI,Rp13.000,13000.0
alat-ukir,Kayu Dowel Diameter 16 mm panjang 20 - 40 cm,Rp5.000,5000.0
alat-ukir,miniatur mobil vw buka souvenir Set Hadiah hiasan Kayu,Rp16.500,16500.0
alat-ukir,"Set Alat Ukir Super Tebal Jepara, Pahat Bonsai Super Tebal PLUS Pisau dan Palu-TB 4",Rp150.000,150000.0
alat-ukir,Pisau Ukir Cutter Service Pisau Ukir 5in1 Set - Pisau Ukir Seni Stainless Steel Plus Refill 5 PCS Pisau Ukir Kayu Pisau Super Tajam,Rp14.000,14000.0
alat-ukir,IMPODIO Wood Slice Kayu Natural 15-17cm | Properti foto dekorasi rustic | Alas foto produk hiasan | Kreator UMKM | Kayu alami bulat | Alas properti foto tatakan kayu display nampan woodslice dekorasi rustic natural estetik alas lilin vas,Rp25.000,25000.0
alat-ukir,IMPODIO Bola Kayu Natural Damar 2-4cm | Estetika visual foto produk meningkat | Properti foto makanan minuman | Content creator UMKM fotografer | Kayu Damar asli halus natural 4pcs | Aksesoris properti dekorasi fotografi alas foto minimalis,Rp5.000,5000.0
alat-ukir,Krisbow Wood Chisel Alat Pahat Kayu 2.5 Cm Lrwc25,Rp46.800,46800.0
alat-ukir,AZKO Tactix Pahat Kayu 6mm Wood Chisel Pisau Ukir Pahat Kayu Wood Carving Tool Peralatan Memahat,Rp56.300,56300.0
alat-ukir,PACKING KAYU UNTUK KEAMANAN PENGIRIMAN,Rp80.000,80000.0
alat-ukir,NAREX Carving knife Sloyd,Rp539.000,539000.0
alat-ukir,PISAU UKIR 13 PCS ALAT UKIR KAYU HOBI Crafting Art Knife 3 Handle,Rp27.800,27800.0
alat-ukir,Gipusum Pisau Pisau Utilita Potong Folding Knife Tajam Mudah dibawa,Rp15.300,15300.0
alat-ukir,Packing Kayu Tambahan (Extra Safety),Rp35.000,35000.0
alat-ukir,"Cetakan lemper kayu 25 lubang 6x3x3,5 cm mahoni kuat",Rp72.770,72770.0
alat-ukir,Plywood / Triplek 6mm Meranti MC UTY BBCC UT BETTER Furniture Grade 6 mm,Rp110.000,110000.0
alat-ukir,"19mm WOOD CHISEL PAHAT TATAH KAYU CRV HEAVY DUTY SET 3/4"" 19 mm INGCO",Rp48.000,48000.0
alat-ukir,Pisau Garnish 3 Pcs / Pisau Ukir Buah Sayur Dapur / Pisau Carving,Rp40.900,40900.0
alat-ukir,"Tatah Pahat Kayu 1 inch Pasah Ukir Ketok 1inch Wood Chisel 1"" 25 mm",Rp27.000,27000.0
alat-ukir,EZ ENGRAVER ALAT UKIR PRAKTIS GRAFIR SEGALA BAHAN TENAGA BATERAI,Rp13.000,13000.0
alat-ukir,Kayu Dowel Diameter 16 mm panjang 20 - 40 cm,Rp5.000,5000.0
alat-ukir,miniatur mobil vw buka souvenir Set Hadiah hiasan Kayu,Rp16.500,16500.0
alat-ukir,Papapn ambalan tebal 1.5cm custom | kayu mahoni,Rp47.800,47800.0
alat-ukir,KNIFEZER Set Pisau Ukir Seni 13 in 1 Crafting Knife 3 Handle - A-003,Rp39.500,39500.0
alat-ukir,"Pahat Gagang Kayu 3/4"" Inch 18mm Tatah Ukir Cungkil Kayu Carving Knife",Rp25.013,25013.0
alat-ukir,"Pahat Kayu Gagang Fiber 1 1/4"" 11/4"" Inch Tatah Ukir Cungkil Carving",Rp37.141,37141.0
alat-ukir,Kaso Kayu Jati Perhutani Asli 90x4x4cm,Rp55.000,55000.0
alat-ukir,Kaso Kayu Jati Perhutani Asli 90x4x3cm,Rp32.000,32000.0
alat-ukir,Pisau Ukir 4 pcs Berwarna-warni/Pisau Ukir 4 pcs Berwarna-warni Kitchenware,Rp142.110,142110.0
alat-ukir,Set Pisau Ukir Seni 13in1 Crafting Knife 3 Handle,Rp43.000,43000.0
alat-ukir,13 in 1 Set Pisau Alat Ukir Seni Kayu dengan 3 Handle Pisau Plastik,Rp42.200,42200.0
alat-ukir,Raskam Kayu Jati Asli Pilihan - Alat Perbaikan Rumah dan Apartemen,Rp14.500,14500.0
alat-ukir,Kai Woods Pottery Tools 6pcs,Rp45.000,45000.0
alat-ukir,Kaso Kayu Jati Asli 70x4x3cm,Rp25.000,25000.0
alat-ukir,Alat ukir & pisau ukir nankai set,Rp42.500,42500.0
alat-ukir,Set Pisau Ukir Seni 13 in 1 Crafting Knife 3 Handle,Rp22.100,22100.0
alat-ukir,"Papan mahoni dan sonokeling ukuran 1,5 x 10 x 50cm bisa custom ukuran",Rp39.000,39000.0
alat-ukir,Alat Ukir Grafir Keramik Iwa Tools/Besi/Kayu /Electric Engraver,Rp220.000,220000.0
alat-ukir,DOWEL Kayu Ulir 10 x 50 MM 100 Pcs Pen Sambungan Stik Kayu Bulat,Rp19.900,19900.0
alat-ukir,Balok kayu sonokeling full galih ukuran 5 cm x 10 x 70 cm dll,Rp380.000,380000.0
alat-ukir,Invoice Papan Kayu Jati Asli Ukuran Custom,Rp4.900.000,4900000.0
alat-ukir,Papan Kayu Jati Perhutani Asli 90X15X1.5CM Grade C,Rp75.000,75000.0
alat-ukir,dowel kayu plikur pen 8mm 8x30mm 100pcs murah berkualitas ujung lancip sambung papan kunci bobok purus,Rp12.384,12384.0
alat-ukir,Kayu sonokeling full galih lepas putih ukuran custom / bisa request,Rp150.000,150000.0
alat-ukir,PISAU GARNISH / PISAU UKIR SET / PISAU UKIR BUAH / PISAU CARVING,Rp55.000,55000.0
alat-ukir,Papan Kayu Jati Perhutani Asli 60x10x1cm Grade A,Rp26.362,26362.0
alat-ukir,10pcs Name Plate Emergency Stop Label Emergency Stop 22mm(60mm),Rp28.500,28500.0
alat-ukir,KNIFEZER Pisau Ukir Seni Hobby Crafting Art Knife Metal Handle WL-9309,Rp13.600,13600.0
alat-ukir,KIKIR BAHCO ORIGINAL BERHOLOGRAM PASTI ASLI,Rp42.500,42500.0
alat-ukir,Pisau Ukir Seni 13 in 1 dengan 3 Handle,Rp51.600,51600.0
alat-ukir,Dowel Jig Alat Pelubang Dowel Penyambung Kayu Papan Kayu Plywood Drill,Rp27.000,27000.0
alat-ukir,Kaso Kayu Jati Perhutani Asli 50x4x4cm,Rp27.500,27500.0
alat-ukir,pisau sayat ukir bonsai stainless steel carving cnife,Rp63.000,63000.0
alat-ukir,PROMO PAHAT KAYU GAGANG FIBER TATAH KAYU 25MM / WOOD CHISEL 1 INCH,Rp25.958,25958.0
alat-ukir,Tatah Kayu / Wood Chisels BISON 1 1/4 - 1 Inch - 3/4 Inch,Rp24.500,24500.0
alat-ukir,Kayu sonokeling full galih ukuran 7 x 7 x 60 cm dan ukuran lainnya,Rp325.000,325000.0
alat-ukir,OLS Pahat Kayu Ukir GG Gagang Fiber Kayu Tatah Wood Chisel Alat Ukir,Rp23.500,23500.0
alat-ukir,PROMO PAHAT KAYU GAGANG FIBER TATAH KAYU 19MM / WOOD CHISEL 3/4 INCH,Rp21.107,21107.0
alat-ukir,Pisau Ukir DIY Seni pengrajin Hobi Crafting Art Knife Aluminium Handle,Rp12.800,12800.0
alat-ukir,Carving Tool - Alat Ukir 12 in 1 Wood Carving Art Knife,Rp30.900,30900.0
alat-ukir,Kayu balsa stik 30mm x 30mm x 50cm balsa blok 3cm wooden DIY craft Kerajinan,Rp7.500,7500.0
alat-ukir,gelang koka/kaoka/kaukah/motif Donat 33 butir,Rp8.400,8400.0
alat-ukir,Request Penumpulan Bilah,Rp1.000,1000.0
alat-ukir,Stik ES KRIM Kayu panjang 11 cm isi (+- 500 pcs) Bahan Kayu Sengon,Rp10.000,10000.0
alat-ukir,miniatur kerajinan tangan pesawat capung kayu souvenir Hadiah Hadiah,Rp16.500,16500.0
alat-ukir,Ginflash Set Pisau Ukir Pahat Kayu 12 in 1 Wood Carving Art Knife - OE,Rp157.000,157000.0
alat-ukir,Kayu bentuk Bintang | Star laser cut alas tatakan Dekorasi Mahar Scrapbook | Seserahan | Lamaran | Dekorasi kamar Tidur,Rp500,500.0
alat-ukir,Stik Es Krim | Stick Ice Cream | Stik Kayu Polos Kreasi isi ± 55 Pcs,Rp2.250,2250.0
alat-ukir,Tampir Ancak kayu wadah Tahu bandung ukuran standar 55cm (1pack isi 5 pcs),Rp125.000,125000.0
alat-ukir,GROS Pisau Ukir Seni Set Isi 5 Pisau Mini Art Knife Metal Warna Silver,Rp4.000,4000.0
alat-ukir,IMPODIO Wood Slice Kayu Natural 15-17cm | Properti foto dekorasi rustic | Alas foto produk hiasan | Kreator UMKM | Kayu alami bulat | Alas properti foto tatakan kayu display nampan woodslice dekorasi rustic natural estetik alas lilin vas,Rp25.000,25000.0
alat-ukir,IMPODIO Bola Kayu Natural Damar 2-4cm | Estetika visual foto produk meningkat | Properti foto makanan minuman | Content creator UMKM fotografer | Kayu Damar asli halus natural 4pcs | Aksesoris properti dekorasi fotografi alas foto minimalis,Rp5.000,5000.0
alat-ukir,Krisbow Wood Chisel Alat Pahat Kayu 2.5 Cm Lrwc25,Rp46.800,46800.0
alat-ukir,AZKO Tactix Pahat Kayu 6mm Wood Chisel Pisau Ukir Pahat Kayu Wood Carving Tool Peralatan Memahat,Rp56.300,56300.0
alat-ukir,PACKING KAYU UNTUK KEAMANAN PENGIRIMAN,Rp80.000,80000.0
alat-ukir,Rak Dinding Ambalan Kayu Jati Asli Natural A3 110cm,Rp600.000,600000.0
alat-ukir,stik ice cream premium isi ±500 pcs untuk kerajian dll,Rp16.000,16000.0
alat-ukir,hobby knife set 14pcs krisbow dengan lampu led pisau pahat ukir,Rp65.000,65000.0
alat-ukir,gagang ukir rajawali manuk 16cm,Rp25.500,25500.0
alat-ukir,Pisau Deburring Deburring Blade Pisau Ratakan Tepian Logam Plastik,Rp59.500,59500.0
alat-ukir,Raskam Kayu Jati Asli 35 cm x 10 cm x 7 cm Alat Wajib Tukang Bangunan Tahan Lama Kuat Bonus Sendok Semen,Rp24.600,24600.0
alat-ukir,"kayu balok 4x4 mahoni (Reng ,list , balok) amplas halus siap pakai",Rp14.848,14848.0
alat-ukir,"Pahat Kayu Gagang Kayu ¼""inch , ½""inch , 1""inch , 1¼""inch",Rp21.500,21500.0
alat-ukir,Pisau Set Ukir 12in1 AH81 SP / Kayu Pahat / Wood Carving,Rp103.900,103900.0
alat-ukir,DRIP LANCIP / CENTER PUNCH / PENANDA TITIK BOR / PAHAT BESI LANCIP/ TANDA TITIK MERK ALDO,Rp41.500,41500.0
alat-ukir,"Hoby Knife Set 13 Pcs, Alat Ukir Set/Hoby Knife Set Isi/Pisau Ukir Set",Rp28.000,28000.0
alat-ukir,Camel Pahat Kayu Pahat Gagang Fiber,Rp25.000,25000.0
alat-ukir,[COD] Magic Pen Pena Engraving Carbide Scriber For Glass Metal Alat Potong Ukir kaca3 tanpa garansi keramik pisau,Rp29.000,29000.0
alat-ukir,jasa ukir nama atau logo produk kayu bambu / jasa custom laser grafir engrave wood,Rp4.500,4500.0
alat-ukir,Stik Kayu Es Krim 1 pak kecil / 1 baris (±50 pcs) – Bahan Kerajinan & Hiasan,Rp4.000,4000.0
alat-ukir,dowel kayu bulat 30 mm / 3 cm kayu gamelina dan kayu pinus.,Rp6.000,6000.0
alat-ukir,Kayu sonokeling full galih ukuran 2 x 10 x 60 cm | ukuran lain bisa custom,Rp145.000,145000.0
alat-ukir,Pahat kayu ferza 3/4inch,Rp23.000,23000.0
alat-ukir,Kayu Bidara Asli Balok 50 cm Media Ruqyah,Rp85.000,85000.0
alat-ukir,Kulit Kambing Hitam Ukuran 32cm Tinggal Pasang Sparepart Kendang,Rp44.090,44090.0
alat-ukir,Raskam Kayu Jati Paket Isi 4 Cocok untuk Tukang Relief Ukuran 2 3 4 dan 5 cm Kualitas Terbaik Bahan Kayu Jati Ideal untuk Tukang Relief,Rp46.600,46600.0
alat-ukir,Papan Jati Landa 20cm x 1.8cm | Ambalan Kayu | Siap Pakai & Custom Panjang,Rp15.000,15000.0
alat-ukir,Pisau Ukir Kayu Set Crafting Knife 3 Handle 13 in 1,Rp32.890,32890.0
alat-ukir,Set Pisau Ukir Sayat Bonsai Kelapa Okulasi Stek 13 in 1 Crafting Knife,Rp24.900,24900.0
alat-ukir,DOWEL Kayu Ulir 10 x 80 MM 100 Pcs Pen Sambungan Stik Kayu Bulat,Rp29.500,29500.0
alat-ukir,pisau sayat ukir bonsai stainless steel carving cnife,Rp63.000,63000.0
alat-ukir,Papan kayu ukuran 20x10 cm siap pakai,Rp5.000,5000.0
alat-ukir,Balok dan papan berbagai ukuran sonokeling full galih ukuran 2 x 10 x 70cm dan 4 x 10 x 30 cm,Rp165.000,165000.0
alat-ukir,SAMOYED SCTS-P Alat Ukir / Pahat Plastik Seni Patung / Pot Tanah Liat Polimer / Keramik / Lilin / Dekorasi Kue / Food Grade Plastic Pottery / Polymer / Ceramic Clay / Wax / Plaster / Cake Frosting Sculpting / Modeling / Carving Tools,Rp9.625,9625.0
alat-ukir,Papan Kayu Jati Asli 90X12X1.5CM Grade C,Rp55.000,55000.0
alat-ukir,KNIFEZER Pisau Ukir Seni Hobby Crafting Art Knife Aluminium Handle WL-9309,Rp19.552,19552.0
alat-ukir,Paket 3 Pcs Baki Hantaran Frame 7cm,Rp322.000,322000.0
alat-ukir,Karet Lino Cukil Artemedia Linoleum Block Printing Surface Printmaking,Rp44.000,44000.0
alat-ukir,Papan Kayu Pinus Oven Kering Jati Belanda 115x30x3cm Serut Amplas Halus,Rp242.000,242000.0
alat-ukir,Kaso Kayu Jati Perhutani Asli 120x5x5cm,Rp110.000,110000.0
alat-ukir,Papan Kayu Jati Perhutani Asli 50X10X1.5cm,Rp35.000,35000.0
alat-ukir,Ongkos Finishing Kayu Jati,Rp400.000,400000.0
alat-ukir,Papan Kayu Jati Perhutani Asli 60x15x1cm Grade A,Rp40.000,40000.0
alat-ukir,Twotrees TTS-55 Pro Diode Laser Engraver pemotong akrilik laser 5.5W mesin laser cutting,Rp3.024.000,3024000.0
alat-ukir,"PAHAT KAYU Hasston Prohex Baja Tatah Ukir 5/16"" Inch 5/16Inch Kecil",Rp46.400,46400.0
alat-ukir,Bor listrik mini rotary drill / bor grafir ukir polishing 18000rpm,Rp199.000,199000.0
alat-ukir,Papan ambalan lebar 25cm | kayu mahoni,Rp24.375,24375.0
alat-ukir,DEBURRING BLADE BS1010 / REFILL MATA PISAU ISI 10 PCS DEBURING,Rp126.600,126600.0
alat-ukir,Set 13Pcs Pisau Ukir Seni Precision Knife Dengan 3 Handle Pisau Silver,Rp25.000,25000.0
alat-ukir,Linseed Oil Double Boiled (DBO) Kemasan 5 liter,Rp457.000,457000.0
alat-ukir,KM M-036 Connecting Rod. Stang ayunan pisau mesin potong kain(tegak).,Rp60.000,60000.0
alat-ukir,"Pahat Gagang Kayu 1 1/4"" Inch Tatah Ukir Cungkil Kayu Carving Knife",Rp20.162,20162.0
alat-ukir,Elektrik Bor Mini USB Portabel 5V Alat Ukir Tangan Genggam Profesional,Rp113.400,113400.0
alat-ukir,Pahat Kayu / Pahat Kayu Set / Pahat Kayu CAMEL / Pisau Ukir 5/8 Inch,Rp29.700,29700.0
alat-ukir,Bahan gagang dan kerajinan lainnya kayu sonokeling full galih,Rp5.000,5000.0
alat-ukir,Plywood / Triplek 15mm Meranti MC UTY BBCC UT BETTER Furniture Grade 15 mm,Rp281.000,281000.0
alat-ukir,KAPE PLAT BESI GAGANG KAYU 2 ½ INCH / SCRAPER MURAH,Rp4.000,4000.0
alat-ukir,Dowel pen penyambung joiner plikur bahan kerajinan diameter 6mm panjang 20cm 30cm 6x200mm 6x300mm kayu bulat stik sangkar,Rp937,937.0
alat-ukir,PISAU UKIR/ SENI/ ALAT POTONG/ CUTTER/ PEN-TYPE PRECISION ART/ SAMOYED [Our_projects],Rp5.800,5800.0
alat-ukir,"Pahat Kayu CAMEL Gagang Press Varian 1/2"" - 3/4"" - 11/4"" - 11/2""",Rp29.293,29293.0
alat-ukir,Papan Kayu Jati Perhutani Asli 28x8x2cm,Rp18.000,18000.0
alat-ukir,Promo kayu sonokeling full galih lepas putih ukuran 1 cm x 4 cm x 50 cm,Rp17.000,17000.0
alat-ukir,Pahat Kayu 1 1/2 inch Hasston / Tatah Kayu / Wood Chisel Prohex,Rp42.000,42000.0
alat-ukir,Alat Pemotong Kaca Model Pulpen Alat Penanda Garis - RRT,Rp22.250,22250.0
alat-ukir,Carbide Scriber Magic Pen Pemotong Ukir Segala Jenis Keramik Ubin Kaca,Rp17.000,17000.0
alat-ukir,Dies cutting dies sew machine craft theme pattern stencil embroidery,Rp39.000,39000.0
alat-ukir,Tambahan Packing Kayu Pengiriman Aman,Rp35.000,35000.0
alat-ukir,Paking Kayu Packing Kayu Peti Kayu,Rp150.000,150000.0
alat-ukir,Sanneng - SN4833 9cm Carve Knife-Wooden Handle,Rp113.300,113300.0
alat-ukir,"PAKET PACKING KAYU 15 - 17""inch",Rp5.000,5000.0
alat-ukir,[ 1 Pcs ] Ornamen Ukir Kayu Mahoni Asli Tempel | Lis Kayu Ukir Panjang 120cm,Rp6.000,6000.0
alat-ukir,Pisau Pengupas Stiker Mobil Serbaguna Scraper Knife Car Sticker,Rp8.500,8500.0
alat-ukir,"Dowel Kayu Bulat 12mm 1,2 cm Kayu Gamelina dan Kayu Pinus untuk Furniture",Rp1.500,1500.0
alat-ukir,Magnet Batik Tipis 14 mm Warna Premium,Rp2.900,2900.0
alat-ukir,"Ready papan kayu sonokeling full galih size 2 x 2,5 x 11 cm bisa custom",Rp8.000,8000.0
alat-ukir,"35 Pcs Pahat Ukir Jepara PLUS Palu, Alat Ukir Kayu Set",Rp215.000,215000.0
alat-ukir,45 buah kayu dowel diameter 2cm panjang 10cm ( 45pcs ) Mainan Kerajinan,Rp15.000,15000.0
alat-ukir,12Pcs Set Pisau Seni Ukir Pahat Gagang Kayu Wood Carving Knife 13cm Multifungsi,Rp49.300,49300.0
alat-ukir,Jojodog kayu sopa mini persegi,Rp22.000,22000.0
alat-ukir,Papan Kayu Jati Perhutani Asli 60x10x1.5cm Grade C,Rp30.000,30000.0
alat-ukir,gagang snei 1.5 inch snai,Rp82.500,82500.0
alat-ukir,Kaso Kayu Jati Perhutani Asli 50x3x3cm,Rp14.000,14000.0
alat-ukir,Pahat Patung Baja Per Pahat Arca Pahat Batu,Rp30.000,30000.0
alat-ukir,Kaso Kayu Jati Perhutani Asli 60x4x3cm,Rp27.500,27500.0
alat-ukir,TERMURAH MINIATUR KAYU SEPEDA MOTOR MOBIL KAPAL PESAWAT HELIKOPTER KAYU,Rp16.900,16900.0
alat-ukir,PAHAT KAYU 3/4 INCH CAMEL,Rp21.500,21500.0
alat-ukir,Lis kayu Sonokeling ukuran 1 x 1 x 20 dan ukuran lainnya | bisa custom ukuran,Rp1.700,1700.0
alat-ukir,GAGANG HANDLE DEDER SOLO + MENDAK SELUT SEPUH EMAS PERAK,Rp95.000,95000.0
alat-ukir,gelang kaokah/koka/kaoka motif marjan anak/BALITA,Rp5.499,5499.0
alat-ukir,"Balok / papan kayu sonokeling full galih (bahan gagang) ukuran 2,5 x 2,5 x 11 cm bisa custom size",Rp5.000,5000.0
alat-ukir,ROTTEK MAGIC PEN TUNGSTEN CARBIDE PEMOTONG UKIR SEGALA JENIS KERAMIK UBIN NAT KACA STAINLESS,Rp59.999,59999.0
alat-ukir,pisau ukir kayu pisau seni engraver pena cutter crafting,Rp13.923,13923.0
alat-ukir,"Alat Bonsai & Kerajinan, 13 Pahat Ukir Kayu Jepara bahan baja PER KUALITAS SUPER, T13",Rp295.000,295000.0
alat-ukir,"Pahat Kayu Gagang Fiber 3/4"" Inch Tatah Ukir Cungkil Carving Knife",Rp23.880,23880.0
alat-ukir,"Pahat Kayu Gagang Fiber 1"" Inch Tatah Ukir Cungkil Kayu Carving Knife",Rp33.502,33502.0
alat-ukir,5 pcs PVC LEMBARAN PIPA PARALON LEMBARAN UNTUK BAHAN MINIATUR,Rp7.680,7680.0
alat-ukir,Invoice Papan Kayu Jati Perhutani Asli 200x30x3cm,Rp1.100.000,1100000.0
alat-ukir,RSM Pisau Ukir Mini Seni Isi 5 Set Pisau Art Knife Metal Warna Silver,Rp4.000,4000.0
alat-ukir,Pisau Badik Naga Resin Besi Strip Sarung Kulit Imitasi,Rp100.000,100000.0
alat-ukir,Tungsten Carbide Scribe - Glass Engraver - Alat Ukir Kaca,Rp32.600,32600.0
alat-ukir,Sonokeling bahan gagang full galih 3 x 7 x 15 cm,Rp23.000,23000.0
alat-ukir,Papan kayu sonokeling full galih ukruan 4 x 4 x 16 cm,Rp19.000,19000.0
alat-ukir,"Pahat Gagang Kayu 1/2"" Inch 12mm Tatah Ukir Cungkil Kayu Carving Knife",Rp16.523,16523.0
alat-ukir,Chipboard Nama Mahar Custom Aksesoris Kotak Seserahan Kayu,Rp34.900,34900.0
alat-ukir,Rotary Stainless Clay Round Cutter Pisau Potong Lingkaran,Rp17.000,17000.0
alat-ukir,Papan Kayu Jati Perhutani Asli 90X15X2cm Grade A,Rp120.000,120000.0
alat-ukir,Pisau Pahat Kikis Kayu Buah Okulasi Sayat Ukiran Ukir Kerajinan Seni,Rp30.500,30500.0
alat-ukir,CAMEL Pahat Kayu 1/4 - 3/8 - 1/2 - 5/8 - 3/4 - 1 - 1 1/4 - 1 1/2 Inch,Rp20.000,20000.0
alat-ukir,"10 Pcs Pahat Ukir Jepara Alat Kerajinan Ukir Kayu Set K10, Alat Bonsai",Rp130.000,130000.0
alat-ukir,Papan Kayu Jati Perhutani Asli 200x15x2cm Grade A,Rp265.000,265000.0
alat-ukir,"Alat Ukir Kayu Jepara, Tatah Pahat Bonsai Set P6",Rp80.000,80000.0
alat-ukir,Set Pahat Kayu 3 Pcs dengan Bilah Presisi dan Pegangan Ergonomis Ukuran 12/19/25MM - GS3706,Rp82.800,82800.0
alat-ukir,PISAU UKIR LOGAM PEMOTONG FILM STEMPEL KARET BUATAN TANGAN PISAU DIY ALAT SENI,Rp8.008,8008.0
alat-ukir,Pisau Ukir Kayu Carving Knife Set 6 pcs Mata Pisau Pahat,Rp50.000,50000.0
alat-ukir,pisau lipat multi tool pisau multifungsi 16 in 1,Rp299.000,299000.0
alat-ukir,Set Pisau Ukir Pahat Kayu 12 in 1 Wood Carving Knife - KSJ-12,Rp38.591,38591.0
alat-ukir,Tatah Tata pahat 1 inci. harga per pc,Rp24.380,24380.0
alat-ukir,Holder Kolter 10 x 40L Set Kunci Insert | Gagang Pisau Kolter Shank 10,Rp100.000,100000.0
alat-ukir,Plywood / Triplek 3mm Meranti MC UTY BBCC UT BETTER Furniture Grade 3 mm,Rp85.000,85000.0
alat-ukir,Rubby- BELUM DIRAKIT Box alas hampers / tatakan hampers triplek 30cm,Rp43.988,43988.0
alat-ukir,"Wipro Tatah Pahat Tata Kayu 5/8"" 16MM HANDLE FIBER",Rp73.000,73000.0
alat-ukir,"Tatah Pahat Kayu 1 inch Tata Kayu 1inch Wool Chisel 1"" Serut Betel Kay",Rp27.000,27000.0
alat-ukir,Alat Bakar Serbuk Ukir....,Rp630.000,630000.0
alat-ukir,Alat Ukir / Pahat Plastik Seni Patung / Pot Tanah Liat Polimer / Keramik / Lilin / Dekorasi Kue / Food Grade Plastic Pottery / Polymer / Ceramic Clay / Wax / Plaster / Cake Frosting Sculpting / Modeling / Carving Tools Samoyed SCTS-P,Rp9.625,9625.0
alat-ukir,dowel kayu bulat 2 cm/20mm kayu gamelina dan kayu pinus,Rp3.500,3500.0
alat-ukir,"BALSA STICK KOTAK PANJANG 50CM , UKURAN 1-20MM",Rp900,900.0
alat-ukir,EDGING TACO W805 1/42 / EDGING WOODGRAIN / EDGING KAYU,Rp6.900,6900.0
alat-ukir,DOS REFFIL Pisau Ukir Seni 5 isi Cutter Hobby Crafting Art Knife Metal Pen,Rp2.812,2812.0
alat-ukir,Pisau Cutter Pen Ukir Set Kayu Buah Sayur Seni Crafting Art Knife,Rp14.900,14900.0
alat-ukir,Balok kayu sonokeling full galih ukuran lain bisa custom,Rp355.000,355000.0
alat-ukir,Dies cutting dies sew machine craft theme pattern stencil embroidery,Rp39.000,39000.0
alat-ukir,Tambahan Packing Kayu Pengiriman Aman,Rp35.000,35000.0
alat-ukir,Paking Kayu Packing Kayu Peti Kayu,Rp150.000,150000.0
alat-ukir,Sanneng - SN4833 9cm Carve Knife-Wooden Handle,Rp113.300,113300.0
alat-ukir,"PAKET PACKING KAYU 15 - 17""inch",Rp5.000,5000.0
alat-ukir,V-TEC Karet Lino Cukil Linoleum,Rp27.000,27000.0
alat-ukir,"Alat kerajinan, Tatah Ukir Kayu Jepara, 4 pcs Pahat Coret/Ve, gagang besi, Set C4",Rp50.000,50000.0
alat-ukir,"Alat Kerajinan, 9 Pahat Ukir Jepara, Tatah ukir Kayu Set M9",Rp95.000,95000.0
alat-ukir,"Alat Ukir Kayu, Pahat/Tatah Ukir Jepara, Pahat Kol dan Pahat Datar, Set 10 Pcs , Set M",Rp98.500,98500.0
alat-ukir,Kayu sonokeling asli custom ukuran lebar 10 | papan sonokeling,Rp85.000,85000.0
alat-ukir,kayu setengah lingkaran profil belah 50mm,Rp190.000,190000.0
alat-ukir,10 pcs kayu dowel 2 cm panjang 40 cm kayu bulat bahan kerajiman tali macrame dll pultipungsi,Rp9.000,9000.0
alat-ukir,Papan Kayu Jati perhutani Asli 110x10x2cm Grade C,Rp55.000,55000.0
alat-ukir,Papan Kayu Jati Perhutani Asli 80X17X2cm Grade C Kualitas Tua dan Kering Legal,Rp80.000,80000.0
alat-ukir,SCULPFUN S9 Authentic Laser Cutting Laser Engraver 5W Mesin Ukiran Laser Printer DIY,Rp3.024.000,3024000.0
alat-ukir,Papan Kayu Jati Perhutani Asli 80X10X1.5CM Grade A,Rp47.500,47500.0
alat-ukir,Papan Kayu Jati Perhutani Asli 50x15x1.5cm,Rp40.000,40000.0
alat-ukir,Kayu Sonokeling Full Galih - Bahan Craft - Ukuran 5 x 7 x 60 cm - Ukuran Lain Bisa Custom,Rp240.000,240000.0
alat-ukir,Tatah Kayu gagang karet / Pahat Kayu MDN 3/4'',Rp28.500,28500.0
alat-ukir,Holder Ink Cup Tattoo Stainless Steel 22 Holes,Rp60.000,60000.0
alat-ukir,Gagang Pisau Bedah ( Hanya Gagang Pisau Saja ) Harga Per 1pcs,Rp12.500,12500.0
alat-ukir,Stik Es Krim Polos Warna Kerajinan Tangan Premium / Stik Kayu Warna Premium,Rp12.000,12000.0
alat-ukir,Set Ukir Seni 13 in 1 Crafting 3 Handle - A-003,Rp30.081,30081.0
alat-ukir,Ukir Alat Pahat Kayu Craft Cutter Wood Carving Gagang Kayu Set 6pcs RRT,Rp16.500,16500.0
alat-ukir,Pisau Ukir Kayu Carving Knife Set 12 pcs Mata Pisau Pahat,Rp30.000,30000.0
alat-ukir,Dupa stik batangan kayu cendana toples,Rp55.000,55000.0
alat-ukir,gold elephant brass mini 6 cm,Rp44.275,44275.0
alat-ukir,Pahat Meister Jerman 15cm 20cm 25 cm pahat 6 8 10 in TerMurah,Rp33.000,33000.0
alat-ukir,12Pcs Pisau Ukir Kayu/Pisau Ukir Pahat Kayu/Woodworking Carving Knife,Rp43.000,43000.0
alat-ukir,WOOD CHISEL PAHAT TATAH KAYU CRV HEAVY DUTY SET 5 per 8 inchi 16 mm INGCO,Rp53.000,53000.0
alat-ukir,Papan Kayu Jati Perhutani Asli 50x20x2cm Grade C,Rp66.000,66000.0
alat-ukir,Pisau Pramuka Belati Double siaga penggalang penegak,Rp22.587,22587.0
alat-ukir,Papan Kayu Jati Perhutani Asli 60x20x3cm,Rp145.000,145000.0
alat-ukir,Set Alat Pahat Ukir Kayu 12 in 1 Lengkap untuk Kerajinan dengan Berbagai Bentuk Mata Pisau,Rp165.800,165800.0
alat-ukir,Set Pisau Ukir Seni 13 in 1 Crafting Knife 3 Handle A-003,Rp36.432,36432.0
alat-ukir,Tongkat Komando Kayu Kombinasi 9 Macam Bertuah Panjang 60cm,Rp200.000,200000.0
alat-ukir,pahat ukir gagang kayu 0.5 inch zeki alat kerajinan kriya kikir kayu,Rp58.700,58700.0
alat-ukir,Pen Cutter Pisau Sayat Ukir Seni Pisau Bonsai Kelapa13 in 1,Rp30.000,30000.0
alat-ukir,Raskam Kayu Jati Asli Model Lancip Runcing Ukuran 30 40 50 Cm Ideal Untuk Pertukangan Dan Kerajinan L 11 Cm,Rp16.700,16700.0
alat-ukir,BRAXTER Flush Trim Bit Mata Router / Profil / Trimmer Kayu TCT,Rp46.900,46900.0
alat-ukir,"Tatah / Pahat 1-1/2"" Gagang Kayu Cap MATA",Rp36.500,36500.0
alat-ukir,Premium Alumunium alloy Woodworking DIY Adjustable Doweling Jig Woodworking Pocket 3 in 1 Hole Jig 8MM 10MM Guide Locator Puncher Tools Best Dowel Jig Alat Kayu,Rp490.000,490000.0
alat-ukir,Papan Kayu Jati Perhutani Asli 90X16X2CM Grade C,Rp100.000,100000.0
alat-ukir,JFactory Pena Ukir Tungsten Steel Alat Engraving Metal Besi Kaca Kayu Serbaguna,Rp57.000,57000.0
alat-ukir,"BLITZ PAHAT KAYU 1"" TATAH ALAT UKIR GAGANG FIBER 25 MM WOOD CHISEL",Rp61.900,61900.0
alat-ukir,"dowel kayu bulat 2,5 cm /25mm kayu gamelina dan kayu pinus",Rp4.500,4500.0
alat-ukir,Gagang Pegangan Hendel Kayu kemuning Ukir,Rp325.000,325000.0
alat-ukir,Custom Huruf Kayu | Wooden Font | Laser Cut,Rp11.200,11200.0
alat-ukir,Japan Artisan Masuda Yoshihide Shirogami Tsuchime Kiridashi 150mm,Rp1.100.000,1100000.0
alat-ukir,PAHAT KAYU BONSAI FULL SET BAJA BERKUALITAS,Rp190.000,190000.0
alat-ukir,"Pahat 8"" (octagon) Elora",Rp309.000,309000.0
alat-ukir,"Pahat Kayu Gagang Fiber Camel Ukuran 1/2"" 5/8 3/4"" 1"" 1-1/4""",Rp25.500,25500.0
alat-ukir,Pisau Potong Kaca Bison Oil Glass Cutter /Pisau Potong Kaca,Rp18.000,18000.0
alat-ukir,Papan ambalan jatilanda lebar 25cm,Rp26.500,26500.0
alat-ukir,VTEC Pisau Ukir 2003-10pcs Wood carving SET 10,Rp33.000,33000.0
alat-ukir,"Pahat /Tatah Pegangan Kayu 3/4"" Cap Mata",Rp25.750,25750.0
alat-ukir,V-TEC CLAY KNIFE PLASTIK TYPE 23/5,Rp32.000,32000.0
alat-ukir,"Lis kayu sonokeling full galih 1,5cmx 1,5cmx 50cm | ukuran lain bisa custom",Rp6.500,6500.0
alat-ukir,Kayu balsa Balok 40mm x 40mm x 50cm balsa blok 4cm wooden DIY craft,Rp17.500,17500.0
alat-ukir,mata mesin grafir bagus,Rp1.350.000,1350000.0
alat-ukir,dowel kayu plikur pen 8mm 8x50mm 100pcs murah 5cm berkualitas ujung lancip sambung papan kunci bobok purus,Rp15.810,15810.0
alat-ukir,Ready papan kayu sonokeling rosewood full galih ukuran 3 x 10 x 50 cm,Rp145.000,145000.0
alat-ukir,Pahat kayu ferza 1/2 inch,Rp22.000,22000.0
alat-ukir,Box Wadah Tempat Jamas pe Warangan Keris Tombak Pedang Badik Kujang,Rp151.000,151000.0
alat-ukir,ACC-021 50 pcs Stik Es Krim Berat Tebal,Rp2.500,2500.0
alat-ukir,Tambah Laser engrave custom design,Rp9.000,9000.0
alat-ukir,IMPODIO Wood Slice Kayu Natural 15-17cm | Properti foto dekorasi rustic | Alas foto produk hiasan | Kreator UMKM | Kayu alami bulat | Alas properti foto tatakan kayu display nampan woodslice dekorasi rustic natural estetik alas lilin vas,Rp25.000,25000.0
alat-ukir,IMPODIO Bola Kayu Natural Damar 2-4cm | Estetika visual foto produk meningkat | Properti foto makanan minuman | Content creator UMKM fotografer | Kayu Damar asli halus natural 4pcs | Aksesoris properti dekorasi fotografi alas foto minimalis,Rp5.000,5000.0
alat-ukir,AZKO Tactix Pahat Kayu 1.3 cm Wood Chisel Pisau Ukir Pahat Kayu Wood Carving Tool Peralatan Memahat,Rp58.700,58700.0
alat-ukir,Tambahan Packing Kayu Pengiriman Aman,Rp35.000,35000.0
alat-ukir,Pena Pemotong Kaca Berlian / Tile Cutter/Alat Pemotong Kaca/Engraving Pen/Ukir Segala Jenis Keramik Ubin Nat Kaca Stainless Metal,Rp55.000,55000.0
alat-ukir,Standing flower besi paten,Rp155.000,155000.0
alat-ukir,Pisau Ukir Seni Hobby Crafting Art Knife Metal Handle WL-9309,Rp25.700,25700.0
alat-ukir,Bahan kerajinan kayu sonokeling full galih motif serat akar,Rp29.000,29000.0
alat-ukir,Kaso Kayu Jati Asli 200x4x4cm,Rp120.000,120000.0
alat-ukir,Set Pisau Cutter 13 in 1 Alat Ukir Seni 13 Mata Pisau with 3 Handle,Rp29.000,29000.0
alat-ukir,Pahat Kayu / Pahat Kayu Set / Pahat Kayu CAMEL / Pisau Ukir 1/4 Inch,Rp24.700,24700.0
alat-ukir,Pahat Kayu / Pahat Kayu Set / Pahat Kayu CAMEL / Pisau Ukir 3/8 Inch,Rp25.900,25900.0
alat-ukir,DOWEL Kayu Ulir 8 x 50 MM 100 Pcs Pen Sambungan Stik Kayu Bulat,Rp19.400,19400.0
alat-ukir,ALAT WOOD CHISEL PAHAT UKIR TATAH KAYU CRV 3 per 4 inchi 19 mm STEELIE,Rp33.000,33000.0
alat-ukir,"dowel kayu bulat 9 mm/0,9 cm,stick kayu,kayu bulat,tangkringan burung, kayu gamelina,kayu pinus,kayu jati,kayu mahoni",Rp750,750.0
alat-ukir,Kayu sonokeling full galih lepas putih ready banyak ukuran | bisa custom ukuran,Rp35.000,35000.0
alat-ukir,Refill Knife Set Art Knife Isi Pisau Ukir Pisau IC WLXY,Rp8.750,8750.0
alat-ukir,ALAT PAHAT UKIR LURE HANDMADE HANDCRAFTER [ALM06],Rp19.500,19500.0
alat-ukir,paket souvenir miniatur kayu isi 3pcs kapal ontran sepeda onthel Hadiah,Rp62.900,62900.0
alat-ukir,"pisau ukir spons ati spon eva, pisau ujir Styrofoam pisau kerajinan",Rp12.000,12000.0
alat-ukir,TEKIRO GT-SC1276 SCRAPPER / Alat Pahat Ukuran 10 X 3 CM GT-SC 1276,Rp76.160,76160.0
alat-ukir,Hobby Knife Set 8 Pcs R`DEER - RT-M108,Rp93.650,93650.0
alat-ukir,Pisau KECIL Tajam untu Kupas Buah Good Quality Murah 1pc random,Rp2.500,2500.0
alat-ukir,Pisau IC Presisi NEPTO 13 IN1 Alat Ukir Pahat Kayu Cutter Acrylic Set,Rp31.500,31500.0
alat-ukir,pain tmaker uni paint px 20 red,Rp22.000,22000.0
alat-ukir,Round Hole Cutter Stainless Cut Mold Pottery Ceramic Clay Tool,Rp25.000,25000.0
alat-ukir,V-TEC Wood Carving Tools set 10 / Alat Pahat Ukir Cukil Kayu,Rp37.000,37000.0
alat-ukir,"Pahat Kayu Gagang Fiber 5/8"" Inch Tatah Ukir Cungkil Carving Knife",Rp28.651,28651.0
alat-ukir,Pisau Pahat Ukir Mini Gagang Kayu 5 Pcs Set - VTR,Rp18.800,18800.0
alat-ukir,papan kayu sonokeling full galih ukuran 5cm x 10cm x 50cm,Rp230.000,230000.0
alat-ukir,Pisau ukir set 13PCS Cutter Pen Ukir Art Knife CRAFT KNIFE SLCK03-013,Rp96.999,96999.0
alat-ukir,"CAMEL Pahat Kayu Gagang Fiber 1/4"" In Inch | Tatah Kayu | Wood Chisel",Rp20.000,20000.0
alat-ukir,pisau ukir buah / pisau garnish / pisau carving / pisau 1 set isi 4,Rp145.000,145000.0
alat-ukir,Alat Pen Ukir Penanda Penitik Titik Bor Drip Center Tanda Besi Kayu,Rp22.900,22900.0
alat-ukir,BRAXTER Straight Bits Mata Profil / Router Kayu Lurus 3 6 12 16,Rp34.100,34100.0
alat-ukir,Pisau Ukir Seni Hobby Crafting Art Knife Metal Handle,Rp6.500,6500.0
alat-ukir,Mays Easel Kayu Mini Kecil 9 x 16 cm - Wooden Stand Tripod Penyangga Figura Foto Photo Frame Hp,Rp7.999,7999.0
alat-ukir,PIPA PVC/RUCIKA 3/4 inch/100 cm/OD 26 mm/ID 20 mm/TEBAL 3 mm/BAHAN SALURAN AIR/LEDENG/KERAJINAN TANGAN LAINYA/MATERIAL KONTRUKSI,Rp4.500,4500.0
alat-ukir,Wood Pellet Organik - Pelet Kayu - Alas Kandang Wood Pelet Woodpelet,Rp7.000,7000.0
alat-ukir,"Alat Kerajinan, Pahat Ukir Jepara, Satu Set Penguku isi 10 pcs",Rp75.000,75000.0
alat-ukir,Propan Impra Dempul Kayu Acqua Wood Filler 1KG JATI AWF-911 untuk Furniture & Handicraft,Rp54.000,54000.0
alat-ukir,"Kayu Dowel kayu dowel superan bulat D 21mm panjang 50-100cm kayu dowel Diameter 2cm panjang 50-100cm, bahan kerajinan macrame kayu bulat",Rp2.000,2000.0
alat-ukir,"Tekiro Pahat Kayu 3/8"" (10mm) / pahatan kayu SET isi 6 pcs",Rp55.000,55000.0
alat-ukir,Packing Kayu Extra Tambahan,Rp67.500,67500.0
alat-ukir,KATALOG - [5PCS] Wooden ring kayu bulat O warna natural/Asli,Rp10.999,10999.0
alat-ukir,Kaso Kayu Jati Perhutani Asli 120x4x4cm,Rp75.000,75000.0
alat-ukir,Set Pisau Ukir Alat Pahat Kayu Wood Carving Knife 6 in 1 81D,Rp34.900,34900.0
alat-ukir,PASRAH KAYU ULIN HT-280 MERK ALDO,Rp374.000,374000.0
alat-ukir,Pisau Varotex Genuine Part Original v1 dan 2,Rp200.000,200000.0
alat-ukir,Pen Cutter Atau Pisau Presisi untuk Ukir atau Keperluan Airbrush dan lain lain,Rp18.500,18500.0
alat-ukir,PAHAT KAYU / PAHAT UKIR GAGANG FIBER TATAH KAYU MURAH FUJITACO,Rp21.000,21000.0
alat-ukir,Hook Knife Cleaning Tool Alat Mata Pisau Pembersih Celah Lantai,Rp40.000,40000.0
alat-ukir,"Pahat 8"" Oval Elora",Rp302.000,302000.0
alat-ukir,PISAU GARNISH / PISAU UKIR SET / PISAU UKIR BUAH / PISAU CARVING,Rp55.000,55000.0
alat-ukir,"Set Pisau Garnish Isi 11 Buah, Pisau Ukir Buah dan Sayur, Pisau Tumpeng, Pisau Carving, Pisau Garnis",Rp75.000,75000.0
alat-ukir,Sinpoi | Pua Pwe | Pa Pwee Kayu Import Premium Ukir Naga,Rp58.200,58200.0
alat-ukir,Pahat Ukir 5pcs Tatah Ukir set Pisau ukir alat ukir kayu,Rp22.500,22500.0
alat-ukir,papan kayu mahoni tebal 2cm custom | ambalan,Rp58.500,58500.0
alat-ukir,[ 1 Pcs ] Jepitan Udang Grendel Masa Jepit Udang Roller Catches Keces Pengait Lemari Putih kayu ukir,Rp1.999,1999.0
alat-ukir,dowel kayu bulat 2 cm/20mm kayu gamelina dan kayu pinus,Rp3.500,3500.0
alat-ukir,Pisau Sembelih Tahan Karat,Rp150.000,150000.0
alat-ukir,Pisau KM Strong H 1 Lusin/12 Pcs,Rp145.000,145000.0
alat-ukir,"Jual Papan Jatilanda 2x3 Lits Kayu Reng – Kuat, Lurus, dan Siap Pakai",Rp7.500,7500.0
alat-ukir,Pisau KM Strong H 1 Lusin/12 Pcs,Rp145.000,145000.0
alat-ukir,Tambah Laser engrave custom design,Rp9.000,9000.0
alat-ukir,IMPODIO Wood Slice Kayu Natural 15-17cm | Properti foto dekorasi rustic | Alas foto produk hiasan | Kreator UMKM | Kayu alami bulat | Alas properti foto tatakan kayu display nampan woodslice dekorasi rustic natural estetik alas lilin vas,Rp25.000,25000.0
alat-ukir,IMPODIO Bola Kayu Natural Damar 2-4cm | Estetika visual foto produk meningkat | Properti foto makanan minuman | Content creator UMKM fotografer | Kayu Damar asli halus natural 4pcs | Aksesoris properti dekorasi fotografi alas foto minimalis,Rp5.000,5000.0
alat-ukir,AZKO Tactix Pahat Kayu 1.3 cm Wood Chisel Pisau Ukir Pahat Kayu Wood Carving Tool Peralatan Memahat,Rp58.700,58700.0
alat-ukir,Tambahan Packing Kayu Pengiriman Aman,Rp35.000,35000.0
alat-ukir,Alat Ukir Grafir Keramik Iwa Tools/Besi/Kayu /Electric Engraver,Rp195.000,195000.0
alat-ukir,"Pahat Kayu Gagang Kayu 3/8"" Inch Tatah Ukir Cungkil Kayu Carving Knife",Rp16.135,16135.0
alat-ukir,PAPAN NAMA / PAPAN NAMA KAYU / LOG KAYU / KAYU UKIR NAMA / TRAY KAYU / ENGRAVING / KAYU GRAFIR,Rp30.000,30000.0
alat-ukir,pahat kayu sunflex 5/8 wood chisel 16mm sandflex sanflex,Rp70.000,70000.0
alat-ukir,Yoshiharu kiridashi LEFT Handed Marking Knife / Wood carving knife,Rp95.000,95000.0
alat-ukir,Pisau Ukir Set 13 in 1 Kotak Crafting Art Knife Cutter Pen,Rp36.500,36500.0
alat-ukir,Kikir Bulat Kasar Merk Jetjo Tools,Rp21.000,21000.0
alat-ukir,0350 Engrave It Alat Pena Ukir Grafir + Mata Ukir,Rp19.295,19295.0
alat-ukir,Kayu sonokeling full galih bahan gagang pisau 2 x 2 x 11 cm,Rp5.000,5000.0
alat-ukir,"Bahan KAYU RENTEK BESAR, Panjang 50-100cm Bahan Hiasan Aquarium / Aquascape / Aviary / Reptil / Media Tanaman / Lainnya",Rp55.000,55000.0
alat-ukir,Papan Kayu Jati Perhutani Asli 50x15x2cm,Rp50.000,50000.0
alat-ukir,Papan Ambalan Meja Konsol Kayu Jati Asli Natural Prefinished A1 80cm T 3cm,Rp250.000,250000.0
alat-ukir,Papan Kayu Jati Perhutani Asli 60X10X2CM Grade C,Rp30.000,30000.0
alat-ukir,"Alat Bonsai dan Kerajinan, Pahat Ukir Kayu Jepara, Pahat Bonsai, Tatah Ukir Paket P1",Rp85.000,85000.0
alat-ukir,KAYU/ WOOD KODE I NOMOR 1 - NOMOR 6 UNTUK DEKORASI,Rp30.000,30000.0
alat-ukir,Charm akrilik lubang tembus bow sweety,Rp10.500,10500.0
alat-ukir,Kayu sonokeling rosewood full galih | ukuran lain bisa custom,Rp33.000,33000.0
alat-ukir,7 pcs pisau garnish pisau ukir buah,Rp42.000,42000.0
alat-ukir,CETAKAN LOSTER DUA MUKA UD ABADI KODE 102 FULL BESI,Rp1.120.560,1120560.0
alat-ukir,"CAMEL Pahat Kayu Gagang Fiber 5/8"" In Inch | Tatah Kayu | Wood Chisel",Rp24.000,24000.0
alat-ukir,EXTRA PACKING KAYU | PACKING KAYU LEBIH AMAN,Rp50.000,50000.0
alat-ukir,Magnetic Pen SCRIBER CM88,Rp255.000,255000.0
alat-ukir,Pahat Kayu / Pahat Kayu Set / Pahat Kayu CAMEL / Pisau Ukir 3/4 Inch,Rp30.400,30400.0
alat-ukir,YOSHIHARU KIRIDASHI LAMINATED pisau bonsai marking knife wood carving,Rp245.000,245000.0
alat-ukir,Alat Ukir Carving Tool 12 in 1 Wood Carving Art Knife,Rp31.300,31300.0
alat-ukir,Alat Ukir Kayu Electric SP / Elektrik Chisel Tatah Wood Carving,Rp157.900,157900.0
alat-ukir,miniatur mobil vw kodok Set Hadiah souvenir Kayu hiasan Pindah Rumah Buatan tangan,Rp16.900,16900.0
alat-ukir,miniatur mobil klasik mercy tutup Set Hadiah souvenir Kayu,Rp15.900,15900.0
alat-ukir,"Pahat Kayu Gagang Kayu 1/4"" Inch Tatah Ukir Cungkil Kayu Carving Knife",Rp15.311,15311.0
alat-ukir,Rader - Tracking wheel - Alat Pola Gagang Plastik,Rp4.999,4999.0
alat-ukir,12Pcs Set Pisau Ukir Seni Pahat Kayu 12 in 1 Wood Carving Chisel Knife Multifungsi,Rp216.700,216700.0
alat-ukir,Batang Rotan Menjalin tebal -+1cm,Rp10.000,10000.0
alat-ukir,Papan Kayu Jati Perhutani Asli 100x15x1cm Grade C,Rp57.750,57750.0
alat-ukir,Rak Dinding Ambalan Kayu Jati Asli Natural Erosi Prefinished A3 100cm,Rp375.000,375000.0
alat-ukir,Tatah Kayu gagang karet / Pahat Kayu MDN 1 1/2'',Rp43.000,43000.0
alat-ukir,FUMETAX Scraper Pisau Alat Pengikis Pisau Pembersih Sekop Kape,Rp8.700,8700.0
alat-ukir,besttools set pisau ukir pahat 12 in 1 untuk kerajinan,Rp144.500,144500.0
alat-ukir,10 pasang stik semaphore P 60cm halus harga per 10 pasang/20 biji,Rp32.000,32000.0
alat-ukir,12 in 1 Wood Carving Knife Set Pisau Ukir Pahat Kerajinan Kayu 01070,Rp23.500,23500.0
alat-ukir,tongkat komando kayu galih asem polos,Rp75.000,75000.0
alat-ukir,Pahat Lancip Baja Asli Kuat,Rp19.990,19990.0
alat-ukir,Bisa Cod Kayu Sonokeling motif cerah dan cantik full galih sudah serut halus ukuran bisa custom,Rp20.000,20000.0
alat-ukir,Kerajinan tongkat kayu 110cm ukiran Tengkorak skull,Rp75.000,75000.0
alat-ukir,"Pahat Kayu Gagang Fiber 1"" Inch Tatah Ukir Cungkil Kayu Carving Knife",Rp33.502,33502.0
alat-ukir,FIXTEC Set Pahat Kayu 4 Pcs 6-25MM dengan Bilah Halus dan Presisi - GS3704,Rp109.800,109800.0
alat-ukir,Printer 3d Laser Engraving Alat Ukir Elektrik Laser BERGARANSI,Rp3.829.500,3829500.0
alat-ukir,Manik Kayu Bulat Mentahan 2cm Asli - Pack Isi +/- 17 Butir papan aesthetic,Rp8.500,8500.0
alat-ukir,PAKET 5 BUNGKUS x (@47-50 pcs) STIK KAYU SABLON MAINAN ANAK DIY STICK CRAFT STIK ES KRIM KAYU MAINAN SENI EDUKASI PRAKARYA Kerajinan,Rp15.500,15500.0
alat-ukir,Kaso Kayu Jati Perhutani Asli 60x4x4cm,Rp35.000,35000.0
alat-ukir,Jakarta Barat,Rp100.000,100000.0
alat-ukir,Pisau Ukir Pahat Kayu Set 12 IN 1 Kerajinan Tangan Serbaguna Wood Carving Knife,Rp49.400,49400.0
alat-ukir,Paket 20 pcs - Pisau Kayu 16.5 cm - Disposable,Rp9.775,9775.0
alat-ukir,Papan sonokeling full galih ukuran 1 x 7 x 50 cm | ukuran lain bisa custom,Rp30.000,30000.0
alat-ukir,CMART Cutter Pisau Ukir Hobby Knife Set 14 Pcs SK5 Mini Kit,Rp155.000,155000.0
alat-ukir,"1/4"" Pahat Kayu Gagang Kayu MURAH 1/4"" inch",Rp12.500,12500.0
alat-ukir,Pisau Sisit Skiner Survival Baja Per Kayu Ukir,Rp90.000,90000.0
alat-ukir,Pahat Kayu 5/16 inch Hasston / Tatah Kayu / Wood Chisel Prohex,Rp23.900,23900.0
alat-ukir,pahat kayu set 3pcs tekiro,Rp185.000,185000.0
alat-ukir,V-TEC CLAY KNIFE PLASTIK 31/10,Rp34.000,34000.0
alat-ukir,TERMURAH MINIATUR KAYU SEPEDA MOTOR MOBIL KAPAL PESAWAT HELIKOPTER KAYU,Rp16.900,16900.0
alat-ukir,Mesin engraver / Alat pengukir / Ukir Kulit Kaca Logam kayu / Electric Carving Pen Engraving Plotter Machine Sojipro,Rp227.000,227000.0
alat-ukir,AZKO Tactix Pahat Kayu 6mm Wood Chisel Pisau Ukir Pahat Kayu Wood Carving Tool Peralatan Memahat,Rp56.300,56300.0
alat-ukir,Tambahan Packing Kayu Pengiriman Aman,Rp35.000,35000.0
alat-ukir,IMPODIO Bola Kayu Natural Damar 2-4cm | Estetika visual foto produk meningkat | Properti foto makanan minuman | Content creator UMKM fotografer | Kayu Damar asli halus natural 4pcs | Aksesoris properti dekorasi fotografi alas foto minimalis,Rp5.000,5000.0
alat-ukir,EXTRA PACKING KAYU UNTUK PEMBELIAN LAPTOP KHUSUS JNE - SNAPDRAGON OFFICIAL,Rp30.000,30000.0
alat-ukir,Akadama Akadamatsuchi Ibaraki 1 liter size SS 2-3mm,Rp35.000,35000.0
alat-ukir,Pahat Kayu Datar 3/4 inch Gagang Karet Tatah Kayu Kerajinan Tangan,Rp59.000,59000.0
alat-ukir,Papan Kayu Jati Perhutani Asli 50x7x3.5cm,Rp45.000,45000.0
alat-ukir,(grosir) dowel kayu plikur pen 8mm 8x40mm 100pcs murah berkualitas ujung lancip sambung papan kunci bobok purus,Rp14.459,14459.0
alat-ukir,Dempul serbuk kayu halus serbuk gergaji 1kg,Rp8.000,8000.0
alat-ukir,GAMMA BLADE TRIMMER GAMMA BLACK DIAMOND PISAU,Rp225.000,225000.0
alat-ukir,"KAYU/ WOOD KODE I NOMOR 8- NOMOR 11, 13, 16 UNTUK DEKORASI",Rp30.000,30000.0
alat-ukir,Kujang 30 cm Esak Model Pamor Kayu Ukir Super,Rp135.000,135000.0
alat-ukir,Papan Kayu Jati Perhutani Asli 50x10x1.5cm Grade C,Rp25.000,25000.0
alat-ukir,Gagang motif ceker kidang kayu sonokeling,Rp33.000,33000.0
alat-ukir,Balok kayu mahoni 4x2 (kayu reng),Rp10.880,10880.0
alat-ukir,crafting art knife set pisau ukir seni buah pisau ukir buah bonsai,Rp39.500,39500.0
alat-ukir,Set Peralatan Seni DIY Kulit 18in1 Leather Craft Stitching Sewing Tool,Rp300.000,300000.0
alat-ukir,"Alat Kerajinan, Pahat Ukir Kayu Jepara, Tatah Coret (Ve) Super Tebal, Pahat Bonsai",Rp40.000,40000.0
alat-ukir,TK-16 Pisau Lipat Kunci Pas Perkakas Knife Wrench Plier Multifungsi tools Pocket Stainless Steel kunci pas Kunci Serbaguna,Rp155.000,155000.0
alat-ukir,MULTIPLEK / TRIPLEK 18MM Kondisi Baru Ukuran Lengkap Bisa Custom Cocok untuk Kebutuhan Anda Tipe MULTIPLEK TRIPLEK Ukuran 18MM,Rp10.000,10000.0
alat-ukir,SCULPFUN S30 Pro Max Mesin Ukiran Laser 20W laser engraver ukiran kayu Baja tahan karat,Rp8.424.000,8424000.0
alat-ukir,pisau ukir bedah tajam original 1 in 7 hobby knife set Pisau pemotong kertas buatan tangan khusus pelajar pisau pemotong kertas alat ukir buah pisau pena akun tangan pisau stempel karet pisau ukir kayu,Rp21.150,21150.0
alat-ukir,Pisau Ukir V-TEC 2003-6/Alat Pahat Kayu,Rp24.300,24300.0
alat-ukir,papan ambalan mahoni tebal 2 cm x lebar 20 cm,Rp24.600,24600.0
alat-ukir,(3pcs)Papan kayu Triplek 25cm x 25cm tebal 3mm - Triplek potongan,Rp10.375,10375.0
alat-ukir,Jasa Engrave Laser Custom Logo nama kayu produk skalla 2,Rp5.000,5000.0
alat-ukir,"VENUS Pahat kayu/Tatah kayu/tatah ukir kayu bonsai Baja super tajam gagang fiber 1/4"" (0,5cm)|5/16"" (0,8CM)|3/8"" (1CM)|1/2"" (1,2CM)|5/8"" (1,5CM)|3/4"" (2CM)|1"" (2,5CM)|1.1/4"" (3CM)|1.1/2"" (4CM)",Rp19.000,19000.0
alat-ukir,wood carving disc 4 inch ukir pahat potong kayu,Rp37.500,37500.0
alat-ukir,Pisau Ukir Carving Art Knife Cutter Blade KUAIQU 9309,Rp40.000,40000.0
alat-ukir,Packing Kayu Tambahan Biar Aman Safety Packaging,Rp100.000,100000.0
alat-ukir,(3pcs)Triplek murah 35cm x 35cm tebal 3mm - papan kayu,Rp18.545,18545.0
alat-ukir,Pahat Alat Ukir Kayu Round Flat Straight Gouge Wood Working Steel Set,Rp210.000,210000.0
alat-ukir,Pisau Ukir Buah Sayuran Bentuk Segitiga Bahan Stainless Steel 304,Rp24.250,24250.0
alat-ukir,Chisel storage roll untuk menyimpan pahat,Rp251.000,251000.0
alat-ukir,paket merakit miniatur kayu kerajinan diy,Rp20.000,20000.0
alat-ukir,V TEC CK 30 SB / Craft Knife / Cutter Pen / Pisau Ukir / Art,Rp26.500,26500.0
alat-ukir,Golongan sonokeling gulungan senar pancing kayu sonokeling,Rp43.000,43000.0
alat-ukir,Packing Kayu Palet Super Aman,Rp60.000,60000.0
alat-ukir,Set Pisau Ukir Pahat Kayu 12 in 1 Wood Carving Knife,Rp38.170,38170.0
alat-ukir,KNIFEZER Pisau Ukir Seni Hobby Crafting Art Knife Metal Handle with 5 PCS Blade - WL-9309,Rp10.000,10000.0
alat-ukir,Pisau Sayat Bonsai Kelapa Set Pisau Ukir Crafting Art Knife,Rp24.000,24000.0
alat-ukir,Sepaket gelang&cincin kaokah/koka mitif wajik dan cincin polos,Rp9.500,9500.0
alat-ukir,PAHAT KAYU GAGANG FIBER MODEL USA 1 INCH ALAT TATAH KAYU 1 IN,Rp39.905,39905.0
alat-ukir,Kayu Dowel Diameter 19mm 2cm Panjang 50-120cm Bahan Kayu Dowel Cocok untuk Berbagai Keperluan Kerajinan DIY,Rp2.500,2500.0
alat-ukir,Kayu Dowel Diameter 22mm Panjang 100-120cm Bahan Kerajinan Gagang Sapu Pel DIY Kayu Bulat untuk Proyek Kreatif,Rp4.000,4000.0
alat-ukir,Pisau Gip DN,Rp37.740,37740.0
alat-ukir,"dowel kayu bulat 15 mm/ 1,5cm kayu gamelina dan kayu pinus",Rp2.250,2250.0
alat-ukir,Kerajinan Tangan Miniatur Kayu Mobilan dan Kereta Api dari Yogyakarta - Rumah,Rp17.500,17500.0
alat-ukir,pisau atas (stick) mesin QPJ-220,Rp340.000,340000.0
alat-ukir,Baru! Clay Knife Plastic VT 28 Set Isi 10 V-TEC / Pisau Alat Ukir Liat,Rp38.500,38500.0
alat-ukir,Ready papan kayu sonokeling full galih motif cerah cantik size bisa custom,Rp14.000,14000.0
alat-ukir,Kaso Kayu Jati Perhutan Asli 40x4x3cm,Rp17.000,17000.0
alat-ukir,DOWEL Kayu Ulir 6 x 30 MM 100 Pcs Pen Sambungan Stik Kayu Bulat,Rp14.400,14400.0
alat-ukir,Per atau U Spring untuk Kunci Penjepit Plat Roll atau Sisir Pisau Mesin Gilingan Mie (Harga per Pasang 2pcs),Rp40.000,40000.0
alat-ukir,"Pahat Ukir Kayu Jepara, Jenis Coret/Cukit, Pahat Ve Gagang Kayu, Tatah Ukir",Rp15.000,15000.0
alat-ukir,Set Ukir Pahat Kayu 12 in 1 Wood Carving Art Knife - KSJ-12,Rp38.000,38000.0
alat-ukir,Papan Kayu Jati Perhutani Asli 70X25x2cm,Rp150.000,150000.0
alat-ukir,Papan Kayu Jati Asli 115X15X2CM,Rp138.000,138000.0
alat-ukir,gelang koka/Kaoka/Kaukah/kaokah/ sepaket gelang cincin,Rp7.999,7999.0
alat-ukir,Papan Kayu Jati Perhutani Asli 70x15x2cm Grade A,Rp92.500,92500.0
alat-ukir,Set Pahat Pisau Ukir Kayu 12 in 1 Wood Carving Knife,Rp39.500,39500.0
alat-ukir,Pisau Set Ukir 13In1 AH69 SP / Alat Kerajinan Kayu Seni,Rp35.900,35900.0
alat-ukir,Pahat Kayu Gagang Fiber Ukuran 5/8 Inch Tatah Kayu 16mm Wood Chisel,Rp27.050,27050.0
alat-ukir,220mm Pelindung Pisau Knife Guard Penutup Tahan Lama Pisau Pelindung,Rp28.000,28000.0
alat-ukir,Mesin engraver / Alat pengukir / Ukir Kulit Kaca Logam kayu / Electric Carving Pen Engraving Plotter Machine Sojipro,Rp227.000,227000.0
alat-ukir,AZKO Tactix Pahat Kayu 6mm Wood Chisel Pisau Ukir Pahat Kayu Wood Carving Tool Peralatan Memahat,Rp56.300,56300.0
alat-ukir,Tambahan Packing Kayu Pengiriman Aman,Rp35.000,35000.0
alat-ukir,IMPODIO Bola Kayu Natural Damar 2-4cm | Estetika visual foto produk meningkat | Properti foto makanan minuman | Content creator UMKM fotografer | Kayu Damar asli halus natural 4pcs | Aksesoris properti dekorasi fotografi alas foto minimalis,Rp5.000,5000.0
alat-ukir,EXTRA PACKING KAYU UNTUK PEMBELIAN LAPTOP KHUSUS JNE - SNAPDRAGON OFFICIAL,Rp30.000,30000.0
alat-ukir,miniatur perahu dari stik es krim untuk tugas sekolah,Rp19.000,19000.0
alat-ukir,IMPA 371031 Feather Chart Brush to Clean the Map,Rp80.000,80000.0
alat-ukir,"CAMEL Pahat Kayu Gagang Fiber 1 1/4"" In Inch | Tatah Kayu| Wood Chisel",Rp31.500,31500.0
alat-ukir,"Balok papan kayu sonokeling full galih ukuran 2,8 x 8 x 12 cm | Ukuran lain bisa custom",Rp23.000,23000.0
alat-ukir,Hobby Knife Set Cmart Pisau Ukir Pahat Cutter Set 14 pcs TAIWAN,Rp145.000,145000.0
alat-ukir,1 PC - APLIKASI RUSA GOLD DAN SILVER/APLIKASI NATAL,Rp2.000,2000.0
alat-ukir,ENGRAVER Pena Ukir Elektrik Portable Engraver Pen,Rp30.000,30000.0
alat-ukir,Kayu sonokeling bahan / papan / balok full galih ukuran lain bisa custom,Rp20.000,20000.0
alat-ukir,(PER KG) Veneer Kulit Kayu SUNGKAI Kembang Pelapis Mebel Furniture Vinir Venner Vener,Rp320.000,320000.0
alat-ukir,papan ambalan lebar 15cm | kayu mahoni,Rp4.875,4875.0
alat-ukir,HOBBY MIO SCULPTING TOOLS - PUTTY CLAY POTTERY CARVING CRAFTING PAHAT,Rp67.000,67000.0
alat-ukir,Balok Mini /Wooden Block Kayu Pinus/ Jati Belanda 3 cm x 3 cm x 10 cm,Rp3.500,3500.0
alat-ukir,"KAYU DOWEL 2CM/100CM / KAYU DOWEL SUPERAN SUDAH DI AMPLAS , MULUS LURUS HALUS / KAYU BAHAN KERAJINAN MACRAME",Rp2.000,2000.0
alat-ukir,Sonokeling bahan gagang full galih 3 x 3 x 14 cm,Rp8.000,8000.0
alat-ukir,Ready Kayu sonokeling galih berbagai ukuran bisa custom,Rp44.000,44000.0
alat-ukir,Blade Scrapper Alat Pisau Deburring Tepi Besi Pipa NB1100 BS1010,Rp47.500,47500.0
alat-ukir,"MATA LAS PEMANAS PPR 25mm SOCKET LAS PPR PP-R 25 MOLD FOR MECHINE WELDING 3/4"" SPIGOT HOT MELTING CONNECTOR Dn25 25mm 25 mm 3/4"" 3/4INCH 3/4 INCH",Rp48.888,48888.0
alat-ukir,PISAU UKIR SET V-TEC 2003-3 ISI 3 PCS ALAT BUTSIR KAYU SABUN VTEC,Rp12.500,12500.0
alat-ukir,Carving Tools Set isi 6 / Lino Cut Tools / Cukil Kayu / Alat Ukir,Rp25.250,25250.0
alat-ukir,Pisau Dapur Baja Melayu 20 cm Kayu Ukir,Rp200.000,200000.0
alat-ukir,Tongkat Komando Galih Asem Panjang 60cm Tongkat Kayu,Rp100.000,100000.0
alat-ukir,Jual papan kayu mahoni ukuran 2 x 8 x 50 cm bisa request ukuran,Rp40.000,40000.0
alat-ukir,Mobil DIY Mekanik Cilik 2pcs KGP11&12 Mainan Mobilan Harga Untuk Anak Dengan Obeng Kreatif Seri Sanitas & Pemadam,Rp19.900,19900.0
alat-ukir,"dowel kayu bulat 6 mm/ 0,6 cm kayu gamelina dan kayu pinus 1 ikat isi 20 biji",Rp13.000,13000.0
alat-ukir,"Tatah / Pahat 3/4"" Gagang Kayu Cap MATA",Rp26.300,26300.0
alat-ukir,loster ukir 90cm,Rp100.000,100000.0
alat-ukir,"Alumunium alloy premium Woodworking DIY Universal T-Track Plate Miter Track Clamp Plate Hold Down Clamps for Woodworking Table/ Clamp Penjepit, table saw clamp Alat",Rp130.000,130000.0
alat-ukir,Set Pisau Pahat Ukir Memahat Kayu Seni 13 in 1,Rp36.500,36500.0
alat-ukir,PISAU BAJA CARPU BAHAN BAJA LAKER PER SEPUH ASLI BANTEN,Rp53.600,53600.0
alat-ukir,YOSHIHARU KIRIDASHI JAPAN pisau bonsai grafting knife wood carving,Rp165.000,165000.0
alat-ukir,SET Pisau Ukir Sayat Bonsai Kelapa Alat Ukir Seni 13 in 1,Rp30.867,30867.0
alat-ukir,Lesung atau lumpang baru coklat kayu mahoni 3 ukuran besar sedang dan kecil,Rp42.500,42500.0
alat-ukir,LOTUS Clay Knife Plastik / Pisau Ukir / Pisau Palet / Spatula - isi 6,Rp15.000,15000.0
alat-ukir,Knifezer A-003 Alat Perbaikan Tangan Pisau Ukir Pisau Kerajinan 13Pcs Pisau Kerajinan 13 in 1 Pisau Alat Ukir Patung Mengukir Pisau Bedah Ukiran Aluminium Pisau Ukir Kerajinan Alat Pemotong Seni Kerajinan Knife Blade 13Pcs,Rp13.900,13900.0
alat-ukir,Circle Hole Saw Cutter Wood Drill Bit / Cutter Pelubang Papan,Rp62.500,62500.0
alat-ukir,HASSTON 2780-013 Hobby Knife Set 16 Pcs - Pisau Ukir Pahat Kayu Set,Rp24.439,24439.0
alat-ukir,Papan kayu sonokeling full galih size bisa custom,Rp100.000,100000.0
alat-ukir,papan lipat risolles ukuran 8cm gratis resep kayu,Rp23.900,23900.0
alat-ukir,"Lampu Tidur Akrrilik, Kado Pacar Ulang Tahun, Anniversary, Wedding, Graduation",Rp195.200,195200.0
alat-ukir,DEMPUL KAYU WOOD FILLER GARUDA SIAP PAKAI MEBEL PINTU KUSEN KURSI MEJA KERAJINAN TANGAN,Rp7.200,7200.0
alat-ukir,Papan sonokeling full galih lebar 5 | custom ukuran,Rp12.000,12000.0
alat-ukir,PISAU GARNISH ISI 9 /PISAU TUMPENG/PISAU CARVING/PISAU UKIR BUAH,Rp35.000,35000.0
alat-ukir,Set Pisau Ukir Seni 13 in 1 Crafting Knife 3 Handle,Rp23.600,23600.0
alat-ukir,Solid SLCK03-013 Pisau ukir set hobi,Rp54.000,54000.0
alat-ukir,Pisau Ukir Seni Tajam Presisi Plus Refill 4PCS | Alat Kerajinan Hobby Pemotong Bahan Metal | Crafting Art Knife Pen Cutter Handle,Rp17.900,17900.0
alat-ukir,Papan Kayu Jati Perhutani Asli 50x10x1cm Grade C,Rp16.459,16459.0
alat-ukir,PAPAN MAHONI TEBAL 3CM LEBAR 20CM,Rp49.560,49560.0
alat-ukir,13 in 1 Set Pisau Alat Ukir Seni Dengan 3 Handle Pisau - Silver,Rp29.500,29500.0
alat-ukir,Pahat Kayu 1/2 inch Hasston / Tatah Kayu / Wood Chisel Prohex,Rp26.200,26200.0
alat-ukir,DREMEL 9929 Diamond Engraving Tip for Engraver 290-1,Rp246.000,246000.0
alat-ukir,Pena Ukir Metal Scriber Keramik Ubin Kaca Super Tajam Tungsten Steel,Rp8.500,8500.0
alat-ukir,Pahat Kayu 1/2 INC Gagang Kayu,Rp10.500,10500.0
alat-ukir,Kancing Kayu Little Mermaid Putri Duyung,Rp1.800,1800.0
alat-ukir,Carving Knife 12 in 1 set pisau ukir sayat bonsai buah kelapa,Rp68.200,68200.0
alat-ukir,Fruit Garnish Knife Pisau Ukir Buah Pisau Garnish Fruit Carving,Rp10.000,10000.0
alat-ukir,"Tatah Gagang Kayu Premium (Satuan, Semua Ukuran) /Pahat Kayu/Ukir Kayu",Rp25.000,25000.0
alat-ukir,Bahan gitar kayu sonokeling full galih ukuran bisa custom,Rp24.000,24000.0
alat-ukir,Papan Kayu Jati Perhutani Asli 80x15x1.5cm,Rp80.000,80000.0
alat-ukir,Gagang Pisau Kayu Tangkai Pengganti Pisau,Rp6.000,6000.0
alat-ukir,Alat Ukir Kayu Import 12 Pcs Set Chisel dengan Berbagai Bentuk Mata Pisau untuk Mengukir Kayu Akurat dan Mudah,Rp150.000,150000.0
alat-ukir,Krisbow Wood Chisel Alat Pahat Kayu 2.5 Cm Lrwc25,Rp46.800,46800.0
alat-ukir,IMPODIO Wood Slice Kayu Natural 15-17cm | Properti foto dekorasi rustic | Alas foto produk hiasan | Kreator UMKM | Kayu alami bulat | Alas properti foto tatakan kayu display nampan woodslice dekorasi rustic natural estetik alas lilin vas,Rp25.000,25000.0
alat-ukir,Sanneng - SN4833 9cm Carve Knife-Wooden Handle,Rp113.300,113300.0
alat-ukir,Mesin engraver / Alat pengukir / Ukir Kulit Kaca Logam kayu / Electric Carving Pen Engraving Plotter Machine Sojipro,Rp227.000,227000.0
alat-ukir,Pisau Ukur Buah / Pisau Garnish / Fruit Carving Knive / Fruit Garnish,Rp9.000,9000.0
alat-ukir,Bahan bilah baja d2 GOLD asli sudah di potongan untuk bahan pisau tanpa sepuh,Rp75.000,75000.0
alat-ukir,SET 13 IN 1 PISAU OKULASI cangkok sayat bonsai Pisau Ukir Seni Exacto,Rp30.867,30867.0
alat-ukir,TERMURAH 50 PC DOWEL KAYU BULAT / STICK KAYU BULAT UKURAN 4X8 DAN 5X10 Kerajinan,Rp7.770,7770.0
alat-ukir,HUNGLONG pisau kait mata dua hunglong / pisau kait tekstil/ pisau jalu,Rp5.489,5489.0
alat-ukir,KNIFE hobby craft metal handle - Pisau Hobby - Pisau Ukir Seni,Rp14.500,14500.0
alat-ukir,Pahat Beton Ketok / Bobok Tembok Dinding Semen / Chisel Stone Cement,Rp13.250,13250.0
alat-ukir,Deder Handle Gagang Gaya Solo Kayu Jati Standar Model Solo Bahan Kayu Jati Berkualitas Standar Sudah Lobangan,Rp47.000,47000.0
alat-ukir,Jual komponen kayu sonokeling full galih ukuran bisa request,Rp17.000,17000.0
alat-ukir,"Hobby Knife Set 16pcs, Pahat / pisau ukir set 16pcs Hasston (2780-013)",Rp28.200,28200.0
alat-ukir,Kayu sonokeling full galih bahan kerajinan ukuran lebar 6 | bisa custom ukuran lain,Rp25.000,25000.0
alat-ukir,Yoshiharu kiridashi RIGHT Handed Marking Knife / Wood carving knife,Rp95.000,95000.0
alat-ukir,Pisau Korek Kikis Buang Scrap Gram Deburring Chamfering Trimming Knife,Rp16.000,16000.0
alat-ukir,"Alat Kerajinan, Pisau Raut, Pisau Kerajinan, Pisau Ukir, Model A3",Rp26.000,26000.0
alat-ukir,Papan Ambalan Meja Konsol Kayu Jati Asli Natural Prefinished A2 90cm,Rp290.000,290000.0
alat-ukir,Pisau Garnish Berkualitas Tinggi dengan Promo Menarik - Alat,Rp33.900,33900.0
alat-ukir,Jual kayu sonokeling ukuran banyak bervariasi bisa ccustom ukuran,Rp89.000,89000.0
alat-ukir,Pisau Lipat Motif Kayu 15CM P3008,Rp9.000,9000.0
alat-ukir,Pisau Ukir Hobby Crafting Art Knife Metal Handle Dengan 4 Mata Pisau,Rp21.200,21200.0
alat-ukir,Pahat Kayu / Pahat Kayu Set / Pahat Kayu CAMEL/ Pisau Ukir / Alat Ukir,Rp39.900,39900.0
alat-ukir,PISAU GARNISH UKIR SET SAYUR BUAH bonsai buah kelapa 443,Rp65.700,65700.0
alat-ukir,"Pahat kayu Camel gagang fiber 1/4"" 3/8"" 1/2"" 5/8"" 3/4"" 1"" 1 1/4"" 1 1/2",Rp21.500,21500.0
alat-ukir,Alat Ukir kaca Model Pena Engraving Carbide Scriber Pen For Glass,Rp17.100,17100.0
alat-ukir,Bahan gagang kayu sonokeling full galih motif serat ruwet/akar ukuran lain bisa custom,Rp39.000,39000.0
alat-ukir,Pisau Lipat Motif Kayu 16CM K2019,Rp9.000,9000.0
alat-ukir,Kayu sonokeling balok bahan gagang dan kerajinan lain nya,Rp6.500,6500.0
alat-ukir,7 pcs pisau ukir buah dan sayuran/pisau garnish,Rp42.000,42000.0
alat-ukir,"Papan Kayu MDF A3, A4, 20x20, 20x30cm Tebal 6mm MDF Cokelat",Rp7.500,7500.0
alat-ukir,Pisau Ukir set 15 pcs,Rp55.000,55000.0
alat-ukir,V-TEC Alat Pahat Kayu / Wood Carving Tool / Pisau Ukir set 10,Rp42.000,42000.0
alat-ukir,PISAU UKIR KAYU V-TEC WOOD CARVING CHISELS SET 3 PCS TYPE 2003-3,Rp15.200,15200.0
alat-ukir,wood carving tools alat ukir alat cukil kayu alat clay bahan craft,Rp19.900,19900.0
alat-ukir,Pisau Ukir Seni Pahat Kayu Set 13 in 1 Tajam 3 Handle Praktis,Rp34.900,34900.0
alat-ukir,Set Pisau Ukir 13 in 1 Crafting Art Knife with 3 Handle,Rp35.000,35000.0
alat-ukir,Pena Ukir Grafir Kayu Pen Pahat Metal Scriber Tungsten Carbide Tip untuk Kaca Besi Aluminium,Rp12.600,12600.0
alat-ukir,Stand Akrilik Kayu Stand Kertas Tatakan Foto Bahan Kayu Jati Belanda( Bisa Custom Ukuran),Rp1.900,1900.0
alat-ukir,"9 pcs kayu macrame sudah di amplas halus , kayu dowel superan panjang 30cm 40cm 50cm ( isi 9 picis per kemasan )",Rp25.000,25000.0
alat-ukir,Pisau ukir sayat bonsai buah kelapa,Rp21.500,21500.0
alat-ukir,Kujang Kuningan 20cm Ukir Macan,Rp69.000,69000.0
alat-ukir,DOWEL Kayu Ulir 10 x 40 MM 100 Pcs Pen Sambungan Stik Kayu Bulat,Rp19.739,19739.0
alat-ukir,Papan Kayu Jati Perhutani Asli 70x10x1cm Grade C,Rp27.000,27000.0
alat-ukir,METAL CUTTER ANTI KARAT PISAU BAJA UKIR TAJAM SERBAGUNA,Rp8.500,8500.0
alat-ukir,jasa custom laser grafir marking engrave ukir nama dan logo,Rp4.500,4500.0
alat-ukir,Pisau Seni / Ukir / Pen-Type Precision Art / Craft / Hobby Knife / Cutter Samoyed AK-CY5,Rp4.950,4950.0
alat-ukir,Kaso Kayu Jati Perhutani Asli 150x4x4cm,Rp95.000,95000.0
alat-ukir,Stik polos kerajinan super halus,Rp9.500,9500.0
alat-ukir,Pangot Bambu Pisau Kerajinan Bambu,Rp35.000,35000.0
alat-ukir,Paket kayu sonokeling full galih ( isi 10 ) ukuran 1 x 1 x 35 - 50 cm,Rp19.500,19500.0
alat-ukir,Balsa stik 4mm perlengkapan maket,Rp8.500,8500.0
alat-ukir,Tatah Kayu / Pahat Kayu Set 4pcs Hasston (4571-030),Rp111.500,111500.0
alat-ukir,BABONAN WARANGAN TUA HITAM PEKAT Tosan Aji Keris Tombak Kujang Badik,Rp124.000,124000.0
alat-ukir,Papan Kayu Jati Perhutani Asli 80X10X1CM GRADE C,Rp30.000,30000.0
alat-ukir,Papan Ambalan Mahoni Solid 2cm x 25cm – Rak Dinding / Meja Minimalis Custom Premium,Rp30.750,30750.0
alat-ukir,KNIFEZER Pisau Ukir Seni Hobby Crafting Art Knife Aluminium Handle WL-9309,Rp9.500,9500.0
alat-ukir,PISAU GARNISH UKIR SAYUR BUAH bonsai buah kelapa 4pcs set,Rp74.500,74500.0
alat-ukir,"Pahat Kayu Gagang Kayu MURAH 1/2"" inch",Rp11.750,11750.0
alat-ukir,Mata Pisau Japan Steel Mesin Kating ROLAND BLADE JINKA MAXDECAL MDR,Rp419.750,419750.0
alat-ukir,Knifezer Set Pisau Ukir Seni 13 in 1 Crafting Knife 3 Handle - A-003,Rp26.100,26100.0
alat-ukir,Edging Trimmer Alat Pemotong Tepi Edging HPL,Rp6.822,6822.0
alat-ukir,Kayu sonokeling rosewood ukuran bisa custom 1 x 5 x 15 cm,Rp7.000,7000.0
alat-ukir,Kayu sonokeling full galih ukuran 3 x 10 x 60 cm,Rp145.000,145000.0
alat-ukir,Krisbow Wood Chisel Alat Pahat Kayu 2.5 Cm Lrwc25,Rp46.800,46800.0
alat-ukir,IMPODIO Wood Slice Kayu Natural 15-17cm | Properti foto dekorasi rustic | Alas foto produk hiasan | Kreator UMKM | Kayu alami bulat | Alas properti foto tatakan kayu display nampan woodslice dekorasi rustic natural estetik alas lilin vas,Rp25.000,25000.0
alat-ukir,Sanneng - SN4833 9cm Carve Knife-Wooden Handle,Rp113.300,113300.0
alat-ukir,Mesin engraver / Alat pengukir / Ukir Kulit Kaca Logam kayu / Electric Carving Pen Engraving Plotter Machine Sojipro,Rp227.000,227000.0
alat-ukir,Pisau Ukur Buah / Pisau Garnish / Fruit Carving Knive / Fruit Garnish,Rp9.000,9000.0
alat-ukir,Kaso Kayu Jati Perhutani Asli 80x4x4cm,Rp49.250,49250.0
alat-ukir,Stik Es Krim Polos isi 600++ pcs Kualitas Top Mainan Stik Kayu DIY Kreasi Rumah Rumahan dll Prakarya Kerajinan Anak,Rp12.500,12500.0
alat-ukir,Cod kayu sonokeling full galih | bahan gagang sonokeling | bahan kerajinan kayu sonokeling,Rp80.000,80000.0
alat-ukir,HARAPAN INDAH PERKAKAS,Rp17.500,17500.0
alat-ukir,"ECERAN Tatah Ukir Jepara, Jenis Pahat Cekung/Kol",Rp11.000,11000.0
alat-ukir,Pisau Alat Ukir Kayu 1 Set Isi 6 Pcs Wood Carving Knife,Rp25.000,25000.0
alat-ukir,penanda pengukir kayu logam metal kaca keramik scribe model,Rp15.500,15500.0
alat-ukir,Pisau Ukir Stainless Steel Cutter Tajam Plus Refill 5Pcs,Rp14.775,14775.0
alat-ukir,ruji bambu sangkar hitam anti luntur di cet dengan minyak panjang 60cm 1ikat isi 100biji,Rp10.000,10000.0
alat-ukir,Gagang Kikir Kayu / Pegangan Gagang / Wood File Scrapper Handle,Rp5.000,5000.0
alat-ukir,Kayu Roset Bulat isi 10 pcs / Kayu Tatakan Fitting Saklar Tempel Tembok,Rp9.500,9500.0
alat-ukir,HASSTON 2200-003 Kop Kaca Kaki 3 - Alat Angkat Pengangkat Kaca 3 Jaw,Rp135.615,135615.0
alat-ukir,Pisau Pemangkas Tepi Kayu Edge Trimming Scraper Knife Cutter - ID13,Rp43.000,43000.0
alat-ukir,Raskam Asli Berkualitas Isi Tiga lagi promo papan dinding Alat Tahan Lama dan Terjangkau untuk Tukang Bangunan kayu jati,Rp53.500,53500.0
alat-ukir,Pena Ukir Tungsten Metal Tip,Rp7.500,7500.0
alat-ukir,ISI SAJA 5pcs Mata Pisau Ukir Blade Cutter Pen Pisau Seni Cutter Hobby Crafting Art Knife Metal Handle Bonsai Sayat Ukir Set Mata dan Gagang Art Knife Cutting Sticker Decal KNIFEZER Keperluan Silet Bolpen Iris Kecil Cutting Kerajinan Tangan Tri Tunggal,Rp7.599,7599.0
alat-ukir,Pisau Kerambit Kayu Jati Ukir Garuda,Rp75.000,75000.0
alat-ukir,Pisau Ukir Pahat Ukir Mini Gagang Kayu 5 pcs Set,Rp11.300,11300.0
alat-ukir,(PER ROL) Veneer Kulit Kayu MEGA SUNGKAI MEGASUNGKAI Lurus Pelapis Mebel Furniture Vinir Venner Vener,Rp332.500,332500.0
alat-ukir,Bahan pisau Baja D2 warna PUTIH baja berkualitas tinggi super tajam sudah sepuh / HT Pabrik Tinggal Bentuk,Rp64.000,64000.0
alat-ukir,Alat pahat / Alat cukil / Wood Carving set 6 pcs,Rp24.500,24500.0
alat-ukir,Pisau Ukir Seni Cutter Crafting Art Knife Cutter Set Ukir Pen Lancip,Rp4.485,4485.0
alat-ukir,Set Pisau Ukir 13 in 1 Crafting Art Knife with 3 Handle putih,Rp35.000,35000.0
alat-ukir,8 IN 1 SET Pisau Linggis Congkel IC Chip CPU,Rp18.500,18500.0
alat-ukir,SCALPEL pisau bedah cutter pen pisau ukir art knife SET Handle + 10pcs mata,Rp14.000,14000.0
alat-ukir,Pena Ukir Metal Scriber Keramik Ubin Kaca Super Tajam Tungsten Steel,Rp8.500,8500.0
alat-ukir,You Are My Sunshine Music Box - Automatic Hadiah Kado Ulang Tahun Unik,Rp140.000,140000.0
alat-ukir,Butsir Plastik Alat Ukir Tanah Liat / Clay Knife Plastic 14 pcs ATK88,Rp10.000,10000.0
alat-ukir,Pisau Ukir Pahat Ukir Mini Gagang Kayu 3 pcs,Rp7.500,7500.0
alat-ukir,Miniatur Box Line Array 2inch Double CNC – DIY Project Audio,Rp13.989,13989.0
alat-ukir,Electric Engraver | Alat Ukir Gravir Listrik,Rp248.000,248000.0
alat-ukir,Papan Kayu Jati Perhutani Asli 120x10x1cm Grade A,Rp55.000,55000.0
alat-ukir,Mesin Ukir Listrik Electric Carving Engraving Pen Pulpen Ukir Listrik Alat Grafir Serbaguna untuk Kayu Kaca Logam Plastik DIY Kerajinan,Rp106.700,106700.0
alat-ukir,Kujang Esak Model Pamor Kayu Ukir,Rp135.000,135000.0
alat-ukir,Pisau Mini Ukir Buah Sayur Seni Garnish Dekorasi Tumpeng Bonsai 13in1,Rp34.800,34800.0
alat-ukir,2 PAK STIK ES KRIM KAYU/ STIK ES KRIM WARNA/ MAINAN STIK ES KRIM,Rp4.300,4300.0
alat-ukir,Kab. Cilacap,Rp1.800,1800.0
alat-ukir,Wooden Stand Wood Penyangga Kayu Kertas Tatakan Aesthetic,Rp8.999,8999.0
alat-ukir,Nicole's Wooden Knife - 2 pcs,Rp23.000,23000.0
alat-ukir,Kayu sonokeling full galih bahan gagang | ukuran lain bisa custom,Rp5.000,5000.0
alat-ukir,13 in 1 Crafting Art carving knife pisau ukir sayat bonsai buah kelapa,Rp35.000,35000.0
alat-ukir,souvenir kerajinan tangan miniatur vespa Kayu Hadiah,Rp18.000,18000.0
alat-ukir,Set Pisau Ukir Seni Kerajinan Kulit Pahat Kayu Leather Craft Art,Rp27.500,27500.0
alat-ukir,Kikir Flat Tsubosan 2nd Cut 215 mm 8 inch Japan Plat File Besi,Rp130.000,130000.0
alat-ukir,Pisau Alat Ukir 13 in 1 + 3 Pcs Handle,Rp29.700,29700.0
alat-ukir,Tongkat Kayu 40Cm Untuk Turus Ajir Dan Kerajinan Tangan,Rp2.500,2500.0
alat-ukir,souvenir miniatur becak kayu kerajinan tangan Hadiah,Rp30.000,30000.0
alat-ukir,Balok Kaso Kayu Jati Asli 50x5x5cm,Rp45.000,45000.0
alat-ukir,Kayu Dowel Bulat Panjang 120 cm Diameter 20 mm 100 cm / 75 cm / 50 cm / 40 cm,Rp5.000,5000.0
alat-ukir,Stainless steel carving knife pisau ukir sayat bonsai buah kelapa,Rp84.000,84000.0
alat-ukir,Set Pisau Ukir Alat Pahat Kayu Wood chisel Carving Knife 12 in 1 161,Rp278.500,278500.0
alat-ukir,"CAMEL Pahat Kayu Gagang Fiber 1/2"" In Inch | Tatah Kayu | Wood Chisel",Rp22.500,22500.0
alat-ukir,Kayu sonokeling full galih bahan gagang ukuran bisa custom,Rp7.000,7000.0
alat-ukir,Papan Kayu Jati Perhutani Asli 60x10x1.5cm,Rp40.000,40000.0
alat-ukir,Crafting Art Knife + 10 refill / Pisau Seni Ukir Prakarya,Rp12.000,12000.0
alat-ukir,Clay Indentation Pen set 5 Ball Stylus Alat Indent Modelling Clay Tool,Rp38.000,38000.0
alat-ukir,Pahat Tatah Alat Ukir Gagang Kayu Target,Rp13.000,13000.0
alat-ukir,EELIC AUP-KA13P Alat ukir pahat kayu pisau ic acrylic 13 set precision knife untuk 3d printer,Rp28.000,28000.0
alat-ukir,TERMURAH MINIATUR KAYU SEPEDA MOTOR MOBIL KAPAL PESAWAT HELIKOPTER KAYU,Rp25.900,25900.0
alat-ukir,Tambahan Packing Kayu Ekstra untuk Pengiriman Aman Barang Pecah Belah Kuat dan Aman,Rp50.000,50000.0
alat-ukir,AZKO Tactix Pahat Kayu 6mm Wood Chisel Pisau Ukir Pahat Kayu Wood Carving Tool Peralatan Memahat,Rp56.300,56300.0
alat-ukir,IMPODIO Bola Kayu Natural Damar 2-4cm | Estetika visual foto produk meningkat | Properti foto makanan minuman | Content creator UMKM fotografer | Kayu Damar asli halus natural 4pcs | Aksesoris properti dekorasi fotografi alas foto minimalis,Rp5.000,5000.0
alat-ukir,Pisau Ukur Buah / Pisau Garnish / Fruit Carving Knive / Fruit Garnish,Rp9.000,9000.0
alat-ukir,Mesin engraver / Alat pengukir / Ukir Kulit Kaca Logam kayu / Electric Carving Pen Engraving Plotter Machine Sojipro,Rp227.000,227000.0
alat-ukir,Dies cutting dies sew machine craft theme pattern stencil embroidery,Rp39.000,39000.0
alat-ukir,harga satu biji Klem Selang oem Eropa merek Wealthy gigi istimewa super tebal kuat varian ukuran,Rp17.500,17500.0
alat-ukir,Crafting Art Knife + 10 refill / Pisau Seni Ukir Prakarya,Rp12.000,12000.0
alat-ukir,Clay Indentation Pen set 5 Ball Stylus Alat Indent Modelling Clay Tool,Rp38.000,38000.0
alat-ukir,TERMURAH MINIATUR KAYU SEPEDA MOTOR MOBIL KAPAL PESAWAT HELIKOPTER KAYU,Rp25.900,25900.0
alat-ukir,Alat Ukir / Pahat Seni Patung / Pot Tanah Liat Polimer / Keramik / Lilin / Dekorasi Kue / Pottery / Polymer / Ceramic Clay / Wax / Plaster / Cake Frosting Sculpting / Modeling / Carving Tools Samoyed SCTS-H11,Rp49.300,49300.0
alat-ukir,Tambahan Packing Kayu Ekstra untuk Pengiriman Aman Barang Pecah Belah Kuat dan Aman,Rp50.000,50000.0
alat-ukir,PACKING KAYU Khusus Pengiriman via Ekspedisi 2-25KG,Rp50.000,50000.0
alat-ukir,"Pahat Kayu Gagang Kayu MURAH 3/4"" inch",Rp14.250,14250.0
alat-ukir,Scrapper / Kape Stainless Steel - Alat Pembersih Kaca Kompor SERBAGUNA,Rp15.000,15000.0
alat-ukir,Pisau Ukir Pahat Kayu 12 pcs SET Wood Carving Art Knife,Rp29.300,29300.0
alat-ukir,Pen Ukir Grafir Akrilik Kayu Kaca Besi Pisau Alat Ukir Graphite Grafir,Rp29.000,29000.0
alat-ukir,Set 7pcs Pisau Ukir Buah - Pisau Garnish - Pisau Carving - Dekorasi Nasi Tumpeng Kitchenware Serbaguna,Rp49.000,49000.0
alat-ukir,10pcs Balsa stik 2mm x 2mm x 50cm / 1meter kayu balsa stick 2mm ringan dan kuat kualitas terbaik untuk kerajinan,Rp7.500,7500.0
alat-ukir,Pisau Pahat Ukir Kayu Hobby Knife Set 6 pcs Mata Pisau,Rp10.000,10000.0
alat-ukir,Papan Mahoni 2 cm Lebar 30cm Solid Finishing Panjang Custom Sudah Di Finishing Dan Di Vernis,Rp99.000,99000.0
alat-ukir,Kaso Kayu Jati Perhutani Asli 100x4x4cm,Rp50.000,50000.0
alat-ukir,Decking Tile Kayu Jati Finish 28cmx28cm sudah coating,Rp23.690,23690.0
alat-ukir,Alat Deburring Tepi Besi Pipa with 10 PCS BS1010 Blade Scrapper - NUODA RB1000,Rp74.700,74700.0
alat-ukir,tongkat komando galih asem 55 -60cm,Rp105.000,105000.0
alat-ukir,PISAU UKIR PAHAT UKIRAN WOOD CARVING PRESISION KNIFE TOOL 13PC SET,Rp27.500,27500.0
alat-ukir,Alat Potong Lingkaran Bulat Kertas Kompas Circular Rotary Cutter Paper,Rp17.500,17500.0
alat-ukir,Ranting Jati Alami Teak Wood Halus 20cm s/d 2 meter untuk Kerajinan Kayu Lekukan Alami,Rp7.000,7000.0
alat-ukir,KUAIQU Pisau Ukir Seni 1 Set 40 in 1 Pisau Ukir Carving Art Knife Cutter Blade 40 Buah Pisau Ukir Kerajinan Pisau Pemotong Kertas Pemotong Ukiran Kit Pisau Bedah 40 in 1 Pisau Ukir Pisau Kerajinan Ponsel PCB - 9309,Rp13.900,13900.0
alat-ukir,DOWEL Kayu Ulir 8 x 80 MM 100 Pcs Pen Sambungan Stik Kayu Bulat,Rp22.400,22400.0
alat-ukir,SABETZU Alat Serut Kayu Manual Mahoni - Ketam Sugu Pasah Wood Planer,Rp39.800,39800.0
alat-ukir,"Pahat Ukir Jepara, Tatah Bonsai Bahan PER Super Jenis Coret/Pahat Ve, ECERAN",Rp30.000,30000.0
alat-ukir,ESSDEE Lino Cutter Set x 6,Rp150.000,150000.0
alat-ukir,KNIFEZER Pisau Ukir Seni Hobby Crafting Art Knife Aluminium Handle - WL-9309 - Silver,Rp23.000,23000.0
alat-ukir,Bahan anyaman rotan ukuran besar kerajinan rotan,Rp52.500,52500.0
alat-ukir,Lino Cutter / Alat Ukir Pahat Set 5,Rp53.000,53000.0
alat-ukir,Cutter Clay Scraper Alat Clay Sculpting Pahat Pottery Ukir Blade,Rp25.000,25000.0
alat-ukir,Papan asli sonokeling rosewood full galih ukuran lain bisa custom,Rp17.000,17000.0
alat-ukir,Papan Ambalan Meja Konsol Kayu Jati Asli Natural Prefinished A1 50cm,Rp75.000,75000.0
alat-ukir,Packing Kayu Untuk Barang Pecah Belah,Rp55.000,55000.0
alat-ukir,Alat Pahat Tatah Kayu Gagang Karet Fiber Wood Chisel BLITZ BC / CRV 1/2 5/8 3/4 1 11/4 11/2 Inch,Rp52.900,52900.0
alat-ukir,alat deburing tool pengikis tepi besi pipa set 10 pcs pisau scrapper Blade,Rp79.000,79000.0
alat-ukir,Pisau Lipat Motif Kayu 15CM K2018,Rp9.000,9000.0
alat-ukir,pisau sayat bonsai kelapa pisau ukir kayu 5 pisau cadangan Tajam,Rp39.000,39000.0
alat-ukir,Cod papan kayu sonokeling original size bisa custom,Rp25.000,25000.0
alat-ukir,Alat Ukir kaca Model Pena Engraving Carbide Scriber Pen For Glass Metal Kayu Keramik Besi Anti Karat Serbaguna,Rp14.300,14300.0
alat-ukir,balok jati belanda/papan jati belada /jati belanda 4x4/balok jati belanda 4x4/balok pinus 4x4/kaso jati belanda,Rp15.000,15000.0
alat-ukir,Kayu sonokeling dan kayu rengas ukuran 3x3x40 cm dan ukuran lainnya,Rp26.000,26000.0
alat-ukir,Extra Packing kayu Tambahan,Rp50.000,50000.0
alat-ukir,Pisau Kerajinan Ukir Seni Grafir Multifungsi 13in1 Craft Art Tool Set,Rp42.500,42500.0
alat-ukir,pisau ukir sayat bonsai 13 in 1 set pisau ukir 3 handle pegangan,Rp34.900,34900.0
alat-ukir,Linseed Oil plus 1 liter,Rp84.000,84000.0
alat-ukir,Alat Serut Kayu Manual Ketam Planer Sugu Pasah Kayu Mini,Rp18.900,18900.0
alat-ukir,Pisau Ukir Seni Tajam Presisi 4PCS Refill Alat Kerajinan Hobi Pemotong Bahan Metal Crafting Art Knife Pen Cutter,Rp13.600,13600.0
alat-ukir,TERMURAH MINIATUR KAYU SEPEDA MOTOR MOBIL KAPAL PESAWAT HELIKOPTER KAYU Set Hadiah,Rp35.800,35800.0
alat-ukir,CUTTER UKIR SET 40PCS pisau Art knife craft kerajinan DIY ukir potong,Rp50.422,50422.0
alat-ukir,SCULPFUN Rotary Roller Upgrade Laser Engrave Sumbu Y Berputar 360 ° untuk benda bulat,Rp918.000,918000.0
alat-ukir,Papan Kayu Jati Perhutani Asli 80x10x2cm Grade A,Rp70.000,70000.0
alat-ukir,Balsa Sheet Lebar 20cm - Kayu Balsa Lembaran jumbo,Rp7.600,7600.0
alat-ukir,Pisau Hobby Knife Pisau Hobi Set Pisau Ukir Pahat Kayu Set 13 Pcs,Rp23.500,23500.0
alat-ukir,5pcs dowel kayu pin stik plikur kayu 8mm panjang 20cm 30cm 40cm termurah kerjinan kayu bulat,Rp4.611,4611.0
alat-ukir,Pisau Pengupas Stiker Serbaguna Scraper Knife for Car Sticker,Rp10.900,10900.0
alat-ukir,Pisau Ukir Craft Art Knife Cutting Mat Crafting Kertas + Mata Cadangan,Rp14.000,14000.0
alat-ukir,Stik Kaso Kayu Jati Perhutani Asli 80X2X2cm,Rp13.500,13500.0
alat-ukir,souvenir miniatur kereta lokomotif kayu Kerajinan tangan,Rp18.000,18000.0
alat-ukir,Pisau Kerambit Silat Baja Kayu Jati Ukir,Rp75.000,75000.0
alat-ukir,AZKO Tactix Pahat Kayu 6mm Wood Chisel Pisau Ukir Pahat Kayu Wood Carving Tool Peralatan Memahat,Rp56.300,56300.0
alat-ukir,IMPODIO Bola Kayu Natural Damar 2-4cm | Estetika visual foto produk meningkat | Properti foto makanan minuman | Content creator UMKM fotografer | Kayu Damar asli halus natural 4pcs | Aksesoris properti dekorasi fotografi alas foto minimalis,Rp5.000,5000.0
alat-ukir,Pisau Ukur Buah / Pisau Garnish / Fruit Carving Knive / Fruit Garnish,Rp9.000,9000.0
alat-ukir,Mesin engraver / Alat pengukir / Ukir Kulit Kaca Logam kayu / Electric Carving Pen Engraving Plotter Machine Sojipro,Rp227.000,227000.0
alat-ukir,Dies cutting dies sew machine craft theme pattern stencil embroidery,Rp39.000,39000.0
buku-tulis,Master Sampul Buku Emboss Boxy Sealing - Plastik Cover Book Buku Tulis Besar,Rp23.938,23938.0
buku-tulis,Buku Tulis Spiral / Notebook / Spiral Notes B5 TOMEX Cute Animal,Rp37.500,37500.0
buku-tulis,Estudee 10Ring Notebook A5 White,Rp45.200,45200.0
buku-tulis,NIIMBOT B1/B21/B21Pro/B31/B3S/B4 Kertas Label Termal B1/B21/B21Pro/B31/B3S/B4 Tahan Air & Minyak Anti Gores Cocok untuk Printer Lama Baru Seri Warna Solid Besar Terlaris,Rp98.000,98000.0
buku-tulis,TRG Black Plain Paper Notebook B5 NB-75 - Buku Tulis Catatan A5 Hitam Polos Motif Plain TRG,Rp17.125,17125.0
buku-tulis,"KIKY Buku Hard Cover A6 Glossy (Uk. 10,5 x 16 cm) Isi 100 Lembar",Rp11.500,11500.0
buku-tulis,Bantex Alphabetical Indexes A4 AZ (21 pages) 6203 45,Rp21.000,21000.0
buku-tulis,Bukuqu Notebook Spiral A5 - SM021 Week Plan - Agenda - Planner Mingguan,Rp43.660,43660.0
buku-tulis,Bukuqu Notebook 365 Undated Planner B6 - planner tanpa tanggal,Rp79.998,79998.0
buku-tulis,Buku Tulis Paper Star B5 Besar Boxy Isi 42 Satu Pack Buku Tulis Sekolah Free Bubble Wrap ATK,Rp30.000,30000.0
buku-tulis,KIKY Notebook / Buku Catatan Hard Cover A5 W/O 64 Sheet Stray Cats - 1 Buku,Rp18.900,18900.0
buku-tulis,Deli Memo tempel - Sticky Notes 4 Warna x 100 Sheets] Perekat yang kuat EA02302 Kertas Paper,Rp10.900,10900.0
buku-tulis,Notebook Spiral B5 Merk Tomex Love At First Sight,Rp37.500,37500.0
buku-tulis,GREEBEL STICKY NOTES GSN 5W1M 7676100 /Memo Pad Note/DIY Planner/Kertas Bentuk Warna warni,Rp15.350,15350.0
buku-tulis,Master Sampul Buku Mika Gulung 34x500cm - Plastik Book Cover - 1 rol,Rp12.805,12805.0
buku-tulis,Kertas Kwitansi Paperline [PPL KT 40 M/40 Lembar] / Kuitansi / Nota,Rp4.900,4900.0
buku-tulis,Buku Tulis Catatan Bergaris Ruled Notebook Joyko NB-710 A5 SpaceTravel,Rp32.900,32900.0
buku-tulis,Ruled Notebook Diary Agenda Buku Catatan Bergaris Joyko NB-742 B7,Rp8.300,8300.0
buku-tulis,Buku Nota Catatan Bukti Kas Kiky 100 Lembar,Rp7.914,7914.0
buku-tulis,Notebook A5 / Buku Catatan Karakter Lucu 30 Lembar Lined Buku Tulis Paper Stationery,Rp6.900,6900.0
buku-tulis,Master Sampul Mika Gulung 45 x 500 cm Tebal 07 - Plastik Cover Book Sampul Buku Tulis Buku Paket,Rp29.484,29484.0
buku-tulis,Buku Surat Jalan 3 Ply Besar AF - Kertas Nota Rangkap 3,Rp10.283,10283.0
buku-tulis,Basic Notebook Custom #MARBLE - Custom Notebook - Planner - Journal,Rp59.500,59500.0
buku-tulis,TRG Sampul Buku Tulis Kertas Boxy Coklat BCV-BP20 SIDU Big Boss 42 50 Lembar Isi 20 Brown Paper Book Cover,Rp7.499,7499.0
buku-tulis,Buku Kotak Mandarin BESAR Tulis Mandarin Kotak besar chinese writing big book ATK1580BO,Rp6.880,6880.0
buku-tulis,[PACK] Buku Tulis SIDU Sampul Kraft Cover 40 Lembar 1 Pak Isi 10 Buku 38 Sinar Dunia,Rp39.983,39983.0
buku-tulis,Master Sampul Buku Samson Kwarto Polos/20 - Sampul Buku Tulis Kecil Kertas Tebal - Cover Book,Rp14.378,14378.0
buku-tulis,Sampul Buku Mika 135 x 100 cm - Plastik Book Cover,Rp20.953,20953.0
buku-tulis,TOMEX Buku Tulis Spiral / Notebook Spiral / Notes / Spiral Notebook A6,Rp16.975,16975.0
buku-tulis,Buku Tulis Spiral / Notebook / Spiral Notes A5 TOMEX Cute Animal,Rp30.900,30900.0
buku-tulis,Buku Agenda Malaikat - Kevin L Zadai,Rp55.250,55250.0
buku-tulis,Master Sampul Mika Gulung 34x500cm Tebal 07 - Cover Buku Tulis Buku Paket,Rp22.113,22113.0
buku-tulis,My Book Yuvi Buku Tulis Tebal A5 Classic Motor 58 Lembar - 10 Buku Sekolah,Rp47.000,47000.0
buku-tulis,Stiker Journal Drink by bukuqu,Rp11.830,11830.0
buku-tulis,bukuqu Wedding Planner Mr & Mrs Notes Persiapan Pernikahan,Rp98.000,98000.0
buku-tulis,Basic Notebook Custom #Artistic- Planner - Bullet Journal by Bukuqu,Rp59.500,59500.0
buku-tulis,Buku Tulis Sidu A5 Kwarto Kecil Isi 38 58 Lembar Satu Pack Isi 10 Buku Tulis Sekolah Sinar Dunia Free Bubble Wrap ATK,Rp49.600,49600.0
buku-tulis,AKUSA Spiral Book A5/B5 60 Lembar Buku Catatan Kuliah Kantor Motif Pemandangan Dengan Ring Spiral Kuat SB013,Rp9.990,9990.0
buku-tulis,AKUSA Spiral Book A5/B5 Motif Buku Sekolah Kantor Jurnal Diary Motif Lucu Dengan Ring Aesthetic SB007,Rp9.990,9990.0
buku-tulis,Notebook Buku Tulis Catatan Diary Agenda Joyko NB-709 Cloth Kain Hard Cover,Rp48.800,48800.0
buku-tulis,Notebook Spiral A5/B5 EAGLE Buku Tulis Motif HELLO WORLD Isi 80 Lembar,Rp30.900,30900.0
buku-tulis,Cetak Papan Alamat Rumah Acrylic Print UV Custom Akrilik 2 mm,Rp90.000,90000.0
buku-tulis,Aksesoren Paket Buku Campus Panjang + Alat Tulis Sekolah Lengkap [SMP / SMA / SMK]/ Buku B5 Kampus Boxy 42 Lembar 6 Pcs / Buku Tulis Catatan Latihan 1 Set Penggaris Busur Rautan Pensil 2b Pulpen Penghapus Tipe X,Rp67.500,67500.0
buku-tulis,Buku Tulis Deli B5 Besar One Piece 42 Lembar Motif Karakter Pack Isi 10 Buku Tulis Sekolah Free Bubble Wrap ATK,Rp70.000,70000.0
buku-tulis,Buku Tulis Spiral/Spiral Notebook A5 Tomex Your Choice,Rp27.501,27501.0
buku-tulis,Dagadu Buku Block Note Spiral,Rp30.000,30000.0
buku-tulis,Buku Tulis Sekolah Bigboss 50 Lembar / Buku Campus Bigboss 50 1 Buku,Rp10.150,10150.0
buku-tulis,MAMA SING Capybara Series - Buku Notes B6 Bergambar Warna 200 Halaman Notebook Hardcover Buku Tulis Unik Lucu,Rp49.900,49900.0
buku-tulis,Hadiah Gratis - Free Gift Notebook Christmas Carolina Limited,Rp999.999,999999.0
buku-tulis,KIKY Buku Hard Cover Kwarto Glossy (Uk. 16 x 21 cm) - Isi 50 Lembar,Rp8.900,8900.0
buku-tulis,NIIMBOT B1/B21/B21PRO/B31/B3S/B4/K3 Kertas Label Termal Kartun Nama Label Kosong Tahan Air,Rp98.000,98000.0
buku-tulis,Daiichi Dpr Note Book B5 60 Pro Dark Blue,Rp42.000,42000.0
buku-tulis,Jasa Kirim dan Instalasi 50rb,Rp50.000,50000.0
buku-tulis,Oxford International Notepad square paper 5x5mm - 1101,Rp59.000,59000.0
buku-tulis,Ataru Disney Set 3 Pcs Zootopia Notebook - Mix Buku Tulis Catatan Diary Weekly Planner Agenda Journal Perlengkapan Alat Tulis,Rp54.900,54900.0
buku-tulis,bukuqu Planner 2026 - Classic Hardcover Black Edition 2026 Uk 13x21 - Weekly Planner Setara A5 buku catatan aesthetic,Rp69.000,69000.0
buku-tulis,Aimilo - 10pcs Notebook A5 Buku Diary Aesthetic 40 Lembar Buku Catatan Buku Tulis Sekolah,Rp42.500,42500.0
buku-tulis,POP MART Twinkle Twinkle Be a Little Star Series - Plush Notebook,Rp309.000,309000.0
buku-tulis,"Buku Tulis Spiral / Spiral Notebook A5 Tomex Moonlight,Sunlight,Cloud",Rp27.501,27501.0
buku-tulis,GREEBEL Ring Book / Buku Tulis / Agenda / Buku Catatan Spiral Note Book / Ring Book 8060 B5 PP-5 / 60 Halaman,Rp27.250,27250.0
buku-tulis,"Buku Catatan Karakter Lucu A5 30 Lembar Lined - Kertas 100g - Paper, Stationery Notebook",Rp6.900,6900.0
buku-tulis,SAMPUL SAMSON BOXY LIPAT @20PCS,Rp13.000,13000.0
buku-tulis,Bukuqu Classic Planner 2026 BW A5 - Soft leather - Weekly Planner leather notes book notebook journal,Rp72.500,72500.0
buku-tulis,"Stiker Journal Angkasa untuk Notebook, Planner, Bullet Journal",Rp11.830,11830.0
buku-tulis,ON Optimum Nutrition Workout Planner - Notebook Official Merchandise,Rp50.000,50000.0
buku-tulis,"Buku Tulis Spiral / Spiral Notebook A5 Tomex Moonlight,Sunlight,Cloud",Rp27.501,27501.0
buku-tulis,Deli x Butterbear Spiral Notebook / Buku Tulis Buku Catatan Spiral Mini Pocket Size 48 Lembar HY221,Rp35.000,35000.0
buku-tulis,GREEBEL Ring Book / Buku Tulis / Agenda / Buku Catatan Spiral Note Book / Ring Book 8060 B5 PP-5 / 60 Halaman,Rp27.250,27250.0
buku-tulis,INTER - XFolder Index Divider 5 Tab Mix Colour A5 [ SET ],Rp8.500,8500.0
buku-tulis,KNI Block Note A5 / Buku Seminar,Rp5.600,5600.0
buku-tulis,A5-3066 Agenda/Diary Notebook Poached Eeg (pcs),Rp6.375,6375.0
buku-tulis,GREEBEL Buku Tulis A5 58 Lembar (PCS) / Buku Tulis Sekolah / School Book,Rp5.900,5900.0
buku-tulis,KIKY Buku Kwitansi - Mini/50 Lembar / 100 Lembar/ Bisnis (1 Pcs),Rp2.600,2600.0
buku-tulis,Binder Note Transparan Joyko B5 TP-P144 - Buku Tulis Catatan Notebook Ring Loose Leaf Clear Cover,Rp35.359,35359.0
buku-tulis,[PACK] Buku Tulis Skola 38 Lembar 1 Pak Isi 10 Buku By SIDU Sinar Dunia,Rp32.127,32127.0
buku-tulis,WEIBO-Buku Catatan Sunshine A7,Rp6.550,6550.0
buku-tulis,Daiso Easy-to-Carry Notebook Protector (B5),Rp11.000,11000.0
buku-tulis,[FREE GIFT] Notebook Limited Edition A6 LIMITED STOCK,Rp199.000,199000.0
buku-tulis,Stiker Journal Halloween by bukuqu,Rp11.830,11830.0
buku-tulis,AKUSA A5/B5 Soft Cover Notebook Motif Lucu 56 Lembar Buku Tulis Sekolah Diary Notebook Kuliah Kerja Agenda Harian SCB007,Rp13.990,13990.0
buku-tulis,Buku Tulis Sidu 38 lembar Per Pak 10 Pcs / PB EDUKASI ANAK - PBNB,Rp65.300,65300.0
buku-tulis,NIIMBOT B1/B21/B21PRO/B31/B3S/B4/K3 Stiker Kartun Label Kertas Stiker Nama Tahan Air Perekat Diri Stiker Nama Tahan Air Siswa Lucu Berwarna-warni Penyortiran Termal Label Penyimpanan Catatan Tempel,Rp98.000,98000.0
buku-tulis,AKUSA Hard Cover Scrapbook B5 88 Lembar Landscape Buku Album Foto Model Vintage Rustic Notebook Buku Catatan Diary Journal HCB013,Rp45.990,45990.0
buku-tulis,Hightune Buku Notebook Tulis A5/B5 Dengan Garis Horizontal /Grid/ Kosong,Rp22.000,22000.0
buku-tulis,AKUSA Soft Cover Notebook Minimalis A5/B5 56 Lembar Buku Catatan Harian Kuliah Notebook Agenda Tidak Mudah Tembus Tinta SCB006,Rp13.990,13990.0
buku-tulis,NIIMBOT B1/B21/B21PRO/B31/B3S/B4/K3 Kertas Pencetakan Label Transparan Stiker Nama Tahan Air Label Termal.,Rp129.000,129000.0
buku-tulis,NIIMBOT B1/B21/B21PRO/B31/B3S/B4/K3 Transparan/Warna/Putih Bulat Label Perekat Diri Sensitif Tahan Air Nomor Digital Kue Penyegelan Kertas Stiker,Rp98.000,98000.0
buku-tulis,BUKU TULIS ESTUDEE F KWARTO 58 FANCY COLOR ISI 10,Rp67.000,67000.0
buku-tulis,Estudee J Kwarto 38 Space Isi 10,Rp55.000,55000.0
buku-tulis,KIKY X JUMBO Edisi Spesial Buku Tulis 58 Lembar - 1 Pack (Isi 10),Rp66.110,66110.0
buku-tulis,Bantex PP Colour Divider A3 Potrait (5 pages) #6017 00,Rp99.000,99000.0
buku-tulis,Notebook DOT TITIK MUJ1 branded 68029 Buku Catatan Note 21x15.4cm ATK0835MJ,Rp195.000,195000.0
buku-tulis,[Bekasi] Ongkos Kirim Kurir Toko,Rp150.000,150000.0
buku-tulis,"Deli Memo tempel Sticky Notes Note Pad 3''x3"" 4 Warna 100 sheet perekat kuat dan tahan lama EA01703 Kertas Paper",Rp41.900,41900.0
buku-tulis,Deli x Butterbear Plush Cover Personal Notebook Buku Personal 80 Lembar HY225,Rp56.000,56000.0
buku-tulis,Aksesoren Buku Tulis All Star Notebook [58 Lembar/1 Pack/10 Buku] / Buku Tugas Kuarto / Buku Cacatan Ukuran A5 / Book,Rp79.500,79500.0
buku-tulis,GREEBEL Ring Book / Buku Tulis / Agenda / Buku Catatan Spiral Note Book / Ring Book 8060 A5 PP-1 / 64 Halaman,Rp18.750,18750.0
buku-tulis,Buku Tulis Campus Variasi 36 Lembar - Pack,Rp44.500,44500.0
buku-tulis,Aksesoren Buku Tulis Boxy Sinar Dunia Campus 42 Lembar [1 Pack/5 Buku] / Buku Panjang Sidu / Write Book 1 Pak / Books Kertas Putih,Rp44.500,44500.0
buku-tulis,Sampul Buku Tulis Karakter [1 Lembar] / Sampul Kertas Kwarto A5 / Kertas Sampul Karakter / Kertas Pelapis Buku Bermotif,Rp1.500,1500.0
buku-tulis,Buku Tulis Catatan Jurnal Diary Joyko D-1813FT-51,Rp10.800,10800.0
buku-tulis,Buku Tulis Catatan Bergaris Ruled Notebook Joyko NB-724,Rp28.800,28800.0
buku-tulis,Buku Tulis Sidu Halus Kotak 38 Lembar Harga Satuan Belajar Menulis Halus Alat Tulis Sekolah ATK,Rp5.500,5500.0
buku-tulis,Deli Softcover Notebook Buku Catatan A5/B5 42/58 halaman NA558W NA5432W,Rp14.500,14500.0
buku-tulis,Buku Tulis Sekolah Okey By Kiky [58 Lembar/10 Buku/1 Pack] / Produk Kiky,Rp81.500,81500.0
buku-tulis,Bantex Buku Tulis B5 70 gsm Bergaris - Campus Kotak Modern Buku Sekolah Mahasiswa ADB540-005,Rp99.000,99000.0
buku-tulis,InterX Folder Notebook Macarons A5 Buku Catatan / Agenda Kantor & Sekolah,Rp16.700,16700.0
buku-tulis,Deli Leather Cover Notebook / Buku Catatan Sampul Kulit 96 120 Halaman Kertas Tebal EN0XX Paper Retro Stationery,Rp52.000,52000.0
buku-tulis,Folder One Binder Note Buku Catatan Jurnal A5,Rp23.700,23700.0
buku-tulis,PAPERLINE Buku Nota Surat Jalan 3 PLY/ 3 Rangkap - PAK,Rp125.000,125000.0
buku-tulis,Buku Kas F4 Bamboo - Buku Kas Bamboo Folio - Buku Akuntansi Folio,Rp22.904,22904.0
buku-tulis,"Kertas Buku Nota Kontan Belanjaan Forte [1 Ply, 2 Ply, 3 Ply/1 Buku]",Rp4.500,4500.0
buku-tulis,Basic Notebook Custom #Travel - Custom Notebook - Planner - Journal,Rp59.500,59500.0
buku-tulis,Basic Notebook Custom #NATURE - Custom Notebook - Planner - Journal,Rp59.500,59500.0
buku-tulis,Bukuqu Notes Board Week Plan - Agenda harian - memopad harian - Notepad -Planner Mingguan isi binder aesthetic,Rp29.500,29500.0
buku-tulis,Buku Nota Kontan Paperline 3 Ply Besar - Kertas Nota Paperline 3 Rangkap,Rp11.647,11647.0
buku-tulis,OKEY Buku Folio Glossy Hard Cover 200 Lembar Ukuran 32x21 cm Kertas Tebal Plastik Binding Kuat Finishing Laminasi Original KIKY Stationery,Rp37.900,37900.0
buku-tulis,KIKY Buku Tulis 32 Lembar - 1 Pack (Isi 10),Rp35.000,35000.0
buku-tulis,Ring Cover Index Note 103 Notebook Buku catatan spiral binder notebook DIY sekolah kuliah isi ulang ukuran A5 Topla Aesthetic Warna Pastel Biru Ungu Krem Hijau Stationery,Rp25.999,25999.0
buku-tulis,Deli Memo tempel - Sticky Notes 76×51mm 3''×2'' 100 sheet perekat kuat dan tahan lama EA02202 Kertas Paper,Rp10.900,10900.0
buku-tulis,HMX-64K-JZ1005 Agenda/Diary Notebook a land of natural exlsteace (pcs) Buku,Rp16.055,16055.0
buku-tulis,BIG Sticky Notes Warna Neon Fluorescent Color Transparan/ Note Tempel PET/ Memo Tempel Warna Neon Fluorescent Transparan PET Material,Rp16.000,16000.0
buku-tulis,Buku Nota Kontan Paperline 1 Ply Besar - Kertas Nota Paperline 1 Rangkap,Rp5.823,5823.0
buku-tulis,Metamedia Pustaka Blocknote Buku Catatan Notes Notebook - Metamedia Pustaka,Rp6.500,6500.0
buku-tulis,OKEY Buku Hard Cover Folio Glossy (Uk. 32 x 21 cm) Isi 100 Lembar,Rp20.200,20200.0
buku-tulis,"Buku Catatan Karakter Lucu A5 30 Lembar Lined - Kertas 100g - Paper, Stationery Notebook",Rp6.900,6900.0
buku-tulis,SAMPUL SAMSON BOXY LIPAT @20PCS,Rp13.000,13000.0
buku-tulis,Bukuqu Classic Planner 2026 BW A5 - Soft leather - Weekly Planner leather notes book notebook journal,Rp72.500,72500.0
buku-tulis,"Stiker Journal Angkasa untuk Notebook, Planner, Bullet Journal",Rp11.830,11830.0
buku-tulis,ON Optimum Nutrition Workout Planner - Notebook Official Merchandise,Rp50.000,50000.0
buku-tulis,Bukuqu Notebook Softcover B6 #Moment- Notebook kulit premium - cream paper,Rp42.780,42780.0
buku-tulis,Basic Notebook Custom #Pattern - Custom Notebook - Planner - Journal,Rp59.500,59500.0
buku-tulis,Buku Nota Kontan Paperline 3 Ply Besar - Kertas Nota Paperline 3 Rangkap,Rp11.647,11647.0
buku-tulis,OKEY Buku Hard Cover Folio Glossy (Uk. 32 x 21 cm) Isi 100 Lembar,Rp20.200,20200.0
buku-tulis,KIKY Buku Tulis 32 Lembar - 1 Pack (Isi 10),Rp35.000,35000.0
buku-tulis,EAGLE Spiral Notebook Motif POLKADOT Buku Tulis A5 / B5 Isi 80 Lembar,Rp37.500,37500.0
buku-tulis,Buku Tulis Sekolah Campus Maxi AA 1 Pack [Isi 36/50 Lembar] / Kampus,Rp104.900,104900.0
buku-tulis,WEIBO-Buku Catatan Sunshine A7,Rp6.550,6550.0
buku-tulis,Buku Nota Kontan AF 2 Ply Kecil - Kertas Nota AF 2 Rangkap,Rp3.617,3617.0
buku-tulis,Buku Tulis Catatan Bergaris Ruled Notebook Joyko NB-729 A5,Rp6.600,6600.0
buku-tulis,Buku Nota Kontan Paperline 2 Ply Kecil - Kertas Nota Paperline 2 Rangkap,Rp4.854,4854.0
buku-tulis,Estudee J Kwarto 38 Dino Isi 10,Rp55.000,55000.0
buku-tulis,Sampul Buku Coklat Motif Kartun 1 Pack Isi 20 / PB EDUKASI ANAK - PBNB,Rp13.200,13200.0
buku-tulis,Notebook Ring Karakter / Buku Catatan Mini Ukuran A5 Isi 60 Lembar Bergaris / PB EDUKASI ANAK - PBNB,Rp14.200,14200.0
buku-tulis,Buku Tulis Sidu 58 lembar / Buku Sidu 58 lembar Buku Tulis Sinar Dunia Per Pak 10 Pcs / PB EDUKASI ANAK - PBNB,Rp79.900,79900.0
buku-tulis,Note Book Buku Tulis Catatan Diary Agenda Daiichi LET'S DO IT 1901 A5,Rp121.000,121000.0
buku-tulis,AKUSA Spiral Book A5 58 Lembar Wire Loop Kertas Kraft Note Book Buku Catatan Aesthetic Halaman Mudah Dibuka SB014,Rp16.990,16990.0
buku-tulis,"1set Stiker Stempel Ajaib Hiasi buku harian, buku catatan, perencana, dan buku tempel Stiker Stempel Ajaib Seru DIY",Rp39.900,39900.0
buku-tulis,KIKY X JUMBO Edisi Spesial Buku Tulis BX 34 Lembar - 1 Pack (Isi 10,Rp53.830,53830.0
buku-tulis,Bantex Buku Agenda A6 / Jurnal Catatan Bergaris Bahan Kulit PU BR1005 Stationery,Rp35.000,35000.0
buku-tulis,Bantex Buku Agenda Catatan Bergaris A5 Classic Color Design Bahan PU Leather BR1008 Stationery,Rp49.000,49000.0
buku-tulis,Wallts Lejournal Pocket Buku Diary Notebook A5 50 lembar Paper Stationery,Rp49.000,49000.0
buku-tulis,Ataru Set Notepad & Clipboard Disney Random Memo Tempel Catatan Pengingat Perlengkapan Tulis Reminder Notes,Rp43.900,43900.0
buku-tulis,Basic Notebook - Planner Journal by bukuqu Tali White,Rp45.980,45980.0
buku-tulis,Ataru Notebook Muklay Buku Tulis Catatan Diary Weekly Planner Agenda Journal Perlengkapan Alat Tulis,Rp22.900,22900.0
buku-tulis,Estudee 10Ring Notebook A5 Tosca,Rp45.200,45200.0
buku-tulis,InterX Folder Binder Note Seri Pasteldream Buku Catatan Agenda A5,Rp23.400,23400.0
buku-tulis,Buku Nota Faktur Penjualan AF Rangkap 3 Ply Besar,Rp10.283,10283.0
buku-tulis,Sampul Buku Tulis Plastik Diktat Campus Kampus Kiky Isi 5,Rp6.349,6349.0
buku-tulis,GREEBEL STICKY NOTES GIN 7W 4512125 /Memo Pad Note/DIY Planner/Kertas Bentuk Warna warni,Rp10.450,10450.0
buku-tulis,Binder Note Pastel Color Joyko A5 MHPT-M516 - Buku Tulis Catatan Notebook Ring Loose Leaf,Rp21.946,21946.0
buku-tulis,KIKY Buku Hard Cover Kwarto Glossy (Uk. 16 x 21 cm) 100 Lembar,Rp13.545,13545.0
buku-tulis,GREEBEL Buku Gambar Sketch Book A4 30 Lembar (10002) Buku Sketsa Drawing Book,Rp58.650,58650.0
buku-tulis,Buku Tulis Catatan Bergaris Ruled Notebook Joyko NB-731 Shally A5,Rp17.300,17300.0
buku-tulis,Buku Kwitansi Kuitansi Sedang Paperline SIDU Isi 40 Lembar,Rp5.437,5437.0
buku-tulis,Buku Oktava Okey A6 1 Buku / Buku Tulis Debur Kecil Bergaris Okey 100L,Rp9.900,9900.0
buku-tulis,NIIMBOT B1/B21/B21PRO/B31/B3S/B4/K3 Stiker Label Kartun yang Kompatibel dengan Gaya Lucu untuk Dekorasi Label Nama Berwarna-warni Kertas,Rp98.000,98000.0
buku-tulis,Buku Tulis Sekolah Big Boss [Isi 42 Lembar/6 Buku] / Bigboss [1 Pack],Rp32.900,32900.0
buku-tulis,AKUSA A5/B5 Spiral Notebook Warna Minimalis 60 Lembar Buku Tulis Sekolah Diary Notebook Kuliah Kerja Agenda Harian SB008,Rp9.990,9990.0
buku-tulis,Estudee 10Ring Notebook B5 Ice Blue,Rp56.600,56600.0
buku-tulis,Estudee Sampul Mika Gulung 45 X 500 I,Rp21.500,21500.0
buku-tulis,"[Deli x Sinarbusanaa] (N) Deli Buku Gambar B5 Vertikal Jilid Spiral, 40 Halaman, Dapat Dibalik 360 Derajat 73628 paper stationery Kertas Kantor",Rp19.000,19000.0
buku-tulis,AKUSA Hard Cover Book A5 96 Lembar Kertas Bermotif Full Colour Buku Notebook Karakter Lucu Buku Tulis Catatan Jurnal Anak Diary Scrapbook HCB018,Rp30.990,30990.0
buku-tulis,Bantex Buku Notebook Spiral Soft Ring B5 Superior Bergaris Warna Pastel SPB560 Stationery,Rp38.000,38000.0
buku-tulis,Bantex Flexi Notes 40 x 50mm 100 Sheets 8871 00,Rp3.200,3200.0
buku-tulis,bukuqu Notebook Spiral-board #Montly Planner - buku spiral - Planner Hot Foil,Rp44.000,44000.0
buku-tulis,Ataru Notepad Disney Random Memo Tempel Catatan Pengingat Perlengkapan Tulis Reminder Notes,Rp22.900,22900.0
buku-tulis,[PACK] Buku Tulis Big Boss 42 Lembar 1 Pak Isi 6 Buku BigBoss,Rp35.526,35526.0
buku-tulis,Buku Tulis Sekolah Skola By SiDU 38 Lembar [1 Pack/10 Buku] Kwarto A5 1 Pak,Rp39.900,39900.0
buku-tulis,Aksesoren Buku Tulis Campus Kiky [42 Lembar/1 Pack/10 Buku] / Buku,Rp85.150,85150.0
buku-tulis,Buku Tulis Sekolah Vision [58 Lembar/1 Pack] / 1 Pak Setara Sidu,Rp82.900,82900.0
buku-tulis,Index Mark Penanda Pembatas Joyko IM-79 Dessert Kertas,Rp8.500,8500.0
buku-tulis,Sampul Buku - Buat Bukumu Agar Lebih Terjaga,Rp3.000,3000.0
buku-tulis,Buku Tulis Sekolah Sinar Dunia [Isi 38 Lembar/ 10 Buku] / [1 Pack],Rp39.900,39900.0
buku-tulis,JOYKO Buku Tulis Catatan Jurnal Diary DW-1813SA-43 Space Astronaut,Rp14.000,14000.0
buku-tulis,Buku Surat Jalan 3 Ply Besar Paperline - Kertas Nota Rangkap 3,Rp14.087,14087.0
buku-tulis,"Stiker Journal #DOIT untuk Notebook, Planner, Bullet Journal",Rp11.830,11830.0
buku-tulis,Stiker Journal Sansivera by bukuqu,Rp14.500,14500.0
buku-tulis,Buku Tulis Mandarin Kotak Sedang Bintang Obor,Rp5.089,5089.0
buku-tulis,[COD] SK A128 Spiral Notebook Mini Buku Catatan Kecil Portable Aesthetic,Rp3.535,3535.0
buku-tulis,[PACK] Buku Tulis Big Boss 42 Lembar 1 Pak Isi 6 Buku BigBoss,Rp35.526,35526.0
buku-tulis,KIKY Buku Hardcover Kwarto Glossy (Uk. 16 x 21 cm) Isi 100 Lembar,Rp12.700,12700.0
buku-tulis,Bukuqu Pocket Denim - Buku Saku Ukuran A6,Rp38.000,38000.0
buku-tulis,Notebook B5 / buku agenda B5 Bear DIARY B5JT 8012 Biru Pink,Rp28.005,28005.0
buku-tulis,Bukuqu Classic Planner 2026 BW A5 - Soft leather - Weekly Planner leather notes book notebook journal,Rp72.500,72500.0
buku-tulis,Estudee Sampul Mika Emboss Gulung 45 X 300 I,Rp13.000,13000.0
buku-tulis,Estudee Sampul Mika Seal Kwarto Isi 10 E,Rp9.500,9500.0
buku-tulis,Kako Notebook Ring A5 Upset Duck With Index Divider,Rp57.246,57246.0
buku-tulis,BIG Binder Note A5 Motif Floral Series Buku Catatan Aesthetic Semi Transparan Dengan Ring Spiral Dapat Dibuka BN-1111,Rp37.900,37900.0
buku-tulis,Memo Stick Kertas Memo Tempel Sticky Note Joyko MMS-21,Rp7.200,7200.0
buku-tulis,BUKU TULIS SB 58 LOCOMOTIF,Rp65.000,65000.0
buku-tulis,Notebook Agenda Diary Bear Buku Spiral DIARY ZX321006 Paper Stationery,Rp16.505,16505.0
buku-tulis,Deli x CapyPets Sticky Notes Memo Tempel Capybara Lucu EA962,Rp28.900,28900.0
buku-tulis,Nusign Spiral Notebook / Buku Catatan Jilid Spiral A5 B5 60 Lembar 80 GSM Desain Warna Pastel NS30X Kertas Paper,Rp27.900,27900.0
buku-tulis,Buku Tulis Spiral / Spiral Notebook A5 Tomex Sign Language TX 810093,Rp27.501,27501.0
buku-tulis,Buku Tulis Sekolah Kiky 58 Lembar Berwarna 1 Pak - A5 Write Book Kiki,Rp99.500,99500.0
buku-tulis,GREEBEL x BATMAN Buku Tulis 58 Lembar (1PCS) - Buku Catatan Sekolah Ukuran A5 Bergaris GBBM 5801,Rp10.850,10850.0
buku-tulis,My Book Yuvi Buku Tulis Polos 38 Lembar - 10 Buku Sekolah,Rp33.000,33000.0
buku-tulis,Sampul Samson Boxy Polos (20 lbr) Paper Stationery Merah,Rp6.405,6405.0
buku-tulis,Ruled Notebook Diary Agenda Buku Catatan Bergaris Joyko NB-680 60 hal Yellow Green,Rp14.500,14500.0
buku-tulis,Bantex Cardboard Divider & Indexes A4 112 (12 Pages) 6051 00,Rp15.000,15000.0
buku-tulis,School Binder Note Bantex A5 1324 - Buku Tulis Catatan Notebook Multiring Loose Leaf 20 Holes,Rp51.240,51240.0
buku-tulis,TRG Brown Kraft Cover Spiral Notebook Weekly Planner B5 NBPL-118 - Buku Tulis Catatan Expense Tracker Bookpaper TRG,Rp24.475,24475.0
buku-tulis,Master Sampul Buku Emboss Kwarto Polos Plastik Book Doff isi 12 lbr,Rp17.078,17078.0
buku-tulis,Master Sampul Buku Emboss Kwarto Sealing Isi 12 Lembar - Pastik Cover Book Tulis Kecil,Rp20.811,20811.0
buku-tulis,Notebook Agenda Diary Karakter Buku Spiral DIARY ZX321004 Stationery,Rp16.505,16505.0
buku-tulis,"Ziyadbooks Buku Muslimah Planner Keajaiban Jalur Langit Hard Cover A5 176 Hlm Fullcolor dengan Al-Ma’tsurat Zikir Pagi Petang untuk Usia 16th+ - Stationery, Paper",Rp69.000,69000.0
buku-tulis,Buku Tulis Campus [Isi 36 Lembar/10 Buku/1 Pack] / Buki Tulis Sekolah Kuliah SMP SMA 1 Pak Murah Kertas Paper,Rp73.500,73500.0
buku-tulis,GREEBEL Buku Petak Sedang l A5 34 Lembar / Buku Kotak Kotak / Buku Anak Sekolah,Rp11.100,11100.0
buku-tulis,Buku Tulis Folio Ekspedisi Panjang Okey [1 Buku/100 Lembar] / Buku Catatan Harian / Buku Debur Panjang Bergaris Okey Kertas Paper,Rp19.500,19500.0
buku-tulis,GREEBEL Ring Book / Buku Tulis / Agenda / Buku Catatan Spiral Note Book / Ring Book 8060 A6 PP-2 / 60 Halaman,Rp13.550,13550.0
buku-tulis,JOYKO Memo Stick 29 [ PAD ],Rp3.950,3950.0
buku-tulis,Buku Tulis Catatan Bergaris Ruled Notebook Joyko NB-723,Rp32.700,32700.0
buku-tulis,KIKY Buku Tulis BX 42 Lembar Kraft (Cover Kraft) - 1 Pack (Isi 10),Rp65.990,65990.0
buku-tulis,AKUSA A5/B5/A4 Sampul Buku Stiker Set 10 Lembar Waterproff Sampul Plastik Film Pelindung Buku Paket Buku Tulis Lks PBW001,Rp16.990,16990.0
buku-tulis,Simple Notebook Custom Flamingo - Custom Notebook Dot Grid,Rp48.300,48300.0
buku-tulis,GREEBEL x BATMAN Buku Tulis 58 Lembar (1PCS) - Buku Catatan Sekolah Ukuran A5 Bergaris GBBM 5802,Rp10.300,10300.0
buku-tulis,Notebook Dairin Lets Do It A5 Blue,Rp120.000,120000.0
buku-tulis,[GIFT] [NOT FOR SALE] HINT Notebook,Rp999.000,999000.0
buku-tulis,Note Book Buku Tulis Daiichi DPO Motif,Rp44.000,44000.0
buku-tulis,Bantex Buku Catatan B5 Bergaris Spiral Notebook Superior Pastel Color SPA560 Stationery,Rp23.800,23800.0
buku-tulis,Bukuqu Planner 2026 - Enjoy Little Things - Agenda Planner - Notebook - Weekly Planner,Rp112.000,112000.0
buku-tulis,My Book Distinction Buku Tulis Besar B5 Boxy Pesawat Fighter Jet 42 Lembar - 5 Buku,Rp26.500,26500.0
buku-tulis,[Deli x Creator] KECEEE ABIEZZZ Combo SiKece Serries Buku Gambar B5 Vertikal Jilid Spiral Deli School Eraser & Deli Sketch Pencil Set Alat Sekolah Stationery (L),Rp64.000,64000.0
buku-tulis,Nota Kontan PPL K2NCR ( 1 PAK ) (berkualitas) Merah,Rp40.900,40900.0
buku-tulis,Buku Tulis Catatan Bergaris Ruled Notebook Joyko NB-728,Rp16.000,16000.0
buku-tulis,BUKU TULIS 50 CAMP @10 67802 SINAR DUNIA,Rp105.000,105000.0
buku-tulis,KIKY Buku Folio Kas 80 Lembar Soft Cover - 80 Lembar,Rp18.500,18500.0
buku-tulis,SIDU - Buku Tulis Sekolah 32 Lembar - Pack,Rp39.850,39850.0
buku-tulis,Nota Kontan 1 Ply Paperline [10 Buku] / Pembelian / Barang Belanjaan,Rp40.500,40500.0
buku-tulis,Buku Tulis Kotak Kecil Matematika Sinar Dunia [38 Lembar/1 Pack],Rp44.900,44900.0
buku-tulis,Aksesoren Buku Tulis Boxy Sinar Dunia Campus 42 Lembar [1 Pack/5 Buku] / Buku Panjang Sidu / Write Book 1 Pak / Books,Rp44.500,44500.0
buku-tulis,NCL Notebook / Buku Catatn Semi B5 - Blue/Pink,Rp19.000,19000.0
buku-tulis,Buku Tulis Sekolah Locomotif 58 Lembar 1 Pak / Buku Catatan A5 1 Pack,Rp56.150,56150.0
buku-tulis,Buku Tulis Folio Ekspedisi Okey 1 Buku / Buku Catatan Harian Bergaris,Rp19.500,19500.0
buku-tulis,BIG Sticky Notes Warna/ Note Kertas/ Memo Tempel Paper Signage Single Color 1 Warna Penanda Buku Stationery,Rp9.400,9400.0
buku-tulis,Ruled Notebook Diary Agenda Buku Catatan Bergaris Joyko NB-744 A6,Rp9.300,9300.0
buku-tulis,My Book Distinction Buku Tulis B5 / Boxy Batik 42 Lembar - 5 Buku,Rp26.500,26500.0
buku-tulis,Agenda Cxa536 - 2141 ( pcs ) - Paper,Rp5.405,5405.0
buku-tulis,Block Note A6 Garis AF - Writing Pad Buku Tulis Acara Meeting,Rp3.112,3112.0
buku-tulis,Buku Tulis Kwarto Paperline 100 Lembar - Quarto Kuarto Hardcover Hard Cover Writing Book Murah,Rp12.372,12372.0
buku-tulis,Ring Index Notebook with cover Buku catatan spiral notebook sekolah kuliah isi ulang ukuran B5 Topla,Rp19.550,19550.0
buku-tulis,Languo Queen Pig 100 Days Planner – Bucket List Notebook Lucu & Produktif,Rp65.900,65900.0
buku-tulis,[PACK] Buku Tulis Skola Big Boss Campus 50 Lembar 1 Pak Isi 10 Buku BigBoss By SIDU Sinar Dunia,Rp50.528,50528.0
buku-tulis,Buku Tulis Okey Folio [1 Buku/200 Lembar] / Buku Tugas Catatan Harian / Buku Debur Besar Alat Kantor,Rp52.900,52900.0
buku-tulis,[PACK] Buku Tulis Big Boss 42 Lembar 1 Pak Isi 6 Buku BigBoss,Rp35.526,35526.0
buku-tulis,KIKY Buku Hardcover Kwarto Glossy (Uk. 16 x 21 cm) Isi 100 Lembar,Rp12.700,12700.0
buku-tulis,Bukuqu Pocket Denim - Buku Saku Ukuran A6,Rp38.000,38000.0
buku-tulis,Notebook B5 / buku agenda B5 Bear DIARY B5JT 8012 Biru Pink,Rp28.005,28005.0
buku-tulis,Bukuqu Classic Planner 2026 BW A5 - Soft leather - Weekly Planner leather notes book notebook journal,Rp72.500,72500.0
buku-tulis,Buku Tulis Folio Ekspedisi Okey 1 Buku / Buku Catatan Harian Bergaris,Rp19.500,19500.0
buku-tulis,Buku Tulis Kwarto Paperline 100 Lembar - Quarto Kuarto Hardcover Hard Cover Writing Book Murah,Rp12.372,12372.0
buku-tulis,Ring Index Notebook with cover Buku catatan spiral notebook sekolah kuliah isi ulang ukuran B5 Topla,Rp19.550,19550.0
buku-tulis,Languo Queen Pig 100 Days Planner – Bucket List Notebook Lucu & Produktif,Rp65.900,65900.0
buku-tulis,JOYKO Memo Stick Animal Tempel - MMS-23 [ PADS ],Rp5.400,5400.0
buku-tulis,Capricorn Design Sticker Label Idul Adha isi 1 - SLH007,Rp2.900,2900.0
buku-tulis,Shira Media - Buku Hamasah Journal - Fitria NA - Interactive Book - Journaling Paper Stationery,Rp50.150,50150.0
buku-tulis,bukuqu Sketchbook A4 - buku Sketsa - Sketch book gambar - Notebook Lukis - Cat Air tebal Kertas Putih,Rp79.950,79950.0
buku-tulis,"3M™ Post-it® Sticky Notes 653-12, Canary Yellow, 1.5x2inch, 12/pk",Rp69.960,69960.0
buku-tulis,Deli Leather Cover Notebook / Buku Catatan / Agenda Sampul Kulit A5 96 Lembar Pen Holder Rubber Band EN130L Kertas Paper,Rp61.900,61900.0
buku-tulis,Buku Tulis Sekolah Sukhoi [30 Lembar/10 Buku/1 Pak] / Buki 1 Pack,Rp33.900,33900.0
buku-tulis,[1 Pak Isi 10 Buku] SIDU Buku Tulis Matematika Kotak Kecil dan Garis halus 38 Lembar,Rp35.550,35550.0
buku-tulis,KIKY X JUMBO Edisi Spesial Buku Tulis BX 42 Lembar - 1 Pack (Isi 10),Rp76.660,76660.0
buku-tulis,Buku Kwitansi Kuitansi Kecil Paperline SIDU Isi 40 Lembar,Rp3.284,3284.0
buku-tulis,Stiker Pallete Tape untuk Notebook by bukuqu,Rp7.000,7000.0
buku-tulis,OHSOME - Buku Tulis Note Book Kecil Mini / Buku Saku / Pocket Diary,Rp19.900,19900.0
buku-tulis,bukuqu Sampul buku (Isi 10 lbr) #Daisy Korean Aesthetic cover,Rp45.000,45000.0
buku-tulis,JQ-NB-100-802 Agenda/Diary Notebook A5 (pcs) Stationery,Rp21.405,21405.0
buku-tulis,Deli Leather Cover Notebook / Buku Catatan / Agenda Sampul Kulit A5 80 96 Lembar Soft Cover Pastel 70GSM EN13XL Kertas Paper,Rp52.000,52000.0
buku-tulis,TRG Brown Kraft Cover Spiral Notebook B5 NB-80 - Buku Tulis Catatan B5 Bookpaper Motif Ruled Dotted Grid Plain TRG,Rp22.954,22954.0
buku-tulis,WEIBO-Buku Catatan Tea Party A7,Rp6.550,6550.0
buku-tulis,JOYKO Memo Stick Animal Tempel - MMS-26 [ PADS ],Rp5.900,5900.0
buku-tulis,Capricorn Design Sticker Label Idul Adha isi 1 - SLHP004,Rp2.900,2900.0
buku-tulis,GREEBEL Sticky Notes Kertas Catatan 7 Warna 20 Lembar (7W 461220) Note Memo Alat Tulis Kantor,Rp12.550,12550.0
buku-tulis,NIIMBOT B1/B21/B21PRO/B31/B3S/B4/K3 Label Kertas Bunga & Rumput Dicetak Pola Kartun Lucu Seri Bunga dengan,Rp98.000,98000.0
buku-tulis,"NIIMBOT B1/B21/B21PRO/B31/B3S/B4/K3 Kertas Label Kunci, Stiker Nama dan Klasifikasi Kunci Tahan Air dan Tahan Minyak",Rp129.000,129000.0
buku-tulis,ESTUDEE J KWARTO 38 UNICORN ISI 10,Rp55.000,55000.0
buku-tulis,Estudee 10Ring Notebook A5 Ice Blue,Rp45.200,45200.0
buku-tulis,Estudee Sampul Coklat B5 Isi 10 Lembar,Rp7.500,7500.0
buku-tulis,Estudee J Kwarto 38 Fancy Cute Isi 10,Rp55.000,55000.0
buku-tulis,Note Book Buku Tulis Buku Catatan Daiichi Profile DPR2 A5 50 Lembar,Rp40.000,40000.0
buku-tulis,JINISO - GENJIO Notebook Buku Tulis,Rp29.500,29500.0
buku-tulis,Buku Tulis Folio Paperline 200 Lembar - Hardcover Hard Cover Writing Book F4,Rp40.279,40279.0
buku-tulis,"[Deli x Sinarbusanaa] Deli Buku Gambar B5 Vertikal Jilid Spiral, 40 Halaman, Dapat Dibalik 360 Derajat 73628 paper stationery Kertas Kantor",Rp19.000,19000.0
buku-tulis,CARTA DARK BROWN Notebook dan Case by Mario Minardi,Rp799.000,799000.0
buku-tulis,Bantex Spiral Notebook B5 Kertas 70g Bergaris Warna Klasik SPB560 Stationery,Rp29.000,29000.0
buku-tulis,Bantex Notebook Hello Kitty A5 80 Lembar Lilac 8020A21HK Buku Catatan dengan Cover Solid & Kertas Istimewa Desain Lucu Hello Kitty,Rp20.000,20000.0
buku-tulis,Bantex Buku Agenda Jurnal Catatan Bergaris Isi 120 Lembar Bahan Kulit PU Ukuran A5 BR1004 Stationery,Rp49.000,49000.0
buku-tulis,Estudee 10Ring Notebook B5 White,Rp56.600,56600.0
buku-tulis,JOYKO - Index & Memo IM-70 (Neon) - Set,Rp12.200,12200.0
buku-tulis,Buku Tulis Sekolah Okey By Kiky [38 Lembar/10 Buku/1 Pack] / Alat Tulis Murah,Rp49.500,49500.0
buku-tulis,XQ-PT22706 Agenda/Diary Notebook Sweet (pcs) Paper,Rp16.055,16055.0
buku-tulis,SUPERMALL Business Notebook - Buku Catatan Bisnis / Buku Tulis / Memo,Rp29.000,29000.0
buku-tulis,My Book Distinction Buku Hard Cover Folio - 200 Lembar,Rp32.000,32000.0
buku-tulis,Languo Notebook Naughty Pig – Buku Catatan / Diary Aesthetic & Lucu,Rp7.900,7900.0
buku-tulis,The Undated Weekly Planner Agenda Leather Binding by Paperie Lab,Rp178.500,178500.0
buku-tulis,Basic Notebook Custom #Animal - Custom Notebook - Planner - Journal,Rp59.500,59500.0
buku-tulis,"Stiker Journal Clouds untuk Notebook, Planner, Bullet Journal",Rp11.830,11830.0
buku-tulis,bukuqu Sketchbook A6 230 gsm Hardcover - Portrait - Notebook gambar - Lukis - Cat Air Buku Sketsa Pocket Kertas Putih,Rp49.998,49998.0
buku-tulis,Bukuqu Classic Planner 2026 BW A5 - Soft leather - Weekly Planner leather notes book notebook journal,Rp72.500,72500.0
buku-tulis,SAMPUL SAMSON BOXY LIPAT @20PCS,Rp13.000,13000.0
buku-tulis,KIKY Buku Hardcover Kwarto Glossy (Uk. 16 x 21 cm) Isi 100 Lembar,Rp12.700,12700.0
buku-tulis,JOYKO NOTEBOOK NB 710 SPACE TRAVEL [ PCS ],Rp27.150,27150.0
buku-tulis,Mainan Koleksi Jurnal Mini Real Littles S5 Journal Disney Series Stationery,Rp110.840,110840.0
buku-tulis,Ring Index Notebook with cover buku catatan spiral notebook sekolah kuliah DIY ukuran A5 Topla,Rp15.525,15525.0
buku-tulis,Languo Notepad Spiral Naughty Pig A7 & B5 – Buku Tulis A7 & B5,Rp10.900,10900.0
buku-tulis,Aksesoren Paket Buku Campus Panjang + Alat Tulis Sekolah Lengkap [SMP / SMA / SMK]/ Buku B5 Kampus Boxy 42 Lembar 6 Pcs / Buku Tulis Catatan Latihan 1 Set Penggaris Busur Rautan Pensil 2b Pulpen Penghapus Tipe X Kertas Paper,Rp67.500,67500.0
buku-tulis,Block Note A5 Paperline - Writing Pad Buku Tulis Acara Meeting,Rp5.529,5529.0
buku-tulis,SAMPUL COKLAT KWARTO LIPAT @20PCS SYM,Rp8.000,8000.0
buku-tulis,Estudee Sampul Mika Emboss Gulung 34 X 300 I,Rp11.000,11000.0
buku-tulis,SAMPUL SAMSON KWARTO LIPAT @20PCS SYM,Rp12.000,12000.0
buku-tulis,Buku Tulis Spiral / Spiral Notebook A5 Tomex Sign Language TX 810093,Rp27.501,27501.0
buku-tulis,Ruled Notebook Diary Agenda Buku Catatan Bergaris Joyko NB-744 A6,Rp9.300,9300.0
buku-tulis,ON Optimum Nutrition Workout Planner - Notebook Official Merchandise,Rp50.000,50000.0
buku-tulis,Deli Memo tempel - Sticky Notes 4 Warna x 100 Sheets] Perekat yang kuat EA02302 Kertas Paper,Rp10.900,10900.0
buku-tulis,NIIMBOT B1/B21/B21Pro/B31/B3S/B4/K3 Kertas Cetak Label Hewan / Kartun Kertas Label Berwarna-warni Stiker Nama Kertas Label Stiker Nama Taman Kanak-kanak Stiker Tahan Air Catatan Tempel,Rp98.000,98000.0
buku-tulis,JOYKO Memo Notepad Kertas Catatan MMNP-44 Isi 400 Lembar,Rp21.700,21700.0
buku-tulis,Bantex Buku Catatan B5 Untuk Bisnis Kerja Bahan Kulit PU Classic BR1011 Notebook,Rp69.000,69000.0
buku-tulis,SO BUKU OKTAVO 100 LEMBAR,Rp10.200,10200.0
buku-tulis,GREEBEL Sticky Notes Kertas Catatan 100 Lembar (1W1M 76 51) Note Memo Alat Tulis Kantor,Rp13.550,13550.0
buku-tulis,DODO Buku Gambar Anak A3 & A4 - PAK,Rp34.000,34000.0
buku-tulis,Buku Gambar Dodo A4 - Drawing Book by SIDU Sinar Dunia,Rp3.432,3432.0
buku-tulis,Cxa536-2136 Agenda Motif Pop Up Date (pcs) Stationery,Rp10.605,10605.0
buku-tulis,TOMEX Buku Tulis Spiral Notebook Spiral Notes Spiral Motif NoteBook B5,Rp37.500,37500.0
buku-tulis,JUAL ECER!! BUKU FOLIO 100 LEMBAR HARD COVER KURAMAS,Rp23.500,23500.0
buku-tulis,Buku Tulis Sekolah Paper Star [Isi 58 Lembar/10 Buku/1 Pack] / Buku Sekolah 1 Pak Setara Sidu / Untuk Anak Laki Laki dan Perempuan / Buku Catatan Sekolah Paperstar Alat Kertas,Rp76.900,76900.0
buku-tulis,Memo Stick Sticky Note Kertas Memo Memo Tempel Joyko MMS-42 Creative,Rp9.900,9900.0
buku-tulis,Muslimah Planner 2023 (Paket),Rp285.000,285000.0
buku-tulis,NIIMBOT B1/B21/B21PRO/B31/B3S/B4/K3 Kertas Cetak Label Stiker Nama Transparan Stiker Nama Kartun Tahan Air Stiker Nama Kartun Perekat Diri Kertas Penanda Harga Label Kecil,Rp129.000,129000.0
buku-tulis,"NIIMBOT B1/B21/B21PRO/B31/B3S/B4/K3 Stiker Label Kartun, Stiker Nama Siswa, Label Klasifikasi dan Penyimpanan Kertas",Rp98.000,98000.0
buku-tulis,TRG Sampul Buku Tulis Plastik Boxy Bening BCV-PS10 SIDU Big Boss 42 50 Lembar Isi 10 Clear Plastic Book Cover,Rp7.382,7382.0
buku-tulis,Bukuqu Soft Leather A5 #Notebook - Notebook kulit warna pastel - Journal - Agenda- journaling book Stationery,Rp50.560,50560.0
buku-tulis,Bukuqu Notebook Spiral A5 - SM023 To do list,Rp43.660,43660.0
buku-tulis,School Binder Note Bantex B5 1326 - Buku Tulis Catatan Notebook Multiring Loose Leaf 26 Holes,Rp66.753,66753.0
buku-tulis,Buku Tulis Spiral / Notebook Spiral / Notes Spiral TOMEX Motif A5,Rp30.900,30900.0
buku-tulis,Master Sampul Buku Mika 25 x 500 cm - Plastik Book Cover,Rp13.409,13409.0
buku-tulis,Benex Agenda Book Small 6 Ring 20 mm Ukuran A6,Rp47.000,47000.0
buku-tulis,Topla Binder Resleting Binder 988 Buku Catatan / Planner Resleting Ukuran B5 26 Ring Sekolah Kuliah dan Kerja Besi Biru Hijau Kuning Stationery,Rp37.950,37950.0
buku-tulis,Aksesoren Buku Tulis Forte 38 Lembar [1 Pack / 10 Buku] / Buku Kwarto / Alat Tulis Sekolah / Write Book / Buku Tulis Kertas Tebal A5,Rp46.500,46500.0
buku-tulis,Buku Tulis Sekolah Campus Vision 42 Lembar [1 Pack] Boxy Kampus 1 Pak,Rp53.900,53900.0
buku-tulis,Buku Tulis Sekolah Sinar Dunia 78 Lembar 1 Pack / Catatan Harian,Rp65.500,65500.0
buku-tulis,Mainan Buku Jurnal Real Littles S5 Journals Stationery,Rp98.951,98951.0
buku-tulis,KNI Buku Nota Kontan 2Ply Besar [ ECER ],Rp7.450,7450.0
buku-tulis,KIKY Buku Hard Cover Kwarto Glossy (Uk. 16 x 21 cm) - Isi 50 Lembar,Rp8.900,8900.0
buku-tulis,ROCKWARE RW-LC01 - A4 Notebook Organizer with Calculator and Powerbank,Rp484.900,484900.0
buku-tulis,Basic Notebook Custom #Brush - Custom Notebook - Planner - Journal,Rp59.500,59500.0
buku-tulis,Basic Notebook KPOP BTS/ Custom Notebook/ Planner/ Journal,Rp59.500,59500.0
buku-tulis,"NIIMBOT B1/B21/B21PRO/B31/B3S/B4/K3 Stiker Label Kartun, Label Nama dan Barang Gaya Lucu, Tahan Air dan Minyak Kertas",Rp98.000,98000.0
buku-tulis,Estudee Sampul Pp Seal B5 Isi 10 F,Rp13.000,13000.0
buku-tulis,Daiichi Dpr Note Book A5 60 Pro Yellow,Rp36.500,36500.0
buku-tulis,Notebook Mini Motif Lucu Biskuit Cokelat Isi 80 Lembar Buku Catatan Kecil Aesthetic,Rp14.550,14550.0
buku-tulis,Bantex Notebook A5 With String Sky Blue - 8032 23,Rp19.000,19000.0
buku-tulis,bukuqu Sketchbook #Simple A5 200 gsm - Notebook gambar/ Lukis/ Cat Air tebal Kertas Gambar,Rp53.600,53600.0
buku-tulis,Notepad Memo Pad 50 Lembar Kertas HVS - Sea Animals Stationery Paper,Rp35.000,35000.0
buku-tulis,NOTES/NOTEBOOK A6XQ-56KZ Paper Stationery,Rp11.805,11805.0
buku-tulis,KIKY Buku Folio Ekspedisi Isi 100 Lembar - 1 Buku,Rp21.000,21000.0
buku-tulis,Buku Tulis Spiral / Spiral Notebook A5 Tomex Good Luck 2 U TX 810049,Rp30.900,30900.0
buku-tulis,XQ-PT22703 Agenda/Diary Notebook Animal Singer (pcs) Stationery,Rp16.055,16055.0
buku-tulis,Buku Tulis Elite Campus 50 Lembar [1 Pak / 10 Buku] / Write Book B5,Rp74.900,74900.0
buku-tulis,Buku Tulis Spiral / Spiral Notebook A5 Tomex Dress Up,Rp27.501,27501.0
buku-tulis,Memo Stick Joyko [MMS-6] / Sticky Notes / Pembatas Penanda Buku / Kertas Note Memo Alat Paper,Rp18.500,18500.0
buku-tulis,GREEBEL Sticky Notes Kertas Catatan 100 Lembar (3W 7676100) Note Memo Alat Tulis Kantor,Rp14.350,14350.0
buku-tulis,Buku Tulis Sekolah Locomotif [Isi 38 Lembar] Catatan A5 Kwarto 1 Pak,Rp57.900,57900.0
buku-tulis,KIKY Buku Hard Cover Folio Glossy (Uk. 32 x 21 cm) Isi 300 Lembar - 1 Pcs,Rp64.500,64500.0
buku-tulis,JOYKO - Memo Stick MMS 32 Transparant - PaD,Rp10.750,10750.0
buku-tulis,"Notebook Spiral B5 Merk Tomex Motif Star,Moonlight,Sunlight,Cloud",Rp37.500,37500.0
buku-tulis,Rokeet Cute Sticker Gift Box Waterproof Isi 100 pcs Sticker Aesthetic Lucu,Rp23.455,23455.0
buku-tulis,Master Sampul Emboss 46 x 300 cm - Plastik Cover Buku Tulis Buku Paket,Rp17.836,17836.0
buku-tulis,Aksesoren Buku Tulis Kuarto Alfa Premium 38 Lembar [1 Pack/10 Buku] / Write Book A5 / Buku Cacatan Harian,Rp33.500,33500.0
buku-tulis,Paperie Lab - A5 Spiral Notebook Gold Stationery,Rp75.650,75650.0
buku-tulis,Buku Tulis You [38 Lembar/10 Buku/1 Pack] / Untuk Sekolah 1 Pak Murah,Rp25.900,25900.0
buku-tulis,Capricorn Design Sticker Label Idul Adha isi 1 - SLH004,Rp2.900,2900.0
buku-tulis,My Book Yuvi Buku Tulis Ukuran A5 ATK 38 Lembar - 10 Buku,Rp33.000,33000.0
buku-tulis,My Book Distinction Buku Tulis Besar B5 Boxy Princess Salma 42 Lembar - 5 Buku,Rp26.500,26500.0
buku-tulis,"Stiker Journal Monstera untuk Notebook, Bullet Journal, Planner",Rp11.830,11830.0
buku-tulis,SAMPUL SAMSON KWARTO LIPAT @20PCS SYM,Rp12.000,12000.0
buku-tulis,Buku Tulis Spiral / Spiral Notebook A5 Tomex Sign Language TX 810093,Rp27.501,27501.0
buku-tulis,Ruled Notebook Diary Agenda Buku Catatan Bergaris Joyko NB-744 A6,Rp9.300,9300.0
buku-tulis,ON Optimum Nutrition Workout Planner - Notebook Official Merchandise,Rp50.000,50000.0
buku-tulis,Deli Memo tempel - Sticky Notes 4 Warna x 100 Sheets] Perekat yang kuat EA02302 Kertas Paper,Rp10.900,10900.0
buku-tulis,BIG Notebook A5 Floral Series Buku Diary Aesthetic Buku Catatan Buku Notes Semi Transparan NB-21111,Rp26.100,26100.0
buku-tulis,Vos Board T-3 75X100Cm Black,Rp52.500,52500.0
buku-tulis,"Stiker Journal Monstera untuk Notebook, Bullet Journal, Planner",Rp11.830,11830.0
buku-tulis,bukuqu 12 MONTH UNDATED Planner - Buku Agenda - Weekly planner,Rp98.900,98900.0
buku-tulis,Buku Tulis You [38 Lembar/10 Buku/1 Pack] / Untuk Sekolah 1 Pak Murah,Rp25.900,25900.0
buku-tulis,AKUSA Hard Cover Book A6/B5 168 Lembar Note Book Buku Catatan Journal Harian Desain Klasik HCB015,Rp14.990,14990.0
buku-tulis,Buku Tulis Mandarin Kotak Besar Bintang Obor,Rp5.089,5089.0
buku-tulis,Buku Nota Kontan Paperline 2 Ply Besar - Kertas Nota Paperline 2 Rangkap,Rp8.397,8397.0
buku-tulis,Buku Tulis Catatan Bergaris Spiral Ruled Notebook Joyko NB-721 A5,Rp21.900,21900.0
buku-tulis,[PACK] Buku Tulis Campus Kiky 40 Lembar 1 Pak Isi 5 Buku Kampus,Rp47.080,47080.0
buku-tulis,KIKY Buku Tulis Halus 38 Lembar - 1 Pack (Isi 10),Rp39.000,39000.0
buku-tulis,PAKET 4 PCS Notebook Mini A7 Buku Kecil Catatan Scrapbook Mini Buku Notes Kecil Alat Tulis Sekolah 50 / 80 Lembar Paper Stationery,Rp11.680,11680.0
buku-tulis,Bukuqu Sketchbook A5 140 gsm - Sketsa cream paper - Notebook Gambar Hardcover -Kertas Broken White- Portrait -Landscape,Rp97.000,97000.0
buku-tulis,bukuqu Sketchbook A6 150 gsm Landscape - buku gambar - Notebook Saku - Sketsa Pocket - Sketch book Kertas Putih,Rp37.980,37980.0
buku-tulis,Bantex Buku Catatan Kerja / Notebook Leather Cover Tali A5/A6 Kulit Sintetis Kertas 80g BR100X,Rp49.000,49000.0
buku-tulis,Bantex Buku Tulis Spiral A5 60 Lembar 70 gsm Bergaris / Buku Catatan Sekolah Warna Pastel SPA560-003,Rp22.000,22000.0
buku-tulis,Standard - Buku Tulis Sampul Coklat Isi 40 lbr / Pak (Buku Tulis),Rp53.900,53900.0
buku-tulis,My Book Distinction Buku Hard Cover Folio F4 - 100 Lembar,Rp22.000,22000.0
buku-tulis,EAGLE Notebook Spiral Buku Tulis A5 Buku Catatan Diary,Rp29.973,29973.0
buku-tulis,My Book Yuvi Buku Tulis Classic Motor 2 Scrambler 38 Lembar - 10 Buku Sekolah,Rp33.000,33000.0
buku-tulis,JQ-NB-3264 Agenda/Diary Notebook Ice Cream (pcs) Stationery,Rp11.705,11705.0
buku-tulis,"Deli Memo tempel - Sticky Notes 3""x 3"" 100 Sheets perekat yang kuat dan tahan lama EA01303 Kertas Paper",Rp10.900,10900.0
buku-tulis,Deli Memo Tempel Sticky Notes Warna Pastel Kuning 38×51mm 1.5''×2'' 100 Sheet EA01103 EA00153 Paper Stationery,Rp11.500,11500.0
buku-tulis,TOMEX Buku Tulis Spiral Notebook Spiral Notes Motif Animal B5,Rp33.375,33375.0
buku-tulis,Buku Tulis 58 lembar / Buku Tulis 58 Lembar (Paper Star) 1 pack Isi 10 Buku / PBNB,Rp53.900,53900.0
buku-tulis,Master Sampul Emboss Kwarto Sealing (isi 12 lembar) - Sampul Buku,Rp20.811,20811.0
buku-tulis,TRG Clear Cover Spiral Notebook A5 NB-83 - Buku Tulis Catatan A5 Bookpaper Motif Ruled Dotted Grid Plain TRG,Rp23.847,23847.0
buku-tulis,Buku My Daily Journal Soft Cover,Rp90.900,90900.0
buku-tulis,WELLEN PRINT - Cetak Buku Tahunan Sekolah Hardcover / Print Year Book Hard Cover Custom,Rp85.000,85000.0
buku-tulis,Buku Tulis Sekolah Kiky Isi 42 Lembar/1 Pack Catatan B5 Besar Boxy,Rp105.500,105500.0
buku-tulis,Buku Tulis Kotak-Kotak Besar Sidu 38 Lembar Catatan Sinar Dunia A5,Rp44.900,44900.0
buku-tulis,KIKY Nota Kontan 2 Ply / TC Kecil (10.5 x 15.5 cm) - 1 Buku,Rp5.400,5400.0
buku-tulis,"NIIMBOT M2 Kertas Label Kartun, Stiker Nama Siswa, Label Penyimpanan berwarna",Rp98.000,98000.0
buku-tulis,Estudee Soft Spiral Notebook A6 Smart Ivory,Rp29.800,29800.0
buku-tulis,Estudee 10Ring Notebook B5 Ivory,Rp56.600,56600.0
buku-tulis,Estudee Sampul Pp Seal B5 Isi 10 I,Rp13.500,13500.0
buku-tulis,Vos Samson Polos Kwarto Isi 10 F,Rp8.000,8000.0
buku-tulis,Estudee 10Ring Notebook B5 Tosca,Rp56.600,56600.0
buku-tulis,ESTUDEE J KWARTO 38 UNICORN ISI 10,Rp55.000,55000.0
buku-tulis,Gramedia Estudee Buku Tulis J B5 Tartan Merah Isi 10,Rp86.000,86000.0
buku-tulis,AKUSA Soft Cover Notebook Motif A5/B5 56 Lembar Buku Catatan Kuliah Kerja Buku Tulis Bergaris Tahan Air Tidak Tembus Tinta SCB008,Rp16.990,16990.0
buku-tulis,Notebook Daur,Rp100.000,100000.0
buku-tulis,KIKY Buku Tulis BX 34 Lembar - 1 Pack (Isi 10),Rp58.590,58590.0
buku-tulis,Harry Potter Centaurs Softcover Notebook,Rp198.000,198000.0
buku-tulis,Cetak Brosur A5 Kilat - Full Colour- 1 & 2 Sisi,Rp750,750.0
buku-tulis,Bantex Buku Catatan Notebook A5 Loose-Leaf - Klip Adjustable Kertas Tebal 70g Bahan PP LLA550 Stationery,Rp29.000,29000.0
buku-tulis,Bantex Buku Tulis Spiral B5 60 Lembar 70 gsm Bergaris / Buku Catatan Sekolah Warna Pastel SPB560-003,Rp29.000,29000.0
buku-tulis,Buku Agenda Series Cartenz Tactical Hitam,Rp250.000,250000.0
buku-tulis,TRG Pembatas Binder Note Loose Leaf B5 DIV-12 - Monthly Planner To Do List Divider Paper 26 Holes 12 Tab TRG,Rp23.412,23412.0
buku-tulis,bukuqu (Isi 10 lbr) Sampul buku tulis Uk A5/B5 - Sampul Aesthetic - Korean book cover Kertas ArtPaper,Rp24.980,24980.0
buku-tulis,Bukuqu Pocket Classic Notebook A7 pastel color - notes ukuran saku masuk kantong Tali,Rp19.435,19435.0
buku-tulis,Bantex Cardboard Divider & Indexes A4 (10 pages) 6050 00,Rp12.000,12000.0
buku-tulis,Bantex Buku Tulis Sekolah isi 10 Pcs Catatan B5 Cover Elegan Aesthetic Kertas Halus Silky 1 Pack (10 Pcs),Rp65.000,65000.0
buku-tulis,BUKU TOKOH - IBNU SINA - Original - Cklik Media,Rp59.000,59000.0
buku-tulis,Notebook Sakura Slate Canvas Living,Rp159.000,159000.0
buku-tulis,InterX Folder Binder Note 8 Ring Macarons Buku Catatan A5,Rp20.800,20800.0
buku-tulis,Cover Notebook Buku catatan spiral binder notebook DIY sekolah kuliah isi ulang ukuran A5 Topla [HANYA COVER],Rp15.999,15999.0
buku-tulis,SiDU Buku Tulis 32 Lembar - SDU EB 32,Rp34.077,34077.0
buku-tulis,SiDU Buku Tulis Mobile Legends 58 Lembar - 10 buku,Rp57.831,57831.0
buku-tulis,Buku Tulis Catatan Notes Kecil Kenko PN-403 - Pocket Note Notebook Kenko,Rp8.466,8466.0
buku-tulis,bukuqu Sampul buku (Isi 10 lbr) #Daisy Korean Aesthetic cover,Rp45.000,45000.0
buku-tulis,Deli Memo tempel - Sticky Notes 4 Warna x 100 Sheets] Perekat yang kuat EA02302 Kertas Paper,Rp10.900,10900.0
buku-tulis,Stiker Journal Sansivera by bukuqu,Rp14.500,14500.0
buku-tulis,bukuqu Weekly Undatted Planner - Notebook - Journal,Rp169.000,169000.0
buku-tulis,Ruled Notebook Diary Agenda Buku Catatan Bergaris Joyko NB-680 60 hal Yellow Green,Rp14.500,14500.0
buku-tulis,WELLEN PRINT - Sticker Set Aesthetic / Cetak Stiker Dekorasi estetik agenda Jurnal,Rp5.000,5000.0
buku-tulis,Memo Stick Kertas Memo Tempel Sticky Note Joyko MMS-5 ~ 8 Berbentuk,Rp11.100,11100.0
buku-tulis,Block Note A5 Garis AF - Writing Pad Buku Tulis Acara Meeting,Rp4.337,4337.0
buku-tulis,[READY] AIbook Sticky Notes 4 Warna 76x76mm 100 Lembar 3x3inch Memo Stick Kertas Memo Tempel Perlengkapan Kantor,Rp4.900,4900.0
buku-tulis,SJ-023 Stiker Journal Music by bukuqu,Rp11.830,11830.0
buku-tulis,Note book custom (A6 ) / Note custom / Souvenir Note Book Pernikahan murah / Blok Note / souvenir murah cepat / souvenir nikah,Rp2.500,2500.0
buku-tulis,AKUSA Spiral Notebook A5/B5 60 Lembar Motif Kartun Buku Tulis Sekolah Buku Catatan Kuliah Dengan Spiral Besi SB012,Rp9.990,9990.0
buku-tulis,AKUSA Binder Note A5/B5 60 Lembar Buku Tulis Catatan Harian Daily Journal Minimalis Kertas Tidak Tembus Bisa di Refill BN019,Rp12.990,12990.0
buku-tulis,WIPRO SP. W2155-0077 Planner No.77 Front Base,Rp378.400,378400.0
buku-tulis,NIIMBOT B1/B21/B21PRO/B31/B3S/B4/K3 Stiker Label Bulat Termal Stiker Tanggal Produksi Makanan Kue Stiker Segel Stiker Kertas Label Berperekat,Rp98.000,98000.0
buku-tulis,Daiichi Dpr Note Book B5 60 Pro Black,Rp42.000,42000.0
buku-tulis,Estudee F B5 Tartan Merah Isi 10,Rp86.000,86000.0
buku-tulis,Notebook Dairin Lets Do It A5 Black,Rp120.000,120000.0
buku-tulis,Kiky Nota Kontan 2 Ply Kecil,Rp7.000,7000.0
buku-tulis,Estudee E B5 Tartan Red 10,Rp86.000,86000.0
buku-tulis,Bantex Spiral Notebook / Buku Catatan Jilid Ukuran A5 Pastel Color SPA560 Stationery,Rp19.000,19000.0
buku-tulis,Oxford Activebook Notebook Planner Journal A5+ Ruled Paper 100104067,Rp62.000,62000.0
buku-tulis,Otten Coffee - Creative Notebook,Rp55.000,55000.0
buku-tulis,SKYMICOOL Mini Book Buku Tulis Kecil A7 Notebook dengan Desain Lucu dan Warna-warni untuk Anak-anak,Rp5.990,5990.0
buku-tulis,Bukuqu Notebook Spiral A5 - SM023 To do list,Rp42.480,42480.0
buku-tulis,Buku catatan hardcover A5 Hello Kitty yang lucu tebal halaman dalam penuh warna buku catatan siswa kucing KT notebook thick full color inner page hand book KT cat student notepad LM74,Rp69.999,69999.0
buku-tulis,Doodle Dazz Buku Tulis/Notebook/Buku Catatan A6 Imaginary Friend,Rp14.900,14900.0
buku-tulis,JOYKO Index & Memo IM - 61 Set,Rp9.700,9700.0
buku-tulis,EAGLE Notebook Spiral / Buku Tulis Buku Catatan Diary Notebook Spiral A5 / B5 80 Lembar,Rp36.375,36375.0
buku-tulis,Deli Memo Kecil / Note Pads 80gsm 21752,Rp14.800,14800.0
buku-tulis,SO BUKU KWARTO 100 LEMBAR,Rp21.390,21390.0
buku-tulis,Notebook A5 / buku agenda A5 Astronot DIARY A5JT-8014 Stationery,Rp21.505,21505.0
buku-tulis,Notebook Agenda Diary Bear Buku Spiral DIARY ZX321003 Stationery,Rp16.505,16505.0
buku-tulis,Buku Tulis Spiral / Spiral Notebook A5 Tomex Blood Type,Rp30.900,30900.0
buku-tulis,ONE PIECE X KIKY Buku Tulis 38 Lembar - 1 Pack (Isi 10),Rp45.000,45000.0
buku-tulis,Deli x AGNEZ MO Buku Tulis Premium B5 / Boxy Panjang 60 Lembar Sewing Notebook EN027 - 1 pcs,Rp14.000,14000.0
buku-tulis,Buku Tulis Sekolah Sinar Dunia [Isi 38 Lembar/ 10 Buku] Sidu 1 [Pack],Rp39.900,39900.0
buku-tulis,Buku Tulis Sekolah Kiky Boxy 42 Lembar 1 Pack / Kuliah Karakter 1 Pak,Rp62.150,62150.0
buku-tulis,Buku Tulis Paper Star 58 Lembar/1 Pack / Peralatan Sekolah 1 Pak Murah,Rp76.900,76900.0
buku-tulis,FIVE STAR Buku Tulis 38 Lembar - 1 Pack (Isi 10),Rp28.500,28500.0
buku-tulis,Buku Campus Sinar Sakura - Buku Tulis Diktat Kuliah - Buku Kampus,Rp5.568,5568.0
buku-tulis,Sampul Buku Coklat/Bening Polos Ukuran Boxy (Pak Isi 20 Lembar),Rp29.750,29750.0
buku-tulis,NOTA KONTAN KECIL 2 PLY 67101 PAPERLINE,Rp5.500,5500.0
buku-tulis,Buku Catatan Mini A7 70 Lembar Tebal | Memo Pad Garis Aesthetic Gradient Warna Pastel | Praktis Dibawa Sekolah Kantor B-250221,Rp11.300,11300.0
buku-tulis,PAPERLINE Buku Faktur Nota 3 PLY/ 3 Rangkap - PAK,Rp125.000,125000.0
buku-tulis,Buku Tulis Catatan Bergaris Ruled Notebook Joyko NB-730 Ocean Creatures,Rp12.000,12000.0
buku-tulis,Deli Leather Cover Notebook Buku Catatan Agenda Kulit Magnetic EN142L Hitam Kertas Paper Stationery,Rp72.900,72900.0
buku-tulis,SAMPUL SAMSON KWARTO LIPAT @20PCS SYM,Rp12.000,12000.0
buku-tulis,Notebook B5 / buku agenda B5 Bear DIARY B5JT 8012 Biru Pink,Rp28.005,28005.0
buku-tulis,[PACK] Buku Tulis SIDU 78 Lembar 1 Pak Isi 5 Buku Sinar Dunia,Rp40.447,40447.0
buku-tulis,Buku Tulis Kiky Boxy [42 Lembar/1 Pack] / Buku Tebal / 1 Pak Murah,Rp98.900,98900.0
buku-tulis,GREEBEL Sticky Notes GSN 1W1M 75 75 100 /Memo Pad Note/DIY Planner/Kertas Bentuk Warna warni,Rp13.350,13350.0
buku-tulis,Deli x Butterbear Notepad / Memo Non-Tempel Lucu 249 Lembar HY222,Rp33.000,33000.0
buku-tulis,Buku Tulis Catatan Notes Kecil Kenko PN-404 - Pocket Note Notebook Kenko,Rp6.426,6426.0
buku-tulis,GREEBEL Note Book / Buku Tulis / Agenda / Buku Catatan Spiral Note Book / Note Book 8080 A5O 39 / 80 Halaman,Rp32.050,32050.0
buku-tulis,JOYKO Memo Stick Animal Tempel - MMS-24 [ PADS ],Rp5.900,5900.0
buku-tulis,bukuqu Sketsa Color #Simple A5 - Sketchbook Hardcover - Notebook gambar - Buku Lukis Kertas Putih,Rp44.980,44980.0
buku-tulis,Bukuqu Notes Board Weekly Planner - Agenda harian - memopad harian - Notepad- isi binder aesthetic Kertas Putih,Rp29.500,29500.0
buku-tulis,"Bukuqu Stiker Journal Galaxy untuk Notebook, Planner",Rp12.900,12900.0
buku-tulis,Simple Notebook Custom Season - Custom Notebook Dot Grid,Rp49.680,49680.0
buku-tulis,Bukuqu Planner 18 Month Planner #OnaDaily - Agenda 2025 - Journal - Notebook Kertas Paper,Rp99.500,99500.0
buku-tulis,Simple Notebook Custom Clover - Custom Notebook - Planner,Rp48.300,48300.0
buku-tulis,Estudee I Kwarto 38 Animals Isi 10,Rp55.000,55000.0
buku-tulis,NIIMBOT B1/B21/B21PRO/B31/B3S/B4/K3 Stiker Stiker Label Kabel Jaringan Kertas Label Kabel Tahan Air Kertas Stiker Kabel Pengisian Daya Tahan Air,Rp98.000,98000.0
buku-tulis,Buku Catatan Aesthetic Notebook A5 Isi 40 Lembar Buku Sekolah Kuliah Kerja Tebal Warna Estetik,Rp11.900,11900.0
buku-tulis,bukuqu Sampul buku (Isi 10 lbr) #Daisy Korean Aesthetic cover,Rp45.000,45000.0
buku-tulis,Deli Memo tempel - Sticky Notes 4 Warna x 100 Sheets] Perekat yang kuat EA02302 Kertas Paper,Rp10.900,10900.0
buku-tulis,Stiker Journal Sansivera by bukuqu,Rp14.500,14500.0
buku-tulis,bukuqu Weekly Undatted Planner - Notebook - Journal,Rp169.000,169000.0
buku-tulis,Ruled Notebook Diary Agenda Buku Catatan Bergaris Joyko NB-680 60 hal Yellow Green,Rp14.500,14500.0
buku-tulis,[PACK] Buku Tulis SIDU 78 Lembar 1 Pak Isi 5 Buku Sinar Dunia,Rp40.447,40447.0
buku-tulis,JOYKO Memo Stick MMS-1P / Pack,Rp22.100,22100.0
buku-tulis,GREEBEL Note Book / Buku Tulis / Agenda / Buku Catatan Spiral Note Book / Note Book 8080 A5O 39 / 80 Halaman,Rp32.050,32050.0
buku-tulis,TRG Premium Brown Kraft Cover Spiral Notebook A5 NB-79 - Buku Tulis Catatan A5 Bookpaper Motif Dotted Grid TRG,Rp21.817,21817.0
buku-tulis,KIKY KWITANSI MINI,Rp4.950,4950.0
buku-tulis,Simple Notebook Custom Clover - Custom Notebook - Planner,Rp48.300,48300.0
buku-tulis,Bukuqu Notes Board Weekly Planner - Agenda harian - memopad harian - Notepad- isi binder aesthetic Kertas Putih,Rp29.500,29500.0
buku-tulis,"Bukuqu Stiker Journal Galaxy untuk Notebook, Planner",Rp12.900,12900.0
buku-tulis,Simple Notebook Custom Season - Custom Notebook Dot Grid,Rp49.680,49680.0
buku-tulis,Bukuqu Planner 18 Month Planner #OnaDaily - Agenda 2025 - Journal - Notebook Kertas Paper,Rp99.500,99500.0
buku-tulis,BUKU MURAH STOK TERBATAS!!! OKEY Buku Tulis BX 40 Lembar (Uk. 17.5 x 25 cm) - 1 Pack (Isi 10 Buku),Rp69.000,69000.0
buku-tulis,KIKY Buku Tulis BX 42 Lembar 10 Buku Boxy/ Motif Random - 1 Pack (Isi 10),Rp66.460,66460.0
buku-tulis,Bantex Buku Agenda Catatan Kerja Ukuran A5 Dengan Pengait Bahan Kulit PU Tahan Air BR101X Stationery,Rp99.000,99000.0
buku-tulis,Ataru Notebook Lotso A5 - Pink Buku Tulis Catatan Diary Weekly Planner Agenda Journal Perlengkapan Alat Tulis,Rp76.900,76900.0
buku-tulis,NEW! [Si KECE THR'AN] Combo SiKece Serries Buku Gambar B5 Vertikal Jilid Spiral Deli School Eraser & Deli Sketch Pencil Set Alat Sekolah Stationery,Rp87.000,87000.0
buku-tulis,Deli Buku Catatan Kerja Soft Cover 2158 dengan Kertas Lembut 80 Lembar - Paper Notebook Stationery Tinta,Rp14.000,14000.0
buku-tulis,Buku Tulis Sekolah Kiky [58 Lembar/1 Pack] / Kiki Berwarna 1 Pak,Rp68.000,68000.0
buku-tulis,Buku Catatan Polos (Blocknote),Rp12.000,12000.0
buku-tulis,Buku Tulis Okey Folio [1 Buku/100 Lembar] / Buku Tugas Catatan Harian / Buku Debur Besar Alat Kantor,Rp27.900,27900.0
buku-tulis,[PACK] Buku Tulis Dodo 58 Lembar 1 Pak Isi 10 Buku By SIDU Sinar Dunia,Rp40.873,40873.0
buku-tulis,Buku Tulis Catatan Bergaris Ruled Notebook Joyko NB-726 Flora,Rp55.800,55800.0
buku-tulis,[Deli x Maksan] KECEEE ABIEZZZ Combo SiKece Serries Buku Gambar B5 Vertikal Jilid Spiral Deli School Eraser & Deli Sketch Pencil Set Alat Sekolah Stationery (L),Rp85.000,85000.0
buku-tulis,"Buku Catatan Karakter Lucu A5 30 Lembar Lined - Kertas 100g - Paper, Stationery Notebook",Rp6.900,6900.0
buku-tulis,Buku Tulis Catatan Bergaris Ruled Notebook Joyko NB-716 A5~A6,Rp42.100,42100.0
buku-tulis,Books&Bind Soft Spiral Notebook PP A5 Purple,Rp49.800,49800.0
buku-tulis,Simple Notebook Custom Festival - Custom Notebook Dot Grid,Rp69.000,69000.0
buku-tulis,bukuqu Weekly Undatted Planner - Notebook - Journal,Rp169.000,169000.0
buku-tulis,Scrapbook Hardcover A5 - Notebook by bukuqu cover scrapbook,Rp55.000,55000.0
buku-tulis,Buku Tulis 38 lembar / Buku Tulis 38 Lembar Merk Random 1 pack Isi 10 Buku / PBNB,Rp44.400,44400.0
buku-tulis,Aimilo - 200 Lembar Sticky Notes Penanda Halaman Index Page Marker 10 Warna Dilengkapi Penggaris,Rp20.000,20000.0
buku-tulis,Ruled Notebook Diary Agenda Buku Catatan Bergaris Joyko NB-740 A7,Rp6.200,6200.0
buku-tulis,TOMEX Notebook Spiral / Buku Tulis Buku Catatan Diary Notebook Spiral GOOD LUCK A5 80 Lembar,Rp30.900,30900.0
buku-tulis,Notebook A5 / buku agenda A5 Rabbit Girl DIARY A5JT-8013 Stationery,Rp21.505,21505.0
buku-tulis,Buku Maxi isi 36 NOBEL ( 10 pcs ) Paper,Rp35.905,35905.0
buku-tulis,Notebook B5 / buku agenda B5 Rabbit DIARY B5JT-8013 Foto Stationery,Rp28.005,28005.0
buku-tulis,TOMEX Buku Tulis Spiral Notebook Spiral Notes Motif AMAZING DAY B5,Rp37.500,37500.0
buku-tulis,JOYKO - Notebook NB-713 Lively Book Diary Varian - Pcs,Rp45.450,45450.0
buku-tulis,Aksesoren Buku Tulis Kuarto Alfa Premium 38 Lembar [1 Pack/10 Buku] / Write Book A5 / Buku Cacatan Harian Kertas Paper,Rp33.500,33500.0
buku-tulis,BIG Sticky Notes Warna Hitam Black/ Note Kertas/ Memo Tempel Warna Hitam,Rp16.000,16000.0
buku-tulis,Buku Agenda Series Cartenz Tactical Dark Camo,Rp250.000,250000.0
buku-tulis,A50232-11 Agenda/Diary Notebook Computer&Phone (pcs) Stationery,Rp6.405,6405.0
buku-tulis,Bantex Multiring Binder 26 Ring 25mm B5 Gatot Mbaca #1328 40,Rp39.000,39000.0
buku-tulis,Bantex Buku Tulis Sekolah isi 10 Pcs B5 Desain Stylish Kertas Halus Silky & Tebal Isi 1 Pack (10 Pcs),Rp65.000,65000.0
buku-tulis,bukuqu (Isi 10 lbr) Sampul Buku #PastelSeries Korean Aesthetic book cover,Rp24.998,24998.0
buku-tulis,Buku Tulis Kotak Mandarin Kotak Sedang 11 x 14 kotak chinese exercise writting book chinesse medium,Rp10.500,10500.0
buku-tulis,"Deli Larva Sticky Notes/ Memo Tempel 3"" x 3"" 60 Lembar 2 Warna Motif Lucu EA039 Kertas Note",Rp13.000,13000.0
buku-tulis,Deli Leather Cover Notebook / Buku Catatan / Agenda Sampul Kulit A5 96 112 Lembar Soft Cover Paper Pocket EN128L Kertas Stationery,Rp70.900,70900.0
buku-tulis,Notebook Agenda Diary Enjoy My Life Buku Spiral DIARY ZX321002 Foto,Rp16.505,16505.0
buku-tulis,Buku Tulis Campus Vision [36 50 Lembar/1 Pack] / Sekolah Kampus 1 Pak,Rp77.500,77500.0
buku-tulis,A5-2020-5 Agenda/Diary Notebook Duck Trip To Space (pcs) Stationery,Rp30.155,30155.0
buku-tulis,Buku Tulis Buku Agenda merk SJCAM Notes Book Paper Stationery Free Bolpen,Rp40.000,40000.0
buku-tulis,Stiker Journal Cute Cat untuk Notebook by bukuqu,Rp10.478,10478.0
buku-tulis,Buku Tulis Spiral / Spiral Notebook B5 Tomex Blood Type,Rp37.500,37500.0
buku-tulis,Deli Leather Cover Notebook / Buku Catatan Sampul Kulit 96 120 Halaman Kertas Tebal EN0XX Paper Retro Stationery,Rp54.900,54900.0
buku-tulis,Deli Sticky Notes / Memo Tempel Lucu 60 Lembar Merekat Kuat EA041 Kertas Paper Stationery,Rp15.500,15500.0
buku-tulis,Buku Tulis Ekspedisi Paperline 100 Lembar - Hardcover Hard Cover Writing Log Book Murah,Rp12.164,12164.0
buku-tulis,Languo Notebook A5 Riplling / Buku Catatan,Rp12.900,12900.0
buku-tulis,Buku Nota Kontan Paperline 3 Ply Kecil - Kertas Nota Paperline 3 Rangkap,Rp6.364,6364.0
buku-tulis,Memo Stick Sticky Note Kertas Memo Memo Tempel Joyko MMS-39 Amusement Park,Rp15.800,15800.0
buku-tulis,Memo Stick Kertas Memo Tempel Sticky Note Joyko MMS-16,Rp11.000,11000.0
buku-tulis,Ruled Notebook Diary Agenda Buku Catatan Bergaris Joyko NB-680 60 hal Yellow Green,Rp14.500,14500.0
buku-tulis,SAMPUL SAMSON BOXY LIPAT @20PCS,Rp13.000,13000.0
buku-tulis,KIKY Buku Hardcover Kwarto Glossy (Uk. 16 x 21 cm) Isi 100 Lembar,Rp12.700,12700.0
buku-tulis,[PACK] Buku Tulis Skola Big Boss Campus 50 Lembar 1 Pak Isi 10 Buku BigBoss By SIDU Sinar Dunia,Rp50.528,50528.0
buku-tulis,"Stiker Journal Angkasa untuk Notebook, Planner, Bullet Journal",Rp11.830,11830.0
buku-tulis,GREEBEL Buku Tulis Campus Boxy Isi 36 Lembar (1PCS) - Buku Catatan Aesthetic Bergaris Ukuran B5 36-10,Rp5.700,5700.0
buku-tulis,Stiker Deco Terracotta Color untuk Notebook by bukuqu,Rp7.000,7000.0
buku-tulis,Deli Cartoon Sticker Stiker Kartun 25909 25910 Paper Stationery,Rp7.200,7200.0
buku-tulis,Stiker Journal Cute Cat untuk Notebook by bukuqu,Rp10.478,10478.0
buku-tulis,Estudee J Kwarto 58 Dino Isi 10,Rp67.000,67000.0
buku-tulis,Aimilo Notebook A6 Buku Catatan Kecil Pocket Book Aesthetic Portable Buku Saku Journal Diary I Memo Kertas Paper Tali Bolpen Tinta Stationery,Rp16.900,16900.0
buku-tulis,Buku Tulis Deli A5 Kwarto Kecil Motif Karakter One Piece Spongebob Isi 58 lembar Satu Pack Isi 10 Buku Tulis Sekolah Free Bubble Wrap ATK,Rp64.000,64000.0
buku-tulis,bukuqu (Isi 10 lbr) Sampul buku #Teracota Korean Aesthetic book cover,Rp45.000,45000.0
buku-tulis,Bantex Strongline Indexes A4 AZ (21 Pages) 6233 00,Rp40.000,40000.0
buku-tulis,Bantex Buku Tulis B5 Kertas 75 gr Bergaris Horizontal Isi 4 Buku Warna Pastel ADB540-101,Rp59.000,59000.0
buku-tulis,Bantex Buku Catatan / Spiral Notebook Stylish dengan Cover PU Leather SPA660 Stationery,Rp15.000,15000.0
buku-tulis,Bantex Cardboard Divider & Indexes A4 (5 pages) - 6045 07 Stationery,Rp5.000,5000.0
buku-tulis,"HOSA GMM-105 Knucklebones, BMJ",Rp390.000,390000.0
buku-tulis,Notebook Billy Black Canvas Living,Rp159.000,159000.0
buku-tulis,Note Pad / Buku tulis / Note book KITZ Japan,Rp35.520,35520.0
buku-tulis,OKEY Buku Hard Cover Kwarto Glossy (Uk. 16 x 21 cm) Isi 200 Lembar,Rp20.500,20500.0
buku-tulis,Ring Index Notebook Buku catatan spiral binder notebook DIY sekolah kuliah isi ulang ukuran B5 Topla,Rp13.225,13225.0
buku-tulis,Perlengkapan Paket Alat Tulis Ujian Sekolah Kampus Joyko 1 Set Campus / Beli Peralatan Sekolah,Rp87.500,87500.0
buku-tulis,Deli Spiral Notebook / Buku Tulis Buku Catatan Spiral Mini Pocket Size A7 100 Lembar One Piece EN005 Kertas Putih,Rp13.500,13500.0
buku-tulis,Aksesoren Buku Tulis Boxy Elite Campus [36 Lembar/1 Pak/10 Buku] / Write Book / Buku Kuliah Smp Sma / Buku Catatan Tugas,Rp44.900,44900.0
buku-tulis,GREEBEL Sticky Notes Kertas Catatan 100 Lembar (3W 7651100) Note Memo Alat Tulis Kantor,Rp7.950,7950.0
buku-tulis,Buku Tulis Sekolah Sinar Dunia Isi 58 Lembar / Write Book Sidu 1 Pak,Rp62.900,62900.0
buku-tulis,Buku Saku untuk Belajar - Spiral Mika by Bukuqu Kertas Putih,Rp8.900,8900.0
buku-tulis,Stiker Journal Planner by bukuqu,Rp10.478,10478.0
buku-tulis,Notebook Spiral #Kraft - Notebook Custom,Rp24.500,24500.0
buku-tulis,Aksesoren Buku Tulis Campus Best One 42 Lembar [6 Buku/Pack] / Kertas Halus & Tebal,Rp30.500,30500.0
buku-tulis,NIIMBOT B1/B21/B21PRO/B31/B3S/B4/K3 Label Kertas Bunga & Rumput Dicetak Pola Kartun Lucu Seri Bunga dengan Perekat Sendiri.,Rp98.000,98000.0
buku-tulis,Note Book Buku Tulis Daiichi A5 B5 Popular 2,Rp60.500,60500.0
buku-tulis,NIIMBOT B1/B21/B21PRO/B31/B3S/B4/K3 Kertas Pencetakan Label Transparan Stiker Nama Tahan Air Label Termal.,Rp129.000,129000.0
buku-tulis,ESTUDEE E BUKU TULIS KWARTO 58 TRAVEL ISI 10,Rp67.000,67000.0
buku-tulis,TRG Brown Kraft Cover Spiral Notebook Daily Planner A5 NBPL-117 - Buku Tulis Catatan A5 Bookpaper Motif Ruled TRG,Rp19.389,19389.0
buku-tulis,Bantex Buku Tulis A5 70 gsm Bergaris / Buku Catatan Sekolah 1 Pack Isi 12 Pcs ADA540-003,Rp89.000,89000.0
buku-tulis,Notebook Bajaj Pink Canvas Living,Rp159.000,159000.0
buku-tulis,Paket Bundling Notebook Aesthetic Joytop B5 Buku Catatan Agenda Estetik Planner Book Marble Notebook Fancy Untuk Kuliah Kantor ATK,Rp19.950,19950.0
buku-tulis,My Book Yuvi Buku Tulis Tebal A5 ATK 58 Lembar - 10 Buku Sekolah,Rp47.000,47000.0
buku-tulis,BUKU TULIS BOXY 40LBR/PACK KIKY,Rp96.000,96000.0
buku-tulis,My Book Yuvi Buku Tulis Cafe 58 Lembar - 10 Buku Sekolah,Rp47.000,47000.0
buku-tulis,Bukuqu Pocket Classic Notebook A7 - notes ukuran saku - note masuk kantong,Rp18.450,18450.0
buku-tulis,Bukuqu Classic Notebook Ukuran B6 (12.5 x 17 cm) - Buku Agenda Tali,Rp49.300,49300.0
buku-tulis,JOYKO - Memo Stick MMS-34 Motif Hewan Lucu - Pad,Rp10.500,10500.0
buku-tulis,Buku Tulis Spiral / Spiral Notebook A5 Tomex Emoji TX 810106,Rp30.900,30900.0
buku-tulis,InterX - Note Book NBX-10A5 Macarons Series - Pcs,Rp19.650,19650.0
buku-tulis,Aksesoren Paket Edukasi Anak [1 Set] / Buku Bacalah Cara Cepat Belajar Membaca / / Buku Sank Magic / Buku Bacalah Jilid 1 2 3 / Buku Ajaib 3D Latihan Menulis Menghitung,Rp24.500,24500.0
buku-tulis,"Aksesoren Buku Kotak Kecil Wisuda 38 Lembar [1 Pack/10 Buku] / Buku Tulis Strimin (0,5 Cm/5 Mm) / Buku Matematika",Rp54.500,54500.0
buku-tulis,Buku Tulis Sekolah 1 Pack Yuvi 58 Lembar [1 Pack] / Alat Tulis Lengkap,Rp79.900,79900.0
buku-tulis,Buku Tulis Gelatik [38 Lembar/10 Buku] / Buku Catatan Harian 1 Pack,Rp41.500,41500.0
buku-tulis,Notebook Dagadu Official Merch Museum Benteng Vredeburg,Rp50.000,50000.0
buku-tulis,Deli Buku Notebook Buku Tulis Tanpa Jilid Kawat A5/B6 24/32/48/64/80 Lembar Simple Mudah Dibawa 795X Kertas Paper,Rp6.100,6100.0
buku-tulis,GREEBEL STICKY NOTES GSN 4W1M 140 BENTUK /Memo Pad Note/DIY Planner/Kertas Bentuk Warna warni,Rp8.850,8850.0
buku-tulis,Bukuqu Notes Board Today Plan - Agenda harian - memopad harian - Notepad Daily Planner isi binder aesthetic Kertas  Putih,Rp29.500,29500.0
buku-tulis,TRG Deco Weekly Stickers DCSR-252 - Stiker Jadwal Tempel Lucu Untuk Journal Notebook Planner Scrapbook TRG,Rp8.696,8696.0
buku-tulis,Joyko Note Book Nb-663 R0919,Rp90.600,90600.0
buku-tulis,Sidu Campus Buku Tulis Boxy 42 / 50 5S,Rp39.900,39900.0
buku-tulis,Estudee Soft Spiral Notebook A5 Smart Ivory,Rp45.800,45800.0
buku-tulis,Gramedia Estudee K Kwarto 38 Unicorn Isi 6,Rp30.000,30000.0
buku-tulis,TWO NOTES AUDIO CAB M+ BMJ,Rp4.350.000,4350000.0
buku-tulis,Deli x CapyPets Notebook Buku Tulis B5 60 Lembar 70gsm BL210,Rp12.500,12500.0
buku-tulis,KIKY Buku Hard Cover Kwarto Glossy (Uk. 16 x 21 cm) 200 Lembar,Rp23.900,23900.0
buku-tulis,SAMPUL MIKA 45X500 TMBOOKSTORE TMBOOKSTORE,Rp17.500,17500.0
buku-tulis,Buku Tulis Catatan Jurnal Diary Pocket Notebook Joyko D-1115MM,Rp11.737,11737.0
buku-tulis,Ruled Notebook Diary Agenda Buku Catatan Bergaris Joyko NB-680 60 hal Yellow Green,Rp14.500,14500.0
buku-tulis,SAMPUL SAMSON BOXY LIPAT @20PCS,Rp13.000,13000.0
buku-tulis,KIKY Buku Hardcover Kwarto Glossy (Uk. 16 x 21 cm) Isi 100 Lembar,Rp12.700,12700.0
buku-tulis,[PACK] Buku Tulis Skola Big Boss Campus 50 Lembar 1 Pak Isi 10 Buku BigBoss By SIDU Sinar Dunia,Rp50.528,50528.0
buku-tulis,"Stiker Journal Angkasa untuk Notebook, Planner, Bullet Journal",Rp11.830,11830.0
buku-tulis,[PACK] Buku Tulis Skola 58 Lembar 1 Pak Isi 10 Buku By SIDU Sinar Dunia,Rp44.886,44886.0
buku-tulis,Buku Tulis Catatan Jurnal Diary Pocket Notebook Joyko D-1115MM,Rp11.737,11737.0
buku-tulis,Ramadan Journal For Mom {Pustaka Hulwah},Rp49.000,49000.0
buku-tulis,Bukuqu Notes Board Today Plan - Agenda harian - memopad harian - Notepad Daily Planner isi binder aesthetic Kertas  Putih,Rp29.500,29500.0
buku-tulis,Bantex Cardboard Divider Indexes / Pembatas Binder / Penyekat Ordner,Rp5.000,5000.0
buku-tulis,bukuqu Planner 2026 - A5 Never Give up - Agenda - Notebook - Monthly,Rp112.000,112000.0
buku-tulis,Sampul Plastik Mika 135 cm,Rp20.953,20953.0
buku-tulis,"Deli Larva Sticky Notes/ Memo Tempel 3"" x 3"" 60 Lembar 2 Warna Motif Lucu EA039",Rp13.000,13000.0
buku-tulis,Master Sampul Mika Gulung 34 x 500 cm - Sampul Buku Tulis - Buku Paket - Cover Book,Rp17.236,17236.0
buku-tulis,Deli Memo tempel - Sticky Notes 76×126mm 3''×5'' perekat yang kuat tahan lama EA02502 Kertas Paper,Rp10.900,10900.0
buku-tulis,[BARU] Buku Catatan Notebook B5 Aesthetic 60 Lembar Buku Tulis Sekolah Kuliah - HC,Rp23.312,23312.0
buku-tulis,Buku Nota Faktur Penjualan Paperline Rangkap 3 Ply Besar,Rp13.776,13776.0
buku-tulis,Buku Tulis Okey Folio [1 Buku/100 Lembar] / Buku Debur Catatan Harian,Rp27.900,27900.0
buku-tulis,InterX Folder Binder Note Glossy Buku Catatan Harian B5,Rp31.400,31400.0
buku-tulis,KIKY Buku Kwarto Kas 2 Kolom Soft Cover 80 Lembar,Rp8.900,8900.0
buku-tulis,KIKY Nota Kontan 1 Ply/ TC Kecil (Uk. 10.5 x 15.5 cm) - 1 Buku,Rp3.900,3900.0
buku-tulis,Mini Notes Book Memo buku kecil notes SJCAM,Rp10.000,10000.0
buku-tulis,Cetak Custom Nota Bon Faktur NCR Cetak 1 Warna | 1 Rim,Rp20.700,20700.0
buku-tulis,Paket Office Pro / Notebook / Pen / Paket Sekolah,Rp67.000,67000.0
buku-tulis,Nota Kontan 1 Ply Paperline [1 Buku] / Pembelian PCS Barang Belanjaan,Rp5.500,5500.0
buku-tulis,Stiker Deco Circle Stickers untuk Notebook by bukuqu,Rp7.000,7000.0
buku-tulis,Basic Notebook Custom #MOTIVASI - Custom Notebook - Planner - Journal,Rp59.500,59500.0
buku-tulis,AKUSA Hard Cover Book A5 80 Lembar Buku Catatan Aesthetic Journal Diary Book Kuliah Kantor Kertas Anti Tembus HCB009,Rp16.990,16990.0
buku-tulis,Sampul Buku Coklat/Bening Polos Ukuran Kwarto (Pak Isi 20 Lembar),Rp27.500,27500.0
buku-tulis,Notebook NB-742 joyko Ukuran B7 (1 pcs) Paper,Rp7.900,7900.0
buku-tulis,JOYKO Buku Tulis 1 Pack isi 10 Buku Bergaris Ruled Notebook NB-738 Ukuran B5,Rp60.900,60900.0
buku-tulis,AKUSA Spiral Notebook A5/B5 60 Lembar Buku Catatan Sekolah Kantor Motif Bergaris SB009,Rp9.990,9990.0
buku-tulis,NIIMBOT B1/B21/B21PRO/B31/B3S/B4/K3 Kertas Label Kabel dan Kawat Komunikasi Kabel Jaringan Label P-tipe Stiker,Rp98.000,98000.0
buku-tulis,Buku Not So Silly Journal,Rp119.200,119200.0
buku-tulis,Estudee Sampul Mika Emboss Seal B5 Isi 10 I,Rp17.000,17000.0
buku-tulis,Books&Bind Soft Spiral Notebook PP B5 Black,Rp51.200,51200.0
buku-tulis,Gramedia Estudee Buku Tulis K Kwarto 38 Space Isi 6,Rp30.000,30000.0
buku-tulis,ESTUDEE J B5 FANCY CUTE ISI 10,Rp86.000,86000.0
buku-tulis,Aimilo - Sticky Note 100 Lembar Kertas Memo Tempel Polos Warna Warni Catatan Tugas Kerja Sekolah,Rp4.650,4650.0
buku-tulis,Oxford Internatioal Classic Notebook Spiral squared paper- 1201,Rp89.000,89000.0
buku-tulis,Bantex Buku Catatan Kerja A5 Bergaris 100 Lembar Bahan Kulit PU BR1009 Stationery,Rp69.000,69000.0
buku-tulis,Bukuqu Planner 2026 Origin - Agenda Kulit - Journal Aesthetic banyak warna buku jurnal daily book catatan paper set notebook a5 Note Tali Memo Journaling kerja monthly leather,Rp103.500,103500.0
buku-tulis,Bantex Strongline Indexes A4 5 Pages #6235 00,Rp9.000,9000.0
buku-tulis,BUKU TULIS 38LBR/PACK KIKY,Rp56.000,56000.0
buku-tulis,Deli Leather Cover Notebook Gift Set / Buku Catatan / Agenda Sampul Kulit A5 120 Lembar Pulpen Gel Premium EN139L Hitam Kertas,Rp119.000,119000.0
buku-tulis,Kako Notebook Hc A5 Upset Duck Squishy,Rp186.966,186966.0
buku-tulis,TOMEX Buku Tulis Spiral Notebook Spiral Notes Motif Smile A5,Rp27.501,27501.0
buku-tulis,Buku Tulis Spiral / Spiral Notebook B5 Tomex Dress Up,Rp33.375,33375.0
buku-tulis,OKEY Buku Folio Ekspedisi Isi 100 Lembar,Rp11.500,11500.0
buku-tulis,[PACK] Buku Tulis Dodo 38 Lembar 1 Pak Isi 10 Buku By SIDU Sinar Dunia,Rp28.724,28724.0
buku-tulis,A50232-9 Agenda/Diary Notebook Cute Pink (pcs) Stationery,Rp6.405,6405.0
buku-tulis,SKIN1004 Signature Year Planner Sticker (GIFT ONLY NOT FOR SALE),Rp31.250,31250.0
buku-tulis,Buku Tulis Sekolah 1 Pack Yuvi [38 Lembar] / Write Book / Buku 1 Pak,Rp41.150,41150.0
buku-tulis,Notebook / Notebook Donut Languo,Rp19.000,19000.0
buku-tulis,"PAPERLINE Buku Nota Kontan Jual Beli 2 PLY & 3 PLY NCR, Besar - PCS",Rp10.000,10000.0
buku-tulis,"PAPERLINE Buku Nota Kontan Jual Beli 2 PLY & 3 PLY NCR, Kecil - PCS",Rp4.900,4900.0
buku-tulis,Buku Nota Kertas Kontan Kecil Rangkap 1 Ply Murah,Rp1.861,1861.0
buku-tulis,"PAPERLINE Buku Nota Kontan Jual Beli 2 PLY & 3 PLY NCR, Besar - PAK",Rp82.000,82000.0
buku-tulis,Estudee E Buku Tulis Kwarto 58 Ocean Isi 10,Rp67.000,67000.0
buku-tulis,Books&Bind Soft Spiral Notebook PP A5 Pink,Rp49.800,49800.0
buku-tulis,ESTUDEE J KWARTO 38 FANCY PATTERN ISI 10,Rp55.000,55000.0
buku-tulis,Bantex Buku Jurnal Kerja / Catatan Classic Bahan Kulit PU Ukuran A5 BR1010 Stationery,Rp39.000,39000.0
buku-tulis,Bantex Strongline Indexes A4 10 Pages (110 index) 6240 00,Rp17.000,17000.0
buku-tulis,Bantex Buku Tulis Sekolah isi 10 Pcs Catatan B5 Garis Jelas Kertas Halus Silky Isi 1 Pack (10 Pcs),Rp65.000,65000.0
buku-tulis,Bantex Vario Notebook A5 Refillable - 3284 Stationery,Rp19.000,19000.0
buku-tulis,bukuqu Sampul buku (Isi 10 lbr) #Daisy Korean Aesthetic cover,Rp45.000,45000.0
buku-tulis,Bukuqu Pocket Denim - Buku Saku Ukuran A6,Rp38.000,38000.0
buku-tulis,Deli Memo tempel - Sticky Notes 4 Warna x 100 Sheets] Perekat yang kuat EA02302 Kertas Paper,Rp10.900,10900.0
buku-tulis,"Buku Catatan Karakter Lucu A5 30 Lembar Lined - Kertas 100g - Paper, Stationery Notebook",Rp6.900,6900.0
buku-tulis,Stiker Journal Sansivera by bukuqu,Rp14.500,14500.0
buku-tulis,Bukuqu Notebook 365 Undated Planner A6 - Notebook kulit,Rp49.000,49000.0
buku-tulis,Note Book Buku Tulis Buku Catatan Buku Sekolah Daiichi Popular DPO,Rp40.000,40000.0
buku-tulis,TRG Slim File Binder Note BN-40-A5 - Buku Tulis Catatan Notebook Transparan TRG,Rp27.827,27827.0
buku-tulis,BigBoss Campus Buku Tulis 50 Lembar,Rp62.715,62715.0
buku-tulis,Paperline Notepad PF A4 40001841 Buku Notes Writing Pad 50 Lembar untuk Stationery,Rp13.000,13000.0
buku-tulis,Deli x Spongebob Buku Catatan / Spiral Notebook A7 100 halaman ELA7100,Rp10.900,10900.0
buku-tulis,[READY] WJ_065111 Buku Diary Aesthetic Buku Notebook koil A5 Buku Catatan Buku Jurnal Perlengkapan Kantor,Rp14.270,14270.0
buku-tulis,Buku Tulis Sekolah Okey By Kiky [38 Lembar/10 Buku/1 Pack] / Buku Karakter,Rp49.500,49500.0
buku-tulis,KIKY Buku Hard Cover Kwarto Glossy (Uk. 16 x 21 cm) 300 Lembar,Rp36.000,36000.0
buku-tulis,Aksesoren Buku Tulis Elite Campus 50 Lembar [1 Pak / 10 Buku] / Write Book B5 / Buku Menulis SD SMP SMA Kertas Putih,Rp74.900,74900.0
buku-tulis,GREEBEL Ring Book / Buku Tulis / Agenda / Buku Catatan Spiral Note Book / Ring Book 8080 B5C 11,Rp41.950,41950.0
buku-tulis,Buku Tulis Sekolah Campus Vision 42 Lembar [1 Pack/6 Buku] / Buku Tulis Boxy Vition notebooks / Buku Kampus 1 Pak / Perengkapan Sekolah / Buku Catatan Pelajaran Kertas Kantor,Rp53.900,53900.0
buku-tulis,[READY] CXB-04 Buku Tulis B5 isi 4 Warna Pastel Mix Buku Catatan Buku Agenda Buku Harian,Rp8.842,8842.0
buku-tulis,Notebook Diary Agenda Buku Catatan Joyko NB-725 Summer,Rp29.900,29900.0
buku-tulis,GREEBEL Sticky Notes Kertas Catatan 100 Lembar (1W1M 127 77) Note Memo Alat Tulis Kantor,Rp9.550,9550.0
buku-tulis,Buku Tulis Sekolah Bigboss 36 Lembar / Buku Campus Bigboss 36 1 Buku,Rp6.900,6900.0
buku-tulis,SiDU Buku Tulis Marvel 38 Lembar - 10 buku,Rp38.850,38850.0
buku-tulis,Gramedi Buku Agenda TH A5 Type Deluxe Cream,Rp74.000,74000.0
buku-tulis,Books&Bind Soft Spiral Notebook PP A5 Black,Rp49.800,49800.0
buku-tulis,Buku Tulis Kwarto Paperline 200 Lembar - Quarto Kuarto Hardcover Hard Cover Writing Book Murah,Rp23.178,23178.0
buku-tulis,[KHUSUS BONUS] NOTEBOOK SPIRAL RANDOM,Rp19.998,19998.0
buku-tulis,Bantex Multiring Binder Fancy B5 Size #1328,Rp59.000,59000.0
buku-tulis,Paperline Nota Kontan 2ply K2 NCR - PPL NK K2 NCR,Rp59.000,59000.0
buku-tulis,Bantex Buku Tulis Spiral A5 70 gsm Bergaris - Campus Kotak Modern Buku Catatan Pelajar SPA560-005,Rp39.000,39000.0
buku-tulis,Bantex B5 Multiring Binder - Batik Series (1 Pcs) #1336,Rp69.000,69000.0
buku-tulis,"NIIMBOT B1/B21/B21PRO/B31/B3S/B4/K3 Indeks Kertas Label Indeks Label Sticker Bookmark Film Bercahaya, Tahan Air, untuk Dekorasi.",Rp98.000,98000.0
buku-tulis,Monthly Journal Softcover by bukuqu Hitam Kraft,Rp19.600,19600.0
buku-tulis,bukuqu Sketchbook A5 200 gsm Hardcover - Portrait - Notebook gambar/ Lukis/ Cat Air tebal Kertas Putih,Rp64.000,64000.0
buku-tulis,Buku Tulis Kotak KECIL Mandarin chinese writing small book ATK1578BO,Rp6.880,6880.0
buku-tulis,Deli Leather Cover Notebook Buku Catatan Agenda Sampul Kulit A5 Kertas Paper,Rp61.900,61900.0
buku-tulis,SIDU Buku Tulis Matematika 38Lembar - Pack,Rp42.000,42000.0
buku-tulis,Ring Cover Index Note 203 Notebook Buku catatan spiral binder notebook DIY sekolah kuliah isi ulang ukuran B5 Topla Aesthetic Warna Pastel Biru Ungu Krem Hijau Stationery Paper,Rp35.999,35999.0
buku-tulis,Binder Note Pastel Color Joyko B5 MHPT-143 - Buku Tulis Catatan Notebook Ring Loose Leaf,Rp27.198,27198.0
buku-tulis,Buku Tulis Folio Paperline 50 Lembar - Hardcover Hard Cover Writing Book F4,Rp15.674,15674.0
buku-tulis,GREEBEL Note Book / Buku Tulis / Agenda / Buku Catatan Spiral Note Book / Note Book 8080 A5C 42 / 80 Halaman,Rp32.050,32050.0
buku-tulis,GREEBEL Buku Tulis 38 58 Lembar (10PCS/PACK) Ukuran A5 Buku Tulis Sekolah / School Book,Rp69.650,69650.0
buku-tulis,PAPERLINE Buku Nota Surat Jalan 3 PLY/ 3 Rangkap - PCS,Rp14.500,14500.0
buku-tulis,Stiker Deco FB - Emoji Stickers untuk Notebook by bukuqu,Rp7.000,7000.0
buku-tulis,Memo Stick Kertas Memo Tempel Sticky Note Joyko MMS-1 ~15 5 Warna,Rp20.100,20100.0
buku-tulis,Buku Nota Kontan Paperline Lapisan 1 2 3 Ply Macam Ukuran dan Kwitansi Excelindo / PB EDUKASI ANAK - PBNB,Rp5.200,5200.0
buku-tulis,Buku Oktavo A6 Paperline 100 Lembar - Buku Hardcover Kecil Murah,Rp7.438,7438.0
buku-tulis,Master Sampul Buku Mika Folio - Plastik Cover Book,Rp28.653,28653.0
buku-tulis,BIGBOSS Buku Tulis 42 Lembar - (1 pak = 6 buku) - Pack,Rp37.500,37500.0
buku-tulis,Buku Tulis Sidu38 untuk Catatan Anda Stationery Merah Note,Rp33.995,33995.0
buku-tulis,USEA Buku Catatan Jurnal Harian Notebook Bisnis Kulit Size A5 - 80 atau 100 Lembar,Rp28.420,28420.0
buku-tulis,"Deli Buku notebook Cover kulit, didesain dengan selipan pulpen dan tali penutup 7902 Paper Stationery",Rp20.000,20000.0
buku-tulis,Deli Transparent Sticky Notes / Memo Tempel Transparan 76mm 50 lembar Anti Air EA04X Paper Stationery,Rp11.900,11900.0
buku-tulis,Buku Tulis Catatan Bergaris Ruled Notebook Joyko NB-741 A5,Rp4.400,4400.0
buku-tulis,Buku Tulis Catatan Bergaris Ruled Notebook Joyko NB-708 A5,Rp6.600,6600.0
buku-tulis,My Book Distinction Buku Hard Cover Quarto / Kuarto Batik Warna Warni Kwarto - 100 Lembar,Rp15.200,15200.0
buku-tulis,Skylumba Note Book Mini Notebook Kecil Buku Tulis Catatan NB01,Rp19.990,19990.0
buku-tulis,"[XTRA LIVE] Deli Buku Gambar B5 Vertikal Jilid Spiral, 40 Halaman, Dapat Dibalik 360 Derajat 73628 paper stationery Kertas Kantor",Rp19.000,19000.0
buku-tulis,MINISO Harry Potter Travel Scrapbook (Ravenclaw) | Buku Harry Potter,Rp89.900,89900.0
buku-tulis,Bantex Buku Jurnal A6 Bergaris / Catatan Agenda Bahan PU Leather Warna Pastel BR1007 Stationery,Rp29.000,29000.0
buku-tulis,Bantex Dividers Indexes for Multiring Binder/ Pembatas/ Sekat Binder,Rp9.000,9000.0
buku-tulis,BigBoss Buku Tulis 42 Lembar,Rp31.635,31635.0
buku-tulis,Bukuqu Classic Notebook Pastel Edition - Bullet Journal - Planner - Buku Agenda Journaling Stationery,Rp69.500,69500.0
buku-tulis,Buku Tulis Kotak Mandarin Kotak Sedang (11x14 kotak),Rp6.880,6880.0
buku-tulis,"Hightune Buku Notebook Tulis A5/B5 dengan Garis Horizontal/Grid/Kosong - Kayu, Kertas Paper Silver Stationery wedding planner",Rp22.000,22000.0
buku-tulis,Deli Writing Book / Notebook / Buku Tulis Sekolah A5/B5 38/42 Lembar CNA538 CNB542,Rp4.200,4200.0
buku-tulis,bukuqu Sampul buku (Isi 10 lbr) #Daisy Korean Aesthetic cover,Rp45.000,45000.0
buku-tulis,Bukuqu Pocket Denim - Buku Saku Ukuran A6,Rp38.000,38000.0
buku-tulis,Deli Memo tempel - Sticky Notes 4 Warna x 100 Sheets] Perekat yang kuat EA02302 Kertas Paper,Rp10.900,10900.0
buku-tulis,"Buku Catatan Karakter Lucu A5 30 Lembar Lined - Kertas 100g - Paper, Stationery Notebook",Rp6.900,6900.0
buku-tulis,Stiker Journal Sansivera by bukuqu,Rp14.500,14500.0
buku-tulis,My Book Binder Notebook A5 Disney Princess Cover 3D Untuk Catatan Sekolah / Kuliah,Rp18.000,18000.0
buku-tulis,bukuqu Sketchbook Classic (13x21 cm) setara A5 #Color Navy/ Merah/ Putih - Kertas Putih Notebook Fountain,Rp55.000,55000.0
buku-tulis,Binder Note Pastel Color Joyko A5 B5 BN-105 - Buku Tulis Catatan Notebook Ring Loose Leaf,Rp36.113,36113.0
buku-tulis,Deli Buku Catatan Spiral / Spiral Notebook A5 80 Lembar Lucu EN052 Kertas Paper Stationery,Rp18.900,18900.0
buku-tulis,Cover Notebook Buku catatan spiral binder notebook DIY sekolah kuliah isi ulang ukuran B5 Topla [HANYA COVER],Rp7.900,7900.0
buku-tulis,Deli Writing Book / Notebook / Buku Tulis Sekolah A5/B5 38/42 Lembar CNA538 CNB542,Rp4.200,4200.0
buku-tulis,KNI - Buku Nota Kontan Rangkap 3 Besar - Pcs,Rp9.900,9900.0
buku-tulis,Index Mark Penanda Pembatas Joyko IM-78 Plastik,Rp7.200,7200.0
buku-tulis,KURAMAS Buku OKTAVO - Pcs,Rp8.500,8500.0
buku-tulis,bukuqu Sketchbook A6 200 gsm Hardcover - Portrait/Notebook gambar/ Lukis/ Cat Air Buku Sketsa Pocket Kertas Putih,Rp25.925,25925.0
buku-tulis,bukuqu Sketchbook A5 150 gsm Portrait - Hardcover - Notebook gambar/ Lukis/ Cat Air tebal Kertas Putih,Rp55.000,55000.0
buku-tulis,bukuqu Planner 2026 Classic Soft leather Black Edition - Uk 13x21 - Weekly Planner Setara A5 daily journals book man notebook set,Rp69.000,69000.0
buku-tulis,[READY] Aimilo Notebook Mini A7 4in1 Set Buku Diary Aesthetic Buku Kecil Scrapbook 50 Lembar Paper Stationery,Rp13.500,13500.0
buku-tulis,[READY] Aimilo Notebook A5/B5 Buku Diary Aesthetic Sketch Book Koil 8 LubangYang Ditingkatkan Buku Tulis Stationery,Rp12.900,12900.0
buku-tulis,Sticker Sheet Custom | Sticker Deco Planner Custom,Rp22.000,22000.0
buku-tulis,Nota K-1 (Rangkap 1) Paperline Merah,Rp2.905,2905.0
buku-tulis,Buku Bastar Ria 100 Merah Note Paper Stationery,Rp15.950,15950.0
buku-tulis,KNI BUKU CATATAN/NOTEPAD BLOCK NOTE NO 5 KECIL [ PCS ],Rp4.050,4050.0
buku-tulis,Buku Tulis Catatan Jurnal Diary Joyko D-1115MM,Rp7.400,7400.0
buku-tulis,Business Notebook - Buku Catatan Bisnis / Buku Tulis / Memo,Rp29.000,29000.0
buku-tulis,AKUSA Buku Notebook Aesthetic A5/B5 Soft Cover 56 Lembar Buku Catatan Bergaris Motif Lucu Tahan Air SCB005,Rp13.990,13990.0
buku-tulis,BigBoss Campus Buku Tulis 36 Lembar,Rp47.064,47064.0
buku-tulis,Softcover Journal/ Planner/ Bullet Journal/ Bujo/ Notebook Jahit,Rp18.450,18450.0
buku-tulis,Note Book Buku Tulis Catatan Diary Agenda Let's do it 1914 A5,Rp204.490,204490.0
buku-tulis,Bantex Index (1-10) 26 Holes For Multiring Binder B5 8608 00,Rp15.000,15000.0
buku-tulis,bukuqu Planner 2026 Leather - Enjoy The Little Things - Agenda Planner - Weekly Buku Journal,Rp115.000,115000.0
buku-tulis,Bantex Memo Tempel / Sticky Notes Pola Estetik Lucu Daya Rekat Kuat Warna Soft 160 Sheets BH9303,Rp15.000,15000.0
buku-tulis,JOYKO Penanda / Index & Memo IM-63 -Set,Rp10.200,10200.0
buku-tulis,Buku Tulis Isi 38 Lembar Merek Dodo Ukuran Kwarto - 1 Pak 10 Buku,Rp40.000,40000.0
buku-tulis,Deli Sakura buku tulis A5 40 halaman dengan 4 pola FA560,Rp8.900,8900.0
buku-tulis,Notebook Diary Agenda Buku Catatan Joyko NB-732 60 Lembar,Rp25.800,25800.0
buku-tulis,Buku Campus Kiky - Buku Tulis Diktat Kuliah - Buku Kampus Kiky,Rp9.374,9374.0
buku-tulis,Buku Tulis Catatan Notebook Joyko Soft Cover,Rp6.900,6900.0
buku-tulis,SiDU Campus Buku Tulis 36 Lembar - 5 buku,Rp22.089,22089.0
buku-tulis,"Deli Sketchbook/Buku Gambar B5 Vertikal Jilid Spiral, 40 Halaman, Dapat Dibalik 360 Derajat 73628 paper stationery Kertas Kantor",Rp19.000,19000.0
buku-tulis,bukuqu Sketchbook A5 150 gsm Landscape Hardcover Notebook gambar/ Lukis/ Cat Air tebal Kertas Putih,Rp58.800,58800.0
buku-tulis,Binder Note Pastel Color Joyko A5 B5 BN-102 - Buku Tulis Catatan Notebook Ring Loose Leaf,Rp32.384,32384.0
buku-tulis,Memo Stick Memo Tempel Sticky Note Kertas Joyko MMS-36 Hat Man,Rp5.200,5200.0
buku-tulis,Binder Note Transparan Joyko A5 TP-P519 - Buku Tulis Catatan Notebook Ring Loose Leaf Clear Cover,Rp29.676,29676.0
buku-tulis,Joyko Memo Stick Animal Sticky Note Kertas Memo Tempel Motif Binatang,Rp6.800,6800.0
buku-tulis,Memo Stick Kertas Memo Tempel Sticky Note Joyko MMS-11,Rp7.700,7700.0
buku-tulis,Buku Tulis Big Boss Alfa CAMPUS 36 lembar 1 Pack ( Isi 10 ) Kertas Bagus Tebal Ukuran 18x25cm Cover Variasi Random / PB EDUKASI ANAK - PBNB,Rp72.300,72300.0
buku-tulis,Bukuqu Notebook Softcover B6 #pastel - Notebook kulit premium - cream paper,Rp69.000,69000.0
buku-tulis,Buku Oktavo Ria 100 Stationery Paper Note,Rp5.950,5950.0
buku-tulis,Deli Leather Cover Notebook / Buku Catatan Sampul Kulit A5 180 Lembar Desain Elegan 22298 Kertas Paper,Rp47.900,47900.0
buku-tulis,AKUSA Notebook Mini Leather A7/100 Lembar Buku Catatan Saku Kecil Dengan Tali Buku Diary Kecil Agenda Mini LCB002,Rp12.990,12990.0
buku-tulis,AKUSA Binder Note A5/B5 Buku Catatan Buku Tulis Motif Aesthetic Binder Note Book Dengan Ring Spiral Kuat Dapat Dibuka BN014,Rp12.990,12990.0
buku-tulis,Master Sampul Buku Coklat Kopi Kwarto Motif Gambar Lipat Campur isi 20 lembar - Cover Book Tulis Kecil,Rp12.316,12316.0
buku-tulis,Deli Leather Cover Notebook Gift Set Hadiah Buku Catatan A5 EN139L Hitam Kertas Paper Stationery,Rp119.000,119000.0
buku-tulis,Buku Tulis Folio Paperline 100 Lembar - Hardcover Hard Cover Writing Book F4,Rp21.049,21049.0
buku-tulis,MOVIO Business Notebook - Buku Catatan Bisnis / Buku Tulis / Memo,Rp59.000,59000.0
buku-tulis,Deli Writing Book / Notebook / Buku Tulis Sekolah A5/B5 38/42 Lembar CNA538 CNB542,Rp3.960,3960.0
buku-tulis,Buku Tulis Catatan Jurnal Diary Joyko D-1115SC,Rp7.400,7400.0
buku-tulis,Note Book Joyko NB-666 (PCS) Notebook Paper Stationery Merah,Rp7.495,7495.0
buku-tulis,Memo Stick Kertas Memo Tempel Sticky Note Joyko MMS-2,Rp9.600,9600.0
buku-tulis,Buku Tulis Catatan Bergaris Ruled Notebook Joyko NB-713 Lively Book,Rp59.500,59500.0
buku-tulis,Bantex Multiring Binder 20 Ring 25mm A5 Peach 1324 45,Rp45.000,45000.0
buku-tulis,"TOPLA Buku Catatan Topla Binder Note 909 B5 - Warna Pastel, Cocok untuk Sekolah & Kuliah Plastik Paper Stationery Biru Pink Kuning Hijau Ungu",Rp55.999,55999.0
buku-tulis,My Book Distinction Buku Tulis Cute 42 Lembar - 5 Buku Sekolah,Rp26.500,26500.0
buku-tulis,Deli Index Tab / Penanda / Pembatas Halaman Kertas Plastik 2153X Paper Stationery,Rp16.000,16000.0
buku-tulis,[Deli x Sinarbusanaa] (5 & 10 PCS) Deli Writing Book / Notebook / Buku Tulis Sekolah B5 42 Lembar Paket Buku CNB542 GRATIS Pensil 4pcs Special ramadan THRan,Rp45.000,45000.0
buku-tulis,[PACK] Buku Tulis Big Boss 42 Lembar 1 Pak Isi 6 Buku BigBoss,Rp35.526,35526.0
buku-tulis,Buku Tulis Spiral / Spiral Notebook A5 Tomex Sign Language TX 810093,Rp27.501,27501.0
buku-tulis,Ruled Notebook Diary Agenda Buku Catatan Bergaris Joyko NB-680 60 hal Yellow Green,Rp14.500,14500.0
buku-tulis,KIKY Buku Hardcover Kwarto Glossy (Uk. 16 x 21 cm) Isi 100 Lembar,Rp12.700,12700.0
buku-tulis,KNI Buku Nota Kontan Rangkap 3 Kecil [ ECER ],Rp5.800,5800.0
buku-tulis,Deli Index Tab / Penanda / Pembatas Halaman Kertas Plastik 2153X Paper Stationery,Rp16.000,16000.0
buku-tulis,Deli Sketch Book / Buku Gambar Sketsa 40 lembar A4 EC402,Rp39.900,39900.0
buku-tulis,Sampul Buku Samson Boxy Polos,Rp17.213,17213.0
buku-tulis,"TOPLA Buku Catatan Topla Binder Note 909 B5 - Warna Pastel, Cocok untuk Sekolah & Kuliah Plastik Paper Stationery Biru Pink Kuning Hijau Ungu",Rp55.999,55999.0
buku-tulis,My Book Distinction Buku Tulis Cute 42 Lembar - 5 Buku Sekolah,Rp26.500,26500.0
buku-tulis,Bantex Notebook Hello Kitty A5 80 Lembar Hitam 8020A10HK Buku Catatan dengan Cover Solid & Kertas Istimewa Desain Lucu Hello Kitty,Rp19.000,19000.0
buku-tulis,[COD] SK A40 Buku Tulis Memo Kecil Mini Motif Karakter Kartun Mini Book Multifungsi,Rp1.740,1740.0
buku-tulis,Memo Stick Kertas Memo Tempel Sticky Note Joyko MMS-0654C,Rp7.600,7600.0
buku-tulis,SIDU - Buku Tulis Varian 10-38 Lembar - PACK,Rp33.750,33750.0
buku-tulis,Notebook Custom - Desain dari Kamu - Planner - Agenda,Rp49.680,49680.0
buku-tulis,Binder Note Cover Transparan Buku Tulis Joyko,Rp35.300,35300.0
buku-tulis,Bukuqu Basic Notebook #Floral - Custom Notebook - Planner - Journal,Rp59.500,59500.0
buku-tulis,Basic Notebook Custom #MEGUMI - Custom Notebook - Planner - Journal,Rp59.500,59500.0
buku-tulis,bukuqu Sketsa #Simple A5 - Sketchbook Hardcover - Notebook gambar - Buku Lukis - 150 gsm/200 gsm/230 gsm,Rp44.998,44998.0
buku-tulis,[READY] Aimilo Notebook Aesthetic Isi 10PCS Buku Diary A5 Aesthetic 40 Lembar Buku Catatan Buku Tulis Sekolah,Rp42.500,42500.0
buku-tulis,Master Sampul Buku Mika Boxy Polos - Sampul Buku Tulis Besar - Cover Book,Rp19.845,19845.0
buku-tulis,Buku Tulis Catatan A5 Ruled TRG - Marble Pastel Cover Spiral Notebook,Rp17.850,17850.0
buku-tulis,Topla Binder Note 901 Buku Catatan / Planner Ukuran A5 20 Ring Besi untuk Sekolah Kuliah dan Kerja Biru Hijau Kuning Merah Stationery,Rp45.999,45999.0
buku-tulis,Sampul Mika Boxy Davis (berkualitas) Merah,Rp9.500,9500.0
buku-tulis,CETAK NOTA / KUITANSI / FAKTUR,Rp23.300,23300.0
buku-tulis,Stiker Journal City by bukuqu,Rp11.830,11830.0
buku-tulis,Buku Tabungan Anak Sekolah - Kids Student Saving Book,Rp1.084,1084.0
buku-tulis,Buku Tulis Catatan Bergaris Ruled Notebook Joyko NB-712 A5,Rp6.600,6600.0
buku-tulis,Master Sampul Buku Mika Kwarto Polos Plastik Book Cover isi 12 lembar,Rp15.975,15975.0
buku-tulis,NIIMBOT B1/B21/B21PRO/B31/B3S/B4/K3 Kertas Stiker Label Termal Putih Lebar Pakaian Harga Komoditas Makanan,Rp87.000,87000.0
buku-tulis,Joyko Notebook Diary Agenda Buku Catatan NB-700,Rp18.500,18500.0
buku-tulis,Deli Sketch Book / Buku Gambar Sketsa Size B5 Vertikal EN011 Kertas Papan,Rp34.000,34000.0
buku-tulis,SiDU Buku Tulis 58 Lembar - 10 Buku SDU EB 58,Rp89.000,89000.0
buku-tulis,Bantex Flexi Notes / Sticky Notes / Kertas Memo - 8871,Rp3.200,3200.0
buku-tulis,Bantex Buku Tulis Sekolah isi 10 Pcs A5/B5 Cover Marble Kertas Halus Silky Desain Modern 1 Pack (10 Pcs),Rp65.000,65000.0
buku-tulis,SiDU Buku Tulis Kraft Cover Coklat 40 Lembar - SDU EB 40 Kraft,Rp59.000,59000.0
buku-tulis,Bantex Cardboard Divider & Indexes A4 (5 pages) 6045 00,Rp5.000,5000.0
buku-tulis,My Book Yuvi Buku Tulis Cute 58 Lembar - 10 Buku Sekolah,Rp47.000,47000.0
buku-tulis,bukuqu Sketchbook #Simple A6- Sketsa gambar- Sketch book lukis Kertas Putih-Drawing Book,Rp35.600,35600.0
buku-tulis,[READY] Aimilo Sampul Buku Stiker Pvc Film Pelindung Buku Tekstil 10 Lembar Buram Tahan Air Dengan Perekat Untuk Alat Tulis Sekolah Dasar SD Paper,Rp13.990,13990.0
buku-tulis,SiDU Buku Tulis 58 Lembar,Rp57.831,57831.0
buku-tulis,Notebook NB-665 (PCS) Paper Stationery Merah,Rp7.495,7495.0
buku-tulis,BIG Sticky Notes Lidi Warna Neon/ Label Index/ Index Mark/ Tab Penanda/ Pembatas Penanda PET Material,Rp19.100,19100.0
buku-tulis,SiDU Buku Tulis 38 Lembar SDU EB 38,Rp39.000,39000.0
buku-tulis,bukuqu Planner 2026 Kulit - Never Give up - Agenda - Notebook - Weekly leather - pastel color,Rp98.000,98000.0
buku-tulis,bukuqu Sketchbook A5 200 gsm Hardcover Notebook gambar/ Lukis/ Cat Air tebal White Paper,Rp64.000,64000.0
buku-tulis,Notebook Death Note Binding/Notebook A5/Planner Dotted/Grid/Ruled,Rp41.400,41400.0
buku-tulis,bukuqu To do list Uk A6 - buku perencana harian - buku list - Diary kecil,Rp36.340,36340.0
buku-tulis,Master Sampul Buku Mika Boxy Sealing - Plastik Book Cover,Rp23.714,23714.0
buku-tulis,Binder Note Campuss Joyko A5 - Buku Tulis Catatan Notebook Ring Loose Leaf,Rp22.414,22414.0
buku-tulis,BUKU TULIS SEKOLAH CUSTOM,Rp15.000,15000.0
buku-tulis,Notebook #FLOWERY / Custom Notebook/ Planner Dotted/ Grid/ Journal,Rp49.680,49680.0
buku-tulis,Notebook #Tropical Quote/ Custom/ Planner Dotted/ Grid/ Journal,Rp49.680,49680.0
buku-tulis,Bukuqu Sketchbook A5 230 gsm Landscape/Watercolor Sketsa Hardcover-Notebook gambar/ Lukis/ Cat Air Kertas,Rp198.000,198000.0
buku-tulis,Paket 3 Bulan - Kartu Catatan Pengeluaran Mingguan ( Part Of Dompet Keluarga) Evaluasi Budgeting Mingguan Paper Stationery,Rp18.000,18000.0
buku-tulis,Master Sampul Buku Emboss Boxy Sealing (isi 12 lembar),Rp23.938,23938.0
buku-tulis,Memo Stick Sticky Note Kertas Memo Memo Tempel Joyko MMS-38 Macaron,Rp20.800,20800.0
buku-tulis,Estudee Sampul Pp Seal Kwarto Isi 10 I,Rp11.000,11000.0
buku-tulis,Basic Notebook Custom #Tropic - Custom Notebook - Planner,Rp59.500,59500.0
buku-tulis,Bantex Buku Catatan Agenda Tali Kertas Bergaris Grid Bahan PU Leather Ukuran A5 BR1002 Stationery,Rp49.000,49000.0
buku-tulis,bukuqu Weekly Planner 2026 - New Year - Agenda - Notebook - Bullet Journal - Weekly - Monthly,Rp101.999,101999.0
buku-tulis,bukuqu Planner 2026 - New Year Color Edition - Agenda Planner - Weekly Buku Journal,Rp109.999,109999.0
buku-tulis,JOYKO Buku Tulis 1 Pack isi 10 Buku Bergaris Ruled Notebook NB-737,Rp42.500,42500.0
buku-tulis,CETAK NOTA / KUITANSI / FAKTUR A4,Rp25.890,25890.0
buku-tulis,[Deli x Sinarbusanaa] (5 & 10 PCS) Deli Writing Book / Notebook / Buku Tulis Sekolah B5 42 Lembar Paket Buku CNB542 GRATIS Pensil 4pcs Special ramadan THRan,Rp45.000,45000.0
buku-tulis,[PACK] Buku Tulis Big Boss 42 Lembar 1 Pak Isi 6 Buku BigBoss,Rp35.526,35526.0
buku-tulis,Buku Tulis Spiral / Spiral Notebook A5 Tomex Sign Language TX 810093,Rp27.501,27501.0
buku-tulis,Ruled Notebook Diary Agenda Buku Catatan Bergaris Joyko NB-680 60 hal Yellow Green,Rp14.500,14500.0
buku-tulis,KIKY Buku Hardcover Kwarto Glossy (Uk. 16 x 21 cm) Isi 100 Lembar,Rp12.700,12700.0
buku-tulis,Kwitansi Sidu Kecil untuk warna random(berkualitas) Merah,Rp2.905,2905.0
buku-tulis,Ruled Notebook Diary Agenda Buku Catatan Bergaris Joyko NB-665 60 hal,Rp8.900,8900.0
buku-tulis,Buku Tulis Catatan Notebook Joyko NB-722 Fundamental 1 Set 2 Pcs,Rp14.500,14500.0
buku-tulis,Notebook Buku Tulis Catatan Diary Agenda Joyko Hard Cover,Rp52.500,52500.0
buku-tulis,bukuqu Sketchbook A6 Portrait - Notebook Sketsa pocket - Buku Sketch book saku Stationery Kertas Putih - kertas gambar- 150/200/230,Rp45.700,45700.0
buku-tulis,CETAK NOTA / KUITANSI / FAKTUR A4,Rp25.890,25890.0
buku-tulis,SiDU Buku Tulis 38 Lembar,Rp38.850,38850.0
buku-tulis,Deli Buku Catatan Sampul Kulit / Leather Cover Notebook 96 sheets BP119,Rp23.100,23100.0
buku-tulis,Deli Canvas Cover Notebook Buku Catatan Agenda Sampul Kain EN118L Kertas Paper,Rp57.900,57900.0
buku-tulis,KNI Block Note Spiral A5 / Buku Seminar,Rp6.900,6900.0
buku-tulis,Ruled Notebook Diary Agenda Buku Catatan Bergaris Joyko NB-661 60 hal,Rp14.300,14300.0
buku-tulis,Buku Tulis Catatan Bergaris Ruled Notebook Joyko NB-718 A5,Rp6.600,6600.0
buku-tulis,AKUSA Binder Note A5/B5 Buku Catatan Buku Tulis Study Journal Spiral Dapat Dibuka Animal Series BN015,Rp12.990,12990.0
buku-tulis,AKUSA Binder Book A5/B5 60 Lembar Buku Catatan Kuliah Kantor Motif Elegan Dengan Ring Spiral Dapat Dibuka BN018,Rp12.990,12990.0
buku-tulis,[1 Pak Isi 10 Buku] BIG BOSS Buku Tulis Sekolah Campus 36 Lembar & 50 Lembar Klasik Kotak - Kotak Merah,Rp42.750,42750.0
buku-tulis,Sampul Cokelat Polos Kuarto / Boxy - PAK,Rp7.500,7500.0
buku-tulis,Memo Stick Sticky Note Kertas Memo Tempel Joyko MMS-31 Super Neon,Rp6.300,6300.0
buku-tulis,AKUSA Hard Cover Book A5 114 Lembar Motif Italian Style Eropa Vintage Buku Catatan Harian HCB017,Rp35.990,35990.0
buku-tulis,Bantex Catatan Notebook / Buku Jurnal Agenda Tali Kertas Dotted Bahan PU Leather Ukuran A5 BR1003 Stationery,Rp49.000,49000.0
buku-tulis,Bukuqu Planner BW B6 2026 - Journal kulit 2025 - Agenda Hitam Putih - Buku Catatan,Rp59.998,59998.0
buku-tulis,Master Sampul Buku Mika LKS - Plastik Book Cover Isi 10 Lembar,Rp26.574,26574.0
buku-tulis,SiDU Buku Tulis 58 Lembar,Rp57.831,57831.0
buku-tulis,USEA Buku Binder Catatan Jurnal Harian Sketchbook Notebook Ukuran A5 - 80 halaman,Rp28.500,28500.0
buku-tulis,Master Sampul Buku Mika Hologram 34x50cm - Plastik Book Cover,Rp34.041,34041.0
buku-tulis,[READY] 4PCS Aimilo Notebook A5 Buku Diary Aesthetic Buku Jurnal Buku Catatan Buku Note Stiker Buku Tulis Aesthetic Sekolah Stationary Kertas Binder Paper,Rp23.800,23800.0
buku-tulis,Deli x ShinChan Writing Book / Notebook / Buku Tulis Sekolah A5/B5 40 Lembar LB20X,Rp6.000,6000.0
buku-tulis,AKUSA Binder Note A5/B5 Motif Vintage Buku Catatan Harian Pelajar Kantor Dengan Ring Spiral Dapat DiBuka BN012,Rp12.990,12990.0
buku-tulis,AKUSA Hardcover Notebook Aesthetic 100 Lembar Square Note Book Buku Catatan Mini HCB008,Rp16.990,16990.0
buku-tulis,Sampul Samson Gambar Kuarto (2 0 lbr) Stationery,Rp6.250,6250.0
buku-tulis,[PROMO] GREEBEL Buku Tulis A5 34 Halaman (5PCS/PACK) / Buku Tulis Kwarto,Rp19.150,19150.0
buku-tulis,Bantex Notebook Hello Kitty A6 80 Sheets 8022A Cover Solid 80 Halaman Untuk Kerja Kuliah Dan Sekolah,Rp14.000,14000.0
buku-tulis,Buku Tulis Catatan Bergaris Ruled Notebook Joyko NB-733,Rp4.200,4200.0
buku-tulis,Bukuqu Notebook Spiral A5 - SM014 Weekly Planner,Rp43.660,43660.0
buku-tulis,VOOVA Buku Tulis/ Buku Catatan/ Buku Harian/ Buku Aesthetic/ Notebook Sarung Kulit A5 Buku Agenda Catatan Kerja Meeting Planner NoteBook Notepad Diary Binder Cover Kulit,Rp65.800,65800.0
buku-tulis,Deli Leather Cover Notebook / Buku Catatan Cover Kulit A5 96 Lembar Warna Pastel 22295 Kertas Paper,Rp50.900,50900.0
buku-tulis,Master Sampul Plastik Mika 68 x 200 cm - Book Cover,Rp20.849,20849.0
buku-tulis,Note Book Joyko NB-680 ( PCS) Stationery,Rp11.105,11105.0
buku-tulis,TRG Brown Kraft Cover Spiral Notebook A5 NB-80 - Buku Tulis Catatan A5 Bookpaper Motif Ruled Dotted Grid Plain TRG,Rp17.396,17396.0
buku-tulis,Notebook Diary Agenda Buku Catatan Joyko NB-739 Ultra Smooth Paper A5,Rp26.600,26600.0
buku-tulis,Ruled Notebook Diary Agenda Buku Catatan Bergaris Joyko NB-664 60 hal,Rp22.100,22100.0
buku-tulis,Cetak Kartu Nama Kilat Full Colour - 1 & 2 Sisi,Rp25.000,25000.0
buku-tulis,Buku Kwitansi Kuitansi Besar Paperline SIDU Isi 50 Lembar,Rp6.528,6528.0
buku-tulis,KNI Buku Nota Catatan Kas Bon - Per Buku,Rp5.400,5400.0
buku-tulis,Notebook Custom #Girl - Custom Notebook - Planner,Rp49.680,49680.0
buku-tulis,Deli Leather Cover Notebook Buku Catatan Agenda Pocket Kulit A5 Kertas Paper Stationery,Rp70.900,70900.0
buku-tulis,Buku Tulis Cute Labobo La Bubu 38 Lembar - 10 Buku Sekolah,Rp30.000,30000.0
buku-tulis,[PACK] Buku Tulis SIDU 38 Lembar 1 Pak Isi 10 Buku Sinar Dunia,Rp39.750,39750.0
buku-tulis,Jasa Kirim dan Instalasi 80rb,Rp80.000,80000.0
buku-tulis,Cetak Kartu Nama | Print Kartu Nama | Kartu Nama Custom Bahan Premium,Rp40.000,40000.0
buku-tulis,Standard - Buku Tulis Campus 36 Lbr / Pak ( Buku Tulis ),Rp60.500,60500.0
buku-tulis,bukuqu Classic Notebook Ukuran B6 (12.5 x 17 cm) - Buku Agenda - Bullet Journal Mini Notebook Tali,Rp49.000,49000.0
buku-tulis,Aimilo Buku Catatan Notebook A5 Premium Buku Diary Aesthetic Cover Kulit Tahan Air Agenda Meeting 80 Lembar,Rp24.900,24900.0
buku-tulis,Basic Notebook Custom #Drawing - Custom Notebook - Planner - Journal,Rp59.500,59500.0
buku-tulis,AKUSA A6 Mini Hard Cover Book 100 Lembar Buku Notes Kecil Pocket Book Catatan Jurnal Kertas Tebal Motif Lucu HCB012,Rp14.990,14990.0
buku-tulis,MINISO x Crayon Shinchan Collection Standing Wire-bound Book Buku Catatan Notebook(80 Sheets),Rp20.940,20940.0
buku-tulis,Bantex Buku Catatan Mini / Spiral Notebook Ukuran A7 Ringkas dan Praktis SPA760 Stationery,Rp10.000,10000.0
buku-tulis,Notebook Joyko Ukuran A5 NB-661 Paper Stationery Merah,Rp12.295,12295.0
buku-tulis,Paperie Lab - Study Planner Notebook Paper Stationery,Rp44.000,44000.0
buku-tulis,[READY] Aimilo Buku Catatan Notebook A5 Premium Buku Diary Aesthetic Cover Kulit Tahan Air Agenda Meeting 80 Lembar,Rp24.900,24900.0
buku-tulis,Sampul Mika LKS Davis Stationery,Rp13.990,13990.0
buku-tulis,Ruled Notebook Diary Agenda Buku Catatan Bergaris Joyko NB-680 60 hal Yellow Green,Rp14.500,14500.0
buku-tulis,ON Optimum Nutrition Workout Planner - Notebook Official Merchandise,Rp50.000,50000.0
buku-tulis,Stiker Journal Sansivera by bukuqu,Rp14.500,14500.0
buku-tulis,"Stiker Journal Angkasa untuk Notebook, Planner, Bullet Journal",Rp11.830,11830.0
buku-tulis,Ruled Notebook Diary Agenda Buku Catatan Bergaris Joyko NB-744 A6,Rp9.300,9300.0
buku-tulis,GREEBEL Sticky Notes Kertas Catatan 100 Lembar (4W 7676100) Note Memo Alat Tulis Kantor,Rp14.350,14350.0
buku-tulis,WELELN PRINT - Cetak Sticker Set Aesthetic / Print Stiker Dekorasi estetik agenda Jurnal Buku Dekorasi Stample,Rp5.000,5000.0
buku-tulis,Ruled Notebook Diary Agenda Buku Catatan Bergaris Joyko NB-690,Rp15.600,15600.0
buku-tulis,MOVIO Business Notebook - Buku Catatan Bisnis / Buku Tulis / Buku A5,Rp79.000,79000.0
buku-tulis,Master Sampul Buku Mika Gulung 45x500cm - Plastik Book Cover - 1 rol,Rp20.412,20412.0
buku-tulis,Stiker Deco Dot Pallete Colors untuk Notebook by bukuqu,Rp7.000,7000.0
buku-tulis,Notebook custom Ukuran A6 - Notebook saku - Notebook kecil,Rp40.120,40120.0
buku-tulis,AKUSA A5/A6 Hard Cover Book Buku Diary Retro Vintage Buku Tulis Buku Catatan Agenda Harian Buku Journal HCB013,Rp14.990,14990.0
buku-tulis,Aimilo - Notebook Mini A7 Isi 4PCS Buku Kecil Catatan Scrapbook Buku Notes Kecil 50 Lembar,Rp13.500,13500.0
buku-tulis,TRG Black Kraft Cover Spiral Charcoal Notebook A5 NB-84 - Buku Tulis Catatan A5 Bookpaper Motif Ruled Dotted Grid Plain TRG,Rp22.853,22853.0
buku-tulis,JOYKO Memo Stick Animal Tempel - MMS-27 [ PADS ],Rp5.900,5900.0
buku-tulis,Buku Tulis Campus Genius 42 Lembar [1 Pack/6 Buku] Boxy Kampus 1 Pak,Rp44.500,44500.0
buku-tulis,Master Sampul Buku Mika Boxy Polos (isi 12 lembar),Rp19.845,19845.0
buku-tulis,UDBLUE Minibook Random Cute,Rp9.900,9900.0
buku-tulis,BIG Sticky Notes PET Material Warna Putih White Transparan/ Note PET/ Memo Tempel Warna Putih White Transparan,Rp15.300,15300.0
buku-tulis,Folder One Binder Note Buku Catatan Jurnal B5,Rp31.200,31200.0
buku-tulis,GREEBEL Ring Book / Buku Tulis / Agenda / Buku Catatan Spiral Note Book / Ring Book 8064 A5O 31,Rp21.850,21850.0
buku-tulis,Buku Tulis Sekolah Campus 38 Lembar [1 Pak] / Buku Kampus Kwarto A5,Rp31.900,31900.0
buku-tulis,JOYKO Buku Catatan Notebook A5 NB-704 [ PER BUKU ],Rp7.700,7700.0
buku-tulis,Notebook Binding #Nama/ Custom Notebook/ Planner Dotted/ Grid/ Journal,Rp59.500,59500.0
buku-tulis,bukuqu Basic Notebook /Custom/Planner Dotted/ Grid/ Journal/ Agenda,Rp45.750,45750.0
buku-tulis,Paperie Lab - The Wedding Planner Buku Persiapan Pernikahan Notes Stationery,Rp190.000,190000.0
buku-tulis,[READY] 4PCS Aimilo Notebook A5 Buku Diary Aesthetic Buku JurnaAl Buku Catatan Buku Note Stiker Buku Tulis Aesthetic Sekolah Stationary Kertas Binder Paper,Rp23.800,23800.0
buku-tulis,TRG Pembatas Binder Note Loose Leaf A5 DIV-12 - Monthly Planner To Do List Divider Paper 20 Holes 12 Tab TRG,Rp19.752,19752.0
buku-tulis,Deli Leather Cover Notebook / Buku Catatan / Agenda Sampul Kulit A5 120 Lembar Magnetic Lock EN142L Black Hitam,Rp72.900,72900.0
buku-tulis,My Book Yuvi Buku Tulis Cat Cartoon 38 Lembar - 10 Buku Sekolah,Rp33.000,33000.0
buku-tulis,AKUSA Binder Book A5/B5 60 Lembar Buku Catatan Kuliah Kantor Motif Pemandangan Dengan Ring Spiral Kuat Dapat Dibuka BN022,Rp12.990,12990.0
buku-tulis,"Stiker Journal Travel untuk Notebook, Planner, Bullet Journal by bukuqu",Rp10.478,10478.0
buku-tulis,Classic Notebook Smooth Paper by bukuqu Notebook Journal-Journaling Book-,Rp90.750,90750.0
buku-tulis,Sampul Mika Folio,Rp23.584,23584.0
buku-tulis,PSJ - Sampul Ukuran Boxy Dan Quarto - Pack ( Isi 20 Lembar ),Rp7.850,7850.0
buku-tulis,Memo Stick Kertas Memo Tempel Sticky Note Joyko MMS-20,Rp18.200,18200.0
buku-tulis,Buku Tulis Catatan Bergaris Ruled Notebook Joyko NB-689,Rp12.000,12000.0
buku-tulis,Buku Tulis Catatan Jurnal Diary Joyko D-1115OC-108,Rp8.000,8000.0
buku-tulis,Sampul Emboss 46 x 150 cm,Rp9.839,9839.0
buku-tulis,Memo Stick Kertas Memo Tempel Sticky Note Joyko Bright Color,Rp6.200,6200.0
buku-tulis,TRG Slim File Binder Note BN-40-B5 - Buku Tulis Catatan Notebook Transparan TRG,Rp43.084,43084.0
buku-tulis,Buku Tulis Catatan Bergaris Ruled Notebook A5 Joyko,Rp12.100,12100.0
buku-tulis,SiDU Campus Kraft 42 Lembar - 1 Pak isi 5 buku,Rp53.000,53000.0
buku-tulis,bukuqu Sketchbook A6 200 gsm Landscape Hardcover/Notebook gambar/ Lukis/ Cat Air Buku Sketsa Pocket White Paper,Rp45.980,45980.0
buku-tulis,Master Sampul Buku Coklat Kopi Boxy B5 Lipat Isi 20 Lembar,Rp10.787,10787.0
buku-tulis,Buku Tulis Kotak Kecil Matematika SIDU 38 Lembar Sinar Dunia,Rp4.088,4088.0
buku-tulis,TOM & JERRY - Sticky Notes Kuning Tj-657 10.15 x7.6cm - Pad,Rp9.450,9450.0
buku-tulis,Basic Notebook Custom #SUMMER - Custom Notebook Dotted Grid,Rp59.500,59500.0
buku-tulis,Notebook Word/ Custom Notebook/ Planner Dotted/ Grid/ Journal/ Agenda,Rp48.300,48300.0
buku-tulis,Sampul Mika LKS,Rp18.982,18982.0
buku-tulis,[Deli x Sinarbusanaa] (10 PCS) Deli Writing Book / Notebook / Buku Tulis Sekolah A5 32 Lembar Paket 10 Buku CD532ID GRATIS Pensil 4pcs Special ramadan THRan,Rp36.000,36000.0
buku-tulis,"PAPERLINE Buku Tulis Hard Cover Folio, Kwarto, Ekspedisi & Oktavo/ 100 Lembar - PAK (isi 5 buku)",Rp102.500,102500.0
buku-tulis,Cetak Note Book Agenda Custom,Rp30.000,30000.0
buku-tulis,Buku Folio Ria 100 - Cocok untuk Pencatatan Keuangan dan Pembukuan Note Paper Merah Stationery,Rp17.005,17005.0
buku-tulis,Sampul Mika 25 x 500 cm,Rp9.578,9578.0
buku-tulis,Buku Nota Kontan Paperline 1 Ply Kecil - Kertas Nota Paperline 1 Rangkap,Rp3.472,3472.0
buku-tulis,Buku Tulis Catatan Jurnal Diary Joyko D-1813WA-KC31 Winter Animal,Rp12.100,12100.0
buku-tulis,Memo Stick Kertas Memo Tempel Sticky Note Joyko MMS-12,Rp5.200,5200.0
buku-tulis,Hightune Buku Spiral A7 Buku Notebook Tulis Empat Model Dikirim Secara Acak Seri Samudra Bintang 80 Lembar Sekolah Stationery,Rp17.000,17000.0
buku-tulis,Bantex Flexi Notes 50 x 75mm 100 Sheets #8871 03,Rp4.000,4000.0
buku-tulis,Buku Tulis Sidu Big Boss B5 Besar Isi 36 50 Lembar Satu Pack 10 Buku Tulis Sekolah Free Bubble Wrap ATK,Rp58.600,58600.0
buku-tulis,SiDU Buku Tulis Mobile Legends 58 Lembar - 10 buku,Rp57.831,57831.0
buku-tulis,SiDU Campus Buku Tulis 50 Lembar - 5 buku,Rp29.748,29748.0
buku-tulis,My Book Distinction Kertas Double Folio Garis 100 lembar 1 pack,Rp24.000,24000.0
buku-tulis,Ruled Notebook Diary Agenda Buku Catatan Bergaris Joyko NB-680 60 hal Yellow Green,Rp14.500,14500.0
buku-tulis,ON Optimum Nutrition Workout Planner - Notebook Official Merchandise,Rp50.000,50000.0
buku-tulis,Stiker Journal Sansivera by bukuqu,Rp14.500,14500.0
buku-tulis,"Stiker Journal Angkasa untuk Notebook, Planner, Bullet Journal",Rp11.830,11830.0
buku-tulis,Ruled Notebook Diary Agenda Buku Catatan Bergaris Joyko NB-744 A6,Rp9.300,9300.0
buku-tulis,BTS Deli Writing Book / Notebook / Buku Tulis Sekolah A5/B5 38/42/58 Lembar CNA538 CNA558 CNB542 kertas paper Stationery,Rp5.900,5900.0
buku-tulis,[PACK] Buku Tulis Sekolah Anak SIDU Big Boss Skola 38 42 50 58 78 100 Lembar 1 Pak Sinar Dunia BigBoss Maxi Campus,Rp28.724,28724.0
buku-tulis,Bukuqu Planner 2026 Classic BW A5 - Weekly Planner - Agenda Black white - Setara A5,Rp69.000,69000.0
buku-tulis,Pocket Notebook A6 Jahit by bukuqu,Rp24.900,24900.0
buku-tulis,TRG All Season Clear Cover Cover Spiral Notebook Weekly Planner A6 NBPL-116 - Buku Tulis Catatan Jadwal A6 HVS Paper TRG,Rp15.629,15629.0
buku-tulis,Buku Kas Kwarto Bamboo - Buku Kas Bamboo Kwarto - Buku Akuntansi Kwarto,Rp13.764,13764.0
buku-tulis,Buku Tulis Okey Kwarto 100 Lembar [1 Buku] Buku Debur Bergaris A5 Okey,Rp16.900,16900.0
buku-tulis,sampul samson gambar boxy (20 lbr) Stationery,Rp7.505,7505.0
buku-tulis,[1 Pak Isi 6 Buku] BIG BOSS Buku Tulis Sekolah CAMPUS 42 Lembar Motif Campur,Rp29.250,29250.0
buku-tulis,Notebook Buku Tulis Catatan Diary Agenda Joyko Soft Cover,Rp55.500,55500.0
buku-tulis,Buku Kwarto Ria 100 Stationery(berkualitas) Merah Note,Rp11.005,11005.0
buku-tulis,KURAMAS - Buku Expedisi - Pcs,Rp13.500,13500.0
buku-tulis,solusibuku - Best Seller - Buku Journal Muslimah Cover Baru (Briliant Books),Rp44.000,44000.0
buku-tulis,Buku Gambar Dodo A3 - Drawing Book by SIDU Sinar Dunia,Rp7.237,7237.0
buku-tulis,Korea Diary Book Motif Karakter A5 Size / Catatan Harian Kecil NoteBook Ukuran A5 Berbagai Motif Karakter Buku Catatan Sekolah Kuliah Aesthetic Kertas Binder Paper Stationery,Rp5.990,5990.0
buku-tulis,Aimilo - Buku Tulis A5 Hard Cover 100 Lembar Notebook Aesthetic Hardcover Catatan Sekolah Kuliah,Rp16.900,16900.0
buku-tulis,SiDU Buku Tulis Timnas 58 Lembar - 1 Pak isi 10 buku,Rp89.000,89000.0
buku-tulis,Aimilo - 100 Lembar Sticky Notes 7.6×7.6CM Memo Stick Kertas Memo Tempel Perlengkapan Kantor,Rp4.450,4450.0
buku-tulis,KURAMAS BUKU KWARTO - Pcs,Rp13.500,13500.0
buku-tulis,Deli kraft Sticky note pad 76x76mm 3 '' × 3 '' 80 halaman monokrom EA03893 Kertas Paper,Rp8.900,8900.0
buku-tulis,Buku Tulis Catatan Bergaris Ruled Notebook Joyko NB-727,Rp35.300,35300.0
buku-tulis,Buku Catatan Sketsa Hand Book Joyko HDB-717S~717M 300 gsm,Rp71.500,71500.0
buku-tulis,"PAPERLINE Kuitansi Kwitansi Sedang KT 40T, 40 Lembar - PCS",Rp5.500,5500.0
buku-tulis,"Deli sketch book A4 40 lembar , buka vertikal,atau diputar 73357 Paper Buku Kertas",Rp40.000,40000.0
buku-tulis,2026 Weekly Planner Agenda Spiral by Paperie Lab Books,Rp153.000,153000.0
buku-tulis,Memopad Pastel by bukuqu warna pastel Note,Rp12.500,12500.0
buku-tulis,Stiker Journal I'm Late by bukuqu,Rp11.830,11830.0
buku-tulis,[PACK] Buku Tulis SIDU 58 Lembar 1 Pak Isi 10 Buku Sinar Dunia,Rp59.273,59273.0
buku-tulis,"PAPERLINE Buku Tulis Hard Cover Folio, Kwarto, Ekspedisi & Oktavo/ 100 Lembar - PER BUKU",Rp22.500,22500.0
buku-tulis,Buku Journal of Gratitude,Rp100.000,100000.0
buku-tulis,Bukuqu Buku Sketsa A6 [Cream Paper] - Skecthbook - Skecth book - Buku lukis saku Kertas Gambar,Rp45.750,45750.0
buku-tulis,DIARY GEMBOK CD-882 [PCS] Stationery Paper,Rp7.005,7005.0
buku-tulis,Master Sampul Emboss 34 x 300 cm - Plastik Cover Buku Tulis Buku Paket,Rp13.720,13720.0
buku-tulis,Master Sampul Mika Gulung 45 x 500 cm - Plastik Cover Buku Tulis Buku Mika,Rp20.412,20412.0
buku-tulis,BIG BOSS Buku Tulis 50 - Perpack,Rp74.100,74100.0
buku-tulis,Memo Stick Kertas Memo Tempel Sticky Note Joyko MMS-30 Morandi Color,Rp5.100,5100.0
buku-tulis,Buku tulis Big Boss 36 Campus,Rp49.000,49000.0
buku-tulis,[READY] Aimilo Sampul Buku Stiker Pvc Film Pelindung Buku Tekstil 10 Lembar Buram Tahan Air Dengan Perekat Untuk Alat Tulis Sekolah Dasar SD Paper,Rp13.990,13990.0
buku-tulis,GREEBEL Buku Petak Besar A5 34 Lembar / Buku Kotak Kotak / Buku Anak Sekolah,Rp11.100,11100.0
buku-tulis,Buku Tulis Folio Ekspedisi Panjang Okey [1 Buku/100 Lembar] / Buku Catatan Harian / Buku Debur Panjang Bergaris Okey Kertas Paper,Rp19.500,19500.0
buku-tulis,JOYKO Ruled Notebook Diary Agenda Buku Catatan Bergaris NB-750 100 Lembar,Rp18.200,18200.0
buku-tulis,"[1 Pak Isi 10 Buku] SIDU Buku Tulis 38 dan 58 Lembar, Boy or Girl",Rp35.550,35550.0
buku-tulis,Cetak Kartu Nama | Print Kartu Nama | Kartu Nama Custom Premium,Rp36.000,36000.0
buku-tulis,BigBoss Campus Buku Tulis 50 Lembar - BBO EB 50 CAM,Rp69.000,69000.0
buku-tulis,Bantex Buku Tulis Isi 10 Pcs Marble A5/B5 Notebook Catatan Jurnal Bergaris Cover Desain Marble Aesthetic 1 Pack (10 Pcs),Rp27.900,27900.0
buku-tulis,Bantex Cardboard Divider & Indexes A4 JanDec (12 Pages) 6059 00,Rp15.000,15000.0
buku-tulis,"PAPERLINE Buku Nota Kontan Jual Beli 2 PLY & 3 PLY NCR, Kecil - PAK",Rp42.000,42000.0
buku-tulis,BIG Sticky Notes PET Index Warna Pastel/ Sticky Notes PET Cute/ Index Mark/ Tab Penanda/ Pembatas Penanda/ Pembatas Buku,Rp13.300,13300.0
buku-tulis,JOYKO Index & Memo IM - 62 - SET,Rp9.600,9600.0
buku-tulis,Simple Notebook Custom TheFlower - Custom Notebook - Planner,Rp48.300,48300.0
buku-tulis,"NIIMBOT B1/B21/B21PRO/B31/B3S/B4/K3 Stiker Label Bulat Transparan/Warna/Putih, Stiker Penyegel Kue Makanan Kertas",Rp98.000,98000.0
buku-tulis,Bantex Multiring Binder Dagadu 26 Ring 25mm B5 Biar Mungil Asal Ngilmu 1328 18,Rp55.000,55000.0
buku-tulis,Deli Sakura buku tulis A5 40 halaman dengan 4 pola FA560 Kertas Paper Stationery,Rp8.900,8900.0
buku-tulis,Stiker Deco Fruits Stickers untuk Notebook by bukuqu,Rp7.000,7000.0
buku-tulis,[READY] Aimilo 100 Lembar Notebook A6 Buku Notes Kecil Buku Catatan Aesthetic Scrapbook Mini Buku Agenda,Rp15.500,15500.0
buku-tulis,AKUSA Sketchbook Buku Gambar Sketsa A4 Vertikal Jilid Spiral 30 Lembar Dilengkapi Tear Line SKB005,Rp15.990,15990.0
buku-tulis,Deli Office Buku Catatan / Planner / Hard Cover Notebook 96 sheets 22235 Kertas Kantor,Rp21.000,21000.0
buku-tulis,AKUSA Binder Book A5/B5 60 Lembar Motif Kucing Buku Catatan Pelajar Kantor Binder Note Book Aesthetic Diary Kertas Anti Tembus BN020,Rp12.990,12990.0
buku-tulis,GREEBEL Ring Book / Buku Tulis / Agenda / Buku Catatan Spiral Note Book / Ring Book 8080 B5C 03 / 80 halaman,Rp41.950,41950.0
buku-tulis,Bukuqu Sketchbook A5 230 gsm Portrait - Watercolor Paper Hardcover - Notebook gambar/ Lukis/ Cat Air Kertas Fountain,Rp75.000,75000.0
buku-tulis,Deli Memo tempel - Sticky Notes 4 Warna x 100 Sheets] Perekat yang kuat EA02302 Kertas Paper,Rp10.900,10900.0
buku-tulis,[PACK] Buku Tulis Big Boss 42 Lembar 1 Pak Isi 6 Buku BigBoss,Rp35.526,35526.0
buku-tulis,Buku Tulis Spiral / Spiral Notebook A5 Tomex Sign Language TX 810093,Rp27.501,27501.0
buku-tulis,"Stiker Journal Angkasa untuk Notebook, Planner, Bullet Journal",Rp11.830,11830.0
buku-tulis,Bukuqu Pocket Denim - Buku Saku Ukuran A6,Rp38.000,38000.0
buku-tulis,[READY] Aimilo Notebook Set Notebook A5&Pulpen Gel Buku Diary Aesthetic 4 Warna Sekolah Stationary,Rp13.900,13900.0
buku-tulis,Languo Notebook Sewn Line / Buku Catatan,Rp19.000,19000.0
buku-tulis,KIKY Buku Kwarto Kas 2 Kolom Soft Cover Isi 80 Lembar,Rp8.900,8900.0
buku-tulis,GREEBEL Buku Tulis A5 38 Lembar (PCS) / Buku Tulis Sekolah / School Book,Rp4.800,4800.0
buku-tulis,AKUSA Binder Note A5/B5 Buku Catatan Buku Tulis Motif Aesthetic Binder Note Book Dengan Ring Spiral Kuat Dapat Dibuka BN011,Rp12.990,12990.0
buku-tulis,JQ-NB-B5 Progress Agenda/Diary Notebook B5 (pcs) Stationery Buku,Rp10.705,10705.0
buku-tulis,Notebook Custom Hardcover BARU,Rp60.000,60000.0
buku-tulis,Bukuqu Recipe Planner - Agenda - Notebook - Journal - Notes Kertas,Rp98.000,98000.0
buku-tulis,bukuqu Sketchbook #Simple A6 200 gsm - Sketsa gambar- Sketch book lukis Kertas Putih,Rp38.995,38995.0
buku-tulis,Stiker Journal #DOIT untuk Notebook by bukuqu,Rp12.900,12900.0
buku-tulis,"'""Diary/Agenda 2026 Daiichi 1926-A5 One Day One Page | Buku Agenda Harian Kulit Sintetis""",Rp125.000,125000.0
buku-tulis,[READY] Aimilo Notebook Koil 8 LubangYang Ditingkatkan Buku Diary Aesthetic Buku Jurnal Buku Catatan Buku Note Stiker Buku Tulis Aesthetic Sekolah Stationary Kertas Paper Binder Stationery Tinta,Rp12.900,12900.0
buku-tulis,[READY] Aimilo Notebook A5/B5 Buku Diary Aesthetic Sketch Book Koil 8 LubangYang Ditingkatkan Buku Tulis Stationery Kertas Binder,Rp12.900,12900.0
buku-tulis,Buku Tulis Okey Kwarto [1 Buku/100 Lembar] / Buku Catatan Harian / Buku Debur Sedang / Buku Tulis Besar Bergaris A5 Okey Kertas Sekolah,Rp16.900,16900.0
buku-tulis,Sampul Mika Kwarto Davis Buku Note Stationery Paper,Rp7.500,7500.0
buku-tulis,NIIMBOT B1/B21/B21PRO/B31/B3S/B4/K3 Kertas Stiker Label Termal Putih Lebar Pakaian Harga Komoditas Makanan,Rp87.000,87000.0
buku-tulis,SIDU Buku Tulis Kotak 38 Lembar - SQ 10,Rp59.000,59000.0
buku-tulis,Master Sampul Buku Emboss Boxy Polos - Plastik Cover Buku Tulis Besar,Rp20.953,20953.0
buku-tulis,My Book Distinction Buku Hard Cover Quarto / Kuarto Batik Warna Warni Kwarto - 100 Lembar,Rp11.200,11200.0
buku-tulis,[READY] Aimilo Notebook Mini A7 Buku Kecil Catatan Scrapbook Mini Buku Notes Kecil Alat Tulis Sekolah 50 Lembar Kertas Binder,Rp3.290,3290.0
buku-tulis,[READY] Aimilo Notebook A5/A6/A7 Buku Diary Aesthetic Buku Catatan Buku Notes Kecil Notebook Tali 100 Lembar,Rp15.500,15500.0
buku-tulis,Aimilo - Notebook Aesthetic A5 Buku Diary 40-60 Lembar Buku Jurnal Buku Catatan Buku Tulis Aesthetic Sekolah,Rp6.990,6990.0
buku-tulis,BIG Sticky Notes Lidi Warna Pastel/ Label Index/ Index Mark/ Tab Penanda/ Pembatas Penanda PET Material Transparan,Rp19.100,19100.0
buku-tulis,TRG Buku Tulis Catatan A5 Bookpaper Ruled NB-81 - Keep Motivated Doff Cover Spiral Notebook TRG,Rp21.453,21453.0
buku-tulis,[READY] Aimilo Sketchbook A4 Art Supplies Buku Gambar Vertikal Jilid Spiral 45 Lembar Buku Sketsa Stationery,Rp19.900,19900.0
buku-tulis,Master Sampul Samson Boxy Lipat/20 - Sampul Kertas Buku Tulis Besar - Cover Book,Rp17.213,17213.0
buku-tulis,Master Sampul Buku Emboss Kwarto Polos/12 - Plastik Book Cover Buku Tulis Kecil,Rp17.078,17078.0
buku-tulis,Master Sampul Mika Gulung 34 x 200 cm - Plastik Book Cover Buku Tulis,Rp9.487,9487.0
buku-tulis,Deli Concise Notebook Buku Catatan 25K/16K 120 page3301 3302 Kantor Paper,Rp66.000,66000.0
buku-tulis,Bantex Buku Tulis Sekolah isi 10 Pcs A5 / Notebook Kertas Halus Silky Premium Cover Lucu Kartun 1 Pack (10 Pcs),Rp42.000,42000.0
buku-tulis,OBRAL Agenda ukuran 10 cm x 17 cm Merah Note Stationery,Rp10.305,10305.0
buku-tulis,AKUSA Spiral Book A5/B5 60 Lembar Buku Catatan Kuliah Kantor Motif Elegan Dengan Ring Spiral Dapat Dibuka SB011,Rp9.990,9990.0
buku-tulis,Basic Notebook Custom #Stamp - Custom Notebook - Planner - Journal,Rp59.500,59500.0
buku-tulis,Buku Nota Kontan NK1 Zibiz isi 10pack Stationery,Rp20.405,20405.0
buku-tulis,Master Sampul Buku Coklat Kopi Kwarto Lipat Isi 20 Lembar,Rp9.074,9074.0
buku-tulis,Buku Expedisi 100lembar Ria ( berkualitas ) Stationery,Rp11.005,11005.0
buku-tulis,buku the power of keajaiban jalur langit journal journaling book jurnal muslimah planner book 2025 Hardcover Pastel Mushaf,Rp95.900,95900.0
buku-tulis,Buku Tulis Catatan Diary Agenda Notebook Joyko NB-736 A5,Rp24.300,24300.0
buku-tulis,Memo Stick Sticky Note Kertas Memo Memo Tempel Joyko MMS-41 Watching Tv,Rp18.500,18500.0
buku-tulis,SiDU Campus Buku Tulis 36 Lembar - 1 Pak isi 5 buku,Rp36.000,36000.0
buku-tulis,Sampul Samson Kwarto Motif Warna Warni Isi 25 - Sampul Buku,Rp19.286,19286.0
buku-tulis,Buku Notebook Agenda Catatan Joyko Dot Grid Plain Ruled NB-700,Rp22.950,22950.0
buku-tulis,[PACK] Buku Tulis Big Boss Campus 50 Lembar 1 Pak Isi 10 Buku BigBoss By SIDU Sinar Dunia,Rp64.482,64482.0
buku-tulis,Aimilo - Notebook A5/A6/A7 Buku Diary Aesthetic Buku Catatan Buku Notes Kecil Notebook Tali 100 Lembar,Rp15.500,15500.0
buku-tulis,[READY] Aimilo Notebook A5/A6 Set Buku dan Gelpen Diary Aesthetic Catatan Buku Notes Kecil Notebook Tali 100 Lembar,Rp16.900,16900.0
buku-tulis,Refill Notebook Canvas Living,Rp45.000,45000.0
buku-tulis,Buku Tabungan Stationery Paper (berkualitas) Merah Note,Rp31.005,31005.0
buku-tulis,TRG Sampul Buku Tulis Plastik Kwarto Quarto Bening BCV-PS10 SIDU 38 58 Lembar Isi 10 Clear Plastic Book Cover,Rp4.988,4988.0
buku-tulis,Bantex Vario Notebook A6 Refillable - 3282 Stationery,Rp16.000,16000.0
buku-tulis,Paket Bundling Buku Tulis Sidu B5 Besar Campus Notebook Korea 36 42 50 Lembar Satu pack Isi 5 Buku Tulis Sekolah ATK,Rp45.000,45000.0
buku-tulis,Aimilo - Notebook A5 Isi 4PCS Buku Diary Aesthetic Buku Jurnal Aesthetic Sekolah 40 Lembar,Rp23.800,23800.0
buku-tulis,(10 PCS) Deli Writing Book / Notebook / Buku Tulis Sekolah A5 32 Lembar Paket 10 Buku CD532ID,Rp31.000,31000.0
buku-tulis,Deli Sticky Notes / Memo Tempel 8 CM Berbagai Warna 100 Lembar 21583 Kertas Merah,Rp10.000,10000.0
buku-tulis,PAKET 4 PCS Notebook A5 Buku Catatan Sekolah Aesthetic Buku Diary Motif Korea Buku Tulis Bergaris,Rp25.800,25800.0
buku-tulis,Buku Tulis Sekolah Big Boss [Isi 42 Lembar/6 Buku] / Write Book Bigboss [1 Pack] Kertas Paper,Rp32.900,32900.0
buku-tulis,Coppo Cover Buku Catatan Case Notebook bahan Kulit Sapi Premium Handmade Ukuran A6,Rp499.999,499999.0
buku-tulis,Sampul Samson Kwarto Polos Stationery Merah,Rp6.005,6005.0
buku-tulis,WELLEN PRINT - Cetak Note Book Softcover Custom / Print Buku Catatan Agenda Notebook Stationery Pelengkapan Tulis Alat Sekolah,Rp10.000,10000.0
buku-tulis,Nota Kontan Kecil 2 Ply / Merek Kiky,Rp7.400,7400.0
buku-tulis,[COD] SK A3 Sticky Notes Memo Animal / Post It Note / Memo Note / Kertas Memo Karakter Stationary Sintetis,Rp1.373,1373.0
buku-tulis,Deli Memo tempel - Sticky Notes 4 Warna x 100 Sheets] Perekat yang kuat EA02302 Kertas Paper,Rp10.900,10900.0
buku-tulis,[PACK] Buku Tulis Big Boss 42 Lembar 1 Pak Isi 6 Buku BigBoss,Rp35.526,35526.0
buku-tulis,Buku Tulis Spiral / Spiral Notebook A5 Tomex Sign Language TX 810093,Rp27.501,27501.0
buku-tulis,"Stiker Journal Angkasa untuk Notebook, Planner, Bullet Journal",Rp11.830,11830.0
buku-tulis,Bukuqu Pocket Denim - Buku Saku Ukuran A6,Rp38.000,38000.0
buku-tulis,[READY] Aimilo Notebook A5 1 Paket 4 Pcs Buku Diary Aesthetic Buku Jurnal Aesthetic Sekolah 40 Lembar,Rp6.990,6990.0
buku-tulis,Deli Buku teks dengan ujung bentuk Spiral A5 60 halaman 4 pola LA560,Rp13.000,13000.0
buku-tulis,Bantex Buku Jurnal Tali Kertas Blank Polos Bahan PU Leather Ukuran A5 BR1001 Stationery,Rp45.000,45000.0
buku-tulis,Kartu Stok Barang Gudang Kecil Kwarto - Inventory Stock Card A5,Rp31.115,31115.0
buku-tulis,Notebook Mini A7 Buku Kecil Catatan Scrapbook Mini Buku Notes Kecil Alat Tulis Sekolah 50 / 80 Lembar Paper Stationery,Rp2.950,2950.0
buku-tulis,Deli [Si KECE THR'AN] Combo SiKece Serries Buku Gambar B5 Vertikal Jilid Spiral Deli School Eraser & Deli Sketch Pencil Set Alat Sekolah Stationery,Rp63.000,63000.0
buku-tulis,Cetak Kartu Nama Linen / Carton Bw | Murah |,Rp41.500,41500.0
buku-tulis,Master Sampul Emboss 45 x 300 cm - Plastik Cover Buku Tulis Buku Paket,Rp17.836,17836.0
buku-tulis,Master Sampul Mika Hologram 34 x 50 - Sampul Buku Paket - Cover Book,Rp34.041,34041.0
buku-tulis,Deli Notebook / Buku Catatan Ukuran 25K 80 Lembar Kertas 80g Cover Waterproof 22263 Paper Stationery,Rp31.900,31900.0
buku-tulis,KIKY Buku Tulis BX 50 Lembar - 1 Pack (Isi 10),Rp76.540,76540.0
buku-tulis,bukuqu Basic Notebook #BlackGold - Custom Notebook - Planner - Journal,Rp59.500,59500.0
buku-tulis,AKUSA Binder Note A5/B5 Buku Catatan Buku Tulis Pelajar Kantor Dengan Ring Spiral Kuat Dapat Direfill BN016,Rp12.990,12990.0
buku-tulis,GREEBEL Note Book / Buku Tulis / Agenda / Buku Catatan Spiral Note Book / Note Book 8080 A5O 05 / 80 Halaman,Rp34.650,34650.0
buku-tulis,Buku Tulis Sekolah Sinar Dunia [Isi 58 Lembar/ 1 Buku] / Book Sidu,Rp7.900,7900.0
buku-tulis,Deli One Piece Spiral Notebook / Buku Tulis Buku Catatan Spiral A5 B5 60 Lembar 70 GSM One Piece Kertas Halus EN004 EN003 Sekolah Paper,Rp17.900,17900.0
buku-tulis,Jasa Kirim dan Instalasi 100rb,Rp100.000,100000.0
buku-tulis,Bukuqu Planner A6 2026 - Weekly Planner BW ukuran Saku - Planner Kecil - Mini pocket Agenda - buku jurnal- journaling book - diary notebook lucu,Rp49.000,49000.0
buku-tulis,[READY] Aimilo Notebook Mini A7 8in1 Set Buku Diary Aesthetic Buku Kecil Scrapbook 50 Lembar Paper Stationery,Rp19.000,19000.0
buku-tulis,Buku Tulis Campus [Isi 50 Lembar/10 Buku/1 Pack] / Buki Tulis Sekolah Kuliah SMP SMA 1 Pak Murah Kertas Paper,Rp98.500,98500.0
buku-tulis,AKUSA Binder Book A5/B5 60 Lembar Buku Catatan Kuliah Kantor Motif Hewan Lucu Dengan Ring Spiral Dapat Dibuka BN021,Rp12.990,12990.0
buku-tulis,Bantex Buku Tulis Isi 10 Pcs Campus Day A5/B5 Notebook Catatan Jurnal Bergaris Cover Campus 1 Pack (10 Pcs),Rp27.900,27900.0
buku-tulis,[READY] Aimilo Notebook Set Buku & Pulpen Koil 8 Lubang Yang Ditingkatkan Buku Diary Aesthetic Buku Jurnal Buku Catatan Buku Note Stiker Buku Tulis Aesthetic Sekolah Stationary Kertas Binder Stationery Paper Tinta,Rp13.900,13900.0
buku-tulis,[READY] Aimilo Notebook Aesthetic Buku Diary 40 Lembar Buku Jurnal Buku Catatan Buku Note Stiker Buku Tulis Aesthetic Sekolah,Rp6.990,6990.0
buku-tulis,sampul mika 135 x 100 cm,Rp20.953,20953.0
buku-tulis,"Deli Memo Tempel Sticky Notes 3""x 2"" 100sheets Warna Kuning dan Pastel, Tahan Lama Kertas Paper",Rp6.500,6500.0
buku-tulis,Aimilo - Notebook A5 Penutup Tahan Air Buku Diary Aesthetic 40 Lembar Buku Catatan Buku Note,Rp12.900,12900.0
buku-tulis,Deli Spiral Notebook / Buku Tulis Buku Catatan Spiral Mini Pocket Size A7 48 Halaman CNLA748,Rp2.500,2500.0
buku-tulis,GREEBEL Ring Book / Buku Tulis / Agenda / Buku Catatan Spiral Note Book / Ring Book 8080 B5C 09,Rp41.950,41950.0
buku-tulis,JOYKO Memo Stick Animal Tempel - MMS-22 [ PADS ],Rp5.900,5900.0
buku-tulis,[READY] Aimilo Drawing Book / Buku Gambar Ring A4 Karakter Kertas Paper Stationery,Rp12.900,12900.0
buku-tulis,"Deli Buku Gambar B5 Vertikal Jilid Spiral, 40 Halaman, Dapat Dibalik 360 Derajat 73628 Kertas Paper Stationery",Rp28.400,28400.0
buku-tulis,"Deli Memo tempel Sticky Notes 76x76mm 3""x 3"" 100sheets Warna Kuning perekat kuat tahan lama EA00353 Kertas Paper",Rp8.500,8500.0
buku-tulis,GREEBEL Buku Tulis 34 Lembar Ukuran A5 (PCS) / Buku Tulis Sekolah Qwarto / School Book,Rp7.800,7800.0
buku-tulis,JQ-NB-18-33 Agenda/Diary Notebook B5 (pcs) Paper,Rp21.405,21405.0
buku-tulis,"[SPECIAL PRICE] Deli Buku Gambar B5 Vertikal Jilid Spiral, 40 Halaman, Dapat Dibalik 360 Derajat 73628 paper stationery Kertas Kantor",Rp19.000,19000.0
buku-tulis,CETAK NOTA / KUITANSI / FAKTUR A6,Rp8.629,8629.0
buku-tulis,JOYKO Buku Catatan B5 Notebook NB-705 [ PER BUKU ],Rp10.050,10050.0
buku-tulis,Inone Black and White Collection Notepad Kertas Tulis Kotak-Kotak,Rp16.900,16900.0
buku-tulis,AKUSA Binder Note A5/B5 60 Lembar Notebook Motif Rasi Bintang Catatan Jurnal Buku Tulis Pelajar Kantor Tebal Kertas Bergaris Dapat Di Refil BN026,Rp12.990,12990.0
buku-tulis,Deli Buku teks dengan ujung bentuk Spiral A5 60 halaman 4 pola LA560,Rp13.300,13300.0
buku-tulis,[READY] Aimilo 10pcs Notebook A5 Buku Diary Aesthetic 40 Lembar Buku Catatan Buku Tulis Sekolah,Rp42.500,42500.0
buku-tulis,[READY] 8PCS Aimilo Notebook A5 Buku Diary Aesthetic Buku JurnaAl Buku Catatan Buku Note Stiker Buku Tulis Aesthetic Sekolah Stationary Kertas Binder Paper,Rp46.000,46000.0
buku-tulis,KURAMAS BUKU FOLIO HARD COVER - Pcs,Rp23.500,23500.0
buku-tulis,Sampul Buku Mika Kwarto Sealing,Rp19.237,19237.0
buku-tulis,GREEBEL Note Book / Buku Tulis / Agenda / Buku Catatan Spiral Note Book / Note Book 8080 A5C 41 / 80 Halaman,Rp32.050,32050.0
buku-tulis,My Book Yuvi Buku Tulis Vintage Bike 38 Lembar - 10 Buku Sekolah,Rp33.000,33000.0
buku-tulis,Weekly Journal Softcover by bukuqu Notes Mingguan,Rp18.750,18750.0
buku-tulis,"Bukuqu Classic Notebook A6 - Pastel Edition, buku saku Tali",Rp39.250,39250.0
buku-tulis,Buku Tulis Sidu 58 (10pcs) SIN AR DUNIA Kertas Merah Note Paper,Rp48.905,48905.0
buku-tulis,Nota Kontan 1 Ply Paperline [PPL-NK-K1-TK/10 Buku] / Nota Pembelian K1 1 Pak / Nota Barang Belanjaan / Struk Total Harga [1 Pack] Putih,Rp40.500,40500.0
buku-tulis,AKUSA A5/B5 Soft Cover Notebook 56 Lembar Buku Catatan Kerja Buku Tulis Jurnal Harian Tahan Air SCB004,Rp13.990,13990.0
buku-tulis,Estudee 10Ring Notebook B5 Cotton Pink,Rp56.600,56600.0
buku-tulis,Memo Stick Sticky Note Kertas Memo Memo Tempel Joyko MMS-653~657 White Color,Rp2.500,2500.0
buku-tulis,Deli Buku Catatan Sampul Kulit / Leather Cover Notebook A5 120 Lembar BP12X Kertas Paper Stationery,Rp29.400,29400.0
buku-tulis,Aimilo - Notebook Set Notebook A5&Pulpen Gel Buku Diary Aesthetic 4 Warna Sekolah Stationary,Rp13.900,13900.0
buku-tulis,Buku Tulis Sekolah Campus [isi 50 Lembar/10 Buku/1 Pack] Kampus 1 Pak Paper Kertas,Rp98.500,98500.0
buku-tulis,* BACA DESKRIPSI * BUKU MURAH!!! YOU Buku Boxy BX 40 Lembar - 1 Pcs ( Pembelian Harus Kelipatan 10 Pcs),Rp35.000,35000.0
buku-tulis,Notebook A6 / Buku Catatan Mini Praktis & Aesthetic,Rp10.900,10900.0
buku-tulis,[COD] Sketchbook A4 Aesthetic Buku Gambar Vertikal Jilid Spiral 45 Halaman/ Buku Sketch/ Buku Sketsa,Rp16.500,16500.0
buku-tulis,"Buku Catatan Karakter Lucu A5 30 Lembar Lined - Kertas 100g - Paper, Stationery Notebook",Rp6.900,6900.0
buku-tulis,Ruled Notebook Diary Agenda Buku Catatan Bergaris Joyko NB-744 A6,Rp9.300,9300.0
buku-tulis,SAMPUL SAMSON BOXY LIPAT @20PCS,Rp13.000,13000.0
buku-tulis,Buku Tulis Spiral / Spiral Notebook A5 Tomex Sign Language TX 810093,Rp27.501,27501.0
buku-tulis,Bukuqu Pocket Denim - Buku Saku Ukuran A6,Rp38.000,38000.0
buku-tulis,GREEBEL Sticky Notes Kertas Catatan 6 Warna 20 Lembar (5W 124620) Note Memo Alat Tulis Kantor,Rp9.050,9050.0
buku-tulis,Master Sampul Buku Mika Boxy Sealing - PlastIK Cover Book Buku Tulis Besar,Rp23.714,23714.0
buku-tulis,[READY] Aimilo Notebook Mini A7 4in1 Set Buku Diary Aesthetic Buku Kecil Scrapbook 50 Lembar,Rp3.290,3290.0
buku-tulis,Deli Memo Kecil / Note Pads 80gsm 21752 - Alat Tulis Ramah Lingkungan - Kertas Paper Stationery,Rp14.800,14800.0
buku-tulis,Ring Index Notebook Buku catatan spiral binder notebook DIY sekolah kuliah isi ulang ukuran A5 Topla,Rp10.235,10235.0
buku-tulis,XQ-PT22707 Agenda/Diary Notebook Planet Travel (pcs) Buku Merah Paper Stationery,Rp16.055,16055.0
buku-tulis,CETAK DIARY PLANNER CUSTOM | Notebook Custom Hardcover | Buku Planner,Rp70.000,70000.0
buku-tulis,Buku Tulis Sekolah Kiky [Isi 38 Lembar/ 1 Pack] / Write Book Kiki,Rp46.500,46500.0
buku-tulis,Buku Tulis Sekolah Campus 58 Lembar 1 Pack / Catatan Kampus Kwarto A5,Rp47.900,47900.0
buku-tulis,Binder Note Campuss Joyko B5 - Buku Tulis Catatan Notebook Ring Loose Leaf,Rp28.259,28259.0
buku-tulis,AKUSA Soft Cover Notebook A5/B5 56 Lembar Buku Tulis Catatan Harian Daily Journal Minimalis Kertas Tidak Tembus Sampul Bening SCB019,Rp13.990,13990.0
buku-tulis,[READY] Aimilo Sketchbook A4 Buku Gambar Vertikal Jilid Spiral Aesthetic Buku Sketsa 45 LembarAimilo Sketchbook A4 Buku Gambar Vertikal Jilid Spiral Aesthetic Buku Sketsa 45 Lembar,Rp19.900,19900.0
buku-tulis,Sampul Samson Kwarto Lipat/20,Rp14.378,14378.0
buku-tulis,GREEBEL Note Book / Buku Tulis / Agenda / Buku Catatan Spiral Note Book / Note Book 8080 A5C 44 / 80 Halaman,Rp32.050,32050.0
buku-tulis,Buku Tulis Sekolah Kiky Isi 58 Lembar 10 Buku / Write Book Kiki 1 Pack,Rp68.500,68500.0
buku-tulis,Notebook Spiral #Kraft by bukuqu,Rp24.500,24500.0
buku-tulis,Buku Sukhoi 58 (Isi 10 Pcs) Merah Note Paper Stationery,Rp26.405,26405.0
buku-tulis,Deli Leather Cover Notebook / Buku Catatan / Agenda Sampul Kulit A5 80 96 Lembar 70GSM Hard Cover EN111L EN12XL EN132L Kertas Paper,Rp47.900,47900.0
buku-tulis,Bukuqu Notes Board Monthly Calendar - Agenda harian - memopad harian - Notepad planner Bulanan Kertas Putih,Rp29.500,29500.0
buku-tulis,Buku Tulis Sekolah You [Isi 38 Lembar/10 Buku] Anak Laki Perempuan,Rp25.900,25900.0
buku-tulis,Sampul Buku Samson Kwarto Motif Warna Warni,Rp6.500,6500.0
buku-tulis,Buku Tulis Sekolah Sinar Dunia [Isi 58 Lembar/ 10 Buku] Sidu 1 [Pack],Rp62.900,62900.0
buku-tulis,[READY] AIbook Sticky Notes 4 Warna 76x76mm 100 Lembar 3x3inch Memo Stick Kertas Memo Tempel Perlengkapan Kantor,Rp4.900,4900.0
buku-tulis,[Harga AMBYAR] (10 PCS) Deli Writing Book / Notebook / Buku Tulis Sekolah A5 32 Lembar Paket 10 Buku CD532ID GRATIS Pensil 4pcs Special ramadan THRan,Rp36.000,36000.0
buku-tulis,[Deli x Sinarbusanaa] COMBO KREATIF! Deli Writing Book / Notebook / Buku Tulis Sekolah A5 32 Lembar Paket 10 Buku CD532ID + Pensil 1 Box + Pulpen 1 Box + Pensil Warna isi 12 + Buku Gambar GRATIS Pneghapus dan rautan Special ramadan THRan,Rp105.000,105000.0
buku-tulis,Blocknote Buku Catatan Notes Notebook - Caesar Media Pustaka,Rp6.500,6500.0
buku-tulis,Aksesoren Sampul Buku Tulis [1 Pack/20 Pcs] / Sampul Coklat Bening / Cover Buku A5 Kwarto B5 Boxy,Rp14.900,14900.0
buku-tulis,Jasa Kirim dan Instalasi 150rb,Rp150.000,150000.0
buku-tulis,KIKY Buku Tulis 38 Lembar (Polos Garis Hitam) - 1 Pack (Isi 10),Rp39.790,39790.0
buku-tulis,SET Buku Catatan Sekolah Kuliah FREE Pulpen Gel Notebook A5 Isi 40 Lembar Kertas Tebal,Rp13.200,13200.0
buku-tulis,Aimilo - Notebook Mini A7 Lucu Buku Tulis Scrapbook Mini Buku Notes Kecil Alat Tulis Sekolah,Rp3.290,3290.0
buku-tulis,[READY] Aimilo Sketch Book Aesthetic Buku Gambar A4 Vertikal Jilid Spiral 45 Lembar/90 Halaman Paper Stationery,Rp19.900,19900.0
buku-tulis,KIKY X JUMBO Edisi Spesial Buku Tulis 38 Lembar - 1 Pack (Isi 10),Rp42.000,42000.0
buku-tulis,[COD] SK A25 Buku Tulis Memo Kecil Karton Catatan Lucu Anak Sekolah,Rp3.091,3091.0
buku-tulis,Buku Tulis Sekolah Locomotif Sintaro Campus 1 Pack [Isi 36/50 Lembar],Rp70.900,70900.0
buku-tulis,My Book Yuvi Buku Tulis Royal Campus New Series 38 Lembar - 10 Buku,Rp33.000,33000.0
buku-tulis,Aksesoren Paket Buku Tulis Sinar Dunia 38 Lembar + Alat Tulis [1 Set/8 in 1] / Stationery / Buku Pensil Ballpoint Rautan Penggaris Pensil Warna Penghapus / Buku Kwarto A5 / Buku Isi 10 Buku / 1 Box Pulpen Tinta Hitam / Tempat Pensil,Rp110.500,110500.0
buku-tulis,KIKY Buku Tulis 38 Lembar (Gambar Garis Berwarna) - 1 Pack (Isi 10 Pcs),Rp41.500,41500.0
buku-tulis,Miisoo Buku Diary Anak/ Set Journal 4 in 1/Paket Buku Diary/Note Book Buku Catatan Harian Lucu,Rp74.900,74900.0
buku-tulis,KIKY Buku Diktat Kuliah 40 Lembar - 5 Buku,Rp40.700,40700.0
buku-tulis,Aksesoren Buku Tulis Sekolah Campus Alfa 38 Lembar [1 Pack 10 Buku] / Buku Catatan Kampus Pendek Kwarto A5 / Alat Tulis Sekolah 58 Lembar,Rp48.500,48500.0
buku-tulis,Tom & Jerry - Mini Cube Sticky Notes - Pad,Rp20.100,20100.0
buku-tulis,*BACA DESKRIPSI* YOU Buku Tulis Murah 30 Lembar - 1 Pack (Isi 10),Rp18.000,18000.0
buku-tulis,Buku Oktavo Okey A6 [1 Buku/100 Lembar] / Buku Catatan Harian / Buku Debur Kecil / Buku Tulis kecil Bergaris A6 Okey Stationery Kertas Paper,Rp8.900,8900.0
buku-tulis,InterX Folder Binder Note Elegance ( 20 Ring plastik) Buku Catatan Jurnal A5,Rp19.900,19900.0
buku-tulis,[READY] Aimilo Notebook A5/A6 Set Buku dan Gelpen Diary Aesthetic Catatan Buku Notes Kecil Notebook Tali 100 Lembar,Rp16.900,16900.0
buku-tulis,My Book Distinction Buku Hard Cover Quarto Batik - 100 Lembar,Rp15.200,15200.0
buku-tulis,Buku Tulis Halus Garis 5 Bintang Obor 38 Lembar,Rp4.987,4987.0
buku-tulis,Buku Catatan Hard Cover DELI 7697 B5 Kertas Papan,Rp24.000,24000.0
buku-tulis,OKEY Buku Tulis 58 Lembar - 1 Pack (Isi 10),Rp55.440,55440.0
buku-tulis,Deli x Nezha Writing Book / Notebook / Buku Tulis Sekolah A5 40 Lembar NZ201,Rp6.500,6500.0
buku-tulis,Estudee Sampul Emboss Gulung 34 X 300 F,Rp11.000,11000.0
buku-tulis,Buku Tulis Sekolah Big Boss Campus [Isi 36 50 Lembar/10 Buku] / Write Book Bigboss [1 Pack],Rp54.500,54500.0
buku-tulis,JOYKO Memo Stick Kertas Memo Tempel Perekat Sticky Note MMS-45 Glitter Plastic Material,Rp7.700,7700.0
buku-tulis,Buku Tulis Deli Sewing [DELI X AGNEZ MO] A5 B5 60 Lembar EN02X - 4 Desain Random - Ketebalan Kertas 70 GSM - Jahitan Kuat - Garis 8mm - Kertas Putih Kantor Notebook,Rp15.800,15800.0
buku-tulis,TRG Black Plain Paper Notebook A5 NB-75 - Buku Tulis Catatan A5 Hitam Polos Motif Plain TRG,Rp14.875,14875.0
buku-tulis,[20 PCS] Deli Buku Tulis Campus Buku Tulis Sekolah Notebook A5/B5 38/42/58 Lembar CNA5X8 CNB542,Rp4.700,4700.0
buku-tulis,[Deli x Sinarbusanaa] COMBO MURMER! (N) Deli Writing Book / Notebook / Buku Tulis Sekolah A5 32 Lembar Paket 10 Buku CD532ID + Pensil 1 Box + Pulpen 1 Box GRATIS Pneghapus dan rautan Special ramadan THRan,Rp73.000,73000.0
buku-tulis,[READY] Aibook Buku Diary Aesthetic A5 Buku Catatan Buku Agenda Buku Tulis Vintage,Rp9.742,9742.0
buku-tulis,Buku Tulis Sekolah Sukhoi [38 Lembar/10 Buku/Random] / Buku Tulis 1 Pak / Peralatan Sekolah / Buku Tulis Anak Laki Laki Perempuan / Write Book Shukoi [1 Pack],Rp41.500,41500.0
buku-tulis,"Buku Catatan Karakter Lucu A5 30 Lembar Lined - Kertas 100g - Paper, Stationery Notebook",Rp6.900,6900.0
buku-tulis,Ruled Notebook Diary Agenda Buku Catatan Bergaris Joyko NB-744 A6,Rp9.300,9300.0
buku-tulis,SAMPUL SAMSON BOXY LIPAT @20PCS,Rp13.000,13000.0
buku-tulis,Buku Tulis Spiral / Spiral Notebook A5 Tomex Sign Language TX 810093,Rp27.501,27501.0
buku-tulis,Bukuqu Pocket Denim - Buku Saku Ukuran A6,Rp38.000,38000.0
pemotong-kertas,Pisau PVC Tube Cutter Blade 97312 SATA TOOLS,Rp443.333,443333.0
pemotong-kertas,Pen Cutter Art Craft Joyko CU-502 - Cuter Pemotong Kertas Joyko,Rp36.561,36561.0
pemotong-kertas,"BITCBae Puncher Alat pembuat alur kotak sambungan listrik dan pipa, pemotong lubang persegi kotak sambungan 86",Rp29.900,29900.0
pemotong-kertas,[Special Price] Deli Office Roller Stamp / Stempel Pelindung Data 2 in 1 Dengan Cutter / Penghapus Nama + Alamat Resi JQ12X,Rp40.900,40900.0
pemotong-kertas,Square cutter kotak clay cutter jewelry tool alat potong clay cc57,Rp17.900,17900.0
pemotong-kertas,GREEBEL Gunting Mini Gunting Anak / Gunting Kertas (SC-05) Gunting Sekolah / Gunting Pastel Lucu,Rp20.350,20350.0
pemotong-kertas,"BITCBae Gunting Cutter 2 in 1 Gunting Pemotong Kertas cocok untuk keperluan rumah tangga, kantor, dll",Rp26.900,26900.0
pemotong-kertas,Aksesoren Punch 1 Hole Kangaro [1 Pcs] / Pembolong Kertas Blinder / Pelubang Plastik Snack Satu Lubang Stainless Steel Bentuk Tang / Alat Binder,Rp38.500,38500.0
pemotong-kertas,Bantex Cutter Besar Premium Body Aluminium / Pemotong Kertas Pisau Baja Warna Hitam AutoLock BD5362 Knife,Rp39.000,39000.0
pemotong-kertas,Cutter Greebel G-500 (1Pcs) / Kater / Cuter Besar / Anti Karat,Rp20.050,20050.0
pemotong-kertas,Gunting Besar Joyko Scissors [SC-848] / Gunting Kertas Kain Plastik,Rp18.250,18250.0
pemotong-kertas,Phropylaxis Brush/Brush Scalling,Rp100.000,100000.0
pemotong-kertas,TRG Retractable Craft Pen Cutter Art Hobby Knife CU-139 - Pisau Seni Ukir Kerajinan Tangan TRG,Rp5.167,5167.0
pemotong-kertas,Refill Isi Cutter L-150 SDI 1404C SK-5 Steel,Rp8.550,8550.0
pemotong-kertas,Daiso Shredding Scissors - Stainless steel,Rp77.000,77000.0
pemotong-kertas,PAKET BUNDLING SDI 0443C Ingenuity Cutter + SDI K361 Extreme Black Cutter Blade,Rp64.125,64125.0
pemotong-kertas,Ezren EZ-0011 10Pcs Hook Blade PVC Acrylic Board Plastic Cutting Tool Acrylic Refill,Rp10.185,10185.0
pemotong-kertas,JOYKO Gunting Besar SC-848 // SC-848SG - Pcs,Rp17.650,17650.0
pemotong-kertas,Alligator Cutter TL – 77 Ukuran Sedang,Rp17.200,17200.0
pemotong-kertas,Refill Blade Olfa LBB-10 18 mm Spare Blade (10 Pcs),Rp65.300,65300.0
pemotong-kertas,GREEBEL Cutter G-505 (1PCS) / Kater / Cuter Besar / Anti Karat Cuter Tajam,Rp23.650,23650.0
pemotong-kertas,Paket Cutting Mat Cuting Matt A3 + Art Hobby Craft Pen Cutter SDI 0491,Rp104.750,104750.0
pemotong-kertas,GREEBEL Mini Cutter MC-1008 (1Pcs) / Kater Lucu / Cuter karakter / Kater Untuk Anak Sekolah,Rp15.650,15650.0
pemotong-kertas,Cutter / Pemotong Joyko A-300SG,Rp16.000,16000.0
pemotong-kertas,Safety Cutter SK-6 Olfa,Rp152.600,152600.0
pemotong-kertas,Jasa Potong Kertas Rim A3+,Rp10.000,10000.0
pemotong-kertas,Alat Pembolong Kertas Binder Joyko [No 30XL] / Paper Punch,Rp21.150,21150.0
pemotong-kertas,JOYKO Cutting Mat - A2 (60 x 45 x 0.3 cm) - Pcs,Rp127.500,127500.0
pemotong-kertas,Stanley Fixed Blade Folding Utility Knife / Pisau Cutter STHT10424-0,Rp144.100,144100.0
pemotong-kertas,"KENKO Cutter Alat Pemotong Kertas L-500 & A-300, Uk.Besar & Kecil - LUSIN",Rp75.600,75600.0
pemotong-kertas,Daiso Adhesive rats and mouse trap,Rp5.500,5500.0
pemotong-kertas,SDI 3006CA Ingenuity Zinc Alloy Craft Knife Set,Rp101.950,101950.0
pemotong-kertas,ZRM K-200 Cutter Murah 9mm,Rp6.850,6850.0
pemotong-kertas,Pisau Paper Cutter - Pisau Refill Alat Pemotong Kertas SUN,Rp85.800,85800.0
pemotong-kertas,Mesin Cutting Sticker Cute / Mini Portable Likcut Glee S501 11 cm Portable / Mudah Dibawa - Smart Cutting Tool for Crafter Funny Handmade Sticker,Rp2.999.000,2999000.0
pemotong-kertas,【1-15mm 】 pelubang kulit sintetis durable and has a long service life Cetakan pelubang sabuk Pelubang melingkar,Rp79.000,79000.0
pemotong-kertas,PAKET BUNDLING SDI 0443C Ingenuity Cutter + SDI 1361 30 Degree Cutter Blade,Rp60.975,60975.0
pemotong-kertas,Daimaru Tape Dispenser Besi Alat Pemotong Lakban 48mm 50mm Metal Kuat & Awet,Rp37.500,37500.0
pemotong-kertas,"Tambahan Packing Peti Kayu Tipe A - Rotary Paper Cutter Trimmer, laminator FM3510 FM3520, Laminasi Dingin 75cm",Rp62.700,62700.0
pemotong-kertas,SUN Journey - Alat Pelubang Kertas Motif Perangko / Stamp Hole Puncher M-5810 – Puncher Lucu untuk Journaling & DIY,Rp106.250,106250.0
pemotong-kertas,Cutting Mat Alas Potong A2 V-Tec VT-6054 - Cuting Matt VTec,Rp118.941,118941.0
pemotong-kertas,LINEX-CK900 HOBBY KNIFE W/RUBBER GRIP #4953 00,Rp110.000,110000.0
pemotong-kertas,BESAR Gunting Joyko SC-848 Scissor 345015 Alat Potong Kertas ATK0917JY,Rp26.000,26000.0
pemotong-kertas,Mesin Thick Layer Paper Cutter A3 858 - Alat Pemotong Kertas 1 rim,Rp1.349.000,1349000.0
pemotong-kertas,"Cutting Plywood 5mm ""Lets Stay in Bed""",Rp58.100,58100.0
pemotong-kertas,Cutter Cuter Besar SDI 0425 - Pemotong Kertas SDI,Rp41.274,41274.0
pemotong-kertas,"PISAU CUTTER 93422A - PLASTIC SNAP-OFF KNIFE, 8-POINT, 18 X 1MM SATA",Rp102.000,102000.0
pemotong-kertas,Tape Cutter Tape Dispenser Besi Pemotong Pita Lakban Perekat Joyko TC-119,Rp26.537,26537.0
pemotong-kertas,Pisau Knife FIBERGLASS RUBBER 9mm Snap-Off blade cutter XA-1 Olfa,Rp77.700,77700.0
pemotong-kertas,GREEBEL Mini Cutter MC-1001 (1Pcs) / Kater Lucu / Cuter karakter / Kater Untuk Anak Sekolah,Rp7.250,7250.0
pemotong-kertas,Gunting Besar Joyko Scissors [SC-848SG] / Gunting Kertas Kain Plastik,Rp23.900,23900.0
pemotong-kertas,SDI 0416 Cutter Autolock 9mm,Rp17.850,17850.0
pemotong-kertas,"SDI 0926C i-Sharp Gunting Stainless Steel 7"" Soft Grip",Rp43.750,43750.0
pemotong-kertas,Gunting Besar M2000 SM-A180 Kuat Tajam - Stainless Scissors SC-848,Rp7.689,7689.0
pemotong-kertas,"Mesin Alat Pemotong Kertas ID Card / Plong ID Card / PVC Card Cutter PREMIUM QUALITY D-006 ( Potong semua merk PVC ID Card SUN, Blueprint, Corall, Greatstar, dll )",Rp499.000,499000.0
pemotong-kertas,Gunting Estudee Scissors Kids Plastic Blade 4.75inch Blue Es-Sc087,Rp9.900,9900.0
pemotong-kertas,SATA Kombinasi Ratchet 7 MM Double Ratcheting Wrench 43603,Rp183.000,183000.0
pemotong-kertas,[Elephant] Scissor For Travelling PT0145,Rp25.000,25000.0
pemotong-kertas,Gunting Kodok Serbaguna ATS 8 Inch,Rp15.700,15700.0
pemotong-kertas,Dies cutting dies ribbon scrapbooking bentuk pita 2 - DHPATTERN,Rp62.000,62000.0
pemotong-kertas,Pisau Cuter 9mm Snap-Off blade cutter A-5 OLFA JAPAN,Rp61.100,61100.0
pemotong-kertas,Stanley Refill Knife Blade / Pisau Cutter Cadangan 9mm 11-300T-22,Rp37.000,37000.0
pemotong-kertas,Pelubang Kertas Bulat Motif Renda / Lace Corner Puncher SUN - JOURNEY M8710,Rp154.000,154000.0
pemotong-kertas,Cuting Mat A2 Joyko - Cutting Matt Alas Potong CM-A2,Rp103.433,103433.0
pemotong-kertas,Kenmaster Pisau Cutter + Grip - PSCT013,Rp31.000,31000.0
pemotong-kertas,Cutting Mat Alas Potong Untuk Mesin Cutting Sticker Ukuran 12x12 / 12x24 inch Tebal 0.5 mm,Rp29.700,29700.0
pemotong-kertas,USEA WLKS Mesin Pembersih Perhiasan Ultrasonic Smart Cleaner - WK-968,Rp509.000,509000.0
pemotong-kertas,Benex Cutter 18 mm All Color Original,Rp9.450,9450.0
pemotong-kertas,"KENKO Alat Potong Lakban Handy Tape Dispenser TDB-2, 48mm, Warna Random - PCS",Rp28.800,28800.0
pemotong-kertas,Gunting Scissors Joyko SC-21,Rp8.000,8000.0
pemotong-kertas,Daiso Home Sewing Scissors 6.69 in,Rp33.000,33000.0
pemotong-kertas,Daiso Two tone color soft grip stationery scissors,Rp33.000,33000.0
pemotong-kertas,Daiso Scissors with Waved Blade ( 18.5cm ),Rp55.000,55000.0
pemotong-kertas,Ingenuity Precision Cutter SDI 0443C 9mm,Rp50.850,50850.0
pemotong-kertas,Isi Cutter Kecil A-100 Joyko (pcs) Default Merah,Rp3.002,3002.0
pemotong-kertas,"Mesin Pemotong Kertas 1 rim A3 / A3+ 868 - Thick Layer Paper Cutter 868 A3 Kualitas Super Premium Garansi 2 Tahun ( Alat Potong Kertas hvs, Sticker, Art Paper, Undangan, Buku, Brosur Uk A6, A5, A4, F4, A3 )",Rp3.579.000,3579000.0
pemotong-kertas,OLFA KB Replacement Blade 25x (for AK-1/AK-4),Rp50.000,50000.0
pemotong-kertas,Maped Universal Cutter Plastic 18 mm,Rp18.700,18700.0
pemotong-kertas,Languo Scissors Unicorn / Gunting,Rp12.900,12900.0
pemotong-kertas,Gagang Pisau Silet Plastik,Rp7.499,7499.0
pemotong-kertas,Refill Cutter SK16 Olfa SKB-16/10 Spare blades for SK-16,Rp267.000,267000.0
pemotong-kertas,Isi Ulang Cutter Joyko [L-150] / Refill Pisau Cuter / Isi kater Besar,Rp8.500,8500.0
pemotong-kertas,Cutter Joyko A-300A (PCS) Hitam Kuning Silver Merah,Rp6.745,6745.0
pemotong-kertas,SDI 1403C Isi Cutter A-100 / A-100 Cutter Blade Refill,Rp4.850,4850.0
pemotong-kertas,Done handymade tools gunting kertas gunting craft TL515 alat kerajinan tangan alat bantu potong kertas alat bantu gunting kain alat craft tools,Rp30.990,30990.0
pemotong-kertas,Mesin Cutting Sticker JINKA JK 721 / XL 721 72 CM versi 2022 ( Support Corel Draw ),Rp4.759.000,4759000.0
pemotong-kertas,"Daimaru Elegant Multi-purpose Stationery Scissor 6,5 inch Gunting Baja Stainless Steel Anti-Rush Super Tajam Alat Tulis Elegan dan Praktis",Rp21.500,21500.0
pemotong-kertas,ATK0759JY Gunting Joyko SC-838 Scissor alat potong kertas,Rp17.500,17500.0
pemotong-kertas,Maped New Best of Cutter 9 mm,Rp14.200,14200.0
pemotong-kertas,GREEBEL Gunting Besar Scissor (GUNTING SC-10) / Gunting Stainless / Anti Karat Nyaman Digenggam,Rp17.250,17250.0
pemotong-kertas,Head Rotary - Kepala Mesin Rotary Paper Cutter Trimmer,Rp335.500,335500.0
pemotong-kertas,Bosch Diamond Cutting Disc For Universal / Mata Potong 105x20/16x1.8mm,Rp119.000,119000.0
pemotong-kertas,Benex Cutter 9 mm All Color Original,Rp6.300,6300.0
pemotong-kertas,KENKO Isi cutter Isi Pisau Pemotong Cutter Blade L-150 & A-100 - TUBE (Isi 5),Rp4.050,4050.0
pemotong-kertas,Alligator Small Scissors Grip,Rp10.700,10700.0
pemotong-kertas,Paper Cutter F4 Joyko PC-2638 - Alat Potong Pemotong Kertas Folio,Rp242.602,242602.0
pemotong-kertas,Sanneng - SN4723 Titanium Plated Scissors,Rp73.700,73700.0
pemotong-kertas,Dies cutting dies lace butterfly scrapbooking kupu kupu - DHPATTERN,Rp62.000,62000.0
pemotong-kertas,Dies cutting dies net pattern motif jaring scrapbooking - DHPATTERN,Rp59.000,59000.0
pemotong-kertas,Scissors Gunting Joyko SC-12,Rp11.500,11500.0
pemotong-kertas,HYUNDAI 6 in 1 Cutter Pisau Stainless 18mm Cutter Industri Baja Tahan Karat Berat Tebal Tahan Lama,Rp79.595,79595.0
pemotong-kertas,Deli Insulated Flat Cable Stripping Knife / Pisau Cutter Pemotong Kabel 1000W DL515185,Rp163.000,163000.0
pemotong-kertas,Gramedia - Estudee Scissors 6 Pink ES- SC1608,Rp25.000,25000.0
pemotong-kertas,Macs School Scissors Pink_Blue R0122,Rp30.000,30000.0
pemotong-kertas,Bantex Gunting / Office Scissor Pegangan Lembut Ergonomis Pisau Tajam Stainless Steel 213 mm,Rp49.000,49000.0
pemotong-kertas,CR51 MINI Woodgrain Magnetic Cutting Mat Mini Ruler 710929 Alas Craft,Rp453.600,453600.0
pemotong-kertas,Matras Pemotong kertas Cutting Mat Tikar Pemotong Kertas Ukuran A4 Tebal 2.5mm Warna Pink KM - 883A4 8787,Rp26.000,26000.0
pemotong-kertas,Refill Blade Olfa LBB-10 18 mm Spare Blade (10 Pcs),Rp65.300,65300.0
pemotong-kertas,Foam dies cutting dies 1mm foam 1mm scrapbooking bahan scrapbooking,Rp24.900,24900.0
pemotong-kertas,Mesin Cutting Sticker Jinka JK 1351 (135 cm),Rp6.519.000,6519000.0
pemotong-kertas,SDI 1361 Isi Cutter 30 Derajat / 30 Degree Cutter Blade Refill,Rp18.150,18150.0
pemotong-kertas,Mesin Cutting Sticker Jinka Tipe Flatbed / SUN P3040 / P3550 / P4060 / P6090 Flatbed,Rp29.699.000,29699000.0
pemotong-kertas,GUNTING SC-838 JOYKO TMBOOKSTORE,Rp13.000,13000.0
pemotong-kertas,Pisau Cuter 9mm Snap-Off blade cutter A-5 OLFA JAPAN,Rp61.100,61100.0
pemotong-kertas,Gunting Sedang Joyko Scissors [SC-838] / Gunting Kertas Kain Plastik,Rp13.900,13900.0
pemotong-kertas,Cutter Besar Joyko [L-500/1 pcs] / Alat Pemotong Kertas Kain Plastik,Rp14.900,14900.0
pemotong-kertas,Joyko CM-A3 Cutting Mat / Alas Potong Hijau,Rp47.905,47905.0
pemotong-kertas,JOYKO Cutter Refill L-150 HITAM Uk Besar - TUBE,Rp13.850,13850.0
pemotong-kertas,PISAU Cutter SNAP-OFF SK4 Silet Pemotong Kertas Kater Potong Industrial Tolsen,Rp40.000,40000.0
pemotong-kertas,"ZRM Z-901 4.75"" Gunting Stainless Steel Tajam",Rp7.750,7750.0
pemotong-kertas,CUTTER BLADE A-100 JOYKO TMBOOKSTORE,Rp5.000,5000.0
pemotong-kertas,Daiso Tape Cutter - 16cm x 8.3cm x 6cm,Rp33.000,33000.0
pemotong-kertas,Kenko Gunting Sc 848N R1013,Rp22.600,22600.0
pemotong-kertas,"KENKO Gunting Scissor SC-848N/ SC-838N, Besar/ Kecil, Hitam - LUSIN",Rp98.280,98280.0
pemotong-kertas,Gunting Anak Plastik D60402 Kids Plastic Scissor DELI ATK1062DL,Rp22.500,22500.0
pemotong-kertas,Pisau Cuter 9mm Snap-Off blade cutter A-5 OLFA JAPAN,Rp61.100,61100.0
pemotong-kertas,Stanley Refill Knife Blade / Pisau Cutter Cadangan 9mm 11-300T-22,Rp37.000,37000.0
pemotong-kertas,Pelubang Kertas Bulat Motif Renda / Lace Corner Puncher SUN - JOURNEY M8710,Rp154.000,154000.0
pemotong-kertas,Cuting Mat A2 Joyko - Cutting Matt Alas Potong CM-A2,Rp103.433,103433.0
pemotong-kertas,Kenmaster Pisau Cutter + Grip - PSCT013,Rp31.000,31000.0
pemotong-kertas,TRG Cutter Blade BL-100 - Refill Pisau Cuter Kecil Tajam Isi 5 Buah TRG,Rp3.594,3594.0
pemotong-kertas,OLFA CKB 1 Refill Cutter CKB-1 Spare Blade Craft Knife CK-1,Rp38.900,38900.0
pemotong-kertas,Pisau Cutter 9mm SPC-1 Olfa Snap Off Blade Cutter,Rp20.900,20900.0
pemotong-kertas,Daiso Water Absorbing Mat-Chubby Cat -,Rp5.500,5500.0
pemotong-kertas,Cutter Pisau Pemotong Premium Joyko CU-0513,Rp18.750,18750.0
pemotong-kertas,Blade Jinka - Pisau Cutting 30 Degree Big Letters isi 3 Pcs,Rp61.600,61600.0
pemotong-kertas,Spare Part Electric Paper Cutter 4505/4606/4808,Rp633.600,633600.0
pemotong-kertas,Mesin Cutting Sticker SUN Chameleon E500 A3+ 50 cm / E720 (72 cm) Auto Contour Cut Terbaru,Rp7.699.000,7699000.0
pemotong-kertas,Cutting Mat A2 SDI extra large 600 x 450 mm alas potong model kit Alat,Rp158.500,158500.0
pemotong-kertas,GREEBEL Cutter G-502 (1PCS) / Kater / Cuter Besar / Anti Karat Cuter Tajam,Rp22.750,22750.0
pemotong-kertas,MAX DP-15T (Hole Punch) Silver,Rp145.000,145000.0
pemotong-kertas,Deli Cutter / Pisau Pemotong SK5 Auto-Lock System 2001,Rp6.900,6900.0
pemotong-kertas,Gunting Scissors Joyko SC-28 Cow,Rp18.200,18200.0
pemotong-kertas,Cutter Pemotong Joyko CU-500R,Rp30.100,30100.0
pemotong-kertas,CUTTER K-200 JOYKO TMBOOKSTORE,Rp9.000,9000.0
pemotong-kertas,SDI 0107B Silet / Pemes / Pisau Lipat 12pcs,Rp24.450,24450.0
pemotong-kertas,"Gunting Estudee Scissors School Duo 5.75"" Green-Yellow",Rp18.800,18800.0
pemotong-kertas,JOYKO Cutter Pemotong CU-0524,Rp5.000,5000.0
pemotong-kertas,"SDI 1008 Cutting Mat A2 Tebal / Alas Potong A2 (24"" x 18"")",Rp161.350,161350.0
pemotong-kertas,"Daimaru Versatile 8.5"" Stainless Steel Scissors Potong Presisi Anti-Rush Berkualiti Tinggi Gunting Kain Super Tajam",Rp50.500,50500.0
pemotong-kertas,SINTE Pemotong Styrofoam AC-DC / Gabus / Busa Elektrik - Pemotong Busa,Rp74.900,74900.0
pemotong-kertas,Maped Isi Ulang Cutter 18mm - 1 Box is 10 Blades,Rp27.900,27900.0
pemotong-kertas,Refill Cutter Spare blade for CMP-1 Compass Cutter COB-1 OLFA,Rp38.900,38900.0
pemotong-kertas,Benex Cutter Full Metal 6 in 1 Blade Size 18 mm Original,Rp70.200,70200.0
pemotong-kertas,GREEBEL Gunting Mini Gunting Anak (GUNTING SC-06) / Gunting Kertas / Gunting Sekolah / Gunting Pastel Lucu,Rp16.350,16350.0
pemotong-kertas,PARKO Cutter 1 RENCENG (12PCS) Cutter PK-501 / Cutter Anti Karat / Kater Renceng Besar,Rp26.750,26750.0
pemotong-kertas,Cutter Kecil [Evercoss EV-510] / Cuter Pisau / Alat Pemotong Kertas,Rp9.750,9750.0
pemotong-kertas,Deli Cutter Baja SK5 dengan kunci manual untuk penggunaan yang aman E2054,Rp7.600,7600.0
pemotong-kertas,MAPED KOOPY SCISSOR 13CM - PANDA SCI 037910,Rp36.000,36000.0
pemotong-kertas,OLFA SL1 Pisau Cutter 18mm SL-1 Snap-Off Blade Cutter,Rp63.800,63800.0
pemotong-kertas,Pembolong Pelubang Kertas Joyko 40XL - Hole Punch Joyko 40 XL,Rp37.235,37235.0
pemotong-kertas,3 pcs Blade / Jarum / Mata Pisau Import Mesin Cutting Sticker untuk Roland Jinka Teneth Rhinotec Redsail Copam Harizo GCC 30 / 45 / 60 derajat,Rp61.600,61600.0
pemotong-kertas,SCISSORS TEFLON MD 67 589567 ALLIGATOR GUNTING Ukuran 16x7 | Gunting Pemotong Kertas | Gunting Ukuran Medium / Sedang | TMBOOKSTORE,Rp30.500,30500.0
pemotong-kertas,Daimaru Kids Stationery Scissor Gunting Anak 5 Inchi Stainless Steel Soft Touch Handle Anti-Rush Round Tip,Rp18.500,18500.0
pemotong-kertas,TRG Cutter Blade BL-150 - Refill Pisau Cuter Besar Tajam Isi 5 Buah TRG,Rp6.877,6877.0
pemotong-kertas,Simple Pastel Color Kids Scissors - Gunting Anak Lucu,Rp17.477,17477.0
pemotong-kertas,Gunting Kecil Sedang Besar Joyko Kuat Tajam SC-828PTL SC-838PTL SC-848PTL - Stainless Scissors Pastel Color SC-828 SC-838 SC-848,Rp10.407,10407.0
pemotong-kertas,Daiso Cutter Knife (Plus Vintage Style),Rp11.000,11000.0
pemotong-kertas,Gunting Anak Kecil Joyko SC-41 - Kids Scissors Joyko,Rp7.275,7275.0
pemotong-kertas,Pembolong Pelubang Kertas Besar Joyko 85B - Hole Punch Joyko 85 B,Rp59.063,59063.0
pemotong-kertas,PREMIUM CUTTING MAT A2 - 3 LAYER 2IN1 double side alas potong gundam,Rp242.500,242500.0
pemotong-kertas,Cutting Mat A3 SDI alas potong rakit GUNDAM GUNPLA LARGE BESAR Terbaik,Rp78.800,78800.0
pemotong-kertas,TRG Craft Pen Cutter Art Hobby Knife CU-137 - Pisau Seni Ukir Kerajinan Tangan TRG,Rp17.867,17867.0
pemotong-kertas,OLFA KB Replacement Blade 25x (for AK-1/AK-4),Rp50.000,50000.0
pemotong-kertas,"SDI 1007 Cutting Mat A3 / Alas Potong A3 (18"" x 12"")",Rp71.049,71049.0
pemotong-kertas,Cuting Mat A4 Joyko - Cutting Matt Alas Potong CM-A4,Rp30.543,30543.0
pemotong-kertas,ZRM ZF-L500 Cutter / Cutter besar L500 Murah,Rp5.350,5350.0
pemotong-kertas,Deli x Butterbear Cutter Kunci Otomatis Ujung Bulat Pisau Bergerigi HY180,Rp86.000,86000.0
pemotong-kertas,MG Gunting Kertas Stainless Steel Anti Karat Pemotong Serbaguna,Rp40.950,40950.0
pemotong-kertas,Gunting Sedang M2000 Scissors [SM-A165] / Gunting Kertas Kain Plastik,Rp7.900,7900.0
pemotong-kertas,JOYKO - Cutter CU - 0511 - Pcs,Rp11.500,11500.0
pemotong-kertas,Deli Scissors / Gunting Kertas Stainless Steel Pegangan Nyaman 6007,Rp12.000,12000.0
pemotong-kertas,"Deli Graver / Cutter Ukir Bahan Metal, Dengan Refill 10pcs 2102",Rp45.000,45000.0
pemotong-kertas,TAPE CUTTER TD-2 2 PLASTIK JOYKO,Rp32.500,32500.0
pemotong-kertas,Gunting Emigo Stainless Steel Warna 4 Inch / 6 Inch / 8 Inch (EM-C),Rp11.970,11970.0
pemotong-kertas,"Tape Cutter 2 Inchi Joyko [TD-2S] / Metal Tape Dispenser / Pemotong Pita Perekat Solatip, Isolasi",Rp33.500,33500.0
pemotong-kertas,GREEBEL Gunting Sedang Scissor (GUNTING SC-09) / Gunting Stainless / Anti Karat Nyaman Digenggam,Rp16.550,16550.0
pemotong-kertas,SDI 0803 Pervorator / Pembolong Kertas 1 lubang,Rp23.950,23950.0
pemotong-kertas,Alligator Refill Cutter Black Series,Rp13.000,13000.0
pemotong-kertas,MATA PISAU CUTTER KECIL BLACK,Rp14.999,14999.0
pemotong-kertas,Sanneng - SN4245 Pizza cutter 52x175mm,Rp136.400,136400.0
pemotong-kertas,Mesin Cutting Sticker SUN Auto Contour Cut EC390 A3 / EC720 (72 cm),Rp4.239.000,4239000.0
pemotong-kertas,Stanley Quick Point Snap Off Knife / Pisau Cutter 18mm 0-10-151,Rp48.700,48700.0
pemotong-kertas,Pembolong kertas/Punch 30 Joyko Stationery Merah Binder,Rp14.795,14795.0
pemotong-kertas,Cuting Mat A2 Joyko - Cutting Matt Alas Potong CM-A2,Rp103.433,103433.0
pemotong-kertas,JOYKO Tape Cutter Tape Dispenser Pemotong Pita Perekat TC-107A,Rp35.600,35600.0
pemotong-kertas,MATA PISAU CUTTER KECIL BLACK,Rp14.999,14999.0
pemotong-kertas,Ezren EZ-SK1 Silet Pemotong Kertas Pisau Cutter Potong Paper Auto Lock,Rp9.700,9700.0
pemotong-kertas,"GUNTING SERBAGUNA / MULTI-PURPOSE SCISSORS 7"" stainless steel blade 30042 Tolsen",Rp67.000,67000.0
pemotong-kertas,Cable Stripping Knife (Straight 8) INGCO HPK82101 Pisau Lurus Kupas Pengupas Kabel Stainless Steel,Rp47.500,47500.0
pemotong-kertas,Nankai Pembolong Hollow Punch / Plong Set 12 Pc,Rp175.500,175500.0
pemotong-kertas,MAPED POINTED SCISSOR W/ CAP - 13 CM SCI 681700,Rp52.000,52000.0
pemotong-kertas,Estudee Scissors Kids 4.7 Green Blue Es-Sc254,Rp15.800,15800.0
pemotong-kertas,"KENKO Isi cutter Pisau Pemotong Cutter Blade L-150 Dan A-100, 5 Pcs/ Tube - LUSIN",Rp42.120,42120.0
pemotong-kertas,Bantex Cutter Pisau Besar Premium Baja AutoLock Warna Hitam BD5306 Knife,Rp22.000,22000.0
pemotong-kertas,Jakemy ESD Heat Insulation Working Mat Karpet Magnetic JM-Z17,Rp258.024,258024.0
pemotong-kertas,Tang Pelubang ID Card 2 In 1 Diameter 5mm Alat Plong Kertas PVC 5mm,Rp319.000,319000.0
pemotong-kertas,6mm Pembolong Kertas 1 Lubang Joyko PU-34 paper punch ATK1288JY,Rp27.650,27650.0
pemotong-kertas,Pisau Cutter Besar (18mm) Snap Off Blade Knife INGCO HKNS28035 Cuter,Rp25.760,25760.0
pemotong-kertas,Deli Cutter / Pisau Pemotong Portable Lucu TD701 Alat,Rp27.000,27000.0
pemotong-kertas,Xantri - Alat Pemotong Kertas Bulat Pemotong Kertas Bentuk Lingkaran Cocok Untuk Craft Projects DIY Ukuran 10CM Circle Trimmer Cutter Adjustabel,Rp50.400,50400.0
pemotong-kertas,Pisau Cuter 12.5mm Snap-Off Blade Wallpaper Cutter FWP-1 OLFA,Rp84.700,84700.0
pemotong-kertas,Refill Blade Olfa LBB-10 18 mm Spare Blade (10 Pcs),Rp65.300,65300.0
pemotong-kertas,PROSKIT DK-2039 Pisau Cutter - Utility Knife (3 Blades Self Loading) Alat,Rp78.999,78999.0
pemotong-kertas,Maped Isi Ulang Cutter 9mm - 1 Box isi 10 Blades,Rp21.400,21400.0
pemotong-kertas,GREEBEL Mini Cutter MC-1005 (1Pcs) / Kater Lucu / Cuter karakter / Kater Untuk Anak Sekolah,Rp15.750,15750.0
pemotong-kertas,"Lakban Dispenser Lion [SDL-01] /Stell OPP Tape Cutter 2 Inchi / Pemotong Pita Perekat Solatip,",Rp43.150,43150.0
pemotong-kertas,Gunting Besar M2000 Scissors [SM-A180] / Gunting Kertas Kain Plastik,Rp11.750,11750.0
pemotong-kertas,"SDI 1009 Cutting Mat Tebal A1 / Alas Potong A1 (36"" x 24"")",Rp334.950,334950.0
pemotong-kertas,Daiso Scissors grinder For Metal Scissors,Rp33.000,33000.0
pemotong-kertas,SDI 1420 Isi Cutter Super Heavy Duty 25mm (For SDI 0445C),Rp69.050,69050.0
pemotong-kertas,Jakarta Utara,Rp12.000,12000.0
pemotong-kertas,Xantri - Gunting Kerajinan Craft Scissors Set Gunting DIY KM-661-02,Rp71.400,71400.0
pemotong-kertas,Spare Part Mesin Pingul Huk Alat Potong Sudut Kertas 1 rim - Round Corner Cutter,Rp258.500,258500.0
pemotong-kertas,Box Cutter Big (18mm SK4) INGCO HKNS11815 - Blade Besar 18 mm Retract Pemotong Alat Plastik Hitam,Rp21.600,21600.0
pemotong-kertas,PEARL ADP-30 ADAPTER ( 3 HOLES ) BMJ,Rp790.000,790000.0
pemotong-kertas,Pisau Cuter 9mm Snap-Off blade cutter A-5 OLFA JAPAN,Rp61.100,61100.0
pemotong-kertas,Pisau Cuter 12.5mm Snap-Off Blade Wallpaper Cutter FWP-1 OLFA,Rp84.700,84700.0
pemotong-kertas,GUTE Pisau Cutter GODWIN Termurah,Rp10.000,10000.0
pemotong-kertas,Aksesoren Cutter Kecil Joyko [CU-0519] / Alat Pemotong Kertas Plastik Kardus Kain / Silet Kater Cuter Pisau Pemotong Mini Portable,Rp8.500,8500.0
pemotong-kertas,SDI 0423 Cutter Autolock 18mm,Rp46.150,46150.0
pemotong-kertas,Craft Cutter Pemotong Kerajinan Tangan Joyko CU-502,Rp40.600,40600.0
pemotong-kertas,Cutter Cuter Kecil Pastel Color Joyko A-300 - Pemotong Kertas Joyko A-300A,Rp8.483,8483.0
pemotong-kertas,Cutting dies tree tangkai scrapbooking greeting card stencil DHPATTERN,Rp39.000,39000.0
pemotong-kertas,Mesin Cutting Sticker TENETH TH 1300,Rp8.149.000,8149000.0
pemotong-kertas,Alat Pelipat Rit Creasing Kertas Sheet Album Lebar 45 cm DC-460Y,Rp1.821.000,1821000.0
pemotong-kertas,"Rotary Paper Cutter Trimmer A4 / A3 vertikal 35 cm - Alat Potong / Pemotong kertas Hvs, Kertas foto Photo glossy, Silky, Sticker, Art Paper A3, A4, A5, A6, Pas Photo 4R",Rp513.700,513700.0
pemotong-kertas,Bantex Gunting Kantor / Office Scissor Stainless Steel Blade Tajam Ergonomis Berbagai Ukuran BD10XX,Rp15.000,15000.0
pemotong-kertas,"3M Scotch Home & Office Scissors 1408, 8 inch, Gunting Pemotong Kertas",Rp45.410,45410.0
pemotong-kertas,Jakemy Karpet ESD Heat Insulation Working Mat JM-Z16,Rp231.488,231488.0
pemotong-kertas,TRG Cutter Pastel Color CU-173 - Pemotong Kertas Cuter Kecil Besi Tajam TRG,Rp8.573,8573.0
pemotong-kertas,White Pastel Color Kids Scissors - Gunting Anak Lucu,Rp16.386,16386.0
pemotong-kertas,Sanneng - SN4245 Pizza cutter 52x175mm,Rp136.400,136400.0
pemotong-kertas,[Special Price] Deli Portable Scissors Gunting Portabel 77761 Alat Pink Kantor,Rp31.000,31000.0
pemotong-kertas,Stanley Classic 1992 Utility Blades / Pisau Cutter 10Pcs 11-921T-22,Rp48.500,48500.0
pemotong-kertas,"Stanley Fatmax Adjustable Wrench / Pisau Cutter 12"" STHT10779-8",Rp97.000,97000.0
pemotong-kertas,Daiso Screen -Round - 16.5cm - 2 pcs.-,Rp33.000,33000.0
pemotong-kertas,Daiso Tornado Veggie Cutter,Rp33.000,33000.0
pemotong-kertas,Mesin Cutting Sticker SUN Auto Contour Cut EC390 A3 / EC720 (72 cm),Rp4.239.000,4239000.0
pemotong-kertas,Pisau Cutter Sailor Man [Besar] / Alat Potong Super Tajam Premium,Rp5.750,5750.0
pemotong-kertas,Pisau Cutter 9mm SPC-1 Olfa Snap Off Blade Cutter,Rp20.900,20900.0
pemotong-kertas,Prophy Care Paste // Pasta Scalling,Rp110.000,110000.0
pemotong-kertas,ARTLINE Gunting Stix Scissors ETX-SC,Rp40.255,40255.0
pemotong-kertas,Gunting Anak Faber Castell - Kids Play Safe Scissors Faber-Castell,Rp16.641,16641.0
pemotong-kertas,Cutter Besar [Evercoss EV-500] / Kater Super Tajam / Cuter / Silet,Rp17.750,17750.0
pemotong-kertas,Sanneng - SN4245 Pizza cutter 52x175mm,Rp136.400,136400.0
pemotong-kertas,Mesin Cutting Sticker SUN Auto Contour Cut EC390 A3 / EC720 (72 cm),Rp4.239.000,4239000.0
pemotong-kertas,Stanley Quick Point Snap Off Knife / Pisau Cutter 18mm 0-10-151,Rp48.700,48700.0
pemotong-kertas,Pembolong kertas/Punch 30 Joyko Stationery Merah Binder,Rp14.795,14795.0
pemotong-kertas,Cuting Mat A2 Joyko - Cutting Matt Alas Potong CM-A2,Rp103.433,103433.0
pemotong-kertas,SDI 0404 Cutter Murah 9mm,Rp21.550,21550.0
pemotong-kertas,SDI 0818 Pembolong Kertas 30XL / Hole Puncher,Rp43.250,43250.0
pemotong-kertas,Refill Cutter Blade (18mm) Keeness KNS-D1023 Refill Isi Ulang Mata Cutter Pisau,Rp17.000,17000.0
pemotong-kertas,Cutter KATER Pisau Pemotong Premium Industrial PISAU SNAP-OFF BLADE KNIFE 30005 Tolsen,Rp7.000,7000.0
pemotong-kertas,Kenko Gunting Sc 838N R1013,Rp17.200,17200.0
pemotong-kertas,Craft Pen Cutter Blade SDI 0491 - Isi Refill Pisau Cuter Kecil Tajam Isi 10 Buah,Rp15.598,15598.0
pemotong-kertas,Deli Cutter Blade / Isi Ulang Cutter SK5 Isi 10 pcs 78002,Rp17.000,17000.0
pemotong-kertas,SDI Isi Cutter 30 Derajat SK2 1361 10 TUBE / 10 PCS,Rp181.500,181500.0
pemotong-kertas,"SDI 1005 Cutting Mat Tebal A4 / Alas Potong A4 (12"" x 9"")",Rp42.850,42850.0
pemotong-kertas,Nankai Alat Pemotong Styrofoam Listrik,Rp252.000,252000.0
pemotong-kertas,LINEX-CK200 ART KNIFE WITH 8MM BLADE #4801 00,Rp54.000,54000.0
pemotong-kertas,Gunting Sedang Joyko SC-838 - Stainless Scissors Pemotong Kertas Kuat Tajam,Rp9.284,9284.0
pemotong-kertas,Gunting Scissors Joyko SC-26 Monkey,Rp18.200,18200.0
pemotong-kertas,Bantex Gunting Sekolah / Student Scissor Ujung Tumpul Aman untuk Anak BD120X,Rp13.000,13000.0
pemotong-kertas,Xantri - Circle Cutter Adjustabel DIY Terbaru 10 cm s/d 32 cm Alat Pemotong Kertas Origami / Pemotong Kertas Bentuk Lingkaran,Rp50.400,50400.0
pemotong-kertas,Daiso Titanium Coated Cutter -With Rubber - 2.6cm x 13.7cm - 1in x 5.4,Rp33.000,33000.0
pemotong-kertas,Daiso Black Coated Cutter -With Rubber - 5 Replacement Blades-,Rp33.000,33000.0
pemotong-kertas,"SDI 5850 8"" Gunting Stainless Steel Tajam Soft Grip",Rp54.150,54150.0
pemotong-kertas,ZRM 1815 Paper Cutter / Alat Pemotong Kertas A3,Rp395.150,395150.0
pemotong-kertas,Stanley Basic Snap Off Knife / Pisau Cutter 18mm STHT10276-8,Rp42.000,42000.0
pemotong-kertas,Bambi x Runxin Cutter 18mm CT-307 Red Color Original,Rp8.250,8250.0
pemotong-kertas,Mesin Cutting Stiker Jinka A3+ XL Pro V 453 / 493 LED Auto Contour Cut,Rp5.339.000,5339000.0
pemotong-kertas,Cuting Mat A3 SDI - Cutting Matt Alas Potong A3,Rp62.275,62275.0
pemotong-kertas,8/10/10.5Inch Gunting Potong Bahan Kain / Textile Scissors / Gunting Penjahit / Gagang Emas Gunting Pemotong Kain,Rp64.000,64000.0
pemotong-kertas,MAX Cutter Slim Pastel - Satuan,Rp13.338,13338.0
pemotong-kertas,Craft Pen Cutter Art Hobby Knife SDI 0491 - Pisau Seni Ukir Kerajinan Tangan,Rp48.924,48924.0
pemotong-kertas,Cutter Besar Joyko [L-500/1 pcs] + Isi [L-150/5 pcs] / Pisau Pemotong,Rp20.750,20750.0
pemotong-kertas,KENKO - Cutter Auto Lock A300 Varian Cutter Kecil - Pcs,Rp10.500,10500.0
pemotong-kertas,Gunting Kecil Joyko Scissors [SC-828] / Alat Potong Memotong Rambut Kertas Kain Plastik Pemotong,Rp9.500,9500.0
pemotong-kertas,JOYKO Gunting Sedang SC-838 // SC-838SG - Pcs,Rp12.550,12550.0
pemotong-kertas,KENKO Pembolong Pelubang Kertas Punch No. 85N - PCS,Rp54.450,54450.0
pemotong-kertas,HighPoint Aplus Cutter 9mm - AACU116-1 - satuan,Rp3.200,3200.0
pemotong-kertas,Mesin Cutting Sticker Jinka 72 cm Auto Contour Cut Terbaru - XL Pro V 723 LED ( Auto Contour Cut ) Pengganti Jinka Pro 722 Silver / NXL PRO AC Stiker,Rp7.279.000,7279000.0
pemotong-kertas,Ezren EZ-SK3 Cutter 18mm Steel Blade Auto Self-Locking Paper Cutter,Rp22.297,22297.0
pemotong-kertas,Joyko Gunting Sc 838 Sof Grip R0117,Rp19.800,19800.0
pemotong-kertas,Deli Cutter Blade / Isi Ulang Cutter 18 mm Isi 10 pcs perkakas DL-DP09A,Rp12.000,12000.0
pemotong-kertas,[READY] Aimilo Gunting Scissors Multifungsi Stainless Steel 12/16/20cm Tajam Dan Anti Karat Gagang Buram,Rp10.500,10500.0
pemotong-kertas,Stanley Quick Point Snap Off Knife / Pisau Cutter 9mm 0-10-150,Rp51.300,51300.0
pemotong-kertas,Gunting Esco Cheryl Stainless Steel 8 Inch Gagang Hitam (CR-850),Rp17.460,17460.0
pemotong-kertas,ISKU SK5 10 pcs Cutter Blade Isi Ulang Cutter Anti Karat Isi Ulang Pisau Cutter Pisau utilitas,Rp19.000,19000.0
pemotong-kertas,Xantri Matras Pemotong kertas Cutting Mat Tikar Pemotong Kertas Alas Potong Kertas Ukuran A3 Tebal 3CM Warna Pink Bru Hijau KM - 883A3,Rp54.000,54000.0
pemotong-kertas,"Gunting Kain Tajam Craftman Cut 9"" Shuaipu | Gunting Jahit Profesional Stainless Steel",Rp72.221,72221.0
pemotong-kertas,HYUNDAI Cutter Logam Original 9MM Pisau Serbaguna Metalik Alat Potong Sederhana Dengan Desain Praktis Bahan SK5 dan Aluminium Warna Merah,Rp24.090,24090.0
pemotong-kertas,Sunwell Cutter Plastik Bening Besar,Rp9.000,9000.0
pemotong-kertas,Maped Gunting Ujung Lancip (Pointed) dengan Tutup (Cap) 13 cm,Rp63.500,63500.0
pemotong-kertas,Gunting Cekris Pemotong Benang Jahit Jait - Scissor Thread Cutter,Rp5.151,5151.0
pemotong-kertas,Daiso Mini cutter with chain,Rp33.000,33000.0
pemotong-kertas,Xantri - Gunting kerajinan Craft Scissors Set KM-661-02,Rp71.400,71400.0
pemotong-kertas,Mesin Cutting Auto Feeder A3+ B350 Single Head / B350 Pro Single Head / Pro Double Head,Rp19.799.000,19799000.0
pemotong-kertas,Paper Cutter A4 Joyko PC-1637 - Alat Potong Pemotong Kertas,Rp82.064,82064.0
pemotong-kertas,Alat Pemotong Gabus - Styrofoam Stereofoam Cutter,Rp88.625,88625.0
pemotong-kertas,GREEBEL Gunting Sedang Scissor (GUNTING SC-03) / Gunting Stainless / Anti Karat Nyaman Digenggam,Rp16.950,16950.0
pemotong-kertas,PARKO Cutter 1 RENCENG (12PCS) Cutter PK-501 / Cutter Anti Karat / Kater Renceng Besar,Rp26.750,26750.0
pemotong-kertas,Pisau Ukir Hobby dengan 6 Refill Pisau Carving Aluminium dan Pemotong Pen,Rp37.000,37000.0
pemotong-kertas,Cutter Cuter Kecil Joyko CU-10BC - Pemotong Kertas Joyko,Rp3.596,3596.0
pemotong-kertas,SDI Ingenuity Precision Cutter 0443C 1 LSN / 12 PCS,Rp610.200,610200.0
pemotong-kertas,Cutter Kecil Joyko [CU-504] / Alat Pemotong Kertas Plastik Silet Tajam,Rp6.750,6750.0
pemotong-kertas,REFILL PEN CUTTER SDI gundam gunpla model kit,Rp18.000,18000.0
pemotong-kertas,TEKIRO BOLT CUTTER 42 INCH,Rp1.063.260,1063260.0
pemotong-kertas,Ezren EZ-0011 10 Buah Pisau Kait Papan Akrilik PVC Alat Pemotong Plastik Akrilik Refill,Rp15.302,15302.0
pemotong-kertas,Kenmaster Pisau Cutter + Grip - PSCT013,Rp31.000,31000.0
pemotong-kertas,PAKET BUNDLING SDI 0443C Ingenuity Cutter + SDI K361 Extreme Black Cutter Blade,Rp64.125,64125.0
pemotong-kertas,Blade Jinka - Pisau Cutting 30 Degree Big Letters isi 3 Pcs,Rp61.600,61600.0
pemotong-kertas,JOYKO Cutter Refill L-150 HITAM Uk Besar - TUBE,Rp13.850,13850.0
pemotong-kertas,Gunting Sedang M2000 Scissors [SM-A165] / Gunting Kertas Kain Plastik,Rp7.900,7900.0
pemotong-kertas,TRG Gunting Anak Kecil SC-202 - Kids Friendly Safety Scissors Bahan Plastik Aman Tumpul TRG,Rp7.716,7716.0
pemotong-kertas,TRG Cutter Blade 30 Derajat BL-100PT - Refill Pisau Cuter Kecil Tajam Isi 5 Buah TRG,Rp5.753,5753.0
pemotong-kertas,Ezren EZ-0547 Alluminium Alloy Utility Knife Cutter Alumunium 18mm,Rp17.460,17460.0
pemotong-kertas,Mitsushi Set Pisau Pemotong Plastik Serbaguna dengan Desain Bilah yang Dapat Ditarik dan Mengunci Sendiri untuk Perkakas Perkakas,Rp10.573,10573.0
pemotong-kertas,Bantex Gunting Serbaguna / Office Scissor Pegangan Ergonomis Pisau Baja Tahan Karat Ukuran 210 mm BD1011,Rp25.000,25000.0
pemotong-kertas,Bantex Gunting Kantor / Office Scissor Soft Touch Stainless Steel Tajam & Ergonomis BD10XX,Rp29.000,29000.0
pemotong-kertas,Bantex Refill Cutter Blade Pisau Hitam Tajam BD505X,Rp6.000,6000.0
pemotong-kertas,Bantex Cutter Pemotong Kertas Comfort Grip Pisau Baja SK5 AutoLock BD5X22,Rp38.000,38000.0
pemotong-kertas,PEN CUTTER CRAFT KNIFE anti-roll cap design with 21 blades dspiae,Rp59.000,59000.0
pemotong-kertas,Cutter Pemotong Joyko CU-10BC ~ 15BC,Rp3.900,3900.0
pemotong-kertas,3M Scotch Unboxing Scissors 1487NS / Purple 7 Inch / Gunting,Rp83.864,83864.0
pemotong-kertas,Gunting Kertas Slim Mini Paper Scissor DELI 0600 ATK0976DL,Rp38.800,38800.0
pemotong-kertas,Alat Plong SUN - JOURNEY Pelubang Kertas 5815 Pelubang Aksessoris / Puzzle / Pembatas Buku / 5810 Pelubang Untuk Gantungan Kunci,Rp96.700,96700.0
pemotong-kertas,[Elephant] Scissor SC0460,Rp14.000,14000.0
pemotong-kertas,Cutter Mini Karakter Awan Pisau Pemotong Mini,Rp6.500,6500.0
pemotong-kertas,"Deli Graver / Cutter Ukir Bahan Metal, Refill 10pcs perkakas 2102",Rp48.000,48000.0
pemotong-kertas,"SDI 0927C Craft Titanium Scissors 7"" 175mm / Gunting Titanium 7""",Rp77.850,77850.0
pemotong-kertas,PAKET BUNDLING SDI Pen Cutter 0491 + Cutting Mat A3 1007,Rp122.535,122535.0
pemotong-kertas,SDI 0445C Super Heavy Duty Cutter Supreme Duo Lock 25mm,Rp69.050,69050.0
pemotong-kertas,GUNTING SC-838SG KENKO TMBOOKSTORE,Rp12.500,12500.0
pemotong-kertas,Pisau Cuter 9mm Snap-Off blade cutter A-5 OLFA JAPAN,Rp61.100,61100.0
pemotong-kertas,Deli x Nusign Gunting Kertas / Scissor Anti Karat Minimalis ENS053 Alat Alat,Rp42.900,42900.0
pemotong-kertas,JOYKO Washi Tape Cutter Pemotong Pita Perekat WTC-124,Rp20.900,20900.0
pemotong-kertas,"WIPRO Gunting Seng (British Type) WS-2010 (10"""")",Rp126.875,126875.0
pemotong-kertas,Deli Tools Pisau Pengganti Cutter Blade 18x15mm SK4 DL-DP181,Rp12.600,12600.0
pemotong-kertas,"Spare Part Mesin Potong Kertas 1 rim 858 / 868 A3 dan A4 - Blade / Pisau, Alas Potong / Cutting Stick / Tatakan Pisau",Rp68.200,68200.0
pemotong-kertas,MAX Pembolong Kertas / Paper Punch Hingga 27 lembar (F2DN2),Rp160.000,160000.0
pemotong-kertas,Bantex Cutter Pemotong Kertas Pisau Baja SK5 AutoLock BD5X01,Rp25.300,25300.0
pemotong-kertas,Jakemy Sendok Cetakan IC Memory Metal Tin Scraping Knife JM-Z12,Rp11.568,11568.0
pemotong-kertas,CR72 Dial Trimer We R Memory 663160 Alat Potong Kertas 5 Motif Craft,Rp725.500,725500.0
pemotong-kertas,OLFA CKB 1 Refill Cutter CKB-1 Spare Blade Craft Knife CK-1,Rp38.900,38900.0
pemotong-kertas,Pisau Cutter 9mm SPC-1 Olfa Snap Off Blade Cutter,Rp20.900,20900.0
pemotong-kertas,"Gunting mini karakter Mickey Mouse, Spiderman, Princess Cinderella , Snow White gunting lucu alat tulis sekolah",Rp32.830,32830.0
pemotong-kertas,CUTTER L-500 JOYKO TMBOOKSTORE,Rp28.000,28000.0
pemotong-kertas,GREEBEL Cutter G-300 (1PCS) / Kater / Cuter Besar / Anti Karat Cuter Tajam,Rp12.850,12850.0
pemotong-kertas,SDI 0437C Ergo Ease Cutter 9mm / Cutter Ergonomis 9mm Autolock,Rp28.850,28850.0
pemotong-kertas,Tambahan Jasa Cutting 1 - 3 ( Kiss-Cut / Die-Cut ),Rp10.000,10000.0
pemotong-kertas,ZRM A-300 Cutter Autolock Murah 9mm,Rp7.950,7950.0
pemotong-kertas,Gunting Anak Kecil Joyko SC-40 - Kids Scissors Joyko,Rp7.325,7325.0
pemotong-kertas,Daiso Convenient cutting board sheet Long -26cm x 16cm x 2.5cm-,Rp22.000,22000.0
pemotong-kertas,"SDI 0920J 6.75"" Gunting Anti Lengket Stainless Steel",Rp57.750,57750.0
pemotong-kertas,Proskit SR-336 Gunting Industri Multi Purpose Scissor Original Stainless Cutter,Rp230.999,230999.0
pemotong-kertas,CAB Cutter Lipat Serbaguna Tajam + Free Isi Cutter | Praktis & Aman,Rp23.000,23000.0
pemotong-kertas,[XTRA LIVE] Deli Small Paper Trimmer Portable/ Pemotong Kertas Kecil A4 A5 Trimmer Photo Cutter Mat 14251 kantor mesin,Rp64.000,64000.0
pemotong-kertas,Stanley Retractable Blade Utility Knife / Pisau Cutter STHT10479-0,Rp284.600,284600.0
pemotong-kertas,Pen Cutter SDI 0491 + Refill 10pcs,Rp67.500,67500.0
pemotong-kertas,Ezren EZ-SK2 Silet Pemotong Kertas Pisau Kater Potong Kardus Auto Lock,Rp9.700,9700.0
pemotong-kertas,Ezren EZ-SK3 Cutter Pisau Baja 18mm Auto Self-Locking Pemotong Kertas,Rp15.035,15035.0
pemotong-kertas,Alligator Small Cutter AL – 7S,Rp8.900,8900.0
pemotong-kertas,"Rotary Paper Cutter Trimmer A2 / A1 vertikal 61 cm - Alat Potong / Pemotong kertas Hvs, Kertas foto Photo glossy, Silky, Sticker, Art Paper A1, A2, A3, A4, A5, A6, Pas Photo 4R",Rp671.000,671000.0
pemotong-kertas,TRG Black Cutting Mat Alas Potong A3 CM-03 - Cuting Matt Hitam TRG,Rp46.245,46245.0
pemotong-kertas,Bantex Gunting Mini Saku Portable / Office Scissor Pisau Tajam Anti Karat Ujung Tumpul 118 mm Alat Stationery,Rp25.000,25000.0
pemotong-kertas,Bantex Cutter Pemotong Premium Untuk Kertas Pisau Baja AutoLock Warna Hitam Blackening BD5X06,Rp26.500,26500.0
pemotong-kertas,Gunting Scissors Joyko SC-33 ~ 35,Rp11.500,11500.0
pemotong-kertas,Bantex Cutter Premium Body Aluminium Pemotong Kertas Pisau Baja Warna Hitam AutoLock Blackening BD5X62,Rp30.000,30000.0
pemotong-kertas,Cutter / Pemotong Joyko L-500,Rp21.800,21800.0
pemotong-kertas,Pisau Cutter Besar 18 mm SK4 Blade Cuter INGCO HKNS11815 Potong Kertas,Rp22.080,22080.0
pemotong-kertas,Paket Cutting Mat A3 LARGE & Pen Cutter SDI Bonus 10 Blade Refill Alas Potong Karet Anti Slip Self Healing Hemat,Rp125.000,125000.0
pemotong-kertas,PEN Cutter 2 in 1 HOBBY mini art craft OLFA,Rp250.000,250000.0
pemotong-kertas,MAX Cutter Besar / Large Warna Pastel - Satuan,Rp24.541,24541.0
pemotong-kertas,Kenmaster Pisau Cutter + Grip - PSCT013,Rp31.000,31000.0
pemotong-kertas,PAKET BUNDLING SDI 0443C Ingenuity Cutter + SDI K361 Extreme Black Cutter Blade,Rp64.125,64125.0
pemotong-kertas,Blade Jinka - Pisau Cutting 30 Degree Big Letters isi 3 Pcs,Rp61.600,61600.0
pemotong-kertas,JOYKO Cutter Refill L-150 HITAM Uk Besar - TUBE,Rp13.850,13850.0
pemotong-kertas,Gunting Sedang M2000 Scissors [SM-A165] / Gunting Kertas Kain Plastik,Rp7.900,7900.0
pemotong-kertas,Cutter pisau besar 18mm / PISAU SNAP-OFF Aluminium Case 30002 Tolsen Peralatan,Rp22.000,22000.0
pemotong-kertas,Cutter Cuter Besar K-500 - Alat Potong Pemotong Kertas Tajam Kuat Murah,Rp1.982,1982.0
pemotong-kertas,Deli Tools Cutter Mini Home Series Art Lightweight Knife Body Cutter SK2 Blade ABS / HT4018/HT4018C/HT4018L Alat Perkakas,Rp24.000,24000.0
pemotong-kertas,"Mesin Cutting Sticker JINKA GC PRO 723 (72 cm) / 1353 (135 cm) CAM TOUCH SCREEN Auto Contour Cut Bahan Reflective, Silver, Gold, Hologram",Rp11.749.000,11749000.0
pemotong-kertas,MODENA GENUINE PARTS WATERPROOF TRAY (MAT FINISHED) 120#,Rp59.400,59400.0
pemotong-kertas,XANTRI - Rotary Cutter Kain Alat Pemotong Rottary Bulat 45mm,Rp39.600,39600.0
pemotong-kertas,Xantri 3 in 1 Round Corner Cutter Pemotong Sudut Corner Puncher Rounder Siku Pemotong Ujung Kertas Plastik pembolong kertas,Rp43.200,43200.0
pemotong-kertas,Pisau Cutter Kenko [A-300] / Alat Potong Kertas Kain Plastik Original,Rp10.500,10500.0
pemotong-kertas,Tape Cutter Tape Dispenser Alat Pemotong Lakban Perekat Besar 48mm,Rp13.792,13792.0
pemotong-kertas,Benex Isi Cutter Edisi Refill Cutter Blade 9mm 1 Set Original,Rp6.750,6750.0
pemotong-kertas,ZRM 30XL Pembolong Kertas / Hole Puncher No.30XL,Rp16.850,16850.0
pemotong-kertas,"Deli Graver / Cutter Ukir Bahan Metal, Refill 10pcs perkakas 2102",Rp48.000,48000.0
pemotong-kertas,Kreasikayukuu Tulisan Toilet Lingkaran Timbul 2 layer + Background 5mm Cutting Plywood,Rp41.400,41400.0
pemotong-kertas,Ezren EZ-SK2 Silet Pemotong Kertas Pisau Kater Potong Kardus Auto Lock,Rp15.515,15515.0
pemotong-kertas,"Gunting Estudee Scissors School 6"" Blue",Rp25.000,25000.0
pemotong-kertas,"GUNTING SC-848 JOYKO Gunting Ukuran 21,5 x 7,9cm | Gunting Besar | Gunting Pemotong Kertas | TMBOOKSTORE",Rp20.000,20000.0
pemotong-kertas,mata dies bar cutter montoya,Rp1.000.000,1000000.0
pemotong-kertas,Bantex Refill Cutter Blade Pisau Tajam Material SK4 Isi 5 Pcs BD50XX,Rp4.500,4500.0
pemotong-kertas,Tang Pelubang PVC ID Card Diameter 3 x 15mm,Rp167.500,167500.0
pemotong-kertas,Jakemy Congkelan JM-Z05 Alloy Carving Knife,Rp24.254,24254.0
pemotong-kertas,MAX DP-15T (Hole Punch) Navy Blue,Rp145.000,145000.0
pemotong-kertas,D'ADDARIO LOKNOB LARGE PW-LNL-01B BMJ,Rp150.000,150000.0
pemotong-kertas,"ISI CUTTER 93433A - 10PC. SPARE BLADES, 8-POINT, 18X100 MM SATA",Rp78.000,78000.0
pemotong-kertas,Cutting Mat A4 Alas Potong Model Kit SDI,Rp65.000,65000.0
pemotong-kertas,DoraHomi Mesin Alat Pemotong Bulu Pakaian Elektrik Baterai Pakaian Bebas Bulu Selalu Tampak Baru,Rp88.200,88200.0
pemotong-kertas,Cutting Mat A3 & Pen Cutter - Alas Potong Gundam Paket Set Hemat,Rp125.000,125000.0
pemotong-kertas,Pin Punch and Chisel Set isi 5 dan 6 Pcs Pahat Besi Penitik Pin Cold Chisel TOLSEN,Rp160.000,160000.0
pemotong-kertas,"[SAHABAT-MANCING]""Gunting Kertas Aesthetic Akrilik Transparan Scissors Scrapbook Cutter Perlengkapan Use Bening Multifungsi """,Rp5.900,5900.0
pemotong-kertas,Gunting Scissors Joyko SC-29 ~ 32,Rp18.500,18500.0
pemotong-kertas,"ZRM Z-902 5.5"" Gunting Stainless Steel Tajam",Rp8.650,8650.0
pemotong-kertas,HYUNDAI Pisau Cutter 18mm Cutter Heavy Duty Tahan Lama untuk Wallpaper Buka Paket Potong Kertas​,Rp26.290,26290.0
pemotong-kertas,Safety Cutter SK-4 OLFA,Rp88.900,88900.0
pemotong-kertas,"SDI 5849 7"" Gunting Stainless Steel Soft Grip",Rp44.350,44350.0
pemotong-kertas,Daimaru Pisau Heavy Cutter 18mm,Rp29.900,29900.0
pemotong-kertas,Mini Cutter Cuter Kecil Deli Nusign NS065 Morandi Color - Pemotong Kertas Deli,Rp15.203,15203.0
pemotong-kertas,Deli Isu Ulang Pisau Cutter Ukuran Besar profesional ujung pisau kinerja potong lebih baik E78000 Plastik Pemotong,Rp27.900,27900.0
pemotong-kertas,Stanley Retractable Blade Utility Knife / Pisau Cutter STHT10479-0,Rp333.700,333700.0
pemotong-kertas,Daiso Skeleton Scissors with Case 13cm,Rp33.000,33000.0
pemotong-kertas,Bosch Mata Gerinda Potong untuk Besi 355mm A30RBF 2608600936,Rp87.000,87000.0
pemotong-kertas,Rumah Lakban BESI Cartoon Sealer Alat Potong Lakban Tape Cutter 0824 DELI ATK0981DL,Rp67.800,67800.0
pemotong-kertas,BOSS TU-02 BMJ,Rp240.000,240000.0
pemotong-kertas,Gunting Kecil Joyko Scissors [SC-828SG] / Gunting Kertas Kain Plastik,Rp13.500,13500.0
pemotong-kertas,Gunting Besar Joyko SC-848 - Stainless Scissors Pemotong Kertas Kuat Tajam,Rp13.389,13389.0
pemotong-kertas,Paper Cutter Portable A5 Joyko PC-1128 - Alat Potong Pemotong Kertas,Rp45.293,45293.0
pemotong-kertas,"""Gunting kertas tajam Transparan Pemotong Gagang Bening Estetik Scissors Scrapbook Use Stainless """,Rp5.900,5900.0
pemotong-kertas,Cutter Pemotong Joyko CU-0511,Rp8.500,8500.0
pemotong-kertas,Daiso Scissors - Can Cut Hard Objects,Rp33.000,33000.0
pemotong-kertas,Pemotong Kertas Paper Cutter Joyko PC-1128 A5,Rp49.300,49300.0
pemotong-kertas,Pelubang Kertas Bulat Motif Renda / Lace Corner Puncher SUN - JOURNEY M8710,Rp154.000,154000.0
pemotong-kertas,Cutting Strip (Plastik Sheet) Mesin Cutting Sticker Jinka - 1 meter,Rp126.500,126500.0
pemotong-kertas,Maped Gunting Advanced Green sepanjang 18cm kemasan Blister,Rp36.800,36800.0
pemotong-kertas,Cutting dies love decoration heart valentine scrapbooking DHPATTERN,Rp59.000,59000.0
pemotong-kertas,Gunting Kecil Joyko SC-828 - Stainless Scissors Pemotong Kertas Kuat Tajam,Rp7.566,7566.0
pemotong-kertas,Potong Die-Cut / Cutting Putus Stiker - Ziip,Rp5.000,5000.0
pemotong-kertas,Ezren EZ-238 Pisau Cutter 25mm Multifungsi Anti slip Kunci Manual Tool,Rp20.452,20452.0
pemotong-kertas,Cutter Blade Refill Isi Pisau Pemotong Joyko L-150BLK Japan Steel 5Pcs,Rp14.300,14300.0
pemotong-kertas,Alligator Big Scissors Grip,Rp15.400,15400.0
pemotong-kertas,Bantex Gunting Kertas / Office Scissor Pegangan Simetris Pisau Tajam Anti Karat Ukuran 180 mm Blue Black,Rp21.000,21000.0
pemotong-kertas,Bantex Cutter Kecil Pemotong Kertas Comfort Grip Pisau Baja SK5 AutoLock BD5122 Knife,Rp25.000,25000.0
pemotong-kertas,Cricut Joy Cutting Machine Economic Bundle,Rp6.190.000,6190000.0
pemotong-kertas,Stanley Basic Snap Off Knife / Pisau Cutter 18mm STHT10276-8,Rp42.000,42000.0
pemotong-kertas,Kenmaster Pisau Cutter + Grip - PSCT013,Rp31.000,31000.0
pemotong-kertas,Mesin Cutting Sticker SUN Chameleon E500 A3+ 50 cm / E720 (72 cm) Auto Contour Cut Terbaru,Rp7.699.000,7699000.0
pemotong-kertas,Gunting Sedang M2000 Scissors [SM-A165] / Gunting Kertas Kain Plastik,Rp7.900,7900.0
pemotong-kertas,Pelubang Kertas Bulat Motif Renda / Lace Corner Puncher SUN - JOURNEY M8710,Rp154.000,154000.0
pemotong-kertas,Cutting Mat Alas Potong A3 V-Tec VT-4530 - Cuting Matt VTec,Rp59.467,59467.0
pemotong-kertas,Sanneng - SN4058 Heat Resistant Hexagonal Grid Scraper,Rp94.600,94600.0
pemotong-kertas,Vinnatsu 3D Printing Cardboard Strip Stripper Alat Handheld Potong Cardboard,Rp45.264,45264.0
pemotong-kertas,Blade Holder Mesin Cutting Sticker Jinka,Rp191.400,191400.0
pemotong-kertas,"Paper Trimmer dan Scoring Board 2in1 Foldable 861 A4 - Pemotong & Pelipat Kertas, Creaser, Creasing Tool",Rp184.800,184800.0
pemotong-kertas,Raytools Fiber Cutting Nozzle A Type for Fiber Cutting D32 H15 M14,Rp135.000,135000.0
pemotong-kertas,Xantri Pelubang Kertas 3 in 1 Tag Paper Label Puncher Corner Rounder Pembolong Kertas DIY Scrapbook KM-8710B,Rp151.200,151200.0
pemotong-kertas,Gunting Sekolah Transparan Multifungsi Gunting Bening Aesthetic Kertas Scrapbooking Cutter Perlengkapan Kantor,Rp4.500,4500.0
pemotong-kertas,Alligator Refill Cutter set 5,Rp3.900,3900.0
pemotong-kertas,Deli Isi Ulang Pisau Cutter Ukuran Besar profesional perkakas E78000 Plastik Pemotong,Rp27.000,27000.0
pemotong-kertas,Maped Scalpel Easy'Cut - Blister,Rp44.400,44400.0
pemotong-kertas,Gunting Dapur Jumbo Joyko Scissors [SC-13] / Gunting Kertas Kain,Rp35.750,35750.0
pemotong-kertas,SDI K361 Extreme Black Isi Cutter 30 Derajat / 30 Degree Cutter Blades,Rp21.650,21650.0
pemotong-kertas,Isi Pisau Pemotong Joyko A-100 [1 Tube/ 5 pcs] / Cutter Blade Refill,Rp5.150,5150.0
pemotong-kertas,GUTE Pisau Cutter GODWIN Termurah,Rp10.000,10000.0
pemotong-kertas,"Gunting Estudee Scissors School Duo 5.75"" Purple-Pink",Rp18.800,18800.0
pemotong-kertas,TRG Gunting Anak Kecil SC-201 - Kids Friendly Safety Scissors Bahan Plastik Aman Tumpul TRG,Rp11.429,11429.0
pemotong-kertas,Pisau Potong tali plastik wrapping Cutter Safety Knife Olfa SK-10,Rp93.000,93000.0
pemotong-kertas,Ezren EZ-SK4 Pisau Cutter 18mm Lock Manual Cutter Kertas Serbaguna Silver,Rp15.035,15035.0
pemotong-kertas,WL-9303AB MULTI-IN-1 CARVING CUTTING DIY GRAVER CUTTER,Rp76.000,76000.0
pemotong-kertas,V-TEC PAPER CUTTER A3 1815 VT-A3_18X15,Rp309.000,309000.0
pemotong-kertas,Daimaru Pisau Potong Stationery Cutter 9mm,Rp23.900,23900.0
pemotong-kertas,Alas Potong Kertas PVC Paper Cutting Mat A4 Double-Side,Rp20.400,20400.0
pemotong-kertas,TRG Premium Black Blade Cutter Pastel Color CU-174 - Pemotong Kertas Cuter Kecil Besi Tajam TRG,Rp11.733,11733.0
pemotong-kertas,Deli Cutter / Pisau Pemotong Kertas Ceramic Blade Anti Karat TD262 Alat,Rp30.900,30900.0
pemotong-kertas,Xantri - Alat Pemotong Sudut Bulat 3IN1 R4mm / R7mm / R10mm Untuk DIY Kerajinan tangan 8787,Rp43.200,43200.0
pemotong-kertas,Maped Gunting Essential panjang 21cm kemasan Blister,Rp23.100,23100.0
pemotong-kertas,Deli Cutter dengan pisau baja SK5 dan sistem kunci otomatis untuk penggunaan yang aman E2056,Rp35.900,35900.0
pemotong-kertas,PISAU KATER CUTTER KUTER SMALL CUTER KNIFE PISAU KUTER KECIL STAINLESS 7 Inch TOLSEN,Rp22.000,22000.0
pemotong-kertas,Cutter Blade Refill Isi Pisau Pemotong Joyko Blade-1 Untuk PC-1637,Rp24.700,24700.0
pemotong-kertas,[Murah] Cutter Besar / Pisau Cuter Alat Potong Super Tajam Premium Logam Plastik,Rp3.500,3500.0
pemotong-kertas,Maped Gunting Mini Cute 13cm,Rp41.500,41500.0
pemotong-kertas,Hasston Drip Huruf 2mm / Letter Punch (0920-002),Rp158.400,158400.0
pemotong-kertas,OMS Diving Line Cutter black,Rp850.000,850000.0
pemotong-kertas,OLFA SL1 Pisau Cutter 18mm SL-1 Snap-Off Blade Cutter,Rp63.800,63800.0
pemotong-kertas,Faber Castell Scissors Child 180769,Rp21.000,21000.0
pemotong-kertas,Alligator Gunting Besar Warna Hitam (589551 R0917),Rp23.500,23500.0
pemotong-kertas,JOYKO Tape Cutter Tape Dispenser Pemotong Pita Perekat TC-125,Rp14.100,14100.0
pemotong-kertas,NUX ACD-006A ADAPTOR .BMJ,Rp125.000,125000.0
pemotong-kertas,SORU - Refill Cutter Pemotong Serbaguna Kertas Dus - SENSH SH113427,Rp11.600,11600.0
pemotong-kertas,Refill Circular Cutter Pemotong Lingkaran 3pcs DSPIAE MT-CB,Rp95.000,95000.0
pemotong-kertas,Daiso Metal Cutter - 2 pcs. -,Rp33.000,33000.0
pemotong-kertas,I-Select Gunting Serbaguna / All Purpose Scissors Desain Minimalis U60XX,Rp7.900,7900.0
pemotong-kertas,"Mesin Potong Kartu Nama Otomatis A4 SK361 Electric Business Card Cutter ( Paper Cutter, Alat Potong Kertas Kartu Nama Elektrik )",Rp1.269.000,1269000.0
pemotong-kertas,Spare Part Alat Potong Kertas / Pemotong Kertas / Paper Cutter - Tatakan Kaki Karet Anti Slip Anti Licin / Spring Pir Per / Handle Gagang Paper Cutter / Pembatas Kertas,Rp2.800,2800.0
pemotong-kertas,Gunting Kecil M2000 Scissors [SM-A145] / Gunting Kertas Kain Plastik,Rp8.500,8500.0
pemotong-kertas,TRG Cutter Pastel Color CU-185 - Pemotong Kertas Cuter Besar Besi Tajam TRG,Rp14.183,14183.0
pemotong-kertas,ALAT RAKIT GUNDAM SET BOX LENGKAP A3 LARGE tool set starter gunpla,Rp366.000,366000.0
pemotong-kertas,Cutter Pisau Pemotong Premium Joyko CU-0514,Rp12.100,12100.0
pemotong-kertas,3M Scotch Non Sticky Unboxing Scissors 1487NS/Green 7 Inch/Gunting,Rp89.680,89680.0
pemotong-kertas,Gunting KENKO SC-838N Scissor alat potong kertas paper cut ATK1543KN,Rp18.500,18500.0
pemotong-kertas,Mini Cutter Cuter Kecil Deli 2079 - Pemotong Kertas Deli,Rp12.357,12357.0
pemotong-kertas,Gunting Sedang Bahan Teflon Joyko Anti Stick Coating SC-838NS - Stainless Scissors Pemotong Kertas Kuat Tajam Tidak Lengket,Rp11.981,11981.0
pemotong-kertas,Gunting Besar Stainless Kuat Tajam Joyko SC-848PTL - Stainless Scissors Pastel Color SC-848,Rp16.843,16843.0
pemotong-kertas,Stanley Classic 1992 Utility Blades / Pisau Cutter 10Pcs 11-921T-22,Rp58.100,58100.0
pemotong-kertas,done handymade Gunting benang thread cutter tailor embroidery tools yarn scissors,Rp5.900,5900.0
pemotong-kertas,"ZRM 1210 Paper Cutter / Alat Pemotong Kertas A4 (12"" x 10"")",Rp272.050,272050.0
pemotong-kertas,TNI-U TU-718 Gunting Dapur Cutting Powerful Kitchen Scissors,Rp39.999,39999.0
pemotong-kertas,HighPoint Aplus Stainless Scissor,Rp16.900,16900.0
pemotong-kertas,SMARTHEART ADULT DOG.FO LAMB&RICE 1.5KG,Rp76.150,76150.0
pemotong-kertas,Stanley Basic Snap Off Knife / Pisau Cutter 18mm STHT10276-8,Rp42.000,42000.0
pemotong-kertas,Kenmaster Pisau Cutter + Grip - PSCT013,Rp31.000,31000.0
pemotong-kertas,Mesin Cutting Sticker SUN Chameleon E500 A3+ 50 cm / E720 (72 cm) Auto Contour Cut Terbaru,Rp7.699.000,7699000.0
pemotong-kertas,Gunting Sedang M2000 Scissors [SM-A165] / Gunting Kertas Kain Plastik,Rp7.900,7900.0
pemotong-kertas,Pelubang Kertas Bulat Motif Renda / Lace Corner Puncher SUN - JOURNEY M8710,Rp154.000,154000.0
pemotong-kertas,Philips massager PPM4501+PPM6331 back pijat,Rp3.789.000,3789000.0
pemotong-kertas,SMARTHEART ADULT DOG.FO LAMB&RICE 1.5KG,Rp76.150,76150.0
pemotong-kertas,Qihe Paper Cutter Sliding Rotary Trimmer Pemotong Kertas Foto Poster Banner Art Paper Karton Lebar 35 61 100 130 cm A4 A3,Rp775.000,775000.0
pemotong-kertas,Cutting Mat Alas Potong A4 V-Tec VT-2230 - Cuting Matt VTec,Rp37.173,37173.0
pemotong-kertas,Gunting Sedang Stainless Kuat Tajam Joyko SC-838PTL - Stainless Scissors Pastel Color SC-838,Rp12.778,12778.0
pemotong-kertas,"BITCBae gunting kertas aesthetic Desain gagang transparan, gunting sederhana untuk penggunaan di kantor dan rumah",Rp5.900,5900.0
pemotong-kertas,Daiso Mini cutter with chain,Rp33.000,33000.0
pemotong-kertas,Pinch Roller Roda Penjepit Kertas Mesin Cutting Jinka,Rp62.700,62700.0
pemotong-kertas,"Refill Blade / Pisau Alat Pemotong Kertas A4 A3 / Paper Cutter / Paper Trimmer (Bisa potong ukuran A3, A4, A5, A6 atau lebih kecil) / Refill Blade Circle Cutter",Rp12.500,12500.0
pemotong-kertas,Mesin Cutting Sticker 135 cm JINKA GC 1353 PRO LED Auto Contour Cut CORELDRAW,Rp11.749.000,11749000.0
pemotong-kertas,Spare Part Connection Board Mesin Cutting Sticker Jinka JK/XL Series,Rp1.249.000,1249000.0
pemotong-kertas,Blade Jinka - Pisau Cutting 60 Degree Small Letters isi 3 Pcs,Rp61.600,61600.0
pemotong-kertas,IKEA MARKBART Gunting Serba Guna isi 2 Set,Rp49.900,49900.0
pemotong-kertas,TRG Gunting Transparan Stainless Scissors Pemotong Kertas Kuat Tajam SC-001 ~ SC-004 TRG,Rp13.290,13290.0
pemotong-kertas,ISKU Cutter Heavy Duty Pisau Serbaguna Bodi Full Aluminium Alloy Mata Pisau Baja SK5 Super Tajam Anti Patah Utility Knife Alat Potong Kardus Kulit Karpet Kertas Kerajinan Tangan Tahan Banting Gagang Ergonomis Kunci Aman,Rp97.400,97400.0
pemotong-kertas,ATK0022 10/12 lembar Pembolong Kertas Metal Punch Maped PU401111 SMP,Rp53.550,53550.0
pemotong-kertas,Deli Gunting / School Scissors Ujung Bulat E6020 Biru Merah Stainless Metal Deli I-Select,Rp10.500,10500.0
pemotong-kertas,Gunting household office kertas kantor rumah tangga 8 inch HOUSEHOLD SCISSORS Tolsen,Rp27.000,27000.0
pemotong-kertas,"Pisau Cutter Merah - Sharp, Ganti Mata Mudah",Rp23.300,23300.0
pemotong-kertas,OLFA KB Replacement Blade 25x (for AK-1/AK-4),Rp50.000,50000.0
pemotong-kertas,SDI 0491A Isi Pisau Pen Cutter,Rp13.650,13650.0
pemotong-kertas,Daiso Scissors Convenient for Travel,Rp33.000,33000.0
pemotong-kertas,Cutter Cuter Besar Joyko L-500 - Pemotong Kertas Joyko,Rp21.373,21373.0
pemotong-kertas,Stanley Refill Knife Blade / Pisau Cutter Cadangan 9mm 11-300T-22,Rp37.000,37000.0
pemotong-kertas,Stanley Interlock Knife Snape Off Blade / Pisau Cutter 18mm 0-10-018,Rp123.600,123600.0
pemotong-kertas,TEKIRO CUTTER LIPAT / TEKIRO PORTABLE CUTTER LIPAT,Rp102.300,102300.0
pemotong-kertas,Pisau PVC Tube Cutter Blade 97312 SATA TOOLS,Rp266.000,266000.0
pemotong-kertas,Alat Potong Kertas / Paper Cutter SUN - JOURNEY KM 5646/ 5669 / 5692 A4 Alat Potong / Mesin Pemotong Kertas HVS Sticker Art Paper Cocok Untuk DIY Perlengkapan Kantor Perlengkapan Sekolah ATK,Rp127.100,127100.0
pemotong-kertas,Pembolong Kertas SUN - JOURNEY dengan Magnet Motif Fancy DIY Fancy Hole Puncher 6615 / 6616 Continous,Rp139.100,139100.0
pemotong-kertas,Cuting Mat A2 Joyko - Cutting Matt Alas Potong CM-A2,Rp103.433,103433.0
pemotong-kertas,JOYKO Tape Cutter Tape Dispenser Pemotong Pita Perekat TC-126,Rp46.200,46200.0
pemotong-kertas,Gunting Jahit Konveksi Kain Shuaipu 10 inch Bagus Awet High Quality,Rp111.900,111900.0
pemotong-kertas,Deli Gunting Anak Plastik Aman Desain Lucu 6067,Rp9.000,9000.0
pemotong-kertas,SORU - Cutter Pemotong Serbaguna Kertas Dus - SENSH SH11342,Rp17.700,17700.0
pemotong-kertas,Isi Cutter Kenko L 150 Besar Refill Cutter Isi 5 Mata Pisau / PB EDUKASI ANAK - PBNB,Rp11.800,11800.0
pemotong-kertas,WIPRO Adjustable Circle Hole Cutter WP8347(30-300mm),Rp166.750,166750.0
pemotong-kertas,TNI-U Tu-719 Gunting Dapur Cutting Kitchen Scissors,Rp55.999,55999.0
pemotong-kertas,Estudee Scissors Kids 4.7 Purple Pink Es-Sc254,Rp15.800,15800.0
pemotong-kertas,"Daimaru Classic Grip Stationery Scissor Gunting 7,5 Inchi Baja Tahan Karat Anti-Rush Super Tajam",Rp24.900,24900.0
pemotong-kertas,Bantex Cutter Pemotong Kertas Pisau Baja SK5 AutoLock Ukuran Kecil BD5101 Knife,Rp19.000,19000.0
pemotong-kertas,Deli Isi Ulang Mata Pisau Cutter 10pcs box 100 15 8MM baja steel E2012 Alat Kantor,Rp10.900,10900.0
pemotong-kertas,TU-100D - Mata Pisau Cutter Refill Mata Pisau TNI-U - 74213,Rp9.000,9000.0
pemotong-kertas,SDI 0425 Cutter Besar Kunci Putar / Screw Lock 18mm,Rp47.050,47050.0
pemotong-kertas,SDI 0406 Cutter Autolock 9mm,Rp25.250,25250.0
pemotong-kertas,Mini Cutter Pemotong Joyko CU-0520,Rp10.000,10000.0
pemotong-kertas,Deli Cutter / Kater Pemotong Pengunci Otomatis E2061 Alat,Rp10.000,10000.0
pemotong-kertas,Tape Cutter 2 Inch Plastik - Dispenser Lakban - Tempat Lakban Plastik - Peralatan Kantor,Rp9.499,9499.0
pemotong-kertas,penghapus informasi pemotong struk mini pembuka paket 2 in 1 Pemotong Mini Pembuka Paket Penghapus Tanda Terima,Rp9.000,9000.0
pemotong-kertas,Kenmaster NEW Cutter KM-18 / Pisau Cutter / Pisau Pemotong / Pisau Kater - PSCT014,Rp16.000,16000.0
pemotong-kertas,[Alfamidi LINK]4IN1 alat kulit 1 2 4 6 Prong pembolong kulit 3/4/5/6mm 4pcs/set pembolong kulit plong,Rp63.900,63900.0
pemotong-kertas,TNI-U TU-360B Pisau cutter multifungsi ultility multifunction knife,Rp38.500,38500.0
pemotong-kertas,Nipper Tamiya Sharp Pointed Side Cutter Slim Jaw,Rp664.500,664500.0
pemotong-kertas,alay clay cutter fimo cutter cutter stainless pisau cutter gerigi,Rp221.000,221000.0
pemotong-kertas,Cutter set cernit tools alat clay cutter flat waves cutter,Rp220.000,220000.0
pemotong-kertas,"CASTA Pisau Cutter Multifungsi 6 dalam 1 Terbuat dari Stainless Steel, Lengkap dengan Obeng dan Pembuka Kaleng Botol",Rp49.233,49233.0
pemotong-kertas,Mitsushi Hardware Tang Pelubang Lunas Mesin Baja Ringan 32x8x3cm untuk Konstruksi dan Dekorasi - Logam,Rp72.900,72900.0
pemotong-kertas,SDI Isi Cutter A-300 1403C 1 LUSIN,Rp55.290,55290.0
pemotong-kertas,[Exculsive Launch] Deli Snap-off blade knife,Rp7.400,7400.0
pemotong-kertas,Isku Utility Knife Cutter Pisau Sk5 Multifungsi Paduan Aluminium Cutter Pisau 14mm Gelembung Tingkat,Rp97.400,97400.0
pemotong-kertas,"TAPE DISPENSER CUTTER DUDUK MEJA LAKBAN 12, 24mm & MINI SELOTIP",Rp58.900,58900.0
pemotong-kertas,Blade Jinka - Pisau Cutting 30 Degree Big Letters isi 3 Pcs,Rp61.600,61600.0
pemotong-kertas,Gunting Sedang M2000 Scissors [SM-A165] / Gunting Kertas Kain Plastik,Rp7.900,7900.0
pemotong-kertas,Sanneng - SN4245 Pizza cutter 52x175mm,Rp136.400,136400.0
pemotong-kertas,"SDI 1009 Cutting Mat Tebal A1 / Alas Potong A1 (36"" x 24"")",Rp334.950,334950.0
pemotong-kertas,Pisau Cuter 9mm Snap-Off blade cutter A-5 OLFA JAPAN,Rp61.100,61100.0
pemotong-kertas,Pembolong kertas/Punch 30 Joyko Stationery Merah Binder,Rp14.795,14795.0
pemotong-kertas,Alligator Black Cutter 77,Rp11.800,11800.0
pemotong-kertas,Gunting Serbaguna Seng Hollow GODWIN Extra Heavy Duty Dahan Taman Plat,Rp36.500,36500.0
pemotong-kertas,Deli Cutter /Cutter 9 mm Alat Perkakas DL309,Rp23.000,23000.0
pemotong-kertas,Hasston Refil Pisau Cutter 18mm (10 Blade) (0820-002),Rp7.920,7920.0
pemotong-kertas,ZRM L-500 Cutter Besar / Pisau Cutter L500,Rp17.550,17550.0
pemotong-kertas,SDI 3005C Aluminium Diecast Grip Cutter 9mm,Rp52.850,52850.0
pemotong-kertas,DELI Isi Ulang Besi Cutter anti karat 5pcs Material kuat berkualitas tinggi W4065,Rp7.900,7900.0
pemotong-kertas,"GUNTING SC-838N KENKO Ukuran 15,5 x 16cm | Gunting Pemotong Kertas | Gunting Sedang / Medium | TMBOOKSTORE",Rp13.000,13000.0
pemotong-kertas,LINEX-CK100 ART KNIFE WITH 4MM BLADE #4800 00,Rp50.000,50000.0
pemotong-kertas,Dewalt Folding Pocket Knife (Tough Series) / Pisau Lipat DWHT10314,Rp1.208.200,1208200.0
pemotong-kertas,Pembolong kertas 1 hole Metal Plier Punch 8 sheets 0114 DELI ATK0997DL,Rp27.500,27500.0
pemotong-kertas,Pisau Cutter Knife 9mm Snap-Off blade cutter 180 Black Olfa,Rp37.500,37500.0
pemotong-kertas,Gunting Anak Faber Castell - Kids Ergonomic Scissors Faber-Castell,Rp19.158,19158.0
pemotong-kertas,Deli Cutter / Pisau Pemotong Kertas Ceramic Blade Anti Karat TD261 Alat,Rp27.900,27900.0
pemotong-kertas,Refill Cutter Spare blade for CMP-1 Compass Cutter COB-1 OLFA,Rp38.900,38900.0
pemotong-kertas,Deli Small Paper Trimmer Portable/ Pemotong Kertas Kecil A4 A5 14251 Cutter Hitam Kantor Mesin,Rp71.900,71900.0
pemotong-kertas,10Pcs - Utility Knife Blades Set (SK4) DELI DLI-EDL-DP30A Refill Isi Ulang Mata Cutter Pisau,Rp11.500,11500.0
pemotong-kertas,Daiso Curved Blade Scissors -Soft Handle-Gray-,Rp33.000,33000.0
pemotong-kertas,Daiso Newspaper Scissors - 7cm × 25.4cm × 1.2cm,Rp33.000,33000.0
pemotong-kertas,Stanley Quick Point Snap Off Knife / Pisau Cutter 18mm 0-10-151,Rp48.700,48700.0
pemotong-kertas,Stanley Quick Point Snap Off Knife / Pisau Cutter 18mm 0-10-151,Rp48.700,48700.0
pemotong-kertas,Mesin Cutting Sticker Jinka 165 cm Auto Contour Cut Terbaru - XL Pro V 1653 LED ( Auto Contour Cut ) Stiker,Rp11.089.000,11089000.0
pemotong-kertas,Kenmaster Pisau Cutter + Grip - PSCT013,Rp31.000,31000.0
pemotong-kertas,Deli Small Paper Trimmer Portable/ Pemotong Kertas Kecil A4 A5 Trimmer Photo Cutter Mat 14251 kantor mesin,Rp64.000,64000.0
pemotong-kertas,Cutter Pemotong Joyko CU-0523 Free Extra Blade,Rp17.400,17400.0
pemotong-kertas,Deli Scissor / Gunting Lapis Teflon Anti Karat Nyaman Digenggam 6009-S,Rp18.000,18000.0
pemotong-kertas,Bantex Cutter / Pemotong Kertas Pisau 30 Derajat Sudut Tajam SK5 BD5159 Knife,Rp9.000,9000.0
pemotong-kertas,Gunting Lipat Lucu Unik Kecil Stainless,Rp35.900,35900.0
pemotong-kertas,Tang Pelubang / One Hole Punch / Pembolong Kertas 1 Lubang / Perforator Single Hole / Pelubang Kertas 1 Hole / Kw-Trio 92A0,Rp11.700,11700.0
pemotong-kertas,JOYKO Mini Cutter Pemotong CU-506 [ ECER ],Rp6.500,6500.0
pemotong-kertas,Tape Cutter Tape Dispenser Alat Pemotong Pita Lakban Perekat Joyko TD-2,Rp22.531,22531.0
pemotong-kertas,Deli Tools Pisau Multifungsi Mini Retractable Utility Knife SK5 DL408X,Rp12.000,12000.0
pemotong-kertas,Cutter / Karter Untuk Memotong Rumput Sintetis,Rp11.041,11041.0
pemotong-kertas,Mini Cutter Pemotong Joyko CU-505 (PCS) Merah,Rp3.755,3755.0
pemotong-kertas,Deli Cutter / Cutter 18 mm SK5 Auto-lock Alat Perkakas EDL003 Pemotong,Rp9.900,9900.0
pemotong-kertas,Deli Cutter /Cutter 18 mm Alat Perkakas Yellow,Rp8.000,8000.0
pemotong-kertas,Cutter Cuter Kecil Joyko A-300 - Pemotong Kertas Joyko A-300A,Rp6.681,6681.0
pemotong-kertas,"Mesin Electric Cutting, Creasing & Perforating D-19 ( Mesin pemotong kertas, Pembuat Lipatan, Garis Putus Putus ) / Mesin Electric 4 in 1 Creasing D-20",Rp900.000,900000.0
pemotong-kertas,Deli Roller Stamp / Stempel Pelindung Data 2 in 1 Dengan Cutter / Penghapus Nama + Alamat Resi JQ12X,Rp26.900,26900.0
pemotong-kertas,"Cutting Mat Alas Potong Untuk Mesin Cutting Sticker Ukuran A3, A1",Rp198.000,198000.0
pemotong-kertas,Macs Gunting Sekolah Biru School Scissors Blue,Rp17.500,17500.0
pemotong-kertas,Pisau Cutter Snap-off Blade Knife cater 25 x 125 mm Industrial 30016 Tolsen Peralatan,Rp32.000,32000.0
pemotong-kertas,Cutter Blade 30 Derajat SDI 1361 - Refill Pisau Cuter Kecil Tajam Isi 10 Buah,Rp20.382,20382.0
pemotong-kertas,Cutter Blade Joyko A-100 - Refill Pisau Cuter Kecil Tajam Isi 5 Buah,Rp3.424,3424.0
pemotong-kertas,SDI 0108D Cutter Mini Tajam Lucu / Cutter Kecil Easy Cut,Rp7.750,7750.0
pemotong-kertas,Gunting Scissors Joyko SC-14,Rp32.800,32800.0
pemotong-kertas,Tape Cutter Tape Dispenser Pemotong Pita Perekat Joyko TC-119,Rp27.075,27075.0
pemotong-kertas,Gunting Besar Gerigi Joyko ZZ-65 - Stainless Scissors Pemotong Kertas Kuat Tajam,Rp15.124,15124.0
pemotong-kertas,Mini Dies cutting dies machine embossing machine scrapbooking tools,Rp598.000,598000.0
pemotong-kertas,Mini Cutter Pemotong Joyko CU-0512,Rp4.500,4500.0
pemotong-kertas,Deli Cutter / Cutter Besar 18mm Pisau SK5 EDL018B Besi Tool,Rp7.000,7000.0
pemotong-kertas,Tambahan Cutting Large Format,Rp15.000,15000.0
pemotong-kertas,Deli E6027 Scissors/Gunting-Soft-touch Scissors 175mm Stainless,Rp51.900,51900.0
pemotong-kertas,Utility Knife / Cutter Pisau Kayu Aluminium SK2 Auto-lock PISAU UTILITAS FUNGSI GANDA 30019 Tolsen,Rp109.000,109000.0
pemotong-kertas,Gunting Scissors Joyko SC-27 Mouse,Rp18.200,18200.0
pemotong-kertas,6 Pcs Pahat & Punch Set/6 Pcs Punch & Chiset set American Tool 8958017,Rp192.500,192500.0
pemotong-kertas,ISKU cutter blade ukuran besar/ isi ulang cutter sk5 10pcs tajam dan anti karat,Rp19.000,19000.0
pemotong-kertas,[Special Price] Deli Scissor / Gunting Lapis Teflon Anti Karat Nyaman Digenggam 6009-S,Rp18.000,18000.0
pemotong-kertas,Portable Trimmer Paper Cutter A5 / Alat Pemotong Kertas Paper Trimmer,Rp21.900,21900.0
pemotong-kertas,Blade Jinka - Pisau Cutting 30 Degree Big Letters isi 3 Pcs,Rp61.600,61600.0
pemotong-kertas,Gunting Sedang M2000 Scissors [SM-A165] / Gunting Kertas Kain Plastik,Rp7.900,7900.0
pemotong-kertas,Sanneng - SN4245 Pizza cutter 52x175mm,Rp136.400,136400.0
pemotong-kertas,"SDI 1009 Cutting Mat Tebal A1 / Alas Potong A1 (36"" x 24"")",Rp334.950,334950.0
pemotong-kertas,Pisau Cuter 9mm Snap-Off blade cutter A-5 OLFA JAPAN,Rp61.100,61100.0
pemotong-kertas,10Pcs Box Cutter Blade (18mm SK5) Refill Isi Mata Besar INGCO HKNSB112 Plastik,Rp10.120,10120.0
pemotong-kertas,Rotary Cutter Cuter Putar Joyko CUR-507 - Pemotong Kertas Lingkaran,Rp58.727,58727.0
pemotong-kertas,Cutter/Kater Big Size L-500 Original Joyko Kuat Keker Anti Karat,Rp50.000,50000.0
pemotong-kertas,Faber Castell Gunting Motif Scissors Blue,Rp27.100,27100.0
pemotong-kertas,ID.BOIS 【COD】 6in1 Pisau Cutter 18mm Multifungsi Cutter Besi Stainless /10Pcs Pisau Set Cutter Pisau,Rp45.286,45286.0
pemotong-kertas,Mini Cutter Pisau Kecil Pemotong Joyko CU-0509,Rp6.700,6700.0
pemotong-kertas,Deli Cutter /Cutter 9 mm Auto-lock Alat Perkakas DL4198 Stainless,Rp7.400,7400.0
pemotong-kertas,Cutter Cuter Besar Premium Joyko CU-0513 - Pemotong Kertas Joyko,Rp20.928,20928.0
pemotong-kertas,Jakemy Scraper Soldering Assist Tool - JM-Z06,Rp15.840,15840.0
pemotong-kertas,Deli Cutter Pisau Baja 25mm Sk5 Kunci Manual Perkakas DL0035,Rp29.000,29000.0
pemotong-kertas,Paper Cutter Pemotong Kertas Joyko PC-1637 A4,Rp103.000,103000.0
pemotong-kertas,Alat Pelubang Kertas Binder / Binder Punch DIY SUN - JOURNEY M 2330,Rp251.900,251900.0
pemotong-kertas,Gunting Serbaguna Seng Hollow GODWIN Extra Heavy Duty Dahan Taman Plat,Rp36.500,36500.0
pemotong-kertas,Deli Cutter dengan pisau baja SK5 sistem kunci manual untuk penggunaan yang aman E2043 Tool,Rp28.900,28900.0
pemotong-kertas,HIOSHI/HGS001B/Gunting Kertas/BESAR/Serbaguna/Scissors/Stenlis 304/SOFT GRIP/ 8 Inch/20cm - HD,Rp45.000,45000.0
pemotong-kertas,Deli Cutter / Isi Ulang Cutter SK4 10pcs Alat Hitam Putih Kantor,Rp10.000,10000.0
pemotong-kertas,JOYKO Refill Cutter A100 untuk Cutter A300a - PCS,Rp6.150,6150.0
pemotong-kertas,Cutter Pemotong Joyko A-360,Rp9.300,9300.0
pemotong-kertas,Deli Isi Ulang Pisau Cutter Ukuran Besar profesional perkakas E78000,Rp27.000,27000.0
pemotong-kertas,Gunting Benang / Thread Cutter Dengan Handle Jari Nyaman Tajam,Rp20.900,20900.0
pemotong-kertas,Double Sided Cutting Mat 2 sisi alas potong hitam dspiae A4 A3 A2,Rp70.000,70000.0
pemotong-kertas,Mesin Cutting Sticker Jinka 721 (72 cm) / 1351 (135 cm) XL Pro NEW LED ( TIDAK BISA Auto Contour ),Rp5.859.000,5859000.0
pemotong-kertas,Glass Cutter Knife INGCO HGCT03 - Pisau Potong Pemotong Kaca Minyak Auto Oil Feed Rolling,Rp43.500,43500.0
pemotong-kertas,Krisbow Hollow Punch 2-10 Mm Set 10 Pcs,Rp97.100,97100.0
pemotong-kertas,CASTA PISAU CUTTER STAINLESS 6 FUNGSI SERBAGUNA KUALITAS PREMIUM TAJAM TEBAL KUAT,Rp49.233,49233.0
pemotong-kertas,JOYKO Cutter L500 Besar + GRATIS L150 - Set,Rp25.250,25250.0
pemotong-kertas,Gunting Scissors Joyko SC-858~868,Rp26.600,26600.0
pemotong-kertas,Mesin Plong PVC ID Card D006 - PVC Card Cutter,Rp499.000,499000.0
pemotong-kertas,Deli Cutter /Cutter 9 mm SK5 Auto-lock Alat Perkakas EDL007H,Rp6.000,6000.0
pemotong-kertas,[SPECIAL PRICE] Deli Gunting Teflon / Scissor Anti Karat Nyaman Digenggam 6009-S Hitam Stainless,Rp18.000,18000.0
pemotong-kertas,"Junior Gunting Seng 8""",Rp86.800,86800.0
pemotong-kertas,"Paper Cutter A4 ( Alat Potong / Mesin Pemotong Kertas HVS, Sticker, Dos, PVC ID Card, Yellow Board, Art Paper, Vinyl. Bontax Camel, Kertas Foto A4 Glossy Silky Glossy Photo Paper A5 A4)",Rp134.000,134000.0
pemotong-kertas,Punch / Pembolong Kertas Joyko 30XL,Rp18.800,18800.0
pemotong-kertas,Deli Cutter / Pisau Pemotong Auto-lock System Pisau Tajam 2052,Rp5.500,5500.0
pemotong-kertas,GREEBEL Gunting Mini Gunting Anak (GUNTING SC-04) / Gunting Kertas / Gunting Sekolah / Gunting Pastel Lucu,Rp17.050,17050.0
pemotong-kertas,Gunting Anak Kecil Gunindo OSS - Kids Scissors Gunindo,Rp7.310,7310.0
pemotong-kertas,Deli Tools Cutter Utility Knife set 3pcs Auto Lock HT40XX Plastik Hitam,Rp57.000,57000.0
pemotong-kertas,Pin Circle Cutter - SUN INDONESIA,Rp37.400,37400.0
pemotong-kertas,Scissors / Gunting Joyko ZZ-65,Rp12.700,12700.0
pemotong-kertas,Gunting kecil 828 joyko(berkualitas),Rp4.490,4490.0
pemotong-kertas,Mini Cutter Pemotong Joyko CU-0518,Rp10.500,10500.0
pemotong-kertas,HIOSHI/HGS001A/Gunting Kertas/SEDANG/Serbaguna/Scissors/Stenlis 304/SOFT GRIP/ 6 Inch/16cm - HD,Rp27.000,27000.0
pemotong-kertas,Nusign Gunting Lipat Multifungsi Warna Pastel NS057,Rp34.000,34000.0
pemotong-kertas,Alas Kerja Potong A3 45x30cm Matras Cutting Work Cutting Mat Pad Hijau,Rp65.000,65000.0
pemotong-kertas,Daiso Stainless Steel Scissors -180mm -,Rp33.000,33000.0
pemotong-kertas,Maped Gunting Koopy Panda 13 cm,Rp24.900,24900.0
pemotong-kertas,Deli Utility Knife / Cutter Pisau SK4 Pisau Double-Teeth EDL025,Rp38.000,38000.0
pemotong-kertas,Round Corner Cutter 3 in 1 Pemotong Sudut Corner Puncher Rounder Pemotong Ujung Kertas Plastik pembolong kertas Alat,Rp50.500,50500.0
pemotong-kertas,Macs Gunting Anak Oranye Biru / Kids Scissors Orange Blue,Rp15.000,15000.0
pemotong-kertas,Deli Cutter dengan pisau baja SK5 sistem kunci manual perkakas E2043,Rp28.000,28000.0
pemotong-kertas,Deli Cutter dengan pisau baja SK5 sistem kunci manual untuk penggunaan yang aman E2031 Tool Pemotong,Rp11.900,11900.0
pemotong-kertas,Maped Gunting Start Soft 21 cm - Blister,Rp28.500,28500.0
pemotong-kertas,Gunting Sedang M2000 SM-A165 Kuat Tajam - Stainless Scissors SC-838,Rp5.978,5978.0
pemotong-kertas,Tape Cutter / Tape Dispenser / Pemotong Pita Perekat Joyko TD-2H,Rp64.100,64100.0
pemotong-kertas,"Deli Cutter / Cutter SK2 13,5mm Alat Potong HT4008 HT4008C HT4008L Hijau Plastik",Rp21.000,21000.0
pemotong-kertas,HYUNDAI Pisau Cutter Lipat Baja Tahan Karat Stainless Steel Heavy Duty Multifungsi untuk Kantor Kerajinan & Rumah,Rp76.890,76890.0
pemotong-kertas,Jakemy Magnetic Work Mat Pad with Erasable Marking Pen Brush JM-Z09,Rp61.944,61944.0
pemotong-kertas,Gunting Kecil Sedang Besar Joyko Kuat Tajam - Stainless Scissors SC-828 SC-838 SC-848,Rp7.566,7566.0
pemotong-kertas,isi 5 REFILL cutter besar kenko L-150 isi ulang pisau blades ATK1022KN,Rp9.388,9388.0
pemotong-kertas,Stanley Interlock Knife Snape Off Blade / Pisau Cutter 18mm 0-10-018,Rp144.100,144100.0
pemotong-kertas,Gunting Sedang M2000 Scissors [SM-A165] / Gunting Kertas Kain Plastik,Rp7.900,7900.0
pemotong-kertas,"SDI 1009 Cutting Mat Tebal A1 / Alas Potong A1 (36"" x 24"")",Rp334.950,334950.0
pemotong-kertas,JOYKO Cutter Refill L-150 HITAM Uk Besar - TUBE,Rp13.850,13850.0
pemotong-kertas,PAKET BUNDLING SDI 0443C Ingenuity Cutter + SDI K361 Extreme Black Cutter Blade,Rp64.125,64125.0
pemotong-kertas,Cuting Mat A2 Joyko - Cutting Matt Alas Potong CM-A2,Rp103.433,103433.0
pemotong-kertas,NCL Scissors / Gunting Serbaguna - Blue,Rp50.900,50900.0
pemotong-kertas,Deli Tools Cutter 18mm SK5 Alat Perkakas HT400X,Rp24.000,24000.0
pemotong-kertas,Deli Paper Trimmer / Alat Pemotong Kertas 30 x 30 cm 8051A Portable Cutter,Rp259.000,259000.0
pemotong-kertas,Stanley Interlock Knife Snape Off Blade / Pisau Cutter 18mm 0-10-018,Rp144.100,144100.0
pemotong-kertas,Deli Tape Dispenser mudah memotong non-slip mudah digunakan dengan satu tangan E811,Rp21.000,21000.0
pemotong-kertas,Deli Cutter Pisau Baja Hitam 9mm SK5 Kunci Manual Perkakas EDL007B,Rp7.000,7000.0
pemotong-kertas,Tape Cutter Tape Dispenser Pemotong Pita Perekat Joyko TD-2 ~ TD-3,Rp29.600,29600.0
pemotong-kertas,Mitsushi Pisau Cutter / Cutter Besar/ Silet Pemotong Kertas Kater Potong Utility Cutter Knives 16cm Alat Plastik,Rp10.900,10900.0
pemotong-kertas,Ezren SK5 Pisau Cutter Auto-lock Besar 18 mm Handle Karet Baja Hitam,Rp12.610,12610.0
pemotong-kertas,Deli Pisau Pengganti Cutter / Cutter Blade 18*15mm SK4 DL-DP181 Alat Perkakas,Rp12.600,12600.0
pemotong-kertas,Deli Cutter Pisau Baja 18mm SK4 Auto-lock Alat Perkakas EDL018Z Pemotong,Rp19.000,19000.0
pemotong-kertas,Gunting Anak Kecil Joyko SC-18 - Kids Scissors Joyko,Rp7.881,7881.0
pemotong-kertas,Deli Cutter 9 mm SK5 Full Hitam Desain Simple EDL007B Besi Tool,Rp7.000,7000.0
pemotong-kertas,Cutter Besar ART Warna Biru dan Merah - Harga untuk 1 pcs,Rp1.455,1455.0
pemotong-kertas,Maped Gunting Security 3D 13 cm - Blister,Rp15.100,15100.0
pemotong-kertas,"SDI 0924C i-Sharp Scissors 5.25"" / Gunting Stainless Steel Anak 5.25""",Rp41.650,41650.0
pemotong-kertas,Alat Pembolong Kertas Loose Leaf Kw-Trio 6 Lubang / 6 Hole Puncher Bulat 99H9 / 99H6 / Kotak 90C7,Rp108.800,108800.0
pemotong-kertas,Circle Cutter SUN Journey 2-10cm – Pemotong Kertas Lingkaran untuk Sticker & Craft,Rp108.900,108900.0
pemotong-kertas,ATK0023 20/25 sheet Pembolong Kertas Puncher Maped PU402411,Rp73.588,73588.0
pemotong-kertas,Gunting Portable Scissors Joyko SC-25,Rp19.200,19200.0
pemotong-kertas,Deli Cutter Pisau Baja 9mm SK4 Sistem Kunci Otomatis Perkakas EDL009B Pemotong,Rp11.000,11000.0
pemotong-kertas,Deli Utility Knife Blades Set / Cutter Pisau 10 Pcs SK4 EDL-DP30A,Rp10.000,10000.0
pemotong-kertas,"Gunting Emigo Tanggung 165 (6 inch, 16 cm) Merah",Rp3.900,3900.0
pemotong-kertas,Cutter Blade Refill Isi Pisau Pemotong Joyko L-150 1 Tube 5 Pcs,Rp6.600,6600.0
pemotong-kertas,MACS REFILL Carbon Steel Cutter / Pemotong Kertas / Cutter,Rp18.500,18500.0
pemotong-kertas,Mesin Cutting Sticker TENETH G24L PRO (CONTOUR CUT),Rp5.199.000,5199000.0
pemotong-kertas,Mesin Cutting Sticker Jinka YS-360 A3 CorellDraw Auto Contour Cut,Rp4.049.000,4049000.0
pemotong-kertas,Cutter / Pemotong Joyko A-300A,Rp7.700,7700.0
pemotong-kertas,Gunting Mini Portable Scissors Joyko SC-23,Rp18.200,18200.0
pemotong-kertas,Stanley Retractable Utility Knife / Pisau Cutter 6inch 10-099-22,Rp121.300,121300.0
pemotong-kertas,Cutter / Pemotong Joyko CU-501,Rp21.800,21800.0
pemotong-kertas,Gunting Scissors Joyko SC-19,Rp18.900,18900.0
pemotong-kertas,HYUNDAI Pisau​ Cutter 9mm 2 Warna Putih & Hitam ​​Cutter dengan Pengunci Ganda dan Fitur Pengaman​ Logam Aluminium Kantor,Rp56.495,56495.0
pemotong-kertas,JOYKO Cutting Mat Alas Potong Ukuran A4 CM-A4,Rp30.200,30200.0
pemotong-kertas,Deli Tang Potong Kabel Cable Cutter EDL200XX,Rp46.000,46000.0
pemotong-kertas,ISKU Pisau Cutter multifungsi paduan aluminium/Knife Cutter Knife Auto Lock Cutter SK5 Bahan,Rp97.400,97400.0
pemotong-kertas,Pemotong Kertas Paper Cutter Joyko,Rp207.400,207400.0
pemotong-kertas,Mesin Cutting Sticker 135 cm Jinka 1351 XL Pro LED TIDAK BISA AUTO CONTOUR CUT - Support Corel Draw,Rp7.619.000,7619000.0
pemotong-kertas,JOYKO Gunting Scissors Stainless Steel SC-828~848,Rp13.870,13870.0
pemotong-kertas,"Alat Pemotong Kertas A3+ / A3 / A4 / A2 Tipe 853 / 812 / 810 Vertikal Paper Cutter / Paper Trimmer ( Bisa potong ukuran A2, A3, A4, A5, A6 atau lebih kecil )",Rp24.100,24100.0
pemotong-kertas,Paper Cutter A4 ( Alat Potong Kertas ),Rp147.400,147400.0
pemotong-kertas,Deli Hole Puncher / Tang Pembolong Pelubang Sabuk Gesper Kulit DL1919C,Rp40.000,40000.0
pemotong-kertas,"ZRM Z-904 7.5"" Gunting Stainless Steel Tajam",Rp12.850,12850.0
pemotong-kertas,Scissors Gunting Joyko SC-15,Rp18.000,18000.0
pemotong-kertas,Maped Gunting Kidikut 12 cm,Rp23.300,23300.0
pemotong-kertas,Bambi Paper Hole Puncher / Bambi Pembolong Kertas kode 22207,Rp17.550,17550.0
pemotong-kertas,JOYKO Gunting Scissors Stainless Steel SC-40,Rp8.000,8000.0
pemotong-kertas,Gunting Kecil Sedang Besar M2000 Kuat Tajam - Stainless Scissors SC-828 SC-838 SC-848,Rp4.931,4931.0
pemotong-kertas,Part Paper Cutter Pemotong Kertas - Spring Per AntiSlip Pembatas,Rp2.800,2800.0
pemotong-kertas,KENKO A-100 Refill Cutter Kecil - Tube,Rp5.500,5500.0
pemotong-kertas,Tape Dispenser Alat Potong Lakban Tape Cutter 2inc Lakban Mudah Digunakan / PB EDUKASI ANAK - PBNB,Rp14.400,14400.0
pemotong-kertas,Ezren EZ-238 Pisau Cutter 25mm Multifungsi Anti slip Kunci Manual Tool,Rp18.130,18130.0
pemotong-kertas,Deli Tools Pisau Isi Cutter Blade 18x8mm SK4 DL-DP182,Rp11.000,11000.0
pemotong-kertas,Deli Cutter Pisau Baja 18mm SK5 Kunci Manual Perkakas EDL018B Pemotong,Rp7.000,7000.0
pemotong-kertas,Bantex Refill Cutter Blade 30 Derajat Sudut Tajam Material SK5 Isi 5 Pcs BD5012,Rp4.000,4000.0
pemotong-kertas,Tape Cutter Tape Dispenser Pemotong Pita Perekat Joyko TD-2S,Rp25.700,25700.0
pemotong-kertas,Maped Gunting Essential Green 17 cm - Blister,Rp18.000,18000.0
pemotong-kertas,Tape Cutter Tape Dispenser Pemotong Pita Perekat Joyko TC-117,Rp8.700,8700.0
pemotong-kertas,Deli Cutter dengan pisau baja SK5 memudahkan untuk memotong dengan sistem kunci otomatis E2025,Rp8.500,8500.0
pemotong-kertas,"KENKO Alat Pemotong Isolasi Tape Dispenser Cutter TD-201, Warna Random - PCS",Rp20.700,20700.0
pemotong-kertas,Gunting Sedang M2000 Scissors [SM-A165] / Gunting Kertas Kain Plastik,Rp7.900,7900.0
pemotong-kertas,"SDI 1009 Cutting Mat Tebal A1 / Alas Potong A1 (36"" x 24"")",Rp334.950,334950.0
pemotong-kertas,JOYKO Cutter Refill L-150 HITAM Uk Besar - TUBE,Rp13.850,13850.0
pemotong-kertas,PAKET BUNDLING SDI 0443C Ingenuity Cutter + SDI K361 Extreme Black Cutter Blade,Rp64.125,64125.0
pemotong-kertas,Cuting Mat A2 Joyko - Cutting Matt Alas Potong CM-A2,Rp103.433,103433.0
pemotong-kertas,Tape Cutter Tape Dispenser Pemotong Pita Perekat Joyko TC-117,Rp8.700,8700.0
pemotong-kertas,Cutter Pemotong Joyko A-300A Pastel Color,Rp7.700,7700.0
pemotong-kertas,"Gunting Janome 21,6 cm Untuk Pemakaian Umum Handle Plastik",Rp49.900,49900.0
pemotong-kertas,Deli Tools Cutter 9mm SK5 Alat Perkakas HT400X,Rp16.800,16800.0
pemotong-kertas,Deli Cutter Blade / Isi Ulang Cutter SK5 Isi 10 pcs perkakas 78002,Rp13.910,13910.0
pemotong-kertas,BISON 461 Gunting Kertas Stainless Steel 6.5 Inch,Rp9.000,9000.0
pemotong-kertas,FEIBAO Pisau Cutter + Isi Ulang Refill 10 PCS Mata Cutter Tajam | 14 Segmen Potong Presisi Alat Besi,Rp11.448,11448.0
pemotong-kertas,Tape Cutter Tape Dispenser Pemotong Pita Perekat Joyko TD-09N,Rp34.700,34700.0
pemotong-kertas,Deli Cutter Pisau Baja 18mm Kunci Manual Perkakas DL003A,Rp10.000,10000.0
pemotong-kertas,"Circle Cutter Premium 4 cm - 19 cm / 2 cm - 20 cm / 10 cm - 32 cm / Pisau Alat Potong Kertas Sticker Bulat / Lingkaran / Bundar Kualitas Eksport ( bisa potong sticker bontax camel, photo glossy sticker, kertas Foto, Hvs, Injet, Art paper, Duplex, Vinyl)",Rp37.400,37400.0
pemotong-kertas,Deli Tools Home Series Mini Extenable Knife/ Cutter SK5 Blade ABS 12m / HT4007 / HT4007C / HT4007L,Rp10.500,10500.0
pemotong-kertas,Pemotong Lingkaran Circular Cutter Dspiae,Rp211.500,211500.0
pemotong-kertas,Deli Paper Trimmer / Alat Pemotong Kertas 30 x 30 cm 8051A Portable Cutter,Rp259.000,259000.0
pemotong-kertas,Gunting Anak Kecil Montana STC-540 - Kids Scissors Murah Kualitas Trend SS-1,Rp3.942,3942.0
pemotong-kertas,Mini Cutter Cuter Kecil Joyko CU-505 - Pemotong Kertas Joyko,Rp5.637,5637.0
pemotong-kertas,Cutter Pemotong Joyko L-500SG,Rp31.200,31200.0
pemotong-kertas,Revil Mata Pisau Cutter Kecil Super Runcing Tajam 30 Derajat A-100,Rp13.999,13999.0
pemotong-kertas,HYUNDAI Pisau Cutter 18mm Cutter Besar Silet Pemotong Kertas Kater Potong Utility Cutter Knives Plastik Aluminium Hitam,Rp12.395,12395.0
pemotong-kertas,Daimaru Pisau Heavy Cutter 18mm Refill,Rp20.000,20000.0
pemotong-kertas,Bantex Gunting Sekolah Ujung Bulat / Student Scissor Ergonomis 135 mm BD1203,Rp15.000,15000.0
pemotong-kertas,"Alas Potong Kertas ( Cutting Mat ) Uk. A2/A1 Bahan PVC, Double-Side, Self Healing untuk potong kertas HVS, Foto, Art Paper, Silky, Doff, Kartu Nama",Rp153.600,153600.0
pemotong-kertas,Stanley Basic Snap Off Knife / Pisau Cutter 18mm STHT10276-8,Rp50.200,50200.0
pemotong-kertas,BLITZ K58125 Pisau Cutter Aluminium Kater Alat Potong Utility Knife,Rp16.000,16000.0
pemotong-kertas,ZRM ZF-A300 Cutter Murah 8mm,Rp3.650,3650.0
pemotong-kertas,Deli Cutter Pisau Baja 25mm SK4 Sistem Kunci Otomatis Perkakas EDL025 Pemotong,Rp38.000,38000.0
pemotong-kertas,JOYKO Cutting Mat Alas Potong Ukuran A2 CM-A2,Rp117.000,117000.0
pemotong-kertas,Deli Stripping Knife / Pisau Kupas Kabel Lurus Serbaguna DL515185,Rp163.000,163000.0
pemotong-kertas,Pisau Cutter Deli Auto-lock System Pisau Tajam 2052 Pemotong,Rp4.800,4800.0
pemotong-kertas,Cutter Pemotong Joyko CU-0522,Rp10.300,10300.0
pemotong-kertas,HYUNDAI Pisau Cutter Lipat Baja Tahan Karat Cutter Multifungsi Lipat Baja Tebal Memotong Kertas Kantor,Rp82.745,82745.0
pemotong-kertas,Deli Cutter Pisau Baja 25mm Sk5 Kunci Manual Perkakas DL0035 Tool Tool,Rp29.000,29000.0
pemotong-kertas,Bantex Pembolong Kertas 2 Lubang Mini Punch Hole Cobalt Blue #9319 00,Rp19.000,19000.0
pemotong-kertas,Bantex Gunting Student Scissor 144 mm Ujung Bulat Ergonomis BD1202,Rp13.000,13000.0
pemotong-kertas,Pronto Cutter 9 mili meter,Rp10.800,10800.0
pemotong-kertas,MG Cutter Pisau Pemotong Kertas Kulit SK5 Tajam Auto-lock Multifungsi,Rp48.300,48300.0
pemotong-kertas,SDI Isi Cutter L-150 1404C 1 LUSIN / 12 PCS,Rp97.470,97470.0
pemotong-kertas,Mesin Cutting Sticker Jinka YS-360 A3 CorellDraw Auto Contour Cut,Rp4.049.000,4049000.0
pemotong-kertas,Deli Tape Dispenser mudah memotong non-slip mudah untuk penggunaan satu tangan E814A,Rp29.900,29900.0
pemotong-kertas,Macs Gunting Anak Hijau Merah Muda / Kids Scissors Green Pink,Rp16.500,16500.0
pemotong-kertas,Pemotong Kertas Paper Cutter Joyko PPCT-2330 A4,Rp282.000,282000.0
pemotong-kertas,Cutter Blade Refill Isi Pisau Pemotong Joyko A-100 1 Tube 5 Pcs,Rp3.500,3500.0
pemotong-kertas,Deli Utility Knife / Cutter Pisau Kayu Aluminium 18mm SK2 EDL4255,Rp37.000,37000.0
pemotong-kertas,Cutter Pemotong Joyko L-500A,Rp21.500,21500.0
pemotong-kertas,Joyko Cutter CU-503 (PCS) - Pemotong Kertas Blue Biru Merah,Rp6.105,6105.0
pemotong-kertas,"Stanley Fatmax Adjustable Wrench / Pisau Cutter 12"" STHT10779-0",Rp116.200,116200.0
pemotong-kertas,Stanley Refill Knife Blade / Pisau Cutter Cadangan 18mm 11-301T-22,Rp58.100,58100.0
pemotong-kertas,Gunting Serbaguna Baja Tajam Taman Korea,Rp40.000,40000.0
pemotong-kertas,FOLDED SCISSOR by Tokaed | Gunting Lipat Kecil Kain Portable,Rp20.000,20000.0
pemotong-kertas,JOYKO Tape Cutter Tape Dispenser Pemotong Pita Perekat TD-103,Rp29.800,29800.0
pemotong-kertas,Gunting Tanggung Joyko SC-838 Ukuran 6 Inchi (pcs) Merah,Rp7.402,7402.0
pemotong-kertas,HYUNDAI Cutter Metal Kuat 9MM Pisau Serbaguna Metalik Alat Potong Sederhana Dengan Desain Praktis Logam Aluminium Hitam Kantor Putih,Rp7.245,7245.0
pemotong-kertas,Deli Utility Knife Blade / Refill Isi Pisau Cutter 10 pcs 9mm EDL-DP092 Tool,Rp6.000,6000.0
pemotong-kertas,Deli Utility Knife / Cutter Pisau Kayu Aluminium SK2 Auto-lock EDL006Z,Rp77.000,77000.0
pemotong-kertas,Deli Gunting Teflon / Scissor Anti Karat Nyaman Digenggam 6009-S Hitam Stainless,Rp18.000,18000.0
pemotong-kertas,JOYKO Gunting Scissors Soft Grip Stainless Steel SC-828SG~848SG,Rp10.830,10830.0
pemotong-kertas,"9 PCS PAHAT LUBANG / LEATHER PUNCHER 2.5,3,4,5,6,7,8,9,10MM Hole Punch Hollow Tolsen",Rp71.000,71000.0
pemotong-kertas,"Paper Cutter Folio F4 / B4 ( Alat Potong / Mesin Pemotong Kertas HVS, Sticker, Dos, PVC ID Card, Yellow Board, Art Paper, Vinyl. Bontax Camel, Kertas Foto A5 A4 F4 B4 Glossy Silky Glossy Photo Paper)",Rp169.400,169400.0
pemotong-kertas,"Alat Pemotong Kertas HVS / Paper Cutter / Paper Trimmer 857 A5 / A4 (Bisa potong A4, A5, A6 atau lebih kecil)",Rp21.900,21900.0
pemotong-kertas,Deli Gunting Tukang Serbaguna Ukuran Besar dan Tajam EDL261X,Rp29.000,29000.0
pemotong-kertas,Gunting Besar SC 848 Joyko ( perpcs ),Rp11.501,11501.0
pemotong-kertas,Cuting Mat A2 Joyko - Cutting Matt Alas Potong CM-A2,Rp103.433,103433.0
pemotong-kertas,Pemotong Kertas Paper Cutter Joyko PC-1128 A5,Rp49.300,49300.0
pemotong-kertas,Stanley Quick Point Snap Off Knife / Pisau Cutter 18mm 0-10-151,Rp48.700,48700.0
pemotong-kertas,Mesin Cutting Sticker SUN Chameleon E500 A3+ 50 cm / E720 (72 cm) Auto Contour Cut Terbaru,Rp7.699.000,7699000.0
pemotong-kertas,Refill Isi Cutter L-150 SDI 1404C SK-5 Steel,Rp8.550,8550.0
pemotong-kertas,"Paper Cutter Folio F4 / B4 ( Alat Potong / Mesin Pemotong Kertas HVS, Sticker, Dos, PVC ID Card, Yellow Board, Art Paper, Vinyl. Bontax Camel, Kertas Foto A5 A4 F4 B4 Glossy Silky Glossy Photo Paper)",Rp169.400,169400.0
pemotong-kertas,"Alat Pemotong Kertas HVS / Paper Cutter / Paper Trimmer 857 A5 / A4 (Bisa potong A4, A5, A6 atau lebih kecil)",Rp21.900,21900.0
pemotong-kertas,Gunting Ukuran Sedang,Rp13.346,13346.0
pemotong-kertas,JOYKO - Cutter CU 0508 - Pcs,Rp11.150,11150.0
pemotong-kertas,Cutter Blade Joyko L-150 - Refill Pisau Cuter Besar Tajam Isi 5 Buah,Rp5.928,5928.0
pemotong-kertas,SDI 0103 Silet / Pemes / Pencil Knives / Pisau Lipat Super Tajam 12pcs,Rp15.000,15000.0
pemotong-kertas,"ZRM Z-906 Gunting Heavy Duty Stainless Steel 8""",Rp21.650,21650.0
pemotong-kertas,JOYKO Gunting Scissors Stainless Steel SC-39,Rp8.700,8700.0
pemotong-kertas,Cutter Pemotong Joyko K-200,Rp7.300,7300.0
pemotong-kertas,"Gunting Emigo Kecil 145 (4 inch , 13 cm) Merah",Rp3.655,3655.0
pemotong-kertas,JOYKO Cutting Mat Alas Potong Ukuran A3 CM-A3,Rp57.200,57200.0
pemotong-kertas,Isi Cutter Besar L-150 Joyko (1pak)(berkualitas) Merah,Rp5.002,5002.0
pemotong-kertas,Bantex Gunting Kertas / Office Scissor Pegangan Simetris Pisau Tajam Anti Karat Ukuran 160 mm Blue Black,Rp15.000,15000.0
pemotong-kertas,Gunting Mini Portable Scissors Joyko SC-36,Rp15.100,15100.0
pemotong-kertas,Tambahan Jasa Cutting 6 - 9 ( Kiss-Cut / Die-Cut ),Rp3.000,3000.0
pemotong-kertas,Mesin Cutting Sticker TENETH TH 740,Rp4.649.000,4649000.0
pemotong-kertas,Deli Cutter dengan pisau baja SK5 memudahkan untuk memotong sistem kunci manual E2066 Tool Pemotong,Rp8.900,8900.0
pemotong-kertas,Rotary Cutter Pemotong Putar Joyko CUR-507,Rp69.600,69600.0
pemotong-kertas,Alat Potong Kertas ukuran A3+ / B3 ( Paper Cutter A3+ / B3 ) - PREMIUM,Rp290.400,290400.0
pemotong-kertas,Mesin Cutting Sticker Jinka JK 361 36 CM ( TIDAK BISA AUTO CONTOUR ),Rp3.549.000,3549000.0
pemotong-kertas,Deli Cutter Pisau Baja 18mm Kunci Manual Perkakas DL003A Alat Kantor Alat Kantor Pemotong,Rp10.000,10000.0
pemotong-kertas,SDI 0491 Pen Cutter / Hobby Knife / Pen Knife,Rp13.650,13650.0
pemotong-kertas,"Alas Potong Kertas ( Cutting Mat ) Uk. A3, A4, A5 Bahan PVC, Double-Side, Self Healing untuk potong kertas HVS, Foto, Art Paper, Silky, Doff, Kartu Nama",Rp41.100,41100.0
pemotong-kertas,Sun Indonesia,Rp10.700,10700.0
pemotong-kertas,"Gunting Kecil Gunindo 11,5 cm Hardened Stainless Steel Scissors",Rp20.900,20900.0
pemotong-kertas,HIOSHI/HGS001C/Gunting Kertas/KECIL/Serbaguna/Scissors/Stenlis 304/SOFT GRIP/ 5 Inch/12cm - HD,Rp24.000,24000.0
pemotong-kertas,MACS Carbon Steel Cutter / Pemotong Kertas / Cutter,Rp18.500,18500.0
pemotong-kertas,GREEBEL Gunting Mini Gunting Anak (GUNTING SC-07) / Gunting Kertas / Gunting Sekolah / Gunting Pastel Lucu,Rp21.350,21350.0
pemotong-kertas,"Deli Alas Potong Kertas Cutting Mat Serba Guna, Warna Hijau 78400",Rp48.900,48900.0
pemotong-kertas,"Deli Cutter Sekolah, Design untuk Anak-anak, Bahan ABS, Silet 55mm Dengan Gantungan 2024",Rp5.900,5900.0
pemotong-kertas,Deli Cutter / Pisau Pemotong Auto-lock System Pisau Tajam 2052,Rp4.800,4800.0
pemotong-kertas,Topla Tape Dispenser 805 Tape Cutter Tempat Solatip Plastik Ungu Merah Hijau,Rp39.999,39999.0
pemotong-kertas,Cutter Cuter Kecil Joyko K-200 - Pemotong Kertas Joyko,Rp6.823,6823.0
pemotong-kertas,Mini Cutter Pemotong Joyko CU-506,Rp5.000,5000.0
pemotong-kertas,Deli Mini Cutter Knife Ukuran SK5 2079,Rp8.100,8100.0
pemotong-kertas,done handymade alat kerajinan tangan handmade tools craft tools gunting stainless gunting kecil gunting clay gunting kecil,Rp14.990,14990.0
pemotong-kertas,Bantex Gunting / Office Scissor Pegangan Simetris Tajam Tahan Karat Warna Warni Pastel Stationery,Rp29.000,29000.0
pemotong-kertas,ZRM R-4500 Pemotong Putar / Rotary Cutter 45mm,Rp64.650,64650.0
pemotong-kertas,GREEBEL Gunting Mini Gunting Anak / Gunting Kertas (SC-02) Gunting Sekolah / Gunting Pastel Lucu,Rp19.750,19750.0
pemotong-kertas,Paper Cutter A5 ( Alat Potong Kertas ),Rp108.100,108100.0
pemotong-kertas,[Exculsive Lauch] Deli Snap-off Knife EDL009A,Rp6.000,6000.0
pemotong-kertas,JOYKO Cutter A-300A Autolock - Pcs,Rp9.950,9950.0
pemotong-kertas,Gunting Scissors Joyko SC-20,Rp8.300,8300.0
pemotong-kertas,Deli Cutter / Isi Ulang Cutter SK5 10pcs Tajam Dan Anti Karat DL-DP05,Rp23.000,23000.0
pemotong-kertas,Cutter Joyko K-200 (PCS) kemasan Merah,Rp6.495,6495.0
pemotong-kertas,[READY] Aimilo Gunting Scissors Stainless Steel 12/16/20cm Cocok Untuk Perlengkapan Rumah/Kantor/Sekolah,Rp10.500,10500.0
pemotong-kertas,TEKIRO ISI PISAU CUTTER 18 MM 60 PCS,Rp86.460,86460.0
pemotong-kertas,TNI-U TU-670B Pisau Cutter Multifungsi Ultility Multifunction Knife-TU-670B Alat Besi,Rp27.999,27999.0
pemotong-kertas,Cutter Pemotong Joyko CU-504,Rp5.100,5100.0
pemotong-kertas,Cutter Pemotong Joyko CU-503,Rp6.600,6600.0
pemotong-kertas,KENKO Gunting Kecil S - 828 - Pcs,Rp9.150,9150.0
pemotong-kertas,JOYKO Tape Cutter Tape Dispenser Pemotong Pita Perekat TC-116,Rp49.300,49300.0
pemotong-kertas,HYUNDAI Cutter​ 9mm Pisau Pembuka Paket​ Pisau Bongkar Kotak Mini Portabel​ Pisau Potong Kertas​ Kantor Pemotong,Rp10.599,10599.0
pemotong-kertas,Deli Cutter /Cutter 9 mm SK5 Auto-lock Alat Perkakas Yellow EDL009A Stainless,Rp6.000,6000.0
pemotong-kertas,JOYKO Gunting Kecil SC-828 // SC-828SG - Pcs,Rp9.250,9250.0
pemotong-kertas,Box Cutter Small (9 mm) INGCO HKNS1806 - Knife Blade Kecil 9mm Retract,Rp9.000,9000.0
pemotong-kertas,"Gunting Emigo Besar 185 (8 inch, 20 cm) Merah",Rp6.155,6155.0
pemotong-kertas,Standard Pascola Hello Scissors / Satuan ( Gunting / Alat Pemotong Kertas ),Rp25.000,25000.0
pemotong-kertas,TRG Mini Cutter Cloud Shape CU-111 - Cuter Kecil Pemotong Kertas Lucu TRG,Rp8.456,8456.0
pemotong-kertas,"Alat Potong Kertas / Paper Trimmer 812 A3 ( Bisa potong ukuran A3 Vertkal, A4, A5, A6 atau lebih kecil )",Rp86.900,86900.0
pemotong-kertas,Cuting Mat A2 Joyko - Cutting Matt Alas Potong CM-A2,Rp103.433,103433.0
pemotong-kertas,Pemotong Kertas Paper Cutter Joyko PC-1128 A5,Rp49.300,49300.0
pemotong-kertas,Stanley Quick Point Snap Off Knife / Pisau Cutter 18mm 0-10-151,Rp48.700,48700.0
pemotong-kertas,Mesin Cutting Sticker SUN Chameleon E500 A3+ 50 cm / E720 (72 cm) Auto Contour Cut Terbaru,Rp7.699.000,7699000.0
pemotong-kertas,Refill Isi Cutter L-150 SDI 1404C SK-5 Steel,Rp8.550,8550.0
pemotong-kertas,Tape Dispenser Cutter Joyko TD-103 - Tempat Pemotong Solasi Isolasi Solatip Selotip,Rp26.584,26584.0
pemotong-kertas,"Alat Potong Kertas / Paper Trimmer 812 A3 ( Bisa potong ukuran A3 Vertkal, A4, A5, A6 atau lebih kecil )",Rp86.900,86900.0
pemotong-kertas,Alat Potong Kertas 4 in 1 A4/A3 Vertikal 30 cm /12 in 1 863 A4 - SUN Cutting Pro MT400/MT402/CP-MT401A4 Paper Cutter Trimmer Multifungsi A5/A4/A3 untuk Potong / Garis Lipat CREASING SCORING / Putus putus PERFORATION / Potong Gelombang Wave,Rp163.900,163900.0
pemotong-kertas,cutter pen pisau cutter pen pisau craft sculpt tools cutter murah,Rp35.000,35000.0
pemotong-kertas,SUN - JOURNEY 1 Set Gunting Motif Fancy 5 Varian Motif M661-02,Rp60.400,60400.0
pemotong-kertas,Scissors Gunting Joyko SC-18,Rp7.400,7400.0
pemotong-kertas,Stanley Refill Knife Blade / Pisau Cutter Cadangan 18mm 11-301T-22,Rp48.500,48500.0
pemotong-kertas,UTILITY FOLDING KNIFE / Pisau Utilitas Pegangan Aluminium / Cutter HEAVY DUTY 30007 Tolsen,Rp58.000,58000.0
pemotong-kertas,TOPLA CUTTER 509 PISAU PEMOTONG KERTAS 12 PCS Biru Hijau Pink Ungu,Rp35.999,35999.0
pemotong-kertas,SDI 0822 Pembolong Kertas 40XL / Hole Puncher,Rp100.250,100250.0
pemotong-kertas,Deli Cutter dengan pisau baja SK5 memudahkan untuk memotong sistem kunci manual aman E2034 Pemotong,Rp13.500,13500.0
pemotong-kertas,Pisau Cutter LIpat Mini Cutter Multifungsi- 6598,Rp18.800,18800.0
pemotong-kertas,No.1615 Gunting / Scissors Baoji (pcs) Merah,Rp8.555,8555.0
pemotong-kertas,TRG Black Cutter Blade BL-100BK - Refill Pisau Cuter Kecil Hitam Tajam Isi 5 Buah TRG,Rp5.926,5926.0
pemotong-kertas,Deli Utility Knife / Cutter Pisau SK4 Auto-Lock EDL009B,Rp11.000,11000.0
pemotong-kertas,Gunting Kecil Stainless Kuat Tajam Joyko SC-828PTL - Stainless Scissors Pastel color SC-828,Rp10.407,10407.0
pemotong-kertas,Tambahan Jasa Cutting 3 - 6 ( Kiss-Cut / Die-Cut ),Rp6.000,6000.0
pemotong-kertas,Topla Tape Dispenser 801 Cutter Selotip Ungu Refillable Anti Slip & Tepi Tajam ISI SOLATIP,Rp39.999,39999.0
pemotong-kertas,Cutter Pemotong Kertas Kerajinan Tangan Gagang Stainless & Aluminium - Refill Cutter 18 mm Hitam,Rp7.000,7000.0
pemotong-kertas,Gunting Lipat Mini Type Pensil Travelling Organizer Perlengkapan Umroh Haji by Lalunata,Rp33.316,33316.0
pemotong-kertas,Bosch Mata Gerinda Potong untuk Besi 100x16x1.2mm A60TBF 2608600266,Rp15.000,15000.0
pemotong-kertas,GREEBEL Mini Cutter MC-1006 (1Pcs) / Kater Lucu / Cuter karakter / Kater Untuk Anak Sekolah,Rp14.350,14350.0
pemotong-kertas,Nankai Pembolong Hollow Punch / Plong Set 6 Pc,Rp48.750,48750.0
pemotong-kertas,Pisau Cutter + Isi Nankai,Rp15.750,15750.0
pemotong-kertas,Deli Nusign Dispenser Tape Non Slip Pisau Tajam 4 Warna NS121 Cutter,Rp52.900,52900.0
pemotong-kertas,Paper Cutter A3 Joyko PC-3846 - Alat Potong Pemotong Kertas,Rp315.958,315958.0
pemotong-kertas,ATK0078 Faber Gunting Anak Savety Scissors for Kids Ergonomic Scissors,Rp27.500,27500.0
pemotong-kertas,Deli Gunting yang dilapisi anti karat kualitas tahan lama 180mm E6009 Stainless,Rp19.500,19500.0
pemotong-kertas,Cutter Cuter Kecil 30 Derajat Joyko CU-0511 - Pemotong Kertas Joyko,Rp11.722,11722.0
pemotong-kertas,Gunting Sedang Joyko Scissors [SC-838SG] / Gunting Baja Ringan Super Tajam / Gunting Rambut / Gunting Kain Super Tajam / Gunting Jahit Kain / Gunting Kertas Tajam / Gunting Plastik Kantor Stainless,Rp15.900,15900.0
pemotong-kertas,"Paper Cutter Mini A5 ( Alat Potong / Mesin Pemotong Kertas HVS, Sticker, Dos, PVC ID Card, Yellow Board, Art Paper, Vinyl. Bontax Camel, Kertas Photo Glossy Silky )",Rp102.400,102400.0
pemotong-kertas,Gunting Scissors Joyko ZZ-85,Rp101.500,101500.0
pemotong-kertas,Deli Scissor / Gunting Serbaguna Anti Karat Pisau Tajam EZ50X Stainless,Rp41.900,41900.0
pemotong-kertas,Cutting Strip Plastik Bantalan Strip Mesin Cutting Sticker Jinka,Rp126.500,126500.0
pemotong-kertas,BP-3001 Gunting / Scissors Baoji Motif Kupu-Kupu (pcs) Merah,Rp8.555,8555.0
pemotong-kertas,Deli School Scissor / Gunting Kertas Anak Lucu Aman ED60200 Plastik Stainless,Rp8.900,8900.0
pemotong-kertas,Mini Cutter Cuter Kecil Joyko CU-506 - Pemotong Kertas Joyko,Rp9.582,9582.0
pemotong-kertas,"Deli Alas Potong Kertas Cutting Mat Serba Guna, Warna Hijau 78400 A4",Rp48.900,48900.0
pemotong-kertas,Deli Tools Pisau Serbaguna / Utility Knife 18mm EDL018,Rp18.000,18000.0
pemotong-kertas,Gunting Sedang M2000 Scissors [SM-A165] / Gunting Kertas Kain Plastik,Rp7.900,7900.0
pemotong-kertas,Languo Scissors / Gunting Kertas Anak,Rp12.900,12900.0
pemotong-kertas,JOYKO Tape Cutter Tape Dispenser Pemotong Pita Perekat TC-110,Rp33.000,33000.0
pemotong-kertas,Deli Gunting yang dilapisi anti karat kualitas tahan lama 210mm E6010 Stainless,Rp31.900,31900.0
pemotong-kertas,NESO 18MM Cutter Pisau Pemotong Kertas （COD）Knife Utility Auto Lock multifungsi penggaris kater tajam Pisau Cutter D1024,Rp14.980,14980.0
pemotong-kertas,[Exculsive Launch] Deli Snap-off blade knife,Rp6.000,6000.0
pemotong-kertas,JOYKO Gunting Scissors Stainless Steel SC-828~848PTL,Rp7.000,7000.0
pemotong-kertas,Mitsushi Gunting Kertas Stainless Steel Tajam Serbaguna Gunting Kantor- Office Scissors School Supplies Pemotong Serbaguna Alat Hitam,Rp5.723,5723.0
pemotong-kertas,ISI REFILL CUTTER KENKO L 150 CUTTER BESAR ISI 5 PISAU,Rp10.034,10034.0
pemotong-kertas,Mesin Cutting Sticker 135 cm Jinka Auto Contour Cut Terbaru - PE Pro 1353 ( Auto Contour Cut ),Rp8.229.000,8229000.0
pemotong-kertas,"Mesin Pingul Alat Potong Sudut Siku Kertas / Buku 1 rim - Round Corner Cutter ( Bikin Flash Card, Kartu Nama, Buku )",Rp1.189.000,1189000.0
pemotong-kertas,JLD Cutter/Pisau pemotong Cutter Knife/4 mata Pisau/Acrylic knife Cutter Kecil pisau kecil Serbaguna Knife mini,Rp13.000,13000.0
pemotong-kertas,Stanley Max Steel Aviation Snips Straight / Gunting Lurus 14-563-22,Rp228.600,228600.0
pemotong-kertas,Gunting Sedang M2000 Scissors [SM-A165] / Gunting Kertas Kain Plastik,Rp7.900,7900.0
pemotong-kertas,ATS Gunting Seng Serbaguna 8 Inch,Rp26.800,26800.0
pemotong-kertas,Pisau Cutter Tongli TL-268,Rp8.999,8999.0
pemotong-kertas,Pisau Cutter 16 20 50 SB Knipex Folding Knife for Electricians,Rp387.390,387390.0
pemotong-kertas,Cuting Mat A3 Joyko - Cutting Matt Alas Potong CM-A3,Rp54.391,54391.0
pemotong-kertas,Hit Electric Mat Alat Ekonomis Set,Rp17.000,17000.0
pemotong-kertas,"Paper Cutter A3 / A3+ ( Alat Potong /Mesin Pemotong Kertas HVS, Sticker, Dos, PVC ID Card, Yellow Board, Art Paper, Vinyl. Bontax Camel, Kertas Foto A5 A4 F4 B4 Glossy Silky Glossy Photo Paper A3)",Rp284.900,284900.0
pemotong-kertas,Alat Pemotong Pisau Pemotong Kaca Oil Cutter Glass Cutter INGCO HGCT03,Rp58.420,58420.0
pemotong-kertas,Cuting Mat A2 Joyko - Cutting Matt Alas Potong CM-A2,Rp103.433,103433.0
pemotong-kertas,Stanley Basic Snap Off Knife / Pisau Cutter 18mm STHT10276-8,Rp42.000,42000.0
pemotong-kertas,Pemotong Kertas Paper Cutter Joyko PC-1128 A5,Rp49.300,49300.0
pemotong-kertas,PAKET BUNDLING SDI 0443C Ingenuity Cutter + SDI K361 Extreme Black Cutter Blade,Rp64.125,64125.0
pemotong-kertas,Pembolong kertas/Punch 30 Joyko Stationery Merah Binder,Rp14.795,14795.0
pemotong-kertas,Deli Portable Scissors Gunting Portabel 77761 Alat Pink Kantor,Rp31.000,31000.0
pemotong-kertas,Tape Dispenser Mini Lion [No. 20] / Tape Cutter Tempat Solasi Kecil / Alat Potong Pemotong Solatip,Rp19.900,19900.0
pemotong-kertas,Pisau Silet 1 Arah Super JifonLi-Cut Special Original,Rp2.499,2499.0
pemotong-kertas,Cutter Kecil Berwarna Ukuran Mini Tajam / Pisau Pemotong Serbaguna / PB EDUKASI ANAK - PBNB,Rp7.100,7100.0
pemotong-kertas,Nankai Alat Pemotong Gabus / Busa / Foam Listrik,Rp252.000,252000.0
pemotong-kertas,Stanley Fatmax Snap Off Blade Knife / Pisau Cutter 18mm 0-10-481,Rp333.700,333700.0
pemotong-kertas,GREEBEL Gunting Mini Gunting Anak (GUNTING SC-01) / Gunting Kertas / Gunting Sekolah / Gunting Pastel Lucu,Rp18.450,18450.0
pemotong-kertas,NESO 18MM Cutter Pisau Pemotong Kertas Knife Utility Auto Lock multifungsi penggaris kater tajam Pisau Cutter D10012,Rp21.100,21100.0
pemotong-kertas,Refill Spare blade for the All stainless steel knife SKB-2S/10B Olfa,Rp88.900,88900.0
pemotong-kertas,LINEX SK-400 10 BLADES FOR CK-500 #4832 00,Rp40.000,40000.0
pemotong-kertas,Mesin Binder Pelubang Kertas Loose Leaf Binding,Rp1.369.000,1369000.0
pemotong-kertas,JOYKO Gunting Scissors Stainless Steel SC-838NS,Rp14.000,14000.0
pemotong-kertas,Deli Tools Cutter 12mm Multifungsi Alat Perkakas HT400X,Rp10.500,10500.0
pemotong-kertas,Cutter Cuter Besar Joyko CU-15BC - Pemotong Kertas Joyko,Rp10.023,10023.0
pemotong-kertas,Nusign Scissors / Gunting Desain Elegan Dual Color Pegangan Sangat Nyaman Pisau Tajam ENS055,Rp37.900,37900.0
pemotong-kertas,Deli Portable Scissors Gunting Portabel 77761 pink,Rp31.000,31000.0
pemotong-kertas,Deli Gunting Portable / Portable Scissor Dual Fungsi EZ508 Alat Alat Pemotong,Rp26.900,26900.0
pemotong-kertas,Deli Office Roller Stamp / Stempel Pelindung Data 2 in 1 Dengan Cutter / Penghapus Nama + Alamat Resi JQ12X,Rp40.900,40900.0
pemotong-kertas,BISON K51880 Pisau Cutter Akrilik Alat Potong Plastik Kater Acrylic,Rp11.000,11000.0
pemotong-kertas,Isi Cutter Besar (1TUBE) / Isi Cutter Besar,Rp2.555,2555.0
pemotong-kertas,ATK0015 KECIL isi 10 REFILL cutter kecil Maped Blades 9mm CUT64071,Rp16.100,16100.0
pemotong-kertas,Isi Cuter Hitam Joyko L-150BLK - Refill Cutter Blade Besar Japan Steel,Rp15.762,15762.0
pemotong-kertas,Stanley Snap Off Knife Quick / Pisau Cutter 18mm STHT10489-8,Rp71.000,71000.0
pemotong-kertas,Tape Cutter / Tape Dispenser / Pemotong Pita Perekat Joyko TD-102,Rp18.000,18000.0
pemotong-kertas,Deli Gunting Anak Plastik Deli ED60402 tip tumpul untuk penggunaan yang aman desain trendi ED60402,Rp12.900,12900.0
pemotong-kertas,JOYKO Tape Cutter Tape Dispenser Pemotong Pita Perekat TC-111A,Rp15.600,15600.0
pemotong-kertas,"Junior Gunting Seng 12"" Inch",Rp118.300,118300.0
pemotong-kertas,Daimaru Pisau Stationery Cutter 9mm Refill,Rp11.900,11900.0
pemotong-kertas,[READY] Aimilo Gunting Scissors Multifungsi Stainless Steel 12/16/20cm Tajam Dan Anti Karat Gagang Buram,Rp10.500,10500.0
pemotong-kertas,Aimilo - Gunting Kertas Besar Tajam Stainless Steel Serbaguna Gunting Multifungsi Anti Karat,Rp9.500,9500.0
pemotong-kertas,Deli Dispenser Lakban Tape Dispenser bantalan tidak licin dan mudah digunakan satu tangan E808,Rp39.900,39900.0
pemotong-kertas,[COD] SK C786 Cutter Mini Portable Pisau Pemotong Kertas Model Animal Import Stainless,Rp4.972,4972.0
pemotong-kertas,Macs Gunting Sekolah Merah Muda School Scissors Pink,Rp17.500,17500.0
pemotong-kertas,Gunting Anak Kecil Joyko SC-39 - Kids Scissors Joyko,Rp11.520,11520.0
pemotong-kertas,NESO 18MM Cutter Pisau Pemotong Kertas Knife Utility Auto Lock multifungsi penggaris kater tajam Pisau Cutter D1023,Rp14.980,14980.0
pemotong-kertas,Ezren EZ-0397 Hobby knife Set ( Pisau Acrylic Set ) 7 in 1 Pisau Ic,Rp14.550,14550.0
pemotong-kertas,[Special Price] Deli Gunting Portable / Portable Scissor Dual Fungsi EZ508 Alat Alat Pemotong,Rp26.900,26900.0
pemotong-kertas,Daiso Titanium Coated Scissors-16cm,Rp33.000,33000.0
pemotong-kertas,Deli Gunting / School Scissors Warna Pastel Ujung Bulat Dilengkapi Penutup E6022 Biru Pink Stainless Metal,Rp13.900,13900.0
pemotong-kertas,JOYKO Tape Cutter Tape Dispenser Pemotong Pita Perekat TD-103 Pastel,Rp29.800,29800.0
pemotong-kertas,DISPENSER LAKBAN MURAH / TAPE DISPENSER / TAPE CUTTER MURAH,Rp21.400,21400.0
pemotong-kertas,TRG Stainless Steel Cutter 60 Degree CU-171 - Pemotong Kertas Cuter Besi 60 Derajat TRG,Rp3.222,3222.0
pemotong-kertas,Deli Cutter / Cutter SK5 Mini Multifungsi Alat Perkakas DL412X,Rp14.700,14700.0
pemotong-kertas,Bantex Gunting Kertas / Office Scissor Pegangan Simetris Pisau Tajam Anti Karat Ukuran 210 mm Stationery,Rp26.000,26000.0
pemotong-kertas,Stanley Retractable Utility Knife / Pisau Cutter 6inch 10-099-22,Rp104.800,104800.0
pemotong-kertas,"Alat Paper Cutter Tipe 862 A4 ( Alat Potong / Mesin Pemotong Kertas HVS, Sticker, Dos, PVC ID Card, Yellow Board, Art Paper, Vinyl. Bontax Camel, Kertas Foto A4 Glossy Silky Glossy Photo Paper A5 A4)",Rp192.500,192500.0
pemotong-kertas,Deli Cutter dengan pisau baja SK5 memudahkan untuk memotong dengan sistem kunci otomatis E2025,Rp8.500,8500.0
pemotong-kertas,Paper Crimper SUN - JOURNEY DIY Paper Roll Embossing Craft Paper Cut Decor / Alat Pembuat Gelombang Kertas M 801,Rp42.300,42300.0
pemotong-kertas,Pembolong Kertas Joyko [PU-34] / One Hole Punch Tang Pelubang Manual,Rp20.900,20900.0
pemotong-kertas,"Mesin Potong Kartu PVC (Card Cutter) - Model OCC-55, untuk ID Card, Kartu Nama, dan Kartu Plastik Lainnya",Rp479.000,479000.0
pemotong-kertas,ZRM RB-45 Rotary Cutter Blade Refill / Isi cutter rotary 45mm,Rp27.050,27050.0
pemotong-kertas,clay cutter clay water drop clay cutter earrings pisau potong bentuk,Rp37.900,37900.0
pemotong-kertas,Deli Gunting Kantor / Office Scissors Putih-Biru TJ119 Alat Stainless,Rp40.900,40900.0
pemotong-kertas,Gunting Listrik Kain Tanpa Kabel Pemotong Isi Ulang USB Portabel Alat Cutter Portable Multifungsi Untuk Karton,Rp249.000,249000.0
pemotong-kertas,GREEBEL GUNTING ANAK KIDS SCISSOR GB-SC-01,Rp24.550,24550.0
pemotong-kertas,NESO Cutter Pisau Pemotong Kertas 18MM Knife Utility Auto Lock multifungsi penggaris kater tajam Pisau Cutter,Rp21.100,21100.0
pemotong-kertas,[MAKSAN] Pero Premium Vineta Knife Set of 6 with Cutting Board / Pisau Set Isi 6pcs dengan Talenan Kayu Lapisan Pisau Anti Lengket,Rp159.000,159000.0
pemotong-kertas,SDI 0405 Cutter Manual Lock 9mm,Rp10.550,10550.0
pemotong-kertas,NESO Cutter Pisau Pemotong Kertas 18MM （COD）Knife Utility Auto Lock multifungsi penggaris kater tajam Pisau Cutter,Rp21.100,21100.0
pemotong-kertas,4 in 1 Tag Corner Cutter SUN - JOURNEY Pelubang Kertas 6640,Rp95.600,95600.0
pemotong-kertas,Cuting Mat A2 Joyko - Cutting Matt Alas Potong CM-A2,Rp103.433,103433.0
pemotong-kertas,Stanley Basic Snap Off Knife / Pisau Cutter 18mm STHT10276-8,Rp42.000,42000.0
pemotong-kertas,Pemotong Kertas Paper Cutter Joyko PC-1128 A5,Rp49.300,49300.0
pemotong-kertas,PAKET BUNDLING SDI 0443C Ingenuity Cutter + SDI K361 Extreme Black Cutter Blade,Rp64.125,64125.0
pemotong-kertas,Pembolong kertas/Punch 30 Joyko Stationery Merah Binder,Rp14.795,14795.0
pemotong-kertas,HYUNDAI Cutter​ 9mm Pisau Pembuka Paket​ Pisau Bongkar Kotak Mini Portabel​ Pisau Potong Kertas​,Rp21.890,21890.0
pemotong-kertas,Deli Hippo Gunting Sekolah ujung gunting yang tumpul aman digunakan anak anak 128mm E6032 Stainless Pemotong,Rp17.700,17700.0
pemotong-kertas,Gunting Kecil M2000 Scissors Warna Warni [SM-C140],Rp4.900,4900.0
pemotong-kertas,Tang Pelubang ID Card No. 013 Punch PVC Diameter 3x15mm Plier Plong,Rp167.500,167500.0
pemotong-kertas,TRG Gunting Mini Portable Scissors Pastel Color SC-008 - Pemotong Kertas Lipat Kecil Mudah Dibawa TRG,Rp13.928,13928.0
pemotong-kertas,ZRM 40XL Pembolong Kertas / Hole Puncher No.40XL,Rp31.850,31850.0
pemotong-kertas,[COD] SK A125 Pisau Cutter Bentuk Pena Cetek Pemotong Kertas Portable,Rp1.714,1714.0
pemotong-kertas,USAMS ZB107 PISAU MESIN CUTTING,Rp95.000,95000.0
pemotong-kertas,Tape Cutter TD-2S Joyko (Pcs) (berkualitas) Merah,Rp20.905,20905.0
pemotong-kertas,JOYKO Gunting Scissors Stainless Steel SC-45B,Rp12.800,12800.0
pemotong-kertas,JOYKO Refill L150 untuk Cutter Besar L500 - Pcs,Rp9.150,9150.0
pemotong-kertas,Cutter Kaca Glass Diamond Cutting Tool Pisau Alat Potong Pemotong,Rp40.000,40000.0
pemotong-kertas,Tape Cutter Tape Dispenser Pemotong Pita Perekat Joyko TD-101,Rp39.300,39300.0
pemotong-kertas,Gunting Estudee Scissors Kids Plastic Blade 4.75inch Red Es-Sc087,Rp9.900,9900.0
pemotong-kertas,Pelubang Kertas Motif Fancy SUN - JOURNEY 8721 & 8722 / Border Fancy Paper Puncher 8722 Continously,Rp139.100,139100.0
pemotong-kertas,Stanley Quick Point Snap Off Knife / Pisau Cutter 9mm 0-10-150,Rp42.100,42100.0
pemotong-kertas,FM - Corong Minyak Plastik Besar Jumbo 20 Cm Corong Air Serbaguna,Rp12.960,12960.0
pemotong-kertas,ELROSTO Tile Leveler Perata Keramik Alat Pasang Ubin Lantai Dinding Spacer Set,Rp32.000,32000.0
pemotong-kertas,Deli Cutter Compact dengan Bilah Baja SK5 Keras Agar Mudah Dipotong E2020 Putih Tool,Rp6.500,6500.0
pemotong-kertas,Ezren EZ-0547 Alluminium Alloy Utility Knife Cutter Alumunium 18mm,Rp21.296,21296.0
pemotong-kertas,Gunting Rambut Kertas Kuku Serba Guna Besar Montana STI 180 Original High Quality Product / PB EDUKASI ANAK - PBNB,Rp13.900,13900.0
pemotong-kertas,Deli Gunting Plastik bahan ABS untuk penggunaan tahan lama [120 mm] E6067 logam,Rp14.900,14900.0
pemotong-kertas,Gunting Dengan Tutup Pengaman Delica 8 inch,Rp43.900,43900.0
pemotong-kertas,Sparepart Mesin Thick Layer 858 A3/A4 - Part Alat Pemotong Kertas 1rim,Rp181.500,181500.0
pemotong-kertas,Sparepart Mesin Plong PVC ID Card D006 - Part ID Card Cutter,Rp62.700,62700.0
pemotong-kertas,TRG Stainless Steel Cutter 30 Degree CU-172 - Pemotong Kertas Cuter Besi Tajam 30 Derajat TRG,Rp3.543,3543.0
pemotong-kertas,YUKIDO CUTTER STAINLESS BAJA MILTIFUNGSI 18MM / CUTTER STAINLESS STEEL MULTIFUNCTION 18MM,Rp30.000,30000.0
pemotong-kertas,PHILIPS RCS033 1C L1000/L2000 TRACK ONLY ACCESSORY FOR ST033T,Rp161.500,161500.0
pemotong-kertas,Gunting Kecil Warna Warni Scissors M2000 [SM-C140] Plastik,Rp6.900,6900.0
pemotong-kertas,Kenko Cutter L-500,Rp20.500,20500.0
pemotong-kertas,NESO 18MM Cutter Pisau Pemotong Kertas （COD）Knife Utility Auto Lock multifungsi penggaris kater tajam Pisau Cutter D,Rp21.100,21100.0
pemotong-kertas,Deli Cutter Ukuran SK5 2079,Rp12.100,12100.0
pemotong-kertas,"PISAU CUTTER 93422A - PLASTIC SNAP-OFF KNIFE, 8-POINT, 18 X 1MM SATA",Rp170.000,170000.0
pemotong-kertas,GREEBEL Mini Cutter MC-1007 (1Pcs) / Kater Lucu / Cuter karakter / Kater Untuk Anak Sekolah,Rp14.150,14150.0
pemotong-kertas,Gunting Kecil Joyko Scissors [SC-828] / Gunting Kertas Kain Plastik,Rp9.350,9350.0
pemotong-kertas,Aksesoren Gunting Besar Joyko ZZ-65 [1 Pcs] / Gunting Bergrigi Zig Zag / Alat Pemotong Kertas Super Tajam ZZ65,Rp23.900,23900.0
pemotong-kertas,Aksesoren Gunting Besar Serbaguna SK5 [1 Pcs] / Scissors Alat Potong Daging Memotong Kain Plastik Buka Tutup Botol / Pembersh Sisik Ikan / Pemotong Sayur Kertas Jumbo Baja Stainless,Rp43.150,43150.0
pemotong-kertas,Original Jinka 723 PE PRO Mesin Cutting Sticker Plotter Auto Contour,Rp7.200.000,7200000.0
pemotong-kertas,Dewalt Folding Pocket Knife (Tough Series) / Pisau Lipat DWHT10314,Rp1.066.000,1066000.0
pemotong-kertas,Maped Roll Pattern,Rp150.000,150000.0
pemotong-kertas,[Alfamidi LINK]5pcs/1set pembolong kulit set Stainless steel Hole Punch Tool Plong Kulit Pelubang Kulit,Rp34.900,34900.0
pemotong-kertas,Dies cutting dies bottle wine glass pattern scrapbooking - DHPATTERN,Rp75.000,75000.0
pemotong-kertas,Dies cutting dies maple leaf scrapbooking autumn daun maple- DHPATTERN,Rp65.000,65000.0
pemotong-kertas,Stanley Fatmax Snap Off Blade Knife / Pisau Cutter 18mm 0-10-481,Rp284.600,284600.0
pemotong-kertas,Cutting Mat Alas Potong Untuk Mesin Cutting Sticker Ukuran A1,Rp695.800,695800.0
pemotong-kertas,Part Pin Circle Cutter Alat Pemotong Kertas Lingkaran Bulat,Rp12.500,12500.0
pemotong-kertas,JOYKO GUNTING SC 838,Rp24.990,24990.0
pemotong-kertas,Kaozelo Alas Potong Work Cutting Mat Pad A3 45x30cm,Rp82.700,82700.0
pemotong-kertas,Kaozelo Sarung Tangan Silikon Anti Panas Heat Resistance Kitchen Glove 1 PCS - FGS,Rp54.400,54400.0
pemotong-kertas,(SF-LLL-Grosir)Gunting Panjang Base Warna Warni kertas Stainless Steel Safari Brand Anti Karat,Rp74.399,74399.0
pemotong-kertas,Taffware Mesin Pembersih Perhiasan Ultrasonic Cleaner 35W 800ml - GA008,Rp618.000,618000.0
pemotong-kertas,Cutter Sdi Heavy Duty Autolock Seri 0445C,Rp178.500,178500.0
pemotong-kertas,Changlu Pisau Cutter Alat Pemotong Kertas 8Inch / Changlu Single Blade Of Utility Knife 8 Inch,Rp11.400,11400.0
pemotong-kertas,Punch Pembolong kertas License UK 8 pcs Craft kue 538987 paper kraft scrapbook fondant ATK409KC,Rp475.000,475000.0
pemotong-kertas,CR80 2in1 Edge+Corner Punch Butterfly 42-60093 Pembolong Kertas Craft,Rp696.000,696000.0
pemotong-kertas,Pisau Knife FIBERGLASS RUBBER 9mm Snap-Off blade cutter XA-1 Olfa,Rp77.700,77700.0
pemotong-kertas,Olfa Refill Cutter GSB-1S (30Pcs/Pack) Spare Blades for GSR-1/3B,Rp305.000,305000.0
pemotong-kertas,Xantri Round Corner Cutter 3 in 1 Pemotong Sudut Corner Puncher Rounder Pemotong Ujung Kertas Plastik pembolong kertas Kotak,Rp43.200,43200.0
pemotong-kertas,MOTIF SCISSORS BLUE 187752 FABER CASTELL GUNTING TMBOOKSTORE ATK,Rp31.500,31500.0
pemotong-kertas,Cutting dies cupid alat potong scrapbook embossed tools DHPATTERN,Rp52.000,52000.0
pemotong-kertas,Gunting Sedang M2000 Scissors [SM-A165] / Gunting Kertas Kain Plastik,Rp7.900,7900.0
pemotong-kertas,Pisau Cuter 9mm Snap-Off blade cutter A-5 OLFA JAPAN,Rp61.100,61100.0
pemotong-kertas,PAKET BUNDLING SDI 0443C Ingenuity Cutter + SDI K361 Extreme Black Cutter Blade,Rp64.125,64125.0
pemotong-kertas,Stanley Retractable Blade Utility Knife / Pisau Cutter STHT10479-0,Rp333.700,333700.0
pemotong-kertas,"SDI 1009 Cutting Mat Tebal A1 / Alas Potong A1 (36"" x 24"")",Rp334.950,334950.0
pemotong-kertas,Cutting dies cupid alat potong scrapbook embossed tools DHPATTERN,Rp52.000,52000.0
pemotong-kertas,HPM HAIRNET WHITE CAP 7S,Rp5.600,5600.0
pemotong-kertas,Olfa Refill Cutter GSB-1S (30Pcs/Pack) Spare Blades for GSR-1/3B,Rp305.000,305000.0
pemotong-kertas,MOTIF SCISSORS BLUE 187752 FABER CASTELL GUNTING TMBOOKSTORE ATK,Rp31.500,31500.0
pemotong-kertas,Gunting Besar Joyko Scissors [SC-848] / Gunting Kertas Kain Plastik,Rp20.500,20500.0
pemotong-kertas,[Elephant] Kid-D Scissor SCB0255 5 1/2inch (Red),Rp9.800,9800.0
pemotong-kertas,CR29 Small Elephant Punch Pembolong Kertas Gajah Card Craft 76230 HUT Martha Steward,Rp525.000,525000.0
pemotong-kertas,LAG GUITAR GLA-T88ACE BMJ,Rp4.970.000,4970000.0
pemotong-kertas,FDB LA 215S BMJ,Rp22.500.000,22500000.0
pemotong-kertas,Bar Mat Rubber – 60x8cm – Black – OTC,Rp42.500,42500.0
pemotong-kertas,Gunting Besar Scissors Premium M2000 [SP-T185] / Gunting Dapur Super Tajam / Gunting Pemotong Kertas Plastik Kain / Gunting Jumbo Pemotong Lakban / Alat Pemotong Rambut / Gunting Kardus Stainless,Rp14.500,14500.0
pemotong-kertas,Aluminum Corner Template Set for Router Table Arc Cutting,Rp728.000,728000.0
pemotong-kertas,Pisau Cutter Knife 9mm Snap-Off blade cutter 180 Black Olfa,Rp37.500,37500.0
pemotong-kertas,"WIPRO Gunting Seng (British Type) WS-2008 (8"""")",Rp101.500,101500.0
pemotong-kertas,Sdi Punch No.0818,Rp49.500,49500.0
pemotong-kertas,CR26 Studded Heart All Over The Page Punch Craft Pembolong Martha87936,Rp675.000,675000.0
pemotong-kertas,REFILL Cutter BLADE OLFA SKB-10 Spare blades for SK-10 Olfa,Rp56.900,56900.0
pemotong-kertas,SOUNDKING CFBM-05 BMJ,Rp84.000,84000.0
pemotong-kertas,Xantri - 3 in 1 Pelubang Kertas Lubang Bundar Sudut (R10mm R5mm) KM-8815 Lubang Bundar,Rp43.200,43200.0
pemotong-kertas,STRAUSS Cutter 2 Warna Heavy Duty PVC 18cm / Anti Selip Auto Lock Ergonomis Multifungsi,Rp15.350,15350.0
pemotong-kertas,Languo Pisau Cutter / Cutter Knife Serbaguna,Rp14.900,14900.0
pemotong-kertas,Taffware Pembersih Perhiasan Ultrasonic 45kHz 20W 319ml - SJ-A6,Rp503.500,503500.0
pemotong-kertas,GUNTING SC-848 SG JOYKO Ukuran 21x8cm | Gunting Pemotong Kertas | Gunting Ukuran Besar / Max TMBOOKSTORE,Rp23.500,23500.0
pemotong-kertas,"Xantri Pemotong Sudut Bulat 3IN1 R4mm / R5mm / R10mm Untuk Kartu, Foto, dan Kertas",Rp43.200,43200.0
pemotong-kertas,Daiso MULTI PURPOSE EVA PAD,Rp33.000,33000.0
pemotong-kertas,Mesin Alat Pemotong Kertas / Pelubang Kertas Bentuk Segi delapan / Octagonal,Rp823.900,823900.0
pemotong-kertas,Belati Pisau Kecil / Perlengkapan Sekolah Atribut Pramuka 1 Pcs,Rp5.500,5500.0
pemotong-kertas,Ezren EZ-SK1 Silet Pemotong Kertas Pisau Cutter Potong Paper Auto Lock,Rp16.478,16478.0
pemotong-kertas,"Meinl WKT1212NT 12.5"" Tumba Kachiro Thompson Artist Series BMJ",Rp6.824.000,6824000.0
pemotong-kertas,Agatis Prime Scissor Gunting Metal - Yellow,Rp15.900,15900.0
pemotong-kertas,Digap Alas Potong Work Cutting Mat Pad A3 45x30cm,Rp82.700,82700.0
pemotong-kertas,Cutting dies pisau potong love n butterfly shape DHPATTERN,Rp59.000,59000.0
pemotong-kertas,Cutting dies pisau potong bunga kecil small flower stencils DHPATTERN,Rp65.000,65000.0
pemotong-kertas,Kenko Scissor Scf 01 Isi 1Pcs,Rp25.200,25200.0
pemotong-kertas,Weekend Makes: Punch Needle - 9781784945893,Rp370.000,370000.0
pemotong-kertas,LAG GUITAR GLA-T318D BMJ,Rp6.475.000,6475000.0
pemotong-kertas,HPM HAIRNET WHITE CAP 7S,Rp5.800,5800.0
pemotong-kertas,HPM HAIRNET WHITE CAP 7S,Rp5.600,5600.0
pemotong-kertas,Spare Part Things Pulley Mesin Cutting Sticker Jinka JK/XL Series,Rp185.900,185900.0
pemotong-kertas,SOUNDKING AP48 BMJ,Rp10.800.000,10800000.0
pemotong-kertas,Adjustable Cabinet Hardware Jig Woodworking Hole Punch,Rp458.000,458000.0
pemotong-kertas,Kaozelo Pemotong Styrofoam Gabus Polystyrene Cutting Machine 10cm 30W - CT10,Rp234.800,234800.0
pemotong-kertas,"Gunting Kain Tajam Craftman Cut 8"" Butterfly | Gunting Jahit Profesional Stainless Steel",Rp78.048,78048.0
pemotong-kertas,Skymicool Gunting Anak Mini Lucu Multifungsi Scissors SCI06,Rp19.900,19900.0
pemotong-kertas,Xantri - Alat Pemotong Sudut Kertas Bentuk Gelombang Ukuran R4mm R7mm R10mm Tipe KM-6630,Rp43.200,43200.0
pemotong-kertas,Aksesoren Cutter Besar Tajam [1 Renceng/12 Pcs] / Pisau Cuter Murah / Alat Potong Super,Rp25.500,25500.0
pemotong-kertas,STRAUSS Cutter DEX Heavy Duty GG Karet / CUTTER JUMBO 18cm Pisau Cadangan / PREMIUM,Rp22.500,22500.0
pemotong-kertas,MAX Pembolong Kertas / Paper Punch Hingga 13 lembar (F2BN2),Rp105.000,105000.0
pemotong-kertas,(Renteng) Cutter Plastik Besar Kecil Karakter Pisau Renteng Renceng Merk Safari Brand,Rp29.200,29200.0
pemotong-kertas,(Renteng) Cutter Plastik Besar Kecil Karakter Pisau Renteng Renceng Merk Safari Brand,Rp19.800,19800.0
pemotong-kertas,Dies cutting dies flower bell spring theme pattern garden theme dies,Rp45.000,45000.0
pemotong-kertas,Silk screen cameo pola bingkai alat clay scrapbooking dekorasi ss31,Rp48.000,48000.0
pemotong-kertas,Gunting Estudee Scissors School with Cover 5.5inch Pink Es-Sc130,Rp17.800,17800.0
pemotong-kertas,Xantri - Mesin Pemotong Kertas dan Embossing 3 INCH KM A7 - 1830 Craft Punch For DIY Kerajinan Tangan,Rp522.000,522000.0
pemotong-kertas,Cutter Mini Karakter Lucu 9mm Mini Paper Cutter & Nano Tape Transparant Serbaguna - Alat Tulis Sekolah Cute Stationary,Rp9.500,9500.0
pemotong-kertas,[FREE GIFT 11.11 Deli Tools],Rp1.025.000,1025000.0
pemotong-kertas,CR17 Double Emb Dotted Lace 54-40150 Pembolong Edge Kertas Craft 96604,Rp525.000,525000.0
pemotong-kertas,SOUNDKING G-208SA BMJ,Rp13.880.000,13880000.0
pemotong-kertas,"Cutter Set + Isi 5 Pcs Multifungsi – Pisau Cuter Serbaguna Portable, Ideal untuk Rumah, Camping & DIY",Rp19.500,19500.0
pemotong-kertas,Penanda Posisi Pemotong Lingkaran DSPIAE Cutter Locator MT-CL,Rp211.500,211500.0
pemotong-kertas,Gunting Sedang M2000 Scissors [SM-A165] / Gunting Kertas Kain Plastik,Rp7.900,7900.0
pemotong-kertas,Pisau Cuter 9mm Snap-Off blade cutter A-5 OLFA JAPAN,Rp61.100,61100.0
pemotong-kertas,PAKET BUNDLING SDI 0443C Ingenuity Cutter + SDI K361 Extreme Black Cutter Blade,Rp64.125,64125.0
pemotong-kertas,Stanley Retractable Blade Utility Knife / Pisau Cutter STHT10479-0,Rp333.700,333700.0
pemotong-kertas,"SDI 1009 Cutting Mat Tebal A1 / Alas Potong A1 (36"" x 24"")",Rp334.950,334950.0
pemotong-kertas,"Cutter Set + Isi 5 Pcs Multifungsi – Pisau Cuter Serbaguna Portable, Ideal untuk Rumah, Camping & DIY",Rp19.500,19500.0
pemotong-kertas,Penanda Posisi Pemotong Lingkaran DSPIAE Cutter Locator MT-CL,Rp211.500,211500.0
pemotong-kertas,Aksesoren Gunting Dapur Jumbo Joyko Scissors [SC-14] / Gunting Sayur Kertas Kain Plastik Daging / Alat Pemotong Serbaguna Baja Stainless,Rp34.500,34500.0
pemotong-kertas,Gunting Anak Asst Motif Kuromi,Rp35.400,35400.0
pemotong-kertas,JOYKO - Gunting Stainless Gagang Pastel SC-828 SC-838 SC-848 - PCS,Rp9.750,9750.0
pemotong-kertas,POWERPACK Manual L-Seal Cutter BSF-501,Rp3.534.061,3534061.0
pemotong-kertas,"GUNTING SC-848SG KENKO UKURAN 20,2 X 7,5cm | Gunting Besar | Gunting Tebal | Gunting Pemotong Kertas | TMBOOKSTORE ATK",Rp21.000,21000.0
pemotong-kertas,"BITCBae [1SET] Mainan Stempel Kartun Dapat digunakan kembali, tidak meninggalkan residu Stempel Mainan Anak-Anak",Rp39.900,39900.0
pemotong-kertas,Pembolong Bulat 6.35mm Kertas Kartu Card 42-15002 96122 Paper Punch Motif Martha Steward CR31,Rp375.000,375000.0
pemotong-kertas,ROUND DIES HANDLE 38 MM TEKIRO,Rp88.440,88440.0
pemotong-kertas,Digap Penghancur Kertas Manual CD Card Hand Paper Shredder 4.5L - WST-123,Rp187.000,187000.0
pemotong-kertas,"Sinusitis Hidung, Hidung Berbau Busuk, Polip Hidung Pilek Bau Busuk Rhinitis Propolis SM",Rp106.000,106000.0
pemotong-kertas,3D Printing Card Board Cutter Multifungsi Paper Cutter Cutting Tools Plastik Pemotong,Rp49.379,49379.0
pemotong-kertas,SOUNDKING CX3F006 (3P) BMJ,Rp24.000,24000.0
pemotong-kertas,"BITCBae Pelubang kulit Pembuatan barang-barang kulit, set alat pelubang bulat 15 buah",Rp79.000,79000.0
pemotong-kertas,True Mothers - Mizuki Tsujimura,Rp145.000,145000.0
pemotong-kertas,Done handymade cutting dies scrapbooking paper art ct206 - DHPATTERN,Rp59.900,59900.0
pemotong-kertas,Cutting dies pisau potong motif daun lace bulat DHPATTERN,Rp72.000,72000.0
pemotong-kertas,"Xantri - 1 Set Gunting Zigzag / biasa untuk craft, sekolah, diy, kids Gunting kertas bergelombang, paper scissor",Rp71.400,71400.0
pemotong-kertas,Agatis Eco Gunting Kertas Metal,Rp11.000,11000.0
pemotong-kertas,Alfamidi LINK 1PC Cardboard Perforator for Packaging With its user-friendly design easy to operate Versatile Usage,Rp14.900,14900.0
pemotong-kertas,"BITCBae Pembolong Alat pelubang kulit DIY, alat pelubang kulit profesional",Rp29.900,29900.0
pemotong-kertas,Refill Cutter SK16 Olfa SKB-16/10 Spare blades for SK-16,Rp267.000,267000.0
pemotong-kertas,Cutter Taco Besar 88 / Pisau Cuter Alat Potong Super Tajam,Rp4.150,4150.0
pemotong-kertas,Safety Cutter SK-4 OLFA,Rp88.900,88900.0
pemotong-kertas,Gunting Sdi I-Sharp Scissors 135Mm Seri 0924C,Rp48.500,48500.0
pemotong-kertas,Xantri - Paper Embossing Machine A7 DIY Dies Cutting Machine Scrapbook Crafts Embossing Machine,Rp522.000,522000.0
pemotong-kertas,ARTLINE Gunting Stix Scissors ETX-SC,Rp48.500,48500.0
pemotong-kertas,Digap Pemotong Styrofoam Gabus Polystyrene Cutting Machine - LB10,Rp199.000,199000.0
pemotong-kertas,HPM HAIRNET WHITE CAP 7S,Rp5.690,5690.0
pemotong-kertas,UDBLUE Gunting Anak Mini Lucu Multifungsi Scissors SCI06,Rp19.900,19900.0
pemotong-kertas,Pisau Cutter Knife 9mm Snap-Off blade cutter 180 Black Olfa,Rp37.500,37500.0
pemotong-kertas,Refill Isi Cutter 18mm Spare Blade LB-10B (10pcs per pack) Olfa,Rp69.400,69400.0
pemotong-kertas,Xantri - Alat Potong Kertas HVS Artpaper Stiker Bufallo A6 Mesin Potong Kertas Paper Cutter A6 Mini,Rp117.300,117300.0
pemotong-kertas,Cutting dies cutting scrapbooking heart pattern love DHPATTERN,Rp59.000,59000.0
pemotong-kertas,DHPATTERN cutting dies embossed scrapbooking garden theme,Rp42.000,42000.0
pemotong-kertas,Done handymade cutting Dies scrapbooking eid flower ct204 - DHPATTERN,Rp59.000,59000.0
pemotong-kertas,(12Pcs/Renteng) GREEBEL Cutter Pisau Pemotong Stainless Steel Anti Karat G-501,Rp43.850,43850.0
pemotong-kertas,Agatis Prime Scissor Gunting Plastic Aman untuk Anak-Anak (Belajar Menggunting),Rp9.900,9900.0
pemotong-kertas,DIY Die Cutting Machine A7 Scrapbook Crafts Embossing Machine Portable Paper Cutter,Rp522.000,522000.0
pemotong-kertas,HPM HAIRNET WHITE CAP 7S,Rp5.600,5600.0
pemotong-kertas,Fujikura Loose Tube Cutter LTC-01 - Alat Pemotong Fiber Optik,Rp800.000,800000.0
pemotong-kertas,(1 Renteng) Cutter Pisau Silet Pemes Alat Pemotong Lipat Kecil Mini Warna Warni 1 Renteng isi 12 Biji Merk Safari Brand,Rp12.050,12050.0
pemotong-kertas,Dies cutting dies label merk brand tag accesoris scrapbook - DHPATTERN,Rp32.000,32000.0
pemotong-kertas,GREEBEL Mini Cutter MC-1002 (1Pcs) / Kater Lucu / Cuter karakter / Kater Untuk Anak Sekolah,Rp13.950,13950.0
pemotong-kertas,MOTIF SCISSORS GREEN 187764 FABER CASTELL GUNTING TMBOOKSTORE,Rp31.500,31500.0
pemotong-kertas,JOYKO Gunting Scissors Stainless Steel SC-45A,Rp13.200,13200.0
pemotong-kertas,[Special Price] Deli Small Paper Trimmer Portable/ Pemotong Kertas Kecil A4 A5 14251 Cutter Hitam Kantor Mesin,Rp71.900,71900.0
pemotong-kertas,(SF-SSS - Grosir)Gunting kecil Warna Warni kertas Stainless Steel Safari Brand Anti Karat,Rp59.499,59499.0
pemotong-kertas,Taffware Mesin Pembersih Perhiasan Ultrasonic Cleaner 40KHz 240W 10L - KZ-F10,Rp2.600.000,2600000.0
pemotong-kertas,HPM HAIRNET WHITE CAP 7S,Rp5.390,5390.0
pemotong-kertas,CR8 Craft Knife We R Pisau Potong Kertas Karton Scrapbook Tools 602446,Rp355.000,355000.0
pemotong-kertas,BEANABELL Pembolong Kertas Mini Bentuk Perangko Stamp Hole Craft Puncher DIY Alat Pelubang Kertas,Rp99.000,99000.0
pemotong-kertas,SMARTHEART ADULT DOG.FO LAMB&RICE 1.5KG,Rp76.150,76150.0
pemotong-kertas,BOSS AD-10 BMJ,Rp8.236.500,8236500.0
pemotong-kertas,SOUNDKING CFBM-11 BMJ,Rp51.200,51200.0
pemotong-kertas,Digap Pemotong Styrofoam Polystyrene Cutting Machine - LB50,Rp195.800,195800.0
pemotong-kertas,SMARTHEART ADULT DOG.FO LAMB&RICE 1.5 KG - MAKANAN HEWAN,Rp76.150,76150.0
pemotong-kertas,WIPRO SP. W7260-0027 Scissors No.27 Blade Holder,Rp114.400,114400.0
pemotong-kertas,WIPRO SP. W7260-0018 Scissors No.18 Gear Housing,Rp74.250,74250.0
pemotong-kertas,PAKET BUNDLING SDI 0443C Ingenuity Cutter + SDI K361 Extreme Black Cutter Blade,Rp64.125,64125.0
pemotong-kertas,Pemotong Kertas Paper Cutter Joyko PC-1128 A5,Rp49.300,49300.0
pemotong-kertas,Kenmaster Pisau Cutter + Grip - PSCT013,Rp31.000,31000.0
pemotong-kertas,Stanley Refill Knife Blade / Pisau Cutter Cadangan 9mm 11-300T-22,Rp37.000,37000.0
pemotong-kertas,Cuting Mat A2 Joyko - Cutting Matt Alas Potong CM-A2,Rp103.433,103433.0
pemotong-kertas,SOUNDKING CFBM-11 BMJ,Rp51.200,51200.0
pemotong-kertas,Safety Cutter SK-6 Olfa,Rp152.600,152600.0
pemotong-kertas,ADJUSTABLE ROUND DIES M5 X 0.80 TEKIRO,Rp53.856,53856.0
pemotong-kertas,Cutting dies couple pattern valentine decor scrapbooking - DHPATTERN,Rp82.000,82000.0
pemotong-kertas,DHPATTERN cutting dies embossed scrapbooking animal galaxy card,Rp48.000,48000.0
pemotong-kertas,WIPRO SP. W7260-0027 Scissors No.27 Blade Holder,Rp114.400,114400.0
pemotong-kertas,WIPRO SP. W7260-0018 Scissors No.18 Gear Housing,Rp74.250,74250.0
pemotong-kertas,Sanneng SN0476 - Airtight Silicone Baking Mat (S),Rp317.900,317900.0
pemotong-kertas,Alat Pelubang Kertas Motif Perangko / Stamp Hole Puncher – Puncher Lucu untuk Journaling & DIY / Pelubang Kertas Portabel Multifungsi Untuk Kerajinan DIY NIHONMART,Rp99.000,99000.0
pemotong-kertas,Pisau Cuter 12.5mm Snap-Off Blade Wallpaper Cutter FWP-1 OLFA,Rp84.700,84700.0
pemotong-kertas,Nusign Utility Knife / Cutter Pisau Lipat NS065,Rp11.900,11900.0
pemotong-kertas,Mesin Cutting Sticker Auto Contour Cut Cam SUN GF1680 165 cm,Rp21.889.000,21889000.0
pemotong-kertas,Meinl WKT1134NT 11 3/4 Inch Kachiro Thompson Artist BMJ - G,Rp6.600.000,6600000.0
pemotong-kertas,Wood Carving Knife CR-V Steel Blade 60 Angle 154mm Total,Rp381.000,381000.0
pemotong-kertas,Ganwei Precision Single Hole Positioning Puncher Versatile,Rp458.000,458000.0
pemotong-kertas,Gunting Kecil Joyko Scissors [SC-828SG] / Gunting Kertas Kain Plastik Kantor Stainless,Rp13.500,13500.0
pemotong-kertas,Dies cutting dies butterfly kupu kupu cutting scrapbooking - DHPATTERN,Rp61.000,61000.0
pemotong-kertas,Pelubang Kertas Xantri 3 in 1 Tag Puncher with Paper Round Corner - KM-8710B,Rp151.200,151200.0
pemotong-kertas,OLFA SL1 Pisau Cutter 18mm SL-1 Snap-Off Blade Cutter,Rp63.800,63800.0
pemotong-kertas,Safety Cutter SK-4 OLFA,Rp88.900,88900.0
pemotong-kertas,Pisau Potong tali plastik wrapping Cutter Safety Knife Olfa SK-10,Rp93.000,93000.0
pemotong-kertas,Ezren EZ-SK4 Cutter Blade 18mm Lock Manual Multipurpose Paper Cutter,Rp20.452,20452.0
pemotong-kertas,Daiso 2-Hole Punch -Black-,Rp33.000,33000.0
pemotong-kertas,Kaozelo Light Box Display Frame Poster LED Slim Pull Out 16W 40x60cm - L-245,Rp846.700,846700.0
pemotong-kertas,Xantri - Paper Cutter Mini A6 Alat Potong / Mesin Pemotong Kertas HVS Sticker Art Paper,Rp117.300,117300.0
pemotong-kertas,SATA TOOLS 2 Pisau PVC Tube Cutter Blade 97311,Rp93.000,93000.0
pemotong-kertas,Pembolong Kertas Greebel Punch 720 / Alat Pelubang Binder Plastik,Rp158.900,158900.0
pemotong-kertas,Aksesoren Gunting Joyko Motif Karakter [SC-26/SC-27/SC-28] / Gunting Kecil Karakter Lucu / Alat Memotong Kain Kertas Plastik,Rp24.150,24150.0
pemotong-kertas,Cutting dies fairy scrapbooking greeting card stencil DHPATTERN,Rp57.000,57000.0
pemotong-kertas,CUTTER BLADE L-150 KENKO TMBOOKSTORE,Rp10.000,10000.0
pemotong-kertas,Maped Pembolong Kertas Expert Punch HD 150,Rp5.315.000,5315000.0
pemotong-kertas,"ZRM 1512 Paper Cutter / Alat Pemotong Kertas B4 (15"" x 12"")",Rp316.150,316150.0
pemotong-kertas,Tang Pelubang ID Card Model T Slot Punch Airplane Hole PVC,Rp236.500,236500.0
pemotong-kertas,TRG Cutter Blade Craft Pen Cutter BL-147 - Refill Pisau Cuter Art Hobby Knife CU-137 Isi 5 Buah TRG,Rp9.072,9072.0
pemotong-kertas,T type Woodworking Scriber Metric/Inch Precision T-Ruler T,Rp439.000,439000.0
pemotong-kertas,Refill Isi Cutter 18mm Spare Blade LB-10B (10pcs per pack) Olfa,Rp69.400,69400.0
pemotong-kertas,Olfa Refill Cutter GSB-1S (30Pcs/Pack) Spare Blades for GSR-1/3B,Rp305.000,305000.0
pemotong-kertas,Aksesoren Cutter Tajam [1 Renceng/12 Pcs] / Pisau Kecil Murah / Alat Potong Benda,Rp18.500,18500.0
pemotong-kertas,Xantri - Alat Pemotong Sudut Kertas Gelombang DIY Kartu Ucapan Kertas Foto,Rp43.200,43200.0
pemotong-kertas,Pembolong Kertas Binder Joyko [No.85B] / Heavy-Duty Punch Paper 1 Set,Rp79.500,79500.0
pemotong-kertas,(SF-7190) Gunting Potong Kertas Dapur Kantor Serbaguna Steinless Steel Anti Karat Ukuran Besar Anti Slip,Rp22.999,22999.0
pemotong-kertas,CUTTER A-300 KENKO TMBOOKSTORE,Rp9.000,9000.0
pemotong-kertas,Gunting Anak Faber Castell 1871 - Kids Scissors 180771 Faber-Castell,Rp23.439,23439.0
pemotong-kertas,Digap Sarung Tangan Silikon Anti Panas Heat Resistance Kitchen Glove 1 PCS - FGS,Rp54.400,54400.0
pemotong-kertas,Mesin Cutting Sticker A4 Cute / Mini Portable Likcut S41 A4 Auto Contour / Mudah Dibawa - Smart Cutting Tool for Crafter Funny Handmade Sticker,Rp4.999.000,4999000.0
pemotong-kertas,Xantri - Alat Pemotong Kertas Manual Besar A5 Alat Tulis Kantor,Rp207.400,207400.0
pemotong-kertas,Kenko Cutter Blade A-100 Plastik R1020,Rp6.600,6600.0
pemotong-kertas,Sparepart Rubber Scratch Mesin Pad Printing DDYM-520,Rp47.500,47500.0
pemotong-kertas,V-TEC PAPER CUTTER VT-A3_18X15,Rp309.000,309000.0
pemotong-kertas,"BITCBae Wooden Stamp Stempel karakter yang sederhana dan elegan, portabel, mudah disimpan, dan bermotif kreatif",Rp42.900,42900.0
pemotong-kertas,LINEX-CK900 HOBBY KNIFE W/RUBBER GRIP #4953 00,Rp110.000,110000.0
pemotong-kertas,Refill Cutter Spare blade for CMP-1 Compass Cutter COB-1 OLFA,Rp38.900,38900.0
pemotong-kertas,Xantri - Pemotong / Pembentuk Sudut / Ujung Kertas Bulat / Paper Corner Punch / Cutter KM 6630,Rp43.200,43200.0
pemotong-kertas,SUN - JOURNEY Border Puncher With Helper Tool 6 Designs / Decorative Paper Puncher Helper Tool M8733C / M8733A,Rp144.000,144000.0
pemotong-kertas,Cricut Joy Xtra | Smart Cutting Machine Starter Bundle | 2025,Rp7.650.000,7650000.0
pemotong-kertas,Daiso Mini Scissors -Gerbera - Cat-,Rp33.000,33000.0
pemotong-kertas,Xantri - Gunting Bergerigi / Gunting ZIgzag / Gunting Craft 8787,Rp71.400,71400.0
pemotong-kertas,Pelubang Kertas 3 in 1 Xantri Tag Paper Label Puncher Corner Rounder Pembolong Scrapbook KM-8710B,Rp151.200,151200.0
pemotong-kertas,MAT3RA1 TEMPEL 3000,Rp7.500,7500.0
pemotong-kertas,Refill Mata Pisau 16 39 135 Knipex Spare Blades For 16 30 135,Rp366.300,366300.0
pemotong-kertas,PAKET BUNDLING SDI 0443C Ingenuity Cutter + SDI K361 Extreme Black Cutter Blade,Rp64.125,64125.0
pemotong-kertas,Pemotong Kertas Paper Cutter Joyko PC-1128 A5,Rp49.300,49300.0
pemotong-kertas,Kenmaster Pisau Cutter + Grip - PSCT013,Rp31.000,31000.0
pemotong-kertas,Stanley Refill Knife Blade / Pisau Cutter Cadangan 9mm 11-300T-22,Rp37.000,37000.0
pemotong-kertas,Cuting Mat A2 Joyko - Cutting Matt Alas Potong CM-A2,Rp103.433,103433.0
peralatan-jahit,Torenda kancing Jas Big Motive winged shield Silver (22x22mm) / Pcs,Rp20.000,20000.0
peralatan-jahit,Resleting Zipper Ritsleting 15 cm Vislon Variasi Kain Hitam - Gold Kode DG Harga Per Pc,Rp13.900,13900.0
peralatan-jahit,Kepala Resleting Zipper Head Type Gigi Coil Halus Nomor 5 Warna Gold Muda Kode LRG Harga Per Biji,Rp22.900,22900.0
peralatan-jahit,"Ring Oval Lebar Lubang 2,5 cm Warna Nikel Silver Harga Per Lusin",Rp23.900,23900.0
peralatan-jahit,Randa Bunga Lebar 1 cm Warna Biru - Kuning Untuk List Tepi Mukena Taplak Meja Dll Harga Per Rol isi 22 Meter Dasar Putih,Rp22.900,22900.0
peralatan-jahit,Resleting Zipper Ritsleting 125 cm Type Gigi Halus Coil Warna Hitam Model Set Open-End Harga Per Pc,Rp21.900,21900.0
peralatan-jahit,Tali Zipper Puller Warna Biru Variasi Tarikan Kepala Resleting Harga Per Lusin 12 Pcs,Rp17.900,17900.0
peralatan-jahit,Resleting Zipper Longchain Meteran YKK Type Gigi Vislon No 5 Warna Coklat Harga Per Meter,Rp17.900,17900.0
peralatan-jahit,Resleting Zipper Jaket 75 cm Vislon Kepala Ganda Dobel Dua Kepala Warna Hitam Set Open End Harga Per Biji,Rp22.900,22900.0
peralatan-jahit,Label Size Model Angka Bordir Satin Damask Warna Putih Tulisan Hitam Harga Per Rol isi 600 Pcs,Rp24.900,24900.0
peralatan-jahit,"Tali Elastis Elastic Kecil Bulat Diameer 1,5 mm Warna Biru Harga Per 5 Meter Bahan Craft DIY Aksesoris",Rp18.900,18900.0
peralatan-jahit,Tali Webbing Bintik Halus Lebar 1 cm Warna Hijau Bintik Putih Harga Per Rol isi 19 Meter,Rp24.900,24900.0
peralatan-jahit,"Webbing Tas Lebar 3,8 cm Warna Biru Harga Per Meter",Rp7.900,7900.0
peralatan-jahit,Resleting Zipper Ritsleting YKK Dua Arah Two Way Zipper Type Gigi Besi Nomor 5 Warna Kain Hitam - Silver Harga Per Meter,Rp38.900,38900.0
peralatan-jahit,Kain Parasut Alpen Tipis Coating PU Anti Air Waterproof Warna Merah Hati Maroon Marun Harga Per Meter Coating Putih,Rp45.900,45900.0
peralatan-jahit,Vinnatsu-Rak Spul Magnet / Rak Penyimpanan Spul Benang Tiang Spul Portable Rak Tempat Magnet Spool Organizer Mes,Rp34.398,34398.0
peralatan-jahit,YKK Resleting Jaket Gigi Besi 70 cm Warna Biru Navy Gold Bolak Balik Type #5 Kualitas Terbaik,Rp34.900,34900.0
peralatan-jahit,RAUNG - Bordir Nama Premium / Bordir Nama Timbul - Tanpa Minimal Pembelian,Rp10.000,10000.0
peralatan-jahit,Resleting Zipper 15 cm Vislon Hitam Bintik Gold Model Set Close End Harga Per Pc Kode BGB,Rp27.900,27900.0
peralatan-jahit,"Kait Pengait Gantungan Kaitan Cantolan 1,5 cm Warna Hitam Black Nikel type C Harga Per Biji",Rp7.400,7400.0
peralatan-jahit,Resleting Zipper Warna Peach Kain Salem - Gold Type Gigi Besi Nomor 5 Harga Per Meter,Rp25.900,25900.0
peralatan-jahit,Resleting Zipper Ritsleting 30 cm Type Gigi Besi Nomor 3 Gold Emas Set Close - End Variasi Tarikan Bulat Harga Per Pc,Rp20.900,20900.0
peralatan-jahit,Resleting Risleting Zipper YKK 150 cm Type Gigi Besi Hitam Gold Emas Model Set Open End Buka Lepas Harga Per Pc,Rp50.900,50900.0
peralatan-jahit,"Pita Reflektif Skotlet Lebar 2,5 cm PVC Warna Merah Harga Per Meter Untuk Skotlet Jas Hujan Jaket Rompi Parkir Dll",Rp10.900,10900.0
peralatan-jahit,Tali Webbing Bintik Halus Lebar 1 cm Warna Gading Bintik Hitam Harga Per Rol isi 19 Meter,Rp24.900,24900.0
peralatan-jahit,Resleting Zipper Busana 50 cm Vislon Variasi Kain Hitam - Gold Muda Kode B Harga Per Pc,Rp26.900,26900.0
peralatan-jahit,"Ring Bulat Sangat Kecil Tipis Diameter Lubang 2,5 mm Warna Nikel Silver Per Pack isi 144 Pcs",Rp10.900,10900.0
peralatan-jahit,[Alfamidi LINK]1PC Alat Pasang Kancing Jepret Alat Pasang Kancing / 50PCS kancing plastik - black / white （(Sold separately),Rp22.900,22900.0
peralatan-jahit,"Stopper Tali Kecil Dua Lubang Model Compo Warna Hitam Harga Per 6 Biji Untuk Tali 1,5 mm s/d 3 mm",Rp14.900,14900.0
peralatan-jahit,Brother GS2500 Sewing Machine - Mesin Jahit Portable GS 2500,Rp2.765.000,2765000.0
peralatan-jahit,Paket Mesin 340PSI + Gunspray + Nepel,Rp200.000,200000.0
peralatan-jahit,"Tali Goni 2,5 mm Harga Per Rol isi 10 meter Untuk Tali Craft Kerajinan",Rp20.900,20900.0
peralatan-jahit,Rantai Kecil Lebar 4 mm Warna ATG Bintik Untuk Rantai Craft DIY Strap Masker Dll Harga Per Meter,Rp18.900,18900.0
peralatan-jahit,Torenda Payet Jahit Kristal Cangkang Tetes 10x14mm Hitam(Jet)/12pcs,Rp53.000,53000.0
peralatan-jahit,Torenda kancing Jas Big Convex Black Spear Carving (22mm)/Pcs,Rp24.500,24500.0
peralatan-jahit,Torenda kancing Jas Small Motive Nassau Bahamas Silver (15x15mm)/Pcs,Rp16.000,16000.0
peralatan-jahit,Torenda Payet Jahit Kristal Cangkang Tetes 10x14mm Biru(Montana)/12pcs,Rp53.000,53000.0
peralatan-jahit,144 PCS Torenda Rhodium Payet Jahit Montes 16SS - Pink (Rose Opal),Rp96.000,96000.0
peralatan-jahit,Dobujack Rubber Patch Bingo,Rp30.000,30000.0
peralatan-jahit,Kepala Resleting YKK Type Gigi Besi No 5 Nikel Silver OVal Kode B Harga Per Biji,Rp10.250,10250.0
peralatan-jahit,Patch Batalyon Green Patch A - B - C - D - Rubber Patch - Swarna Tactical,Rp20.000,20000.0
peralatan-jahit,Sarung Tangan Cakar Gali Tanah Berkebun Taman Claw Garden Gloves Box,Rp23.500,23500.0
peralatan-jahit,Sillyco Kemasan Kain - Pouch Kain Reusable,Rp20.000,20000.0
peralatan-jahit,Torenda Preciosa Payet Kristal Tempel Hotfix Putih (White Opal) / Gros,Rp77.000,77000.0
peralatan-jahit,Gantungan Kunci Obeng Emergency Driver Keychain,Rp3.500,3500.0
peralatan-jahit,Ring Jalan 2 cm Nikel Tebal Kualitas Premium Harga Per Biji,Rp6.500,6500.0
peralatan-jahit,Kain Parasut Furing WP / Pelapis Warna Abu Abu SMA Untuk Furing Dalam Tas Furing Jaket Dll Harga Per Meter,Rp31.900,31900.0
peralatan-jahit,Capit Untuk Aki Motor dan Mobil,Rp7.000,7000.0
peralatan-jahit,"Ring Jalan Gesper Jalan Tas Lebar Lubang 2 cm Gold Muda Emas Muda Premium Quality Tebal 4,5 mm Harga Per Pc",Rp6.500,6500.0
peralatan-jahit,"Ring Gesper Roll Warna Gold/Emas Muda Lebar Lubang 1,5 cm Premium Quality Tebal 4 mm Harga Per Biji",Rp5.300,5300.0
peralatan-jahit,Kepala Resleting Kepala Ritsleting No 5 Type Gigi Coil / Gigi Halus Warna ATG Bakar Kode AAO Harga Per Biji,Rp9.500,9500.0
peralatan-jahit,Tali Jaket Hoodie Lanyard Lebar 1 cm Warna Orange Harga Per Meter,Rp3.800,3800.0
peralatan-jahit,Tinctori - Patch Sashiko Wajik Indigo,Rp5.000,5000.0
peralatan-jahit,Torenda Kancing Mutiara White Circle NA.300.MG (2 uk) / PCS,Rp27.500,27500.0
peralatan-jahit,"Gesper Roll Tas Lebar Lubang 3,8 cm Warna Gold Muda Harga Per Biji",Rp8.400,8400.0
peralatan-jahit,"Tali Elastis Elastic Melar Molor Kecil Bulat Diameter 1,5 mm Warna Ungu Terong Harga Per Meter",Rp3.700,3700.0
peralatan-jahit,"Kait Lobster Kokot Udang Kecil 1,2 cm Lubang 1 mm Gold Emas Per Lusin",Rp27.900,27900.0
peralatan-jahit,Torenda Kristal Payet Tempel Hotfix Mote Gosok Merah Light Siam / Gros,Rp60.000,60000.0
peralatan-jahit,Resleting Longchain Zipper YKK Type Gigi Besi No 5 Kain Coklat - ATG Bakar Meteran,Rp38.900,38900.0
peralatan-jahit,"Bisban Pelipit Bungkus Penutup Tepi Jahitan Lebar 2,5 cm Warna Pink Fanta Harga Per Rol isi 27 Meter",Rp32.900,32900.0
peralatan-jahit,Torenda Pearl Mutiara T5810 Payet Jahit 12mm Varian Warna/PCS,Rp11.000,11000.0
peralatan-jahit,Torenda kancing Jas Big Golden Black Horse Carvings (22 mm)/Pcs,Rp16.500,16500.0
peralatan-jahit,set lengkap alat doorsmeer usaha kualitas bagus,Rp2.500.000,2500000.0
peralatan-jahit,Gantungan Kunci Obeng Emergency Driver Keychain,Rp3.500,3500.0
peralatan-jahit,Swarovski Pearl Payet Jahit (Mutiara) ART5810 Varian-Putih Ivory/10PCS,Rp2.500,2500.0
peralatan-jahit,"Bisban Pelipit Tutup Tepi Jahitan Warna Abu Lebar 3,8 cm Harga Per Rol",Rp55.900,55900.0
peralatan-jahit,Torenda Crystal Payet Jahit Bulat T3128 (6mm) / Lusin,Rp252.000,252000.0
peralatan-jahit,144 PCS Torenda Rhodium Payet Jahit Montes 20SS - Lt.Colorado Topaz,Rp96.000,96000.0
peralatan-jahit,"Pengait Kait Hook YKK 1,5 cm Poly Acetal Hitam Bagus Kuat Harga Per Biji Untuk Tali Lebar 1,5 cm",Rp6.300,6300.0
peralatan-jahit,Resleting Zipper Jaket YKK 70 cm Atau 28 inch Type Gigi Besi Warna Kain Hitam - Gold Set Open End Buka Lepas Slider Oval Harga Per pc,Rp34.900,34900.0
peralatan-jahit,Vinnatsu 3/4/6/8/10MM Corong Kelim Mesin Jahit High Speed Corong Lipat Praktis Sepatu Corong Lipat Mesin Jahit/Praktis Onderdil Mesin Jahit,Rp26.757,26757.0
peralatan-jahit,"Mesin Jahit Karung Gk9-036 Portable Kecil Integrasi Ekspres Muatan Tanpa Wayar Tas Beras, Sepenuhnya Otomatis Mesin Paket Kecepatan Tinggi Tas Woven",Rp899.000,899000.0
peralatan-jahit,URBAN VIBE - Gemini Double Zipper Cardigan | Sweater Rajut Resleting Premium,Rp278.000,278000.0
peralatan-jahit,Resleting Zipper Pendek Type Gigi Besi 10 cm Atau 4 inch Warna Kain Putih - Gold YKK Harga Per Pc,Rp11.900,11900.0
peralatan-jahit,Resleting Zipper 15 cm Vislon Rose Gold Kode VR Harga Per Pc,Rp13.900,13900.0
peralatan-jahit,Kait Lonceng Kakatua Ujung Handle Tas Warna ATG Bakar Harga Per Biji Perlengkapan Rajut,Rp11.900,11900.0
peralatan-jahit,Torenda Payet Sequin Cup 3mm Ungu Lavender/Pack Col.030,Rp17.000,17000.0
peralatan-jahit,Tali Webbing Bintik Halus Lebar 1 cm Warna Hitam Bintik Putih Harga Per Rol isi 19 Meter,Rp24.900,24900.0
peralatan-jahit,Sticker Reflector Pintu Mobil Open 4 Pcs Revlective Sticker Open,Rp12.000,12000.0
peralatan-jahit,SHAMPOO PREMIUM SNOW WASH Mobil Motor Berkualitas,Rp14.600,14600.0
peralatan-jahit,Kepala Resleting Type Gigi Coil No 5 Nikel Silver Kode XB Harga Per Pc,Rp11.900,11900.0
peralatan-jahit,Torenda Payet Jahit Mote Jepang MGB Bambu 50 gram 11/O Color 305 - 335,Rp22.000,22000.0
peralatan-jahit,Torenda kancing SA Motif Batik convex Black size (2 Uk.)/Pcs,Rp17.000,17000.0
peralatan-jahit,Tinctori - Kain Lembaran Shibori Abstrak Indigo,Rp375.000,375000.0
peralatan-jahit,Tinctori - Kain Lembaran Shibori Arashi Tumpal Satu Indigo Natural Dye,Rp375.000,375000.0
peralatan-jahit,Torenda Payet Jahit Cangkang Tetes 10x14mm Hijau Muda(Olivine)/12pcs,Rp53.000,53000.0
peralatan-jahit,Torenda Payet Jahit Cangkang Tetes 10x14mm Merah (Light Siam) / 12pcs,Rp53.000,53000.0
peralatan-jahit,Torenda Cangkang Ceko Glass Kristal Jahit Varian Bentuk / pcs,Rp65.000,65000.0
peralatan-jahit,Torenda kancing Jas Motif Nassau Bahamas warna Silver Big (22mm) / Pcs,Rp21.000,21000.0
peralatan-jahit,Torenda kancing Jas Motif Circle Warna Silver Black siz Big (22mm)/Pcs,Rp22.000,22000.0
peralatan-jahit,Torenda kancing Jas Small Motive Two Eagle Heads Gold 15mm/ Pcs,Rp22.000,22000.0
peralatan-jahit,Torenda Payet Kancing Jas warna Silver Circle size Big (22mm) / Pcs,Rp36.000,36000.0
peralatan-jahit,Torenda Payet Jahit Cangkang Tetes 10x14mm Kuning (Light Peach) /12pcs,Rp23.520,23520.0
peralatan-jahit,Kepala Resleting Type Gigi Coil No 5 Warna Biru Material Plastik Harga Per Lusin,Rp18.900,18900.0
peralatan-jahit,Pita Renda Motyif Bunga lebar 1 cm Warna Pink Harga Per Rol isi 22 Meter,Rp24.900,24900.0
peralatan-jahit,"Buckle Kunci Sodok YKK 3,8 cm Model Front Release Rotasi Max 45 Derajat Material Poly Acetal POM Bagus Kuat Harga Per Biji",Rp17.900,17900.0
peralatan-jahit,Mutiara payet kecil fake pearl sprinkle keychain mutiara kecil,Rp2.300,2300.0
peralatan-jahit,Daiso Hand Sewing Thread-For Regular Fabric-3 Rolls-70m-76.6yd-,Rp33.000,33000.0
peralatan-jahit,Resleting Zipper Risleting 15 cm Vislon Hitam Bintik Silver Kode BSB Harga Per Pc,Rp27.900,27900.0
peralatan-jahit,"Ring Kotak Tas Lebar Lubang 3 cm Warna Hitam Black Nikel Tebal 4,5 mm Harga Per Biji Untuk Tali Lebar 3 cm",Rp8.300,8300.0
peralatan-jahit,Kain Jaket Micro NS Orange Bata / Dusty Orange Water Resistant Meteran,Rp41.900,41900.0
peralatan-jahit,"Bisban Pelipit Cream 2,5 cm Penutup / Bungkus Tepi Jahitan Per Rol",Rp32.900,32900.0
peralatan-jahit,Resleting Zipper Jaket Anti Air Waterproof 65 cm Buka Lepas Hitam,Rp26.900,26900.0
peralatan-jahit,Resleting Zipper Busana Wanita 50 cm Hitam Variasi Hias Permata Imitasi Single Harga Per Pc,Rp64.900,64900.0
peralatan-jahit,Torenda Preciosa Payet Kristal Tempel Hotfix Kuning (Citrine) / Gros,Rp150.000,150000.0
peralatan-jahit,Torenda Cangkrang Payet Kristal Jahit Sampan 7x15mm Biru-Aqua bohe/pcs,Rp12.000,12000.0
peralatan-jahit,Resleting Zipper Risleting Busana 25 cm Coklat - Black Nikel Vislon Variasi Model Set Close End Kode COXA,Rp14.900,14900.0
peralatan-jahit,Resleting Zipper Ritsleting YKK 25 cm Atau 10 inch Type Gigi Besi Kain Hitam - Gold Set Open - End Harga Per Pc,Rp24.900,24900.0
peralatan-jahit,Resleting Zipper Risleting Busana 25 cm Vislon Variasi Hitam Gold Emas Model Set Close End Kode BGXA,Rp14.900,14900.0
peralatan-jahit,Kepala Resleting/Kepala Zipper/Slider YKK Gigi Besi Nikel No 5 Harga Per Biji,Rp9.300,9300.0
peralatan-jahit,Kepala Resleting Type Gigi Coil No 5 Warna Nikel Silver Variasi Tarikan Love Hati Type A Harga Per Pc,Rp11.900,11900.0
peralatan-jahit,Kepala Resleting Type Gigi Coil No 5 Silver Kode XJ Harga Per Pc,Rp14.900,14900.0
peralatan-jahit,Tinctori - Kain Lembaran Shibori Honeycomb Indigo Natural Dye,Rp375.000,375000.0
peralatan-jahit,Kain Spunbond Spunbun Spungbun Hijau 75 Gram Harga Per Meter,Rp19.900,19900.0
peralatan-jahit,kain Spunbond Spungbun Spunbun Warna Coklat Muda m75 Gram Harga Per Meter,Rp19.900,19900.0
peralatan-jahit,Swarovski Payet Kristal Jahit ART 5040 12mm Varian Warna / PCS,Rp22.000,22000.0
peralatan-jahit,144 PCS Torenda Rhodium Payet Jahit Montes (6 uk.) -Biru(Capri Blue),Rp96.000,96000.0
peralatan-jahit,"Gesper Roll Tas Lebar Lubang 3,8 cm Warna Gold Emas Harga Per Biji Premium Quality",Rp8.400,8400.0
peralatan-jahit,"Resleting Zipper Jaket YKK 62,5 cm (25 inch) Hitam - Gold Type Gigi Besi Set Open-End Slider Oval",Rp33.900,33900.0
peralatan-jahit,WELLEN PRINT - Cetak Patch DTF pentol Sticker Film Print Sablon Kaos Tinggal Press Setrika,Rp10.000,10000.0
peralatan-jahit,"Ring Kotak Tas 1,5 cm Rosegold Tebal 3,5 mm Kualitas Premium Harga Per Biji",Rp6.200,6200.0
peralatan-jahit,"Kokot Udang Kait Lobster Panjang 3 cm Lubang Tali 2,5 mm Warna Salem Harga Per Biji",Rp4.000,4000.0
peralatan-jahit,Resleting Zipper Jaket YKK Besi 75 cm - 30 inch ATG Bakar Slider Oval,Rp41.900,41900.0
peralatan-jahit,Resleting Zipper Jaket YKK 75 cm Atau 30 inch Warna Kain Coklat - Gold Emas Harga Per Pc,Rp33.900,33900.0
peralatan-jahit,"Bisban Pelipit Tutup Tepi Jahitan Lebar 2,5 cm Hijau Army Per Rol",Rp32.900,32900.0
peralatan-jahit,Torenda Pearl Mutiara T5810 Payet Jahit 12mm Varian Warna/PCS,Rp11.000,11000.0
peralatan-jahit,Torenda kancing Jas Big Golden Black Horse Carvings (22 mm)/Pcs,Rp16.500,16500.0
peralatan-jahit,set lengkap alat doorsmeer usaha kualitas bagus,Rp2.500.000,2500000.0
peralatan-jahit,Gantungan Kunci Obeng Emergency Driver Keychain,Rp3.500,3500.0
peralatan-jahit,Swarovski Pearl Payet Jahit (Mutiara) ART5810 Varian-Putih Ivory/10PCS,Rp2.500,2500.0
peralatan-jahit,Kepala Resleting Gigi Coil Gigi Halus Kecil No 3 Warna Putih Tulang Harga Per Pack isi 100 Pcs,Rp29.900,29900.0
peralatan-jahit,Dama Kara Basic Vest Collar Sashiko,Rp319.000,319000.0
peralatan-jahit,Kain Tas Bimo 600D Warna Biru Navy Dongker High Quality Coating PU Harga Per Meter,Rp75.900,75900.0
peralatan-jahit,Zafa Strap Kalung Masker Pria Wanita Real Titanium Anti karat Black Silver Gold - Strap Italy,Rp105.000,105000.0
peralatan-jahit,Kretekan Prepetan Hook And Loop Fastener Tape Lebar 10 cm Hitam Harga Per Meter,Rp24.900,24900.0
peralatan-jahit,Kancing Snap Button Plastik Hitam 12 mm Untuk Kancing Jaket Dll Harga Per Lusin 12 pcs,Rp17.500,17500.0
peralatan-jahit,Resleting Zipper Jaket YKK 75 cm Type Gigi Besi Warna Kain Coklat - Gold Bolak Balik Harga Per Pc,Rp35.900,35900.0
peralatan-jahit,Kepala Resleting Kepala Zipper / Zipper Head YKK No 5 Type Gigi Besi Warna ATG Bakar Atau Atique Gold Type B Tarikan Oval Harga Per Biji,Rp11.000,11000.0
peralatan-jahit,"Bisban Pelipit 3,8 cm Warna Hitam Tutup Bungkus Tepi Jahitan Harga Per Rol isi 27 Meter",Rp55.900,55900.0
peralatan-jahit,"Selang Piping Diameter Total 2,3 mm Diameter Lubang 1 mm Warna Putih Buram Untuk List Tepi Tas Jok Craft Dll Harga Per Rol isi 75 Meter",Rp26.900,26900.0
peralatan-jahit,Resleting Zipper 100 cm Type Gigi Vislon Warna Kain Putih - Gold Emas Untuk Resleting Gamis Abaya Busana Dll Harga Per Pc Type A,Rp31.900,31900.0
peralatan-jahit,Resleting YKK 30 cm Atau 12 inch type Gigi Besi Metal Kain Hitam Silver Open End Harga Per Pc,Rp21.900,21900.0
peralatan-jahit,Resleting Zipper Ritsleting Jaket YKK 60 cm Atau 24 inch Kain Biru Navy - Gold Set Open End Buka Lepas Harga Per Pc,Rp31.900,31900.0
peralatan-jahit,"Gunting Jahit Konveksi Gunting Kain Besar Nyaman Tajam 26,2 cm Enak Dipakai",Rp77.900,77900.0
peralatan-jahit,Paku Keling Rivet Centang Gepeng Datar 14 mm Warna ATG Bakar Harga Per Pack isi 50 Pcs Untuk Keling Tas Dll,Rp26.900,26900.0
peralatan-jahit,Bisban Pelipit Halus Lebar 3 cm Warna Hitam Harga Per Rol isi 20 Meter Untuk Bungkus Penutup Jahitan,Rp43.900,43900.0
peralatan-jahit,Resleting Zipper 15 cm Vislon Silver Harga Per Pc,Rp12.900,12900.0
peralatan-jahit,Kepala Resleting Zipper Head Type Gigi Coil Gigi Halus No 5 Warna Nikel Silver JKK Harga Per Biji,Rp3.400,3400.0
peralatan-jahit,Kepala Resleting YKK Type Gigi Besi No 5 Warna Gold Emas Variasi Tarikan Ring D Atau D-Ring Harga Per Biji,Rp10.650,10650.0
peralatan-jahit,Torenda Pearl Mutiara T5810 Payet Jahit 6mm - Varian Warna/PCS,Rp1.700,1700.0
peralatan-jahit,Torenda Pearl Mutiara T5810 Payet Jahit 4mm - Varian Warna/PCS,Rp1.400,1400.0
peralatan-jahit,Webbing Strip Halus 1 cm Warna Hijau Strip Putih Per Rol isi 18 Meter,Rp21.900,21900.0
peralatan-jahit,Kain Spunbond Spungbun Spunbun 75 Gram Warna Hijau Tosca Harga Per Meter,Rp19.900,19900.0
peralatan-jahit,Dazscarf Konektor Masker Aurora,Rp16.900,16900.0
peralatan-jahit,Meteran Double Sided Dual Use 150 cm - 60 inch Kualitas Jerman High Quality Bagus Awet Untuk Meteran Jahit Kain Baju Badan Dll Aktion Kode B,Rp20.900,20900.0
peralatan-jahit,Resleting Zipper 35 cm YKK Type Gigi Besi Hitam - Silver Open End Buka Lepas Bolak Balik Harga Per Pc,Rp22.900,22900.0
peralatan-jahit,Stopper Tali Model Klakson Jamur Transparant Type C Harga Per Lusin,Rp15.900,15900.0
peralatan-jahit,Torenda Renda India - Silver / (Meter) - SU.7195,Rp77.000,77000.0
peralatan-jahit,Zafa Strap Kalung Masker Pria Wanita Titanium Black Silver Gold - Strap Big Sierra,Rp115.000,115000.0
peralatan-jahit,Torenda Kancing Jas Emas Small Suit Button Motive Shield Crown Black Gold / Pcs,Rp17.000,17000.0
peralatan-jahit,Pita Renda Motif Bunga Untuk List Tepi Taplak Mukena Dll Lebar 1 cm Warna Kuning - Merah Harga Per Rol isi 22 Meter,Rp24.900,24900.0
peralatan-jahit,Kepala Resleting YKK Type Gigi Besi Nomor 5 Warna ATG Bakar Model Tarikan Ring D Harga Per Pc,Rp21.900,21900.0
peralatan-jahit,Resleting Zipper 25 cm Gigi/Rel Pelangi Rainbow Harga Per Pc,Rp14.900,14900.0
peralatan-jahit,Torenda Payet Cupset Kristal Ceko Putih (crystal) 25mm /Pcs- S3006,Rp20.000,20000.0
peralatan-jahit,Kepala Resleting YKK Nikel Silver Nomor 5 Kode TG,Rp9.300,9300.0
peralatan-jahit,"Kokot Udang Kait Lobster Panjang 3 cm Lubang 2,5 mm untuk Tali 2,5 mm Warna Hijau Tosca Harga Per Biji",Rp4.000,4000.0
peralatan-jahit,Resleting Zipper YKK Merah Hati/Merah Marun Type Gigi Coil Nomor 5 Harga Per Meter,Rp8.100,8100.0
peralatan-jahit,Tali Kur Tambang Diameter 2 mm Warna Gold Emas Harga Per Meter Aksesoris,Rp7.600,7600.0
peralatan-jahit,Paket mesin plus adaptor 500PSI,Rp500.000,500000.0
peralatan-jahit,Obat Anti Bakteri Wiper Mobil Toilet Rumah Glass Cleaner 1 Tablet untu,Rp2.000,2000.0
peralatan-jahit,144 PCS Torenda Rhodium Payet Jahit Montes 18SS - Light Rose,Rp96.000,96000.0
peralatan-jahit,"Tali Webbing Tas Lebar 2,5 cm Warna Coklat Harga Per Meter",Rp6.100,6100.0
peralatan-jahit,Kepala Resleting Zipper Head YKK Coil Gigi Halus Nomor 5 Nikel Silver Kode TN Harga Per Pc,Rp8.800,8800.0
peralatan-jahit,Kepala Resleting YKK Type Gigi Vislon no 5 Warna Putih Harga Per Biji,Rp5.900,5900.0
peralatan-jahit,Torenda Payet Jahit Swarovski Button ART 3015 Hitam-Jet Hematite(7uk.),Rp19.000,19000.0
peralatan-jahit,Torenda kancing Jas Silver Ring Ukiran classic size big (22mm)/Pcs,Rp28.000,28000.0
peralatan-jahit,Torenda kancing Jas Small Motive winged shield Silver (15x15mm)/ Pcs,Rp17.500,17500.0
peralatan-jahit,"Torenda Payet Jahit Kristal Cangkang Size 8,6x13 Cokelat (Topaz)/12pcs",Rp40.000,40000.0
peralatan-jahit,Torenda kancing Jas Small Circle Motive Silver Black(15x15mm) / Pcs,Rp20.000,20000.0
peralatan-jahit,Resleting Zipper YKK Warna Abu Abu Gelap No 5 Harga Per Meter,Rp8.100,8100.0
peralatan-jahit,144 PCS Torenda Rhodium Payet Jahit Montes12SS - Siam,Rp96.000,96000.0
peralatan-jahit,Torenda Payet Jahit Mote Jepang MGB Batang / Bambu Patah 2'' 2 inch 4mm per 1 Pack/Pound Varian Warna 2,Rp275.000,275000.0
peralatan-jahit,Keling Centang Hitam Black Nikel Bolak Balik Diameter 9 mm Per Pack isi 50 Pcs,Rp18.900,18900.0
peralatan-jahit,Tali Webbing Bintik Halus Lebar 1 cm Warna Biru Bintik Putih Harga Per Rol isi 19 Meter,Rp24.900,24900.0
peralatan-jahit,Resleting Zipper Jaket 65 cm 2 Kepala Ganda Double Warna Hitam Type Gigi Vislon Set Open End Buka Lepas,Rp21.900,21900.0
peralatan-jahit,manik manik mutiara pearl beads gantungan kunci payet pearl,Rp4.900,4900.0
peralatan-jahit,Benang rajut benang woll yarn knitting crochet syall sweater crochet,Rp63.000,63000.0
peralatan-jahit,Resleting Zipper 100 cm (1 Meter) type Gigi Vislon Variasi Warna Kain Coklat - Gold Muda Untuk Resleting abaya Gamis Dll Type A,Rp33.900,33900.0
peralatan-jahit,Tali Cina / Tali Satin Cina Kuning Gelap 2 mm Harga Per 10 Meter,Rp25.900,25900.0
peralatan-jahit,Kain Jaket Jasper Warna Biru Navy Dongker Water Resistant Meteran,Rp54.900,54900.0
peralatan-jahit,Swarovski Pearl Payet Jahit (Mutiara) ART5810 Varian-Putih Ivory/10PCS,Rp2.500,2500.0
peralatan-jahit,Torenda Kristal Payet Tempel Hotfix Mote Gosok Biru Blue Zircon,Rp66.000,66000.0
peralatan-jahit,Torenda kancing Jas Big Motive winged shield Silver (22x22mm) / Pcs,Rp20.000,20000.0
peralatan-jahit,Tali Jake Hoodie Lanyard Lebar 1 cm Warna Hijau TNI Army Harga Per 5 Meter,Rp18.900,18900.0
peralatan-jahit,Torenda Payet Jahit Mote Jepang MGB Pasir 50 gram 12/O Color 305-335,Rp50.000,50000.0
peralatan-jahit,Emblem Bordir Sejauh Mata Memandang,Rp85.000,85000.0
peralatan-jahit,"Kain Tas Babyripstop/Babyripstock Meteran 1 m x 1,5 m",Rp42.900,42900.0
peralatan-jahit,Torenda Preciosa Payet Kristal Tempel Hotfix Biru (Blue Zircon) / Gros,Rp80.000,80000.0
peralatan-jahit,Kain Jaket Parasut Micro NS Warna Merah Hati Maroon Marun Water Resistant Harga Per Meter,Rp41.900,41900.0
peralatan-jahit,Mata Ayam Eyelet Diameter Lubang 1 cm ATG Bakar Harga Per Pack isi 50 Pcs,Rp36.900,36900.0
peralatan-jahit,Gunting Kain Jahit Konveksi Garment Tailor Takatori 8 inch Nyaman Tajam Awet,Rp102.900,102900.0
peralatan-jahit,Torenda Renda India Gold / Meter - MLS.5096,Rp137.000,137000.0
peralatan-jahit,Kain Jaket Micro NS Water Resistant Warna Hijau Tosca Tua / Hijau PKK Harga Per Meter,Rp41.900,41900.0
peralatan-jahit,Kain Busa Double Mesh Atau Jaring Sandwich Mesh Warna Biru Dongker Navy Harga Per Meter,Rp104.900,104900.0
peralatan-jahit,completed alat cuci motor mobil AC tanaman 320psi keren,Rp650.000,650000.0
peralatan-jahit,Resleting Zipper Risleting YKK 25 cm Atau 10 inch ATG Bakar Slider Oval Model Set Open End Buka Lepas Harga Per Pc,Rp25.900,25900.0
peralatan-jahit,Resleting Zipper YKK 40 cm Atau 16 inch Hitam Silver Type Gigi Besi Hitam Silver Slider Oval Set Open End Harga Per Pc,Rp25.900,25900.0
peralatan-jahit,Resleting Zipper YKK Vislon 60 cm Harga Per Pc,Rp30.900,30900.0
peralatan-jahit,"Pita Skotlet Reflektif PVC Lebar 2,5 cm Motif Kotak Kotak Harga Per Meter Untuk Skolet Jas Hujan Jaket Dll",Rp10.900,10900.0
peralatan-jahit,Resleting YKK Dua Arah Two Way Zipper Bisa Untuk Dua Kepala Type Gigi Besi Kain Hitam Gold Harga Per Meter,Rp34.900,34900.0
peralatan-jahit,Tali Jaket Hoodie lanyard Lebar 1 cm Warna Abu Gelap Harga Per 5 Meter,Rp18.900,18900.0
peralatan-jahit,Kepala Resleting Zipper Head Kepala Zipper YKK Hitam Black Nikel Type Gigi Coil / Gigi Halus No 5 Harga Per Biji,Rp10.300,10300.0
peralatan-jahit,Resleting Vislon YEE 35 cm Open-End Buka-Lepas Harga Per Pc,Rp12.900,12900.0
peralatan-jahit,Kepala Resleting Type Gigi Cooil Gigi Halus Kecil No 3 Hitam Material Plastik Murah Per Pack isi 100 Pcs,Rp29.900,29900.0
peralatan-jahit,Keling Rivet Centang Gepeng Datar Lebar 9 mm Warna ATG Bakar Harga Per Pack isi 50 Pcs,Rp16.900,16900.0
peralatan-jahit,Brother JK17B Sewing Machine,Rp2.390.000,2390000.0
peralatan-jahit,Resleting Zipper Longchain Type Gigi Vislon Warna Putih Murah Harga Per Meter,Rp13.900,13900.0
peralatan-jahit,Torenda Cangkang Payet Kristal Jahit Size13x18mm Light Rose/12pcs,Rp58.000,58000.0
peralatan-jahit,Swarovski Payet Kristal Jahit ART 3188 - Hijau Lt.Turquoise(2UK)/LUSIN,Rp20.000,20000.0
peralatan-jahit,Swarovski Pearl Payet Jahti Mutiara ART 5810-Hitam Black(Varian)/10PCS,Rp8.000,8000.0
peralatan-jahit,Torenda Crystal Persegi Panjang Payet Jahit T3255 - Varian Warna,Rp15.000,15000.0
peralatan-jahit,"Kokot Udang Kait Lobster 3 cm Diameter Lubang Tali 2,5 mm Warna Ungu Harga Per Biji",Rp4.000,4000.0
peralatan-jahit,Benang Retraksi Re Cord,Rp185.000,185000.0
peralatan-jahit,Torenda Renda BIS Bunga Rambat Blue Combination/(Meter)-KIPD4-BLUECOMB,Rp27.000,27000.0
peralatan-jahit,Torenda Cangkang Ceko Payet Kristal Jahit Bulat 18mm (Aquamarine)/pcs,Rp27.000,27000.0
peralatan-jahit,Torenda Payet SPK (Kotak) No 599L - Varian warna & Kemasan,Rp20.000,20000.0
peralatan-jahit,Mata Ayam Eyelet Mata Itik Kecil Diameter Lubang 3 mm Kode MA201 Warna ATG Bakar Vintage Model Pakai Ring Harga Per Pack isi 100 pcs,Rp14.900,14900.0
peralatan-jahit,Resleting Zipper YKK 25 cm Kain Putih - Gold Type Gigi Besi Set Open - End Harga Per Pc,Rp24.900,24900.0
peralatan-jahit,Dazscarf Strap Masker 2in1 Dicray,Rp27.900,27900.0
peralatan-jahit,Kait Pengait Gantungan Kaitan Tas Lebar Lubang 3 cm Warna Nikel Silver Type Standard Harga Per Biji,Rp8.400,8400.0
peralatan-jahit,Resleting Zipper Longchain YKK Type Gigi Besi Kecil No 3 Kain Warna Hitam - ATG Bakar Harga Per Meter,Rp28.900,28900.0
peralatan-jahit,Resleting Zipper Jaket Bolak Balik YKK Vislon 70 cm Atau 28 inch Warna Hitam Set Open End Buka Lepas Harga Per Biji,Rp31.900,31900.0
peralatan-jahit,Resleting Zipper Busana 50 cm Gold Emas Variasi Hias Permata Imitasi Double Harga Per Pc,Rp67.900,67900.0
peralatan-jahit,Resleting Zipper Longchain YKK Type Gigi Besi Kecil No 3 Warna Kain Hitam - Gold Harga Per Meter,Rp28.900,28900.0
peralatan-jahit,Heaven Kaufen Resleting Zipper 100 cm Vislon Variasi Silver Kode BS Set Open End untuk Jaket Hoodie Abaya Gamis dll Harga Per Biji,Rp26.900,26900.0
peralatan-jahit,Resleting Zipper Risleting YKK 30 cm Atau 12 inch Hitam Gold Type Gigi Besi Model Set Open-End Buka-Lepas Slider Oval Harga Per Pc,Rp26.900,26900.0
peralatan-jahit,Paket Mesin 340Psi Tekanan Tinggi,Rp580.000,580000.0
peralatan-jahit,Resleting Zipper Jaket Bolak Balik YKK Type Gigi Besi 95 cm Warna Kain Hitam - Gold Emas Set Open - End Buka Lepas Harga Per Biji,Rp43.900,43900.0
peralatan-jahit,Tali Pengikat Barang 1 4M Cargo Lashing Belt Racthet Tie Down Set,Rp25.000,25000.0
peralatan-jahit,Kancing Bungkus Ukuran Nomor 32 Lebar 2 cm Untuk Busana Wanita Plastik Harga Per 12 Pcs,Rp20.900,20900.0
peralatan-jahit,Kepala Resleting Zipper Head Gundul Type Gigi Besi Nomor Nomer No 5 Warna Gold Muda - Harga Per 2 Pcs,Rp18.900,18900.0
peralatan-jahit,Resleting Zipper Busana Wanita 50 cm Kain Lurik - Gigi Gold Harga Per Pc,Rp24.900,24900.0
peralatan-jahit,Tali Webbing Bintik Halus Lebar 1 cm Warna Kuning Bintik Putih Harga Per Rol isi 19 Meter,Rp24.900,24900.0
peralatan-jahit,Universal 27cm Motorcycle Scooter Plunger Seat Support Rod Lifting Hyd,Rp19.500,19500.0
peralatan-jahit,Ring Bulat Tipis Kecil Diameter Lubang 8 mm Warna Nikel Silver Harga Per Pack isi 50 Pcs,Rp15.900,15900.0
peralatan-jahit,Resleting Zipper Jaket YEE Vislon Putih 75 cm Open End Buka Lepas Harga Per pc,Rp21.900,21900.0
peralatan-jahit,Kancing Tas Cewek Wanita Type D Warna Gold Muda Harga Per Biji,Rp17.900,17900.0
peralatan-jahit,Torenda kancing Jas Big Button Motive Heptagon Gold (22x22mm) / Pcs,Rp42.000,42000.0
peralatan-jahit,Torenda Renda Giver - White Leaf / Meter,Rp25.000,25000.0
peralatan-jahit,Torenda kancing Jas Big Button Motive Eagle Star Black Gold / Pcs,Rp15.000,15000.0
peralatan-jahit,Yooyee Gunting buang Benang Gagang Jari Plastik / Gunting Cekris Lobang Jari,Rp21.500,21500.0
peralatan-jahit,Half pearl mutiara belah payet tempel rhinestone mutiara AB aksesoris,Rp40.000,40000.0
peralatan-jahit,Kepala Resleting YKK Type Gigi Coil No 5 Warna Black Nikel Kode A Harga Per Pc,Rp4.900,4900.0
peralatan-jahit,"Ring D Tas YKK Lebar Lubang 3,8 cm Material Polyacetal POM Kuat Hitam Harga Per Biji",Rp5.400,5400.0
peralatan-jahit,Resleting Zipper Jaket YKK Vislon Bolak Balik 60 cm Hitam Buka Lepas Harga Per Pc,Rp31.900,31900.0
peralatan-jahit,Swarovski Pearl Payet Jahit (Mutiara) ART5810 Varian-Putih Ivory/10PCS,Rp2.500,2500.0
peralatan-jahit,Torenda Kristal Payet Tempel Hotfix Mote Gosok Biru Blue Zircon,Rp66.000,66000.0
peralatan-jahit,Torenda kancing Jas Big Motive winged shield Silver (22x22mm) / Pcs,Rp20.000,20000.0
peralatan-jahit,Tali Jake Hoodie Lanyard Lebar 1 cm Warna Hijau TNI Army Harga Per 5 Meter,Rp18.900,18900.0
peralatan-jahit,Torenda Payet Jahit Mote Jepang MGB Pasir 50 gram 12/O Color 305-335,Rp50.000,50000.0
peralatan-jahit,Resleting Zipper YKK CFC 20 cm Atau 8 inch Harga Per Pc,Rp6.700,6700.0
peralatan-jahit,Buckle Slop Kunci Sodok YKK 2 cm Kuat Kokoh Tough Poly Acetal POM Harga Per Pc,Rp13.900,13900.0
peralatan-jahit,Resleting Zipper Gamis Abaya 100 cm Warna Kain Hitam Gold Muda Kode A,Rp33.900,33900.0
peralatan-jahit,Tali Kepang Katun Twist Diameter 4 mm Warna Putih Tulang Untuk Craft Diy Dll Harga Per Meter,Rp8.300,8300.0
peralatan-jahit,Paket Mesin 340Psi Tekanan Tinggi,Rp580.000,580000.0
peralatan-jahit,Resleting Zipper Jaket Bolak Balik YKK Type Gigi Besi 95 cm Warna Kain Hitam - Gold Emas Set Open - End Buka Lepas Harga Per Biji,Rp43.900,43900.0
peralatan-jahit,Resleting Zipper Longchain Type Gigi Vislon Warna Putih Murah Harga Per Meter,Rp13.900,13900.0
peralatan-jahit,Torenda kancing Jas Big Button Motive Heptagon Gold (22x22mm) / Pcs,Rp42.000,42000.0
peralatan-jahit,Dazscarf Strap Masker 2in1 Dicray,Rp27.900,27900.0
peralatan-jahit,Kancing Tas Cewek Wanita Type D Warna Gold Muda Harga Per Biji,Rp17.900,17900.0
peralatan-jahit,Mata Ayam Eyelet Mata Itik Kecil Diameter Lubang 3 mm Kode MA201 Warna ATG Bakar Vintage Model Pakai Ring Harga Per Pack isi 100 pcs,Rp14.900,14900.0
peralatan-jahit,Kait Pengait Gantungan Kaitan Tas Lebar Lubang 3 cm Warna Nikel Silver Type Standard Harga Per Biji,Rp8.400,8400.0
peralatan-jahit,Half pearl mutiara belah payet tempel rhinestone mutiara AB aksesoris,Rp40.000,40000.0
peralatan-jahit,Heaven Kaufen Resleting Zipper 100 cm Vislon Variasi Silver Kode BS Set Open End untuk Jaket Hoodie Abaya Gamis dll Harga Per Biji,Rp26.900,26900.0
peralatan-jahit,Resleting Zipper Jaket Bolak Balik YKK Vislon 70 cm Atau 28 inch Warna Hitam Set Open End Buka Lepas Harga Per Biji,Rp31.900,31900.0
peralatan-jahit,Resleting Zipper Busana 50 cm Gold Emas Variasi Hias Permata Imitasi Double Harga Per Pc,Rp67.900,67900.0
peralatan-jahit,Resleting Zipper Longchain YKK Type Gigi Besi Kecil No 3 Kain Warna Hitam - ATG Bakar Harga Per Meter,Rp28.900,28900.0
peralatan-jahit,Resleting Zipper Longchain YKK Type Gigi Besi Kecil No 3 Warna Kain Hitam - Gold Harga Per Meter,Rp28.900,28900.0
peralatan-jahit,Resleting Zipper Risleting YKK 30 cm Atau 12 inch Hitam Gold Type Gigi Besi Model Set Open-End Buka-Lepas Slider Oval Harga Per Pc,Rp26.900,26900.0
peralatan-jahit,METERAN JAHIT JEPANG KW02,Rp11.500,11500.0
peralatan-jahit,Torenda Renda Bis Varian Warna / Meter 2,Rp20.000,20000.0
peralatan-jahit,Torenda Renda Bis - Blooming Flower (Blue Gold) / Meter - (YX.62722),Rp100.000,100000.0
peralatan-jahit,Torenda Cangkrang Payet Kristal Jahit Oval 18x25 Biru - Capri Blue/Pcs,Rp44.400,44400.0
peralatan-jahit,Torenda Preciosa Payet Kristal Tempel Hotfix Hitam (Jet) / Gros,Rp77.000,77000.0
peralatan-jahit,Torenda Preciosa Payet Kristal Tempel Hotfix Biru (Aquamarine) / Gros,Rp77.000,77000.0
peralatan-jahit,Torenda Renda Krah Motif Ukir Salju (white) / Set -NA65301,Rp88.000,88000.0
peralatan-jahit,Renda Bunga Lebar 1 cm Warna Ungu - Ungu Muda Harga Per rol isi 22 Meter,Rp24.900,24900.0
peralatan-jahit,Kepala Resleting Zipper Head YKK Gundul Tanpa Tarikan Type Gigi Besi Nomor 5 Gold Harga Per 2 Pcs Emas,Rp18.900,18900.0
peralatan-jahit,Kancing Tas Wanita Model Oval Putar Warna Nikel Silver Harga Per Set,Rp10.900,10900.0
peralatan-jahit,Kepala Resleting Type Gigi Besi Nikel Silver No 5 Harga Per Biji,Rp11.900,11900.0
peralatan-jahit,"Kokot Masker Kait Lobster / Kokot Udang Kecil Panjang 1,2 cm Diameter Lubang 1 mm Warna Gold Emas Harga Per Lusin Aksesoris Craft Diy",Rp27.900,27900.0
peralatan-jahit,Kain Taslan Anti Air Waterproof Warna Abu Sangat Gelap Dark Grey Harga Per Meter Coating Putih,Rp57.900,57900.0
peralatan-jahit,Alat Cuci Motor Complete 500PSI Kualitas Mantap,Rp650.000,650000.0
peralatan-jahit,Kepala Resleting YKK Type Gigi Coil / Gigi Halus Nikel Silver Nomor 3 Kode A Harga Per Pc,Rp3.200,3200.0
peralatan-jahit,Torenda kancing Jas Blue Plain size (2 Uk.) / Pcs,Rp7.000,7000.0
peralatan-jahit,"Ring D Tas 2,5 cm Warna Gold Muda Emas Muda Premium Quality Tebal 4,5 mm Harga Per Biji",Rp6.100,6100.0
peralatan-jahit,[34PCS/Set] Set Alat Jahit / Kotak Jahit Portabel / Jarum Baja Mata Besar / Kit Jahit Lengkap / Perlengkapan Jahit,Rp29.900,29900.0
peralatan-jahit,"Gesper Roll Tas 1,5 cm Warna ATG Bakar Tebal 4 mm Premium Quality Harga Per Biji",Rp5.300,5300.0
peralatan-jahit,Torenda kancing SA Round Pink Size (2 Uk.) /Pcs,Rp5.500,5500.0
peralatan-jahit,Rader Roda Gundul Polos Tanpa Gerigi Alat Untuk Penanda Pola Pada Kain Halus,Rp14.900,14900.0
peralatan-jahit,Tali Kur Tampar Tambang Diameter 5 mm Warna Silver Perak Untuk Tali Gorden Craft Dll Harga Per Meter,Rp10.900,10900.0
peralatan-jahit,Torenda Payet Jahit Swarovski Butoon ART 3015- Biru Aquamarine ( 7.Uk),Rp33.000,33000.0
peralatan-jahit,Sekrup Paku Ulir Gantungan Kunci Craft DIY Kecil Panjang 1 cm Gold Muda Atau Emas Muda Harga Per Pack isi 100 PCs,Rp23.900,23900.0
peralatan-jahit,Kepala Resleting YKK Merah Hati/Merah Marun Type Gigi Coil (Gigi Halus) Nomor 5 Harga Per 4 Pcs,Rp19.900,19900.0
peralatan-jahit,Ring Bulat Bisa Dibuka-Tutup Premium Quality Diameter Lubang 2 cm Tebal 4 mm Nikel Silver Harga Per Pc,Rp10.900,10900.0
peralatan-jahit,"Kokot Masker / Kokot Udang Kait Lobster Warna Nikel Silver Panjang 1,5 cm Lubang Tali 2 mm Harga Per Lusin",Rp24.900,24900.0
peralatan-jahit,Tali Webbing Bintik Halus Lebar 1 cm Warna Orange Bintik Putih Harga Per Rol isi 19 Meter,Rp24.900,24900.0
peralatan-jahit,Timnas Indonesia x Tee Bandits: Garuda Valor,Rp750.000,750000.0
peralatan-jahit,Kain Rabbit 50x170 - Kain Bulu Kelinci Lembut,Rp47.000,47000.0
peralatan-jahit,"Tali Elastis Kecil Bulat Melar Molor Diameter 1,5 mm Warna Mustard Harga Per Meter",Rp3.700,3700.0
peralatan-jahit,Kain Parasut Furing WP/Pelapis Warna Pink Merah Muda Harga Per Meter Untuk Furing Dalam Tas Furing Jaket Dll,Rp31.900,31900.0
peralatan-jahit,"Gesper Roll Lebar Lubang 1,5 cm Warna Nikel Silver Tebal 4 mm PRemium Quality Harga Per Biji",Rp5.300,5300.0
peralatan-jahit,Kepala Resleting Zipper Head Type Gigi Coil No No 5 Warna Nikel Silver Kode AAM Harga Per Biji,Rp9.500,9500.0
peralatan-jahit,Kait Pengait Tas Lebar Lubang 3 cm Warna Hitam Black Nikel Harga Per Biji,Rp8.400,8400.0
peralatan-jahit,Resleting Zipper Jaket YKK 75 cm Atau 30 inch Kain Hitam - Gold Set Open End Buka Lepas Slider Oval Harga Per Pc,Rp35.900,35900.0
peralatan-jahit,Label Size Label Ukuran XS Hitam Harga Per Rol isi 600 pcs,Rp27.900,27900.0
peralatan-jahit,Resleting Zipper Risleting YKK 75 cm Atau 30 inch Hitam ATG Bakar Set Open End Buka Lepas Bolak Balik Harga Per Pc,Rp38.900,38900.0
peralatan-jahit,Torenda Payet Jewelry Rose Acrylic Coklat ( col 24 ) - Bunga / PCS,Rp8.000,8000.0
peralatan-jahit,Resleting Zipper Jaket YKK 70 cm Atau 28 inch Warna Putih Coil Gigi Halus Set Open-End Buka-Lepas Harga Per Pc,Rp27.900,27900.0
peralatan-jahit,Tali Elastis Elastic Bulat Diameter 3 mm Warna Mustard Harga Per Meter Untuk Material Tali Jaket DIY Dll,Rp5.700,5700.0
peralatan-jahit,Swarovski Pearl Payet Jahit (Mutiara) ART5810 Varian-Putih Ivory/10PCS,Rp2.500,2500.0
peralatan-jahit,Torenda Kristal Payet Tempel Hotfix Mote Gosok Biru Blue Zircon,Rp66.000,66000.0
peralatan-jahit,Torenda Payet SPK Snowi No 97 - Varian Warna & Kemasan,Rp20.000,20000.0
peralatan-jahit,Tali Jake Hoodie Lanyard Lebar 1 cm Warna Hijau TNI Army Harga Per 5 Meter,Rp18.900,18900.0
peralatan-jahit,Torenda Renda Prada - Flower Gold Brown / Meter (KI.10700),Rp175.000,175000.0
peralatan-jahit,"Tali Elastis Kecil Bulat Melar Molor Diameter 1,5 mm Warna Mustard Harga Per Meter",Rp3.700,3700.0
peralatan-jahit,"Gesper Roll Lebar Lubang 1,5 cm Warna Nikel Silver Tebal 4 mm PRemium Quality Harga Per Biji",Rp5.300,5300.0
peralatan-jahit,Tali Webbing Lanyard Lebar 1 cm Warna Orange Strip Silver Harga Per Rol isi 27 Meter,Rp43.300,43300.0
peralatan-jahit,"Bisban Pelipit Tutup Tepi Jahitan Biru Lebar 3,8 cm Harga Per Rol",Rp55.900,55900.0
peralatan-jahit,Tali Zipper Puller Hitam Type A Variasi Tarikan Kepala Resleting Jaket Tas Dll Harga Per 4 Biji,Rp15.900,15900.0
peralatan-jahit,Torenda Payet SPK Arrow No 23 - Varian Warna & kemasan,Rp25.000,25000.0
peralatan-jahit,Label Size Label Ukuran XS Hitam Harga Per Rol isi 600 pcs,Rp27.900,27900.0
peralatan-jahit,Resleting Zipper Jaket YKK 75 cm Atau 30 inch Kain Hitam - Gold Set Open End Buka Lepas Slider Oval Harga Per Pc,Rp35.900,35900.0
peralatan-jahit,Kain Tas Cordura Nilon Motif Sarang Tawon Warna Biru Harga Per Meter,Rp63.900,63900.0
peralatan-jahit,Tali Hangtag Label Merek String Pin Loop Pin Lock Pin 5 inch Putih Harga Per Pack isi 1000 Pcs Tidak Perlu Alat Pasang,Rp30.900,30900.0
peralatan-jahit,Resleting YKK 15 cm Atau 6 inch Gigi Besi Gold Untuk Resleting Saku Lengan Dll Harga Per Pc,Rp12.300,12300.0
peralatan-jahit,Kepala Resleting Terbalik Reverse Amco Type Gigi Coil No 5 Warna Hitam Harga Per Biji,Rp4.400,4400.0
peralatan-jahit,Resleting Zipper YKK 50 cm Atau 20 inch ATG Bakar Set Open - End Buka - Lepas Type Gigi Besi Slider Oval Harga Per Pc,Rp33.900,33900.0
peralatan-jahit,Tali Kur Tambang 5 mm Warna Emas Gold Harga Per Meter Untuk Tali Gorden Craft Dll,Rp10.900,10900.0
peralatan-jahit,Resleting Zipper Busana 100 cm Blink Blink Coil Kerlap Kerlip Mengkilap Warna Emas Gold Harga Per Biji,Rp27.900,27900.0
peralatan-jahit,Gunting Delica 9 inch Dilengkapi Dengan Penutup Tutup Aman Nyaman Untuk Kain Kertas Plastik,Rp46.900,46900.0
peralatan-jahit,Resleting Ritsleting Zipper YKK 50 cm Type Gigi Halus Coil Warna Hitam Model Set Open End Harga Per Pc,Rp26.900,26900.0
peralatan-jahit,Buckle Kunci Sodok Lebar Lubang 2 cm Acetal Hitam Untuk Bukle Tas Dll Untuk Tali Lebar 2 cm Harga Per Biji,Rp3.500,3500.0
peralatan-jahit,Resleting Zipper 2 Meter Atau 200 cm Type Gigi Vislon Model Set Open End Buka Lepas Warna Hitam,Rp24.900,24900.0
peralatan-jahit,PIGEON SAFETY PIN | PENITI BAYI,Rp54.100,54100.0
peralatan-jahit,Resleting Zipper YKK Type Gigi Besi Metal 40 cm Kain Hitam - Silver Bolak Balik Harga Per Pc,Rp23.900,23900.0
peralatan-jahit,Torenda kancing Jas Big Button Motive Shield Leaf Gold / Pcs,Rp12.000,12000.0
peralatan-jahit,Jack DC Female Kabel Tahan Panas,Rp5.000,5000.0
peralatan-jahit,"[SAHABAT-MANCING]5m Tambalan kaki celana berperekat untuk menggulung keliman, modifikasi kaki celana tanpa jahitan",Rp14.500,14500.0
peralatan-jahit,Keling Centang Warna Black Nikel Diameter 12 mm Harga per Pack isi 50 Pasang,Rp23.900,23900.0
peralatan-jahit,Torenda kancing Jas Small Motive clasic circle Gold (15x15mm) / Pcs,Rp27.000,27000.0
peralatan-jahit,MaxPower 340PSI Japan Tech Paket Pompa Mesin & Adaptor Garansi Resmi 1,Rp240.000,240000.0
peralatan-jahit,"Torenda Payet Jahit Kristal Cangkang Tetes 8,6x13 Biru (Blue Zircon) /12pcs",Rp40.000,40000.0
peralatan-jahit,Mata Ayam Eyelet Mata Itik Mata Ikan Diameter Lubang 5 mm Warna Abu Abu Harga Per Pack isi 100 Pcs,Rp15.900,15900.0
peralatan-jahit,Denali Archive - Dark Blue Heavyweight Canvas Waterproof - Kain Kanvas Tebal Waterproof,Rp42.500,42500.0
peralatan-jahit,Resleting Zipper Risleting YKK 30 cm Hitam Gold Emas Set Open End Type Gigi Besi,Rp26.900,26900.0
peralatan-jahit,Resleting Zipper Jaket YKK Bolak Balik 80 cm Type Gigi Halus Coil Hitam Set Open End Harga Per Pc,Rp34.900,34900.0
peralatan-jahit,"Ring Bulat Diameter Lubang 1,5 cm Bisa Dibuka - Tutup On Off Warna Hitam Black Nikel Harga Per Biji",Rp8.900,8900.0
peralatan-jahit,Tali Webbing Lanyard Lebar 1 cm Warna Hijau Strip Tengah Kuning Harga Per Rol isi 27 Meter,Rp43.900,43900.0
peralatan-jahit,Resleting Zipper Jaket YKK 75 cm Atau 30 inch Warna Putih Type Gigi Halus Coil Set Open-End Buka-Lepas Harga Per Pc,Rp28.900,28900.0
peralatan-jahit,Anti Gores Gagang Pintu Mobil car door protector stiker handle mobil,Rp3.500,3500.0
peralatan-jahit,Tali Webbing Lanyard Lebar 1 cm Warna Pink Fanta Garis Putus Putus Putih Harga Per Rol isi 27 Meter,Rp43.900,43900.0
peralatan-jahit,Gunting Jahit Kain Konveksi Tailor Garment Tajam Nyaman Dipakai Awet Takatori 10 inch,Rp110.900,110900.0
peralatan-jahit,Resleting Zipper Meteran Longchain Type Gigi Coil No 5 Warna Biru Murah Harga Per Meter,Rp4.900,4900.0
peralatan-jahit,Pengait Kait Hook Tas Model Kakaktua Lebar Lubang 2 cm Gold Muda Emas Muda Harga Per Biji Untuk Tali Lebar 2 cm,Rp11.900,11900.0
peralatan-jahit,Swarovski Pearl Payet Jahit ART 5810 - Merah Red Coral (Varian)/10PCS,Rp1.800,1800.0
peralatan-jahit,Torenda Payet Kristal Diamond Meteran Silver Gold /Meter-KI18-14,Rp385.000,385000.0
peralatan-jahit,Torenda Payet Cupset Kristal Ceko Pink (Fushia) 13mm /Pcs-SI806,Rp10.000,10000.0
peralatan-jahit,Torenda Cangkang Payet Kristal Jahit Size 13x18mm Light Rose/12pcs,Rp58.000,58000.0
peralatan-jahit,Sticker Reflector Pintu Mobil Open 4 Pcs Revlective Sticker Open,Rp12.000,12000.0
peralatan-jahit,Konektor Selang Ke Keran X-1,Rp12.000,12000.0
peralatan-jahit,Swarovski Payet Kristal Jahit ART 3200 12MM - Hitam (Satin) / 12 pcs,Rp18.000,18000.0
peralatan-jahit,Swarovski Stellux Payet Tempel HOTFIX 6SS -Merah Muda(Light Rose)/Pack,Rp650.000,650000.0
peralatan-jahit,"Torenda Cangkrang Payet Kristal Jahit Tetes 8,6x13Hijau-Emerald/12pcs",Rp40.000,40000.0
peralatan-jahit,Torenda kancing Jas Small clasic circle Black Shadow (15x15mm) /Pcs,Rp26.500,26500.0
peralatan-jahit,Resleting Zipper 15 cm Vislon Hitam Rel/Gigi Pelangi Rainbow Harga Per Pc,Rp13.900,13900.0
peralatan-jahit,Kepala Resleting Kepala Zipper YKK Terbalik Reverse Balik Nomor Nomer No 10 Nikel Silver Harga Per Biji,Rp12.900,12900.0
peralatan-jahit,Resleting Zipper Jaket YEE Vislon 60 cm Warna Putih Harga Per Pc,Rp17.900,17900.0
peralatan-jahit,Ring Bulat Lingkar Rangkai Gantungan Kunci 2 cm Nikel Silver Harga Per Lusin 12 Pcs,Rp23.900,23900.0
peralatan-jahit,Renda Bunga Lebar 1 cm Warna Hijau Variasi Kuning Harga Per Rol isi 22 Meter Untuk renda List Tepi Taplak Meja Mukena Dll,Rp24.900,24900.0
peralatan-jahit,Pita Renda Motif Bunga lebar 1 cm Warna Putih - Pink Harga Per Rol isi 18 Meter Kode E,Rp24.900,24900.0
peralatan-jahit,Kain Spunbond Spungbun Spunbun Warna Hitam 75 Gram Harga Per Meter,Rp19.900,19900.0
peralatan-jahit,Mata nenek alat sulam alat embroidery alat kerajinan tangan,Rp1.500,1500.0
peralatan-jahit,Tali Bangkok Warna Pink Fanta Diameter 6 mm Harga Per Meter Untuk Tali Craft DIY Tali Gorden Dll,Rp5.600,5600.0
peralatan-jahit,Torenda Kancing Jepang Emas Grosir Gold Button Motif Ace of Spade / PCS,Rp5.000,5000.0
peralatan-jahit,Swarovski Pearl Payet Jahit (Mutiara) ART5810 Varian-Putih Ivory/10PCS,Rp2.500,2500.0
peralatan-jahit,Torenda Kristal Payet Tempel Hotfix Mote Gosok Biru Blue Zircon,Rp66.000,66000.0
peralatan-jahit,Torenda Payet SPK Snowi No 97 - Varian Warna & Kemasan,Rp20.000,20000.0
peralatan-jahit,Tali Jake Hoodie Lanyard Lebar 1 cm Warna Hijau TNI Army Harga Per 5 Meter,Rp18.900,18900.0
peralatan-jahit,Torenda Renda Prada - Flower Gold Brown / Meter (KI.10700),Rp175.000,175000.0
peralatan-jahit,Renda Bunga Lebar 1 cm Warna Hijau Variasi Kuning Harga Per Rol isi 22 Meter Untuk renda List Tepi Taplak Meja Mukena Dll,Rp24.900,24900.0
peralatan-jahit,Ring Bulat Lingkar Rangkai Gantungan Kunci 2 cm Nikel Silver Harga Per Lusin 12 Pcs,Rp23.900,23900.0
peralatan-jahit,Resleting Zipper Jaket YEE Vislon 60 cm Warna Putih Harga Per Pc,Rp17.900,17900.0
peralatan-jahit,Pita Renda Motif Bunga lebar 1 cm Warna Putih - Pink Harga Per Rol isi 18 Meter Kode E,Rp24.900,24900.0
peralatan-jahit,Denali Archive - Dark Blue Heavyweight Canvas Waterproof - Kain Kanvas Tebal Waterproof,Rp42.500,42500.0
peralatan-jahit,Resleting Zipper Risleting YKK 30 cm Hitam Gold Emas Set Open End Type Gigi Besi,Rp26.900,26900.0
peralatan-jahit,Resleting Zipper Jaket YKK Bolak Balik 80 cm Type Gigi Halus Coil Hitam Set Open End Harga Per Pc,Rp34.900,34900.0
peralatan-jahit,Tali Bangkok Warna Pink Fanta Diameter 6 mm Harga Per Meter Untuk Tali Craft DIY Tali Gorden Dll,Rp5.600,5600.0
peralatan-jahit,Torenda Crystal Hotfix Payet Tempel Mote Gosok Blue Zircon / Gros 144 PCS,Rp60.000,60000.0
peralatan-jahit,Spydol Ban Mobil Motor TOY Karet Car Tyre Paint Marker TOYO,Rp7.000,7000.0
peralatan-jahit,"Kait Pengait Gantungan Tas Lebar Lubang 3,8 cm Warna ATG Bakar Type Standard",Rp8.900,8900.0
peralatan-jahit,Tali Kur Besar Filamen 5 mm Warna Kuning Untuk Material Tali Jaket Hoodie Paper Bag Dll Harga Per Meter,Rp4.600,4600.0
peralatan-jahit,"Ring Bulat Diameter Lubang 1,5 cm Bisa Dibuka - Tutup On Off Warna Hitam Black Nikel Harga Per Biji",Rp8.900,8900.0
peralatan-jahit,Resleting Zipper Ritsleting 125 cm Vislon Hitam Model Set Open-End Atau Buka-Lepas Variasi Tarikan Bulat Harga Per Biji,Rp25.900,25900.0
peralatan-jahit,Stopper Tali Model Botol Dua Lubang Warna Hitam - Transparan Harga Per Lusin,Rp15.900,15900.0
peralatan-jahit,Kepala Resleting Tanduk YKK Ada Lubang Gembok Type Gigi Coil No 8 Hitam Harga Per Biji,Rp11.900,11900.0
peralatan-jahit,"Meteran Jahit Butterfly Murah Panjang 150 cm Lebar 1,3 cm Perlengkapan Jahit",Rp7.750,7750.0
peralatan-jahit,Resleting Zipper 100 cm Atau 1 Meter Vislon Variasi Silver Model Set Open End Buka Lepas Kode BS,Rp26.900,26900.0
peralatan-jahit,Resleting Zipper YKK 120 cm Hitam Gold Emas Type Gigi Besi Model Set Open End Harga Per Pc,Rp45.900,45900.0
peralatan-jahit,Resleting Zipper Jaket YKK 80 cm Type Gigi Besi Kain Hitam - Gold Emas Bolak Balik Harga Per Pc,Rp40.900,40900.0
peralatan-jahit,Zipper Resleting 30 cm Type Gigi Coil Gigi Halus Set Close-End Kain Hitam - Gold Harga Per Pc Kode CG,Rp11.900,11900.0
peralatan-jahit,Pita Renda Bunga Lebar 1 cm Warna Ungu - Kuning Untuk Renda List Tep[i Mukena Taplak Meja Dll Harga Per Rol isi 22 Meter Dasar Putih,Rp24.900,24900.0
peralatan-jahit,Resleting Zipper Jaket YKK 65 cm Atau 26 inch Kain Biru Navy Dongker - Gold Emas Buka Lepas Type Gigi Besi Harga Per Pc,Rp32.900,32900.0
peralatan-jahit,"Webbing Tas Lebar 3,8 cm Strip Motif Belanda Biru-Putih-Merah Harga Per Meter",Rp7.900,7900.0
peralatan-jahit,Tali Kur Filamen Besar Diameter 5 mm Warna Merah Hati Maroon Harga Per Meter,Rp4.600,4600.0
peralatan-jahit,Resleting Zipper Jeans YKK 15 cm Atau 6 inch Hitam Black Oxides Set Close-End Harga Per Pc,Rp25.900,25900.0
peralatan-jahit,Alat Cuci Steam Sumo JAPAN +550psi Steam DC Double Pump Siap Pakai Untuk Cuci Mobil steam Motor,Rp1.235.800,1235800.0
peralatan-jahit,10/30set Kancing Magnet kancing tas kulit - Perak/Emas untuk kerajinan tangan /dompet /tas /scrapbooking /aksesoris butik,Rp18.900,18900.0
peralatan-jahit,Torenda Payet Jahit Mote Jepang MGB Pasir 50 gram 12/O Color 305-335,Rp50.000,50000.0
peralatan-jahit,Ring Bulat Bukaan Atau Buka-Tutup Warna Gold Muda Emas Muda Diameter Lubang 2 cm Untuk Ring Bulat Tas Dll Harga Per Biji,Rp12.900,12900.0
peralatan-jahit,Mesin Panen Sawit Egrek & Dodos Palm Cutter Tanika TS 5 meter:-_____,Rp5.000.000,5000000.0
peralatan-jahit,Torenda Payet Cupset Kristal Ceko Hijau(Crysolite) 25mm / Pcs- S3006,Rp20.000,20000.0
peralatan-jahit,Torenda Renda Prada - Flower Gold Brown / Meter (KI.10700),Rp175.000,175000.0
peralatan-jahit,Torenda Payet Jewelry Rose Acrilyc Small Peach (col.6) - Bunga/ PCS,Rp8.000,8000.0
peralatan-jahit,Resleting Zipper Jeans YKK 4 inch Atau 10 cm Biru Dongker Navy Gold Harga Per Biji,Rp11.900,11900.0
peralatan-jahit,Paku Keling Centang/Gepeng 6 mm Gold Harga Per 50 Pasang,Rp14.900,14900.0
peralatan-jahit,Resleting Zipper 25 cm Vislon Cream Black Nikel Set Close End Kode CXA,Rp14.900,14900.0
peralatan-jahit,144 PCS Torenda Rhodium Payet Jahit Montes 18SS-Putih(White Opal),Rp96.000,96000.0
peralatan-jahit,Paku Keling Centang/Gepeng 9 mm Gold Emas Harga Per 50 Pasang,Rp19.900,19900.0
peralatan-jahit,"Tali Elastis Elastic Melar Molor Bulat Kecil Diameter 1,5 mm Warna Hijau Tosca Harga Per 5 Meter",Rp18.900,18900.0
peralatan-jahit,Torenda Payet Cupset Kristal Ceko Pink(Rose) 25mm/Pcs- S3006,Rp20.000,20000.0
peralatan-jahit,Torenda Payet Sequin Flat 3mm Orange Dove/ Pack Col.A.11,Rp17.000,17000.0
peralatan-jahit,Torenda Renda Kerah Motif Ukir Daun Rambat (white) / Set -NA16504,Rp77.000,77000.0
peralatan-jahit,Tali webbing Lanyard Bintik Halus Lebar 1 cm Warna Biru Dongker Navy Bintik Putih Harga Per Rol isi 19 Meter,Rp22.900,22900.0
peralatan-jahit,Promo Sarung Guling Sleting 30×80 Cm Kain Quiltyng Lembut Varian White,Rp15.200,15200.0
peralatan-jahit,Daiso Tray For Adult Handicrafts,Rp5.500,5500.0
peralatan-jahit,Tali Cina / Tali Satin Cina Diameter 2 mm Warna Hijau Tosca Harga Per 10 Meter,Rp25.900,25900.0
peralatan-jahit,Resleting Zipper Longchain Type Gigi Besi No 5 Warna Kain Biru Navy Dongker - Gold Emas Harga Per Meter,Rp25.900,25900.0
peralatan-jahit,Tali Elastis Jaket Diameter 3 mm Bulat Warna Coklat Muda Kopi Susu Harga Per 5 Meter,Rp27.900,27900.0
peralatan-jahit,Kain Jaket Parasut Micro NS Warna Hitam Water Resistant Harga Per Meter,Rp41.900,41900.0
peralatan-jahit,Resleting Zipper YKK 40 cm Atau 16 inch Type Gigi Besi Hitam ATG Bakar Model Set Open End Buka Lepas Harga Per Pc,Rp29.900,29900.0
peralatan-jahit,IKEA SY Lem Kain Setrika Strip 10m,Rp49.900,49900.0
peralatan-jahit,URBAN VIBE - Fleur Off-shoulder Knit Sweater | Atasan Rajut Sabrina Hangout,Rp278.000,278000.0
peralatan-jahit,Resleting Zipper Jaket Anti Air Waterproof 75 cm Buka Lepas Putih,Rp28.900,28900.0
peralatan-jahit,Torenda kancing Jas Big Button Motive Horse Crown Black Silver / Pcs,Rp23.000,23000.0
peralatan-jahit,Patch Indonesian Police - Rubber Patch - Swarna Tactical,Rp25.000,25000.0
peralatan-jahit,Number 1 Qualified Product By Karya Anak Bangsa,Rp299.888,299888.0
peralatan-jahit,Torenda kancing Kemeja SA Motif Marble Button Size (4 Uk.) / Pcs,Rp20.000,20000.0
peralatan-jahit,Renda Bunga Untuk List Tepi Taplak Meja Mukena Dll Lebar 1 cm Warna Ungu Muda - Ungu Harga Per Rol isi 22 Meter,Rp24.900,24900.0
peralatan-jahit,Torenda kancing Jas Gold Horse Carvings size Small (15MM)/Pcs,Rp11.000,11000.0
peralatan-jahit,Gantungan Kunci Obeng Emergency Driver Keychain,Rp3.500,3500.0
peralatan-jahit,set lengkap alat doorsmeer usaha kualitas bagus,Rp2.500.000,2500000.0
peralatan-jahit,Torenda Pearl Mutiara T5810 Payet Jahit 4mm - Varian Warna/PCS,Rp1.400,1400.0
peralatan-jahit,Torenda kancing Jas Big Motive winged shield Silver (22x22mm) / Pcs,Rp20.000,20000.0
peralatan-jahit,Torenda Payet Kristal Diamond Meteran 6SS Crystal Silver /Meter,Rp60.000,60000.0
peralatan-jahit,Resleting Zipper YKK 25 cm Atau 10 inch Type Gigi Besi Warna Hitam Silver Set Open End,Rp20.900,20900.0
peralatan-jahit,Resleting Zipper Ritsleting Nomor 10 Type Gigi Coil Amco Warna Hitam Harga Per Meter,Rp13.900,13900.0
peralatan-jahit,Torenda kancing Sintetis Round Brown (3 uK.) /Pcs,Rp7.000,7000.0
peralatan-jahit,Resleting Zipper Ritsleting YKK 25 cm Atau 10 inch Kain Hitam - ATG Bakar Harga Per Pc,Rp25.900,25900.0
peralatan-jahit,"Ring Kotak Tas YKK Lebar Lubang 3,8 cm Warna Hitam Material Poly Acetal POM Kuat Harga Per Biji",Rp6.300,6300.0
peralatan-jahit,Kepala Resleting Type Gigi Coil Gigi Halus No 5 Nikel Silver Kode AAC Harga Per Biji,Rp2.900,2900.0
peralatan-jahit,Resleting Zipper Longchain Meteran Type Gigi Coil No 5 Warna Pink Fanta Murah Harga Per Meter,Rp4.900,4900.0
peralatan-jahit,Mesin Alat Cuci Steam Steem Mobil Motor Listrik 60 Watt,Rp299.888,299888.0
peralatan-jahit,Kait Pengait Kecil 1 cm Warna Atg Bakar Harga Per Biji Untuk Tali Lebar 1 cm,Rp4.700,4700.0
peralatan-jahit,Filter / Saringan Pompa Air DC 12V Dinamo Sprayer Water Pump Jet,Rp6.500,6500.0
peralatan-jahit,Kab. Semarang,Rp8.000,8000.0
peralatan-jahit,Webbing Tali Tas Lebar 3 cm Warna Hitam Motif Seatbelt Harga Per Meter,Rp7.800,7800.0
peralatan-jahit,Parasut Furing WP / Pelapis Warna Kuning Harga Per Meter Untuk Furing Sisi Dalam Tas Dll,Rp31.900,31900.0
peralatan-jahit,Dazscarf Konektor Masker Diamond Pearl,Rp27.900,27900.0
peralatan-jahit,Tali Cina / Tali Satin Cina Diameter 2 mm Warna Ungu Harga Per 10 Meter,Rp25.900,25900.0
peralatan-jahit,Resleting Zipper Ritsleting YKK Vislon 20 cm Atau 8 inch Hitam Harga Per Pc,Rp17.900,17900.0
peralatan-jahit,"Ring Tangga Ring Jalan Tas Punggung Acetal Kuat Gerigi Type B Lebar 2,5 cm Harga Per Lusin isi 12 Biji Hitam",Rp23.900,23900.0
peralatan-jahit,Resleting Zipper YKK 30 cm Type Gigi Besi Gold Emas Bolak Balik Set Open End Buka Lepas Harga Per Biji Pilihan Varian Hitam Biru Navy Coklat Putih,Rp25.900,25900.0
peralatan-jahit,Kain Meteran Ukuran 100cm x 240cm Bahan Katun Polymicro Tebal Adem dan Tidak Luntur Motif Umum Proses Cepat,Rp31.713,31713.0
peralatan-jahit,Kepala Resleting YKK Besar Type Gigi Coil No 10 Nikel Silver Harga Per Pc,Rp10.900,10900.0
peralatan-jahit,Karet Elastis Lubang Warna Putih Lebar 2 cm Harga Per Meter,Rp6.300,6300.0
peralatan-jahit,Resleting Zipper Jaket YKK 70 cm Type Gigi Besi Kain Warna Putih Gold Emas Bolak Balik Harga Per Pc,Rp34.900,34900.0
peralatan-jahit,Webbing Lebar 5 cm Motif Seatbelt Warna Khaki Muda / Kopi Susu Harga Per Meter,Rp10.900,10900.0
peralatan-jahit,Resleting Zipper Longchain Meteran YKK Coil No 5 Warna Putih Tulang Harga Per Meter,Rp8.100,8100.0
peralatan-jahit,Resleting Zipper Risleting 130 cm Warna Hitam Type Gigi Halus Coil Model set Open End Buka Lepas Untuk Abaya Gamis Dll,Rp21.900,21900.0
peralatan-jahit,Tali Zipper Puller Atau Puller Rope Variasi Tarikan Resleting Warna Hijau Stabilo Harga Per Lusin 12 Pcs Untuk Puller Jaket Tas Dll,Rp17.900,17900.0
peralatan-jahit,BITCBae 34PCS/Set Peralatan Menjahit Lengkap/Jarum Tangan/Mata Besar/Kit Jahit Lengkap/Jarum dan benang,Rp29.900,29900.0
peralatan-jahit,Kain Anti Slip LP Bintik Ukuran 170 x 100 cm,Rp34.700,34700.0
peralatan-jahit,Torenda kancing Jas Small Button Motive Eagle Star Black Gold / Pcs,Rp12.000,12000.0
peralatan-jahit,Kain Sherpa Bulu Domba Dua Sisi 10mm - Ukuran 50x150,Rp52.000,52000.0
peralatan-jahit,Mata Ayam Eyelet Mata Ikan Mata Itik Diameter Lubang 5 mm Kode MA350 Warna ATG Bakar Harga Per Pack isi 100 Pcs,Rp16.900,16900.0
peralatan-jahit,Kain Spunbond Spungbun Spunbun Warna Pink Merah Muda 75 Gram Harga Per Meter,Rp19.900,19900.0
peralatan-jahit,Torenda Payet Jahit Kristal Cangkang Tetes 10x14mm Kristal (AB)/12pcs,Rp53.000,53000.0
peralatan-jahit,Pelipit Topi Pembungkus Tepi Jahitan Topi Warna Hitam Harga Per Rol isi 10 Meter,Rp18.900,18900.0
peralatan-jahit,Torenda Cangkang Payet Kristal Jahit Size 13x18 Aurore Bore/12pcs,Rp62.400,62400.0
peralatan-jahit,Resleting Zipper YKK 25 cm Atau 10 inch Hitam - Gold Emas Slider Oval Type Gigi Besi Model Set Open End Harga Per Pc,Rp24.900,24900.0
peralatan-jahit,Resleting Zipper Ritsleting 50 cm Blink Blink Glitter Coil Warna Gold Emas Set Open End Harga Per Pc,Rp23.900,23900.0
peralatan-jahit,Renda Motif Bunga Lebar 1 cm Warna Biru Langit - Biru Harga Per Rol isi 22 Meter,Rp24.900,24900.0
peralatan-jahit,Kait Pengait Tas Lebar Lubang 3 cm Warna ATG Bakar Premium Harga Per biji,Rp10.900,10900.0
peralatan-jahit,Resleting Zipper Busana Jaket Wanita 60 cm Kain Hitam - Silver Type Gigi Coil Model Set Open End Buka Lepas Harga Per Biji Kode CSA,Rp24.900,24900.0
peralatan-jahit,Ritsleting Resleting Zipper YKK Reverse Terbalik 70 cm Atau 28 inch Hitam Set Open End Harga Per Pc,Rp34.900,34900.0
peralatan-jahit,Resleting Zipper Risleting Jaket YKK 70 cm atau 28 inch Type Gigi Besi Hitam ATG Bakar Model Set Open-End Buka-Lepas Bolak Balik Harga Per Pc,Rp37.900,37900.0
peralatan-jahit,Elastis Elastic Karet Elastis Lebar 6 mm Fitto Hitam Harga Per Meter Aksesoris,Rp7.400,7400.0
peralatan-jahit,Kepala Resleting Bolak Balik Type Gigi Besi No 5 Warna gold Emas YKK Harga Per Biji,Rp10.900,10900.0
peralatan-jahit,Tali Kepang Diameter 1 cm Warna Kuning Untuk Bahan Tali Tas Serut Dll Harga Per Meter,Rp6.100,6100.0
peralatan-jahit,Kepala Resleting / Kepala Zipper Type Gigi Coil No 5 Warna Hitam Kode B Harga Per Lusin,Rp35.900,35900.0
peralatan-jahit,Torenda Pearl Mutiara T5810 Payet Jahit 3mm Varian Warna/PCS,Rp1.200,1200.0
peralatan-jahit,Kain Tas 300D Toscano Motif Salur Warna Abu Abu Harga Per Meter,Rp47.900,47900.0
peralatan-jahit,Tali Webbing Lanyard Lebar 1 cm Biru Langit Bintik Hitam Harga Per Rol isi 27 Meter,Rp43.900,43900.0
peralatan-jahit,Torenda Renda Bis - Oval Lace (SIlver) / Meter - (YX.62595),Rp100.000,100000.0
peralatan-jahit,Resleting Zipper Longchain YKK Type Gigi Coil No 5 Warna Hijau Mint Kode Warna 533 Harga Per Meter,Rp8.100,8100.0
peralatan-jahit,Kain Taslan Anti Air Waterproof Warna Orange Harga Per Meter Coating Putih,Rp59.900,59900.0
peralatan-jahit,Resleting Zipper Longchain Type Gigi Besi No 5 Kain Putih - ATG Bakar Antique Gold Harga Per Meter,Rp38.900,38900.0
peralatan-jahit,Resleting Zipper Jaket YKK 70 cm Type Gigi Besi Hitam-Gold Emas Open End Buka Lepas Harga Per Pc,Rp32.900,32900.0
peralatan-jahit,"Ring Tangga Adjuster Ring Jalan Tali Tas Ransel 2,5 cm YKK Poly Acetal Kuat Kokoh Warna Hitam Harga Per Biji",Rp6.400,6400.0
peralatan-jahit,Resleting Zipper Ritsleting YKK 15 cm Atau 6 inch Type Gigi Besi Kain Hitam ATG Bakar Kode SK Harga Per Pc,Rp16.900,16900.0
peralatan-jahit,Resleting Zipper Vislon 50 cm YEE Set Open End Buka Lepas Harga Per Pc,Rp16.900,16900.0
peralatan-jahit,Kepala Resleting Kepala Zipper YKK Type Gigi Besi Kecil No 3 Warna Nikel Silver Harga Per Biji,Rp8.300,8300.0
peralatan-jahit,Resleting Zipper Jaket Anti Air Waterproof 65 cm Atau 26 inch Hitam Set Open End Buka Lepas Harga Per Biji,Rp26.900,26900.0
peralatan-jahit,Resleting Zipper 15 cm Type Gigi Coil Model Set Close-End Kain Hitam - Silver Harga Per Biji Kode CSA,Rp12.900,12900.0
peralatan-jahit,Gantungan Kunci Obeng Emergency Driver Keychain,Rp3.500,3500.0
peralatan-jahit,set lengkap alat doorsmeer usaha kualitas bagus,Rp2.500.000,2500000.0
peralatan-jahit,Torenda Pearl Mutiara T5810 Payet Jahit 4mm - Varian Warna/PCS,Rp1.400,1400.0
peralatan-jahit,Torenda kancing Jas Big Motive winged shield Silver (22x22mm) / Pcs,Rp20.000,20000.0
peralatan-jahit,Torenda Payet Kristal Diamond Meteran 6SS Crystal Silver /Meter,Rp60.000,60000.0
peralatan-jahit,Resleting Zipper Risleting Jaket YKK 70 cm atau 28 inch Type Gigi Besi Hitam ATG Bakar Model Set Open-End Buka-Lepas Bolak Balik Harga Per Pc,Rp37.900,37900.0
peralatan-jahit,Resleting Zipper YKK Jaket 75 cm type Gigi Besi Putih - Gold Emas Bolak Balik Harga Per Pc,Rp35.900,35900.0
peralatan-jahit,Torenda Renda Bis - Oval Lace (SIlver) / Meter - (YX.62595),Rp100.000,100000.0
peralatan-jahit,Resleting Zipper Jaket 75 cm Atau 30 inch Type Gigi Besi Warna Kain - ATG Bakar Model set Open-End Buka-Lepas,Rp41.900,41900.0
peralatan-jahit,Kain Tas 300D Toscano Motif Salur Warna Abu Abu Harga Per Meter,Rp47.900,47900.0
peralatan-jahit,Tali Webbing Lanyard Lebar 1 cm Biru Langit Bintik Hitam Harga Per Rol isi 27 Meter,Rp43.900,43900.0
peralatan-jahit,Kepala Resleting / Kepala Zipper Type Gigi Coil No 5 Warna Hitam Kode B Harga Per Lusin,Rp35.900,35900.0
peralatan-jahit,Resleting Zipper Longchain YKK Type Gigi Coil No 5 Warna Hijau Mint Kode Warna 533 Harga Per Meter,Rp8.100,8100.0
peralatan-jahit,Kain Taslan Anti Air Waterproof Warna Orange Harga Per Meter Coating Putih,Rp59.900,59900.0
peralatan-jahit,Resleting Zipper Longchain Type Gigi Besi No 5 Kain Putih - ATG Bakar Antique Gold Harga Per Meter,Rp38.900,38900.0
peralatan-jahit,Torenda Pearl Mutiara T5810 Payet Jahit 3mm Varian Warna/PCS,Rp1.200,1200.0
peralatan-jahit,Resleting Zipper Vislon 50 cm YEE Set Open End Buka Lepas Harga Per Pc,Rp16.900,16900.0
peralatan-jahit,Resleting Zipper Ritsleting YKK 15 cm Atau 6 inch Type Gigi Besi Kain Hitam ATG Bakar Kode SK Harga Per Pc,Rp16.900,16900.0
peralatan-jahit,Resleting Zipper Jaket Anti Air Waterproof 65 cm Atau 26 inch Hitam Set Open End Buka Lepas Harga Per Biji,Rp26.900,26900.0
peralatan-jahit,Resleting Zipper Jaket YKK 70 cm Type Gigi Besi Hitam-Gold Emas Open End Buka Lepas Harga Per Pc,Rp32.900,32900.0
peralatan-jahit,Kepala Resleting Kepala Zipper YKK Type Gigi Besi Kecil No 3 Warna Nikel Silver Harga Per Biji,Rp8.300,8300.0
peralatan-jahit,"Ring Tangga Adjuster Ring Jalan Tali Tas Ransel 2,5 cm YKK Poly Acetal Kuat Kokoh Warna Hitam Harga Per Biji",Rp6.400,6400.0
peralatan-jahit,Torenda kancing Jas Small Button Motive Eagle Star Black Gold / Pcs,Rp12.000,12000.0
peralatan-jahit,"Resleting Zipper Ritsleting YKK Vislon 17,5 cm Atau 7 inch Warna Hitam Harga Per Pc",Rp14.900,14900.0
peralatan-jahit,Kepala Resleting Type Gigi Coil Besar No 10 Amco Nikel Silver Harga Per Biji,Rp10.900,10900.0
peralatan-jahit,Kepala Resleting type Gigi Coil No 5 Warna Silver Kode XK Harga Per Pc,Rp11.900,11900.0
peralatan-jahit,Doorsmeer Mini Tekanan Tinggi 160 PSI 100 watt jjffh,Rp299.888,299888.0
peralatan-jahit,Torenda kancing Jas Motif Nassau Bahamas Gold size Big (22mm) / Pcs,Rp19.000,19000.0
peralatan-jahit,Torenda Payet Jahit Mote Bambu Panjang - Varian warna,Rp25.000,25000.0
peralatan-jahit,"Resleting Zipper Risleting YKK 12,5 cm Atau 5 inch Hitam-Gold Slider Oval Harga Per Pc",Rp17.900,17900.0
peralatan-jahit,Pita Renda Motif Bunga Lebar 1 cm Harga Per Rol isi 18 Meter,Rp24.900,24900.0
peralatan-jahit,"Gesper Roll Tas Lebar Lubang 3,8 cm Warna Nikel Silver Premium Quality Harga Per Biji",Rp8.400,8400.0
peralatan-jahit,"Ring D Tas Lebar Lubang 3,8 cm Warna ATG Bakar Kualitas Premium Tebal 4,5 mm Harga Per 4 Pcs",Rp22.900,22900.0
peralatan-jahit,Resleting Risleting Zipper YKK 20 cm Atau 8 inch Hitam Gold Slider Oval Set Close-End Harga Per Pc,Rp17.900,17900.0
peralatan-jahit,Resleting Zipper Busana Wanita 50 cm Vislon Rose Gold Harga Per Pc,Rp24.900,24900.0
peralatan-jahit,"Jarum Pentul Warna Warni Dress Maket Pins 3,75 cm Crown Fox Harga Per Pack isi 100 Pcs",Rp12.900,12900.0
peralatan-jahit,Gesper Roll Tas Lebar Lubang 2 cm Gold Muda Emas Muda Harga Per Biji,Rp6.500,6500.0
peralatan-jahit,Kepala Resleting Type Gigi Vislon No 5 Amco Warna Putih Harga Per Biji,Rp4.900,4900.0
peralatan-jahit,BEAUTY KENDARI 8m Sticker Kerah Baju Stiker Perekat Tempel Kain Roll Penyerap Lengan Pakaian Lipatan Celana Topi Peralatan Jahit Sewing Kit Bahan Serbaguna Plester Penyerap Keringat Sweat Pads Breast,Rp7.000,7000.0
peralatan-jahit,Resleting Zipper 100 cm / 1 Meter Untuk Gamis Abaya Dll Kain Warna Merah Hati - Gold Muda Type Gigi Vislon Variasi Kode A,Rp33.900,33900.0
peralatan-jahit,Resleting Zipper Jaket YKK 60 cm Hitam ATG Bakar type Gigi Besi Open End Buka Lepas Harga Per Pc,Rp36.900,36900.0
peralatan-jahit,SARUNG JEMPOL JARI GAMERS GAME FF ML PUBG ANTI KERINGAT SENSITIVE PREMIUM-SARUNG JEMPOL GAMING-SARUNG TANGAN JEMPOL PUBG MOBILE LEGEND-JARI ANTI BASAH KERINGAT LAYAR HP-SARUNG JARI JEMPOL GAMER ANTI KERINGAT-FINGER SLEEVE FUTURE STORE GAMING,Rp1.560,1560.0
peralatan-jahit,【Apligod】Pendedel Benang Jahit /Alat Pelepas Jahitan /Bongkaran Benang /Pembuka Benang /Perlengkapan Jahit 2in1 /Thread A Needle,Rp28.580,28580.0
peralatan-jahit,Kepala Resleting Type Gigi Coil Gigi Halus No 5 Warna Gold Emas Model Tarikan Blade Harga Per Biji,Rp10.900,10900.0
peralatan-jahit,Tali Jake Hoodie Lanyard Lebar 1 cm Warna Hijau TNI Army Harga Per 5 Meter,Rp18.900,18900.0
peralatan-jahit,Resleting Zipper Longchain YKK Type Gigi Vislon No 5 Warna Kain Biru - Hitam Harga Per Meter,Rp17.900,17900.0
peralatan-jahit,Kain Spunbond Spunbun Spungbun Warna Ungu Terang Light Purple 75 Gram Harga Per Meter,Rp19.900,19900.0
peralatan-jahit,Torenda kancing SA Motif Batik convex Peach Size (2 Uk.) /Pcs,Rp17.000,17000.0
peralatan-jahit,Kain Spunbond Spungbun Spunbun Biru Navy Dongker 75 Gram Harga Per Meter,Rp19.900,19900.0
peralatan-jahit,"Ring Tangga Jalan Adjuster Tali Tas Punggung YKK 2,5 cm Polyacetal POM Kuat Kokoh Type LK25WGS-1 Harga Per Biji",Rp10.900,10900.0
peralatan-jahit,Kepala Resleting Gundul Tanpa Tarikan Type Gigi Besi No 5 ATG Bakar Harga Per 2 Pcs,Rp18.900,18900.0
peralatan-jahit,Done handymade tools knitting lock alat kunci rajut knitting TL509,Rp990,990.0
peralatan-jahit,"Tali Elastis Kecil Bulat 1,5 mm Warna Ungu Muda Harga Per 10 Meter Aksesoris",Rp31.900,31900.0
peralatan-jahit,Kain Jaket Parasut Micro NS Warna Cream Krem Krim Water Resistant Harga Per Meter,Rp41.900,41900.0
peralatan-jahit,Resleting Zipper Jaket YKK 80 cm Type Gigi Besi Coklat - Gold Emas Bolak-Balik Harga Per Pc,Rp40.900,40900.0
peralatan-jahit,"Ring D Lebar Lubang 1,5 cm Warna Nikel Silver Tebal Kualitas Premium Harga Per Biji",Rp5.900,5900.0
peralatan-jahit,Bahan Kain Tas Cordura Nilon Glossy Warna Merah Meteran,Rp59.900,59900.0
peralatan-jahit,Resleting Zipper YKK 55 cm Atau 22 inch Model Set Open End Buka Lepas Slider Oval Warna Kain Hitam - ATG Bakar Harga Per Biji,Rp35.900,35900.0
peralatan-jahit,"Tali Elastis Elastic Melar Molor Kecil Bulat Diameter 1,5 mm Warna Coklat Harga Per 10 Meter",Rp31.900,31900.0
peralatan-jahit,Emrys STRAP Masker Real Titanium Anti Karat Strap Titanium Pria Wanita,Rp103.950,103950.0
peralatan-jahit,Resleting Zipper YKK Gigi Besi 80 cm Biru Navy Gold Bolak Balik Per Biji,Rp40.900,40900.0
peralatan-jahit,Dr.Xie Alat Ukur Lingkar Pinggang Meteran Penggaris Badan Lingkar Perut Material ABS+PVC Praktis Desain Produk Praktis Tahan Lama Nyaman dan Mudah Digunakan,Rp18.900,18900.0
peralatan-jahit,Torenda Kristal Payet Tempel Hotfix Mote Gosok Pink Light Rose,Rp60.000,60000.0
peralatan-jahit,Torenda Renda Giver Motive White love /(Meter)-KIAM81686-8B,Rp84.000,84000.0
peralatan-jahit,Torenda Payet Jahit Kristal Swarovski Button ART 3015-Kristal AB(7.Uk),Rp19.000,19000.0
peralatan-jahit,Torenda kancing Jas Big Motive winged shield Silver (22x22mm) / Pcs,Rp20.000,20000.0
peralatan-jahit,Torenda Renda Prada - Flower Gold Brown / Meter (KI.10700),Rp175.000,175000.0
peralatan-jahit,Torenda Payet Kristal Diamond Meteran 6SS Crystal Silver /Meter,Rp60.000,60000.0
peralatan-jahit,Swarovski Pearl Payet Jahit (Mutiara) ART5810 Varian-Putih Ivory/10PCS,Rp2.500,2500.0
peralatan-jahit,Kancing Tas Wanita Cewek Lock Bag Warna ATG Bakar Type D Harga Per Biji,Rp14.900,14900.0
peralatan-jahit,"Spiydol Motol,Mobil,dan Sepeda",Rp7.000,7000.0
peralatan-jahit,sarung tangan cendol microfiber 1 sisi,Rp15.000,15000.0
peralatan-jahit,"Klem untuk selang3 /8""inchi",Rp800,800.0
peralatan-jahit,SHAMPOO PREMIUM SNOW WASH Mobil Motor Berkualitas,Rp14.600,14600.0
peralatan-jahit,Torenda Tals Oval - Varian / String,Rp150.000,150000.0
peralatan-jahit,"Resleting Zipper Jeans YKK 17,5 cm Atau 7 inch Set Close - End Kain Hitam - ATG Bakar Type Gigi Besi Harga Per Biji",Rp14.900,14900.0
peralatan-jahit,Torenda Pearl Mutiara T5810 Payet Jahit 12mm Varian Warna/PCS,Rp11.000,11000.0
peralatan-jahit,Kokot Kerang / Kodokan Stopper Jepit Tali Warna Gold Muda Emas Muda Harga Per Pack isi 50 Pcs,Rp16.900,16900.0
peralatan-jahit,Torenda kancing Motif Batik Daun Round Gold (2 Uk.) /Pcs,Rp11.000,11000.0
peralatan-jahit,Torenda Crystal Jahit Payet T3128 (4mm) / Lusin,Rp102.000,102000.0
peralatan-jahit,"Torenda kancing SA coconut shell Leaf Light Blue Size (3 Uk,)/Pcs",Rp13.500,13500.0
peralatan-jahit,Obeng set Kunci Set 24 in 1 Multifungsi Kunci Shock Obeng Palu T,Rp20.000,20000.0
peralatan-jahit,Master Kain Flanel A4 Blue – Cocok untuk DIY & Kerajinan,Rp18.900,18900.0
peralatan-jahit,Resleting YKK Longchain Type Gigi Besi Metal Nomor 5 Hitam Silver Harga Per Meter (Tanpa Kepala),Rp24.900,24900.0
peralatan-jahit,Resleting Zipper YKK 15 cm Atau 6 inch Kain Hitam ATG Bakar Slider Oval Harga Per Pc Untuk Celana Saku Lengan,Rp16.900,16900.0
peralatan-jahit,Tali Webbing Bintik Halus Lebar 1 cm Warna Pink Bintik Putih Harga Per Rol isi 19 Meter,Rp26.900,26900.0
peralatan-jahit,"Kait Pengait Tas 3,8 cm Nikel Silver Standard Harga Per 4 Pcs",Rp33.900,33900.0
peralatan-jahit,"Webbing Tas Lebar 3,8 cm Warna Pink Harga Per Meter",Rp7.900,7900.0
peralatan-jahit,Stopper Ujung Double Cord End YKK High Quality Type LE01STT Untuk Tali Diameter 3 mm Harga Per Biji,Rp5.300,5300.0
peralatan-jahit,"Ring Kotak 1,5 cm Warna Gold Emas Premium Quality Tebal 3 mm Harga Per Pc",Rp6.200,6200.0
peralatan-jahit,"Ring D Segitiga YKK Lebar Lubang 2,5 cm Hitam Material Poly Acetal Kuat Bagus Harga Per Biji",Rp5.100,5100.0
peralatan-jahit,"Tali Webbing Tas Lebar 2,5 cm Warna Ungu Terong Harga Per Meter",Rp6.100,6100.0
peralatan-jahit,Kepala Resleting YEE Type Gigi Vislon No 5 Warna Hitam Harga Per pc,Rp5.400,5400.0
peralatan-jahit,"Ring Jalan Lebar Lubang 1,5 cm Warna Gold Muda / Emas Muda Harga Per Biji Untuk Tali Lebar 1,5 cm",Rp6.200,6200.0
peralatan-jahit,Obat Pembersih Jamur Kaca Mobil Penghilang Kerak Serbaguna,Rp10.000,10000.0
peralatan-jahit,Karet Elastis Elastic Melar Molor Lebar 9 mm Warna Hitam Curah Harga Per Rol isi 50 Meter,Rp58.900,58900.0
peralatan-jahit,Kain Parasut Anti Air Wateproof Warna Hijau Stabilo Coating PU Balik Putih Harga Per Meter,Rp45.900,45900.0
peralatan-jahit,Resleting Zipper Busana 50 cm Buka Lepas Gigi Besi Gold Kode BG Harga Per Biji,Rp44.900,44900.0
peralatan-jahit,Resleting Zipper Jaket 100 cm / 1 Meter Set Buka Lepas Warna Kain Merah Hati - Silver Harga Per Biji,Rp27.900,27900.0
peralatan-jahit,Torenda kancing Jas Blue Navy ukiran AS size Small 15mm / Pcs,Rp10.000,10000.0
peralatan-jahit,Kain Tas Polyester 300D Warna Biru Navy Motif Salur Toscano Coating PVC Harga Per Meter Untuk Bahan Tas Selempang Punggung Dll,Rp47.900,47900.0
peralatan-jahit,Resleting Zipper 100 cm / 1 Meter Gigi/Rel Pelangi Rainbow Harga Per Pc,Rp33.900,33900.0
peralatan-jahit,Ring Kotak 5 cm Plastik Hitam Harga Per Lusin 12 Pcs,Rp29.900,29900.0
peralatan-jahit,Mesin Jahit Brother Portable JA1450NT,Rp2.190.000,2190000.0
peralatan-jahit,Stopper Tali Model Botol Warna ATG Bakar Material PP Harga Per 5 Pcs,Rp22.900,22900.0
peralatan-jahit,Rantai Kecil Lebar 4 mm Warna Gold Type F Harga Per Meter Untuk Craft DIY Souvenir Dll,Rp9.250,9250.0
peralatan-jahit,"Buckle Kunci Sodok Tas 3,8 cm Acetal Warna Hitam Type G38X Harga Per Biji Untuk Tali Lebar 3,8 cm",Rp5.400,5400.0
peralatan-jahit,Kepala Resleting Kepala Zipper YKK Type Gigi Coil No 8 Nikel Silver Harga Per Biji,Rp8.300,8300.0
peralatan-jahit,Resleting Zipper Ritsleting Nusantara 15 cm Atau 6 inch Kain Hitam Murah Harga Per 6 Biji,Rp18.900,18900.0
peralatan-jahit,Alat Meteran Jahit Germany High Quality 150 cm,Rp43.900,43900.0
peralatan-jahit,Tali Zipper Puller Variasi Tarikan Resleting Jaket Tas Dll Warna Biru Navy Dongker Harga Per Biji,Rp3.900,3900.0
peralatan-jahit,Resleting Zipper Jaket Bolak Balik YKK 65 cm Putih - Gold Emas Set Open End Buka Lepas Harga Per Pc,Rp33.900,33900.0
peralatan-jahit,Kait Pengait Cantelan Kecil Lebar Lubang 1 cm Warna Gold Muda Emas Muda Permium Quality Harga Per Biji Untuk Tali Lebar 1 cm,Rp5.400,5400.0
peralatan-jahit,Mesin Jahit Karung Besar Nankai,Rp2.599.100,2599100.0
peralatan-jahit,Jarum JAHIT SHARP 1 GROS 144 pcs SHARPS Royal CROWN 3/9 Nikel Plated,Rp877.880,877880.0
peralatan-jahit,Torenda kancing Jas Round Black Pattern size Big 22 mm / Pcs,Rp27.000,27000.0
peralatan-jahit,Torenda Cangkrang Payet Kristal Jahit Tetes 8x13mm Hijau-Emerald/pcs,Rp11.000,11000.0
peralatan-jahit,Tali Webbing Lanyard Lebar 1 cm Halus Warna Biru strip Putih Harga Per Rol isi 18 Meter,Rp21.900,21900.0
peralatan-jahit,Torenda Payet Jahit Cangkang Tetes 10x14mm Kuning (Light Topaz) /12pcs,Rp53.000,53000.0
peralatan-jahit,Swarovski Pearl Payet Jahit Mutiara ART 5810(Varian)-Cream Rose/10PCS,Rp12.000,12000.0
peralatan-jahit,Swarovski Pearl Payet Jahit Mutiara ART 5810 -Light Gold(Varian)/1OPCS,Rp1.800,1800.0
peralatan-jahit,Kancing Jeans Atau Jeans Button Besar Diameter 2 cm Classic Jeans Kode CJG Harga Per 6 Pcs Untuk Celana Jaket Jeans,Rp13.400,13400.0
peralatan-jahit,Tali Lanyard Lebar 1 cm Warna Hitam Halus Harga Per Rol isi 18 Meter,Rp21.900,21900.0
peralatan-jahit,"Resleting Zipper YKK Hitam Black Oxide 12,5 cm Atau 5 inch Set Close-End Harga Per Pc",Rp23.900,23900.0
peralatan-jahit,"Resleting Zipper Ritsleting YKK 12,5 cm - 5 inch ATG Bakar Kode SK",Rp15.900,15900.0
peralatan-jahit,Strap Masker Daisy 2in1 Connector,Rp29.000,29000.0
peralatan-jahit,Torenda Payet Jewelry Rose Acrylic Big Ungu (col.18) - Bunga/ PCS,Rp22.000,22000.0
peralatan-jahit,Pita Renda Motif Bunga lebar 1 cm Warna Hijau Tosca Variasi Kuning Per Rol isi 22 Meter Untuk renda List Tepi taplak Meja Mukena Dll,Rp24.900,24900.0
peralatan-jahit,Resleting YEE Vislon Gigi Vislon Plastik 60 cm Atau 24 inch Hitam Set Open End Buka Lepas,Rp17.900,17900.0
peralatan-jahit,Renda Lebar 1 cm Motif Bunga Untuk List Tepi Taplak Meja Mukena Dll Warna Salem - Merah Harga Per Rol isi 22 Meter,Rp24.900,24900.0
peralatan-jahit,Torenda kancing Jas Big Motive winged shield Silver (22x22mm) / Pcs,Rp20.000,20000.0
peralatan-jahit,Torenda Renda Prada - Flower Gold Brown / Meter (KI.10700),Rp175.000,175000.0
peralatan-jahit,Torenda Payet Kristal Diamond Meteran 6SS Crystal Silver /Meter,Rp60.000,60000.0
peralatan-jahit,Swarovski Pearl Payet Jahit (Mutiara) ART5810 Varian-Putih Ivory/10PCS,Rp2.500,2500.0
peralatan-jahit,Kancing Tas Wanita Cewek Lock Bag Warna ATG Bakar Type D Harga Per Biji,Rp14.900,14900.0
peralatan-jahit,Zipper Resleting Jaket YKK 65 cm Atau 26 inch Warna Putih Type Gigi Halus Coil Set Open-End Harga Per Pc,Rp27.900,27900.0
peralatan-jahit,"Selang Piping List Rangka Tas Jok Kursi Dll Warna Putih Buram 2,8 mm Diameter Lubang 1,5 mm Harga Per Rol isi 50 Meter",Rp28.900,28900.0
peralatan-jahit,"Bisban Pelipit Penutup Bungkus Tepi Jahitan 1,5 cm Hitam Harga Per Rol",Rp27.900,27900.0
peralatan-jahit,Alat Mesin Cuci Motor Komplit dan Hemat tt,Rp299.888,299888.0
peralatan-jahit,Capit Untuk Aki Motor dan Mobil,Rp7.000,7000.0
peralatan-jahit,Kain Jaket Parasut Micro NS Warna Biru Turkish Biru Langit Water Resistant Harga Per Meter,Rp41.900,41900.0
peralatan-jahit,Gantungan Pita Tasel Tassel Anyam Imlek Rajutan Nylon Merah,Rp15.000,15000.0
peralatan-jahit,Kain Blacu Lebar 160 cm Roll 40M - Bahan Rollan Blaco Calico Belacu,Rp895.000,895000.0
peralatan-jahit,Resleting Zipper Jaket YKK 75 cm Bolak Balik Type Gigi Halus Coil Hitam Set Open - End Harga Per Pc,Rp33.900,33900.0
peralatan-jahit,"Ring Jalan Gesper Jalan Tas Sakura 3,8 cm Hitam Harga Per Lusin isi 12 Biji",Rp19.900,19900.0
peralatan-jahit,Resleting Zipper Jaket 70 cm Type Gigi coil Gigi Halus Open End Buka Lepas Warna Hitam Harga Per Pc,Rp22.900,22900.0
peralatan-jahit,Resleting Zipper Jaket YKK 65 cm Atau 26 inch Type Gigi Coil Halus Bolak Balik Warna Hitam Set Open - End Harga Per Pc,Rp32.900,32900.0
peralatan-jahit,Tali Webbing Lanyard Lebar 1 cm Halus Warna Biru strip Putih Harga Per Rol isi 18 Meter,Rp21.900,21900.0
peralatan-jahit,Torenda Payet Jahit Cangkang Tetes 10x14mm Kuning (Light Topaz) /12pcs,Rp53.000,53000.0
peralatan-jahit,Swarovski Pearl Payet Jahit Mutiara ART 5810 -Light Gold(Varian)/1OPCS,Rp1.800,1800.0
peralatan-jahit,Swarovski Pearl Payet Jahit Mutiara ART 5810(Varian)-Cream Rose/10PCS,Rp12.000,12000.0
peralatan-jahit,Torenda Cangkrang Payet Kristal Jahit Tetes 8x13mm Hijau-Emerald/pcs,Rp11.000,11000.0
peralatan-jahit,Torenda kancing Jas Round Black Pattern size Big 22 mm / Pcs,Rp27.000,27000.0
peralatan-jahit,Kancing Jeans Atau Jeans Button Besar Diameter 2 cm Classic Jeans Kode CJG Harga Per 6 Pcs Untuk Celana Jaket Jeans,Rp13.400,13400.0
peralatan-jahit,"Resleting Zipper Ritsleting YKK 12,5 cm - 5 inch ATG Bakar Kode SK",Rp15.900,15900.0
peralatan-jahit,"Resleting Zipper YKK Hitam Black Oxide 12,5 cm Atau 5 inch Set Close-End Harga Per Pc",Rp23.900,23900.0
peralatan-jahit,Pita Renda Motif Bunga lebar 1 cm Warna Hijau Tosca Variasi Kuning Per Rol isi 22 Meter Untuk renda List Tepi taplak Meja Mukena Dll,Rp24.900,24900.0
peralatan-jahit,Torenda Payet Jewelry Rose Acrylic Big Ungu (col.18) - Bunga/ PCS,Rp22.000,22000.0
peralatan-jahit,Strap Masker Daisy 2in1 Connector,Rp29.000,29000.0
peralatan-jahit,Torenda kancing Jas Warna Gold Ukiran Eagle King size Big 22mm / Pcs,Rp16.500,16500.0
peralatan-jahit,Penghilang Lecet Baret Mobil dan Motor Body Cat Plastik Compound,Rp18.000,18000.0
peralatan-jahit,Torenda Payet SPK Flat No 2269- Varian Warna/10Gram,Rp22.000,22000.0
peralatan-jahit,Resleting Zipper YEE Type Gigi Coil 55 cm atau 22 inch Hitam Harga Per Biji,Rp16.900,16900.0
peralatan-jahit,Tali Lanyard Lebar 1 cm Warna Hitam Halus Harga Per Rol isi 18 Meter,Rp21.900,21900.0
peralatan-jahit,Resleting YEE Vislon Gigi Vislon Plastik 60 cm Atau 24 inch Hitam Set Open End Buka Lepas,Rp17.900,17900.0
peralatan-jahit,Renda Lebar 1 cm Motif Bunga Untuk List Tepi Taplak Meja Mukena Dll Warna Salem - Merah Harga Per Rol isi 22 Meter,Rp24.900,24900.0
peralatan-jahit,Kepala Resleting Zipper Head Type Gigi Coil Gigi Halus No 5 Nikel Silver Kode XZ Harga Per Pc,Rp17.900,17900.0
peralatan-jahit,Resleting Zipper Celana Saku YKK 15 cm Atau 6 inch Kain Hitam ATG Bakar Harga Per Biji,Rp14.900,14900.0
peralatan-jahit,Tali Zipper Puller Warna Kuning Variasi Tarikan Kepala Resleting Harga Per Lusin 12 Pcs,Rp17.900,17900.0
peralatan-jahit,Kepala Resleting Type Gigi Coil No 5 Warna Pink Material Plastik Harga Per Lusin,Rp16.900,16900.0
peralatan-jahit,"Resleting Zipper Anti Air Waterproof 17,5 cm Atau 7 inch Hitam Set Close-End Harga Per Biji",Rp14.900,14900.0
peralatan-jahit,Resleting Zipper Jaket 60 cm Dua Kepala Ganda Dobel Vislon Hitam Set Open End Buka Lepas Murah,Rp20.900,20900.0
peralatan-jahit,Tali Kur Tambang 6 mm Warna Biru Tosca Harga Per Meter Untuk Tali Gorden Craft Dll,Rp17.900,17900.0
peralatan-jahit,Kepala Resleting Zipper Head Type Gigi Coil gigi Halus No 3 Warna Putih Harga Per Pc,Rp3.400,3400.0
peralatan-jahit,Kait Pengait Gantungan Cantolan 2 cm Warna Hitam Black Nikel Type A Harga Per Biji,Rp8.400,8400.0
peralatan-jahit,Kain Tas Polyester 300D Dinier Dinier Warna Abu Harga Per Meter,Rp40.900,40900.0
peralatan-jahit,Resleting Zipper Jaket YKK 65 cm Atau 26 inch Hitam Gold Bolak - Balik Type Gigi Besi Set Open-End Buka-Lepas Harga Per Pc,Rp33.900,33900.0
peralatan-jahit,Kain Tas Biga Flat Polyester Warna Coklat Gelap Harga Per Meter,Rp55.900,55900.0
peralatan-jahit,Gunting Kain Gunting Jahit Konveksi 10 inch Shuaipu Berkualitas Awet Bagus,Rp111.900,111900.0
peralatan-jahit,Vixplorn Tiang Spul Portable Rak Tempat Spull Magnet Spool Organizer Mesin Jahit/Rak Spul Magnet PRAKTIS Tinggal Tempel Untuk Mesin Jahit High Speed,Rp32.737,32737.0
peralatan-jahit,Set Lengkap Mesin Power Spayer Sumo JAPAN +400psi Alat Cuci Motor Mobil Steam,Rp856.090,856090.0
peralatan-jahit,Torenda Cangkrang Payet Kristal Jahit Sampan 7x15 Biru-Blue Zircon/pcs,Rp12.000,12000.0
peralatan-jahit,Torenda kancing Jas Silver Ukiran Eagle King size Big (22mm)/Pcs,Rp16.500,16500.0
peralatan-jahit,Mesin Panen Sawit Egrek & Dodos Palm Cutter Tanika TS 5,Rp5.000.000,5000000.0
peralatan-jahit,Resleting Zipper Ritsleting Longchain Amco Type Gigi Coil Nomor 8 Hitam Harga Per Meter,Rp10.900,10900.0
peralatan-jahit,Resleting Zipper Longchain YEE Type Gigi Coil Gigi Halus No 3 Putih Harga Per Meter,Rp10.900,10900.0
peralatan-jahit,Kepala Resleting Zipper Head YKK Dobel Ganda Dua Kepala Type Gigi Coil No 5 Nikel Silver Pendek Harga Per Biji,Rp10.250,10250.0
peralatan-jahit,Sikat Pembersih Multifungsi Interior Kuas Serbaguna AC Mobil / Jendela,Rp11.900,11900.0
peralatan-jahit,"Kait Lobster Kokot Udang Plastik Warna Merah Panjang 3 cm Diameter Lubang Tali 2,5 mm Warna Merah Harga Per Biji",Rp4.000,4000.0
peralatan-jahit,Torenda Kancing Jepang Emas Grosir Gold Button Motif Intricate Rose / gros,Rp5.000,5000.0
peralatan-jahit,Paket Dinamo Sprayer Pompa 340 PSI Komplit Tanpa Selang,Rp280.000,280000.0
peralatan-jahit,Zafa Strap Kalung Masker Pria Wanita Titanium Anti Karat Gold Silver - Strap Cuba,Rp110.000,110000.0
peralatan-jahit,Torenda Payet Cupset Kristal Ceko Orange 25mm - Varian Warna / Pcs - S3006,Rp19.000,19000.0
peralatan-jahit,Tali Goni Harga Per Rol isi 10 Meter Untuk Tali Kerajinan Craft DIY Dll Perlengkapan Souvenir,Rp20.900,20900.0
peralatan-jahit,Torenda Payet Sequin Cup 3mm Hijau Toska/pack Col.B-14,Rp17.000,17000.0
peralatan-jahit,Torenda Cangkrang Payet Kristal Jahit Tetes 8x13mm Hijau-Emerald/pcs,Rp11.000,11000.0
peralatan-jahit,Torenda Renda Prada - Flower Gold Brown / Meter (KI.10700),Rp175.000,175000.0
peralatan-jahit,Torenda Pearl Mutiara T5810 Payet Jahit 12mm Varian Warna/PCS,Rp11.000,11000.0
peralatan-jahit,Torenda kancing Jas Big Motive winged shield Silver (22x22mm) / Pcs,Rp20.000,20000.0
peralatan-jahit,Torenda kancing Jas Big Golden Black Horse Carvings (22 mm)/Pcs,Rp16.500,16500.0
peralatan-jahit,"Kait Lobster Kokot Udang Plastik Warna Merah Panjang 3 cm Diameter Lubang Tali 2,5 mm Warna Merah Harga Per Biji",Rp4.000,4000.0
peralatan-jahit,Sikat Pembersih Multifungsi Interior Kuas Serbaguna AC Mobil / Jendela,Rp11.900,11900.0
peralatan-jahit,Torenda Pearl Mutiara T5810 Payet Jahit 10mm Varian Warna/PCS,Rp7.000,7000.0
peralatan-jahit,Torenda Payet Jahit Swarovski Kristal ART 3015 Coklat-Copper (7.uk),Rp19.000,19000.0
peralatan-jahit,Kepala Resleting Zipper Head YKK Dobel Ganda Dua Kepala Type Gigi Coil No 5 Nikel Silver Pendek Harga Per Biji,Rp10.250,10250.0
peralatan-jahit,Torenda Kancing Jepang Emas Grosir Gold Button Motif Intricate Rose / gros,Rp5.000,5000.0
peralatan-jahit,Torenda Payet Sequin Cup 3mm Hijau Toska/pack Col.B-14,Rp17.000,17000.0
peralatan-jahit,Torenda Payet Kristal Diamond Meteran 6SS Crystal Silver /Meter,Rp60.000,60000.0
peralatan-jahit,Zafa Strap Kalung Masker Pria Wanita Titanium Anti Karat Gold Silver - Strap Cuba,Rp110.000,110000.0
peralatan-jahit,Torenda Payet Cupset Kristal Ceko Orange 25mm - Varian Warna / Pcs - S3006,Rp19.000,19000.0
peralatan-jahit,Pita Gold Emas Lebar 7 mm Harga Per Rol isi 18 Meter Bahan Souvenir,Rp20.900,20900.0
peralatan-jahit,Kancing Jepret Baby / Kancing Snap Baby Nikel Silver Kecil Diameter 9 mm Harga Per Lusin,Rp24.900,24900.0
peralatan-jahit,Tali Webbing Kuning Strip Putih Halus Lebar 1 cm Harga Per Rol isi 18 Meter,Rp21.900,21900.0
peralatan-jahit,Kain Tas Cordura Nilon Glossy Warna Orange Harga Per Meter,Rp59.900,59900.0
peralatan-jahit,Resleting Meteran Longchain Type Gigi Coil No 5 YKK Warna Biru Navy Dongker Harga Per Meter Aksesoris Jahit,Rp8.100,8100.0
peralatan-jahit,"Ring Jalan Tas 2 cm ATG Poles Tebal 4,5 mm Premium Quality Harga Per Biji",Rp6.400,6400.0
peralatan-jahit,Kain Parasut Alpen Hitam Anti Air Waterproof Coating Milky PU Meteran,Rp45.900,45900.0
peralatan-jahit,Resleting Zipper YKK 50 cm Atau 20 inch Type Gigi Besi Hitam Silver Slider Oval Set Open End,Rp26.900,26900.0
peralatan-jahit,144 PCS Torenda Rhodium Payet Jahit Montes12SS (Varian Warna),Rp107.000,107000.0
peralatan-jahit,Stopper Tali Model Tabung YKK Warna Hitam Harga Per Biji,Rp6.900,6900.0
peralatan-jahit,Bisban Pelipit Halus 2 Cm Penutup/Bungkus Tepi Jahitan Harga Per Roll isi 20 Meter,Rp32.900,32900.0
peralatan-jahit,Kepala Resleting Zipper Head Kepala Zipper Nikel Silver Type Gigi Coil Gigi Halus No 5 Kode AAG Harga Per Biji,Rp9.450,9450.0
peralatan-jahit,Torenda kancing SA Sintetis Round Gray Size (3 Uk.)/Pcs,Rp6.500,6500.0
peralatan-jahit,Resleting Zipper Ritsleting YKK 30 cm Atau 12 inch Kain Hitam ATG Bakar Model Set Open End Harga Per Pc,Rp27.900,27900.0
peralatan-jahit,Kepala Resleting Type Gigi Coil Gigi Halus No 5 Warna Hitam Material Plastik,Rp1.400,1400.0
peralatan-jahit,Paket Mesin 500 PSI Berkualitas,Rp450.000,450000.0
peralatan-jahit,Torenda Crystal Hotfix Segitiga Payet Tempel T2716 (5mm)/ Lusin 12 PCS,Rp57.600,57600.0
peralatan-jahit,Resleting Zipper Metal YKK 20 cm Atau 8 inch Hitam Black Oxide Set Close-End Harga Per Pc,Rp27.900,27900.0
peralatan-jahit,Produk Alat Mesin Cuci Motor Mobil AC di Jamin Bagus Kualitas Terbaik,Rp299.888,299888.0
peralatan-jahit,Kepala Zipper Kepala Resleting YKK Type Gigi Besi No 3 Warna ATG Bakar Harga Per Biji,Rp8.700,8700.0
peralatan-jahit,Kain Parasut Metalik Warna Salem - Silver Untuk Bahan Cover Mobil Motor Payung Dll Harga Per Meter,Rp38.900,38900.0
peralatan-jahit,Gantungan Kunci Serbaguna Outdoor Multifungsi Survival Tool,Rp4.900,4900.0
peralatan-jahit,Tali Kur Filamen Besar 5 mm Warna Coklat Harga Per Meter Untuk Material Tali Jaket Hoodie Paperbag Dll,Rp4.600,4600.0
peralatan-jahit,Buckle Slop Kunci Sodok 5 cm Hitam PP Model Kotak Harga Per biji Untuk Tali Lebar 5 cm,Rp5.100,5100.0
peralatan-jahit,Resleting YEE Vislon Gigi Plastik 55 cm/22 inch Hitam Harga Per Biji,Rp16.900,16900.0
peralatan-jahit,Resleting Zipper 100 cm / 1 Meter Vislon Silver Open End Harga Per Pc,Rp26.900,26900.0
peralatan-jahit,Tali Cina / Tali Satin Cina Diameter 2 mm Warna Magenta Harga Per 10 Meter,Rp25.900,25900.0
peralatan-jahit,Resleting Zipper YKK Aqua Guard 70 cm Waterproof Anti Air Hitam Set Open End Harga Per Pc,Rp90.900,90900.0
peralatan-jahit,Kepala Resleting / Kepala Zipper Type Gigi Vislon No 5 Amco Warna Nikel Silver Harga Per Pc,Rp4.900,4900.0
peralatan-jahit,Gunting Jahit Gunting Kain Besar 9 inch Butterfly Gagang Merah,Rp39.900,39900.0
peralatan-jahit,Mata Ayam Eyelet Diameter Lubang 1 cm Atau Nomor 24 Warna Gold Emas Harga Per Pack isi 50 Pcs,Rp31.900,31900.0
peralatan-jahit,Torenda Payet Sequin Cup 3mm Orange Dove/Pack Col. A.11,Rp17.000,17000.0
peralatan-jahit,Torenda Preciosa Payet Kristal Tempel Hotfix Emas (Golden Beryl)/Gros,Rp75.000,75000.0
peralatan-jahit,Skelly Emboidery Embo Patch Emblem Iron On Positive Records Hitam,Rp99.000,99000.0
peralatan-jahit,Tali Jaket Hoodie Lanyard Lebar 1 cm Warna Hijau Tosca Harga Per 5 Meter,Rp18.900,18900.0
peralatan-jahit,Kancing Jeans Atau Jeans Button Untuk Celana Jaket Jeans ATG Bakar Kode SF Harga Per Lusin 12 Pcs,Rp17.900,17900.0
peralatan-jahit,Kepala Resleting Zipper Head Love Type Gigi coil No 5 Nikel Silver Harga Per 2 Pcs,Rp19.900,19900.0
peralatan-jahit,Dazscarf Konektor Masker Blink Basic,Rp16.900,16900.0
peralatan-jahit,Eyelet Mata Ayam Mata Itik Mata Ikan Diameter Lubang 5 mm Kode MA350 Warna Hitam Harga Per Pack isi 100 Pcs,Rp15.900,15900.0
peralatan-jahit,Resleting Zipper Jaket YKK 70 cm Atau 28 inch Bolak Balik Type Gigi Halus Coil Set Open End Hitam Harga Per Pc,Rp32.900,32900.0
peralatan-jahit,Kepala Resleting Kepala Zipper YKK Type Gigi Coil Gigi Halus No 5 Warna Cream Krem Harga pc,Rp4.900,4900.0
peralatan-jahit,"Webbing Tas Lebar 2,5 cm Warna Pink Fanta Harga Per Meter",Rp6.100,6100.0
peralatan-jahit,144 PCS Torenda Rhodium Payet Jahit Montes ( 6 uk.) - Ungu (Violet),Rp96.000,96000.0
peralatan-jahit,Kain Taslan Warna Hijau Army / Hijau TNI Anti Air Untuk Bahan Jaket Cover Mobil Seprei Anti Air Dll Harga Per Meter Coating Putih,Rp57.900,57900.0
peralatan-jahit,Mode Kasar & Kabut Alat Cuci Motor Mobil AC portable Cleaner kals,Rp299.888,299888.0
peralatan-jahit,Tali Elastis Kecil Bulat diameter 1.5 mm Warna Pink Harga Per 10 Meter Aksesoris,Rp31.900,31900.0
peralatan-jahit,Kepala Resleting Kepala Zipper Terbalik Balik Reverse Coil No 5 Warna Hijau Army Harga Per Lusin,Rp41.900,41900.0
peralatan-jahit,Torenda Cangkrang Payet Kristal Jahit Sampan 7x15mm Hijau Peridot/pcs,Rp12.000,12000.0
peralatan-jahit,Handduk By Today - Blind Box Decorative Patch - Patch Bordir Karakter,Rp30.000,30000.0
peralatan-jahit,Torenda Payet Kancing jas Golden Circle size Small (15x15mm)/ Pcs,Rp30.000,30000.0
peralatan-jahit,Torenda Cangkrang Payet Kristal Jahit Tetes 8x13mm Hijau-Emerald/pcs,Rp11.000,11000.0
peralatan-jahit,Torenda Renda Prada - Flower Gold Brown / Meter (KI.10700),Rp175.000,175000.0
peralatan-jahit,Torenda Pearl Mutiara T5810 Payet Jahit 12mm Varian Warna/PCS,Rp11.000,11000.0
peralatan-jahit,Torenda kancing Jas Big Motive winged shield Silver (22x22mm) / Pcs,Rp20.000,20000.0
peralatan-jahit,Torenda kancing Jas Big Golden Black Horse Carvings (22 mm)/Pcs,Rp16.500,16500.0
peralatan-jahit,Resleting Ritsleting Zipper YKK 60 cm Bolak Balik Type Gigi Halus Coil Hitam Set Open - End Buka - Lepas Harga Per Pc Jaket,Rp31.900,31900.0
peralatan-jahit,Stopper Resleting Atas Kecil No 3 Gigi Coil Nikel Silver Harga Per Pack isi 100 Pcs,Rp26.900,26900.0
peralatan-jahit,Kepala Resleting Amco Hitam No 3 Type Gigi Coil - Harga Per Per Biji,Rp3.100,3100.0
peralatan-jahit,"Tali Webbing Tas Warna Merah Lebar 3,8 cm Harga Per Meter",Rp7.900,7900.0
peralatan-jahit,Resleting Zipper Jaket Bolak Balik YKK Vislon 75 cm Atau 30 inch Warna Hitam Harga Per Biji,Rp33.900,33900.0
peralatan-jahit,Tali Webbing Lanyard Lebar 1 cm Warna Rasta Harga Per Rol isi 20 Meter Untuk Lanyard ID Card Dll,Rp33.900,33900.0
peralatan-jahit,Resleting Zipper Busana Wanita 50 cm Kode BJ Set Open End Type Gigi Besi Harga Per Biji,Rp44.900,44900.0
peralatan-jahit,Bisban Pelipit Halus Bungkus Penutup Tepi Jahitan Lebar 2 cm Warna Ungu Muda Harga Per Rol isi 20 Meter,Rp32.900,32900.0
peralatan-jahit,Ring D Kecil Lebar Lubang 1 cm Warna ATG Bakar Harga Per Pack isi 50 Pcs Aksesoris Craft DIY Dll,Rp25.900,25900.0
peralatan-jahit,"Bisban Pelipit Penutup Bungkus Tepi Jahitan Lebar 2,5 cm Warna Marun Merah Hati Harga Per Rol isi 27 Meter",Rp32.900,32900.0
peralatan-jahit,Torenda kancing Jas pattern motif Black and Gray (2 Uk.)/Pcs,Rp9.000,9000.0
peralatan-jahit,Torenda Payet Jahit Cangkang Tetes 10x14mm Putih (Crystal) / 12pcs,Rp42.000,42000.0
peralatan-jahit,Kain Busa Double Mesh Atau Mesh Sandwich Warna Putih Harga Per Meter,Rp104.900,104900.0
peralatan-jahit,BOSS BPC-4-3 Patch Cable (4inci/10cm),Rp382.500,382500.0
peralatan-jahit,Torenda Cangkrang Payet Kristal Jahit Sampan 7x15mm Hijau Peridot/pcs,Rp12.000,12000.0
peralatan-jahit,Torenda kancing Jas Gold Ring Ukiran classic size Big(22mm)/Pcs,Rp28.000,28000.0
peralatan-jahit,Torenda kancing Jas Big Button Square Cream (21mm)/ Pcs,Rp51.000,51000.0
peralatan-jahit,Torenda Payet Kancing jas Golden Circle size Small (15x15mm)/ Pcs,Rp30.000,30000.0
peralatan-jahit,Torenda Renda India - Silver / Meter (SU 7100),Rp66.000,66000.0
peralatan-jahit,Torenda Crystal Persegi Panjang Payet Cangkrang T4547 (15x5 )/PCS,Rp16.000,16000.0
peralatan-jahit,Tali Jaket Hoodie Lanyard Lebar 1 cm Warna Hijau Tosca Harga Per 5 Meter,Rp18.900,18900.0
peralatan-jahit,"Kait Pengait Kecil Lubang 4 mm Panjang 2,5 cm Nikel Silver Harga Per Lusin",Rp22.900,22900.0
peralatan-jahit,Kain Spunbond Spunbun Spungbun 75 Gram Warna Abu Abu Harga Per Meter,Rp19.900,19900.0
peralatan-jahit,ALAT CUCI MOBIL AC MOTOR CUCI PAGAR TANAMAN,Rp299.888,299888.0
peralatan-jahit,Resleting YKK Zipper 35 cm Atau 14 inch Hitam Silver Slider Oval Set Open End,Rp24.900,24900.0
peralatan-jahit,Resleting Zipper Jaket YKK 70 cm Atau 28 inch Bolak Balik Type Gigi Halus Coil Set Open End Hitam Harga Per Pc,Rp32.900,32900.0
peralatan-jahit,Mode Kasar & Kabut Alat Cuci Motor Mobil AC portable Cleaner kals,Rp299.888,299888.0
peralatan-jahit,Tali Elastis Kecil Bulat diameter 1.5 mm Warna Pink Harga Per 10 Meter Aksesoris,Rp31.900,31900.0
peralatan-jahit,"Webbing Tas Lebar 2,5 cm Warna Pink Fanta Harga Per Meter",Rp6.100,6100.0
peralatan-jahit,Kain Taslan Warna Hijau Army / Hijau TNI Anti Air Untuk Bahan Jaket Cover Mobil Seprei Anti Air Dll Harga Per Meter Coating Putih,Rp57.900,57900.0
peralatan-jahit,Resleting Zipper Busana 50 cm Warna Hitam Variasi Hias Double Harga Per Pc Peralatan,Rp67.900,67900.0
peralatan-jahit,Kepala Resleting Kepala Zipper Terbalik Balik Reverse Coil No 5 Warna Hijau Army Harga Per Lusin,Rp41.900,41900.0
peralatan-jahit,144 PCS Torenda Rhodium Payet Jahit Montes ( 6 uk.) - Ungu (Violet),Rp96.000,96000.0
peralatan-jahit,"Bisban Pelipit Tutup Tepi Jahitan 3,8 cm Merah Harga Per Rol",Rp55.900,55900.0
peralatan-jahit,Resleting Zipper YKK Vislon 50 cm Open End Warna Pink Fanta Harga Per Pc,Rp28.900,28900.0
peralatan-jahit,Kepala Resleting Kecil No 2 Harga Per Pack @100 pcs - Utk Dompet Dll,Rp30.900,30900.0
peralatan-jahit,"Bisban Pelipit Bungkus Penutup Tepi Jahitan Lebar 2,5 cm Warna Biru Turkish Harga Per Rol isi 27 Meter",Rp32.900,32900.0
peralatan-jahit,Kain Tas Polyester Dinir Dinier 300D Warna Pink Fanta Harga Per Meter,Rp40.900,40900.0
peralatan-jahit,Torenda Preciosa Payet Kristal Tempel Hotfix Biru (Capri Blue) / Gros,Rp75.000,75000.0
peralatan-jahit,Kepala Resleting Type Gigi Coil No 5 Model Tarikan Bandul Bulat Nikel silver Harga Per Pc Kode XD,Rp11.900,11900.0
peralatan-jahit,Resleting Zipper 15 cm Gigi/Rel Pelangi Rainbow Harga Per Pc,Rp13.900,13900.0
peralatan-jahit,"Ring Bulat Tas Model Buka - Tutup On-Off Warna Rose Gold Kemerahan Diameter Lubang 2,5 cm Harga Per Biji",Rp12.900,12900.0
peralatan-jahit,Pita Reflektif Reflective Skotlet Kain Lebar 1 cm Warna Hijau Stabilo-Silver Harga Per 5 Meter,Rp19.900,19900.0
peralatan-jahit,Kancing Bungkus Nomor Ukuran 24 Lebar 15 mm Untuk Kancing Busana Pakaian Wanita Harga Per Lusin,Rp20.900,20900.0
peralatan-jahit,NOZEL / NOZZLE / SPUYER SPRAYER ELEKTRIK KUNINGAN 1 LUBANG LURUS X_4,Rp18.000,18000.0
peralatan-jahit,Resleting Zipper YKK type Gigi Besi Metal 50 cm Kain Hitam - Silver Open End Buka Lepas Harga Per Biji,Rp23.900,23900.0
peralatan-jahit,Stopper Tali Dua Lubang Model Klakson/Jamur Warna Warni Variasi Transparant Harga Per Lusin,Rp21.900,21900.0
peralatan-jahit,Bisban Pelipit Bungkus Penutup Tepi Jahitan Webbing PCR Halus Lebar 2 cm Harga Per Rol isi 20 Meter,Rp32.900,32900.0
peralatan-jahit,Kepala Resleting Kecil Nomer 2 Type Gigi Coil Gigi Halus Nikel Silver Harga Per Pack isi 100 Pcs,Rp27.900,27900.0
peralatan-jahit,B43 Applicator Pad Busa Wax Poles Mobil Motor Model Rata FLAT,Rp5.000,5000.0
peralatan-jahit,Kain Tas Cordura Nilon Glossy Warna Abu Tua / Abu Gelap Harga Per Meter,Rp59.900,59900.0
peralatan-jahit,Resleting Zipper Jaket Vislon 100 cm atau 1 Meter Hitam - Silver,Rp27.900,27900.0
peralatan-jahit,Kain Jaket Jasper Water Resistant Warna Biru Harga Per Meter,Rp54.900,54900.0
peralatan-jahit,Torenda Renda Giver Hitam Bunga - Black Flower / (Meter)-KIAM5229620,Rp150.000,150000.0
peralatan-jahit,Ring D 2 cm YKK Lebar Lubang 2 cm Warna Hitam Material Poly Acetal Kokoh Kuat Harga Per Lusin,Rp40.900,40900.0
peralatan-jahit,Webbing Lanyard Lebar 1 cm Warna Kopi Susu Garis Putus-Putus Coklat Harga Per Rol isi 27 Meter Akseris Bahan Jahit Konveksi Craft DIY Souvenir,Rp43.900,43900.0
peralatan-jahit,Kepala Resleting Type Gigi Coil Gigi Halus No 5 Silver Harga Per Biji Kode XXA,Rp11.900,11900.0
peralatan-jahit,Swarovski Pearl Payet Jahit (Mutiara) ART5810 6MM - MysticBlack/10PCS,Rp2.500,2500.0
peralatan-jahit,Torenda kancing Jas classic circle warna Black Shadow Big (22mm) / Pcs,Rp33.500,33500.0
peralatan-jahit,Torenda Cangkrang Payet Kristal Jahit Sampan 7x15mm Hijau-Citrine/pcs,Rp12.000,12000.0
peralatan-jahit,set lengkap alat doorsmeer usaha kualitas bagus,Rp2.500.000,2500000.0
peralatan-jahit,Torenda kancing Jas Big Golden Vines (21 mm) / Pcs,Rp30.000,30000.0
peralatan-jahit,Torenda Pearl Mutiara T5810 Payet Jahit 12mm Varian Warna/PCS,Rp11.000,11000.0
peralatan-jahit,Torenda kancing Jas Gold Ring Ukiran classic size Big(22mm)/Pcs,Rp28.000,28000.0
peralatan-jahit,Torenda kancing Jas Big Motive winged shield Silver (22x22mm) / Pcs,Rp20.000,20000.0
peralatan-jahit,Kancing Tas Clutch Wanita Warna ATG Antique Gold Bakar Harga Per Set Model Oval,Rp10.900,10900.0
peralatan-jahit,Skelly Smiley Patches,Rp49.000,49000.0
peralatan-jahit,Torenda Cangkrang Payet Kristal Jahit Sampan 7x15mm Putih Opal/pcs,Rp12.000,12000.0
peralatan-jahit,Kepala Resleting type Gigi Coil No 5 Nikel Silver Kode DB Harga Per Biji,Rp11.900,11900.0
peralatan-jahit,Torenda Payet Jahit Swarovski Kristal ART 3256 - Mocca (2.uk) / PCS,Rp30.000,30000.0
peralatan-jahit,Pompa Air Otomatis 340 psi dan Adaptor 10A DC Water Pump 100W,Rp240.000,240000.0
peralatan-jahit,Torenda Crystal Hotfix Payet Tempel Mote Gosok Kristal / Gross 144 PCS,Rp48.000,48000.0
peralatan-jahit,"Rantai Sangat Kecil Lebar 2,5 mm Warna Hitam Type C Harga Per Meter",Rp10.900,10900.0
peralatan-jahit,Torenda Renda Bis - Silver Stone / Meter (KI.XY.018),Rp75.000,75000.0
peralatan-jahit,Torenda kancing Cina Pink Gold 1 Set / PCS - KI.KCH.9912G,Rp18.000,18000.0
peralatan-jahit,Torenda Payet Sequin Flat 3mm Ungu/ Pack Col.A.9,Rp17.000,17000.0
peralatan-jahit,Torenda Payet Jahit Kancing Crystal Button T 3015 Parshine,Rp12.500,12500.0
peralatan-jahit,Torenda Payet Cupset Kristal Ceko Hitam (Black Diamond) 3MM /Pcs-S3006,Rp20.000,20000.0
peralatan-jahit,Kain Spunbond Spungbun Spunbon Spunbun 75 Gram Warna Kuning Meteran,Rp19.900,19900.0
peralatan-jahit,Kepala Resleting Type Gigi Coil Gigi HalusNo 5 Sport Nikel Silver Harga Per Biji,Rp4.900,4900.0
peralatan-jahit,Tali Kepang Katun Twist Ulir Diameter 5 mm Warna Putih Tulang Harga Per Meter Untuk Craft DIY dll,Rp8.800,8800.0
peralatan-jahit,Kepala Resleting Zipper Head YKK Reverse Terbalik Nomor 8 Warna Putih Harga Per Biji,Rp9.300,9300.0
peralatan-jahit,Torenda Payet Jewelry Rose Acrilyc Small Hijau ( col 26 ) - Bunga/ PCS,Rp5.500,5500.0
peralatan-jahit,Benang Kasur Putih Cap Sepeda / Tali Bol Tukang Bangunan [1 Gulung],Rp4.500,4500.0
peralatan-jahit,Tali Jaket Hoodie Warna Pink Fanta Lebar 1 cm Harga Per Meter,Rp3.800,3800.0
peralatan-jahit,Tali Webbing Bintik Halus Lebar 1 cm Warna Putih Bintik Hitam Harga Per Rol isi 19 Meter,Rp26.900,26900.0
peralatan-jahit,Resleting Zipper Jaket YKK Vislon 60 Atau 24 inch Set Open End Buka Lepas Harga Per Pc,Rp30.900,30900.0
peralatan-jahit,Resleting Zipper Longchain Meteran YKK Type Gigi Besi No 5 Warna Putih-Gold Emas Harga Per Meter,Rp36.900,36900.0
peralatan-jahit,Resleting Zipper Jaket YKK 80 cm Vislon Warna Putih Set Buka Lepas Open End Harga Per Pc,Rp33.900,33900.0
peralatan-jahit,Tali Webbing Lanyard Lebar 1 cm Warna Hitam List Tengah Merah Harga Per Rol isi 27 Meter,Rp43.900,43900.0
peralatan-jahit,Torenda Feathers Payet (Bulu Ayam) - Varian warna / PCS,Rp205.000,205000.0
peralatan-jahit,Stopper Tali Model Botol Dua Lubang Kecil Warna Silver Harga Per Biji,Rp2.500,2500.0
peralatan-jahit,Kancing Cetet Jepret 555 Harga Per Lembar isi 36 Pcs Silver,Rp25.900,25900.0
peralatan-jahit,Buckle Slop Kunci Sodok 2 cm PP Hitam Murah Type G Harga Per Biji,Rp1.500,1500.0
peralatan-jahit,Resleting Zipper YKK 90 cm Type Gigi Coil Halus Warna Hitam Model Set Open End Buka Lepas Harga Per Pc,Rp31.900,31900.0
peralatan-jahit,Resleting Zipper Busana Wanita 25 cm Blink Blink Type Gigi Coil Gigi Halus Warna Gold Emas Close - End Harga Per Pc,Rp14.900,14900.0
peralatan-jahit,Resleting Zipper Ritsleting Busana 50 cm Kain Hitam - Black Nikel Vislon Variasi Set Open-End Kode BXA Harga Per Pc,Rp24.900,24900.0
peralatan-jahit,"Ring Jalan Adjuster Gesper Jalan Lebar Lubang 3,8 cm YKK Material Poly Acetal POM Hitam Kuat Bagus Harga Per 2 Pcs",Rp17.900,17900.0
peralatan-jahit,Torenda Preciosa Payet Kristal Tempel Hotfix Ungu (Light Amethys)/Gros,Rp75.000,75000.0
peralatan-jahit,"Resleting Zipper YKK 12,5 cm Atau 5 inch Warna Kain Hitam - Silver Slider Oval Donat Harga Per Pc",Rp12.900,12900.0
peralatan-jahit,Torenda kancing Jas Small Button Motive Horse Crown Black Silver / Pcs,Rp18.000,18000.0
peralatan-jahit,Torenda Payet Jahit Kancing Crystal Button T 3015 Merah Light Siam,Rp12.500,12500.0
peralatan-jahit,Alat Cuci AC Motor Mobil portable auto cut on off high pressure,Rp299.888,299888.0
peralatan-jahit,Torenda kancing Motif SA Batik convex Red Size (2 Uk.)/Pcs,Rp17.000,17000.0
peralatan-jahit,Torenda kancing Jas Two Eagle Head Crown size Big (21mm) / Pcs,Rp30.000,30000.0
peralatan-jahit,Torenda Renda Giver White flower flow (Meter)-KIAM52836-10B,Rp78.000,78000.0
peralatan-jahit,Kain Spunbond Spungbun Spunbun Warna Biru Langit / Biru Muda 75 Gram Harga Per Meter,Rp19.900,19900.0
peralatan-jahit,Tali Webbing Lanyard Lebar 1 cm Warna Pink Strip Putih Lebar 1 cm Harga Per Rol isi 18 Meter,Rp21.900,21900.0
peralatan-jahit,Tali Webbing Lanyard Lebar 1 cm Warna Merah Strip Hitam Putih Harga Per Rol isi 18 Meter,Rp21.900,21900.0
peralatan-jahit,Mata Ayam Eyelet Mata Itik Kecil Diameter Lubang 3 mm Kode MA201 Hitam Black Nikel Model Pakai Ring Harga Per Pack isi 100 pcs,Rp14.900,14900.0
peralatan-jahit,Kepala Resleting Zipper Head YKK Type Gigi Halus Coil Nomor 5 Warna Hijau Army Harga Per Lusin 4 Pcs,Rp19.900,19900.0
peralatan-jahit,"Ring D Tas YKK 2,5 cm Hitam Material Poly Acetal POM Harga Per biji",Rp8.400,8400.0
peralatan-jahit,Kepala Resleting Zipper Head Kepala Zipper Type Gigi Coil Gigi Halus No 5 Warna ATG Bakar Kode L Harga Per biji,Rp9.500,9500.0
peralatan-jahit,Stopper Ujung Tali SIngle Cord End YKK Hitam High Quality Type LE03PB Harga Per Biji,Rp4.800,4800.0
peralatan-jahit,Kepala Resleting Type Gigi Vislon No 5 Amco Warna Hitam Harga Per Pc,Rp4.900,4900.0
peralatan-jahit,Torenda Payet Cupset Kristal Ceko Biru (Blue Zircon) 13mm /Pcs - SI806,Rp10.000,10000.0
peralatan-jahit,"Webbing YKK Lebar 2,5 cm Warna Hitam Harga Per Meter",Rp11.900,11900.0
peralatan-jahit,Resleting Zipper Busana 50 cm Open End Vislon Variasi Black Nikel Kode BX Harga Per Pc Pilihan Warna Kain Hitam Biru Dongker Navy Coklat Merah Hati Maroon Putih Cream,Rp26.900,26900.0
peralatan-jahit,Kancing Snap Atau Snap Button Variasi Model Pearl Hitam Harga Per Lusin 12 Pcs,Rp39.900,39900.0
peralatan-jahit,Kain Jaket Parasut Micro NS Warna Biru Water Resistant Harga Per Meter,Rp41.900,41900.0
peralatan-jahit,Karet Elastis Elastic Lebar 9 mm Warna Putih Curah Harga Per Rol isi 50 Meter,Rp54.900,54900.0
peralatan-jahit,Kain Jaket Jasper Warna Hitam Water Resistant Harga Per Meter,Rp54.900,54900.0
peralatan-jahit,Kain Tas Cordura Nylon Warna Kuning Telur Harga Per Meter,Rp59.900,59900.0
peralatan-jahit,Resleting Zipper Meteran Type Gigi Besi No 5 Warna Biru Dongker Navy - Gold Harga Per Meter,Rp25.900,25900.0
peralatan-jahit,Tali Kur Tambang 4 mm Warna Silver Perak Harga Per Meter Untuk Tali Gorden Craft Dll,Rp8.600,8600.0
peralatan-jahit,set lengkap alat doorsmeer usaha kualitas bagus,Rp2.500.000,2500000.0
peralatan-jahit,Torenda kancing Jas Big Golden Vines (21 mm) / Pcs,Rp30.000,30000.0
peralatan-jahit,Torenda Pearl Mutiara T5810 Payet Jahit 12mm Varian Warna/PCS,Rp11.000,11000.0
peralatan-jahit,Torenda kancing Jas Gold Ring Ukiran classic size Big(22mm)/Pcs,Rp28.000,28000.0
peralatan-jahit,Torenda kancing Jas Big Motive winged shield Silver (22x22mm) / Pcs,Rp20.000,20000.0
peralatan-jahit,Resleting Zipper Busana Open End 50 cm Kain Strip Warna Rel/Gigi Silver,Rp44.900,44900.0
peralatan-jahit,Resleting Zipper YKK 45 cm Gigi Besi Hitam - Silver Bolak Balik,Rp23.900,23900.0
peralatan-jahit,Swarovski Pearl Payet Jahit (Mutiara)ART5810 10MM-Biru Turquoise/10PCS,Rp7.500,7500.0
peralatan-jahit,Torenda Renda Prada - Black Gold / (Meter) - KI.10501,Rp240.000,240000.0
peralatan-jahit,Renda Bunga Lebar 1 cm Warna Hitam - Merah Harga Per Rol isi 22 Meter Untuk renda Tepi Mukena Taplak Meja dll Dasar Putih,Rp24.900,24900.0
peralatan-jahit,Kepala Resleting Zipper Head Type Gigi Coil Gigi Halus No 5 Warna ATG Bakar Kode AAM Harga Per 2 pcs,Rp22.900,22900.0
peralatan-jahit,Resleting Zipper 50 cm Vislon Variasi Kain Hitam - Lurik Nomor 5 Kode E Set Open - End Harga Per Pc,Rp22.900,22900.0
peralatan-jahit,Konektor Pompa DC drat 18mm ke selang PU 6mm tembaga,Rp20.000,20000.0
peralatan-jahit,Resleting Zipper Nusantara 15 cm / 6 inch Warna Coklat Harga Per 6 Biji,Rp18.900,18900.0
peralatan-jahit,Master Kain Flanel A3 Orange Hiasan,Rp28.500,28500.0
peralatan-jahit,Torenda Crystal Hotfix Sampan Payet Tempel T2200 (5mm) / Lusin 12 PCS,Rp57.600,57600.0
peralatan-jahit,"Gesper Roll Tas Lebar Lubang 3,8 cm ATG Bakar Premium Quality Harga Per Biji",Rp8.400,8400.0
peralatan-jahit,Gesper Roll Tas Lebar Lubang 3 cm Tebal 4 mm Warna Gold Emas Harga Per Biji,Rp7.100,7100.0
peralatan-jahit,Resleting Zipper Longchain Warna Ungu Terong Murah Harga Per Meter,Rp4.900,4900.0
peralatan-jahit,Tali Lebar 1 cm Warna Putih Garis Putus Bintik Hitam Harga Per Meter,Rp3.400,3400.0
peralatan-jahit,Resleting Zipper Risleting 60 cm Vislon Hitam Bintik Silver Kode BSB Model Set Open-End Buka-Lepas,Rp42.900,42900.0
peralatan-jahit,Bisban Pelipit Bungkus Halus Penutup Tepi Jahitan Lebar 2 cm Warna Kopi Susu Harga Per Rol isi 20 Meter,Rp32.900,32900.0
peralatan-jahit,Resleting Zipper Longchain Meteran Type Gigi Besi No 5 Amco Warna Hitam - Gold Emas Harga Per Meter,Rp25.900,25900.0
peralatan-jahit,Stopper Lonceng Ujung Tali Diameter Lubang 1 cm Warna Rose Gold Harga Per Lusin Material Besi,Rp41.900,41900.0
peralatan-jahit,Resleting Zipper Jaket 60 cm Atau 24 inch Set Open End Buka Lepas Kain Hitam - ATG Bakar Harga Per Biji,Rp30.900,30900.0
peralatan-jahit,Pita Reflektif Safety Skotlet Lebar 1 Meter Atau 100 cm Warna Abu Silver Harga Per Meter,Rp80.900,80900.0
peralatan-jahit,Resleting Zipper 50 cm Open End Buka Lepas Kain Motif Kotak Kotak Catur Gold Kode B Harga Per Biji,Rp44.900,44900.0
peralatan-jahit,Kain Tas Bimo 600D Warna Abu Gelap Dark Grey Harga Per Meter,Rp75.900,75900.0
peralatan-jahit,Torenda Crystal Hotfix Tempel Mote Gosok Siam / Gros 144 PCS,Rp60.000,60000.0
peralatan-jahit,Kain Tas Cordura Warna Abu-Abu Gelap (Dark Grey) Meteran,Rp60.900,60900.0
peralatan-jahit,Mata Ayam Eyelet Diameter 12 mm Lebar Total 19 mm Black Nikel Tidak Butuh Alat Pasang Harga Per Lusin / 12 Pcs,Rp18.700,18700.0
peralatan-jahit,Gunting Benang / Gunting Bordir Ujung Mencuat Keatas PIN 13 cm,Rp30.900,30900.0
peralatan-jahit,Resleting Zipper Risleting 2 Meter Atau 200 cm Type Gigi Vislon Model Set Open End Tarikan Bulat Warna Hitam,Rp26.900,26900.0
peralatan-jahit,Resleting Zipper YKK Vislon 35 cm / 14 inch Warna Warni,Rp24.900,24900.0
peralatan-jahit,Kepala Resleting Kepala Zipper Gundul Tanpa Tarikan Type Gigi Besi No 5 Warna Black Nikel Harga Per Biji,Rp9.450,9450.0
peralatan-jahit,Resleting Zipper Ritsleting YKK Reverse Terbalik 75 cm - 30 inch Hitam Set Open - End Buka - Lepas Harga Per Pc,Rp35.900,35900.0
peralatan-jahit,Resleting Zipper Jaket YKK Hitam Black Oxides Besi Metal 65 cm Atau 26 inch Set Open-End Harga Per Pc,Rp50.900,50900.0
peralatan-jahit,"Tali Webbing Tas Lebar 3,8 cm Warna Coklat Harga Per Meter",Rp7.900,7900.0
peralatan-jahit,Tali Cina / Tali Satin Cina Diameter 2 mm Warna Biru Harga Per 10 Meter,Rp25.900,25900.0
peralatan-jahit,Resleting Zipper 100 cm / 1 Meter YKK Type Gigi Vislon Model Set Buka Lepas Hitam Untuk Resleting Jaket Hoodie Dll Harga Per Biji,Rp35.900,35900.0
peralatan-jahit,Torenda Crystal Hotfix Bintang Payet Tempel T2816 (5mm) / Lusin 12 PCS,Rp57.600,57600.0
peralatan-jahit,Kokot Kerang Kodokan Penjepit Tali Warna Nikel Silver Harga Per Pack isi 50 Pcs,Rp19.900,19900.0
peralatan-jahit,Kepala Resleting Kepala Zipper Type Gigi Coil No 5 Warna Merah Harga Per Lusin 12 Pcs,Rp16.900,16900.0
peralatan-jahit,Stopper Tali Model Compo Dua Lubang Warna Hijau Stabilo - Transparan Harga Per Lusin,Rp22.900,22900.0
peralatan-jahit,Resleting Zipper YKK Besi Metal 30 cm Hitam Silver Bolak Balik Harga Per Pc,Rp22.900,22900.0
peralatan-jahit,Ring Oval 1 cm Warna Nikel Silver Harga Per Pack isi 50 pcs Untuk Craft DIY Dll,Rp17.900,17900.0
peralatan-jahit,Adaptor Pompa PUMP DC 1 & 2 tabung & Kompresor Mini angin Ban Motor Mo,Rp85.000,85000.0
peralatan-jahit,Resleting Zipper Ritsleting YKK 25 cm Kain Coklat-Gold Type Gigi Besi Set Open - End Buka - Lepas Harga Per Pc Gold,Rp24.900,24900.0
peralatan-jahit,Zipper Puller Atau Puller Rope Merah Variasi Tarikan Kepala Resleting Tas Jaket Dll Harga Per Lusin Tali,Rp17.900,17900.0
peralatan-jahit,Torenda Payet Sequin Cup 3MM Cokelat Transparan/Pack Col.103,Rp17.000,17000.0
peralatan-jahit,Kepala Resleting Zipper Head YKK Type Gigi Coil No 5 Hitam Kode CL Harga Per Biji,Rp7.400,7400.0
peralatan-jahit,Torenda Payet Bulu Antik Sun Go Kong Bulu Ayam Natural Pheasant Tail Feathers Pheonix,Rp120.000,120000.0
peralatan-jahit,"Tali Webbing Tas Lebar 2,5 cm Warna Biru Dongker Navy Motif Seatbelt Harga Per Meter",Rp5.600,5600.0
peralatan-jahit,Kain Parasut Jaket Micro NS Warna Putih Water Resistant Harga Per Meter,Rp41.900,41900.0
peralatan-jahit,Kain Parasut Alpen Waterproof Anti Air Abu Gelap Dark Grey Meteran,Rp45.900,45900.0
peralatan-jahit,Kain Parasut Alpen Abu Abu Anti Air Waterproof Coating MilkyPU Meteran,Rp45.900,45900.0
peralatan-jahit,Resleting Zipper Jaket 75 cm / 30 inch Warna Kain Hitam - ATG Bakar Type Gigi Besi Model Set Open - End Buka - Lepas Harga Per Biji,Rp33.900,33900.0
peralatan-jahit,Skelly Rainbowie Patches,Rp49.000,49000.0
peralatan-jahit,Keling Centang Gepeng Kecil Diameter 6 mm Warna BN Hitam Black Nikel Harga Per Pack isi 50 Pasang,Rp14.900,14900.0
peralatan-jahit,Skelly Royal Duo Patches,Rp49.000,49000.0
peralatan-jahit,Torenda kancing Jas pattern motif Black & White size (2 Uk.)/Pcs,Rp14.000,14000.0
peralatan-jahit,Swarovski Pearl Payet Jahit Mutiara ART5810- Bright Gold(Varian)/10PCS,Rp2.500,2500.0
peralatan-jahit,Torenda Kancing Swarovski Button ART 3015 Hitam - Black Diamond (7uk.),Rp19.000,19000.0
peralatan-jahit,Torenda Payet Jahit Swarovski Button ART 3015 Mera-Red Magma(7uk.),Rp35.000,35000.0
peralatan-jahit,"Kait Pengait Pramuka Kecil Panjang 1,3 cm Nikel Silver Harga Per Pack isi 50 Pcs",Rp10.900,10900.0
peralatan-jahit,set lengkap alat doorsmeer usaha kualitas bagus,Rp2.500.000,2500000.0
peralatan-jahit,Torenda kancing Jas Gold Ring Ukiran classic size Big(22mm)/Pcs,Rp28.000,28000.0
peralatan-jahit,Torenda kancing Jas Big Golden Vines (21 mm) / Pcs,Rp30.000,30000.0
peralatan-jahit,Torenda kancing Jas Big Motive winged shield Silver (22x22mm) / Pcs,Rp20.000,20000.0
peralatan-jahit,Gantungan Kunci Obeng Emergency Driver Keychain,Rp3.500,3500.0
peralatan-jahit,Torenda kancing Jas Big Button Motive Horse and Peanut Gold / Pcs,Rp12.000,12000.0
peralatan-jahit,Kepala Resleting Type Gigi Coil No 5 Nikel Silver Kode XC Harga Per Biji,Rp12.900,12900.0
peralatan-jahit,Pita Reflektif Skotlet PVC Lebar 5 cm Warna Orange Motif Kotak Kotak Untuk Skotlet Jaket Mantel Rompi Jas Hujan Dll Harga Per Meter,Rp12.900,12900.0
peralatan-jahit,Torenda Cangkrang Payet Kristal Jahit Oval18x25Putih-AuroreBoreale/Pcs,Rp54.000,54000.0
peralatan-jahit,Torenda kancing Jas Small Motive clasic circle Silver (15x15mm)/ Pcs,Rp26.500,26500.0
peralatan-jahit,Kepala Resleting Type Gigi Coil No 5 Warna Pink Fanta Material Bahan Plastik Harga Per Lusin,Rp16.900,16900.0
peralatan-jahit,Tali Zipper Puler Variasi Tarikan Kepala Resleting Warna Merah Harga Per Lusin 12 Pcs,Rp17.900,17900.0
peralatan-jahit,Torenda Payet Jahit Swarovski Kristal ART 3015 Putih-Crystal (7.uk),Rp29.500,29500.0
peralatan-jahit,Done handymade embroidery jarum sulam needle cross stitch EM020,Rp950,950.0
peralatan-jahit,BENANG JAHIT KECIL ASAHI TMBOOKSTORE,Rp3.000,3000.0
peralatan-jahit,"Ring D Segitiga Tas Lebar Lubang 3,8 cm YKK Hitam Poly Acetal POM untuk Tali ukuran 3,8 cm Harga Per Biji",Rp8.300,8300.0
peralatan-jahit,Rantai Nuri Kecil Lebar 4 mm Warna Gold Muda Emas Muda Type F Untuk Rantai Craft Dll Harga Per Meter,Rp9.300,9300.0
peralatan-jahit,"Ring D Tas Lebar Lubang 1,5 cm Warna ATG Bakar Kualitas Premium Tebal 4 mm Harga Per Biji",Rp5.900,5900.0
peralatan-jahit,Kepala Resleting YEE Type Gigi Coil No 5 Warna Hitam Harga Per Biji,Rp4.900,4900.0
peralatan-jahit,Torenda Kristal Payet Jahit Sampan Size 12x6 Varian - T3220/PCS,Rp8.000,8000.0
peralatan-jahit,"Ring D Tas 3,8 cm Warna Hitam Black Nikel Tebal 4,5 mm Premium Quality Harga Per Biji",Rp6.400,6400.0
peralatan-jahit,Kait Pengait Tas 2 cm ATG Bakar Type B Harga Per Biji Untuk Tali Lebar 2 cm,Rp8.400,8400.0
peralatan-jahit,"Ring Gesper / Gesper Rol Tas 2,5 cm ATG Bakar Tebal Kualitas Premium Harga Per Biji",Rp6.900,6900.0
peralatan-jahit,MaxPower 340PSI Japan Tech Otomatis DC Alat steam jet cleaner,Rp180.000,180000.0
peralatan-jahit,"Tali Goni Diameter 2,5 mm Harga Per Rol isi Sekitar 40 Meter Untuk Tali Kerajinan Craft Dll",Rp44.900,44900.0
peralatan-jahit,Resleting Zipper Jaket Anti Air Waterproof Warna Hitam 60 cm Set Open End Buka Lepas Harga Per Biji,Rp26.900,26900.0
peralatan-jahit,Torenda Payet Jewelry Rose Acrilyc Small Coklat (col.23)-Bunga Rose/pc,Rp8.000,8000.0
peralatan-jahit,Set Alat & Obat Polis Body Kusam Mobil & Motor Khusus Kendaraan Asia B,Rp155.000,155000.0
peralatan-jahit,Kain Parasut Furing Abu Abu SMA Meteran Water Resistance,Rp30.900,30900.0
peralatan-jahit,Resleting Zipper YKK 95 cm Atau 38 inch Kain Hitam Silver Model Set Open End Type Gigi Besi Harga Per Pc,Rp29.900,29900.0
peralatan-jahit,Resleting Zipper Busana 50 cm Set Buka Lepas Kain Motif Kotak Kotak Catur Gold Kode A,Rp44.900,44900.0
peralatan-jahit,Tali Webbing Lanyard Lebar 1 cm Warna Merah - Silver Harga Per Rol isi 27 Meter,Rp43.900,43900.0
peralatan-jahit,Buckle YKK Lebar Lubang 5 cm Hitam Kuat Tahan Benturan Tekanan Cuaca Ekstrem Harga Per Biji,Rp28.900,28900.0
peralatan-jahit,Resleting Zipper Jaket YKK 60 cm Putih Coil Gigi Halus Set Open-End Buka-Lepas Harga Per Pc,Rp26.900,26900.0
peralatan-jahit,Resleting Zipper Ritsleting YKK 25 cm Biru Navy Gold Set Open End Buka Lepas,Rp25.900,25900.0
peralatan-jahit,Tali Webbing Lanyard Lebar 1 cm Warna Putih Harga Per Rol isi 27 Meter,Rp43.900,43900.0
peralatan-jahit,Webbing Lanyard Lebar 1 cm Warna Hitam Strip Tengah Biru Harga Per Meter Untuk Tali Lanyard Craft Dll Harga Per Rol isi 27 Meter,Rp43.900,43900.0
peralatan-jahit,Resleting Zipper Jaket YKK 65 cm Atau 26 inch Coklat Gold Type Gigi Besi Set Open End Buka Lepas Bolak Balik Harga Per Pc,Rp33.900,33900.0
peralatan-jahit,Resleting Zipper Jaket YKK 65 cm Type Gigi Besi Hitam - Gold Harga Per Pc Set Open End Buka Lepas,Rp32.900,32900.0
peralatan-jahit,"Ring Jalan Tas 2,5 cm ATG Tebal Premium Quality Harga Per Biji",Rp6.700,6700.0
peralatan-jahit,"Webbing Tali Tas Lebar 2,5 cm Warna Biru Navy Dongker Harga Per 5 Meter",Rp30.900,30900.0
peralatan-jahit,"Resleting Zipper YKK Jeans Type Gigi Besi 17,5 cm Atau 7 inch Warna Hitam - Gold Emas Harga Per Pc",Rp13.900,13900.0
peralatan-jahit,"Magnet Tanam Kecil 12 mm atau 1,2 cm Untuk Magnet Tanam Tas Dompet Dll Harga Per 5 Pasang",Rp17.900,17900.0
peralatan-jahit,"Buckle Slop Kunci Sodok YKK 3,8 cm Hitam Poly Acetal Kuat Kokoh High Quality Type LB38XD Harga Per Biji",Rp18.900,18900.0
peralatan-jahit,Resleting Zipper YKK 125 cm Type Gigi Vislon Hitam Set Open-End Buka-Lepas Harga Per Pc,Rp50.900,50900.0
peralatan-jahit,KAIN BULU RASFUR RAFSUR UKURAN 170 X 100 CM LP,Rp45.600,45600.0
peralatan-jahit,"Ring Kotak Tas Lebar Lubang 3,8 cm Premium Quality Tebal 4,5 mm Warna Silver Harga Per Pc",Rp11.900,11900.0
peralatan-jahit,Kepala Resleting Kepala Zipper Type Gigi Halus Coil No 5 Warna Nikel Silver Kode KA Harga Per Biji,Rp11.900,11900.0
peralatan-jahit,Torenda Cangkang Ceko Payet Kristal Jahit Bulat 18mm Light Peach/pcs,Rp27.000,27000.0
peralatan-jahit,Torenda Cangkrang Payet Kristal Jahit Kotak 13x18 Putih(Crystal)/12pcs,Rp55.000,55000.0
peralatan-jahit,Torenda Payet Cupset Kristal Ceko Cokelat (Topaz) 13mm / Pcs - SI806,Rp10.000,10000.0
peralatan-jahit,Swarovski Payet Kristal Jahit ART 3128/3188 - Lilac Shadow/AB (2Uk)/LUSIN,Rp20.000,20000.0
peralatan-jahit,Torenda Kancing Swarovski Button ART 3015 Hijau - Chrysolite (7uk.),Rp19.000,19000.0
peralatan-jahit,Alat Cuci AC Mobil motor Kualitas No.1 Karya Anak Bangsa nnnnn,Rp299.888,299888.0
peralatan-jahit,Grey Jack Tali Gantungan Kacamata Mutiara 2in1 Kaitan Multifungsi Motif Lucu Unik Fashion Wanita Warna Rainbow,Rp17.999,17999.0
peralatan-jahit,Ring Bulat Buka-Tutup On Off Model Kuping Warna Hitam Black Nikel Diameter Lubang 2 cm Harga Per Pc,Rp12.900,12900.0
peralatan-jahit,Grey Jack Tali Masker & Kacamata 2in1 Karakter Emoji Cute Motif Smiley Lucu Multifungsi Style Wanita Kekinian Terbaru,Rp79.999,79999.0
peralatan-jahit,Kepala Resleting Zipper Head Type Gigi Besi No 5 Bolak Balik Warna Nikel silver Harga Per Biji,Rp10.900,10900.0
peralatan-jahit,Kepala Resleting Zipper Head YKK Nomor 8 Type Gigi Besi Metal Warna Nikel Silver Harga Per Pc,Rp16.900,16900.0
peralatan-jahit,Kancing Jepret Snap Button Kecil Diameter 9 mm Warna ATG Bakar Harga Per Lusin,Rp20.900,20900.0
peralatan-jahit,Torenda Kancing Mutiara Colorful Round NA.484.TPD (Varian Warna&Uk),Rp6.500,6500.0
peralatan-jahit,Ring Jalan Tas Adjuster Tas YKK Hitam Lebar Lubang 5 cm Material POM Poly Acetal Kuat Kokoh Anti Patah Harga Per Biji,Rp8.300,8300.0
peralatan-jahit,Tinctori - Patch Sashiko Flash Indigo,Rp7.000,7000.0
peralatan-jahit,Kepala Resleting YKK type Gigi Coil Gigi Halus Kecil No 3 Hitam Harga Per Pc,Rp3.600,3600.0
peralatan-jahit,"Kait Pengait Cantelan Gantungan 1,5 cm ATG Bakar Type B Harga Per Biji Untuk Tali Lebar 1,5 cm",Rp7.400,7400.0
peralatan-jahit,set lengkap alat doorsmeer usaha kualitas bagus,Rp2.500.000,2500000.0
peralatan-jahit,Torenda kancing Jas Gold Ring Ukiran classic size Big(22mm)/Pcs,Rp28.000,28000.0
peralatan-jahit,Torenda kancing Jas Big Golden Vines (21 mm) / Pcs,Rp30.000,30000.0
peralatan-jahit,Torenda kancing Jas Big Motive winged shield Silver (22x22mm) / Pcs,Rp20.000,20000.0
peralatan-jahit,Gantungan Kunci Obeng Emergency Driver Keychain,Rp3.500,3500.0
peralatan-jahit,Tali Bangkok Warna Orange Diameter 6 mm Harga Per Meter Untuk Material Tali Gorden Craft Dll Lilitan Silver Gold,Rp5.600,5600.0
peralatan-jahit,"Kait Pengait 1,5 cm Nikel Silver Type B Premium Quality",Rp7.400,7400.0
peralatan-jahit,"Webbing Tas Lebar 2,5 cm Warna Hijau Harga Per Meter",Rp6.100,6100.0
peralatan-jahit,Tali Hangtag Label Merek Model Rantai Warna ATG Bakar Atau Antique Gold Harga Per Biji,Rp1.800,1800.0
peralatan-jahit,Resleting Zipper Busana Wanita 15 cm Variasi Hias Permata Imitasi Harga Per Biji,Rp42.900,42900.0
peralatan-jahit,Resleting Zipper Jaket Hoodie YKK 90 cm Hitam Type Gigi Vislon Model Set Buka Lepas Harga Per Biji,Rp35.900,35900.0
peralatan-jahit,Kain Jaket Parasut Micro NS Warna Hijau Army Hijau TNI Tentara Water Resistant Harga Per Meter,Rp41.900,41900.0
peralatan-jahit,Resleting Zipper Longchain Meteran YKK Warna Kopi Susu Kode Warna 893 Harga Per Meter,Rp8.100,8100.0
peralatan-jahit,Kain Spunbond Spunbun Spungbun Warna Putih 75 Gram Harga Per Meter,Rp19.900,19900.0
peralatan-jahit,"Bisban Pelipit Tipis Lebar 3,8 cm Warna Merah Hati Maroon Marun Harga Per Rol isi 27 Meter",Rp55.900,55900.0
peralatan-jahit,Kepala Resleting YKK Type Gigi Besi Kecil No 3 Warna Gold Emas Harga Per Biji,Rp8.300,8300.0
peralatan-jahit,Bahan Kain Tas Cordura Nilon Glossy Warna Pink Fanta Meteran,Rp59.900,59900.0
peralatan-jahit,100 PCS Kancing Jepret/Tang Pengencang Kancing Snap Untuk Peralatan Menjahit Kancing Pakaian Set Tang Pengikat,Rp37.558,37558.0
peralatan-jahit,Resleting Zipper YKK 45 cm Type Gigi Besi Gold Emas Set Open End Buka Lepas Bolak Balik Harga Per Pc Pilihan Varian Warna Hitam Biru Dongker Navy Coklat Putih,Rp30.900,30900.0
peralatan-jahit,"Kancing Jeans Atau Jeans Button ""USA Jeans"" ATG Bakar Kode UJ Harga Per Lusin 12 Pcs",Rp16.300,16300.0
peralatan-jahit,Resleting Zipper Abaya Gamis 125 cm Type Gigi Besi Nomor 3 Warna Hitam Silver Model Set Open End Variasi Tarikan Cantik,Rp46.900,46900.0
peralatan-jahit,144 PCS Torenda Rhodium Payet Jahit Montes 20SS - Merah (Lava),Rp107.000,107000.0
peralatan-jahit,Resleting Zipper Ritsleting YKK Nomor 8 Type Gigi Coil Halus Warna Putih Harga Per Meter,Rp13.900,13900.0
peralatan-jahit,"Resleting Jeans Besi YKK 6 inch/15,2 cm Hijau Tentara",Rp12.900,12900.0
peralatan-jahit,Alat Cuci AC Motor Mobil portable auto cut on off high pressure,Rp299.888,299888.0
peralatan-jahit,Kain Kapas Non Woven Interlining Kuralon DENGAN Lem Warna Putih Harga Per Meter,Rp20.900,20900.0
peralatan-jahit,"""Rak Spul Magnet 4 Tiang Rak Penyimpan Spul Jahit HighSpeed Portable Rak Tempat Spool Spul """,Rp29.900,29900.0
peralatan-jahit,Master Kain Flanel A3 White,Rp28.500,28500.0
peralatan-jahit,Stopper Adjuster Pengatur Tali Masker Warna Pink Fanta Type B Harga Per Pack isi 50 Pcs Karet,Rp18.900,18900.0
peralatan-jahit,Torenda Renda Giver Hitam Corak salju -Black Snow / (Meter)KIAM34144,Rp45.000,45000.0
peralatan-jahit,Kain Spunbond Spungbun Spunbun Warna Biru Cerah Terang 75 Gram Harga Per Meter,Rp19.900,19900.0
peralatan-jahit,Torenda Payet Jahit Kancing Crystal Button T 3015 Pink Light Rose,Rp12.500,12500.0
peralatan-jahit,Torenda Renda Giver Mawar Hitam - Black Rose/(Meter)-KIAM870457,Rp70.000,70000.0
peralatan-jahit,Torenda kancing Jas Big Button Motive Heptagon Silver (22x22mm)/ Pcs,Rp42.000,42000.0
peralatan-jahit,Torenda Cangkang Ceko Payet Kristal Jahit Bulat 18mm (Capri Blue)/pcs,Rp27.000,27000.0
peralatan-jahit,Kancing Bungkus Ukuran Nomor No 18 Lebar 12 mm Harga Per Lusin,Rp20.900,20900.0
peralatan-jahit,Tinctori - Patch Sashiko Cubic Indigo,Rp8.000,8000.0
peralatan-jahit,Tali Cina / Tali Satin Cina Warna Kuning Cerah Diameter 2 mm Harga Per 10 Meter Untuk Tali Gelang Craft Kalung Souvenir DIY Dll,Rp25.900,25900.0
peralatan-jahit,Resleting Zipper Meteran Longchain YKK Hijau Army / Hijau TNI Type Gigi Coil No 5 Harga Per Meter,Rp8.100,8100.0
peralatan-jahit,Tali Elastis Jaket Bulat Melar Molor Diameter 3 mm Warna Merah Harga Per Meter,Rp5.000,5000.0
peralatan-jahit,Resleting Zipper Longchain Gigi Coil Gigi Halus No 5 Warna Kain Hitam - Gold Harga Per Meter,Rp5.800,5800.0
peralatan-jahit,Torenda Kancing Mutiara Colorful Round NA.484.MG (Varian Warna&Uk),Rp12.000,12000.0
peralatan-jahit,Tali Kepang 6 mm Warna Hijau Army Tua Harga Per Meter Untuk Material Tali Tas Serut Paperbag Hoodie Celana Dll,Rp3.500,3500.0
peralatan-jahit,Resleting Zipper Nusantara 15 cm / 6 inch Warna Merah Hati Marun Harga Per Biji,Rp4.400,4400.0
peralatan-jahit,Resleting Zipper Jaket Hoodie 100 cm / 1 Meter YKK Vislon No 5 Hitam Harga Per Pc,Rp35.900,35900.0
peralatan-jahit,Bahan Kain Tas Polyester Dinier Dinir 300D Orange Harga Per Meter,Rp40.900,40900.0
peralatan-jahit,Kepala Resleting Type Gigi Coil / Gigi Halus No 3 Nikel Silver Tipis Murah Per Pack isi 100 Pcs,Rp40.900,40900.0
peralatan-jahit,Kain Jaket Micro Mikro NS Warna Merah Water Resistant Meteran,Rp41.900,41900.0
peralatan-jahit,Torenda Payet Kristal Diamond Crystal Meteran Gold/Meter-KI-527-46,Rp780.000,780000.0
peralatan-jahit,Torenda Kancing Jas Small Button Square White Gold(15mm) / Pcs,Rp39.000,39000.0
peralatan-jahit,Torenda kancing Jas Round Silver Pattern size Big 22 mm / Pcs,Rp33.500,33500.0
peralatan-jahit,Skelly London Vehicles Patches,Rp49.000,49000.0
peralatan-jahit,Torenda Renda Kerah Motif Bunga (col white) / Set -NA16516,Rp66.000,66000.0
peralatan-jahit,Torenda Cangkang Ceko Payet Kristal Jahit Bulat 18mm LightSapphire/pcs,Rp27.000,27000.0
peralatan-jahit,Torenda Payet Jahit Swarovski Button ART 3015 Hijau-Erinite( 7.Uk),Rp21.000,21000.0
peralatan-jahit,Mata Ayam Eyelet Mata Itik Diameter Lubang 5 mm kode MA350 Warna Merah Harga Per Pack isi 100 Pcs,Rp13.900,13900.0
peralatan-jahit,Torenda Kristal Payet Tempel Hotfix Mote Gosok Biru Blue Zircon,Rp66.000,66000.0
peralatan-jahit,Resleting YEE Vislon 50 cm / 20 inch Warna Warni Murah,Rp16.900,16900.0
peralatan-jahit,Konektor Pompa DC drat 18mm ke selang PU 6mm tembaga X_6,Rp20.000,20000.0
peralatan-jahit,Torenda Renda Giver Black circle / (Meter)-KIAM51660,Rp66.000,66000.0
peralatan-jahit,Resleting Zipper YKK 25 Type Gigi Besi Gold Open-End Buka-Lepas Harga Per Pc Pilihan Varian Warna Biru Dongker Hitam Coklat Putih,Rp24.900,24900.0
peralatan-jahit,Rantai Kecil Lebar 6 mm Warna Silver Harga Per Meter Untuk Rantai Masker Craft DIY Dll,Rp19.900,19900.0
peralatan-jahit,Tali Lanyard Lebar 1 cm Halus Warna Biru Langit Strip Putih Harga Per Rol isi 18 Meter,Rp21.900,21900.0
peralatan-jahit,Torenda kancing Jas Big Motive clasic circle Gold 21mm /Pcs,Rp33.000,33000.0
peralatan-jahit,Torenda kancing Jas Small Silver Vines 15mm / Pcs,Rp25.000,25000.0
peralatan-jahit,Tali Jake Hoodie Lanyard Lebar 1 cm Warna Hijau TNI Army Harga Per 5 Meter,Rp18.900,18900.0
peralatan-jahit,Torenda kancing Jas Big Convex Black Spear Carving (22mm)/Pcs,Rp24.500,24500.0
peralatan-jahit,Torenda kancing Jas Small Button Motive Horse Crown Black Gold / Pcs,Rp18.000,18000.0
peralatan-jahit,Torenda Payet Kristal Diamond Meteran 6SS Crystal Silver /Meter,Rp60.000,60000.0
peralatan-jahit,Torenda Cangkrang Payet Kristal Jahit Tetes 8x13mm Hijau-Emerald/pcs,Rp11.000,11000.0
peralatan-jahit,Resleting Zipper YKK 90 cm Atau 36 inch Type Gigi Besi Model Set Open - End Buka - Lepas Kain Hitam Silver Harga Per Biji,Rp29.900,29900.0
peralatan-jahit,"Bisban Pelipit Bungkus Penutup Tepi Jahitan Tas Lebar 2,5 cm Warna Cream Krem Harga Pe Rol isi 27 Meter",Rp32.900,32900.0
peralatan-jahit,Resleting Zipper Jaket YKK 80 cm Gigi Besi Putih Gold Bolak Balik,Rp40.900,40900.0
peralatan-jahit,Tali Bangkok Warna Kuning Gading Diameter 6 mm Harga Per Meter Untuk Tali Gorden Craft Dll Lilitan Silver Emas,Rp5.600,5600.0
peralatan-jahit,Meteran Pinggang / Pengukur Pinggang,Rp200.000,200000.0
peralatan-jahit,Resleting Zipper 100 cm - 1 Meter Hitam - Gold Vislon Variasi Kode DG,Rp33.900,33900.0
peralatan-jahit,"Ring Gesper Tas 2,5 cm Hitam Black Nikel Tebal Kualitas Premium Harga Per Biji",Rp6.900,6900.0
peralatan-jahit,Brother GS2700 Sewing Machine - Mesin Jahit Portable GS 2700,Rp2.990.000,2990000.0
peralatan-jahit,Tali Cina / Tali Satin Cina Diameter 2 mm Warna Pink Harga Per 10 Meter,Rp25.900,25900.0
peralatan-jahit,Resleting Zipper Busana 50 cm Blink Blink Coil Silver Harga Per pc,Rp23.900,23900.0
peralatan-jahit,Kepala Resleting Zipper Head YKK Dobel / Ganda Dua Kepala Type Gigi Coil Gigi Halus No 5 Panjang Hitam Harga Per Pc,Rp9.300,9300.0
peralatan-jahit,Pita Perekat Hook&Loop Kretekan Prepetan 2 cm Hitam Harga Per Meter,Rp10.000,10000.0
peralatan-jahit,Torenda Kristal Payet Tempel Hotfix Mote Gosok Hijau Chrysolite,Rp84.000,84000.0
peralatan-jahit,Resleting Zipper Ritsleting YEE Vislon 80 cm Hitam Set Open - End Harga Per Pc,Rp18.900,18900.0
peralatan-jahit,Resleting Zipper Risleting YKK 45 cm Atau 18 inch Hitam Gold Emas Set Open End Harga Per Pc,Rp29.900,29900.0
peralatan-jahit,Resleting Zipper Jaket Anti Air Waterproof 80 cm Warna Hitam Set Buka Lepas Harga Per Biji,Rp30.900,30900.0
peralatan-jahit,Resleting Zipper Jaket YKK 70 cm Type Gigi Besi Hitam - ATG Bakar Open End Harga Per Pc,Rp39.900,39900.0
peralatan-jahit,Resleting Zipper Celana Jeans 5 inch YEE Hitam - Emas Gold Harga Per Pc,Rp10.900,10900.0
peralatan-jahit,"Webbing Tas YKK Lebar 3,8 cm Polyester Warna Hitam Harga Per Meter",Rp14.900,14900.0
peralatan-jahit,Torenda Payet Jahit Swarovski Button ART 3015 Hijau-Erinite( 7.Uk),Rp21.000,21000.0
peralatan-jahit,Mata Ayam Eyelet Mata Itik Diameter Lubang 5 mm kode MA350 Warna Merah Harga Per Pack isi 100 Pcs,Rp13.900,13900.0
peralatan-jahit,Torenda Kristal Payet Tempel Hotfix Mote Gosok Biru Blue Zircon,Rp66.000,66000.0
peralatan-jahit,Torenda Kancing Jas Small Button Square White Gold(15mm) / Pcs,Rp39.000,39000.0
peralatan-jahit,Torenda Renda Kerah Motif Bunga (col white) / Set -NA16516,Rp66.000,66000.0
peralatan-jahit,Torenda kancing Jas Round Silver Pattern size Big 22 mm / Pcs,Rp33.500,33500.0
peralatan-jahit,Torenda Cangkang Ceko Payet Kristal Jahit Bulat 18mm LightSapphire/pcs,Rp27.000,27000.0
peralatan-jahit,Skelly London Vehicles Patches,Rp49.000,49000.0
peralatan-jahit,Resleting Zipper 15 cm Blink Blink Coil Mengkilap Silver Perak Harga Per Pc,Rp13.900,13900.0
peralatan-jahit,Resleting Zipper 25 cm Kain Lurik - Gold Harga Per Pc,Rp14.900,14900.0
peralatan-jahit,Rantai Kecil Lebar 7 mm Warna Gold Muda / Emas Muda Untuk Rantai Masker Craft DIY Rantai Dompet Dll Harga Per Meter,Rp20.900,20900.0
peralatan-jahit,Torenda Renda Giver Black circle / (Meter)-KIAM51660,Rp66.000,66000.0
peralatan-jahit,Konektor Pompa DC drat 18mm ke selang PU 6mm tembaga X_6,Rp20.000,20000.0
peralatan-jahit,Torenda Cangkang Payet Kristal Jahit Size 13x18 Emerald/12pcs,Rp58.000,58000.0
peralatan-jahit,Resleting Zipper YKK 25 Type Gigi Besi Gold Open-End Buka-Lepas Harga Per Pc Pilihan Varian Warna Biru Dongker Hitam Coklat Putih,Rp24.900,24900.0
peralatan-jahit,Resleting YEE Vislon 50 cm / 20 inch Warna Warni Murah,Rp16.900,16900.0
peralatan-jahit,Tali Webbing Bintik Halus Lebar 1 cm Warna Coklat Bintik Putih Harga Per Rol isi 19 Meter,Rp24.900,24900.0
peralatan-jahit,Resleting Jepang Invisible Zipper 30 cm KCC Open End Buka Lepas Harga Per Pc,Rp22.900,22900.0
peralatan-jahit,Kepala Resleting / Kepala Zipper YKK Type Gigi Besi No 3 Warna ATG Kode B Harga Per Biji,Rp7.300,7300.0
peralatan-jahit,Torenda kancing Jas Big Motive clasic circle Gold 21mm /Pcs,Rp33.000,33000.0
peralatan-jahit,Torenda kancing Jas Small Silver Vines 15mm / Pcs,Rp25.000,25000.0
peralatan-jahit,Kain Spunbond Spunbun Spungbun Merah 75 Gram Harga Per Meter,Rp19.900,19900.0
peralatan-jahit,Resleting Zipper Busana Wanita 25 cm Blink Blink Vislon Mengkilap Kerlap Kerlip Close-End Harga Per Pc Pilihan Varian Warna Gold Emas Gold Muda Silver Perak,Rp15.900,15900.0
peralatan-jahit,"Ring Kotak Tas Lebar Lubang 2,5 cm Tebal Warna Nikel Silver Murah Harga Per 6 Biji",Rp17.900,17900.0
peralatan-jahit,jet cleaner steam pump mesin cuci doorsmeer hight pressure,Rp2.500.000,2500000.0
peralatan-jahit,Resleting Zipper YKK 125 cm Type Gigi Besi Warna Hitam Silver Model Set Open End,Rp32.900,32900.0
peralatan-jahit,Bahan Kain Jaket Parasut Micro NS Motif Doreng Army Apps Blue Harga Per Meter,Rp47.900,47900.0
peralatan-jahit,Kain Parasut Metalik Warna Ungu - silver Harga Per Meter Untuk Rain Cover Mobil Motor Payung Dll,Rp38.900,38900.0
peralatan-jahit,BORDIR EMBLEM LOGO CUSTOM,Rp15.000,15000.0
peralatan-jahit,Tomtoc x Monster Hunter Rise / Sunbreak Stickers Embroidery Patch Z01,Rp285.000,285000.0
peralatan-jahit,"Tali Webbing Tas Lebar 2,5 cm Warna Cream Krem Harga Per Meter",Rp5.600,5600.0
peralatan-jahit,"Tali Webbing 1 cm Kuning Untuk Lanyard, Gelang Dll Harga Per Roll isi 27 Meter",Rp43.900,43900.0
peralatan-jahit,Tali Bangkok Diameter 6 mm Warna Hijau Tosca Untuk Tali Craft Tali Gorden Dll Harga Per Meter Lilitan Silver Gold,Rp5.600,5600.0
peralatan-jahit,Resleting Zipper YKK 40 cm Atau 16 inch Hitam Gold Emas Model Set Open End Type Gigi Besi Harga Per Pc,Rp28.900,28900.0
peralatan-jahit,BORDIR EMBLEM LOGO CUSTOM,Rp120,120.0
peralatan-jahit,Resleting Zipper Jaket YKK 75 cm - 30 inch Coil Gigi Halus Bolak Balik,Rp33.900,33900.0
peralatan-jahit,Kolar (Collar) Imam/Pendeta - TO005,Rp12.000,12000.0
peralatan-jahit,Swarovski Pearl Payet Jahit (Mutiara) ART5810 Varian- Hijau Jade/10PCS,Rp2.500,2500.0
peralatan-jahit,Torenda Payet Kancing Jas Big Button Golden Circle 21mm / Pcs,Rp36.000,36000.0
peralatan-jahit,Torenda Payet Jahit Mote Jepang MGB Pasir 50 gram 12/O Color 43-54,Rp22.000,22000.0
peralatan-jahit,Torenda kancing Jas Round Black Pattern size Small 15mm / Pcs,Rp20.000,20000.0
peralatan-jahit,Tali Jake Hoodie Lanyard Lebar 1 cm Warna Hijau TNI Army Harga Per 5 Meter,Rp18.900,18900.0
peralatan-jahit,Torenda kancing Jas Big Convex Black Spear Carving (22mm)/Pcs,Rp24.500,24500.0
peralatan-jahit,Torenda kancing Jas Small Button Motive Horse Crown Black Gold / Pcs,Rp18.000,18000.0
peralatan-jahit,Torenda Payet Kristal Diamond Meteran 6SS Crystal Silver /Meter,Rp60.000,60000.0
peralatan-jahit,Torenda Cangkrang Payet Kristal Jahit Tetes 8x13mm Hijau-Emerald/pcs,Rp11.000,11000.0
peralatan-jahit,Swarovski Payet Kristal Tempel HotFix Art2038/2078-Kuning Citrine(6Uk),Rp99.000,99000.0
peralatan-jahit,Swarovski Pearl Payet Jahit Mutiara ART5810(Varian)-Lavender/10PCS,Rp8.000,8000.0
peralatan-jahit,Resleting Zipper Longchain YEE Type Gigi Coil Gigi Halus Nomor 5 Warna Hitam Harga Per Meter,Rp11.900,11900.0
peralatan-jahit,Torenda Payet SPK Oval - Varian Warna / 100 gram,Rp38.000,38000.0
peralatan-jahit,Kait Pengait Kaitan Gantungan 2.5 cm Warna Hitam Black Nikel Standard Type A Harga Per Biji,Rp9.400,9400.0
peralatan-jahit,Torenda Kancing Swarovski Button ART 3015 Ungu (Light Amethyst) (7uk.) - 10mm,Rp21.000,21000.0
peralatan-jahit,Torenda Renda Giver Mawar Putih - White Rose/ (Meter)-KIAM870457,Rp70.000,70000.0
peralatan-jahit,ap Adapter Hose Quick Connector Konektor Kran ½” atau ¾” 1/2,Rp16.300,16300.0
peralatan-jahit,Tali Webbing Lanyard Bintik Halus Lebar 1 cm Warna Biru Langit Bintik Putih Harga Per Rol isi 19 Meter,Rp24.900,24900.0
peralatan-jahit,Pita Renda Lebar 1 cm Motif Bunga Warna Hijau Muda - Merah Kode J Harga Per Rol isi 18 Meter,Rp24.900,24900.0
peralatan-jahit,Stopper Adjuster Pengatur Tali Strap Masker Warna Putih Harga Per Pack isi 50 Pcs Type B Karet,Rp15.900,15900.0
peralatan-jahit,"Buckle Slop YKK 2,5 cm Model Front Release Buckle Rotasi 45 Derajat Material POM Poly Acetal Kuat Bagus High Quality Harga Per Biji",Rp15.900,15900.0
peralatan-jahit,Keling Rivet Jamur 8 mm Warna Gold Emas Harga Per Pack isi 50 Pcs,Rp35.900,35900.0
peralatan-jahit,Torenda Payet Jewelry Rose Acrilyc Small Hijau (col.32) - Bunga/ PCS,Rp5.500,5500.0
peralatan-jahit,"Kait 1,5 cm Gold Muda Emas Muda Model Ekor Harga Per Biji Untuk Tali Lebar 1,5 cm",Rp5.900,5900.0
peralatan-jahit,"Ring Kotak YKK Lebar Lubang 2,5 cm Kokoh Kuat Poly Acetal POM Hitam Harga Per Biji",Rp5.700,5700.0
peralatan-jahit,Ring Kotak Tas YKK Lebar Lubang 5 cm Warna Hitam Material Poly Acetal Bagus Kuat Kokoh Harga Per Biji,Rp8.800,8800.0
peralatan-jahit,Torenda kancing SA Motif Batik Daun Round Red Size (2 uk.) /Pcs,Rp10.000,10000.0
peralatan-jahit,"Ring Bulat Model Buka Tutup Atau Bukaan Diameter Lubang 3,8 cm Tebal 3 mm Nikel Silver Type B Harga Per Biji Untuk Ring Tas Craft DIY Dll",Rp8.600,8600.0
peralatan-jahit,Torenda Payet Kristal Tempel Hotfix Mote Gosok Hitam (Black Diamond) / Gross,Rp60.000,60000.0
peralatan-jahit,Ring Kotak 2 cm Gold Muda Emas Muda Premium Quality Harga Per Pc,Rp6.000,6000.0
peralatan-jahit,Resleting Zipper Jaket YKK Vislon 80 cm Open End Warna Hitam Harga Per Pc,Rp33.900,33900.0
peralatan-jahit,Resleting Zipper YKK 60 cm Kain Coklat - Gold Emas Set Open End Buka Lepas Harga Per Biji,Rp31.900,31900.0
peralatan-jahit,Tali Webbing Lanyard Lebar 1 cm Warna Putih List Tengah Hitam Harga Per Rol isi 27 Meter,Rp43.900,43900.0
peralatan-jahit,Resleting Zipper YKK 50 cm Atau 20 inch Hitam Gold Emas Slider Oval Type Gigi Besi Set Open End Harga Per Pc,Rp32.900,32900.0
peralatan-jahit,Konektor Pompa DC Type Drat Ke Nepel 5/16 X_5,Rp9.500,9500.0
peralatan-jahit,Resleting Zipper Jaket YKK 80 cm Bolak Balik Gigi Halus Coil Hitam Harga Per Biji,Rp34.900,34900.0
peralatan-jahit,Resleting Zipper Ritsleting YKK Vislon 85 cm Atau 34 inch Hitam Set Open - End Harga Per Pc,Rp34.900,34900.0
peralatan-jahit,Resleting Zipper Longchain Meteran Type Gigi Coil No 5 Warna Abu Abu Murah Harga Per Meter,Rp4.900,4900.0
peralatan-jahit,Zipper Puller Tali Variasi Tarikan Kepala Resleting Hitam Harga Per Lusin,Rp17.900,17900.0
peralatan-jahit,"Kait Pengait Lebar Lubang 1,5 cm Warna Gold Muda / Emas Muda Type B Harga Per Biji",Rp7.400,7400.0
peralatan-jahit,Resleting Zipper YKK LFC Close - End 35 cm Atau 14 inch Warna Warni Harga Per Pc,Rp10.900,10900.0
peralatan-jahit,"Ring Tangga Adjuster Gesper Jalan Tas Punggung 2,5 cm Hitam Acetal Murah Kode WG Harga Per Lusin 12 Pcs Untuk Tali Lebar 2,5 cm",Rp19.900,19900.0
peralatan-jahit,Bonsoir Logo patch embroidered dress ( baby ),Rp3.720.000,3720000.0
peralatan-jahit,19PCS/Set Jarum jahit sandal dan benang 1 set Nilon Jarum Kuningan Kulit Sewing Shoes Repair Stitcher Tool Benang Roll,Rp68.900,68900.0
peralatan-jahit,"Bahan Tas Tali Webbing Bisban Tas 2,5 cm Biru Harga Per Meter",Rp6.100,6100.0
peralatan-jahit,Kepala Resleting Type Gigi Coil No 5 Seasond Wind Nikel Silver Harga Per Pc Kode XE,Rp11.900,11900.0
peralatan-jahit,"Resleting Zipper Jeans Panjang 12,5 cm Atau 5 inch YKK Warna Kain Putih - Gold Emas Harga Per Pc",Rp11.900,11900.0
peralatan-jahit,Webbing Tas Lebar 3 cm YKK Warna Hitam Harga Per Meter,Rp13.900,13900.0
peralatan-jahit,Resleting Zipper Longchain YEE Type Gigi Coil Warna Putih Nomor 5 Harga Per Meter,Rp11.900,11900.0
peralatan-jahit,Kepala Resleting Zipper YKK Merah no 5 Harga Per 4 Pcs,Rp19.900,19900.0
peralatan-jahit,Torenda Renda Kerah Motif Ukir (col white) / Set -NA6936,Rp50.000,50000.0
peralatan-jahit,Torenda Diamond Meteran Cangkang Silver Varian Warna /Meter,Rp66.000,66000.0
peralatan-jahit,144 PCS Torenda Rhodium Payet Jahit Montes (6 Ukuran)-Ungu(Tanzanite),Rp107.000,107000.0
peralatan-jahit,Torenda Payet Jahit Cangkang Tetes 10x14mm Perak (Jet Hematite)/12pcs,Rp53.000,53000.0
peralatan-jahit,Torenda kancing Jas Small Button Motive Horse Crown Black Gold / Pcs,Rp18.000,18000.0
peralatan-jahit,Stopper Tali Masker Karet Warna Hitam Harga Per Pack isi 50 Pcs,Rp21.900,21900.0
peralatan-jahit,"Ring Jalan Lebar Lubang 1,5 cm Plastik Warna Hitam Harga Per Lusin isi 12 Biji",Rp15.900,15900.0
peralatan-jahit,Mata Ayam Eyelet Mata Itik Warna Salem Peach Diameter Lubang 5 mm Kode MA350 Harga Per Pack isi 100 Pcs,Rp15.900,15900.0
peralatan-jahit,Resleting Zipper YKK Jeans Type Gigi Besi Warna Kain Cream - Gold Emas 15 cm Atau 6 inch Set Close End Harga Per Biji,Rp12.900,12900.0
peralatan-jahit,Resleting Zipper Risleting YKK 45 cm Hitam ATG Bakar Type Gigi Besi Set Open End Slider Oval Harga Per Pc,Rp31.400,31400.0
peralatan-jahit,Kaozelo Pengering Sepatu Elektrik Shoe Dryer 200W 220V - ADS-8818A,Rp394.800,394800.0
peralatan-jahit,Resleting Zipper YKK type Gigi Besi 80 cm Kain Biru Navy Dongker - Gold Emas Harga Per Pc Bolak - Balik,Rp40.900,40900.0
peralatan-jahit,Kepala Resleting Zipper Head Type Gigi Besi Nomor 5 Warna Emas Gold Model Sword Harga Per Biji,Rp8.500,8500.0
peralatan-jahit,"Ring Segitiga Tas Plastik Lebar Lubang 3,8 cm Tipis Murah Hitam Harga Per Biji",Rp1.500,1500.0
peralatan-jahit,Resleting Risleting Zipper YKK 85 cm Atau 34 inch Putih - Gold Emas Model Set Open End Buka Lepas Bolak Balik Harga Per Pc,Rp41.900,41900.0
peralatan-jahit,Kain Jaring / Jala Untuk Variasi Kantong Tas Warna Pink Fanta Harga Per Meter,Rp35.900,35900.0
peralatan-jahit,Kain Tas Polyester 1680D Tebal Kaku Warna Biru Harga Per Meter,Rp65.900,65900.0
peralatan-jahit,Kepala Resleting Zipper Head YKK Type Gigi Halus Coil Nomor 5 Warna Nikel Silver Variasi Tarikan Ring D Harga Per Biji,Rp6.300,6300.0
peralatan-jahit,Resleting Zipper Ritsleting YKK 90 cm Type Gigi Besi Kain Hitam - Gold Set Open-End Harga Per Pc,Rp42.900,42900.0
peralatan-jahit,Gantungan Kunci Obeng Emergency Driver Keychain,Rp3.500,3500.0
peralatan-jahit,Torenda kancing Jas Big Convex Black Spear Carving (22mm)/Pcs,Rp24.500,24500.0
peralatan-jahit,set lengkap alat doorsmeer usaha kualitas bagus,Rp2.500.000,2500000.0
peralatan-jahit,Torenda Kristal Payet Tempel Hotfix Mote Gosok Biru Blue Zircon,Rp66.000,66000.0
peralatan-jahit,Torenda kancing Jas Big Golden Vines (21 mm) / Pcs,Rp30.000,30000.0
peralatan-jahit,"Ring Tangga Adjuster Gesper Jalan Tas Punggung 2,5 cm Hitam Acetal Murah Kode WG Harga Per Lusin 12 Pcs Untuk Tali Lebar 2,5 cm",Rp19.900,19900.0
peralatan-jahit,19PCS/Set Jarum jahit sandal dan benang 1 set Nilon Jarum Kuningan Kulit Sewing Shoes Repair Stitcher Tool Benang Roll,Rp68.900,68900.0
peralatan-jahit,Vinnatsu 8 Jenis Aksesoris Mesin Jahit Perapi Mesin Jahit Pembatas Jahitan Magnet Mesin Jahit Universal Alat Bantu Jahit Lurus Presisi Magnetic Seam Guide Kain,Rp32.432,32432.0
peralatan-jahit,SOVLO Mini Cleo Switch PATCH - Stiker Bordir Aksesoris Hadiah,Rp29.900,29900.0
peralatan-jahit,"Bahan Tas Tali Webbing Bisban Tas 2,5 cm Biru Harga Per Meter",Rp6.100,6100.0
peralatan-jahit,Zipper Puller Warna Abu Variasi Tarikan Kepala Resleting Jaket Tas Dll Harga Per Lusin 12 Pcs,Rp17.900,17900.0
peralatan-jahit,Torenda Cangkang Silver Payet Kristal Jahit Bulat 27mm (Crystal) / pcs,Rp11.000,11000.0
peralatan-jahit,Resleting Zipper 15 cm Vislon Warna Kain Hitam - Black Nikel Kode BXA Harga Per Pc,Rp13.900,13900.0
peralatan-jahit,Torenda kancing Jas Small Golden Vines 15 mm / Pcs,Rp25.000,25000.0
peralatan-jahit,Torenda Renda Giver White Leaf flower flow (Mete)-KIAM5283610B,Rp78.000,78000.0
peralatan-jahit,Pita Renda List Tepi Motif Bunga Pink - Merah Harga Per Rol isi 22 Meter,Rp24.900,24900.0
peralatan-jahit,Resleting Zipper Longchain Meteran Type Gigi Vislon No 5 Warna Putih Murah Harga Per Meter,Rp15.900,15900.0
peralatan-jahit,Kepala Resleting Type Gigi Coil No 5 Warna Gold Muda Emas Muda Kode XZB Harga Per Biji,Rp17.900,17900.0
peralatan-jahit,"Ring D Tas Lebar Lubang 3 cm Warna Gold Muda Emas Muda Tebal 4,5 mm Premium Quality Harga Per Biji",Rp6.300,6300.0
peralatan-jahit,Teronda Preciosa Payet Kristal Tempel Hotfix Biru (Turquoise) / Gros,Rp200.000,200000.0
peralatan-jahit,"Bisban Pelipit Bungkus Penutup Tepi Jahitan Lebar 2,5 cm Warna Hijau Muda Pupus Harga Per Rol isi 27 Meter",Rp32.900,32900.0
peralatan-jahit,Kepala Resleting Zipper Head YKK Type Gigi Halus Coil Nomor 5 Warna Hitam Kode TH Harga Per Pc,Rp8.800,8800.0
peralatan-jahit,Torenda Payet Jahit Mote Jepang MGB Pasir 50 gram 12/O Color 453-489,Rp50.000,50000.0
peralatan-jahit,Torenda Cangkrang Payet Kristal Jahit Tetes 8x13mm Hitam (Jet) /pcs,Rp11.000,11000.0
peralatan-jahit,Torenda Cangkang Ceko Payet Kristal Jahit Bulat 18mm Light Rose/pcs,Rp27.000,27000.0
peralatan-jahit,Torenda Cangkang Payet Kristal Jahit Size 13x18mm Pink Rose/12pcs,Rp58.000,58000.0
peralatan-jahit,Torenda Kancing Swarovski Button ART 3015 Hijau - Sage (7uk.),Rp19.000,19000.0
peralatan-jahit,Slime Jelly Super Gel Cleaner Pembersih Debu Keyboard HP Mobil Laptop,Rp5.000,5000.0
peralatan-jahit,"Kancing Jeans Atau Jeans Button Warna Silver ""Jeans-Jeans"" Kode JJS Harga Per Lusin 12 Pcs Untuk Celana Jaket Jeans",Rp12.900,12900.0
peralatan-jahit,Resleting Zipper Longchain YKK Type Gigi Halus Coil Nomor 3 Warna Putih Harga Per Meter,Rp11.900,11900.0
peralatan-jahit,Torenda kancing Jas Small Golden Black Horse Carvings 15 mm/Pcs,Rp13.500,13500.0
peralatan-jahit,Mata Ayam Eyelet Mata Itik 5 mm Cream Krem Krim Per Pack isi 100 Pcs,Rp15.900,15900.0
peralatan-jahit,Resleting Zipper Jaket 70 cm Kepala Ganda Dobel Dua Kepala Type Gigi Vislon Model Set Open End Hitam,Rp22.900,22900.0
peralatan-jahit,Kancing Bungkus Nomor Ukuran 22 Lebar 14 mm Seng Harga Per Lusin,Rp20.900,20900.0
peralatan-jahit,Torenda kancing Jas Big Motive clasic circle Silver (22x22mm)/ Pcs,Rp33.500,33500.0
peralatan-jahit,Mata Ayam Eyelet Mata Itik Diameter Lubang 5 mm Kode MA350 Warna Hijau Pupus / Hijau Muda Harga Per Pack isi 100 pcs,Rp15.900,15900.0
peralatan-jahit,Stopper Tali Model Compo Dua Lubang Warna Orange - Transparan Bening Harga Per Lusin,Rp21.900,21900.0
peralatan-jahit,Resleting YEE Vislon 28 inch/70 cm Hitam Harga Per Biji,Rp21.900,21900.0
peralatan-jahit,Pita Renda Lebar 1 cm Motif Bunga Warna Orange - Kuning Harga Per Rol isi 18 Meter,Rp24.900,24900.0
peralatan-jahit,Torenda Cangkang Payet Kristal Jahit Size 13x18mm Fushia/12pcs,Rp58.000,58000.0
peralatan-jahit,Set Alat & Obat Polis Body Kusam Mobil & Motor Khusus Kendaraan Asia,Rp115.000,115000.0
peralatan-jahit,"BITCBae kancing celana Tahan karat, awet, dan sangat praktis, ini adalah gesper perpanjangan celana jeans",Rp9.900,9900.0
peralatan-jahit,Kepala Resleting Kepala Zipper Type Gigi Coil No 5 Warna Nikel Silver Kode AAI Harga Per Biji,Rp8.500,8500.0
peralatan-jahit,B43 Applicator Pad Busa Wax Poles Mobil Motor Model Rata FLAT,Rp5.000,5000.0
peralatan-jahit,Alat Cuci AC Motor Mobil portable auto cut on off high pressure,Rp299.888,299888.0
peralatan-jahit,[MEJA-202A] Meja Mesin Jahit 202A,Rp22.500,22500.0
peralatan-jahit,Karet Elastis Boba Melar Molor Untuk Tali Masker Dll Diameter 3 mm Harga Per Meter,Rp4.300,4300.0
peralatan-jahit,"Tali Kur isi Padat Diameter 4,5 mm Warna Kombinasi Belang Colorful Harga Per Meter Untuk Bahan Tali Jaket Paper Bag HP Dll",Rp6.000,6000.0
peralatan-jahit,Kepala Resleting Type Gigi Coil Gigi Halus No 5 Nikel Silver Tarikan Tebal Bagus Harga Per Pc,Rp7.900,7900.0
peralatan-jahit,Pita Reflektif Skotlet Reflective Kain 2 cm Hitam - Silver Harga Per Meter,Rp9.650,9650.0
peralatan-jahit,Stopper Tali YKK Cord Stopper Model Bulat Warna Hitam Harga Per Biji,Rp8.300,8300.0
peralatan-jahit,MaxPower 340PSI Japan Tech Paket Pompa Mesin & Adaptor Garansi Resmi,Rp240.000,240000.0
peralatan-jahit,Stopper Ujung Tali YKK Single Cord End Untuk Tali 3 mm Material Polyamide High Quality Harga Per Biji,Rp6.000,6000.0
peralatan-jahit,Resleting Zipper YKK Nomor 8 Type Gigi Besi Warna Kain Hitam Gold Emas Harga Per Meter,Rp42.900,42900.0
peralatan-jahit,Kain Taslan Anti Air Waterproof Warna Black Coffee Coklat Sangat Gelap Harga Per Meter,Rp57.900,57900.0
peralatan-jahit,Tali Bangkok Diameter 6 mm Biru Langit Harga Per 5 Meter Untuk Tali Craft Tali Gorden Kerajinan Dll Lilitan Silver Emas,Rp27.900,27900.0
peralatan-jahit,Resleting Zipper Ritsleting YKK 45 cm Atau 18 inch Warna Kain Putih - Gold Model Set Open-End Harga Per Pc,Rp29.900,29900.0
peralatan-jahit,Torenda Preciosa Payet Kristal Tempel Hotfix Putih (Crystal) / Gros,Rp72.800,72800.0
peralatan-jahit,144 PCS Torenda Rhodium Payet Jahit Montes Varian Uk-Emas Honey,Rp146.000,146000.0
peralatan-jahit,Tali Cina Warna Pink Stabilo Diameter 2 mm Harga Per 10 Meter,Rp25.900,25900.0
peralatan-jahit,Resleting Zipper Ritsleting YKK 150 cm Atau 60 inch Hitam Silver Model Set Open End Buka Lepas Harga Per Biji,Rp34.900,34900.0
peralatan-jahit,Kancing Jeans Atau Jeans Button Besar Diameter 2 cm Warna Hitam Black Nikel Harga Per 6 Pcs Untuk Kancing Jaket Celana Jeans,Rp13.900,13900.0
peralatan-jahit,Ring D Tas Lebar Lubang 3 cm Premium quality Warna Black Nikel Harga Per Biji,Rp6.300,6300.0
peralatan-jahit,Resleting Zipper YKK 20 cm Atau 8 inch Kain Hitam Silver Type Gigi Besi Slider Oval Harga Per Pc,Rp14.900,14900.0
peralatan-jahit,Kepala Resleting Zipper Head Type Gigi Besi Kecil no 3 Warna ATG bakar Kode B Harga Per Biji,Rp8.700,8700.0
peralatan-jahit,Gantungan Kunci Obeng Emergency Driver Keychain,Rp3.500,3500.0
peralatan-jahit,Torenda kancing Jas Big Convex Black Spear Carving (22mm)/Pcs,Rp24.500,24500.0
peralatan-jahit,set lengkap alat doorsmeer usaha kualitas bagus,Rp2.500.000,2500000.0
peralatan-jahit,Torenda Kristal Payet Tempel Hotfix Mote Gosok Biru Blue Zircon,Rp66.000,66000.0
peralatan-jahit,Torenda kancing Jas Big Golden Vines (21 mm) / Pcs,Rp30.000,30000.0
pengikat-perekat,Capricorn Design Sticker Pack Label Motif Animal STR 008,Rp11.500,11500.0
pengikat-perekat,Strap Pengikat Kabel Cable Ties Strap Cord Holder 12cm,Rp10.090,10090.0
pengikat-perekat,Print Stiker Kraft A3+ | Cutting | Tgm Merch,Rp8.000,8000.0
pengikat-perekat,Stiker pecah belah - FRAGILE stiker awas pecah,Rp100,100.0
pengikat-perekat,Label Warna Niimbot D11/D110/D11H/D110M/D101/H1S Kreasikan Identifikasi Anda,Rp98.000,98000.0
pengikat-perekat,LABEL 100 X 150 (ISI 250 PCS) KASSEN LABEL THERMAL STIKER A6,Rp53.000,53000.0
pengikat-perekat,(SIF093) STIKER toples eid lebaran idulfitri TIGAGERBANG (uk 8x15cm),Rp38.500,38500.0
pengikat-perekat,Brother Label Tape TZE-531 12mm x 8m Laminated Tape Black On Blue,Rp330.000,330000.0
pengikat-perekat,NIIMBOT B21 / B203 / B3S /B21PRO/B31 Stiker Label Pola Kartun Rumah,Rp98.000,98000.0
pengikat-perekat,100 Lembar Stiker Waterproof Sticker Botol Minum Viral Korea DIY,Rp26.900,26900.0
pengikat-perekat,NIIMBOT B21/B3S/B1/B31 Mesin Label Kertas Cetak Label Harga Berperekat Termal Rak Produk Supermarket Stiker Barcode Toko Ritel Obat,Rp98.000,98000.0
pengikat-perekat,NACHI Lakban Perak Aluminium Metalized OPP 2 inch/ 48mm X 40 Yard - Perak/ Silver Chrome - ROLL,Rp15.500,15500.0
pengikat-perekat,Sticker Barcode Semicoated 33x15 mm 3 Line BLUEPRINT Stiker Label Semi Coated 33 x 15 x 3 Line - 1 Roll,Rp39.900,39900.0
pengikat-perekat,"Kertas Thermal Struk Kasir PPOB BLUEPRINT 57 x 38 , 57x38 mm - 1 Pack Isi 10 Roll",Rp63.000,63000.0
pengikat-perekat,"Direct Thermal Sticker , Label Stiker Portable BLUEPRINT Lite 78 Continuous @40mm - 1 Roll",Rp13.000,13000.0
pengikat-perekat,Sticker Label Fragile Jangan dibanting 80x50 BLUEPRINT FG501 isi 300,Rp31.000,31000.0
pengikat-perekat,Lem UHU Stic Stick Besar 21 gram - Lem Kertas Serbaguna,Rp25.000,25000.0
pengikat-perekat,Scotch 198 Super Hold Tape Dispenser Isolasi solatip bening kuat,Rp42.800,42800.0
pengikat-perekat,Daiso Hangul Sticker -For Hard Case - Purple-,Rp33.000,33000.0
pengikat-perekat,Lakban OPP Tape Bening Coklat 2 Inch Tebal Murah Lengket 48mm x 90 Yard,Rp9.459,9459.0
pengikat-perekat,PAKET BUNDLING ZRM Z-10D Stapler Double Strip + Isi Staples 2 box,Rp16.110,16110.0
pengikat-perekat,(BELT NETRAL010) karton pita KUNING untuk toples box (47 cm x 1 cm),Rp38.500,38500.0
pengikat-perekat,Kertas Struk TAHAN LAKBAN 57 x 40 BLUEPRINT Thermal Oil 57x40 mm 1Roll,Rp7.025,7025.0
pengikat-perekat,Heavy Duty / Jepretan / Alat Stapler / Staples Jilid Besar HDS-110 / 240 / 301 / 306 / 700,Rp91.300,91300.0
pengikat-perekat,Heavy Duty / Jepretan / Alat Stapler / Staples Jilid Besar 23S13 / 23S17 / 23S24,Rp102.400,102400.0
pengikat-perekat,ARTLINE Lem Liquid Glue EGL-40,Rp8.880,8880.0
pengikat-perekat,FLYHOME Fragile unboxing 72yard 45mm x 72yard 2inchi 1 roll segel ECO,Rp8.400,8400.0
pengikat-perekat,Lem Alteco Super Glue Alteco 110 Multi Purpose Instant Adhesive,Rp8.126,8126.0
pengikat-perekat,Nimbot B1/B21/B3S Printer LabelPaper Name tag Label Self-adhesive Waterproof Scratch-resistant Label,Rp98.000,98000.0
pengikat-perekat,"Kertas Thermal Kasir Struk PPOB BLUEPRINT Lite 57 x 50 , 57x50 mm - 1 Roll",Rp4.860,4860.0
pengikat-perekat,Kertas Label Putih Eksklusif Niimbot M2 Anti Air Anti Minyak Anti Robek untuk Kantor dan Rumah,Rp87.000,87000.0
pengikat-perekat,Kertas Label Termal Motif Kartun Lucu Anti Air Anti Minyak Anti Robek untuk Niimbot D11/D110/D101/H1S/D11H/D110M,Rp98.000,98000.0
pengikat-perekat,"10 Roll Pita Kado Lis Emas 2cm Jepang 3/4"" Plastik 1 Slop RIBBON Gold strip lace ( SLOP )",Rp31.000,31000.0
pengikat-perekat,Liquid Glue Lem Cair Joyko GL-R35 35ml - Lem Multipurpose Serbaguna,Rp2.679,2679.0
pengikat-perekat,Max Stapler HD-10XS (Mini Stapler) Light Blue,Rp125.000,125000.0
pengikat-perekat,Lakban Jilid Hitam Kain Joyko 24mm - Cloth Tape 1 Inch 24 mm Lengket,Rp10.087,10087.0
pengikat-perekat,Asaba Stationery- Staples/Stapler/Jepretan Max Stapler HD-10 Orange,Rp31.000,31000.0
pengikat-perekat,JK Glue GL-R125 // KKO-LG125 Lem Kertas Cair - Pcs,Rp8.250,8250.0
pengikat-perekat,Jasa Cetak / Printing Digital A3+,Rp2.000,2000.0
pengikat-perekat,DELI - E39447 / Lem Cair Putih 120 ml / Peralatan Sekolah Kantor Kertas,Rp13.900,13900.0
pengikat-perekat,Benex Binder Clip Benex 51 mm Jumbo Size Edisi Paper Clip & Penjepit Kertas No 260 Original,Rp19.040,19040.0
pengikat-perekat,(SIADHA01) Stiker MINI idul adha lebaran 7x2.5 cm seal box paperbag,Rp26.950,26950.0
pengikat-perekat,Kertas Label Termal Berperekat NIIMBOT D110/D11/D11_H/D110_M/D101 Putih Murni untuk Klasifikasi Pensil dan Penanda Nama Kertas Cetak Anti Gores,Rp87.000,87000.0
pengikat-perekat,WELLEN PRINT – Cetak Sticker Label Nama Anak UV DTF Vol. 2 Custom / Print Stiker Karakter UV Label Timbul Anti Air / Decal Kering Embossed Logo Waterproof,Rp20.000,20000.0
pengikat-perekat,Deli Triangle Paper Clip / Penjepit Kertas / Penjepit Multifungsi Kapasitas 50 Lembar Isi 4 TP533,Rp20.000,20000.0
pengikat-perekat,FLYHOME Lakban jilid/kain hitam 10meter 6 roll 48mm x 10m cloth tape,Rp69.000,69000.0
pengikat-perekat,ALGOO Kertas Thermal 80x40 mm (KARTON) Isi 100 Roll,Rp400.000,400000.0
pengikat-perekat,(SIF138/SIF139) Stiker BESAR idul fitri lebaran ADARA untuk paperbag dus kotak iamcili [10pcs],Rp38.500,38500.0
pengikat-perekat,Lem Glue Stick 8 Gram Joyko [GS-09/12 pcs] / Perekat Kertas Super,Rp44.500,44500.0
pengikat-perekat,"Kertas Label Bulat NIIMBOT B1/B21/B3S/B21PRO/B31, Tahan Air dan Gores, Cetak Barcode dengan Teknologi Thermal Transfer",Rp98.000,98000.0
pengikat-perekat,Capricorn Design Tag Kado Natal isi 1 – Gift Tag / Hang Tag Christmas Estetik HTC 084 Kertas Note,Rp1.500,1500.0
pengikat-perekat,3M Double Tape Busa PE Foam Tape 24 mm x 4 M Original 1600TG Serbaguna Daya Rekat Kuat Made in Indonesia Kualitas USA,Rp28.880,28880.0
pengikat-perekat,Lem Glue Stick 25 Gram Joyko [GS-25/1 Pack] / Lem Kertas Stik [12 Pcs],Rp97.500,97500.0
pengikat-perekat,COGHLANS SCREEN PATCHES MOUNTAINEERING,Rp19.500,19500.0
pengikat-perekat,Flek Tape 4 Inch Isolasi Lakban Waterproof Tahap Air Sebaguna,Rp25.000,25000.0
pengikat-perekat,FLYHOME Lakban Bening 90yard 48mm x 90 yard 2 inch 6 Roll ECO,Rp42.600,42600.0
pengikat-perekat,[10 pcs] Stiker Round Top Kue Cookies GISK16-20 by Grafichs,Rp11.500,11500.0
pengikat-perekat,JOYKO Binder Clip No. 105 - Pack,Rp5.550,5550.0
pengikat-perekat,ISOLASI DAVIS/ SOLATIP DAVIS/ ISOLASI/ SOLATIP/ SELOTIP 12 MM,Rp4.000,4000.0
pengikat-perekat,"Lem Sepatu GT320S 60ml Fleksibel Transparan, Perbaikan Sol Sepatu Anti Lepas - Gulue",Rp25.400,25400.0
pengikat-perekat,PLAKBAN BENING 48X48 - LAKBAN,Rp26.800,26800.0
pengikat-perekat,Max Stapler HD-10XS (Mini Stapler) Light Blue,Rp125.000,125000.0
pengikat-perekat,MAX Staples No.2115-1/4 (Staples Pabrik dan Blister Card),Rp12.125,12125.0
pengikat-perekat,Brother Ptouch Label Tape TZE-251 24mm Black on white 244mm TZE251,Rp355.000,355000.0
pengikat-perekat,[20 pcs] Stiker Label Custom Nama Buku Sekolah Anak SN43 - SN50 by Grafichs,Rp19.500,19500.0
pengikat-perekat,Niimbot B1/B21/B3S/B203/B21PRO/B31 Kertas Label Termal Tahan Air Tahan Minyak Dan Tahan Air Mata Permen Taman,Rp98.000,98000.0
pengikat-perekat,"NIIMBOT M2 Stiker Label Kabel, Tahan Air, Tahan Minyak, Klasifikasi Label Kabel dan Kabel Jaringan",Rp87.000,87000.0
pengikat-perekat,ARTLINE XSTAMPER QUIX Stempel QPTL-Q3661R-U/ Q16,Rp294.000,294000.0
pengikat-perekat,MOLLAR KT-25100 Kabel Ties 2.5 x 100 mm Putih 10 cm Tali Pengikat Nylon Cable Tie,Rp4.000,4000.0
pengikat-perekat,Kertas Stiker Koala Nomor 105 - Label Sticker Paper No 105 Untuk Undangan Harga Buku Pelajaran Isi 10 Lembar,Rp6.172,6172.0
pengikat-perekat,SDI 1303 Tempat Paper Klip Magnet / Paper Clip Dispenser,Rp26.350,26350.0
pengikat-perekat,"Lem Sepatu GT320S 60ml Fleksibel Transparan, Perbaikan Sol Sepatu Anti Lepas - Gulue",Rp25.400,25400.0
pengikat-perekat,Cetak Sticker Label Vynil Kotak Stiker Lebel Waterproof Kemasan 2,Rp400,400.0
pengikat-perekat,Lem Stik Kecil Joyko GS-127 5gr - Glue Stick Joyko 5 gr,Rp3.178,3178.0
pengikat-perekat,JOYKO Multifunctional Double Sided Tape Pita Perekat Dua Sisi MDST-8,Rp20.900,20900.0
pengikat-perekat,SDI 1110A Mini Stapler No.10 Transparan,Rp21.950,21950.0
pengikat-perekat,Lem Glue Stick Joyko 8g [GS-09/1 Pcs] / Perekat Kertas Stik / Perlengkapan Sekolah & Kantor,Rp4.900,4900.0
pengikat-perekat,ISOLASI DAVIS/ SOLATIP DAVIS/ ISOLASI/ SOLATIP/ SELOTIP 12 MM,Rp4.000,4000.0
pengikat-perekat,JOYKO Binder Clip No. 105 - Pack,Rp5.550,5550.0
pengikat-perekat,NACHI Lakban Perak Aluminium Metalized OPP 2 inch/ 48mm X 40 Yard - Perak/ Silver Chrome - ROLL,Rp15.500,15500.0
pengikat-perekat,Sticker Barcode Semicoated 33x15 mm 3 Line BLUEPRINT Stiker Label Semi Coated 33 x 15 x 3 Line - 1 Roll,Rp39.900,39900.0
pengikat-perekat,"Kertas Thermal Struk Kasir PPOB BLUEPRINT 57 x 38 , 57x38 mm - 1 Pack Isi 10 Roll",Rp63.000,63000.0
pengikat-perekat,"Direct Thermal Sticker , Label Stiker Portable BLUEPRINT Lite 78 Continuous @40mm - 1 Roll",Rp13.000,13000.0
pengikat-perekat,Sticker Label Fragile Jangan dibanting 80x50 BLUEPRINT FG501 isi 300,Rp31.000,31000.0
pengikat-perekat,Lem Alteco Super Glue Alteco 110 Multi Purpose Instant Adhesive,Rp8.126,8126.0
pengikat-perekat,Kertas Struk TAHAN LAKBAN 57 x 40 BLUEPRINT Thermal Oil 57x40 mm 1Roll,Rp7.025,7025.0
pengikat-perekat,ARTLINE Lem Liquid Glue EGL-40,Rp8.880,8880.0
pengikat-perekat,FLYHOME Fragile unboxing 72yard 45mm x 72yard 2inchi 1 roll segel ECO,Rp8.400,8400.0
pengikat-perekat,Kertas Label Termal Motif Kartun Lucu Anti Air Anti Minyak Anti Robek untuk Niimbot D11/D110/D101/H1S/D11H/D110M,Rp98.000,98000.0
pengikat-perekat,"10 Roll Pita Kado Lis Emas 2cm Jepang 3/4"" Plastik 1 Slop RIBBON Gold strip lace ( SLOP )",Rp31.000,31000.0
pengikat-perekat,Kertas Label Putih Eksklusif Niimbot M2 Anti Air Anti Minyak Anti Robek untuk Kantor dan Rumah,Rp87.000,87000.0
pengikat-perekat,Liquid Glue Lem Cair Joyko GL-R35 35ml - Lem Multipurpose Serbaguna,Rp2.679,2679.0
pengikat-perekat,Niimbot D101 Kertas Label Stiker Belajar Kantor Rumah Tahan Air Putih Kompatibel dengan Printer D101 Tahan Air Tahan Minyak Anti Gores,Rp87.000,87000.0
pengikat-perekat,SDI 1143 Super Heavy Duty Stapler / Stapler Jilid,Rp1.603.550,1603550.0
pengikat-perekat,Seal Tape Onda Kecil 12mm 10M - Solasi Isolasi Selotip Pipa Keran Air,Rp7.514,7514.0
pengikat-perekat,NIIMBOT B21 B1 B3S B31 Nama-nama hewan kartun lucu kertas label termal tahan air dan anti gores klasifikasi kehidupan belajar pencetakan stiker,Rp98.000,98000.0
pengikat-perekat,"Kertas Thermal Kasir Struk PPOB BLUEPRINT Lite 57 x 50 , 57x50 mm - 1 Roll",Rp4.860,4860.0
pengikat-perekat,Lem UHU Stic Stick Besar 21 gram - Lem Kertas Serbaguna,Rp25.000,25000.0
pengikat-perekat,Daiso Hangul Sticker -For Hard Case - Purple-,Rp33.000,33000.0
pengikat-perekat,Lakban OPP Tape Bening Coklat 2 Inch Tebal Murah Lengket 48mm x 90 Yard,Rp9.459,9459.0
pengikat-perekat,Scotch 198 Super Hold Tape Dispenser Isolasi solatip bening kuat,Rp42.800,42800.0
pengikat-perekat,(BELT NETRAL010) karton pita KUNING untuk toples box (47 cm x 1 cm),Rp38.500,38500.0
pengikat-perekat,PAKET BUNDLING ZRM Z-10D Stapler Double Strip + Isi Staples 2 box,Rp16.110,16110.0
pengikat-perekat,Heavy Duty / Jepretan / Alat Stapler / Staples Jilid Besar HDS-110 / 240 / 301 / 306 / 700,Rp91.300,91300.0
pengikat-perekat,Heavy Duty / Jepretan / Alat Stapler / Staples Jilid Besar 23S13 / 23S17 / 23S24,Rp102.400,102400.0
pengikat-perekat,Nimbot B1/B21/B3S Printer LabelPaper Name tag Label Self-adhesive Waterproof Scratch-resistant Label,Rp98.000,98000.0
pengikat-perekat,Sticker Barcode 33x19 mm 3 Line Semicoated BLUEPRINT Stiker Label 33x19 x3 isi 5000 Pcs - 1 Roll,Rp41.800,41800.0
pengikat-perekat,NEW PRODUCT - MAX Stapler HD10 PASTEL series,Rp31.000,31000.0
pengikat-perekat,13x38mm no.109 Label Tom and Jerry stiker Jerry sticker ATK1140TJ,Rp11.250,11250.0
pengikat-perekat,19mm isi 4 Binder Clip Paper Klip Penjepit Kertas 8487 DELI ATK0980DL,Rp8.888,8888.0
pengikat-perekat,Refill isi stapler KECIL staples No.10 DELI 0010N cekrekan ATK1455DL,Rp7.588,7588.0
pengikat-perekat,48mm Lakban Fragile Merah 100 meter masking tape plakban ATK0940LB,Rp22.550,22550.0
pengikat-perekat,SDI 1113CX Light Force One Touch Stapler No.10,Rp93.050,93050.0
pengikat-perekat,Bantex Isi Ulang / Refill Staples Anti Karat Ujung Runcing Untuk Hasil Yang Maksimal BD200X,Rp2.000,2000.0
pengikat-perekat,SDI 4287 Klip Magnet Kuat Stainless Steel / Magnetic Clip (45mm x 50mm),Rp49.350,49350.0
pengikat-perekat,Deli Binder Clip / Klip Binder / Penjepit Kertas Warna-Warni Pastel 855XA,Rp45.000,45000.0
pengikat-perekat,Vention Kabel Organizer Winder Clip Holder for Earphone KAN Original,Rp15.390,15390.0
pengikat-perekat,(SIF075) stiker lebaran lucu untuk toples 500gr (uk 8x15cm),Rp38.500,38500.0
pengikat-perekat,"Kertas Label Motif Bunga & Tumbuhan NIIMBOT D11/D110/D101/H1S/D11H/D110M, Tahan Air dan Gores, Cetak Barcode dengan Teknologi Thermal Transfer",Rp98.000,98000.0
pengikat-perekat,MAX Stapler HD-10G Beige / Jepretan Hekter Rubber Pelindung Karet,Rp45.590,45590.0
pengikat-perekat,Cetak Sticker Label Vinyl Silver A3+ Include Cutting,Rp18.750,18750.0
pengikat-perekat,(SIF50)Stiker kecil idulfitri lebaran 7x2.5 cm untuk seal box paperbag,Rp38.500,38500.0
pengikat-perekat,LABEL KARTON HANG TAG ART 2635,Rp42.000,42000.0
pengikat-perekat,WELLEN PRINT - Cetak Patch DTF kata lucu sablon kaos custom nama logo Sticker Film Kekinian,Rp25.000,25000.0
pengikat-perekat,(SIF034) stiker lebaran lucu untuk toples 250gr/350 (uk 7x14cm),Rp38.500,38500.0
pengikat-perekat,PLAKBAN BENING 48X48 - LAKBAN,Rp26.800,26800.0
pengikat-perekat,Max Stapler HD-10XS (Mini Stapler) Light Blue,Rp125.000,125000.0
pengikat-perekat,MAX Staples No.2115-1/4 (Staples Pabrik dan Blister Card),Rp12.125,12125.0
pengikat-perekat,Brother Ptouch Label Tape TZE-251 24mm Black on white 244mm TZE251,Rp355.000,355000.0
pengikat-perekat,[20 pcs] Stiker Label Custom Nama Buku Sekolah Anak SN43 - SN50 by Grafichs,Rp19.500,19500.0
pengikat-perekat,PARKO Lakban Selotip Cokelat Isolasi Tape 100 Yard / B 45 LL (PCS),Rp21.350,21350.0
pengikat-perekat,Done handymade silicone GID pengikat kabel headset serbaguna MR117,Rp10.000,10000.0
pengikat-perekat,"Double tape solatip perekat double double tape 1cm double tape 0,5cm",Rp2.300,2300.0
pengikat-perekat,STAPLES NO.10 JOYKO TMBOOKSTORE,Rp3.000,3000.0
pengikat-perekat,FLYHOME Lakban kertas 12mm x 15meter masking tape ukuran full,Rp2.350,2350.0
pengikat-perekat,Niimbot B1/B21/B3S/B203/B21PRO/B31 Kertas Label Termal Beku Tahan Air Tahan Minyak Dan Tahan Sobek,Rp98.000,98000.0
pengikat-perekat,Daiso Reflective tape - width 1.1 cm x 105 cm -,Rp33.000,33000.0
pengikat-perekat,SDI 6116 Stapler No.3 Orca Light Force,Rp100.550,100550.0
pengikat-perekat,"Kertas Stiker Label HVS Doff A4 BLUEPRINT Uk 48,5 x 70 mm - 20 lembar",Rp21.550,21550.0
pengikat-perekat,"Direct Thermal Sticker , Kertas Label Stiker BLUEPRINT 55 x 20 , 55x20 mm 1 Line - 1 Roll",Rp10.275,10275.0
pengikat-perekat,"NACHI Lakban Plakban Kain Cloth Tape Premium 2 inch/ 48mm X 12m, Warna Warni - ROLL",Rp20.000,20000.0
pengikat-perekat,Gantungan Kunci Custom | Keychain Custom Acrylic Print,Rp5.000,5000.0
pengikat-perekat,LABU KABOCA 1100 GR,Rp41.460,41460.0
pengikat-perekat,FLYHOME Lakban bening 1/2 dus 90yard 45mm x 90yard 2inchi 90 yard ECO,Rp244.800,244800.0
pengikat-perekat,Pita Tarik 50 mm Motif ROSE Serut Kombinasi Serat Matte Organza 50mm,Rp15.400,15400.0
pengikat-perekat,Namei Likes Desserts Diary Deco Stickers - Stiker Lucu,Rp8.750,8750.0
pengikat-perekat,FLYHOME Lakban kertas 1 dus 48mm x 15meter 72 roll masking tape Cargo,Rp617.000,617000.0
pengikat-perekat,"33M Pita suhu tinggi, Lakban anti Panas Tahan panas hingga 200°C - 5 ukuran Cocok untuk berbagai aplikasi",Rp8.500,8500.0
pengikat-perekat,"Kertas Label Motif Warna NIIMBOT D101, Tahan Air dan Gores, Cetak Barcode dengan Teknologi Thermal Transfer",Rp98.000,98000.0
pengikat-perekat,LABEL THERMAL 40 X 30 KERTAS STICKER BARCODE 40x30 mm Isi 800 Pcs,Rp31.500,31500.0
pengikat-perekat,Deli Binder Clip / Klip Binder / Penjepit Kertas Warna-Warni Pastel 855XA,Rp45.000,45000.0
pengikat-perekat,Vention Kabel Organizer Winder Clip Holder for Earphone KAN Original,Rp15.390,15390.0
pengikat-perekat,(SIF075) stiker lebaran lucu untuk toples 500gr (uk 8x15cm),Rp38.500,38500.0
pengikat-perekat,ESCO Stapler / Stepler / Jepretan / Hekter EP-10,Rp20.160,20160.0
pengikat-perekat,Perapi Kabel Charger Organizer Clips Holder untuk Meja,Rp59.400,59400.0
pengikat-perekat,"Kertas Label Motif Bunga & Tumbuhan NIIMBOT D11/D110/D101/H1S/D11H/D110M, Tahan Air dan Gores, Cetak Barcode dengan Teknologi Thermal Transfer",Rp98.000,98000.0
pengikat-perekat,CABLETIME Kabel Winder Velcro Ties Nylon Blended with Buckle isi 5pcs CV02,Rp26.100,26100.0
pengikat-perekat,Cabletime Kabel Winder Nylon Blended Clip Earphone Holder Cord Black Tearable,Rp20.000,20000.0
pengikat-perekat,WELLEN PRINT - Cetak Sticker Label Silver / Stiker Perak / Print Custom Makanan,Rp16.000,16000.0
pengikat-perekat,(SIF50)Stiker kecil idulfitri lebaran 7x2.5 cm untuk seal box paperbag,Rp38.500,38500.0
pengikat-perekat,LABEL KARTON HANG TAG ART 2635,Rp42.000,42000.0
pengikat-perekat,(SIF034) stiker lebaran lucu untuk toples 250gr/350 (uk 7x14cm),Rp38.500,38500.0
pengikat-perekat,Double Tape Side Daimaru [24 mm/1 pcs] / Lakban Isolasi Selotip Dobel Tip,Rp10.900,10900.0
pengikat-perekat,Lakban Hitam Daimaru [36 mm x 12 m/ 1 Roll],Rp23.500,23500.0
pengikat-perekat,Tali Plastik Rapia Rafia Gulungan Besar Warna Hitam 1Kg,Rp27.721,27721.0
pengikat-perekat,Stiker Label Nama Koala No.103 10 Lembar / Tempelan Nama Buku Undangan,Rp10.500,10500.0
pengikat-perekat,Lem Glue Stick Joyko 9g [GS-114/1 Pcs/Random] / Perekat Kertas Stik,Rp12.150,12150.0
pengikat-perekat,Kertas Label Harga Joyko 2 Baris [LB-P2LN/10 Rolls] / Isi Label 1 Line,Rp60.500,60500.0
pengikat-perekat,WELLEN PRINT - Cetak Patch DTF kata lucu sablon kaos custom nama logo Sticker Film Kekinian,Rp25.000,25000.0
pengikat-perekat,"Kertas Label Kartun Khusus NIIMBOT B1/B21/B3S/B21PRO/B31, Tahan Air dan Gores, Cetak Barcode dengan Thermal Transfer",Rp98.000,98000.0
pengikat-perekat,Brother Ptouch Label Tape TZE-611 6mm Black on Yellow TZE611 Resmi,Rp238.000,238000.0
pengikat-perekat,E-PRINT PAPER THERMAL ROLL 57X30 / E-PRINT / THERMAL ROLL /57X30/PAPER,Rp48.060,48060.0
pengikat-perekat,JETE Strap Cable Premium Strap Pengikat Kabel (isi 10pcs),Rp49.900,49900.0
pengikat-perekat,[10 pcs] Stiker Label Ucapan GISU31-36 by Grafichs,Rp11.500,11500.0
pengikat-perekat,Direct Thermal Sticker Label Online Shop BLUEPRINT 100x150mm 200Pcs,Rp35.000,35000.0
pengikat-perekat,Aksesoren Refil Tinta Label Harga Joyko IR-20 For MX-5500M PL-6000,Rp7.900,7900.0
pengikat-perekat,STAPLES MAX NO. 10 TMBOOKSTORE,Rp6.000,6000.0
pengikat-perekat,ZRM Isi Staples / Hekter No.3 20box,Rp48.450,48450.0
pengikat-perekat,"[8-9 pcs] Stiker Alamat Pengiriman Olshop, Free Custom Template Desain",Rp9.900,9900.0
pengikat-perekat,Lem Colek Vikol Esco / Perekat Kertas Istimewa Super Lengket,Rp2.750,2750.0
pengikat-perekat,Kertas Stiker Koala Nomor 101 - Label Sticker Paper No 101 Untuk Undangan Harga Buku Pelajaran Isi 10 Lembar,Rp6.172,6172.0
pengikat-perekat,[20 pcs] Hangtag Label Ramadhan Idul Fitri HT01 - HT06 by Grafichs,Rp9.900,9900.0
pengikat-perekat,MAX Stapler Staples Hekter HD-10 Warna Warni Kualitas Impor Jepang - PCS,Rp20.000,20000.0
pengikat-perekat,Tape Cutter Tape Dispenser Pemotong Pita Perekat Joyko TC-121 Heavy Duty,Rp43.500,43500.0
pengikat-perekat,"NIIMBOT B21/B1/B3S/B31 Stiker Label Thermal Kartun Hewan Lucu, Stiker Nama, Label Penanda Tangga",Rp98.000,98000.0
pengikat-perekat,"Kertas Label Kunci untuk Mesin Label NIIMBOT B1/B21/B3S/B21PRO/B31, Kertas Label Termal Berkualitas Tinggi, Cocok untuk Pengelolaan Kunci dan Penggunaan Kantor",Rp129.000,129000.0
pengikat-perekat,TOMBOW REFILL FOR CX4 4.2MMX12M GRN CT-CR4,Rp26.000,26000.0
pengikat-perekat,SDI BINDER CLIP 105 N0.0227/12,Rp8.000,8000.0
pengikat-perekat,Kertas Label Termal Anti Air Anti Minyak Anti Robek Warna Putih Murni untuk Niimbot B1/B21/B3S/B203/B21PRO/B31,Rp87.000,87000.0
pengikat-perekat,"Lem UHU Perekat Serbaguna [7 ML/10 Pcs] / Glue Cair Untuk Kertas, Karton, Kain, Kayu Super",Rp106.900,106900.0
pengikat-perekat,Capricorn Design Sticker Pack Label Motif Bear STR 001,Rp11.500,11500.0
pengikat-perekat,Cetak Stiker Label Vinyl Emas Metalize A3+ | Sticker Gold Label,Rp14.500,14500.0
pengikat-perekat,Stapler / hekter / staples Max HD-10G Anti Slip Beige,Rp47.000,47000.0
pengikat-perekat,DOUBLE TAPE JOYKO 12MM - 1/2 INCH PEREKAT SERBAGUNA WALLPAPER AQUARIUM,Rp11.000,11000.0
pengikat-perekat,NACHI ISOLASI TRANSPARANT12MM x 72YR,Rp14.450,14450.0
pengikat-perekat,300pcs Label Gosok Voucher / Scratch Label / Scratch Card Film Labels Gosok Scratch Off Sticker / Sticker Gosok 2.5cm,Rp24.900,24900.0
pengikat-perekat,Superfix Masking Tape 24mm x 20Yard Tidak Mudah Melekat Mudah Dilepas Lem Kuat Tahan Air Peel Off Dengan Mudah,Rp7.500,7500.0
pengikat-perekat,Sign Ambil Disini Tatakan Kayu + Akrilik Stiker Hitam Putih Outdoor - INPI HOUSE,Rp52.000,52000.0
pengikat-perekat,Sign Play Room Akrilik Pop Up Hitam + Sticker - INPI HOUSE,Rp39.000,39000.0
pengikat-perekat,UGREEN Pelindung Kabel Spiral Wrap Cable Zipper Organizer Tube 1.5M 5M,Rp55.000,55000.0
pengikat-perekat,Sign Packages Here Akrilik Stiker + 1 Set Baut Stainless - INPI HOUSE,Rp49.000,49000.0
pengikat-perekat,Date Stamp Joyko D-4 - Cap Stempel Tanggal Joyko,Rp12.561,12561.0
pengikat-perekat,Label Thermal Stiker Barcode 40x20mm Isi 500,Rp17.000,17000.0
pengikat-perekat,Bantex Lem Cair / Liquid Glue Daya Rekat Kuat 30 ml BH8002 Stationery Kantor,Rp2.500,2500.0
pengikat-perekat,Bantex Indonesia,Rp299.000,299000.0
pengikat-perekat,GORILLA 118 ML LEM ORIGINAL - COKELAT,Rp183.900,183900.0
pengikat-perekat,AZKO Tactix 1.5 mtr Lakban Tahan Air Isolasi Lakban Waterproof Tape Anti Air Perekat Tahan Air,Rp80.500,80500.0
pengikat-perekat,Deli x Vusign Gaming Keyboard Pink Blue White With Backlight Ergonomic VS788 Computer Mouse,Rp219.000,219000.0
pengikat-perekat,"NACHI Double Tape Dua Sisi 0.5 inch/ 12mm, 1 inch/ 24mm, 2 inch/ 48mm - DUS",Rp512.000,512000.0
pengikat-perekat,Paper Clip Klip Penjepit Kertas Joyko CLIP-474 ~ 475,Rp7.000,7000.0
pengikat-perekat,ATK583KY 11m 8.4mm Glue Double Tape Lem DOTLINER KOKUYO DM4500 craft,Rp165.000,165000.0
pengikat-perekat,refill Lem Tembak Glue Gun Lem Bakar Stick isi ulang perekat seni seal,Rp3.588,3588.0
pengikat-perekat,NACHI ISOLASI TRANSPARANT12MM x 72YR,Rp14.450,14450.0
pengikat-perekat,MAX Staples No.10-1M Set2,Rp10.000,10000.0
pengikat-perekat,Stiker Imlek Sticker Chinese New Year | Stiker Imlek Premium,Rp36.000,36000.0
pengikat-perekat,100 Lembar Stiker Waterproof Sticker Tumblr Lucu Kartun Korea Dekorasi SNI,Rp20.000,20000.0
pengikat-perekat,(SIF144) Stiker idul fitri lebaran ZULAIKHA untuk toples paperbag dus kotak iamcili diameter 8cm [32 pcs],Rp38.500,38500.0
pengikat-perekat,NiimBot D11/D110/D11H/D110M/D101/H1S Pola bunga kertas cetak label kertas cetak sticker,Rp98.000,98000.0
pengikat-perekat,Deli Stapler Setengah Jalan Hekter 25 Lembar 0434 - Alat Kertas Logam Plastik Stationery,Rp45.000,45000.0
pengikat-perekat,Stiker Terima Kasih | Sticker Thank You Diameter 4 cm,Rp23.000,23000.0
pengikat-perekat,Vention Kabel Organizer Clips Holder For Desktop Strong Adhesive and Silicone Body KBT KBR KBS,Rp37.905,37905.0
pengikat-perekat,Lakban Fragile Joyko [48mm x 50m] / Solasi Jangan Dibanting 2 Inchi / Solasiban Selotip Pragil Merah Dan Putih,Rp17.900,17900.0
pengikat-perekat,"Kertas Label Warna untuk Mesin Label NIIMBOT D11/D110/D101/H1S/D11H/D110M, Label Termal Berkualitas Tinggi dengan Pencetakan Jelas dan Kustomisasi",Rp98.000,98000.0
pengikat-perekat,Label Barcode 33 x 19 (3 Line) Kertas Sticker Label Semicoated 33x19,Rp42.000,42000.0
pengikat-perekat,Stapler Mini Joyko [HD-10MP] / Jepretan Kecil 1 Pcs / Hekter,Rp12.500,12500.0
pengikat-perekat,Deli Office Binder Clip / Penjepit Rose Gold Isi 12 / 25pcs 78201 78200,Rp34.000,34000.0
pengikat-perekat,Capricorn Design Sticker Pack Label Motif Bear STR 001,Rp11.500,11500.0
pengikat-perekat,Capricorn Design Sticker Pack Label Motif Animal STR 005,Rp11.500,11500.0
pengikat-perekat,Vention Strap Pengikat Kabel Ties Velco Organizer - KAK,Rp4.000,4000.0
pengikat-perekat,[20 pcs] Hang Tag GIHB01-05 by Grafichs,Rp17.500,17500.0
pengikat-perekat,Stiker Label Tutup Toples ST01 - ST08 by Grafichs,Rp11.500,11500.0
pengikat-perekat,[33-60 pcs] Stiker Nama Alat Tulis Sekolah GISS81-90 by Grafichs,Rp29.500,29500.0
pengikat-perekat,"Kertas Label Putih Murni untuk Mesin Label NIIMBOT D11/D110/D101/H1S/D11H/D110M, Kertas Label Termal Berkualitas Tinggi untuk Kustomisasi dan Penggunaan Kantor",Rp87.000,87000.0
pengikat-perekat,Capricorn Design Sticker Label / Stiker Toples Lebaran isi 1 - SLP 017,Rp2.900,2900.0
pengikat-perekat,done handymade Lem kertas cair paper art glue quick dry glue quilling paper scrapbooking glue handmade glue paper art glue lem kertas seni lem kertas scrapbook,Rp29.990,29990.0
pengikat-perekat,"NACHI Isolasi Selotip Bening Stationery Tape Dus 0.5 inch 12mm, 1inch 24mm 72 Yard - Roll",Rp4.500,4500.0
pengikat-perekat,(SIF041)stiker bulat toples kue kering tema lebaran [isi 32 stiker],Rp38.500,38500.0
pengikat-perekat,Klip Kertas Trigonal Joyko Trigonal Paper Clip No.1 [ PACK KECIL ],Rp4.950,4950.0
pengikat-perekat,SDI 1202 Isi Staples Jilid 23/6 Heavy Duty,Rp13.550,13550.0
pengikat-perekat,FLYHOME Lakban Bening 90yard 48mm x 90 yard 2 inch 1 Roll ECO,Rp7.100,7100.0
pengikat-perekat,[11-23 pcs] Stiker Fragile Premium Aesthetic FG07 - FG12 by Grafichs,Rp15.000,15000.0
pengikat-perekat,Glue Stick Lem Batang Joyko GS-120 8gr Cany & Eggy,Rp8.000,8000.0
pengikat-perekat,Stiker Label Transparan Transparent Label Sticker Joyko LBSR-10,Rp25.700,25700.0
pengikat-perekat,Direct Thermal Sticker 100 x 100 BLUEPRINT Lite Kertas Stiker Label Resi 100x100 mm 500Pcs,Rp58.800,58800.0
pengikat-perekat,Stapler Max HD-10 Tokyo Design - Stepler Jepretan Hekter Kecil,Rp19.466,19466.0
pengikat-perekat,FLYHOME Lakban coklat 100yard 45mm x 100yard 2inchi 6roll 100 yard ECO,Rp47.400,47400.0
pengikat-perekat,Label Stiker Yupol 100 x 150 Semicoated BLUEPRINT Label Yupo 100x150 @500 - 1 Roll,Rp172.000,172000.0
pengikat-perekat,"Direct Thermal Sticker , Kertas Label Resi BLUEPRINT Lite 102x127 ,102x127 mm 500Pcs CF",Rp74.000,74000.0
pengikat-perekat,Paper Fastener Acco Warna Putih BIG PF-80W,Rp17.300,17300.0
pengikat-perekat,Pita Tarik 64 mm Matte Kombinasi Satin dan Kain Kaca Serut Besar Jumbo Parcel Kado,Rp53.600,53600.0
pengikat-perekat,"Niimbot D11/D110/D101 Stiker Seri Hewan Kartun Lucu, Kertas Label DIY Kreatif Tahan air dan tahan gores",Rp98.000,98000.0
pengikat-perekat,UGREEN Strap Pengikat Perekat Klip Organizer Kabel Serbaguna,Rp29.000,29000.0
pengikat-perekat,Cetak Stiker Backlit | Print Duratrans | Stiker Neonbox,Rp145.000,145000.0
pengikat-perekat,"NIIMBOT M2 Stiker Label Kabel kusut, Label serat optik Tahan Air, Tahan Lama dan Tidak Luntur",Rp87.000,87000.0
pengikat-perekat,FLYHOME Lakban Bening 90yard 1/2 Dus 48mm x 90 yard 36 Roll ECO CARGO,Rp255.600,255600.0
pengikat-perekat,Capricorn Design Sticker Pack Label Motif Bear STR 001,Rp11.500,11500.0
pengikat-perekat,Cetak Stiker Label Vinyl Emas Metalize A3+ | Sticker Gold Label,Rp14.500,14500.0
pengikat-perekat,Stapler / hekter / staples Max HD-10G Anti Slip Beige,Rp47.000,47000.0
pengikat-perekat,DOUBLE TAPE JOYKO 12MM - 1/2 INCH PEREKAT SERBAGUNA WALLPAPER AQUARIUM,Rp11.000,11000.0
pengikat-perekat,NACHI ISOLASI TRANSPARANT12MM x 72YR,Rp14.450,14450.0
pengikat-perekat,IndoCart Sticker Label Bening Transparent Film-A4-20s,Rp58.000,58000.0
pengikat-perekat,NIIMBOT D11/D110/D101 Kertas Cetak Label Berwarna Kartun Hewan - Stiker Pengorganisasian Rumah Tangga,Rp98.000,98000.0
pengikat-perekat,Pita Tarik 64 mm Matte Kombinasi Satin dan Kain Kaca Serut Besar Jumbo Parcel Kado,Rp53.600,53600.0
pengikat-perekat,"Niimbot D11/D110/D101 Stiker Seri Hewan Kartun Lucu, Kertas Label DIY Kreatif Tahan air dan tahan gores",Rp98.000,98000.0
pengikat-perekat,"NACHI Isolasi Selotip Bening Stationery Tape Dus 0.5 inch 12mm, 1inch 24mm 72 Yard - Roll",Rp4.500,4500.0
pengikat-perekat,Label Stiker Yupol 100 x 150 Semicoated BLUEPRINT Label Yupo 100x150 @500 - 1 Roll,Rp172.000,172000.0
pengikat-perekat,"Direct Thermal Sticker , Kertas Label Resi BLUEPRINT Lite 102x127 ,102x127 mm 500Pcs CF",Rp74.000,74000.0
pengikat-perekat,(SIF041)stiker bulat toples kue kering tema lebaran [isi 32 stiker],Rp38.500,38500.0
pengikat-perekat,done handymade Lem kertas cair paper art glue quick dry glue quilling paper scrapbooking glue handmade glue paper art glue lem kertas seni lem kertas scrapbook,Rp29.990,29990.0
pengikat-perekat,FLYHOME Lakban coklat 100yard 45mm x 100yard 2inchi 6roll 100 yard ECO,Rp47.400,47400.0
pengikat-perekat,Stapler Max HD-10 Tokyo Design - Stepler Jepretan Hekter Kecil,Rp19.466,19466.0
pengikat-perekat,Direct Thermal Sticker 100 x 100 BLUEPRINT Lite Kertas Stiker Label Resi 100x100 mm 500Pcs,Rp58.800,58800.0
pengikat-perekat,Paper Fastener Acco Warna Putih BIG PF-80W,Rp17.300,17300.0
pengikat-perekat,Cetak Stiker Backlit | Print Duratrans | Stiker Neonbox,Rp145.000,145000.0
pengikat-perekat,UGREEN Strap Pengikat Perekat Klip Organizer Kabel Serbaguna,Rp29.000,29000.0
pengikat-perekat,"Kertas Label Penanda Kunci untuk Mesin Label NIIMBOT D11/D110/D101/H1S/D11H/D110M, Label Kunci Termal Berkualitas Tinggi dan Ramah Lingkungan",Rp129.000,129000.0
pengikat-perekat,"NIIMBOT M2 Stiker Label Kabel kusut, Label serat optik Tahan Air, Tahan Lama dan Tidak Luntur",Rp87.000,87000.0
pengikat-perekat,FLYHOME Lakban Bening 90yard 1/2 Dus 48mm x 90 yard 36 Roll ECO CARGO,Rp255.600,255600.0
pengikat-perekat,"SJ-024 Bukuqu Stiker Journal Tasty untuk Notebook, Planner",Rp11.830,11830.0
pengikat-perekat,Vention Strap Pengikat Kabel Ties Velco Organizer - KAK,Rp4.000,4000.0
pengikat-perekat,Capricorn Design Gift Tag / Hang Tag Idul Adha isi 1 - HTH002,Rp1.500,1500.0
pengikat-perekat,Tambahan Laminasi Large Format,Rp25.000,25000.0
pengikat-perekat,Stiker Deco Florals Stickers untuk Notebook by bukuqu,Rp7.000,7000.0
pengikat-perekat,"NIIMBOT M2 Stiker Label Harga Perhiasan, Label Gelang Giok, Label Harga Jam Tangan Kertas",Rp98.000,98000.0
pengikat-perekat,Niimbot B21/B1/B31 Thermal Label Sticker Paper White 20-50mm Printing Tag Commodity Price Tag,Rp87.000,87000.0
pengikat-perekat,Sdi Binder Clip 107 No.0226/12,Rp9.000,9000.0
pengikat-perekat,NACHI MASKING TAPE 48 MM X 20Y PP,Rp17.000,17000.0
pengikat-perekat,Fox Kertas Label 121 Isi 10,Rp10.600,10600.0
pengikat-perekat,FLYHOME Lakban kertas 48mm x 15meter 1/2 dus 36 roll masking tape,Rp316.800,316800.0
pengikat-perekat,LEM KOREA BY MONTANA KACA LEM BESI LEM KOREA GL-06 SUPER GLUE,Rp8.999,8999.0
pengikat-perekat,FLY HOME Lakban Bening 90 Yard CARGO KURIR 1 Dus 45mm x 90 Yard 72 pcs,Rp473.000,473000.0
pengikat-perekat,Kertas Thermal Stiker 100x150 BLUEPRINT Lite Label 100 x 150 mm 400Pcs Roll,Rp63.999,63999.0
pengikat-perekat,GM LABEL SMALL 241C TUTUP KEMBALI LK241TTPKEMBALI,Rp55.000,55000.0
pengikat-perekat,PIONEER WOOD GLUE D3 500 GRAM PREMIUM - Lem Kayu High Grade Kelas D3 (Tahan Air).,Rp49.500,49500.0
pengikat-perekat,Daimaru OPP Lakban Bening Super Clear Tape 48mm x 50M Kualitas Terbaik Waterbase Non-toxic Material Eco-Friendly & Recyclable Lem Super Kuat,Rp7.000,7000.0
pengikat-perekat,"Daimaru OPP Printed Tape Lakban Fragile 48mm x 100M Tahan Air, Lem Kuat, Warna Putih, Tulisan Merah, untuk Pengepakan & Segel Dus",Rp24.900,24900.0
pengikat-perekat,Niimbot D101 Kertas Label Transparan Tahan Air untuk Penyimpanan Rumah & Komersial Label Nama & Dokumen Kantor,Rp129.000,129000.0
pengikat-perekat,Daimaru Kraft Tape 48mm x 15Y Lakban Kertas Coklat Single Side Adhesive untuk Pengemasan Barang dan Ekspor,Rp9.500,9500.0
pengikat-perekat,Bantex Perforator 3 Holes Black 9329 10,Rp99.000,99000.0
pengikat-perekat,LABEL STIKER BARCODE KERTAS STICKER SEMICOATED 40x20MM,Rp6.000,6000.0
pengikat-perekat,Bantex Pelubang / Pembolong Kertas / Punch Besi Metal Untuk 10 Halaman BD6201,Rp33.000,33000.0
pengikat-perekat,Bantex Stapler / Jepretan 24/6 & 26/6 Anti-Slip Serbaguna BD6612,Rp39.000,39000.0
pengikat-perekat,Bantex Stapler / Hekter / Jepretan 24/6 & 26/6 Pegangan Lembut Anti Selip Muat 25 Lembar BD6627,Rp39.000,39000.0
pengikat-perekat,AZKO Gorilla Lakban 2.5 cm Isolasi Lakban Perekat Stationery Tools Alat Penempel Tape One Side Selotip,Rp91.900,91900.0
pengikat-perekat,"AZKO Maxbuilt Lakban 4,8 cm X 12 mtr - Biru Cloth Tape Isolasi Lakban Perekat Alat Penempel Multifunction Tape Selotip",Rp20.700,20700.0
pengikat-perekat,Paper Stiker HVS A6 isi 100 Label 10.5cm x 14.8cm Laserjet Paper,Rp27.500,27500.0
pengikat-perekat,18x50mm no.107 Label Tom and Jerry stiker Jerry sticker ATK1194TJ,Rp11.138,11138.0
pengikat-perekat,1 inch Lakban Kertas Masking Tape Paper Solatip DAIMARU ATK1009DM,Rp9.600,9600.0
pengikat-perekat,HP6MN ECER isi3 Penjepit Kabel Rabbit Lem 3M Miniso Cable Clip Kelinci,Rp23.750,23750.0
pengikat-perekat,BULAT 13mm MIX Warna no.114 Label Tom and Jerry Color DOT ATK1432TJ,Rp15.432,15432.0
pengikat-perekat,ATK64 GOODQUALITY Focus Stapler Remover Maped ST370111 alat staples,Rp27.888,27888.0
pengikat-perekat,8mm MIX Bulat FLUORESCENT Tom n Jerry label stiker sticker ATK1505TJ,Rp12.424,12424.0
pengikat-perekat,KENKO Binder Clip 107 Klip isi 12 buah Penjepit Kertas min 1 no.107 ATK810KN,Rp12.888,12888.0
pengikat-perekat,KENKO Paper Clip 260 Klip Penjepit Kertas isi 12 buah no.260 min 1 ATK814KN,Rp28.888,28888.0
pengikat-perekat,32x64mm no.103 Label Tom and Jerry stiker undangan Tom n ATK1027TJ,Rp10.550,10550.0
pengikat-perekat,8x20mm no.112 Label Tom and Jerry stiker Jerry sticker ATK1195TJ,Rp11.138,11138.0
pengikat-perekat,3M Scotch 198 Super Hold Tape with Dispenser,Rp24.735,24735.0
pengikat-perekat,MAXBUILT 1.2 CMX10 MTR SEAL TAPE PIPA KERAN PTFE - BIRU/MERAH,Rp22.900,22900.0
pengikat-perekat,"SINGRESS BON BON/ KUKU MACAN 2,5X20CM 1880 BEIGE @10PCS",Rp25.000,25000.0
pengikat-perekat,5x12mm Label no 95 Tom and Jerry stiker Jerry sticker stiker kotak putih jeri no.95 square ATK1618TJ,Rp11.138,11138.0
pengikat-perekat,GLUE GL-R50 JOYKO TMBOOKSTORE,Rp6.000,6000.0
pengikat-perekat,GLUE STICK WHITE A20210 DELI,Rp11.500,11500.0
pengikat-perekat,Capricorn Design Sticker Pack Label Motif Bear STR 001,Rp11.500,11500.0
pengikat-perekat,Brother Ptouch Label Tape TZE-251 24mm Black on white 244mm TZE251,Rp355.000,355000.0
pengikat-perekat,Max Stapler HD-10XS (Mini Stapler) Light Blue,Rp125.000,125000.0
pengikat-perekat,Kertas Thermal Sticker/Label A6 Roll Size 100x150mm,Rp71.800,71800.0
pengikat-perekat,"【Paket 3 Gulungan】NIIMBOT D110/D11/D11_H/D110_M/D101 Stiker Label Putih/Transparan, Stiker Label Nama dan Harga",Rp234.900,234900.0
pengikat-perekat,TRG OPP Tape Solasi Selotip Bening 12mm Ekonomis - Isolasi Solatip 1/2 Inch Murah Lengket TRG,Rp2.268,2268.0
pengikat-perekat,Stiker Pack Aestetik Vintage | Murah | Retro,Rp20.000,20000.0
pengikat-perekat,WELLEN PRINT - Sticker Stiker Label Nama Bumbu Dapur Pantry Toples Wadah Botol Jar peralatan,Rp12.000,12000.0
pengikat-perekat,Master Sampul Mika Emboss 46x300cm 46 x 300 cm Buku Plastik Stationery,Rp24.500,24500.0
pengikat-perekat,Bundling 2 pcs Macs Lem Cair Bening Clear Glue Press Roll On 50 gram,Rp20.500,20500.0
pengikat-perekat,Sticker Sheet Custom | Sticker Deco Planner Custom,Rp22.000,22000.0
pengikat-perekat,Stiker Natal - Sticker Christmas - Stiker Deco Natal Christmas,Rp20.000,20000.0
pengikat-perekat,(SIF096) STIKER toples eid lebaran idulfitri TURKIYE CERIA(uk 7x14cm),Rp38.500,38500.0
pengikat-perekat,FLYHOME Lakban warna putih 72 yard 6 roll 48mm x 72yard 2inchi ECO,Rp49.200,49200.0
pengikat-perekat,"Label Sticker Barcode 100x100mm Semicoated 500Pcs Core 1"" untuk resi pengiriman (Cetak Pakai Wax Ribbon)",Rp72.000,72000.0
pengikat-perekat,"Kertas Label Pembekuan untuk Mesin Label NIIMBOT B1/B21/B3S/B21PRO/B31, Cocok untuk Penggunaan di Kulkas, Label Makanan Tahan Suhu Dingin, Kertas Label Berkualitas Ramah Lingkungan",Rp98.000,98000.0
pengikat-perekat,Scotch 3M Selotip Isolasi Lakban Bening Kecil 500L Transparan 24mmx66M,Rp46.700,46700.0
pengikat-perekat,UGREEN Pelindung Kabel Spiral Wrap Pelindung Kabel Listrik Komputer Charger Cable Zipper Organizer Tube 1.5M 5M,Rp55.000,55000.0
pengikat-perekat,ISOLASI 1/2 X 10 GOLD TAPE PAC,Rp1.000,1000.0
pengikat-perekat,Scotch 198 Super Hold Tape Dispenser Isolasi solatip bening kuat,Rp42.800,42800.0
pengikat-perekat,Daiso Magnetic Clip Large,Rp33.000,33000.0
pengikat-perekat,BIG Binder Clip Klip Penjepit Kertas 200 BC-200 Besi Hitam Berkualitas,Rp21.100,21100.0
pengikat-perekat,FLYHOME Lakban bening coklat 2inci 100yard 48x100 yard 1 dus 72 rolls,Rp554.000,554000.0
pengikat-perekat,"Direct Thermal Sticker , Kertas Label Stiker BLUEPRINT 55 x 20 , 55x20 mm 1 Line - 10 Roll",Rp102.750,102750.0
pengikat-perekat,Diton Banten - Diton Masking Tape (48 mm x 21 m),Rp22.500,22500.0
pengikat-perekat,"Mesin Jilid Lem Panas Semi Automatic WD-40A Ukuran A3 - Softcover Hardcover Kualitas Premium / Penerbit ( Mesin Binding untuk jilid percetakan, fotocopy )",Rp8.359.000,8359000.0
pengikat-perekat,Isi Stapler Besar / Staples / Hekter / Steples Besar / Necis No.23/10 (1210) / 23/13 (1213) / 23/15 (1215) / 23/17 (1217),Rp5.800,5800.0
pengikat-perekat,MAX Isi Stapler Staples Hekter Cekrekan No. 3 - PAK,Rp124.000,124000.0
pengikat-perekat,GLUE STICK GS-09 8GR JOYKO TMBOOKSTORE,Rp5.000,5000.0
pengikat-perekat,"GOLDTAPE Plakban Lakban bening OPP Core Merah 2 inch 48mm/ X 90 Yard, Bening/ Cokelat - LUSIN",Rp162.000,162000.0
pengikat-perekat,TRIGONAL CLIP NO. 1 KENKO,Rp3.500,3500.0
pengikat-perekat,FLYHOME Lakban bening 1 dus 100yard 48mm x 100yard 72 roll ECO Instan,Rp583.000,583000.0
pengikat-perekat,Stiker UV DTF | Sticker UV Decal | Sticker UV Timbul,Rp200.000,200000.0
pengikat-perekat,"NIIMBOT M2 Stiker Label Harga Perhiasan, Label Gelang Giok, Label Harga Jam Tangan",Rp87.000,87000.0
pengikat-perekat,Capricorn Design Sticker Label / Stiker Toples Lebaran isi 1 - SLT 014,Rp1.900,1900.0
pengikat-perekat,Label Barcode Thermal 40 x 30 mm 40x30mm Stiker Thermal,Rp18.000,18000.0
pengikat-perekat,(BELT BESAR KIRAN IF023) label idulfitri untuk kotak (48 cm x 6.5 cm),Rp38.500,38500.0
pengikat-perekat,Hang Tag Natal - Hang Tag Christmas - Hang Tag Label - Hang Tag Parcel,Rp36.000,36000.0
pengikat-perekat,Isi Staples Joyko [No.10-1M/20 Box] / Refill Stapler / Isi Staples,Rp30.450,30450.0
pengikat-perekat,Lakban Kertas Davis 2 inch Tape(berkualitas),Rp13.905,13905.0
pengikat-perekat,FLYHOME Lakban jilid/kain merah 2inci 48mm x 10meter 1 roll cloth tape,Rp11.500,11500.0
pengikat-perekat,Cetak Label Stiker Chromo + Die Cut / Potong Sesuai Pola,Rp12.000,12000.0
pengikat-perekat,FLYHOME Lakban jilid/kain 10meter 1/2 dus 48mm x 10m 36 rol cloth tape,Rp414.000,414000.0
pengikat-perekat,Stiker Imlek Sticker Chinese New Year | Stiker Imlek Premium Hologram,Rp36.000,36000.0
pengikat-perekat,Lem Glue Joyko 50 mL [GL-R50/12 pcs] / Perekat Kertas Super [1 pack],Rp53.500,53500.0
pengikat-perekat,"NIIMBOT H1S Printer Label 15x7.5M Kertas Berkelanjutan, Label Perekat Termal Non-Stiker untuk Penandaan dan Klasifikasi",Rp98.000,98000.0
pengikat-perekat,Kertas Label Ukuran Besar NIIMBOT B3S/B31 Tahan Air Minyak dan Sobek Cocok untuk Penggunaan Kantor dan Rumah,Rp87.000,87000.0
pengikat-perekat,Kertas Label Termal Bulat Warna Anti Air Anti Minyak Anti Robek untuk Niimbot B1/B21/B3S/B203/B21PRO/B31,Rp98.000,98000.0
pengikat-perekat,ISOLASI SEDANG NACHI PAC | Perekat Kado | Perekat Kertas | Alat Packing Kado | TMBOOKSTORE,Rp2.000,2000.0
pengikat-perekat,Lakban Safety Grip 5cm x 5m Tape Anti Slip Kuat Tebal PVC Silika Taff,Rp50.000,50000.0
pengikat-perekat,Label Harga Joyko 2 Baris - Price Label Joyko LB-P2LN,Rp4.024,4024.0
pengikat-perekat,Cetak Sticker Craft / Stiker Label Kraft / Lebel Kertas Coklat Custom,Rp100,100.0
pengikat-perekat,Cetak Sticker Label Kraft A3+ Include Cutting,Rp8.000,8000.0
pengikat-perekat,SDI 1224 Isi Staples Jilid 23/24 Heavy Duty,Rp39.950,39950.0
pengikat-perekat,SDI 1111 Durable Stapler No.10 / Stapler Tahan Lama,Rp32.350,32350.0
pengikat-perekat,KENKO Binder Clip 111 - Pack,Rp8.000,8000.0
pengikat-perekat,Sticker Kertas Label Thermal 40x30mm isi 100pcs Tinggal Tempel,Rp2.500,2500.0
pengikat-perekat,Trigonal Clip Jumbo Joyko No.5 - Paper Clip Joyko No 5 - Klip Kertas Joyko,Rp5.187,5187.0
pengikat-perekat,Refill Staples Max No. 10 - Isi Hekter Stapler Stepler Jepretan Kecil,Rp3.847,3847.0
pengikat-perekat,Refill Staples Etona 23/8 23/10 23/13 23/15 23/17 - Isi Hekter Stapler Stepler Jepretan Tembak Gun Tacker,Rp13.724,13724.0
pengikat-perekat,Kab. Tangerang,Rp31.280,31280.0
pengikat-perekat,5M Double Tape Kain Dua Sisi Tanpa Bekas / Selotip Isolasi 2 Sisi / Lem Serba Guna / Lakban Kain Dua Sisi,Rp4.999,4999.0
pengikat-perekat,"Hanya untuk Mesin B21Pro - Kertas cetak foto khusus NIIMBOT B21Pro, kertas foto cetak sendiri, buku panduan kartu kecil anti air, gambar sederhana, komik pendidikan awal, kertas kartu tulisan tangan, kertas label stiker berperekat",Rp87.000,87000.0
pengikat-perekat,GLUE GL-R50 JOYKO TMBOOKSTORE,Rp6.000,6000.0
pengikat-perekat,GLUE STICK WHITE A20210 DELI,Rp11.500,11500.0
pengikat-perekat,Capricorn Design Sticker Pack Label Motif Bear STR 001,Rp11.500,11500.0
pengikat-perekat,Brother Ptouch Label Tape TZE-251 24mm Black on white 244mm TZE251,Rp355.000,355000.0
pengikat-perekat,Max Stapler HD-10XS (Mini Stapler) Light Blue,Rp125.000,125000.0
pengikat-perekat,Lakban Kertas Davis 2 inch Tape(berkualitas),Rp13.905,13905.0
pengikat-perekat,"Kertas Label Pembekuan untuk Mesin Label NIIMBOT B1/B21/B3S/B21PRO/B31, Cocok untuk Penggunaan di Kulkas, Label Makanan Tahan Suhu Dingin, Kertas Label Berkualitas Ramah Lingkungan",Rp98.000,98000.0
pengikat-perekat,Scotch 3M Selotip Isolasi Lakban Bening Kecil 500L Transparan 24mmx66M,Rp46.700,46700.0
pengikat-perekat,UGREEN Pelindung Kabel Spiral Wrap Pelindung Kabel Listrik Komputer Charger Cable Zipper Organizer Tube 1.5M 5M,Rp55.000,55000.0
pengikat-perekat,ISOLASI SEDANG NACHI PAC | Perekat Kado | Perekat Kertas | Alat Packing Kado | TMBOOKSTORE,Rp2.000,2000.0
pengikat-perekat,"Direct Thermal Sticker , Kertas Label Stiker BLUEPRINT 55 x 20 , 55x20 mm 1 Line - 10 Roll",Rp102.750,102750.0
pengikat-perekat,FLYHOME Lakban bening coklat 2inci 100yard 48x100 yard 1 dus 72 rolls,Rp554.000,554000.0
pengikat-perekat,Daiso Magnetic Clip Large,Rp33.000,33000.0
pengikat-perekat,Scotch 198 Super Hold Tape Dispenser Isolasi solatip bening kuat,Rp42.800,42800.0
pengikat-perekat,BIG Binder Clip Klip Penjepit Kertas 200 BC-200 Besi Hitam Berkualitas,Rp21.100,21100.0
pengikat-perekat,Diton Banten - Diton Masking Tape (48 mm x 21 m),Rp22.500,22500.0
pengikat-perekat,"Mesin Jilid Lem Panas Semi Automatic WD-40A Ukuran A3 - Softcover Hardcover Kualitas Premium / Penerbit ( Mesin Binding untuk jilid percetakan, fotocopy )",Rp8.359.000,8359000.0
pengikat-perekat,Isi Stapler Besar / Staples / Hekter / Steples Besar / Necis No.23/10 (1210) / 23/13 (1213) / 23/15 (1215) / 23/17 (1217),Rp5.800,5800.0
pengikat-perekat,ISOLASI 1/2 X 10 GOLD TAPE PAC,Rp1.000,1000.0
pengikat-perekat,GLUE STICK GS-09 8GR JOYKO TMBOOKSTORE,Rp5.000,5000.0
pengikat-perekat,FLYHOME Lakban bening 1 dus 100yard 48mm x 100yard 72 roll ECO Instan,Rp583.000,583000.0
pengikat-perekat,TRIGONAL CLIP NO. 1 KENKO,Rp3.500,3500.0
pengikat-perekat,"GOLDTAPE Plakban Lakban bening OPP Core Merah 2 inch 48mm/ X 90 Yard, Bening/ Cokelat - LUSIN",Rp162.000,162000.0
pengikat-perekat,MAX Isi Stapler Staples Hekter Cekrekan No. 3 - PAK,Rp124.000,124000.0
pengikat-perekat,Stiker UV DTF | Sticker UV Decal | Sticker UV Timbul,Rp200.000,200000.0
pengikat-perekat,CASTA Lem Anti Bocor Tembok Atap 200g/500g Abu-abu Kering 2 Jam Basah Boleh Suntik Nosel Super Elastis Cocok Retak Dak Cor Genteng Toilet Kolam Renang Talang Pipa Ubin Anti Rembes Praktis Tahan Lama Awet,Rp51.333,51333.0
pengikat-perekat,ATK0071 20ml UHU lem uhu cair all purpose adhesive glue paper kertas,Rp44.899,44899.0
pengikat-perekat,38x75mm no.121 Label Tom and Jerry stiker undangan Tom n ATK1026TJ,Rp11.138,11138.0
pengikat-perekat,Bill Holder Capitan Nota Stainless Receipt Holder Penjepit Kertas Bon Bill Tab Grabber,Rp120.000,120000.0
pengikat-perekat,Ezren 2.0CM Isolatif Antipanas Kopten Perekat Elektronik BGA Tape,Rp28.710,28710.0
pengikat-perekat,KRISBOW DOUBLE TAPE 2.5X100 CM,Rp13.800,13800.0
pengikat-perekat,Scotch 3M Selotip Isolasi Lakban Bening Kecil 500M Transparan 12mmx66M,Rp14.400,14400.0
pengikat-perekat,Stiker Pack PSG Paris saint Germain Club| Murah,Rp20.000,20000.0
pengikat-perekat,(SN028 / SN029) stiker Hey You lucu (isi 32 stiker),Rp38.500,38500.0
pengikat-perekat,Ugreen Wire Lind Hook White-20365,Rp20.131,20131.0
pengikat-perekat,Daimaru Masking Tape Lakban Kertas 12Mm X 21M 0.5 Inch x 6 Pcs - Solasi Kertas Serbaguna,Rp34.650,34650.0
pengikat-perekat,PLATO KABEL Strap Pengikat Tali Kabel Klip Tees tis,Rp30.000,30000.0
pengikat-perekat,Cetak Sticker Label Chromo / Bontax A3+ Include Die-Cut,Rp12.000,12000.0
pengikat-perekat,Hang Tag New Year - Hang Tag Tahun Baru 2021 - Custom Dengan Logo,Rp36.000,36000.0
pengikat-perekat,FLYHOME Lakban online shop 72yard 6 roll tk hijau 48mm x 72yard ECO,Rp53.400,53400.0
pengikat-perekat,Master Sampul Mika 25x500cm Roll 25 x 500 cm Buku Plastik,Rp20.500,20500.0
pengikat-perekat,ESCO Stapler Besar / Stepler / Jepretan / Hekter EP-50,Rp33.210,33210.0
pengikat-perekat,Velcro Perekat Kabel 10M x 1CM FO/FIBER OPTIK,Rp16.500,16500.0
pengikat-perekat,[90 pcs] Stiker Nama Alat Tulis Sekolah GISS01-05 by Grafichs,Rp29.500,29500.0
pengikat-perekat,Kertas Stiker Label T&J 114 Warna - Adhesive Label Sticker Tom Jerry,Rp14.222,14222.0
pengikat-perekat,Cable Tie Hitam Putih 15 20 25 30 cm - Kabel Ties Ripet Rifet Tis Pengikat 15cm 20cm 25cm 30cm 1 Pak Isi 100,Rp11.633,11633.0
pengikat-perekat,ARTLINE XSTAMPER QUIX Stempel Berbagai Media QPTM-Q946R2/ QN41,Rp115.548,115548.0
pengikat-perekat,Cernit texture sheet lembar tekstur clay lembar cetak ukir clay grey,Rp142.000,142000.0
pengikat-perekat,Kabel Winder Nylon Blended Clip Earphone Holder Cord Black CABLETIME,Rp20.000,20000.0
pengikat-perekat,Cetak Stiker Vinyl | Stiker Vinyl Transparan | Stiker Vinyl,Rp9.000,9000.0
pengikat-perekat,"NIIMBOT B21/B3S/B1/B31 Label Nama Kertas Cetak Transparan, Stiker Tanda Klasifikasi Rumah Tangga",Rp129.000,129000.0
pengikat-perekat,Benex Binder Clip Benex 15 mm Small Size Edisi Paper Clip & Penjepit Kertas No 105 Original,Rp2.805,2805.0
pengikat-perekat,Lem Kertas Cair Joyko [GL-0507/50 ml/1 Pcs] Perekat Bening Glue Stik,Rp6.750,6750.0
pengikat-perekat,"ARTLINE Bantalan Stempel Sidik Jari Finger Print Pad EFP-40, 41.7mm, Hitam - PCS",Rp95.000,95000.0
pengikat-perekat,TTS DAIMARU Lakban Sayur Isolasi Fresh Vegetable Solatip Hidroponik,Rp4.880,4880.0
pengikat-perekat,Lem Kertas Povinal Original [75 mL] / Perekat Kertas Stik Slime Super,Rp8.500,8500.0
pengikat-perekat,ARTLINE XSTAMPER QUIX Stempel QPTL-QE38R-U/ Q53,Rp266.000,266000.0
pengikat-perekat,"Kertas Thermal Kertas Struk Kasir PPOB BLUEPRINT 57 x 47 , 57x47 mm - 1 Roll",Rp6.825,6825.0
pengikat-perekat,"KERTAS THERMAL BLUEPRINT LITE 57x47mm , 57x47os",Rp4.700,4700.0
pengikat-perekat,LABU KABOCA 1100 GR,Rp40.680,40680.0
pengikat-perekat,Daiso Magnetic Clip Medium,Rp33.000,33000.0
pengikat-perekat,Pita Tarik POM 32 LAZY 2 Warna Decoration Fresh Flower Packaging Plastic Pull Flowers Gift,Rp3.990,3990.0
pengikat-perekat,1 KG Refill Isi Ulang Lem Tembak Diameter 7mm panjang 19 cm,Rp76.000,76000.0
pengikat-perekat,Pita Tarik Pom 50mm Metalik Kombinasi Matte 50 mm MET,Rp5.200,5200.0
pengikat-perekat,WIXEL H1 Cable Clip Organizer 5 Slot Silicone Penjepit Perapih Kabel Managemen Silikon Jepitan Klip,Rp22.500,22500.0
pengikat-perekat,Max Stapler HD-10XS (Mini Stapler) Light Blue,Rp125.000,125000.0
pengikat-perekat,[90 pcs] Stiker Nama Alat Tulis Sekolah GISS21-25 by Grafichs,Rp29.500,29500.0
pengikat-perekat,GLUE STICK WHITE A20210 DELI,Rp11.500,11500.0
pengikat-perekat,Stapler / hekter / staples Max HD-10G Anti Slip Beige,Rp47.000,47000.0
pengikat-perekat,Capricorn Design Sticker Pack Label Motif Bear STR 001,Rp11.500,11500.0
pengikat-perekat,Niimbot B21_Pro Dedicated Thermal Cardboard Label Thermal Photo Label Sticker Notebook stickers,Rp98.000,98000.0
pengikat-perekat,"200CM Painter Masking Tape – Resistan Terhadap Solvent & Asam, Dapat Menempel di Logam, Kayu & Plastik 【TOPSLINGS】",Rp9.000,9000.0
pengikat-perekat,Stiker Deco Spring Stiker untuk Notebook by bukuqu,Rp7.000,7000.0
pengikat-perekat,Joyko Loop Pin Label Tag Tali Hang Tag Penanda Label LPN-1~2,Rp9.880,9880.0
pengikat-perekat,UGREEN Kabel Klip Organizer Penjepit Kabel Wire Holder Perapih Kabel,Rp50.000,50000.0
pengikat-perekat,Torch Velcro Cable Organizer Pengikat Kabel Isi 6,Rp48.000,48000.0
pengikat-perekat,MAX Stapler HD-10G Charcoal Gray,Rp47.000,47000.0
pengikat-perekat,MAX Stapler HD-10 Magenta,Rp31.000,31000.0
pengikat-perekat,MAX Staples No.1210FA-H / Isi Staples Meja,Rp30.800,30800.0
pengikat-perekat,LABU KABOCA 1100 GR,Rp61.680,61680.0
pengikat-perekat,( BELT 32 x 3.5cm LEBARAN) sleve selongsong toples jar 400 (isi 22),Rp38.500,38500.0
pengikat-perekat,Inone Binder Clips Klip Penjepit Kertas Stainless Steel Motif Monokrom Hitam Putih Isi 6 PCS,Rp39.900,39900.0
pengikat-perekat,Vention Kabel Organizer Cable Manager Organizer Cable Clip Holder 5 Line Ports - KBRB0,Rp25.400,25400.0
pengikat-perekat,(BELT NETRAL05) karton pita HIJAU untuk toples box (47 cm x 1 cm),Rp38.500,38500.0
pengikat-perekat,Deli Triangle Paper Clip Penjepit Sudut Kertas 40 Lembar A4 QJ8530 Plastik Klip,Rp18.900,18900.0
pengikat-perekat,Ugreen Spiral Cable Zipper Organizer Tube 0.25m x 5m (30820),Rp95.878,95878.0
pengikat-perekat,hololive production travel collection made in Indonesia edition Sticker - Mini characters,Rp28.000,28000.0
pengikat-perekat,Master Sampul Mika Kwarto Sealing Lipat Sampul Buku Sampul Plastik,Rp23.000,23000.0
pengikat-perekat,(SIF150) Stiker idul fitri lebaran FALAH untuk toples paperbag dus toples kue persegi panjang iamcili [32 pcs],Rp38.500,38500.0
pengikat-perekat,NIIMBOT Stiker warna tahan air dan tahan minyak untuk name tag anak,Rp98.000,98000.0
pengikat-perekat,Label Undangan Transparan 121 Tom & Jerry / T&J Transparant Sticker,Rp15.850,15850.0
pengikat-perekat,Essager Strap Cable Organizer Winder Cord 5pcs Pengikat Kabel Nylon Ties,Rp10.500,10500.0
pengikat-perekat,NACHI ISOLASI TRANSPARANT12MM x 72YR,Rp19.250,19250.0
pengikat-perekat,Aksesoren Stapler Kenko Besar [HD-50N] Stepler Staples Steples Hekter,Rp28.750,28750.0
pengikat-perekat,Capricorn Design Sticker Pack Label Motif Animal STR 003,Rp11.500,11500.0
pengikat-perekat,Lem Fox PVAc Plastik Merah Sachet 350gr - Multipurpose Glue Serbaguna Kayu Kertas Kerajinan 350 gr,Rp20.293,20293.0
pengikat-perekat,GREEBEL STAPLER HD-10N /Staples/Cekrekan /Jegrekan/Stepler/jepretan kapasitas 16 kertas,Rp28.550,28550.0
pengikat-perekat,Capricorn Design Tag Kado Natal isi 1 – Gift Tag / Hang Tag Christmas Estetik HTC 094 Kertas Note,Rp1.500,1500.0
pengikat-perekat,Brother Ptouch Label Tape TZE-221 9mm Black on White TZE221 Resmi,Rp278.000,278000.0
pengikat-perekat,JOYKO DOUBLE TAPE 12 MM X 15 YARD,Rp17.500,17500.0
pengikat-perekat,Cute Society DIY Deco Stickers - Stiker Lucu,Rp9.425,9425.0
pengikat-perekat,Lem Stik Kecil Joyko 8g - Glue Stick Joyko 8g GS-112,Rp5.636,5636.0
pengikat-perekat,MOLLAR KT-25100 Kabel Ties 2.5 x 100 mm Biru 10 cm Tali Pengikat Nylon Cable Tie,Rp4.000,4000.0
pengikat-perekat,Lem Super Glue Quick Bond 3gr Multi Purpose Instant Adhesive,Rp5.286,5286.0
pengikat-perekat,Lem Aibon 25gr - Lem AA-Bon HH Kecil - Lem Kuning AA Bon,Rp3.646,3646.0
pengikat-perekat,Liquid Glue Lem Cair Joyko GL-R50 50ml - Lem Multipurpose Serbaguna,Rp3.558,3558.0
pengikat-perekat,Capricorn Design Sticker Box Label Christmas Natal isi 1 - SNB 004,Rp1.900,1900.0
pengikat-perekat,Cetak Sticker Pack Custom,Rp1.875,1875.0
pengikat-perekat,Liquid Glue Lem Cair Joyko GL-R125 125ml - Lem Multipurpose Serbaguna,Rp7.779,7779.0
pengikat-perekat,Refill Staples Etona No. 3 - Isi Hekter Stapler Stepler Jepretan Besar 24/6,Rp4.189,4189.0
pengikat-perekat,Isolasi Daimaru Bening [12 mm] / Selotip Lakban Besar Clear,Rp5.900,5900.0
pengikat-perekat,"NACHI Lakban Kertas Kraft Tape 1 inch/ 24mm, 2 Inch/ 48mm, Coklat - LUSIN",Rp79.200,79200.0
pengikat-perekat,"NATIONAL Lakban Plakban Core Merah 2 inch/ 48mm X 100 Yard, Bening/ Cokelat - LUSIN",Rp132.000,132000.0
pengikat-perekat,Stapler Office-P Compact Mini Pink Op-5150,Rp16.900,16900.0
pengikat-perekat,Tom&Jerry Label 119,Rp9.500,9500.0
pengikat-perekat,Daiichi Dcs Clear Sleeves A4 1 Pop Clear Dcs05A4200001,Rp3.500,3500.0
pengikat-perekat,"NIIMBOT D101 Kertas label termal transparan, kertas cetak label harga tahan air, klasifikasi, penandaan, stiker harga",Rp129.000,129000.0
pengikat-perekat,Aksesoren Perlengkapan Alat Label Joyko [MX-5500M/1 Baris] / Mesin Label + Kertas Label + Tinta / Mesin Cetak Label Harga,Rp109.900,109900.0
pengikat-perekat,"Pita Emas/Perak 1-1/2"" 4cm (Gold/Silver Ribbon 1,5 inch) Per ROLL",Rp10.850,10850.0
pengikat-perekat,"TAPE CUTTER DISPENSER PEMOTONG LAKBAN 2"" TC-2",Rp12.518,12518.0
pengikat-perekat,"Kertas Label Motif Bunga Khusus NIIMBOT B1/B21/B3S/B21PRO/B31, Tahan Air & Gores, Cetak Barcode dengan Teknologi Thermal Transfer",Rp98.000,98000.0
pengikat-perekat,Sign Ruang Mushola Akrilik + Sticker Simbol Tempel - INPI HOUSE,Rp35.000,35000.0
pengikat-perekat,Sign Mind Your Head Kayu + Sticker Hitam Putih Instalasi Tempel - INPI HOUSE,Rp37.000,37000.0
pengikat-perekat,Niimbot B31/B3S Stiker Label Termal Tahan Air Tanggal Produksi Makanan Kertas Sensitif Panas Perekat Tahan Minyak & Gores,Rp87.000,87000.0
pengikat-perekat,JOYROOM ZS422 Magnetic Organizer Silicone Cable Ties,Rp169.000,169000.0
pengikat-perekat,Daimaru OPP Color Tape Ungu Muda Lavender 48mm x 90Y Waterproof Strong Adhesive Eco-Friendly Recyclable Lakban Berkualitas Dari Produsen Terpercaya,Rp18.500,18500.0
pengikat-perekat,krisbow penggali lubang 137 cm,Rp367.300,367300.0
pengikat-perekat,Bantex Stapler / Jepretan 24/6 & 26/6 Muat 25 Lembar Anti-Slip BD6611,Rp39.000,39000.0
pengikat-perekat,Bantex Jepretan No. 10 / Hekter / Stapler Pegangan Lembut Anti Selip Muat 15 Lembar BD6526,Rp28.000,28000.0
pengikat-perekat,Deli Nusign Glue Stick / Lem Stick 15g Cepat Kering Warna Hitam NS193,Rp11.500,11500.0
pengikat-perekat,Max Stapler HD-10XS (Mini Stapler) Light Blue,Rp125.000,125000.0
pengikat-perekat,[90 pcs] Stiker Nama Alat Tulis Sekolah GISS21-25 by Grafichs,Rp29.500,29500.0
pengikat-perekat,GLUE STICK WHITE A20210 DELI,Rp11.500,11500.0
pengikat-perekat,Stapler / hekter / staples Max HD-10G Anti Slip Beige,Rp47.000,47000.0
pengikat-perekat,Capricorn Design Sticker Pack Label Motif Bear STR 001,Rp11.500,11500.0
pengikat-perekat,Bantex Alat Mesin Label Harga / Price Label Gun / Pembuat Harga 8 Digit / 10 Digit BD261X,Rp99.000,99000.0
pengikat-perekat,"Kertas Label Indeks Termal untuk Mesin Label NIIMBOT B1/B21/B3S/B21PRO/B31, Cocok untuk Pengelolaan Dokumen dan Penggunaan Kantor, Kertas Label Berkualitas Ramah Lingkungan",Rp98.000,98000.0
pengikat-perekat,GORILLA 10.9 ML LEM ORIGINAL CLEAR,Rp208.900,208900.0
pengikat-perekat,AZKO Gorilla Set 150 Pcs Lem Permanen Dot Gorilla,Rp126.400,126400.0
pengikat-perekat,TOYO CLOTH TAPE / LAKBAN KAIN 48 MM X 15 M,Rp24.600,24600.0
pengikat-perekat,ATARU TAPE DISPENSER - SILVER,Rp34.400,34400.0
pengikat-perekat,JOYKO Binder Clip Klip Penjepit Kertas 105DR~260DR 1 Drum Matte Surface,Rp13.300,13300.0
pengikat-perekat,COKELAT BESAR lakban SKS 45mm plakban 90 yard coklat ATK1147SK,Rp18.500,18500.0
pengikat-perekat,25mm isi 4 Binder Clip Paper Klip Penjepit Kertas 8486 DELI ATK0979DL,Rp11.888,11888.0
pengikat-perekat,BESAR lakban SKS 45mm plakban transparant 90 yard bening ATK1115SK,Rp18.500,18500.0
pengikat-perekat,BULAT 8mm MIX Warna no.97 Label Tom and Jerry Color DOT ATK1431TJ,Rp15.394,15394.0
pengikat-perekat,Niimbot 2 Rolls B1/B21/B3S Transparent Label Sticker Name Sticker Waterproof Oil Proof No Glue Residue Label Paper For B1/B21/B3S Printer,Rp232.200,232200.0
pengikat-perekat,BULAT 17mm no.115 Label Tom and Jerry stiker Jerry sticker ATK1336TJ,Rp11.138,11138.0
pengikat-perekat,BULAT 8mm Warna no.97 Label Tom and Jerry FLUORESCENT ATK1427TJ,Rp16.384,16384.0
pengikat-perekat,Niimbot Stiker Label Hewan Imut B21/B1/B3S/B31 Tahan Air & Gores Kertas Termal Seri Warna Solid untuk Rumah & Komersial,Rp98.000,98000.0
pengikat-perekat,LEM DEXTONE EPOXY ADHESIVES 5 MENIT UNTUK BODY PLASTIK BESI DLL 12 G,Rp16.599,16599.0
pengikat-perekat,Ezren 1.2CM Isolatif Antipanas Kopten Perekat Elektronik BGA Tape,Rp17.460,17460.0
pengikat-perekat,Niimbot D11/D110/D101/H1S/D11H/D110M Stiker Kertas Label Termal Tahan Air Tahan Minyak Dan Tahan Air Mata Putih Murni,Rp87.000,87000.0
pengikat-perekat,Capricorn Design Sticker Label / Stiker Toples Lebaran isi 1 - SLT 004,Rp1.900,1900.0
pengikat-perekat,BLITZ Lakban OPP Bening 45 mm x 90 Yard Adhesive Tape Selotip Perekat Lem Isolasi,Rp11.000,11000.0
pengikat-perekat,KERTAS THERMAL LABEL STICKER BARCODE 40x30 mm Isi 800 Pcs Tanpa Tinta,Rp31.500,31500.0
pengikat-perekat,FLYHOME Fragile merah 100 yard 48mm x 100yard 2 inchi 6 roll ECO,Rp69.000,69000.0
pengikat-perekat,Deli Triangle Clip / Paper Clip / Penjepit Sudut Kertas Kapasitas 40 Lembar A4 QJ8530 Klip Plastik,Rp18.900,18900.0
pengikat-perekat,(SIF154) Stiker idul fitri lebaran AMINA(SEAL) untuk toples paperbag dus kotak iamcili diameter 7cm [25 pcs],Rp38.500,38500.0
pengikat-perekat,(SIF098) STIKER toples eid lebaran idulfitri NAUREEN CASTLE ( 7x14 cm),Rp38.500,38500.0
pengikat-perekat,Kab. Bandung,Rp15.000,15000.0
pengikat-perekat,Cetak Sticker Vinyl Meteran Indoor Outdoor,Rp72.000,72000.0
pengikat-perekat,(SN20)Stiker thankyou putih 7x2.5 cm untuk seal box paperbag,Rp38.500,38500.0
pengikat-perekat,BASEUS STRAP ORGANIZER PENGIKAT KABEL SERBA GUNA HOOK & LOOP TIES,Rp35.000,35000.0
pengikat-perekat,Cetak Stiker Vinyl Include Cutting | Lem Ekstra +++,Rp12.500,12500.0
pengikat-perekat,Maped Pembolong Kertas Universal Metal Punch (4 holes),Rp128.100,128100.0
pengikat-perekat,Macs Lem Cair Bening Clear Glue Press Roll On 50 gram,Rp8.000,8000.0
pengikat-perekat,Ring Mata Ayam Hang Tag 1 pcs ring.,Rp200,200.0
pengikat-perekat,Staples Remover Joyko SR-51 - Remover Hekter Stepler Stapler Joyko,Rp8.355,8355.0
pengikat-perekat,TRG Molang Sumikko Gurashi Diary Deco Stickers - Stiker Tempel Lucu TRG,Rp7.500,7500.0
pengikat-perekat,JOYKO Glue Stick Lem Batang GS-132 8gr,Rp4.100,4100.0
pengikat-perekat,Isi Refill Staples Joyko [No. 3-1M] / Stapler / Hekter Silver [24/6],Rp4.750,4750.0
pengikat-perekat,NIIMBOT B21/B1/B3S/B31 Stiker label kartun lucu baru untuk makanan panggang dapur kertas cetak label tahan air dan tahan minyak,Rp98.000,98000.0
pengikat-perekat,Sticker label Barcode Semicoated 50x20 mm 2 Line BLUEPRINT Stiker Semi Coated 50 x 20 x 2 Line - 1 Roll,Rp69.000,69000.0
pengikat-perekat,FLYHOME Lakban coklat 100yard 45mmx100 yard 2inchi 6 roll ECO,Rp47.400,47400.0
pengikat-perekat,Cetak Stiker | Print Sticker Label Metallic Silver Gold A3+ KISS CUT,Rp17.000,17000.0
pengikat-perekat,NIIMBOT D11 D110 D101 D11-H D110M Pure Colour Series Thermal Label Stickers,Rp98.000,98000.0
pengikat-perekat,Liquid Glue Lem Cair Joyko GL-506 GL-0509 GL-0510 7ml 20ml 35ml - Lem Multipurpose Serbaguna 7 20 35 ml,Rp5.621,5621.0
pengikat-perekat,Lem Minyak Tahan Air Lem Kuat Perekat Sepatu Stone Specific Adhesive Precise Dispensing Penetrating Deep into Gaps untuk Kualitas Terbaik,Rp31.280,31280.0
pengikat-perekat,Plastik Laminasi Dingin Hologram A6 RAINBOW COLORFULL,Rp12.000,12000.0
pengikat-perekat,SILENTX Kabel Strap Pengikat Perapih Organizer Hook & Loop Cable Tie Ties Reusable,Rp2.250,2250.0
pengikat-perekat,CETAK STIKER BOTOL PACKAGING TRANSPARAN TINTA PUTIH MURAH,Rp634,634.0
pengikat-perekat,AIMO Satin Ribbon Label Thermal for P12 Pro Pita Satin Label Tape Refill 12mm X 2m,Rp139.000,139000.0
pengikat-perekat,Invisible Tape Pita Perekat Kertas Invisibel Joyko IVT-601 18mm x 33M,Rp6.800,6800.0
pengikat-perekat,Pita Tarik Pom Metalik Embos 50mm,Rp5.200,5200.0
pengikat-perekat,Pita Tarik Pom Glitter 32mm / Metalik Gliter RIBBON 32 mm,Rp4.300,4300.0
pengikat-perekat,Daimaru Masking Lakban Kertas / Solasi 2 Inch 48mm x 21m (32 Pcs) Lakban Kertas,Rp589.050,589050.0
pengikat-perekat,WIXEL H5 Magrip Magnetic Cable Clip Organizer Holder 5 Slot Silicone Penjepit Perapih Kabel Magnet Managemen Silikon Jepitan Klip Putih,Rp65.000,65000.0
pengikat-perekat,"Niimbot B21Pro exclusive red and black label paper, price labels, logistics labels, certificate labels, waterproof label sticker",Rp98.000,98000.0
pengikat-perekat,FLYHOME Fragile putih 100yard 2inci 48mm x 100yard 1 roll 100 yard ECO,Rp11.500,11500.0
pengikat-perekat,LABEL BIRU NO. 107 TOM & JERRY TPP,Rp11.000,11000.0
pengikat-perekat,Max stapler HD-10TLK Green,Rp205.000,205000.0
pengikat-perekat,MAX Vaimo 80 / Stapler Penjepit 80 lembar,Rp1.135.000,1135000.0
pengikat-perekat,MAX Stapler HD-10 Orange / HD10 / Stapler,Rp31.000,31000.0
pengikat-perekat,MAX Staples No.2115-1/4 (Staples Pabrik dan Blister Card),Rp12.125,12125.0
pengikat-perekat,Max Stapler HD-10XS (Mini Stapler) Light Blue,Rp125.000,125000.0
pengikat-perekat,Brother Ptouch Label Tape TZE-251 24mm Black on white 244mm TZE251,Rp355.000,355000.0
pengikat-perekat,[90 pcs] Stiker Nama Alat Tulis Sekolah GISS21-25 by Grafichs,Rp29.500,29500.0
pengikat-perekat,[20 pcs] Stiker Label Custom Nama Buku Sekolah Anak SN43 - SN50 by Grafichs,Rp19.500,19500.0
pengikat-perekat,GLUE STICK WHITE A20210 DELI,Rp11.500,11500.0
pengikat-perekat,Max stapler HD-10TLK Black,Rp205.000,205000.0
pengikat-perekat,KENMASTER LEM POWER GLUE KNMTR,Rp5.830,5830.0
pengikat-perekat,KENMASTER LEM POWER GLUE KNMTR,Rp6.300,6300.0
pengikat-perekat,KENKO PLAKBAN OPP BENING,Rp45.990,45990.0
pengikat-perekat,Sticker Segitiga 800091 CF POSH,Rp66.000,66000.0
pengikat-perekat,MAX Isi Staples nomor 10-1M (PACK),Rp100.000,100000.0
pengikat-perekat,Master Sampul Coklat Kwarto Lipat Motif Buku Kertas Kopi Quarto,Rp20.000,20000.0
pengikat-perekat,Lem Serbaguna dan Prakarya UHU All Purpose 60ml,Rp42.400,42400.0
pengikat-perekat,"Label Sticker Barcode 100x150mm Semicoated 375pcs Core 3"" untuk resi pengiriman (Cetak Pakai Wax Ribbon)",Rp77.000,77000.0
pengikat-perekat,UHU All Purpose Adhesive 7 ml Lem Serbaguna dan Prakarya,Rp11.200,11200.0
pengikat-perekat,Deli Pembolong Kertas / 2-Hole Punch Kapasitas 20 Lembar E0102 Alat Metal Stationery,Rp54.900,54900.0
pengikat-perekat,(SIF092) STIKER toples eid lebaran idulfitri TIGAGERBANG (uk 7x14cm),Rp38.500,38500.0
pengikat-perekat,Lakban Jilid Hitam Kain Joyko 48mm - Cloth Tape 2 Inch 48 mm Lengket,Rp18.333,18333.0
pengikat-perekat,Tape Cutter Tape Dispenser Alat Pemotong Pita Lakban Perekat Joyko TD-2H,Rp53.497,53497.0
pengikat-perekat,Capricorn Design Sticker Pack Label Motif Strawberry Cake STR 012,Rp11.500,11500.0
pengikat-perekat,KENMASTER LEM POWER GLUE GENERAL,Rp10.580,10580.0
pengikat-perekat,Penjepit Kertas Klip Joyko No 200 [1 Box/12 pcs] / Binder Clips / Paper Clip,Rp18.500,18500.0
pengikat-perekat,done handymade deco part bintang star deco part aksesoris tempel dp124,Rp2.000,2000.0
pengikat-perekat,Joyko Glue Stick Refill Lem Bakar Isi Lem Tembak GSR-109~113 6 PCS,Rp8.550,8550.0
pengikat-perekat,Capricorn Design Tag Kado Natal isi 1 Varian 2 – Gift Tag / Hang Tag Christmas Estetik Kertas Tali,Rp6.500,6500.0
pengikat-perekat,FLYHOME Fragile merah 72yard 36 roll 48mm x 72yard lakban Fragle ECO,Rp316.800,316800.0
pengikat-perekat,[11-23 pcs] Stiker dan Kartu Haji Umroh SR08 - SR13 by Grafichs,Rp15.000,15000.0
pengikat-perekat,ZRM K-25 Glue Stick 25g / Lem Batang 25g,Rp6.650,6650.0
pengikat-perekat,KENKO - pn-30 color push pins - paku pin warna isi 30,Rp5.750,5750.0
pengikat-perekat,ESSAGER Pengikat Perekat Kabel Data Charger Eaphone Cable Perapih Ties Strap Organizer Wire Winder,Rp9.000,9000.0
pengikat-perekat,[11-23 pcs] Stiker Label Segel Box Kemasan Packaging SB08 - SB13 by Grafichs,Rp15.000,15000.0
pengikat-perekat,NIIMBOT B21/B1/B3S Stiker Label Warna Lucu Kertas Label Tahan Air,Rp98.000,98000.0
pengikat-perekat,Lem Cair Kertas Povinal 112 75ml - Liquid Glue Sedang Tanggung 75 ml,Rp7.840,7840.0
pengikat-perekat,WELLEN PRINT - Cetak Sticker Label botol Gold custom / print stiker Kemasan Kopi,Rp960,960.0
pengikat-perekat,Kertas Stiker Koala Nomor 103 - Label Sticker Paper No 103 Untuk Undangan Harga Buku Pelajaran Isi 10 Lembar,Rp6.172,6172.0
pengikat-perekat,Isolasi Daimaru Bening [12 mm] / Selotip Lakban Besar Clear,Rp5.900,5900.0
pengikat-perekat,"Kertas Label Pena NIIMBOT D11/D110/D101/H1S/D11H/D110M, Tahan Air dan Gores, Cetak Barcode dengan Teknologi Thermal Transfer",Rp98.000,98000.0
pengikat-perekat,"NIIMBOT B21/B1/B3SB31 Stiker pencetakan warna kertas label termal, label harga produk kode batang kertas klasifikasi tanda penyimpanan stiker label kehidupan kantor tahan air dan anti gores",Rp98.000,98000.0
pengikat-perekat,Direct Thermal Sticker Label RESI Online Shop BLUEPRINT 100x150 mm 1 Line 300 Pcs,Rp38.900,38900.0
pengikat-perekat,"NACHI Lakban Kertas Masking Tape 0.5 inch/ 12mm, 1 inch/ 24mm, 2 inch/ 48mm X 20 Yard - LUSIN",Rp43.200,43200.0
pengikat-perekat,Cable Management / Penutup Kabel / Duct Kabel UT WIRE 10 FT CORD CHANNEL UTWCC1001,Rp226.000,226000.0
pengikat-perekat,"Stiker Deco Alphabet Stickers untuk Notebook, Planner by bukuqu",Rp7.000,7000.0
pengikat-perekat,Uhu All Purpose No.12 20Ml,Rp26.600,26600.0
pengikat-perekat,Sdi Stapler 1193,Rp83.500,83500.0
pengikat-perekat,Panfix C.Tape 1/2 X 72,Rp27.500,27500.0
pengikat-perekat,Niimbot D11/D110/D101/H1S/D11H/D110M Wire Label Stiker Jaringan Kabel Printer,Rp98.000,98000.0
pengikat-perekat,NACHI OPP DOUBLE SIDE 24MM X 60R,Rp18.740,18740.0
pengikat-perekat,Sign Packages Here Akrilik + Sticker Putih Outdoor - INPI HOUSE,Rp69.000,69000.0
pengikat-perekat,CLOTH TAPE BLACK 36MM/12Y BLUE CORE KENKO,Rp16.000,16000.0
pengikat-perekat,Niimbot D101 Stiker Label Termal Bulat Tahan Air Minyak Sobek untuk Nama Kertas Label Kehidupan Seri Warna Solid,Rp98.000,98000.0
pengikat-perekat,Daimaru OPP Lakban Bening 24mm x 100M Daya Rekat Kuat Non-Toxic untuk Pengepakan Barang dan Segel Dus,Rp10.500,10500.0
pengikat-perekat,Daimaru OPP Tape Blue 48mm x 90Y Lakban Plastik Biru Single Side Adhesive 45 Micron untuk Pengepakan Segel Dus Eco-Friendly & Recyclable,Rp18.500,18500.0
pengikat-perekat,Daimaru Cloth Tape Black 24mm x 12M isi 12Pcs Lakban Kain Hitam Kuat Serbaguna Untuk Repair Penjilidan Kebutuhan Kantor,Rp112.500,112500.0
pengikat-perekat,Double Sided Nano Tape Joyko NDST-5 20mm - Perekat Transparan Dua Sisi,Rp7.527,7527.0
pengikat-perekat,Lem Stik Kecil Joyko GS-09 8gr - Glue Stick Joyko 8 gr,Rp3.087,3087.0
pengikat-perekat,Bantex Binder Clip / Penjepit Kertas 105 - 260 Classic Black | Ukuran 15 - 51 mm | Box Isi 12 Pcs Stationery,Rp22.000,22000.0
pengikat-perekat,Tinta Stempel Xantri Original 10ml Waterproof Anti Air Permanen Stamp Ink Cap Stempel Flash Permanent Biru Hijau Merah Hitam Merah Muda,Rp16.000,16000.0
pengikat-perekat,Label Tom and Jerry 5mm WARNA no 96 BULAT FLUORESCENT stiker sticker jery circle 5 mm jery tomjery tomjerry no.96 ATK1619TJ,Rp16.384,16384.0
pengikat-perekat,15mm MIX Bulat FLUORESCENT Tom n Jerry label stiker sticker ATK1506TJ,Rp12.424,12424.0
pengikat-perekat,120pcs Reward Sticker Tom n Jerry stiker label SW 61 anak ATK1511TJ,Rp13.216,13216.0
pengikat-perekat,520pcs HEART Reward Sticker Tom n Jerry stiker label warna ATK1164TJ,Rp14.404,14404.0
pengikat-perekat,Label Tape Original Brother TZE 251 TZE-521 24mm Black on White Casette Lmainated Printer PTD600 PTE500 PTE550W PTH500LI PTP700 New,Rp390.500,390500.0
pengikat-perekat,GORILLA SELOTIP TAHAN AIR PATCH & SEAL - HITAM,Rp296.900,296900.0
pengikat-perekat,FORHOM PEREKAT SERBAGUNA HOOK & LOOP - PUTIH,Rp34.900,34900.0
pengikat-perekat,GORILLA 74 ML SEALANT HD CONSTRUCTION,Rp149.400,149400.0
pengikat-perekat,Max Stapler HD-10XS (Mini Stapler) Light Blue,Rp125.000,125000.0
pengikat-perekat,Brother Ptouch Label Tape TZE-251 24mm Black on white 244mm TZE251,Rp355.000,355000.0
pengikat-perekat,[90 pcs] Stiker Nama Alat Tulis Sekolah GISS21-25 by Grafichs,Rp29.500,29500.0
pengikat-perekat,[20 pcs] Stiker Label Custom Nama Buku Sekolah Anak SN43 - SN50 by Grafichs,Rp19.500,19500.0
pengikat-perekat,GLUE STICK WHITE A20210 DELI,Rp11.500,11500.0
pengikat-perekat,"GOLDTAPE Lakban Plakban OPP Core Hijau 2 inch/ 48mm X 80 Yard, Bening/ Cokelat - DUS",Rp763.200,763200.0
pengikat-perekat,Label Tape Tze Casette 9mm 12mm 18mm 24mm 36mm Black on Yellow / White,Rp29.500,29500.0
pengikat-perekat,FLYHOME Lakban bening coklat 2inci 90yard 48x90yard 1 dus 72 roll CARGO,Rp496.000,496000.0
pengikat-perekat,Ezren 2.5CM Isolatif Antipanas Kopten Perekat Elektronik BGA Tape,Rp35.145,35145.0
pengikat-perekat,Kertas Thermal 80x40 mm Kasir Struk Paper Roll POS Receipt Printer,Rp11.000,11000.0
pengikat-perekat,Kain Jala Warna,Rp10.780,10780.0
pengikat-perekat,Nachi Tape Solasi Selotip Bening 24mm - Isolasi Nachi 1 Inch x 72 Yard,Rp11.858,11858.0
pengikat-perekat,Lem Colek Kertas Serbaguna Dlukol Ukuran Besar,Rp10.798,10798.0
pengikat-perekat,3M VHB Double Tape Automotive 4900 Lem Perekat Mobil Size 24mm x 4.5m,Rp58.000,58000.0
pengikat-perekat,Sunwell Stapler Mini Stepler Jepretan ST-10 Mini,Rp10.300,10300.0
pengikat-perekat,Stiker Pack The Simpsons series| Murah,Rp19.400,19400.0
pengikat-perekat,Print Stiker Hologram A3+ | Cutting | Tgm Merch,Rp14.500,14500.0
pengikat-perekat,UHU All Purpose Twist & Glue 90 ml Lem Cair,Rp57.600,57600.0
pengikat-perekat,Deli E38561 Office Consumable/Binder Klip-Binder Clips 51mm Stationery,Rp30.900,30900.0
pengikat-perekat,[Alfamidi LINK]Stapler set stapler mini aesthetic Stapler Mini Portabel Kotak unik lucu mini isi 7pcs,Rp44.900,44900.0
pengikat-perekat,FLYHOME Fragile unboxing 72yard 6 roll 45mm x 72yard lakban segel ECO,Rp50.400,50400.0
pengikat-perekat,(SN027) Stiker MINI Thank You GOLD,Rp38.500,38500.0
pengikat-perekat,Niimbot Kertas Label Termal B1 B21 B3S B31 Tahan Air & Minyak untuk Dapur Kulkas Klasifikasi Makanan Rumah Tangga,Rp87.000,87000.0
pengikat-perekat,GREEBEL Isi Staples T 10 / Isi Stapler / Isi Jepretan / Isi Necis Stapler Hekter / Refill Stapler ATK Office,Rp27.050,27050.0
pengikat-perekat,GREEBEL Stapler Stepler Jepretan (HP-15),Rp77.350,77350.0
pengikat-perekat,Sticker Wedding / Sangjit / Engagement / shuang xi bulat stiker buah,Rp24.900,24900.0
pengikat-perekat,Done handymade gilding glue lem gilding sheet lembar metallic lem foil,Rp19.900,19900.0
pengikat-perekat,[20 pcs] Stiker Label Custom Nama Buku Sekolah Anak by Grafichs SN35 - SN42,Rp19.500,19500.0
pengikat-perekat,Cetak Kipas Souvenir Custom Bahan PET/PVC,Rp5.000,5000.0
pengikat-perekat,Daiso Paper Clip -With Case - Cat - 28mm - 1.10in - 22g - 0.77oz-,Rp33.000,33000.0
pengikat-perekat,Label Stiker Fragile Jangan dibanting 80x110 BLUEPRINT FG505 isi 200,Rp31.200,31200.0
pengikat-perekat,Stiker Label Putih Niimbot D110/D11/D101 Stiker Sakelar Stiker Nama Tahan Air,Rp87.000,87000.0
pengikat-perekat,Glue Stick Lem Batang Joyko GS-122 8~15gr,Rp2.700,2700.0
pengikat-perekat,DIRECT THERMAL STICKER LABEL BLUEPRINT 60mm X 40mm X 1 Line,Rp25.100,25100.0
pengikat-perekat,[33-60 pcs] Stiker Nama Alat Tulis Sekolah GISS51-60 by Grafichs,Rp29.500,29500.0
pengikat-perekat,Pita Tarik Pom Organdi 50mm Kain Kaca Metalik Organza RIBBON 50 mm,Rp4.800,4800.0
pengikat-perekat,Sticker Reflective / Scotlight Merah Putih mobil truck box 1 Rol 36m,Rp250.000,250000.0
pengikat-perekat,Vention Kabel Velcro Strap TIE Reusable Cable Ties Winder Protector Velcro Organizer Velcro Strap 3 Meter - KAABI,Rp25.000,25000.0
pengikat-perekat,Stiker Deco Blue Color untuk Notebook by bukuqu,Rp7.000,7000.0
pengikat-perekat,IKEA ALFTA Selotip Dua Sisi Serbaguna Isi 4pcs,Rp49.900,49900.0
pengikat-perekat,Niimbot N1 Kertas Label Termal Warna Tahan Air Tahan Minyak Tahan Sobek,Rp98.000,98000.0
pengikat-perekat,[Alfamidi LINK] Penutup kabel lantai karet pvc Cable Organizer 1/3/5 meter Cable protector Dapat dipotong pengatur kabel penyimpanan,Rp19.500,19500.0
pengikat-perekat,Capricorn Design Sticker Label / Stiker Toples Lebaran isi 1 - SLT 016,Rp1.900,1900.0
pengikat-perekat,Direct Thermal Sticker 78 x 60 BLUEPRINT Kertas Label Stiker 78x60 mm Isi 400 - 1 Roll,Rp34.500,34500.0
pengikat-perekat,Nano Double Tape Perekat 2 sisi NDST-7 Joyko,Rp13.050,13050.0
pengikat-perekat,Capricorn Design Gift Tag / Hang Tag Valentine Isi 20 - HTV022,Rp19.900,19900.0
pengikat-perekat,Capricorn Design Tag Kado Natal isi 20 pcs Varian 3 – Gift Tag / Hang Tag Christmas Estetik Kertas Tali,Rp43.300,43300.0
pengikat-perekat,Sticker Dagadu Edisi Sulawesi,Rp15.000,15000.0
pengikat-perekat,Capricorn Design Gift Tag / Hang Tag Christmas isi 1 - HTC 095,Rp1.500,1500.0
pengikat-perekat,Stapler Besar Joyko [HD-30] / Staples / Cekrekan / Hekter HD30,Rp39.750,39750.0
pengikat-perekat,UGREEN 80199 Hanger Hooks Gantungan Kabel Kunci Klip Car Organizer,Rp40.000,40000.0
pengikat-perekat,Date Stamp Joyko S-69 - Cap Stempel Tanggal Received Joyko,Rp15.488,15488.0
pengikat-perekat,Capricorn Design Gift Tag Natal isi 20 – Hang Tag Christmas Tag Kado Natal HTC 079 Kertas Note,Rp19.900,19900.0
pengikat-perekat,Brother Ptouch Label Tape TZE-251 24mm Black on white 244mm TZE251,Rp355.000,355000.0
pengikat-perekat,Double Tape Side Daimaru [12 mm/1 pcs] / Lakban Isolasi Selotip Dobel Tip,Rp6.500,6500.0
pengikat-perekat,Cetak Sticker Label Chromo / Bontax A3+,Rp5.500,5500.0
pengikat-perekat,"SDI 0200 Klip Kertas / Spring Clip / Bulldog Clip Stainless Steel 3"" 1pcs",Rp9.650,9650.0
pengikat-perekat,NIIMBOT D11 D110 D110_M D11_H D101 Stiker label termal berwarna tahan air kantor belajar di rumah klasifikasi menandai kertas cetak,Rp98.000,98000.0
pengikat-perekat,Niimbot N1 Label Putih Dapat Dicetak Dengan Berbagai Warna Font,Rp87.000,87000.0
pengikat-perekat,Binder Klip / Klip Kertas Metal Hitam 105 107 111 155 200 260 SDI penjepit,Rp7.850,7850.0
pengikat-perekat,FLYHOME Lakban Coklat 100 yard 48mm x 100yard 2 inch 1 Roll ECO,Rp8.300,8300.0
pengikat-perekat,Paku Payung Pines Thumb Tacks,Rp2.028,2028.0
pengikat-perekat,Capricorn Design Sticker Box Label Christmas Natal isi 1 - SNB 001,Rp1.900,1900.0
pengikat-perekat,Double Sided Nano Tape Joyko NDST-6 20mm - Perekat Transparan Dua Sisi,Rp5.640,5640.0
pengikat-perekat,Plastik ID Card Matte / Sarung PVC Card Doff,Rp500,500.0
pengikat-perekat,Asaba Stationery- Penjepit Kertas MAX HK-P550 CLIP,Rp65.000,65000.0
pengikat-perekat,Brother Ptouch Label Tape TZE-531 12mm Black on Blue TZE531 Resmi,Rp256.000,256000.0
pengikat-perekat,Stapler / hekter / staples Max HD-10G Anti Slip Beige,Rp47.000,47000.0
pengikat-perekat,[20 pcs] Hang Tag GIHB01-05 by Grafichs,Rp17.500,17500.0
pengikat-perekat,MAX Staples No.2115-1/4 (Staples Pabrik dan Blister Card),Rp12.125,12125.0
pengikat-perekat,"Daimaru Tape Segel PAID THANK YOU 19mm x 50M 8Pcs (Semua Warna, 8 Warna)",Rp54.000,54000.0
pengikat-perekat,FLYHOME Lakban bening coklat 45x100yard 2inchi 36roll ukuran FULL 83M 1/2dus,Rp284.400,284400.0
pengikat-perekat,"NIIMBOT B21/B1/B3S/B31 Stiker Harga Perhiasan, Cocok untuk Mencetak Label Harga pada Kalung dan Cincin",Rp234.900,234900.0
pengikat-perekat,Kertas Thermal 80x40 mm Kasir Struk Paper Roll POS Receipt Printer,Rp11.000,11000.0
pengikat-perekat,3M VHB Double Tape Automotive 4900 Lem Perekat Mobil Size 24mm x 4.5m,Rp58.000,58000.0
pengikat-perekat,Sunwell Stapler Mini Stepler Jepretan ST-10 Mini,Rp10.300,10300.0
pengikat-perekat,Stiker Pack The Simpsons series| Murah,Rp19.400,19400.0
pengikat-perekat,Print Stiker Hologram A3+ | Cutting | Tgm Merch,Rp14.500,14500.0
pengikat-perekat,(SN027) Stiker MINI Thank You GOLD,Rp38.500,38500.0
pengikat-perekat,[20 pcs] Stiker Label Custom Nama Buku Sekolah Anak by Grafichs SN35 - SN42,Rp19.500,19500.0
pengikat-perekat,Niimbot Kertas Label Termal B1 B21 B3S B31 Tahan Air & Minyak untuk Dapur Kulkas Klasifikasi Makanan Rumah Tangga,Rp87.000,87000.0
pengikat-perekat,Label Stiker Fragile Jangan dibanting 80x110 BLUEPRINT FG505 isi 200,Rp31.200,31200.0
pengikat-perekat,Stiker Label Putih Niimbot D110/D11/D101 Stiker Sakelar Stiker Nama Tahan Air,Rp87.000,87000.0
pengikat-perekat,Daiso Paper Clip -With Case - Cat - 28mm - 1.10in - 22g - 0.77oz-,Rp33.000,33000.0
pengikat-perekat,Cetak Kipas Souvenir Custom Bahan PET/PVC,Rp5.000,5000.0
pengikat-perekat,Double Sided Nano Tape Joyko NDST-6 20mm - Perekat Transparan Dua Sisi,Rp5.640,5640.0
pengikat-perekat,Plastik ID Card Matte / Sarung PVC Card Doff,Rp500,500.0
pengikat-perekat,[33-60 pcs] Stiker Nama Alat Tulis Sekolah GISS51-60 by Grafichs,Rp29.500,29500.0
pengikat-perekat,DIRECT THERMAL STICKER LABEL BLUEPRINT 60mm X 40mm X 1 Line,Rp25.100,25100.0
pengikat-perekat,Pita Tarik Pom Organdi 50mm Kain Kaca Metalik Organza RIBBON 50 mm,Rp4.800,4800.0
pengikat-perekat,Glue Stick Lem Batang Joyko GS-122 8~15gr,Rp2.700,2700.0
pengikat-perekat,Sticker Reflective / Scotlight Merah Putih mobil truck box 1 Rol 36m,Rp250.000,250000.0
pengikat-perekat,Niimbot N1 Kertas Label Termal Warna Tahan Air Tahan Minyak Tahan Sobek,Rp98.000,98000.0
pengikat-perekat,IKEA ALFTA Selotip Dua Sisi Serbaguna Isi 4pcs,Rp49.900,49900.0
pengikat-perekat,Vention Kabel Velcro Strap TIE Reusable Cable Ties Winder Protector Velcro Organizer Velcro Strap 3 Meter - KAABI,Rp25.000,25000.0
pengikat-perekat,QUEEN Strap Cable Organizer Winder Cord 50pcs Pengikat Kabel Nylon Ties Perapi Kabel,Rp18.000,18000.0
pengikat-perekat,Bantex Mini Stapler (Including Staples no.10) Pink 9330 19,Rp28.000,28000.0
pengikat-perekat,Bantex Pembolong Kertas 4 Lubang / Punch / Perforator Muat 10 Lembar BD6444,Rp169.000,169000.0
pengikat-perekat,Bantex Packing Tape FRAGILE / Lakban Pecah Belah Warna Putih Kuat Hemat dan Efisien BH280X,Rp11.000,11000.0
pengikat-perekat,Bantex Stamp Pad / Bantalan Stempel Kosong & Pilihan Tinta 40cc Cepat Kering BD25XX,Rp9.000,9000.0
pengikat-perekat,Alat Pistol Lem Tembak Kecil V-Tec VT-600 25 Watt - Hot Melt Glue Gun VTec 25W,Rp40.070,40070.0
pengikat-perekat,Kertas Label Stiker Thermal Barcode A6 100x150mm Isi 150/200/250/500,Rp48.500,48500.0
pengikat-perekat,Label Tape Casette Xantri Black On Yellow 12mm X 8mm TZE631 TZE 631 Black On White 12mm X 8mm TZE 231 Laminated Printer Bro GL100 PT CUBE PTD200 PTD210 PTD215e PTE100,Rp29.000,29000.0
pengikat-perekat,"Kertas Segel Garansi Ukuran A4 Polos 1 lembar, Stiker Security Warranty Bahan Pecah Telur Lembaran Paper Segel Size A4 untuk Stiker Garansi Warranty Polos lembar Good Quality",Rp9.500,9500.0
pengikat-perekat,Label Tape Brother Original 9mm Black on White TZE-221 TZE 221 Casette Laminated Printer L100 PT CUBE PTD200 PTD210 PTD215e PTE100 New,Rp266.000,266000.0
pengikat-perekat,MAXBUILT 2.5 CMX1.5 MTR ISOLASI MOUNTING TAPE EXTREME - MERAH,Rp80.400,80400.0
pengikat-perekat,MAXBUILT 4.8 CMX5 MTR ISOLASI ANTI SLIP PVC - HITAM/KUNING,Rp74.700,74700.0
pengikat-perekat,BEANABELL Paku Payung Warna Warni Thumb Tacks Colorful Push Pin Pines 1 Box isi 100,Rp14.550,14550.0
pengikat-perekat,"Kertas Label Transparan untuk Mesin Label NIIMBOT D11/D110/D101/H1S/D11H/D110M, Kertas Label Termal Berkualitas Tinggi untuk Pengelolaan Produk dan Dokumen",Rp129.000,129000.0
pengikat-perekat,Daimaru OPP Tape SAT 24mm x 72 Yard Selotip Lakban Bening Transparan kuat,Rp8.500,8500.0
pengikat-perekat,TRG Lakban Isolasi Kertas 1/2 Inch 12mm x 20 Yard - Masking Tape Tebal Murah Lengket 12 mm TRG,Rp4.376,4376.0
pengikat-perekat,150/300PCS Stiker Label Kabel Penanda Kabel Jaringan Cable Anti Air Dan Minyak Stiker Label,Rp12.900,12900.0
pengikat-perekat,Max stapler HD-10TLK Black,Rp205.000,205000.0
pengikat-perekat,LABU KABOCA 1100-1200 GRAM,Rp40.680,40680.0
pengikat-perekat,KENKO PLAKBAN OPP BENING,Rp47.400,47400.0
pengikat-perekat,Alat Pistol Lem Tembak Kecil V-Tec VT-MG220 20 Watt - Hot Melt Glue Gun VTec 20W,Rp26.587,26587.0
pengikat-perekat,Sticker HVS | Sticker Label Alamat Pengiriman | Sticker Bisa Ditulis,Rp6.000,6000.0
pengikat-perekat,Max stapler HD-10TLK Green,Rp205.000,205000.0
pengikat-perekat,NIIMBOT D11/D110/D11_H/D110_M/D101 Stiker Label Pola Bunga Lucu Stiker Label Nama Klasifikasi Taman Kertas cetak tahan air dan anti gores,Rp98.000,98000.0
pengikat-perekat,CABLETIME Kabel Winder Ties Nylon Blended with Buckle isi 5pcs CV02,Rp23.400,23400.0
pengikat-perekat,Niimbot N1 Satin Ribbon Waterproof Oil Proof Thermal Transfer Label Carbon Ribbon Set Suit for N1 Printer,Rp139.000,139000.0
pengikat-perekat,Stapler Max HD-50 - Stepler Jepretan Hekter Besar Max,Rp74.965,74965.0
pengikat-perekat,"Kertas Label Warna Solid Khusus NIIMBOT N1, Tahan Air & Gores, Cetak Barcode dengan Teknologi Thermal Transfer",Rp98.000,98000.0
pengikat-perekat,(SN11) stiker eatme untuk toples paperbag box kotak diameter 8cm (isi 32 stiker),Rp38.500,38500.0
pengikat-perekat,CABLETIME Kabel Winder Ties Nylon Blended with Buckle,Rp10.200,10200.0
pengikat-perekat,Macs Fun Bundle Lem Cair Bening dan Lem Putih Liquid Clear Glue 50 gr and White Glue 60 ml,Rp19.900,19900.0
pengikat-perekat,Kertas Label Termal Anti Air Anti Minyak Anti Robek Putih Murni Bentuk Bulat untuk Niimbot B1/B21/B3S/B203/B21PRO/B31,Rp87.000,87000.0
pengikat-perekat,GREEBEL Pembolong Kertas Pelubang Kertas / Paper Punch 480 (PCS),Rp35.450,35450.0
pengikat-perekat,"Double Foam Tape Busa DAIMARU 24mm x 5 meter Isolasi Perekat 1""inch",Rp11.880,11880.0
pengikat-perekat,Stapler Morandi Color Joyko ST-15 - Stepler Jepretan Hekter Kecil,Rp17.549,17549.0
pengikat-perekat,Asaba Stationery- Penjepit Kertas MAX HK-P550 CLIP,Rp65.000,65000.0
pengikat-perekat,Brother Ptouch Label Tape TZE-531 12mm Black on Blue TZE531 Resmi,Rp256.000,256000.0
pengikat-perekat,Stapler / hekter / staples Max HD-10G Anti Slip Beige,Rp47.000,47000.0
pengikat-perekat,[20 pcs] Hang Tag GIHB01-05 by Grafichs,Rp17.500,17500.0
pengikat-perekat,MAX Staples No.2115-1/4 (Staples Pabrik dan Blister Card),Rp12.125,12125.0
pengikat-perekat,(BELT 32 x 7cm LEBARAN) sleve selongsong toples kotak jar 600 (isi 18),Rp38.500,38500.0
pengikat-perekat,Sticker tulisan happy birthday label potong label cutting hadiah gift,Rp6.900,6900.0
pengikat-perekat,GREEBEL Isi Staples 24 / 6-1M / Isi Stapler / Isi Jepretan / Isi Necis Stapler / Refill Stapler / Isi Hekter Atk Office Supply,Rp9.650,9650.0
pengikat-perekat,GULUE GT-8000 Lem Servis Ponsel Gel Tahan Air untuk Layar Frame Casing & Back Cover dengan Daya Rekat Tinggi dan Hasil Rapi,Rp27.440,27440.0
pengikat-perekat,UGREEN 10PC Cable Organizer Pengikat Klip Kabel Data Cord Holder 20245,Rp10.000,10000.0
pengikat-perekat,[8-54 pcs] Stiker Bulat Kue Cookies GISK06-10 by Grafichs,Rp19.500,19500.0
pengikat-perekat,Capricorn Design Sticker Label / Stiker Toples Lebaran isi 1 - SLP 018,Rp2.900,2900.0
pengikat-perekat,ZRM Isi Staples No.3 24/6 / Refill Hekter Besar No.3 1 box,Rp2.500,2500.0
pengikat-perekat,Nano Double Sided Tape Pita Perekat Dua Sisi Joyko NDST-7,Rp13.600,13600.0
pengikat-perekat,Kertas Stiker Koala Nomor 113 - Label Sticker Paper No 113 Untuk Undangan Harga Buku Pelajaran Isi 10 Lembar,Rp6.172,6172.0
pengikat-perekat,MASKING TAPE WHITE 24MM X20Y 573961 ALLIGATOR TMBOOKSTORE,Rp6.500,6500.0
pengikat-perekat,MAX Isi Stapler Staples Hekter Cekrekan No.10 - PAK,Rp68.000,68000.0
pengikat-perekat,Niimbot N1 Label Kabel Dapat Dicetak Dengan Berbagai Warna Font,Rp87.000,87000.0
pengikat-perekat,Solasi Bening Coklat / Harmony Tape - Lakban Coklat Ukuran 45mm Dan 24mm / PB NON BOOK - PBNB,Rp9.600,9600.0
pengikat-perekat,OFFICE-PLUS PAPER.CLIP 31MM TRI 100731P,Rp9.900,9900.0
pengikat-perekat,Isi Refill Staples Kangaro [No.10-1M/1 Box] / Stapler / Cekrekan,Rp4.150,4150.0
pengikat-perekat,ARTLINE XSTAMPER QUIX Stempel QPTL-Q2269R-U/ Q18,Rp266.000,266000.0
pengikat-perekat,"Lem Sepatu Kuat 60ml, Perekat Fleksibel Tahan Air untuk Sol, Kulit, Kanvas & Berbagai Jenis Sepatu - GT320S Gulue",Rp25.400,25400.0
pengikat-perekat,Lem UHU Cair [20 mL] / Super Glue Perekat Untuk Merekatkan Kertas,Rp17.500,17500.0
pengikat-perekat,Sign Logo Storage Room Akrilik Hitam + Sticker - INPI HOUSE,Rp23.000,23000.0
pengikat-perekat,Sign Wash Hand Akrilik Hitam + Sticker - INPI HOUSE,Rp23.000,23000.0
pengikat-perekat,Sign Arah Panah Keluar Akrilik Stiker + 1 Set Baut Stainless - INPI HOUSE,Rp49.000,49000.0
pengikat-perekat,Sign No Pets Akrilik + Sticker Outdoor - INPI HOUSE,Rp35.000,35000.0
pengikat-perekat,Sign Peringatan Akrilik Hitam + Sticker - INPI HOUSE,Rp23.000,23000.0
pengikat-perekat,FLYHOME Lakban bening coklat 100yard 91METER 2inci 48x100 yard 1 dus 72Rolls ukuran ASLI CARGO,Rp624.000,624000.0
pengikat-perekat,PIONEER MIGHTY GASKET RED 30G - RTV Silikon Gasket Merah Suhu Tinggi,Rp35.000,35000.0
pengikat-perekat,Cetak Sticker Label Chromo A3+ | Stiker Chromo | Stiker Label,Rp7.000,7000.0
pengikat-perekat,Miniso x Harry Potter Raster Sticker Set Stiker Raster Stiker Buku Kulkas,Rp99.900,99900.0
pengikat-perekat,Kertas Thermal Sticker/Label A6 Roll Size 100x150mm,Rp71.800,71800.0
pengikat-perekat,Daimaru OPP Gray Tape Lakban Abu-abu 48mm x 90 Yard Lakban Plastik Daimaru OPP Tape dengan daya rekat kuat dan ketebalan 45 micron untuk keperluan rumah tangga atau kantor,Rp18.500,18500.0
pengikat-perekat,Daimaru Double Tape 48mm x 12Y Pita Perekat Kuat untuk Menyambung Kertas & Segel Amplop Double Side Adhesive Tidak Merusak Bentuk Kertas,Rp13.900,13900.0
pengikat-perekat,Daimaru OPP Lakban Bening Super Clear Tape 48mm x 50M Kualitas Terbaik Waterbase Non-toxic Material Eco-Friendly & Recyclable Lem Super Kuat 6 Pcs,Rp40.000,40000.0
pengikat-perekat,"GOLDTAPE Lakban Plakban OPP Core Biru 2 inch/ 48mm, Bening/ Coklat - DUS",Rp619.200,619200.0
pengikat-perekat,Kertas Label Termal Motif Bunga Anti Air Anti Minyak Anti Robek untuk Niimbot D11/D110/D101/H1S/D11H/D110M,Rp98.000,98000.0
pengikat-perekat,Label Stiker Thermal Barcode 60x40mm 1 Line Isi 500,Rp20.000,20000.0
pengikat-perekat,"Kertas Label Indeks Khusus NIIMBOT B1/B21/B3S/B21PRO/B31, Tahan Air dan Gores, Cetak Barcode dengan Teknologi Thermal Transfer",Rp98.000,98000.0
pengikat-perekat,NiiMBOT D11/D101/D110/H1S/D11H/D110M White Color Label Waterproof Paper Name Sticker,Rp87.000,87000.0
pengikat-perekat,Bantex Display Book / Clear Holder A4 40 Pocket Bahan PP Anti-Static Warna Klasik BF4104 Stationery,Rp35.000,35000.0
pengikat-perekat,Stiker Ulang Tahun | Stiker Ultah | Birthday Sticker | Birthday Gift,Rp25.000,25000.0
pengikat-perekat,KERTAS LABEL STICKER 2 line 33x19 mm 1000 pcs printer Label barcode,Rp15.200,15200.0
pengikat-perekat,"NIIMBOT M2 Kertas Label Folder, Stiker Samping Kotak File Aset Tetap, Stiker Label Klasifikasi Kantor",Rp98.000,98000.0
pengikat-perekat,"Niimbot D11/D110/D101 Stiker label termal bermotif kucing dan anjing kartun, tahan air, cocok untuk penggunaan di rumah dan sekolah, stiker nama.",Rp98.000,98000.0
pengikat-perekat,"[10 pcs] Stiker Round Top Tasyakur Kehamilan, Kelahiran, Khitan, Ulang Tahun, Rumah Baru, Ibadah Umroh GIST19-24 by Grafichs",Rp11.500,11500.0
pengikat-perekat,[20 pcs] Stiker Label Custom Nama Buku Sekolah Anak by Grafichs SN01 - SN08,Rp19.500,19500.0
pengikat-perekat,LABU KABOCA 1100-1200 GRAM,Rp40.680,40680.0
pengikat-perekat,NIIMBOT B21 B1 B3S B31 Stiker label termal warna lucu kertas label tahan air pembelajaran di rumah kehidupan klasifikasi tanda pencetakan stiker,Rp98.000,98000.0
pengikat-perekat,"NIIMBOT B21 / B1 / B3S/B31 Stiker label termal nama kartun, kertas cetak catatan label tahan air",Rp98.000,98000.0
pengikat-perekat,Direct Thermal Sticker 40 x 30 BLUEPRINT Label Stiker 40x30 mm 1 Roll,Rp25.500,25500.0
pengikat-perekat,"Kertas Thermal Struk Kertas Kasir PPOB BLUEPRINT 80 x 47 , 80x47 mm - 1 Roll",Rp10.525,10525.0
pengikat-perekat,Stiker Label Yupol 100 x 50 Semicoated BLUEPRINT Stiker Yupo 100x50 @500 - 1 Roll,Rp53.500,53500.0
pengikat-perekat,Label Stiker Fragile Jangan dibanting 80x110 BLUEPRINT FG503 isi 200,Rp31.200,31200.0
pengikat-perekat,FLYHOME Lakban coklat 1 dus 90 yard 45mm x 90yard 72 roll ECO Cargo,Rp473.000,473000.0
pengikat-perekat,Daiso Staples -With Case - Cat - No. 10 - 1000 Staples-,Rp22.000,22000.0
pengikat-perekat,Daiso Large Half-fold Signature Board -Pale blue-,Rp33.000,33000.0
pengikat-perekat,Liquid Glue Lem Cair Joyko GL-CL50 50ml - Lem Kertas Multipurpose Serbaguna,Rp5.929,5929.0
pengikat-perekat,SDI 1138 HD-50 Stapler No.3 Besar,Rp52.750,52750.0
pengikat-perekat,KERTAS THERMAL LABEL a6 mm STICKER LABEL 100MM 100X150 / 100X120 mm,Rp78.500,78500.0
pengikat-perekat,Binder Clip 107 Joyko - Clips Klip Penjepit Kertas Hitam Joyko,Rp3.248,3248.0
pengikat-perekat,Lem Glue Joyko 50 mL [GL-R50] / Perekat Kertas Super,Rp5.500,5500.0
pengikat-perekat,Vention KAC Kabel Winder Ties Nylon Blended with Buckle,Rp13.000,13000.0
pengikat-perekat,Deli E38561 Office Consumable/Binder Klip-Binder Clips 51mm Stationery,Rp30.900,30900.0
pengikat-perekat,Capricorn Design Sticker Toples Label Christmas Natal isi 1 - SNT 004,Rp1.900,1900.0
pengikat-perekat,JOYKO - Lem Kertas Glue Stick GS-116 Fancy Pastel - Pcs,Rp5.250,5250.0
pengikat-perekat,FLYHOME Fragile merah 72yard 48mm x 72yard 1 roll Lakban Fragile ECO,Rp8.800,8800.0
pengikat-perekat,Lakban Fragile Putih 45 x 72 Yard | Solasi Fragile,Rp8.800,8800.0
pengikat-perekat,MASKING TAPE WHITE 24MM X20Y 573961 ALLIGATOR TMBOOKSTORE,Rp6.500,6500.0
pengikat-perekat,MAX Isi Stapler Staples Hekter Cekrekan No.10 - PAK,Rp68.000,68000.0
pengikat-perekat,Bantex Display Book A4 / Clear Holder 60 Pocket PP Anti-Static Warna Klasik BF4105,Rp45.000,45000.0
pengikat-perekat,35x70mm no.127 Label Tom and Jerry stiker Jerry sticker ATK1334TJ,Rp11.138,11138.0
pengikat-perekat,Kertas Thermal Otani 57 x 48mm,Rp14.000,14000.0
pengikat-perekat,BULAT 32mm no.118 Label Tom and Jerry stiker Jerry sticker ATK1339TJ,Rp11.138,11138.0
pengikat-perekat,Label Tom and Jerry 22mm WARNA no 117 BULAT FLUORESCENT stiker sticker jery circle 22 mm no.117 ATK1572TJ,Rp16.384,16384.0
pengikat-perekat,50x100mm no.101 Label Tom and Jerry stiker Jerry sticker ATK1326TJ,Rp11.138,11138.0
pengikat-perekat,"Kertas Label Indeks Khusus NIIMBOT B1/B21/B3S/B21PRO/B31, Tahan Air dan Gores, Cetak Barcode dengan Teknologi Thermal Transfer",Rp98.000,98000.0
pengikat-perekat,Glue Tape Lem Pita Dua Sisi Double Sided Tape Roll Joyko GLTP-777,Rp16.121,16121.0
pengikat-perekat,LEM FOX LEM PUTIH LEM KAYU LEM KARTON LEM KAIN 600 GRAM,Rp23.000,23000.0
pengikat-perekat,Daimaru Kraft Tape 48mm x 15Y Lakban Kertas Coklat 12Pcs Single Side Adhesive untuk Pengemasan Barang dan Ekspor,Rp92.500,92500.0
pengikat-perekat,Stapler / Staples Max HD-10ML,Rp31.000,31000.0
pengikat-perekat,Cetak Stiker Label Vinyl Emas Metalize A3+ | Sticker Gold Label,Rp14.500,14500.0
pengikat-perekat,Asaba Stationery- Penjepit Kertas MAX HK-P550 CLIP,Rp65.000,65000.0
pengikat-perekat,LABEL TOM & JERRY 103 10 PCS - PACK,Rp18.550,18550.0
pengikat-perekat,Sticker Fragile Murah / Cetak Stiker Label Pengiriman Awas Pecah,Rp100,100.0
pengikat-perekat,Bambi Lakban Bening Jenis OPP Tape Lebar 48 mm Panjang 82 meter Original,Rp12.500,12500.0
pengikat-perekat,Capricorn Design Gift Tag / Hang Tag Valentine Isi 20 / HTV004,Rp19.900,19900.0
pengikat-perekat,FLYHOME Fragile merah 100yard 48mm x 100yard 2inchi 6r0ll 100 yard ECO,Rp69.000,69000.0
pengikat-perekat,NIIMBOT B21/B1/B3S Label Stiker Seri Warna Label Kue Label Makanan Label Harga,Rp98.000,98000.0
pengikat-perekat,Lakban Coklat Daimaru 48 MM x 109 Yard [1 Roll] / Solatip Cokelat Besar Original / Solasiban Coklat Jumbo Daimaru Asli / Isolasi Besar Alat Perekat Kardus Peralatan Packing 48mm x 100M / Selotip Super Kuat Daimaru,Rp17.150,17150.0
pengikat-perekat,NIIMBOT B1/B21/B3S Colorful Multi-Purpose Address Wedding Waterproof Label Sticker for Bottle Mason Jars Spice Food Container Kitchen organizing Storage,Rp98.000,98000.0
pengikat-perekat,Ribbon Wax Barcode Label 75x300m BLUEPRINT Thermal Transfer Ribbon,Rp31.200,31200.0
pengikat-perekat,PROMO LABEL BARCODE XPRINTER 50X20 (1LINE) LABEL THERMAL - isi 1000PC,Rp18.500,18500.0
pengikat-perekat,Sticker Imlek / Tempelan Sticker Toples Box Motif Imlek,Rp25.000,25000.0
pengikat-perekat,"NACHI Lakban Kertas Kraft Tape 1 inch 24mm, 2 Inch 48mm Coklat - Roll",Rp7.400,7400.0
pengikat-perekat,Lakban Jilid Kain Warna Warni Daimaru 48mm - Cloth Tape 2 Inch 48 mm Lengket,Rp24.434,24434.0
pengikat-perekat,Label Tape Black on Yellow White Tze Casette 9mm 12mm 18mm 24mm 36mm,Rp28.600,28600.0
pengikat-perekat,"Pita Satin MERAH PUTIH 1.5"" 4 cm Saten 1.5 Inch Kain Polos Souvenir Garmen Parcel Hampers Per ROLL",Rp17.900,17900.0
pengikat-perekat,"ARTLINE Lem Kertas Glue Stick EG-8 8gr, Biru - PCS",Rp10.500,10500.0
pengikat-perekat,Kabel Twist Tie Pengikat Serbaguna - kabel Kawat Pengikat Tanaman dll,Rp29.500,29500.0
pengikat-perekat,NACHI ISOLASI TRANSPARANT12MM x 72YR,Rp14.450,14450.0
pengikat-perekat,[ GIFT ] The Face Special Sticker Pack,Rp999.999,999999.0
pengikat-perekat,FLYHOME Lakban online shop 72yard 48mm x 72yard toko Orange 1 roll ECO,Rp8.900,8900.0
pengikat-perekat,Lem Cair Kertas Povinal 111 22ml - Liquid Glue Kecil 22 ml,Rp4.276,4276.0
pengikat-perekat,Sunwell Trigonal Paper Clip No. 3 - pack,Rp4.500,4500.0
pengikat-perekat,RakkiPanda Isolasi Solatip Tahan Panas Warna Hitam,Rp33.000,33000.0
pengikat-perekat,[11 pcs] Stiker Kartu Label Aqiqah Custom AQ01 - AQ06 by Grafichs,Rp9.900,9900.0
pengikat-perekat,NIIMBOT 2 Gulungan Kertas Label Bulat Persegi Putih Stiker Perekat Kertas Termal untuk Printer Label B1/B21/B3S/B31 Label Tahan Air,Rp156.600,156600.0
pengikat-perekat,TRANSPARENT FLAGS TJ-PENCIL TOM&JERRY PPW,Rp15.000,15000.0
pengikat-perekat,PUSH PIN PN-30 C/TR Perekat KENKO - Tmbookstore,Rp5.000,5000.0
pengikat-perekat,Capricorn Design Sticker Label / Stiker Toples Lebaran isi 1 - SLF 009,Rp2.900,2900.0
pengikat-perekat,Deli EA30011 Celotape/isolasi - Invisible Office Tape 18mm,Rp14.500,14500.0
pengikat-perekat,Master Paper Art Folio /10 Kertas Stationery,Rp16.900,16900.0
pengikat-perekat,Kertas Xantri Stiker Sticker HVS A4 Doff Putih Polos High Quality Inkjet,Rp35.500,35500.0
pengikat-perekat,Lem Stick Kecil 8.2gr UHU - Lem Stick UHU Kecil - Lem UHU Stick 8.2gr,Rp15.472,15472.0
pengikat-perekat,Multipurpose Glue Fox Putih Botol 150gr - Lem Serbaguna Untuk Kayu Kertas Kulit Kerajinan,Rp16.147,16147.0
pengikat-perekat,Brother Label Tape TZe-131 12mm Black On Clear / Catrigde TZe 131,Rp330.000,330000.0
pengikat-perekat,Lakban Kertas Joyko 2 Inchi [48 mm x 21 Meter] / Solasiban Kertas Jumbo / Masking Tape Besar / Isolasi / Solatip Untuk Cat / Selotip / Solatif Pembatas Cat Joyko,Rp23.500,23500.0
pengikat-perekat,Lem UHU Cair 20ml - Lem Perekat Serbaguna UHU All Purpose Adhesive Glue 20 ml,Rp21.468,21468.0
pengikat-perekat,COGHLANS HANDY DUCT TAPE MOUNTAINEERING,Rp19.500,19500.0
pengikat-perekat,[20 pcs] Stiker Nama Alat Tulis Sekolah GISS101-110 by Grafichs,Rp19.500,19500.0
pengikat-perekat,QUEEN Double Tape Perekat Stiker Double Side Adhesive Pem double,Rp10.500,10500.0
pengikat-perekat,"【Paket 3 Gulungan】NIIMBOT D110/D11/D11_H /D110_M/D101 Stiker Nama Kartun, Stiker Label Klasifikasi Berwarna Lucu",Rp264.600,264600.0
pengikat-perekat,Ollie Fun Time Mini Sticker Book - Stiker Lucu,Rp15.713,15713.0
pengikat-perekat,Penjepit Kertas Joyko [60 Pcs]/ Segitiga No.3/ Jepit Kertas Jumbo No.5,Rp7.750,7750.0
pengikat-perekat,MOLLAR KT-25150 Kabel Ties 2.5 x 150 mm Putih 15 cm Tali Pengikat Nylon Cable Tie,Rp6.000,6000.0
pengikat-perekat,Kertas Stiker Koala Nomor 108 - Label Sticker Paper No 108 Untuk Undangan Harga Buku Pelajaran Isi 10 Lembar,Rp6.172,6172.0
pengikat-perekat,Capricorn Design Sticker Label Idul Adha isi 1 - SLH005,Rp2.900,2900.0
pengikat-perekat,Deli E38561 Office Consumable/Binder Klip-Binder Clips 51mm Stationery,Rp30.900,30900.0
pengikat-perekat,Capricorn Design Sticker Toples Label Christmas Natal isi 1 - SNT 004,Rp1.900,1900.0
pengikat-perekat,JOYKO - Lem Kertas Glue Stick GS-116 Fancy Pastel - Pcs,Rp5.250,5250.0
pengikat-perekat,FLYHOME Fragile merah 72yard 48mm x 72yard 1 roll Lakban Fragile ECO,Rp8.800,8800.0
pengikat-perekat,Lakban Fragile Putih 45 x 72 Yard | Solasi Fragile,Rp8.800,8800.0
pengikat-perekat,Lem Fox Kuning Serbaguna 70gr 185gr 300gr 600gr - Lem HPL Vinyl Glue Kaleng Merah 70 185 300 600 gr,Rp17.186,17186.0
pengikat-perekat,SDI 1215 Isi Staples Jilid 23/15 Heavy Duty,Rp25.250,25250.0
pengikat-perekat,SDI 1217 Isi Staples Jilid 23/17 Heavy Duty,Rp26.850,26850.0
pengikat-perekat,SDI 1110 Mini Stapler No.10,Rp19.150,19150.0
pengikat-perekat,Capricorn Design Gift Tag Valentine Lucu Isi 1 Premium | Hang Tag Kado Romantis & Estetik - HTV 009,Rp1.500,1500.0
pengikat-perekat,Selotip Kecil Bening / Isolasi 1/2 x 10 Yard Nachi - ROLL,Rp3.750,3750.0
pengikat-perekat,A4 kertas stiker segel garansi pecah telur,Rp9.100,9100.0
pengikat-perekat,Paper Clips Joyko [C-3100] / Clip Kertas / Klip Penjepit [100 pcs],Rp6.900,6900.0
pengikat-perekat,Push Pins Transparent Joyko [PP-30TR] / Paku Pin Tusuk Kertas [30 pcs],Rp5.900,5900.0
pengikat-perekat,Kenko Double Tape Perekat 24 Mm,Rp14.600,14600.0
pengikat-perekat,Cetak Sticker Label Kraft A3+ Include Cutting Kisscut,Rp8.000,8000.0
pengikat-perekat,Daimaru Cloth Tape 48 Mm X 12 M Hijau,Rp37.000,37000.0
pengikat-perekat,Sdi Binder Clip 155 No.0224/12,Rp21.000,21000.0
pengikat-perekat,Sdi Staples No.1200-10 (20 Pcs),Rp3.000,3000.0
pengikat-perekat,"NIIMBOT B21/B1/B3S/B31 Label Harga Produk, Label Harga Rak Produk di Supermarket dan Toko Serba Ada.",Rp264.600,264600.0
pengikat-perekat,Deli x Nezha Transparent Scented Glue Stick / Lem Kertas Batang Transparan 15gr Tidak mudah Patah NZ501,Rp7.900,7900.0
pengikat-perekat,KAA 2M Kabel Winder Nylon Blended Clip Earphone Holder Cord,Rp17.200,17200.0
pengikat-perekat,JETE Strap Cable Premium Strap Pengikat Perekat Kabel 10pcs,Rp15.900,15900.0
pengikat-perekat,Kertas Stiker Koala Nomor 110 - Label Sticker Paper No 110 Untuk Undangan Harga Buku Pelajaran Isi 10 Lembar,Rp6.172,6172.0
pengikat-perekat,ISOLASI PANFIX 1/2X10 PAC,Rp10.000,10000.0
pengikat-perekat,"Kertas Label Berwarna yang Cocok untuk Mesin Label NIIMBOT B1/B21/B3S/B21PRO/B31, Menyukai Kebutuhan Berbagai Anda",Rp98.000,98000.0
pengikat-perekat,"GOLDTAPE Lakban Kertas Masking Tape Core Biru 1 inch/ 24mm, 2 inch/ 48mm X 12 Yard - DUS",Rp460.800,460800.0
pengikat-perekat,PIONEER NON-SAG EPOXY QUART PREMIUM - Lem Epoxy 2 Komponen Pasta Dempul Multifungsi Anti Menetes - Lem Kapal Filipin,Rp354.200,354200.0
pengikat-perekat,Sign Mushola Akrilik Sticker + 1 Set Baut Stainless Tahan Air - INPI HOUSE,Rp69.000,69000.0
pengikat-perekat,Double Tape Tambahan Perekat Sign - INPI HOUSE,Rp38.200,38200.0
pengikat-perekat,Sign Pick Up Here Kayu + Akrilik Sticker Hitam Putih Lepas Pasang - INPI HOUSE,Rp52.000,52000.0
pengikat-perekat,Daimaru Masking Tape Lakban Kertas 12mm x 21m / 0.5 Inch x 72 Pcs - Lakban Kertas,Rp331.650,331650.0
pengikat-perekat,Daimaru OPP Tape Mellow Rose 48mm x 90Y Lem Kuat Ramah Lingkungan & Dapat Didaur Ulang Warna Pigmented Pink Merah,Rp18.500,18500.0
pengikat-perekat,Daimaru OPP Tape Hijau 48mm x 90Y Lakban Plastik Hijau Daya Rekat Kuat untuk Pengepakan Barang Segel Dus dan Pengikat Rumah Tangga,Rp18.500,18500.0
pengikat-perekat,Daimaru OPP Stationery Tape Premium 12mm x 72Y Selotip Bening Transparan Perekat Kuat untuk Kebutuhan Harian di Rumah Kantor atau Sekolah,Rp5.500,5500.0
pengikat-perekat,Kertas Thermal Kasir / Struk Parkir 80x80mm BLUEPRINT Lite 80x80 Core,Rp16.700,16700.0
pengikat-perekat,Sticker Xantri Matte Doff InkJet White A4 190gsm Paper Stiker 190 gsm / Sticker Kertas Putih Glossy Ink Jet 200gsm 200 gsm Isi 10 20 Lembar,Rp31.500,31500.0
pengikat-perekat,Bantex Double Tape/Selotip Dua Sisi Kuat Mudah Sobek Tangan Ukuran 12mm/24mm x 15 Yard BH260X,Rp10.000,10000.0
pengikat-perekat,Bantex Clear Holder / Display Book 40 Pocket Bahan PP Anti-Static Warna Pastel BF4107,Rp39.000,39000.0
pengikat-perekat,Kertas Label Stiker Semicoated 33x15mm 2Line Isi 5000 Lembar,Rp48.000,48000.0
pengikat-perekat,MAXBUILT 4.8 CMX5 MTR ISOLASI ANTI SLIP PVC - HITAM,Rp68.900,68900.0
pengikat-perekat,Kotak Organizer Kabel Charger Cable Management Box Tutup Kayu Stop Kontak,Rp130.000,130000.0
pengikat-perekat,MN0019ST isi 16 Stiker Tsum Tsum Disney 470702 DIS-AX Sticker Anak,Rp225.000,225000.0
pengikat-perekat,BESAR 11mm Refill lem tembak isi 10 glue gun A29912 DELI ATK1154DL,Rp45.600,45600.0
pengikat-perekat,JOYKO Cable Ties Nylon Kabel Tis Pengikat Nilon,Rp13.300,13300.0
pengikat-perekat,FLYHOME Fragile merah 100yard 1 dus 48mm x 100yard 72 roll ECO Cargo,Rp826.000,826000.0
pengikat-perekat,Max stapler HD-10TLK Pink,Rp205.000,205000.0
pengikat-perekat,"NIIMBOT D11/D110/D101 Stiker label warna, label termal, tahan air, cocok untuk keperluan belajar dan kehidupan sehari-hari.",Rp98.000,98000.0
pengikat-perekat,Capricorn Design Gift Tag / Hang Tag Valentine Isi 20 - HTV 019,Rp19.900,19900.0
pengikat-perekat,Label Barcode 60 X 30 mm Kertas Sticker Direct Thermal 60x30 Isi 500 Pcs,Rp25.000,25000.0
pengikat-perekat,Capricorn Design Gift Tag Valentine Lucu Isi 20 Premium | Hang Tag Kado Romantis & Estetik - HTV 002,Rp19.900,19900.0
pengikat-perekat,"Label Warna Kualitas Tinggi: Niimbot D11/D11H/D110/D110M/D101/H1S, Pilihan Terbaik",Rp98.000,98000.0
pengikat-perekat,Lem kuning perekat lantai Vinyl TACO,Rp157.500,157500.0
pengikat-perekat,Avengers Stiker / Sticker Label Nama Custom Avengers,Rp45.000,45000.0
pengikat-perekat,"Niimbot N1/B18 Label dan stiker transfer panas berpola kartun tahan air, tahan panas, dan warnanya tidak luntur.",Rp98.000,98000.0
pengikat-perekat,Double Tape Foam Nachi [24 mm/1 pcs] / Lakban Isolasi Selotip Dobel Tip Hitam,Rp19.150,19150.0
pengikat-perekat,Capricorn Design Gift Tag / Hang Tag Christmas isi 1 - HTC 089,Rp1.500,1500.0
pengikat-perekat,SDI 1105A Stapler / Jegrekan No.10 Transparan,Rp28.550,28550.0
pengikat-perekat,GREEBEL Klip Kertas Trigonal Clip / Jepitan Kertas Kecil / Klip Kertas Segitiga / Metal Clip / Document Hold NO. 1 (28MM) - (BOX),Rp6.850,6850.0
pengikat-perekat,BINDER CLIP 105/PACK JOYKO,Rp5.000,5000.0
pengikat-perekat,WELLEN PRINT - Cetak Sticker Chromo Cupcake / Print Stiker Cromo Label Kemasan Makanan Bakery Olshop Kromo,Rp100,100.0
pengikat-perekat,Binder Clip Klip Penjepit Kertas Joyko Silver SL,Rp20.500,20500.0
pengikat-perekat,"MEVAL Kabel Ties 2,5mm Cable Ties 15cm",Rp6.000,6000.0
pengikat-perekat,Benex Binder Clip Benex 25 mm Medium Size Edisi Paper Clip & Penjepit Kertas No 111 Original,Rp5.100,5100.0
pengikat-perekat,Childhood Paradise Diary Deco Stickers - Stiker Lucu,Rp9.552,9552.0
pengikat-perekat,Double Tape Side Daimaru [12 mm/1 pcs] / Lakban Isolasi Selotip Dobel Tip,Rp6.500,6500.0
pengikat-perekat,FLYHOME Fragile merah 72yard 36 roll 48mm x 72yard lakban Fragle ECO,Rp316.800,316800.0
pengikat-perekat,FLYHOME Fragile merah 72yard 48mm x 72yard 1 roll Lakban Fragile ECO,Rp8.800,8800.0
pengikat-perekat,Direct Thermal Sticker 100 x 100 BLUEPRINT Lite Kertas Stiker Label Resi 100x100 mm 500Pcs,Rp58.800,58800.0
pengikat-perekat,Lakban Fragile Putih 45 x 72 Yard | Solasi Fragile,Rp8.800,8800.0
pengikat-perekat,"Direct Thermal Sticker Portable , Kertas Label Stiker BLUEPRINT 33 x 15 , 33x15 mm 1 Line - 10 Roll",Rp76.750,76750.0
pengikat-perekat,FLYHOME Lakban coklat 90yard 1 dus 45mm x 90yard 72 roll ECO Instan,Rp473.000,473000.0
pengikat-perekat,Rechargeable Hot Melt Glue Gun Lem Tembak Tanpa Kabel Joyko GG-855R,Rp166.250,166250.0
pengikat-perekat,"SDI 0501 Tape Dispenser 1"" & 3"" Berat Plastik ABS",Rp81.450,81450.0
pengikat-perekat,Paper Fastener Acco Plastik Warna Warni BIG PF-80C,Rp17.300,17300.0
pengikat-perekat,Sticker FU / Sticker Hoki Chinese New Year Diameter Sticker 2.5 Cm,Rp25.000,25000.0
pengikat-perekat,Colta Under Desk Cable Tray Terminal Bracket Organizer Management Tatakan Kabel Stop Kontak Organizer Cable Holder Tatakan for Adjustable Electric Standing Desk,Rp339.000,339000.0
pengikat-perekat,Ugreen Cable Clip Organizer Holder Penjepit Kabel Perapi Cable isi 2pc,Rp99.000,99000.0
pengikat-perekat,Brother Label TZE-335 12mm x 8m Laminated Tape White On Black TZE335,Rp390.000,390000.0
pengikat-perekat,Flexoffice Isi Staples FO-STS02 No 10 - 1 kotak,Rp4.200,4200.0
pengikat-perekat,FLY HOME Lakban Bening 90 Yard INSTAN KURIR 1Dus 45mm x 90 Yard 72 pcs,Rp473.000,473000.0
pengikat-perekat,Niimbot B21/B1/B3s/B21PRO/B31 Label Perhiasan Kertas Cetak Label,Rp98.000,98000.0
pengikat-perekat,3 Gulungan-Niimbot D11/D110/D101 Kertas Label Termal Putih Tahan Air untuk Stiker Label Mainan Anak-Anak,Rp234.900,234900.0
pengikat-perekat,"SJ-021 Bukuqu Stiker Journal Today untuk Notebook, Planner",Rp11.830,11830.0
pengikat-perekat,Max stapler HD-10TLK Pink,Rp205.000,205000.0
pengikat-perekat,"NIIMBOT D11/D110/D101 Stiker label warna, label termal, tahan air, cocok untuk keperluan belajar dan kehidupan sehari-hari.",Rp98.000,98000.0
pengikat-perekat,Capricorn Design Gift Tag / Hang Tag Valentine Isi 20 - HTV 019,Rp19.900,19900.0
pengikat-perekat,Label Barcode 60 X 30 mm Kertas Sticker Direct Thermal 60x30 Isi 500 Pcs,Rp25.000,25000.0
pengikat-perekat,Capricorn Design Gift Tag Valentine Lucu Isi 20 Premium | Hang Tag Kado Romantis & Estetik - HTV 002,Rp19.900,19900.0
pengikat-perekat,Double Sided Foam Tape joyko 24 MM x 5 M [DFT-51/DFT-52] / Perekat Pita Busa Dua Sisi / Double Tape Lakban Double Tip Isolasi Solatip DFT51 DFT52 PUTIH HIJAU HITAM,Rp15.900,15900.0
pengikat-perekat,"Kertas Label Panjang untuk Mesin Label NIIMBOT D11/D110/D101/H1S/D11H/D110M, Kertas Label Termal Berkualitas Tinggi untuk Label Barcode dan Pengelolaan Produk",Rp98.000,98000.0
pengikat-perekat,[20 pcs] Stiker Label Custom Nama Buku Sekolah Anak SN43 - SN50 by Grafichs,Rp19.500,19500.0
pengikat-perekat,[90 pcs] Stiker Nama Alat Tulis Sekolah GISS21-25 by Grafichs,Rp29.500,29500.0
pengikat-perekat,Childhood Paradise Diary Deco Stickers - Stiker Lucu,Rp9.552,9552.0
pengikat-perekat,GREEBEL Klip Kertas Trigonal Clip / Jepitan Kertas Kecil / Klip Kertas Segitiga / Metal Clip / Document Hold NO. 1 (28MM) - (BOX),Rp6.850,6850.0
pengikat-perekat,"MEVAL Kabel Ties 2,5mm Cable Ties 15cm",Rp6.000,6000.0
pengikat-perekat,Benex Binder Clip Benex 25 mm Medium Size Edisi Paper Clip & Penjepit Kertas No 111 Original,Rp5.100,5100.0
pengikat-perekat,WELLEN PRINT - Cetak Sticker Chromo Cupcake / Print Stiker Cromo Label Kemasan Makanan Bakery Olshop Kromo,Rp100,100.0
pengikat-perekat,BINDER CLIP 105/PACK JOYKO,Rp5.000,5000.0
pengikat-perekat,SDI 1105A Stapler / Jegrekan No.10 Transparan,Rp28.550,28550.0
pengikat-perekat,Binder Clip Klip Penjepit Kertas Joyko Silver SL,Rp20.500,20500.0
pengikat-perekat,Kertas Stiker Koala Nomor 121 - Label Sticker Paper No 121 Untuk Undangan Harga Buku Pelajaran Isi 10 Lembar,Rp6.172,6172.0
pengikat-perekat,Stapler Morandi Color Deli TA202 - Stepler Jepretan Hekter Kecil,Rp19.742,19742.0
pengikat-perekat,NIIMBOT B21/B1/B3S/B31 Stiker Label Dapur Stiker Klasifikasi Makanan Rumah Tangga Label Kulkas Freezer,Rp87.000,87000.0
pengikat-perekat,"Deli double sided tape, dua sisi transparan (1 roll / kartu) EA35201",Rp26.900,26900.0
pengikat-perekat,Isolasi Double Tape Joyko 1 [2.4 cm] / Lakban Dobel Tip Selotip Kertas,Rp7.900,7900.0
pengikat-perekat,FLYHOME Lakban Coklat 90yard 48mm x90 yard 2 Inch 1 Dus ECO Cargo,Rp496.000,496000.0
pengikat-perekat,Max Stapler Hd-10 Ml Sky Blue,Rp38.500,38500.0
pengikat-perekat,FLYHOME Lakban jilid/kain hitam 1 dus 48mm x 10m cloth tape Instan,Rp809.000,809000.0
pengikat-perekat,Tom&Jerry Label No.111,Rp9.500,9500.0
pengikat-perekat,"Direct Thermal Sticker , Kertas Label Stiker BLUEPRINT 50 x 20 , 50x20 mm Isi 1000 - 1 Roll",Rp16.999,16999.0
pengikat-perekat,Velcro Storage Rope Cable Tie Scopy,Rp3.000,3000.0
pengikat-perekat,Sign Mushola Akrilik Pop Up Hitam + Sticker Outdoor - INPI HOUSE,Rp36.800,36800.0
pengikat-perekat,Sign Clean Area Simbol Kebersihan Akrilik Hitam + Stiker - INPI HOUSE,Rp35.000,35000.0
pengikat-perekat,Sign Coffee Area Kayu + Sticker Hiam Putih - INPI HOUSE,Rp23.000,23000.0
pengikat-perekat,[8-54 pcs] Stiker Bulat Idul Fitri GISI06-10 by Grafichs,Rp19.500,19500.0
pengikat-perekat,Direct Thermal Sticker 100 x 150 mm BLUEPRINT ECO Label Resi A6 300pcs - Roll,Rp40.550,40550.0
pengikat-perekat,Stiker Label Niimbot M2 Putih/Perak Tahan Air Tahan Minyak Tahan 10 Tahun+ Kertas Label Bundar Transfer Termal untuk Printer M2,Rp87.000,87000.0
pengikat-perekat,STAPLER HD-10 S (MINI) KENKO,Rp10.500,10500.0
pengikat-perekat,PIONEER NON-SAG EPOXY 1/2 PINT PREMIUM - Lem Epoxy 2 Komponen Pasta Dempul Multifungsi Anti Menetes - Lem Kapal Filipin,Rp101.200,101200.0
pengikat-perekat,Daimaru SAT Selotip Bening Transparan 12mm x 50M Paket 12 Roll OPP Tape Stationery Sekolah & Kantor,Rp37.500,37500.0
pengikat-perekat,Daimaru OPP Transparent Tape 48mm x 90Y Lakban Bening 12Pcs Pengepakan Barang Segel Dus Pengikat Rumah Tangga Kantor,Rp172.900,172900.0
pengikat-perekat,Bantex Stapler / Jepretan 24/6 & 26/6 Soft Touch Warna Pastel Muat 25 Lembar BD6712,Rp39.000,39000.0
pengikat-perekat,"Bantex Office Perforator Small 2 Holes 1,1mm 9300",Rp55.056,55056.0
pengikat-perekat,SDI 1142 Stapler Jilid / Heavy Duty Stapler,Rp898.150,898150.0
pengikat-perekat,12x18mm no.111 Label Tom and Jerry stiker Jerry sticker ATK1167TJ,Rp11.138,11138.0
pengikat-perekat,BULAT 8mm no.97 Label Tom and Jerry stiker circle sticker ATK1169TJ,Rp11.138,11138.0
pengikat-perekat,24x37mm label tom and jerry no 105 KOTAK Warna Sticker Tom and Jerry FLUORESCENT stiker jery tomjery tomjerry 24 x 37 mm no.105 ATK1622TJ,Rp16.384,16384.0
pengikat-perekat,Bostik Blu Stik Blue Glue 8g /2 Blister Stick Biru Lem Kertas Perekat Penempel Bebas Larut Tidak Beracun,Rp36.000,36000.0
pengikat-perekat,Cetak Sticker Label Vinyl Hologram A3+ Include Cutting,Rp19.500,19500.0
pengikat-perekat,Double Tape Side Daimaru [12 mm/1 pcs] / Lakban Isolasi Selotip Dobel Tip,Rp6.500,6500.0
pengikat-perekat,FLYHOME Fragile merah 72yard 36 roll 48mm x 72yard lakban Fragle ECO,Rp316.800,316800.0
pengikat-perekat,FLYHOME Fragile merah 72yard 48mm x 72yard 1 roll Lakban Fragile ECO,Rp8.800,8800.0
pengikat-perekat,Direct Thermal Sticker 100 x 100 BLUEPRINT Lite Kertas Stiker Label Resi 100x100 mm 500Pcs,Rp58.800,58800.0
pengikat-perekat,Lakban Fragile Putih 45 x 72 Yard | Solasi Fragile,Rp8.800,8800.0
pengikat-perekat,3M Scotch Perekat Isolasi Indoor Mounting Tape 110-M25 25 MM X 4 M,Rp60.435,60435.0
pengikat-perekat,Tang Mata Ayam / Eyelet Punch 10mm Tang Pelubang Mata Ayam 10 mm New,Rp432.000,432000.0
pengikat-perekat,MAXBUILT 5CMX4.5 MTR ISOLASI ANTI SLIP PET - HITAM,Rp137.900,137900.0
pengikat-perekat,NIIMBOT B21/B1/B3S/B31 Kertas label termal transparan stiker identifikasi tahan air stiker penanda klasifikasi kehidupan rumah tangga,Rp129.000,129000.0
pengikat-perekat,AZKO Maxbuilt 5cmx30m Masking Tape - Putih Selotip Kertas Isolasi Lakban Perekat Stationery Tools Alat Penempel Selotip Kertas,Rp26.200,26200.0
pengikat-perekat,Capricorn Design Sticker Label Idul Adha isi 1 - SLH002,Rp2.900,2900.0
pengikat-perekat,Capricorn Design Sticker Pack Label Motif Rain STR 007,Rp11.500,11500.0
pengikat-perekat,FLYHOME Double tape 48mm x 8meter 1 roll hotmel ukuran full,Rp6.900,6900.0
pengikat-perekat,BLITZ Lakban Kain Hitam 42 mm x 9 meter Adhesive Cloth Tape Perekat Lem Isolasi,Rp13.000,13000.0
pengikat-perekat,Iware Kertas Thermal 80x80 Cetak Hitam Cetakan Bukti Struk,Rp14.500,14500.0
pengikat-perekat,UGREEN Cable Cord Holder Organizer Tempat Susun Kabel Charger Rapih,Rp50.000,50000.0
pengikat-perekat,Stiker Pack Haikyuu Series| Murah,Rp20.000,20000.0
pengikat-perekat,Cetak Stiker Label Metallic A3+ & KISS CUT (Size Kecil),Rp20.000,20000.0
pengikat-perekat,Niimbot N1 Label Kartun Dapat Dicetak Dengan Berbagai Warna Font,Rp98.000,98000.0
pengikat-perekat,(SIF059) stiker lebaran lucu untuk toples 500gr (uk 8x15cm),Rp38.500,38500.0
pengikat-perekat,(BELT IF020) label tebal idulfitri toples 800ml HIJAUBESAR800 (isi 15),Rp38.500,38500.0
pengikat-perekat,Label Thermal Sticker 30x20 barcode 1 line isi 300pcs ( 1 pack isi 6 roll ) untuk Printer PANDA PRJ-80BL/R80BL,Rp39.000,39000.0
pengikat-perekat,FLYHOME Fragile putih 72yard 2inci 48mm x 72yard 6 roll Printing ECO,Rp52.800,52800.0
pengikat-perekat,Cabletime Kabel Winder Perekat Ties Nylon Blended with Buckle,Rp10.200,10200.0
pengikat-perekat,GWP Merchandise Sticker Michelin - Not For Sale,Rp99.000,99000.0
pengikat-perekat,"Kertas Label Kabel untuk Mesin Label NIIMBOT B1/B21/B3S/B21PRO/B31, Kertas Label Termal Berkualitas Tinggi dan Ramah Lingkungan untuk Penandaan Kabel dan Pengelolaan",Rp98.000,98000.0
pengikat-perekat,"[For N1 printer] NIIMBOT N1(B18) Label Stickers, Durable PET Material, Waterproof and High Temperature Resistance",Rp87.000,87000.0
pengikat-perekat,(BELT NETRAL07) karton pita OREN untuk toples box (47 cm x 1 cm),Rp30.800,30800.0
pengikat-perekat,[20 pcs] Stiker Nama Alat Tulis Sekolah GISS121-130 by Grafichs,Rp19.500,19500.0
pengikat-perekat,[90 pcs] Stiker Nama Alat Tulis Sekolah GISS11-15 by Grafichs,Rp29.500,29500.0
pengikat-perekat,Kertas Xantri Segel Garansi A3 Polos Stiker Security Warranty Pecah Telur A3,Rp13.700,13700.0
pengikat-perekat,Plastik Laminating Film Joyko [LF250-6898/50 Sheets],Rp30.500,30500.0
pengikat-perekat,Kertas Label Termal Warna Anti Air Anti Minyak Anti Robek untuk Niimbot D11/D110/D101/H1S/D11H/D110M,Rp98.000,98000.0
pengikat-perekat,FLYHOME Lakban bening 90 yard 2in 1 dus 45mm x 90yard 72rol ECO Instan,Rp473.000,473000.0
pengikat-perekat,FH Lakban bening 1 dus 90yard 45mm x 90yard 2inci 72roll ECO Cargo,Rp473.000,473000.0
pengikat-perekat,Direct Thermal Gelang Pasien Barcode Rumah Sakit 25x270 mm BLUEPRINT Medic 500 Varian,Rp206.000,206000.0
pengikat-perekat,3 in 1 Tag Paper Hole Punch SUN - JOURNEY Pelubang Kertas 8710B,Rp144.000,144000.0
pengikat-perekat,Pita Tarik 50 mm 2 PT Kombinasi ILY Pita serut Hiasan Ribbon Parcel Kado Souvenir,Rp15.400,15400.0
pengikat-perekat,Pita Tarik 32 mm Hand Bouquet Pull Bow Pita Tarik Bouquet 32 mm Ribbon,Rp3.900,3900.0
pengikat-perekat,"Ketupat Pita Lis Emas 6,5cm Hiasan Parcel Lebaran Hari Raya Idul Fitri",Rp1.900,1900.0
pengikat-perekat,Sticker Jumbo Box / Sticker Label Thank You 15cm,Rp35.000,35000.0
pengikat-perekat,Stiker 100 Lembar Momo Sticker Waterproof Anti Air Kartun Lucu Korea,Rp29.900,29900.0
pengikat-perekat,SAMPUL COKLAT ROL POLOS KWARTO 20PCS SYM,Rp6.000,6000.0
pengikat-perekat,[11 pcs] Kartu dan Label Stiker Ucapan Resign Farewel Perpisahan GILU25-30,Rp9.900,9900.0
pengikat-perekat,Label Thermal 100x150mm isi 500pcs MODEL ROLL untuk Resi Pengiriman,Rp70.000,70000.0
pengikat-perekat,NIIMBOT D110/D11/D11_H/D110_M/D101 Stiker Kosmetik Kertas Label Bulat Stiker Label Kecil Titik Transparan Kertas cetak label tahan air dan anti gores,Rp87.000,87000.0
pengikat-perekat,"Direct Thermal Sticker , Kertas Label Stiker BLUEPRINT 70 x 30 , 70x30 mm 1 Line Isi 400pcs - 1 Roll",Rp15.700,15700.0
pengikat-perekat,WELLEN PRINT - Cetak Sticker Label Stoples Cookies Lebaran Idul Fitri,Rp650,650.0
pengikat-perekat,"NIIMBOT M2 Stiker Label Putih, Label Printer M2 Tahan Air, Tahan Minyak dan Tahan Air Mata, Stiker Bulat Kosong Putih Murni",Rp87.000,87000.0
pengikat-perekat,MAX Stapler HD-10D New Design,Rp64.020,64020.0
pengikat-perekat,Lem Stik Kertas Sedang Bantex 22gr - Paper Glue Stick Bantex 22 gr,Rp13.295,13295.0
pengikat-perekat,Iware Stiker Barcode 40x30mm Kertas Stiker Direct Thermal 1000 Pcs Isi 1 Line 1 Inch Core Kecil Tinggal Tempel,Rp25.000,25000.0
pengikat-perekat,Deli Isolasi Kantor Transparan Super Bening EA30211,Rp14.500,14500.0
pengikat-perekat,Stiker Mobil MBG | Makan Bergizi Gratis ( Paket 1 Mobil ),Rp450.000,450000.0
pengikat-perekat,Niimbot D11/D110/D101/H1S/D11H/D110M Stiker Kertas Label Termal Tahan Air Tahan Minyak Dan Tahan Air Mata Yang Cantik,Rp98.000,98000.0
pengikat-perekat,Double Tape Busa Hijau Joyko 24mm DFT-51 - Double Sided Foam Tape 24 mm Joyko,Rp10.139,10139.0
pengikat-perekat,Macs White Glue 60 ml / Lem Putih,Rp11.500,11500.0
pengikat-perekat,Brother Ptouch Label Tape TZE-531 12mm Black on Blue TZE531 Resmi,Rp256.000,256000.0
pengikat-perekat,MAX Stapler HD-10G Moss Green,Rp45.590,45590.0
pengikat-perekat,GREEBEL Stapler Stepler Jepretan (HD-10ED) / Staples Anak Lucu,Rp26.250,26250.0
pengikat-perekat,Capricorn Design Gift Tag / Hang Tag Christmas isi 20 - HTC 078,Rp19.900,19900.0
pengikat-perekat,Lem Glue Stick 8 Gram Joyko [GS-09/12 pcs] / Perekat Kertas Super / Perlengkapan Sekolah & Kantor,Rp44.500,44500.0
pengikat-perekat,Cetak Stiker Label Vinyl / Transparan A3+ size kecil 4-8 cm2,Rp15.000,15000.0
pengikat-perekat,done handymade deco part candy twist deco case handphone shaker AL530,Rp12.500,12500.0
pengikat-perekat,MAX STAPLES 10-1 M / ISI STAPLES SATUAN,Rp40.000,40000.0
pengikat-perekat,FLYHOME Fragile merah 72yard 36 roll 48mm x 72yard lakban Fragle ECO,Rp316.800,316800.0
pengikat-perekat,Direct Thermal Sticker 100 x 100 BLUEPRINT Lite Kertas Stiker Label Resi 100x100 mm 500Pcs,Rp58.800,58800.0
pengikat-perekat,"Pita Satin MERAH PUTIH 1.5"" 4 cm Saten 1.5 Inch Kain Polos Souvenir Garmen Parcel Hampers Per ROLL",Rp17.900,17900.0
pengikat-perekat,Joyko Glue Stick Refill Lem Bakar Isi Lem Tembak GSR-109~113 6 PCS,Rp8.550,8550.0
pengikat-perekat,Diary of Momo Series Flake Deco Waterproof Stickers - Stiker Lucu Harga Satuan 1 Pcs,Rp697,697.0
pengikat-perekat,Lakban OPP Nachi Tape Bening Coklat 2 Inch Tebal Murah Lengket 48mm x 90 Yard 1 Dus Khusus Gosend,Rp979.421,979421.0
pengikat-perekat,[PBC-02] Paper Belt Natal | Paper Sleeve Christmas | Sabuk Box Natal,Rp10.000,10000.0
pengikat-perekat,FLYHOME Lakban coklat 100yard 48mm x 100yard 2inchi 1roll 100 yard ECO,Rp8.300,8300.0
pengikat-perekat,NIIMBOT B2/B1/B203/B3S/B21PRO/B31 Kertas Label Termal Kertas Label Makanan sticker,Rp98.000,98000.0
pengikat-perekat,JOYKO - Lem Kertas Glue Stick GS-116 Fancy Pastel - Pcs,Rp5.250,5250.0
pengikat-perekat,Kertas Stiker Koala Nomor 104 - Label Sticker Paper No 104 Untuk Undangan Harga Buku Pelajaran Isi 10 Lembar,Rp6.172,6172.0
pengikat-perekat,Tom&Jerry Label No.122,Rp9.500,9500.0
pengikat-perekat,Nachi Opp 48Mm X 100Y Coklat/Tan,Rp21.000,21000.0
pengikat-perekat,"NIIMBOT B21/B1/ B3S/B31 Kertas Label Tombol Saklar Luminous, untuk Stiker Nama Klasifikasi Tombol Lampu.",Rp129.000,129000.0
pengikat-perekat,I-Select Deli Staples Kantor Putar / Rotatable Stapler 24/6 & 26/6 UM313,Rp26.900,26900.0
pengikat-perekat,FLY HOME Lakban Bening dan Coklat 1Dus 100Yard | 45 x 100 Yard 90Meter,Rp592.000,592000.0
pengikat-perekat,Tali Hangtag Label Merek Model Benang Warna Hitam Harga Per Pack isi 50 Pcs Tidak Butuh Alat Pasang,Rp13.900,13900.0
pengikat-perekat,Binder Clip Combo Penjepit Kertas Multiguna No 260 200 155 Hitam Berwarna Jual Satuan / PB EDUKASI ANAK - PBNB,Rp2.750,2750.0
pengikat-perekat,10 lembar Glue pad / Kertas Lem Fly Catcher 42 x 17 cm,Rp175.000,175000.0
pengikat-perekat,【3 Gulungan】Kertas Label Tahan Air Stiker Label Putih label transparan Niimbot D11/D110/D101,Rp234.900,234900.0
pengikat-perekat,Kertas Stiker Koala Nomor 100 - Label Sticker Paper No 100 Untuk Undangan Harga Buku Pelajaran Isi 10 Lembar,Rp6.172,6172.0
pengikat-perekat,Tali Hangtag Label Merek Model Benang Warna Putih Harga Per Pack isi 50 Pcs Tidak Buruh Alat Pasang,Rp13.900,13900.0
pengikat-perekat,Sign Area Pengawasan CCTV Kayu + Sticker Hitam Putih - INPI HOUSE,Rp23.000,23000.0
pengikat-perekat,Stationery Tape Pita Perekat Selotip Joyko STT-32-R6 24 mm x 45 M,Rp4.700,4700.0
pengikat-perekat,"Kertas Label Transparan NIIMBOT B1/B21/B3S/B21PRO/B31, Tahan Air dan Gores, Cetak Barcode dengan Teknologi Thermal Transfer",Rp129.000,129000.0
pengikat-perekat,"NACHI Lakban Plakban Kain Cloth Tape Premium 2 inch/ 48mm X 12m, Warna Warni - 12 ROLL",Rp222.000,222000.0
pengikat-perekat,EKA Tape OPP Lakban Coklat 45mm x 55Y Kualitas Tinggi Daya Rekat Kuat Non Toxic Material Eco Friendly untuk Pengepakan Barang Segel Dus dan Pengikat Rumah Tangga Karton,Rp9.900,9900.0
pengikat-perekat,Daimaru Hand Dispenser Lakban 48mm Alat Pemotong dan Menyegel Lakban 2 Inch Plastik Kuat dan Besi Ringan untuk Kantor dan Rumah Tangga,Rp77.900,77900.0
pengikat-perekat,Daimaru Glue Stick 8g Aman untuk Anak Non Toxic Strong Adhesive untuk project Sekolah dan Kreatif,Rp2.000,2000.0
pengikat-perekat,Daimaru Masking Tape Lakban Kertas Warna Cream 48mm x 21M Waterproof Single Side Adhesive Tahan Air untuk Pengecatan Mobil dan kanvas tanpa merusak permukaan,Rp18.500,18500.0
pengikat-perekat,"NIIMBOT B21/B1/B3S/B31 Kertas Label Folder, Stiker Sisi Kotak Arsip Aset Tetap, Stiker Segel Kantor",Rp87.000,87000.0
pengikat-perekat,MAXBUILT PACKING TAPE 4.8CMX50MTR - TRANSPARAN,Rp19.000,19000.0
pengikat-perekat,JETE Strap Cable Premium Strap Pengikat Perekat Kabel,Rp49.900,49900.0
pengikat-perekat,11x30mm no.123 Label Tom and Jerry stiker Jerry sticker ATK1196TJ,Rp11.138,11138.0
pengikat-perekat,10x50mm no.126 Label Tom and Jerry stiker Jerry sticker ATK1333TJ,Rp11.138,11138.0
pengikat-perekat,12 mm Double Tape KENKO lem dua sisi kertas 12mm ATK1595KN,Rp9.888,9888.0
pengikat-perekat,TRANSPARAN Label 32 X 64mm no.103 Tom and Jerry Sticker ATK1433TJ,Rp19.652,19652.0
pengikat-perekat,"3M Scotch Double Sided-Mounting Tape, Strong, Menahan hingga 2.8kg",Rp33.033,33033.0
pengikat-perekat,3M Scotch Selotip Isolasi Lakban Bening Kecil 500 24mmx66M - 1,Rp29.610,29610.0
pengikat-perekat,Bantex Magic Tack / Glue Tack / Lem Tempel 50/75 Gram BH660X,Rp15.000,15000.0
pengikat-perekat,Pronto Lem Stick (35 gram),Rp14.400,14400.0
pengikat-perekat,Flek Tape 4 Inch Isolasi Lakban Waterproof Tahap Air Sebaguna,Rp25.000,25000.0
pengikat-perekat,Stapler / hekter / staples Max HD-10G Anti Slip Beige,Rp47.000,47000.0
pengikat-perekat,TOM&JERRY - Stick Marker Tj Season Christmas Edition - PAD,Rp11.400,11400.0
pengikat-perekat,(SN18/SN19) stiker thank you hijau untuk toples paperbag kotak box (isi 32 stiker),Rp38.500,38500.0
pengikat-perekat,STAPLES MAX 3-1 M / ISI STAPLER,Rp43.500,43500.0
pengikat-perekat,Cetak Stiker Transparan A3+ Tinta Putih | Sticker White Ink,Rp15.000,15000.0
pengikat-perekat,hololive production travel collection made in Indonesia edition Sticker,Rp28.000,28000.0
pengikat-perekat,Master Sampul Mika OPP 35x500cm Roll 35 x 500 cm Buku Plastik,Rp20.500,20500.0
pengikat-perekat,Capricorn Design Sticker Pack Label Motif Animal STR 009,Rp11.500,11500.0
pengikat-perekat,"Kertas Label Folder untuk Mesin Label NIIMBOT B1/B21/B3S/B21PRO/B31, Kertas Label Termal untuk Pengelolaan Dokumen Kantor, Kertas Label Berkualitas Ramah Lingkungan",Rp87.000,87000.0
pengikat-perekat,[33-60 pcs] Stiker Nama Alat Tulis Sekolah GISS41-50 by Grafichs,Rp29.500,29500.0
pengikat-perekat,Lem Serbaguna dan Prakarya UHU All Purpose Adhesive 20 ml,Rp18.800,18800.0
pengikat-perekat,KENKO PLAKBAN OPP BENING,Rp47.400,47400.0
pengikat-perekat,FLYHOME Lakban bening coklat 100yard 2inci 48x100 yard 1 Roll ukuran FULL,Rp8.300,8300.0
pengikat-perekat,Cetak Stiker Vinyl | Stiker Vinyl Transparan | Stiker Vinyl,Rp8.000,8000.0
pengikat-perekat,Liquid Glue Lem Cair Joyko GL-W04 35ml - Lem Kertas Serbaguna 35 ml,Rp5.443,5443.0
pengikat-perekat,Price Label / Label Harga Joyko LB-P2CY,Rp5.700,5700.0
pengikat-perekat,Daiso Paper Pack Clip -9.3cm×22.5cm×0.8cm,Rp11.000,11000.0
pengikat-perekat,Kertas Thermal Struk kasir EDC BLUEPRINT 57x30 mm - 1 Pack Isi 10 Roll,Rp52.500,52500.0
pengikat-perekat,"Direct Thermal Sticker, Label Stiker BLUEPRINT 38x60x1 Line Isi 500",Rp22.900,22900.0
pengikat-perekat,"Stiker Label 22251 BLUEPRINT 62x15,24m Continuous Roll 2 Warna Brother",Rp176.000,176000.0
pengikat-perekat,"Label Sticker Barcode 100x150mm Direct Thermal 300Pcs Core 1"" untuk resi pengiriman",Rp61.000,61000.0
pengikat-perekat,RIBBON - Pita Tarik Serut Pom Hologram 32mm,Rp3.550,3550.0
pengikat-perekat,Pita Tarik Pom Metalik Embos 32mm,Rp3.550,3550.0
pengikat-perekat,FLYHOME Fragile merah 72yard 36 roll 48mm x 72yard lakban Fragle ECO,Rp316.800,316800.0
pengikat-perekat,Direct Thermal Sticker 100 x 100 BLUEPRINT Lite Kertas Stiker Label Resi 100x100 mm 500Pcs,Rp58.800,58800.0
pengikat-perekat,"Pita Satin MERAH PUTIH 1.5"" 4 cm Saten 1.5 Inch Kain Polos Souvenir Garmen Parcel Hampers Per ROLL",Rp17.900,17900.0
pengikat-perekat,Joyko Glue Stick Refill Lem Bakar Isi Lem Tembak GSR-109~113 6 PCS,Rp8.550,8550.0
pengikat-perekat,Diary of Momo Series Flake Deco Waterproof Stickers - Stiker Lucu Harga Satuan 1 Pcs,Rp697,697.0
pengikat-perekat,Capricorn Design Sticker Toples Label Christmas Natal isi 1 - SNT 004,Rp1.900,1900.0
pengikat-perekat,Harga Grosir 100 Lbr Cetak Stiker Vinyl A3+ & Kiss Cut - Sticker Vinyl,Rp7.000,7000.0
pengikat-perekat,Daiichi Classic Business Fc Dcs01Fc-102001 Blue,Rp6.500,6500.0
pengikat-perekat,LABEL THERMAL STICKER 80x90 MM UNTUK PANDA PRJ-80BL/R80BL MOBILE PRINTER Roll,Rp192.000,192000.0
pengikat-perekat,"NIIMBOT M2 Printer Stiker untuk Botol Minyak Esensial dan Parfum, Membuat Label Kosmetik dan Skincare, Printer Label Tahan Air dan Alkohol.",Rp2.241.000,2241000.0
pengikat-perekat,Sign Pick Up Here Akrilik Sticker + 1 Set Baut Stainless - INPI HOUSE,Rp41.000,41000.0
pengikat-perekat,NIIMBOT D11 D110 D110_M D11_H D101 Segel tahan air kertas label termal bulat stiker,Rp87.000,87000.0
pengikat-perekat,Cable Ties Kabel Ties Kabel Tis Isi 100 pcs 15cm,Rp14.303,14303.0
pengikat-perekat,LAKBAN PLASTIK UKURAN 10.0 CM *15,Rp109.999,109999.0
pengikat-perekat,Sign Peringatan Dilarang Membawa Senjata Kayu + Sticker Hitam Putih - INPI HOUSE,Rp23.000,23000.0
pengikat-perekat,Sign No Alcohol Akrilik Hitam + Stiker Outdoor - INPI HOUSE,Rp35.000,35000.0
pengikat-perekat,Kertas Struk TAHAN LAKBAN 57 x 47 BLUEPRINT Thermal Oil 57x47 mm 1Roll,Rp8.700,8700.0
pengikat-perekat,Niimbot 3 Rolls B1/B21/B3S/B31 White Label Sticker Waterproof Oil Proof No Glue Residue Label Paper,Rp234.900,234900.0
pengikat-perekat,Cetak Label Kertas Makanan Bahan Art Paper 150 gsm 2 Sisi,Rp4.000,4000.0
pengikat-perekat,Vention Kabel Organizer Clips Holder For Desk,Rp47.500,47500.0
pengikat-perekat,GM LABEL MEDIUM 112-3D MOHON TDK MEROKOK MHNTDKMROKOK3D,Rp79.000,79000.0
pengikat-perekat,LABEL POLOS NO.123 @10LBR TOM&JERRY PPW,Rp8.000,8000.0
pengikat-perekat,Kertas Label Warna Eksklusif Niimbot M2 Anti Air Anti Minyak Anti Robek untuk Kantor dan Rumah,Rp98.000,98000.0
pengikat-perekat,Direct Thermal Sticker Label Online Shop BLUEPRINT 78x100mm isi 300Pcs Roll,Rp33.350,33350.0
pengikat-perekat,JOYROOM ZS368 Kabel Klip Magnetic Cable Holder Organizer,Rp69.000,69000.0
pengikat-perekat,NIIMBOT D101 White Label Kertas Harga Bar Code Nama Ukuran Tahan Air,Rp87.000,87000.0
pengikat-perekat,Daimaru Masking Tape Lakban Kertas Warna Cream 24 mm x 21 meter,Rp9.900,9900.0
pengikat-perekat,Daimaru OPP Transparent Tape 48mm x 90Y Lakban Bening Pengepakan Barang Segel Dus Pengikat Rumah Tangga Kantor,Rp16.000,16000.0
pengikat-perekat,Label Stiker Thermal Barcode 40x30mm Isi 1000,Rp4.500,4500.0
pengikat-perekat,Axelpos Kertas Label Stiker Thermal Resi 100x100mm Isi 300/500 Lembar,Rp28.000,28000.0
pengikat-perekat,Bantex Stapler Bahan Metal Soft Touch Untuk Isi Staples No.10 24/6 26/6 Khusus Kantor Anti-Skid,Rp19.000,19000.0
pengikat-perekat,Kertas Label Stiker Barcode Thermal 50x30mm Isi 1000 Lembar,Rp25.000,25000.0
pengikat-perekat,Niimbot B1/B21/B21_Pro/B3S/B31 Transparent Label Sticker Waterproof Oil Proof No Glue Residue Thermal Circular Label Paper Name Sticker Luminous Label For Series Printer,Rp129.000,129000.0
pengikat-perekat,LEM FOX LEM PUTIH LEM KAYU LEM KARTON LEM KAIN 350 GRAM,Rp15.000,15000.0
pengikat-perekat,MAXBUILT MOUNTING TAPE 19MM X 5 MTR,Rp51.700,51700.0
pengikat-perekat,UNEED Kabel Strap Cable Ties Winder Organizer - UCO102.3,Rp44.980,44980.0
pengikat-perekat,"NIIMBOT D110/D11/D101 Kertas Label Nama Kabel, Stiker Klasifikasi Nama untuk Kabel Data, Kabel Listrik",Rp87.000,87000.0
pengikat-perekat,TOM&JERRY - Stick Marker Tj Season Christmas Edition - PAD,Rp11.400,11400.0
pengikat-perekat,FLYHOME Lakban Bening 90yard 48mm x 90 Yard 2 inch 1 Dus Instan,Rp496.000,496000.0
pengikat-perekat,Strap Pengikat Kabel Cable Ties Strap Cord Holder 12cm,Rp10.033,10033.0
pengikat-perekat,Stiker Nama Anak Sekolah Diecut |Label Buku| Murah,Rp500,500.0
pengikat-perekat,Cetak Stiker Transparan A3+ Tinta Putih | Sticker White Ink,Rp15.000,15000.0
pengikat-perekat,Ugreen Cable Organizer Silicone Flexible Cable Manage Black- 50320,Rp38.351,38351.0
pengikat-perekat,(SN21)Stiker thankyou pink 7x2.5 cm untuk seal box paperbag,Rp38.500,38500.0
pengikat-perekat,STAPLES MAX 3-1 M / ISI STAPLER,Rp43.500,43500.0
pengikat-perekat,(SN18/SN19) stiker thank you hijau untuk toples paperbag kotak box (isi 32 stiker),Rp38.500,38500.0
pengikat-perekat,"Kertas Label Pensil untuk Mesin Label NIIMBOT D11/D110/D101/H1S/D11H/D110M, Kertas Label Termal Berkualitas Tinggi dan Ramah Lingkungan, Cocok untuk Pengelolaan Barang Kantor",Rp98.000,98000.0
pengikat-perekat,(SN14) stiker made with love lace untuk toples 250gr/350gr (uk 7x14cm),Rp38.500,38500.0
pengikat-perekat,"Master Sampul Mika Roll 34x500cm 34 x 500 cm Tebal 0,07 Micron Plastik Buku",Rp25.500,25500.0
pengikat-perekat,Xantri Kertas Sticker Vinyl Xantri Putih Synthetic Sintetis Transparent Transparan / Glossy / Doff InkJet A4 170gsm 120gsm Isi 10 20 Lembar 8787,Rp50.000,50000.0
pengikat-perekat,"Kertas Label Unik NIIMBOT D11/D110/D101/H1S/D11H/D110M, Tahan Air dan Gores, Cetak Barcode dengan Teknologi Thermal Transfer",Rp98.000,98000.0
pengikat-perekat,"Kertas Label Berkualitas Tinggi untuk Mesin Label NIIMBOT B1/B21/B3S/B21PRO/B31 - Label Produk, Barcode, QR Code, Label Harga, Banyak Ukuran Pilihan",Rp98.000,98000.0
pengikat-perekat,Isi Staples Joyko [No.10-1M/20 Box] / Refill Stapler / Cekrekan / Hekter Stone Plastik Kantor,Rp41.500,41500.0
pengikat-perekat,"Kertas Label Kartun Lucu NIIMBOT B1/B21/B3S/B21PRO/B31, Tahan Air & Gores, Cetak Barcode dengan Teknologi Thermal Transfer",Rp98.000,98000.0
pengikat-perekat,[33-60 pcs] Stiker Nama Alat Tulis Sekolah GISS41-50 by Grafichs,Rp29.500,29500.0
pengikat-perekat,GREEBEL Isi Staples 23 / 6 / Isi Stapler / Isi Jepretan / Isi Necis Stapler Hekter / Refill Stapler ATK Office,Rp20.450,20450.0
pengikat-perekat,GREEBEL Isi Staples 23 / 10 / Isi Stapler / Isi Jepretan / Isi Necis Stapler Hekter / Refill Stapler ATK Office,Rp26.150,26150.0
pengikat-perekat,GREEBEL Klip Kertas Paper Clip / Jepitan Kertas Kecil / Klip Kertas Segitiga / Metal Clip / Document Hold NO. 5 (50MM) (BOX),Rp12.850,12850.0
pengikat-perekat,NIIMBOT B1 B21 B3S B31 Kertas Label Pencetakan Termal Tahan Air dan Tahan Gores untuk DIY Barcode/Harga/Nama/Gambar/Logo/Label Halaman Rumah,Rp98.000,98000.0
pengikat-perekat,Essager Strap Pengikat Perekat Kabel Klip Cord Holder Organizer 10pcs,Rp13.500,13500.0
pengikat-perekat,"Label Sticker Barcode 100x150mm Direct Thermal 300Pcs Core 1"" untuk resi pengiriman",Rp61.000,61000.0
pengikat-perekat,Pita Tarik Pom Metalik Embos 32mm,Rp3.550,3550.0
pengikat-perekat,RIBBON - Pita Tarik Serut Pom Hologram 32mm,Rp3.550,3550.0
pengikat-perekat,Niimbot B1/B21/B3S/B203/B21PRO/B31 Kertas Label Termal Tahan Air Tahan Minyak Dan Tahan Air Mata Untuk Kucing Dan Anjing,Rp98.000,98000.0
pengikat-perekat,Kertas Thermal Struk kasir EDC BLUEPRINT 57x30 mm - 1 Pack Isi 10 Roll,Rp52.500,52500.0
pengikat-perekat,Deli E38561 Office Consumable/Binder Klip-Binder Clips 51mm Stationery,Rp30.900,30900.0
pengikat-perekat,hololive production travel collection made in Indonesia edition Sticker,Rp28.000,28000.0
pengikat-perekat,Lakban Fragile Putih 45 x 72 Yard | Solasi Fragile,Rp8.800,8800.0
pengikat-perekat,FLYHOME Fragile merah 72yard 48mm x 72yard 1 roll Lakban Fragile ECO,Rp8.800,8800.0
pengikat-perekat,SDI 1129 HD-50 Stapler No.3,Rp50.150,50150.0
pengikat-perekat,Direct Thermal Sticker Label Online Shop BLUEPRINT 78x100mm isi 300Pcs Roll,Rp33.350,33350.0
pengikat-perekat,JOYROOM ZS368 Kabel Klip Magnetic Cable Holder Organizer,Rp69.000,69000.0
pengikat-perekat,NIIMBOT D101 White Label Kertas Harga Bar Code Nama Ukuran Tahan Air,Rp87.000,87000.0
pengikat-perekat,Bantex Stapler Bahan Metal Soft Touch Untuk Isi Staples No.10 24/6 26/6 Khusus Kantor Anti-Skid,Rp19.000,19000.0
pengikat-perekat,Kertas Label Stiker Barcode Thermal 50x30mm Isi 1000 Lembar,Rp25.000,25000.0
pengikat-perekat,Label Stiker Thermal Barcode 40x30mm Isi 1000,Rp4.500,4500.0
pengikat-perekat,"NIIMBOT D110/D11/D101 Kertas Label Nama Kabel, Stiker Klasifikasi Nama untuk Kabel Data, Kabel Listrik",Rp87.000,87000.0
pengikat-perekat,MAXBUILT MOUNTING TAPE 19MM X 5 MTR,Rp51.700,51700.0
pengikat-perekat,Axelpos Kertas Label Stiker Thermal Resi 100x100mm Isi 300/500 Lembar,Rp28.000,28000.0
pengikat-perekat,Niimbot B1/B21/B21_Pro/B3S/B31 Transparent Label Sticker Waterproof Oil Proof No Glue Residue Thermal Circular Label Paper Name Sticker Luminous Label For Series Printer,Rp129.000,129000.0
pengikat-perekat,UNEED Kabel Strap Cable Ties Winder Organizer - UCO102.3,Rp44.980,44980.0
pengikat-perekat,LEM FOX LEM PUTIH LEM KAYU LEM KARTON LEM KAIN 350 GRAM,Rp15.000,15000.0
pengikat-perekat,270pcs Reward Sticker DOT BESAR 13mm Tom n Jerry rewards ATK1204TJ,Rp14.404,14404.0
pengikat-perekat,Sticker lucu anti air stiker HP botol minum MOMO kartun Waterproof,Rp15.000,15000.0
pengikat-perekat,"3M Scotch Double Sided-Mounting Tape, Strong,1M menahan hingga 4.5kg",Rp46.410,46410.0
pengikat-perekat,LABEL TO&JERRY 103 10 PCS / PACK,Rp14.990,14990.0
pengikat-perekat,78x118mm no.120 Label Tom and Jerry stiker Jerry sticker ATK1330TJ,Rp11.138,11138.0
pengikat-perekat,"Niimbot 3 Gulungan D11/D110/D101 Stiker Label Kabel Tahan Air, Tahan Minyak, Tanpa Sisa Lem, Kertas Label untuk Printer D11/D110/D101",Rp234.900,234900.0
pengikat-perekat,Scotch 3M Selotip Isolasi Lakban Bening Kecil 500M Transparan 12mmx66M,Rp14.400,14400.0
pengikat-perekat,(SIF153) Stiker idul fitri lebaran IHSAN(SEAL) untuk toples paperbag dus kotak iamcili diameter 7cm [25 pcs],Rp38.500,38500.0
pengikat-perekat,SASUMA Rotary Stapler Staples Putar 360 Derajat Stepler Meja 3 Arah Hekter Besar Buku Kantor Sekolah,Rp44.000,44000.0
pengikat-perekat,VENTION KAABJ Kabel Velcro Strap Tie Reusable Cable Ties Winder Protector Organizer Strap 5M 5 Meter Velkro Pengikat Perapih,Rp34.000,34000.0
pengikat-perekat,Niimbot B21 / B1 / B3S/B21PRO/B31 Stiker Label Print Anti Air Sensitif Panas,Rp98.000,98000.0
pengikat-perekat,JOYKO Binder Clip 260 - Penjepit kertas - Pack,Rp22.500,22500.0
pengikat-perekat,MOVIO Cable Organizer - Kotak Penyimpanan Kabel & Charger - 8 Grid,Rp59.000,59000.0
pengikat-perekat,Capricorn Design Gift Tag / Hang Tag Christmas isi 1 - HTC 079,Rp1.500,1500.0
pengikat-perekat,"Tape Cutter 2 Inchi Joyko TD-2S / Dispenser Pemotong Solatip, Isolasi",Rp33.500,33500.0
pengikat-perekat,Solasi Bening Kecil Nachi 24mm x 72 Yard [1 Inch] / Lakban Bening Super Kuat / Isolasi Solatip Selotip Isolatip Transparan Super Kuat Serbaguna 24 mm / Nachi Tape Isolatif Solasiban Bening / Lakban Kecil,Rp11.500,11500.0
pengikat-perekat,Paku Payung GW [1 Box] / Paku Jamur Tusuk Kecil,Rp2.500,2500.0
pengikat-perekat,TRIGONAL CLIP NO.1 JOYKO TMBOOKSTORE,Rp4.000,4000.0
pengikat-perekat,Nylon Cable Tie Zip Tie Tis Tali Pengikat Kabel 10cm 20cm 100pcs Tolsen,Rp9.000,9000.0
pengikat-perekat,Deli Glue Stick / Lem Kertas Batangan 8 13 21 gram Merekat dengan kuat 5340X,Rp10.000,10000.0
pengikat-perekat,A3 Xantri Kertas Segel Garansi A3 Polos Stiker Security Warranty Pecah Telur,Rp13.700,13700.0
pengikat-perekat,Lem Cair Kertas Povinal 115 50ml - Liquid Glue Serbaguna 50 ml,Rp7.585,7585.0
pengikat-perekat,"NIIMBOT M2 Ribbon Printer Warna, Hanya Cocok untuk Printer Label Transfer Panas M2, 24 Meter",Rp175.000,175000.0
pengikat-perekat,Deli Solatip/Isolasi Kantor Transparan Super Bening EA30310,Rp8.500,8500.0
pengikat-perekat,Kertas Label Harga Joyko 2 Baris [LB-P2LN/10 Rolls] / Isi Ulang Refill Price Stiker Barcode 2 Line,Rp45.500,45500.0
pengikat-perekat,Label Sticker Unboxing Fragile BLUEPRINT 70x50 mm isi 500,Rp31.000,31000.0
pengikat-perekat,"KERTAS THERMAL BLUEPRINT LITE 57x47 mm, 57 x 47 mm - 1 Pack",Rp42.500,42500.0
pengikat-perekat,SDI 1245B Stapler No.3 Heavy Duty Light Force 40 Lembar,Rp230.450,230450.0
pengikat-perekat,GOLDTAPE Plakban Lakban OPP Core Merah 2 inch 48mm 90 Yard / Bening - Cokelat - Coklat - Roll,Rp14.000,14000.0
pengikat-perekat,Capricorn Design Gift Tag / Hang Tag Valentine Isi 1 - HTV014,Rp1.500,1500.0
pengikat-perekat,Pita Tarik Pom 50 mm Matte GLITTER Hiasan Parcel Kado Souvenir RIBBON,Rp6.000,6000.0
pengikat-perekat,Lem Stik Sedang Joyko GS-15 15gr - Glue Stick Joyko 15 gr,Rp5.864,5864.0
pengikat-perekat,Iware Kertas Thermal Struk Kasir 80x40 isi 5ROLL | 10ROLL | 20ROLL | 100ROLL Cetakan Hitam,Rp21.250,21250.0
pengikat-perekat,Asaba Stationery - Isi Stapler MAX Staples No.1210FA-H,Rp31.000,31000.0
pengikat-perekat,JOYKO Isi Staples No. 1217S - Super Kuat - Tajam - Pack,Rp10.900,10900.0
pengikat-perekat,FLYHOME Lakban coklat 1 dus 100yard 48mm x 100yard 100 yard ECO Instan,Rp583.000,583000.0
pengikat-perekat,Stiker Deco Natal - Sticker Christmas - Stiker Set Natal,Rp20.000,20000.0
pengikat-perekat,Capricorn Design Gift Tag Valentine Lucu Isi 20 Premium | Hang Tag Kado Romantis & Estetik - HTV 007,Rp19.900,19900.0
pengikat-perekat,UHU - Glue Stick 40Gr Lem Kertas Stik - Pcs,Rp43.500,43500.0
pengikat-perekat,Baseus ACTDJ-0K Cross Peas Cable Clip Brown,Rp30.450,30450.0
pengikat-perekat,Stiker Kotak Idul Fitri | Stiker Lebaran | Stiker Kue Lebaran Premium,Rp40.000,40000.0
pengikat-perekat,MAX Stapler dan Staples HD-10G + 10-1M,Rp45.590,45590.0
pengikat-perekat,Done Handymade fimo liquid clay deco gel polymer glue lem deco new,Rp239.990,239990.0
pengikat-perekat,Enjoyable Free Time Flake Deco Stickers Set - Stiker Lucu,Rp17.141,17141.0
pengikat-perekat,New Product! MAX Stapler HD-10G Pastel Series,Rp46.200,46200.0
pengikat-perekat,Sticker Stiker Label Nama Anak Custom Nama Karakter,Rp5.000,5000.0
pengikat-perekat,BLITZ Lakban OPP Bening 45 mm x 60 Yard Adhesive Tape Selotip Perekat Lem Isolasi,Rp8.500,8500.0
pengikat-perekat,Heavy Duty Staples / Isi Stapler / Refill Stapler Joyko 1217S,Rp11.600,11600.0
pengikat-perekat,Deli E38561 Office Consumable/Binder Klip-Binder Clips 51mm Stationery,Rp30.900,30900.0
pengikat-perekat,hololive production travel collection made in Indonesia edition Sticker,Rp28.000,28000.0
pengikat-perekat,Lakban Fragile Putih 45 x 72 Yard | Solasi Fragile,Rp8.800,8800.0
pengikat-perekat,FLYHOME Fragile merah 72yard 48mm x 72yard 1 roll Lakban Fragile ECO,Rp8.800,8800.0
pengikat-perekat,SDI 1129 HD-50 Stapler No.3,Rp50.150,50150.0
surat-menyurat,Capricorn Design Angpau Lebaran Exclusive Isi 5 | Amplop Hari Raya Idul Fitri Elegan & Lucu - AMPFB 305,Rp11.900,11900.0
surat-menyurat,Capricorn Design Amplop Lebaran Aesthetic Midnight Starry Night Isi 5 | Angpau Idul Fitri Desain Modern Premium - AMPFB 314,Rp11.900,11900.0
surat-menyurat,MONEY ENVELOPE SMALL - ANGPAO - AMPLOP UANG - HALLMARK - HAL017,Rp35.000,35000.0
surat-menyurat,Merpati Amplop 162 x 114 mm No. 110 - 80 GRAM Silicone (Perekat) 1 Pack isi 100 Lembar - 1 Pack,Rp26.300,26300.0
surat-menyurat,AMPLOP LEBARAN ESTETIK AMPLOP LEBARAN BUNGA CANTIK ANGPAO LEBARAN HARI,Rp14.900,14900.0
surat-menyurat,BUBBLE WRAP untuk tambahan packing 1CM X 6CM TEBAL Lebih Baik Melindungi Produk Selama Perjalanan,Rp4.000,4000.0
surat-menyurat,Amplop Imlek IMLB 105 isi 5,Rp11.900,11900.0
surat-menyurat,Capricorn Design Amplop Natal / Christmas Envelope isi 6 – Angpau Natal Lucu Elegan AMPCX 055 Kertas Paper,Rp14.900,14900.0
surat-menyurat,Capricorn Design Amplop Natal / Christmas Envelope isi 6 – Angpau Natal Lucu Elegan AMPCX 070 Kertas Paper,Rp14.900,14900.0
surat-menyurat,Capricorn Design Amplop Idul Fitri Eid Mubarak Brown Isi 5 | Angpao Lebaran Premium - AMPFK 059,Rp11.900,11900.0
surat-menyurat,Capricorn Design Amplop Lebaran Isi 5 - AMPF 405 Kertas Paper,Rp8.900,8900.0
surat-menyurat,ARTLINE Xstamper Xtensions Numeral Stamp / Numerik Stempel EGRN-25M,Rp161.767,161767.0
surat-menyurat,Capricorn Design Amplop Imlek / Chinese New Year AMIK 096 Isi 5,Rp8.900,8900.0
surat-menyurat,Bambi Amplop Isi 5 Pcs Twin Lion Dance Original,Rp18.900,18900.0
surat-menyurat,Amplop Coklat Tali 311 Fox - Map Airmail Dokumen Surat Lamaran Kerja Brown Kraft String Button Envelope,Rp2.429,2429.0
surat-menyurat,Amplop Putih Polos Paperline Dengan Perekat 100 Pcs Ukuran 152x95 162x114 230x110 MM / PB EDUKASI ANAK - PBNB,Rp32.500,32500.0
surat-menyurat,Angpao CNY 2026 - Hush Puppies (Not For Sale),Rp999.000,999000.0
surat-menyurat,[Tangerang] Ongkos Kirim Kurir Toko,Rp150.000,150000.0
surat-menyurat,Capricorn Design Amplop Lebaran Isi 5 - AMPF 307,Rp11.900,11900.0
surat-menyurat,Capricorn Design Amplop Lebaran Isi 5 - AMPFB 195,Rp11.900,11900.0
surat-menyurat,Amplop Lebaran / THR Hijau Premium Kertas Tebal Ukuran 16 x 9 cm (Isi 5 Pcs),Rp20.000,20000.0
surat-menyurat,ANGPAO MIKA ISI 18 PANAJANG ANGPAO MIKA PANJANG ISI 18 SHIO ULAR 2025 VARIAN GOLD ATAU EMAS,Rp17.900,17900.0
surat-menyurat,CETAK SERTIFIKAT CUSTOM MURAH,Rp50.000,50000.0
surat-menyurat,Homelines EXTRA / TAMBAHAN BUBBLE WRAP PACKING,Rp2.000,2000.0
surat-menyurat,MONEY ENVELOPE SMALL - ANGPAO - AMPLOP UANG - HALLMARK - HAL023,Rp35.000,35000.0
surat-menyurat,ARTLINE XSTAMPER QUIX QPTL-Q1140R-U/Q10 STAMPEL Q10,Rp154.000,154000.0
surat-menyurat,ANGPAO / AMPLOP PREMIUM WEDDING PERNIKAHAN ANGPAO SUSU TEBAL W15,Rp9.900,9900.0
surat-menyurat,MONEY ENVELOPE LARGE - ANGPAO - AMPLOP UANG - HALLMARK - HAL041,Rp45.000,45000.0
surat-menyurat,Capricorn Design Angpao Lebaran Karakter Lucu Isi 5 Pcs | Amplop Idul Fitri Tema Mudik & Keluarga - AMPFB 283,Rp11.900,11900.0
surat-menyurat,Capricorn Design Amplop Lebaran Vibrant Eid Collage Isi 5 | Angpau Idul Fitri Design Trendy Pink Estetik - AMPFB 345,Rp11.900,11900.0
surat-menyurat,Capricorn Design Amplop Lebaran Isi 5 - AMPF 415,Rp8.900,8900.0
surat-menyurat,MONEY ENVELOPE SMALL - ANGPAO - AMPLOP UANG - HALLMARK - HAL037,Rp35.000,35000.0
surat-menyurat,MONEY ENVELOPE LARGE - ANGPAO - AMPLOP UANG - HALLMARK - HAL031,Rp45.000,45000.0
surat-menyurat,Capricorn Design Amplop Lebaran Motif Eid Full Color Isi 5 | Amplop Idul Fitri Unik Premium - AMPFB 325,Rp11.900,11900.0
surat-menyurat,Amplop Coklat Tali 312 Fox - Map Airmail Dokumen Surat Lamaran Kerja Brown Kraft String Button Envelope,Rp2.927,2927.0
surat-menyurat,Capricorn Design Amplop Imlek / Chinese New Year AMIK 099 Isi 5,Rp8.900,8900.0
surat-menyurat,Simpaty Am Garda 90/10 Am R0913,Rp9.100,9100.0
surat-menyurat,Amplop Lebaran Idul Fitri Motif Snack Viral Pack Isi 10 Amplop Permen ATK,Rp5.850,5850.0
surat-menyurat,【 10 Paket】KAYOU My Little Pony Kartu CR Keabadian Persahabatan Paket Momen Menarik Resmi Kartu Koleksi Kartu Resmi Mainan Sekitar,Rp80.000,80000.0
surat-menyurat,"bukuqu Amplop Edisi #MinalAidzin - Ukuran 7x15,5 cm - [1 Pack Isi 6 Pcs]",Rp9.150,9150.0
surat-menyurat,Capricorn Design Amplop Lebaran Isi 5 - AMPF 319,Rp11.900,11900.0
surat-menyurat,Capricorn Design Amplop Angpau Natal isi 6 – Christmas Envelope / Amplop Kado Lucu AMPACK 059 Kertas Paper,Rp14.900,14900.0
surat-menyurat,Stamp Pad - Bak Stempel Bantalan Hero E2460 Warna Ungu,Rp15.488,15488.0
surat-menyurat,AMPLOP COKLAT LEM 311/PACK 125 AA624621311 KIKY,Rp20.500,20500.0
surat-menyurat,Amplop Coklat Samson B Fox Super Kabinet 100 Lembar - Brown Kraft Paper Samson Envelope,Rp44.806,44806.0
surat-menyurat,Amplop Putih Polos Tebal No 104 [80 Gram/1 Box] / Amplop Kiky Model Banker 1 Pack / Silicone Envelope / Kondangan / Ampau 1 Pak Surat,Rp25.500,25500.0
surat-menyurat,BONUS PACKING RAPI DAN AMAN DAN STIKER WAJIB VIDEO UNBOXING,Rp115.000,115000.0
surat-menyurat,BUBBLE WRAP PACKING TAMBAHAN Pembelian Barang yang mudah penyok,Rp10.000,10000.0
surat-menyurat,Capricorn Design Amplop Lebaran Isi 5 - AMPF 420 Kertas Paper,Rp8.900,8900.0
surat-menyurat,Capricorn Design Amplop Idul Fitri Elegan isi 5 | Angpau Lebaran Motif Maaf Lahir Batin Premium - AMPFK 070,Rp11.900,11900.0
surat-menyurat,Capricorn Design Amplop Lebaran Isi 5 - AMPF 421 Kertas Paper,Rp8.900,8900.0
surat-menyurat,Capricorn Design Amplop Lebaran Eksklusif Floral Tile Isi 5 | Angpau Idul Fitri Soft Pink Mint Premium - AMPFB 377,Rp11.900,11900.0
surat-menyurat,Capricorn Design Amplop Lebaran High Quality Isi 5 | Angpao Hari Raya Idul Fitri Premium - AMPFB 339,Rp11.900,11900.0
surat-menyurat,MONEY ENVELOPES SMALL - ANGPAO - AMPLOP UANG - HALLMARK - HAL001,Rp35.000,35000.0
surat-menyurat,ANGPAO IMLEK MIKA GOLD PENDEK SHIO KUDA 2026 ANGPAO MIKA EDISI TERBARU 2026 TULISAN GOLD ATAU EMAS,Rp14.900,14900.0
surat-menyurat,Capricorn Design Amplop Envelope Premium Isi 5 | Angpau Pernikahan Vintage Botanical Motif Flowers Elegant & Mewah – AMPEF 045,Rp15.500,15500.0
surat-menyurat,Ringke Casing Compatible For Samsung Galaxy A54 5G Fusion Card Clear Bening Case Tempat Kartu Card Holder Uang Kartu Kredit Hybrid Softcase Tipis Slim Armor Tough Rugged Hardcase Full Cover Melindungi Layar Kamera No Slip Military Drop Clear Transparant,Rp196.800,196800.0
surat-menyurat,Capricorn Design Amplop Lebaran Isi 5 - AMPF 315,Rp8.900,8900.0
surat-menyurat,Capricorn Design Amplop Lebaran Minimalis Zen Aesthetic Isi 5 | Angpau Idul Fitri Eksklusif Arabic Calligraphy Gold- AMPFB 212,Rp11.900,11900.0
surat-menyurat,Capricorn Design Amplop Natal / Christmas Envelope Craft Paper Isi 6 - AMPCK 086,Rp28.500,28500.0
surat-menyurat,Amplop Coklat Airmail 312 Eceran 38.8cm x 28.6cm,Rp2.500,2500.0
surat-menyurat,DELIVERY ONGKOS KIRIM (BIAYA ONGKOS KIRIM),Rp50.000,50000.0
surat-menyurat,Joyko Stamp Pad Bak Stempel Bantalan Tinta No. 1 No.1 No1 Stamppad ORI,Rp8.000,8000.0
surat-menyurat,Amplop Coklat Airmail 312 Eceran 38.8cm x 28.6cm,Rp2.500,2500.0
surat-menyurat,Plastic Bubble Wrap Bungkus Kemasanbu,Rp5.000,5000.0
surat-menyurat,Capricorn Design Amplop Natal / Christmas Envelope Craft Paper Isi 6 - AMPCK 077,Rp25.800,25800.0
surat-menyurat,Capricorn Design Amplop Lebaran Isi 5 - AMPF 345,Rp8.900,8900.0
surat-menyurat,PAPERLINE Amplop Kertas no. 104 Kecil & no. 90 Besar - BALL (Isi 5 Pak),Rp87.500,87500.0
surat-menyurat,[GIFT] Amplop Idul Fitri Non Dairy Creamer,Rp999.999,999999.0
surat-menyurat,MONEY ENVELOPE LARGE - ANGPAO - AMPLOP UANG - HALLMARK - HAL040,Rp45.000,45000.0
surat-menyurat,Capricorn Design Amplop Natal / Christmas Envelope isi 6 – Angpau Natal Lucu Elegan AMPCX 081 Kertas Paper,Rp14.900,14900.0
surat-menyurat,Capricorn Design Amplop Lebaran Isi 5 - AMPF 418,Rp8.900,8900.0
surat-menyurat,Capricorn Design Amplop Angpau Natal isi 6 – Christmas Envelope / Amplop Kado Lucu AMPACK 029 Kertas Paper,Rp14.900,14900.0
surat-menyurat,Capricorn Design Amplop Angpau Natal isi 6 – Christmas Envelope / Amplop Kado Lucu AMPACK 031 Kertas Paper,Rp14.900,14900.0
surat-menyurat,Capricorn Design Amplop Angpau Natal isi 6 – Christmas Envelope / Amplop Kado Lucu AMPACK 035 Kertas Paper,Rp14.900,14900.0
surat-menyurat,PACKING BUBBLE DAN DUS TAMBAHAN / PACKING TAMBAHAN,Rp3.000,3000.0
surat-menyurat,MONEY ENVELOPE LARGE - ANGPAO - AMPLOP UANG - HALLMARK - HAL048,Rp45.000,45000.0
surat-menyurat,Amplop Lebaran 2026 [Pustaka Hulwah X Iska Media Utama],Rp35.000,35000.0
surat-menyurat,Capricorn Design Amplop / Money Envelope Amplop NIkah Pernikahan Wedding Animal KOI Flowers Isi 5 – AMPEF 037,Rp15.500,15500.0
surat-menyurat,angpao ulang tahun terbaru /angpao panjang umur /amplop ulang tahun ANGPAO SHOU GLITTER ISI 2,Rp24.900,24900.0
surat-menyurat,LAVIN JE Bubble Wrap (Khusus Extra Packing TIDAK DIJUAL SATUAN) B198,Rp2.690,2690.0
surat-menyurat,[GIMMICK] Amplop Milkita Candy 5 pcs,Rp999.999,999999.0
surat-menyurat,DOA - Meela Pashmina Maroon,Rp295.000,295000.0
surat-menyurat,DOA - Meela Pashmina Ocean,Rp295.000,295000.0
surat-menyurat,Capricorn Design Amplop Natal / Christmas Envelope isi 6 – Angpau Natal Lucu Elegan AMPCX 066 Kertas Paper,Rp14.900,14900.0
surat-menyurat,Capricorn Design Amplop Natal / Christmas Envelope isi 6 – Angpau Natal Lucu Elegan AMPCX 067 Kertas Paper,Rp14.900,14900.0
surat-menyurat,MONEY ENVELOPE LARGE - ANGPAO - AMPLOP UANG - HALLMARK - HLL025,Rp45.000,45000.0
surat-menyurat,Capricorn Design Amplop Natal / Christmas Envelope isi 6 – Angpau Natal Lucu Elegan AMPCX 045 Kertas Paper,Rp14.900,14900.0
surat-menyurat,Capricorn Design Amplop Natal / Christmas Envelope isi 6 – Angpau Natal Lucu Elegan AMPCX 077 Kertas Paper,Rp14.900,14900.0
surat-menyurat,Capricorn Design Amplop Natal / Christmas Envelope isi 6 – Angpau Natal Lucu Elegan AMPCX 082 Kertas Paper,Rp14.900,14900.0
surat-menyurat,Capricorn Design Amplop Angpau Natal isi 6 – Christmas Envelope / Amplop Kado Lucu AMPACK 026 Kertas Paper,Rp14.900,14900.0
surat-menyurat,Capricorn Design Amplop Lebaran Pink Checkered Aesthetic Isi 5 | Angpau Lebaran Premium Pink Unik - AMPFB 257,Rp11.900,11900.0
surat-menyurat,Capricorn Design Amplop Idul Fitri Summer Vibes Isi 5 | Angpau Lebaran Modern Tropical Style Premium - AMPFB 265,Rp11.900,11900.0
surat-menyurat,AMPLOP COKLAT LEM 310/PACK 125 AA624621310 KIKY,Rp17.000,17000.0
surat-menyurat,Capricorn Design Amplop Natal / Christmas Envelope Craft Paper Isi 6 - AMPCK 081 Kertas,Rp25.500,25500.0
surat-menyurat,Jplus Amplop Putih Jendela KANAN No.90 / 80g JPLUS Biru [ 1 PACK ],Rp54.500,54500.0
surat-menyurat,Capricorn Design Amplop Natal / Christmas Envelope Craft Paper Isi 6 - AMPCK 082,Rp25.000,25000.0
surat-menyurat,MONEY ENVELOPE LARGE - ANGPAO - AMPLOP UANG - HALLMARK - HAL030,Rp45.000,45000.0
surat-menyurat,[GWP] Free Amplop THR Lebaran,Rp300.000,300000.0
surat-menyurat,Capricorn Design Amplop Lebaran Kekinian Isi 5 | Angpau Idul Fitri Klasik Family Portrait Mint Stripes Desain Premium - AMPFB 215,Rp11.900,11900.0
surat-menyurat,Capricorn Design Amplop Imlek / Chinese New Year AMIK 098 Isi 5,Rp8.900,8900.0
surat-menyurat,Packing kayu khusus BODIMAX,Rp125.000,125000.0
surat-menyurat,Capricorn Design Amplop Lebaran Isi 5 - AMPFB 194,Rp11.900,11900.0
surat-menyurat,Biaya Ongkos Kirim 2,Rp3.000.000,3000000.0
surat-menyurat,Capricorn Design Amplop Idul Fitri Exclusive Isi 5 | Angpau Lebaran Motif Floral Pink Pastel Premium - AMPFB 350,Rp11.900,11900.0
surat-menyurat,MONEY ENVELOPE LARGE - ANGPAO - AMPLOP UANG - HALLMARK - HAL032,Rp45.000,45000.0
surat-menyurat,MONEY ENVELOPE SMALL - ANGPAO - AMPLOP UANG - HALLMARK - HAL013,Rp35.000,35000.0
surat-menyurat,Capricorn Design Angpao Idul Fitri Aesthetic White Pattern isi 5 | Angpau Idul Fitri THR Cokelat Tanpa Lipat - AMPFK 065,Rp11.900,11900.0
surat-menyurat,Capricorn Design Amplop Angpau Natal isi 6 – Christmas Envelope / Amplop Kado Lucu AMPACK 043 Kertas Paper,Rp14.900,14900.0
surat-menyurat,Packbag ID Polymailer Besar Biru Transparan 40x57 & 50x62 50pcs dengan Permanen Seal 30 Micron LDPE Tipis,Rp16.800,16800.0
surat-menyurat,Angpao Imlek Pendek Jaspart Gold Premium Tahun Terbaru SHIO KUDA 2026,Rp4.990,4990.0
surat-menyurat,Capricorn Design Amplop Lebaran Isi 5 - AMPF 304,Rp8.900,8900.0
surat-menyurat,ARTLINE Xstamper Xtensions Alphabet Stamp / Alfabet Stempel EGRA-25M,Rp269.501,269501.0
surat-menyurat,Amplop Lebaran Premium Gold by Paperie Lab,Rp7.000,7000.0
surat-menyurat,Kiky Amplop Merpati 104-80Gr Silic/Box,Rp28.500,28500.0
surat-menyurat,MIKE Kantong Plastik Packing Polymailer isi 100 pcs Plastik packing Olshop Warna Hitam HD Eco,Rp10.771,10771.0
surat-menyurat,DOA - Meela Pashmina Sorrell Brown,Rp295.000,295000.0
surat-menyurat,Xantri Tinta Stempel Waterproof Biru 10ml Refill Ink Tahan Air Permanen Cocok Untuk Semua Stempel Flash,Rp16.000,16000.0
surat-menyurat,Tinta Isi Ulang Stamp Stampel Stempel Flash Warna 10ml Tahan Air Refil,Rp12.000,12000.0
surat-menyurat,EXTRA PACKING BUBBLE WARP / PLASTIK GELEMBUNG UKURAN 1M X 125CM,Rp6.000,6000.0
surat-menyurat,Capricorn Design Amplop Natal / Christmas Envelope isi 6 – Angpau Natal Lucu Elegan AMPCX 052 Kertas Paper,Rp14.900,14900.0
surat-menyurat,Capricorn Design Amplop Lebaran Isi 5 - AMPF 370,Rp8.900,8900.0
surat-menyurat,Capricorn Design Amplop Idul Fitri Aesthetic Home Decor Isi 5 | Angpau Lebaran Premium Motif Islami Modern - AMPFB 320,Rp11.900,11900.0
surat-menyurat,Capricorn Design Amplop Lebaran Eksklusif Desain Turkish & Moroccan Isi 5 | Angpao Idul Fitri Premium - AMPFB 332,Rp11.900,11900.0
surat-menyurat,Amplop Coklat Airmail 312 Eceran 38.8cm x 28.6cm,Rp2.500,2500.0
surat-menyurat,DELIVERY ONGKOS KIRIM (BIAYA ONGKOS KIRIM),Rp50.000,50000.0
surat-menyurat,Joyko Stamp Pad Bak Stempel Bantalan Tinta No. 1 No.1 No1 Stamppad ORI,Rp8.000,8000.0
surat-menyurat,Amplop Coklat Airmail 312 Eceran 38.8cm x 28.6cm,Rp2.500,2500.0
surat-menyurat,Plastic Bubble Wrap Bungkus Kemasanbu,Rp5.000,5000.0
surat-menyurat,Capricorn Design Amplop Natal / Christmas Envelope Isi 6 - AMPCX 083 Kertas Paper,Rp14.900,14900.0
surat-menyurat,Capricorn Design Amplop Idul Fitri Minimalis Isi 5 | Angpau Lebaran Karakter Lucu Aesthetic & Premium - AMPFB 362,Rp11.900,11900.0
surat-menyurat,ANGPAO BUKA KEPALA PENDEK EDISI IMLEK SHIO ULAR 2025 angpao bersuara,Rp9.950,9950.0
surat-menyurat,Capricorn Design Amplop Lebaran AMPFK isi 5 - 020,Rp11.900,11900.0
surat-menyurat,Capricorn Design Amplop Lebaran Daun Aesthetic Isi 5 | Angpao Idul Fitri Minal Aidin Wat Faidzin - AMPFK 027,Rp11.900,11900.0
surat-menyurat,Capricorn Design Amplop Lebaran Isi 5 - AMPF 313,Rp11.900,11900.0
surat-menyurat,Capricorn Design Angpao Idul Fitri Aesthetic Kraft Isi 5 | Amplop Minimalis Lebaran Panjang Tanpa Lipat - AMPFK 079,Rp11.900,11900.0
surat-menyurat,Capricorn Design Amplop Idul Fitri White Filigree isi 5 | Angpao Lebaran Royal Kraft - AMPFK 074,Rp11.900,11900.0
surat-menyurat,MONEY ENVELOPE LARGE - ANGPAO - AMPLOP UANG - HALLMARK - HAL039,Rp45.000,45000.0
surat-menyurat,MONEY ENVELOPE LARGE - ANGPAO - AMPLOP UANG - HALLMARK - HLL018,Rp45.000,45000.0
surat-menyurat,MONEY ENVELOPE SMALL - ANGPAO - AMPLOP UANG - HALLMARK - HAL020,Rp35.000,35000.0
surat-menyurat,MONEY ENVELOPE LARGE - ANGPAO - AMPLOP UANG - HALLMARK - HLL006,Rp45.000,45000.0
surat-menyurat,Angpao amplop uang thr Lebaran iamcili (grup 06),Rp31.000,31000.0
surat-menyurat,Amplop Putih Polos Tebal No104 80 Gram Kiky 1 Pack Silicone Envelope,Rp25.500,25500.0
surat-menyurat,ANGPAO IMLEK FUK KEMASAN MIKA HONGBAO KOTAK MIKA PENDEK ANGPAO FUK VERSI GOLD IMLEK SHIO KUDA 2026,Rp14.900,14900.0
surat-menyurat,Angpao Imlek Premium Jaspart Bentuk Dompet Tahun Terbaru,Rp14.900,14900.0
surat-menyurat,Capricorn Design Amplop Lebaran Isi 5 - AMPF 312,Rp8.900,8900.0
surat-menyurat,EXTRA PACKING KAYU UNTUK WPC PANEL PACKING KAYU AMAN,Rp25.000,25000.0
surat-menyurat,Capricorn Design Amplop Lebaran Isi 5 - AMPF 311,Rp8.900,8900.0
surat-menyurat,Extra Bubble & Packing Dus Tambahan bubble dus kardus non Kayu,Rp2.860,2860.0
surat-menyurat,Ongkir Pengiriman Barang Indorack (HANYA UNTUK REQUEST SAJA),Rp100.000,100000.0
surat-menyurat,Capricorn Design Amplop Polos Aesthetic Kerajinan DIY Mix Warna Berbagai Ukuran Kecil,Rp299,299.0
surat-menyurat,DOA - Meela Pashmina Foxtrot,Rp295.000,295000.0
surat-menyurat,Capricorn Design Amplop Lebaran Eid Mubarak Isi 5 | Angpao Idul Fitri Karakter Muslim Premium - AMPFB 175,Rp11.900,11900.0
surat-menyurat,Capricorn Design Amplop Natal / Christmas Envelope Craft Paper Isi 6 - AMPCK 087,Rp25.700,25700.0
surat-menyurat,MONEY ENVELOPE LARGE - ANGPAO - AMPLOP UANG - HALLMARK - HAL010,Rp45.000,45000.0
surat-menyurat,AMPLOP LEBARAN HARI RAYA IDUL FITRI PREMIUM PANJANG / BESAR - TC,Rp59.900,59900.0
surat-menyurat,390 lembar 1kg Angpao Shio Naga Random Motif Dragon 2024,Rp65.000,65000.0
surat-menyurat,Capricorn Design Amplop Lebaran Isi 5 - AMPF 348,Rp8.800,8800.0
surat-menyurat,Capricorn Design Amplop Lebaran Isi 5 - AMPF 412,Rp8.900,8900.0
surat-menyurat,Capricorn Design Amplop Angpau Natal isi 6 – Christmas Envelope / Amplop Kado Lucu AMPACK 025 Kertas Paper,Rp14.900,14900.0
surat-menyurat,Capricorn Design Amplop Natal / Christmas Envelope isi 6 – Angpau Natal Lucu Elegan AMPCX 068 Kertas Paper,Rp14.900,14900.0
surat-menyurat,Capricorn Design Amplop Lebaran Motif Bunga Cantik Isi 5 | Angpau Idul Fitri Lucu & Premium Pink Pastel - AMPFB 355,Rp11.900,11900.0
surat-menyurat,Capricorn Design Amplop Idul Fitri Aesthetic Isi 5 | Angpao Lebaran Premium & Modern - AMPFB 342,Rp11.900,11900.0
surat-menyurat,Capricorn Design Amplop Lebaran Minimalis Isi 5 pcs | Angpau Idul Fitri Motif Simple Premium - AMPFB 357,Rp11.900,11900.0
surat-menyurat,MONEY ENVELOPE LARGE - ANGPAO - AMPLOP UANG - HALLMARK - HAL060,Rp45.000,45000.0
surat-menyurat,Mount Bromo Postcard Series,Rp31.500,31500.0
surat-menyurat,Capricorn Design Amplop Idul Fitri Premium Isi 5 pcs | Angpau Lebaran Motif Modern & Ceria - AMPFB 364,Rp11.900,11900.0
surat-menyurat,Capricorn Design Amplop Lebaran Isi 5 - AMPF 425 Kertas Paper,Rp8.900,8900.0
surat-menyurat,COHI - TAMBAHAN BUBBLE WRAP PADA PRODUK,Rp6.000,6000.0
surat-menyurat,"Amplop lebaran THR premium tebal spesial karakter Mickey dan Minnie Mouse, Idul Fitri, ketupat, mudik",Rp7.000,7000.0
surat-menyurat,Capricorn Design Amplop Lebaran Isi 5 - AMPF 424,Rp8.900,8900.0
surat-menyurat,Capricorn Design Amplop Imlek / Chinese New Year AMIK 104 Isi 5,Rp8.900,8900.0
surat-menyurat,ATK413KY Alat Pelindung Bolongan Kertas Fle Protector PSM10 KOKUYO,Rp195.000,195000.0
surat-menyurat,Laptop TECNO MEGABOOK K15S RYZEN 5 7430 8GB 512GB W11 15.6 FHD IPS,Rp7.819.000,7819000.0
surat-menyurat,MONEY ENVELOPE SMALL - ANGPAO - AMPLOP UANG - HALLMARK - HAL048,Rp35.000,35000.0
surat-menyurat,MONEY ENVELOPE LARGE - ANGPAO - AMPLOP UANG - HALLMARK - HAL026,Rp45.000,45000.0
surat-menyurat,packing Dus plus bubblewarp Mbiopro,Rp500.000,500000.0
surat-menyurat,Capricorn Design Amplop Lebaran Mosaik Isi 5 | Angpao Idul Fitri Earthy Modern Premium - AMPFK 029,Rp11.900,11900.0
surat-menyurat,ANGPAO IMLEK NETRAL FU FUK ANGPAO KELUARAN TAHUN NAGA 2024 YEAR OF THE DRAGON,Rp4.990,4990.0
surat-menyurat,HADIAH ANGPAO IMLEK COZIRU,Rp99.999,99999.0
surat-menyurat,Tambahan Asuransi Pengiriman Paket,Rp10.000,10000.0
surat-menyurat,Capricorn Design Amplop Lebaran Playful Typography Isi 5 | Angpau Idul Fitri Aesthetic Motif Ketupat Doodle - AMPFB 360,Rp11.900,11900.0
surat-menyurat,Capricorn Design Amplop Lebaran Unik Retro Eid Comic Grid Isi 5 | Angpau Idul Fitri Pop Art Warna-Warni Premium - AMPFB 326,Rp11.900,11900.0
surat-menyurat,MONEY ENVELOPE SMALL - ANGPAO - AMPLOP UANG - HALLMARK - HAL024,Rp35.000,35000.0
surat-menyurat,Capricorn Design Amplop Lebaran Isi 5 - AMPF 404,Rp8.900,8900.0
surat-menyurat,B29 Sampul Buku Plastik OPP Seal Kuarto/ Boxy/ Folio/ LKS - 1 Pak (50 Lembar),Rp12.000,12000.0
surat-menyurat,ANGPAO AMPLOP IMLEK FU / FUK PANJANG,Rp14.900,14900.0
surat-menyurat,Capricorn Design Amplop Lebaran Terracotta Aesthetic Isi 5 | Angpau Idul Fitri Mewah Elegan Exclusive Money - AMPFB 306,Rp11.900,11900.0
surat-menyurat,Capricorn Design Amplop Lebaran Patchwork Modern Isi 5 | Angpau Idul Fitri Premium Colorful Pop Art Kekinian - AMPFB 301,Rp11.900,11900.0
surat-menyurat,Amplop Coklat Polos 1/2 Folio Air Mail / Amplop Dinas Samson,Rp700,700.0
surat-menyurat,Amplop Coklat Airmail 312 Eceran 38.8cm x 28.6cm,Rp2.500,2500.0
surat-menyurat,Joyko Stamp Pad Bak Stempel Bantalan Tinta No. 1 No.1 No1 Stamppad ORI,Rp8.000,8000.0
surat-menyurat,Amplop Coklat Airmail 312 Eceran 38.8cm x 28.6cm,Rp2.500,2500.0
surat-menyurat,DELIVERY ONGKOS KIRIM (BIAYA ONGKOS KIRIM),Rp50.000,50000.0
surat-menyurat,Capricorn Design Amplop Idul Fitri Modern Isi 5 | Amplop lebaran Motif Islami Premium - AMPFB 366,Rp11.900,11900.0
surat-menyurat,Capricorn Design Amplop Lebaran Urban Typography isi 5 | Angpau Idul Fitri Aesthetic - AMPFK 077,Rp11.900,11900.0
surat-menyurat,Capricorn Design Amplop Lebaran Patchwork Modern Isi 5 | Angpau Idul Fitri Premium Colorful Pop Art Kekinian - AMPFB 301,Rp11.900,11900.0
surat-menyurat,Capricorn Design Amplop Angpau Natal isi 6 – Christmas Envelope / Amplop Kado Lucu AMPACK 030 Kertas Paper,Rp14.900,14900.0
surat-menyurat,Capricorn Design Amplop Lebaran Terracotta Aesthetic Isi 5 | Angpau Idul Fitri Mewah Elegan Exclusive Money - AMPFB 306,Rp11.900,11900.0
surat-menyurat,TGM MERCH - Amplop 3D / amplop THR hari Raya | Edisi Ramadan,Rp20.000,20000.0
surat-menyurat,MONEY ENVELOPE LARGE - ANGPAO - AMPLOP UANG - HALLMARK - HAL001,Rp45.000,45000.0
surat-menyurat,MONEY ENVELOPE SMALL - ANGPAO - AMPLOP UANG - HALLMARK - HAL019,Rp35.000,35000.0
surat-menyurat,Capricorn Design Amplop Lebaran Isi 5 - AMPF 393 Kertas Paper,Rp8.900,8900.0
surat-menyurat,Capricorn Design Amplop Lebaran Pastel Lucu Isi 5 | Angpau Idul Fitri Family Eid Feast Premium - AMPFB 190,Rp11.900,11900.0
surat-menyurat,Capricorn Design Amplop Angpau Natal isi 6 – Christmas Envelope / Amplop Kado Lucu AMPACK 061 Kertas Paper,Rp14.900,14900.0
surat-menyurat,MONEY ENVELOPE LARGE - ANGPAO - AMPLOP UANG - HALLMARK - HAL059,Rp45.000,45000.0
surat-menyurat,MONEY ENVELOPE LARGE - ANGPAO - AMPLOP UANG - HALLMARK - HAL035,Rp45.000,45000.0
surat-menyurat,Capricorn Design Amplop Angpau Natal isi 6 – Christmas Envelope / Amplop Kado Lucu AMPACK 075 Kertas,Rp25.000,25000.0
surat-menyurat,Capricorn Design Amplop Natal / Christmas Envelope Craft Paper Isi 6 - AMPCK 071,Rp28.000,28000.0
surat-menyurat,Capricorn Design Amplop Natal / Christmas Envelope Isi 6 - AMPCK 001,Rp11.900,11900.0
surat-menyurat,Capricorn Design Amplop / Money Envelope Geometrics isi 5 – AMPEF 046,Rp15.500,15500.0
surat-menyurat,Capricorn Design Amplop Lebaran Isi 5 - AMPF 387 Kertas Paper,Rp8.900,8900.0
surat-menyurat,AMPLOP LEBARAN HARI RAYA IDUL FITRI 2025 MIKA ISI 50 LEMBAR KARTUN ETA 2,Rp12.900,12900.0
surat-menyurat,BUBBLE WRAP HITAM & PUTIH 1 roll 125cm x 50m BUBBLEWRAP HITAM & PUTIH 125 X 50m TEBAL,Rp223.600,223600.0
surat-menyurat,Simpaty Am Garda 104/10 Am R0913,Rp7.000,7000.0
surat-menyurat,KIRIM KURIR TOKO AREA JAKARTA,Rp100.000,100000.0
surat-menyurat,DOA - Meela Pashmina Ashy,Rp295.000,295000.0
surat-menyurat,DOA - Meela Pashmina Dark Grey,Rp295.000,295000.0
surat-menyurat,"[APBG4JHarmony Shops Mainan Kendaraan Anak&BahanPacking I Mobil Mainan, Karting Anak, Sepeda AnakIAman& Rapi",Rp999.999,999999.0
surat-menyurat,"[YQBCJHarmony Shops Mainan Kendaraan Anak&BahanPacking I Mobil Mainan, Karting Anak, Sepeda AnakIAman& Rapi",Rp999.999,999999.0
surat-menyurat,Capricorn Design Amplop Natal / Christmas Envelope isi 6 – Angpau Natal Lucu Elegan AMPCX 035 Kertas Paper,Rp14.900,14900.0
surat-menyurat,Capricorn Design Amplop Natal / Christmas Envelope isi 6 – Angpau Natal Lucu Elegan AMPCX 060 Kertas Paper,Rp14.900,14900.0
surat-menyurat,Capricorn Design Amplop Lebaran Happy Eid Mubarak Isi 5 | Angpao Idul Fitri Karakter Aesthetic Premium - AMPFB 285,Rp11.900,11900.0
surat-menyurat,Beauty of Angel Amplop Lebaran Hari Raya 10 PCS,Rp24.500,24500.0
surat-menyurat,MONEY ENVELOPE LARGE - ANGPAO - AMPLOP UANG - HALLMARK - RED - HAL022,Rp45.000,45000.0
surat-menyurat,MONEY ENVELOPE SMALL - ANGPAO - AMPLOP UANG - HALLMARK - HAL005,Rp35.000,35000.0
surat-menyurat,Capricorn Design Amplop / Money Envelope Oriental isi 5 – AMPEF 027,Rp15.500,15500.0
surat-menyurat,ANGPAO IMLEK PANJANG FUK FU ANGPAO MURAH ANGPAO FUK PREMIUM ISI 6 GLITTER,Rp16.900,16900.0
surat-menyurat,ANGPAO HONG BAO IMLEK PENDEK SHIO NAGA 2024 - Etalase 1,Rp1.990,1990.0
surat-menyurat,Kertas Pembungkus Kemasan Ekspedisi Yang Tebal Untuk Mengurangi Guncangan Dan Mencegah Benturan Kotak Kardus,Rp8.500,8500.0
surat-menyurat,Capricorn Design Amplop / Money Envelope Pernikahan Wedding isi 5 – AMPEF 050,Rp15.500,15500.0
surat-menyurat,Capricorn Design Amplop Natal / Christmas Envelope Isi 6 - AMPCK 007,Rp11.900,11900.0
surat-menyurat,Tambahan Asuransi Pengiriman Paket,Rp15.000,15000.0
surat-menyurat,Capricorn Design Amplop THR Lebaran Isi 5 pcs | Amplop Motif Masjid Idul Fitri Premium - AMPFB 376,Rp11.900,11900.0
surat-menyurat,Capricorn Design Amplop Lebaran Premium Isi 5 pcs | Angpau THR Idul Fitri Cantik & Ceria Colorfull - AMPFB 341,Rp11.900,11900.0
surat-menyurat,Capricorn Design Amplop Lebaran Isi 5 - AMPF 398,Rp8.900,8900.0
surat-menyurat,MONEY ENVELOPE SMALL -ANGPAO - AMPLOP UANG - HALLMARK -FF BEAR -HAL033,Rp35.000,35000.0
surat-menyurat,Capricorn Design Amplop Angpau Natal isi 6 – Christmas Envelope / Amplop Kado Lucu AMPACK 078 Kertas,Rp25.600,25600.0
surat-menyurat,MONEY ENVELOPE SMALL - ANGPAO - AMPLOP UANG - HALLMARK - HAL016,Rp35.000,35000.0
surat-menyurat,ARTLINE Xstamper Xtensions Numeral Stamp / Numerik Stempel EGRN-19M,Rp122.342,122342.0
surat-menyurat,Potatoo SEMICOLON Tato Temporer Tahan Air,Rp12.000,12000.0
surat-menyurat,Dr. Storage Extra Packing Bubble Wrap,Rp5.000,5000.0
surat-menyurat,Special Gift Parasol Frame Lebaran,Rp1.000.000,1000000.0
surat-menyurat,"bukuqu Amplop Gold #Selamat Lebaran - [1 pak isi 6] Uk 7,5x15,5 cm - Aplop Lebaran - Angpau",Rp11.500,11500.0
surat-menyurat,*BACA DESKRIPSI* YOU AMPLOP 104 45 GRAM - 1 Pack,Rp10.200,10200.0
surat-menyurat,Capricorn Design Amplop Natal / Christmas Envelope Craft Paper Isi 6 - AMPCK 069,Rp25.700,25700.0
surat-menyurat,MONEY ENVELOPE LARGE - ANGPAO - AMPLOP UANG - HALLMARK - HAL038,Rp45.000,45000.0
surat-menyurat,Amplop Putih Polos Besar Kiky Merpati [1 Box/No.90] Map Surat Uang,Rp33.900,33900.0
surat-menyurat,Angpao Imlek Jaspart Kemasan Mika Embos Emas Isi 18,Rp17.900,17900.0
surat-menyurat,Angpao Imlek Shio Premium - Etalase 1,Rp14.900,14900.0
surat-menyurat,ANGPAO IMLEK PANJANG FUK FU ANGPAO IMLEK SHIO KELINCI 2023 ANGPAO PREMIUM TEBAL,Rp16.900,16900.0
surat-menyurat,Biaya Kirim atau Ongkos Kirim Luar Jakarta II,Rp585.000,585000.0
surat-menyurat,Capricorn Design Amplop Lebaran Isi 5 - AMPF 410,Rp8.900,8900.0
surat-menyurat,Capricorn Design Amplop Angpau Natal isi 6 – Christmas Envelope / Amplop Kado Lucu AMPACK 052 Kertas Paper,Rp14.900,14900.0
surat-menyurat,Amplop Coklat Polos 1/2 Folio Air Mail / Amplop Dinas Samson,Rp700,700.0
surat-menyurat,Amplop Coklat Airmail 312 Eceran 38.8cm x 28.6cm,Rp2.500,2500.0
surat-menyurat,Joyko Stamp Pad Bak Stempel Bantalan Tinta No. 1 No.1 No1 Stamppad ORI,Rp8.000,8000.0
surat-menyurat,Amplop Coklat Airmail 312 Eceran 38.8cm x 28.6cm,Rp2.500,2500.0
surat-menyurat,DELIVERY ONGKOS KIRIM (BIAYA ONGKOS KIRIM),Rp50.000,50000.0
surat-menyurat,*BACA DESKRIPSI* YOU AMPLOP 104 45 GRAM - 1 Pack,Rp10.200,10200.0
surat-menyurat,Capricorn Design Amplop Natal / Christmas Envelope Craft Paper Isi 6 - AMPCK 069,Rp25.700,25700.0
surat-menyurat,(NE004) angpao Congratulations original iamcili ucapan selamat,Rp31.000,31000.0
surat-menyurat,Amplop Putih Polos Besar Kiky Merpati [1 Box/No.90] Map Surat Uang,Rp33.900,33900.0
surat-menyurat,Dama Kara - Amplop Karya Teman Istimewa (Isi 5pcs),Rp10.000,10000.0
surat-menyurat,Amplop idul Fitri By Elephant,Rp1.000,1000.0
surat-menyurat,Angpao Imlek / Amplop Imlek Shio - Isi 6 pcs,Rp3.990,3990.0
surat-menyurat,Amplop Coklat Samson C 1/2 Folio 100 Lembar - Brown Kraft Paper Samson Envelope 1/2 F4,Rp35.997,35997.0
surat-menyurat,KARDUS PACKING UNTUK PESANAN(WAJIB BACA DESKRIPSI),Rp2.750,2750.0
surat-menyurat,Ongkos Kirim 3,Rp675.000,675000.0
surat-menyurat,MONEY ENVELOPE SMALL - ANGPAO - AMPLOP UANG - HALLMARK - IMLEK -HLL009,Rp35.000,35000.0
surat-menyurat,MONEY ENVELOPE LARGE - ANGPAO - AMPLOP UANG - HALLMARK - HAL047,Rp45.000,45000.0
surat-menyurat,Capricorn Design Amplop Lebaran Isi 5 - AMPF 375,Rp8.900,8900.0
surat-menyurat,Amplop Putih Polos Panjang Paperline [PPS-90] / Envelope Uang [1 Pack],Rp32.150,32150.0
surat-menyurat,Capricorn Design Amplop Lebaran Mewah Isi 5 | Angpau Idul Fitri Motif Bunga Premium - AMPFB 334,Rp11.900,11900.0
surat-menyurat,Angpao Imlek Premium Jaspart Panjang dan Pendek Tahun Terbaru Etalase 1,Rp5.990,5990.0
surat-menyurat,Capricorn Design Amplop Lebaran Happy Eid Mubarak Isi 5 | Angpao Idul Fitri Karakter Lucu Premium - AMPFB 291,Rp11.900,11900.0
surat-menyurat,Capricorn Design Amplop Lebaran Isi 5 - AMPF 386,Rp8.900,8900.0
surat-menyurat,Capricorn Design Angpau Lebaran Exclusive Isi 5 | Amplop Hari Raya Idul Fitri Elegan & Lucu - AMPFB 352,Rp11.900,11900.0
surat-menyurat,Capricorn Design Angpao Lebaran Aesthetic Isi 5 | Amplop Idul Fitri Bunga Floral Pastel - AMPFB 349,Rp11.900,11900.0
surat-menyurat,Capricorn Design Amplop Angpau Natal isi 6 – Christmas Envelope / Amplop Kado Lucu AMPACK 063 Kertas Paper,Rp14.900,14900.0
surat-menyurat,DELIVERY ONGKOS KIRIM (BIAYA ONGKOS KIRIM),Rp50.000,50000.0
surat-menyurat,Capricorn Design Amplop Natal / Christmas Envelope isi 6 – Angpau Natal Lucu Elegan AMPCX 072 Kertas Paper,Rp14.900,14900.0
surat-menyurat,Stampel Warna Custom Satuan | Stempel Instant,Rp60.500,60500.0
surat-menyurat,ANGPAO / AMPLOP / HONGBAO FU FUK JUMBO PREMIUM ISI 6 LEMBAR 12x22,Rp29.900,29900.0
surat-menyurat,MONEY ENVELOPE LARGE - ANGPAO - AMPLOP UANG - HALLMARK - HLL021,Rp45.000,45000.0
surat-menyurat,TRAVELER STAMP,Rp12.000,12000.0
surat-menyurat,ARTLINE Xstamper Xtensions Alphabet Stamp / Alfabet Stempel EGRA-19M,Rp160.356,160356.0
surat-menyurat,Capricorn Design Amplop Lebaran Festive Eid Treats Isi 5 | Angpau Idul Fitri Aesthetic Pink Pastel Premium & Cantik - AMPFB 348,Rp11.900,11900.0
surat-menyurat,Capricorn Design Amplop Lebaran Isi 5 - AMPF 422 Kertas Paper,Rp8.900,8900.0
surat-menyurat,Print / Cetak Amplop No.90 (Custom Full Color),Rp1.600,1600.0
surat-menyurat,Capricorn Design Amplop Lebaran Lucu Isi 5 | Angpau Idul Fitri Minimalis Motif Bunga Aesthetic - AMPFB 375,Rp11.900,11900.0
surat-menyurat,MONEY ENVELOPE SMALL - ANGPAO - AMPLOP UANG - HALLMARK -HLL001,Rp35.000,35000.0
surat-menyurat,Ready Stock Kertas Continuous Form Jns 3 Full,Rp271.500,271500.0
surat-menyurat,Capricorn Design Amplop Natal / Christmas Envelope isi 6 – Angpau Natal Lucu Elegan AMPCX 096 Kertas Paper,Rp14.900,14900.0
surat-menyurat,Capricorn Design Amplop Angpau Natal isi 6 – Christmas Envelope / Amplop Kado Lucu AMPACK 027 Kertas Paper,Rp14.900,14900.0
surat-menyurat,PACKING PENGAMAN PENGIRIMAN | TRIPLEK 3MM,Rp55.000,55000.0
surat-menyurat,Capricorn Design Amplop Natal / Christmas Envelope isi 6 – Angpau Natal Lucu Elegan AMPCX 042 Kertas Paper,Rp14.900,14900.0
surat-menyurat,Capricorn Design Amplop Natal / Christmas Envelope isi 6 – Angpau Natal Lucu Elegan AMPCX 059 Kertas Paper,Rp14.900,14900.0
surat-menyurat,Capricorn Design Amplop Lebaran Minimalis Isi 5 pcs | Angpau Idul Fitri Motif Simple Premium - AMPFB 288,Rp11.900,11900.0
surat-menyurat,Capricorn Design Angpau Lebaran Exclusive Floral Isi 5 | Amplop Hari Raya Idul Fitri Elegan & Premium - AMPFB 259,Rp11.900,11900.0
surat-menyurat,Capricorn Design Amplop Natal / Christmas Envelope isi 6 – Angpau Natal Lucu Elegan AMPCK 028 Kertas Paper,Rp14.900,14900.0
surat-menyurat,Capricorn Design Amplop Angpau Natal isi 6 – Christmas Envelope / Amplop Kado Lucu AMPACK 039 Kertas Paper,Rp14.900,14900.0
surat-menyurat,WELLEN PRINT - Cetak Angpao Imlek Print Nama / Cetak Angpao CNY 2021 Karakter Lucu,Rp17.500,17500.0
surat-menyurat,Amplop Coklat Tali 310 F4 Guanaco - Map Airmail Dokumen Surat Lamaran Kerja Brown Kraft String Button Envelope Folio,Rp1.588,1588.0
surat-menyurat,Capricorn Design Amplop Idul Fitri Minimalis Isi 5 | Angpau Lebaran Karakter Lucu Aesthetic & Premium - AMPF 318,Rp8.900,8900.0
surat-menyurat,Capricorn Design Amplop Lebaran Isi 5 - AMPF 403 Kertas Paper,Rp8.900,8900.0
surat-menyurat,NUEL Tambahan Packing Kayu untuk Lemari,Rp150.000,150000.0
surat-menyurat,ARTLINE XSTAMPER QUIX QPTL-Q2449R-U/Q12,Rp266.000,266000.0
surat-menyurat,Bubble Wrap Foam Pelindung｜Anti Benturan｜Untuk Pengiriman & Perabot Rumah,Rp15.000,15000.0
surat-menyurat,ANGPAO WEDDING PANJANG AMPLOP WEDDING ANGPAO SANGJIT ANGPAO SUSU TEBAL MURAH READY STOCK,Rp6.990,6990.0
surat-menyurat,Extra Packing Kayu Ukuran Besar – Proteksi Aman untuk Barang Pecah Belah,Rp90.000,90000.0
surat-menyurat,Amplop Coklat Kabinet 11 x 24 Cm Isi 100 Amplop Gaji Cabinet 70gsm / PB EDUKASI ANAK - PBNB,Rp27.600,27600.0
surat-menyurat,Microsoft Office 365 For iPad Macbook Laptop,Rp56.000,56000.0
surat-menyurat,Capricorn Design Amplop Lebaran Tipografi Arab Premium Isi 5 | Angpao Idul Fitri Crafty Modern - AMPFK 018,Rp11.900,11900.0
surat-menyurat,Capricorn Design Amplop Lebaran Orange Star isi 5 | Angpao Idul Fitri Modern Kraft Aesthetic - AMPFK 080,Rp11.900,11900.0
surat-menyurat,Capricorn Design Amplop Angpau Natal isi 6 – Christmas Envelope / Amplop Kado Lucu AMPACK 050 Kertas Paper,Rp14.900,14900.0
surat-menyurat,Capricorn Design Amplop Angpau Natal isi 6 – Christmas Envelope / Amplop Kado Lucu AMPACK 041 Kertas Paper,Rp14.900,14900.0
surat-menyurat,Capricorn Design Amplop Natal / Christmas Envelope isi 6 – Angpau Natal Lucu Elegan AMPCX 086 Kertas Paper,Rp14.900,14900.0
surat-menyurat,Angpao Imlek Lucu Premium Angpao Chinese New year Pop Up,Rp15.000,15000.0
surat-menyurat,Joyko Stamp Pad Bak Stempel Bantalan Tinta No. 1 No.1 No1 Stamppad ORI,Rp8.000,8000.0
surat-menyurat,Amplop Coklat Polos Kabinet Air Mail / Amplop Dinas Samson,Rp400,400.0
surat-menyurat,DELIVERY ONGKOS KIRIM (BIAYA ONGKOS KIRIM),Rp50.000,50000.0
surat-menyurat,Amplop Coklat Polos 1/2 Folio Air Mail / Amplop Dinas Samson,Rp700,700.0
surat-menyurat,Amplop Coklat Airmail 310 Eceran 24.7cm x 34.9cm,Rp2.000,2000.0
surat-menyurat,Angpao Imlek Lucu Premium Angpao Chinese New year Pop Up,Rp15.000,15000.0
surat-menyurat,Capricorn Design Amplop Lebaran Cantik Floral Isi 5 | Amplop Idul Fitri Desain Modern Retro Premium - AMPFB 371,Rp11.900,11900.0
surat-menyurat,MONEY ENVELOPE LARGE - ANGPAO - AMPLOP UANG - HALLMARK - HAL015,Rp45.000,45000.0
surat-menyurat,Capricorn Design Amplop Lebaran Motif Floral Premium Isi 5 | Amplop Idul Fitri Elegan - AMPFB 373,Rp11.900,11900.0
surat-menyurat,MONEY ENVELOPE LARGE - ANGPAO - AMPLOP UANG - HALLMARK - HLL030,Rp45.000,45000.0
surat-menyurat,MONEY ENVELOPE LARGE - ANGPAO - AMPLOP UANG - HALLMARK - HAL018,Rp45.000,45000.0
surat-menyurat,Angpao Imlek Premium Jaspart Panjang dan Pendek Tahun Terbaru Etalase 2,Rp12.900,12900.0
surat-menyurat,Capricorn Design Amplop Lebaran Tipografi Arab Premium Isi 5 | Angpao Idul Fitri Crafty Modern - AMPFK 018,Rp11.900,11900.0
surat-menyurat,Capricorn Design Amplop Lebaran Orange Star isi 5 | Angpao Idul Fitri Modern Kraft Aesthetic - AMPFK 080,Rp11.900,11900.0
surat-menyurat,MONEY ENVELOPE LARGE - ANGPAO - AMPLOP UANG - HALLMARK- HLL031,Rp45.000,45000.0
surat-menyurat,Capricorn Design Amplop Natal / Christmas Envelope Isi 6 - AMPCK 008,Rp11.900,11900.0
surat-menyurat,Amplop Coklat Samson C Fox 1/2 Folio 100 Lembar - Brown Kraft Paper Samson Envelope 1/2 F4,Rp58.598,58598.0
surat-menyurat,Capricorn Design Amplop Lebaran Isi 5 - AMPF 401 Kertas Paper,Rp8.900,8900.0
surat-menyurat,ANGPAO KAIN PREMIUM BENTUK DOMPET ANGPAO SANGJIT WEDDING HONGBAO LAMARAN KAWINAN ENGAGEMENT,Rp34.900,34900.0
surat-menyurat,ANGPAO TANDUK PENDEK IMLEK SHIO ULAR 2025 TEBAL MURAH FREE ONGKIR,Rp4.990,4990.0
surat-menyurat,Amplop Coklat Samson D Fox Folio 100 Lembar - Brown Kraft Paper Samson Envelope F4,Rp88.589,88589.0
surat-menyurat,Stamp Ink Xantri Tinta Refill Stempel 10ml Biru Hitam Merah Muda Hijau,Rp16.000,16000.0
surat-menyurat,Kab. Bekasi,"Ongkos Kirim Diatas Rp 1,000,000",1000000.0
surat-menyurat,Capricorn Design Amplop Angpau Natal isi 6 – Christmas Envelope / Amplop Kado Lucu AMPACK 064 Kertas Paper,Rp14.900,14900.0
surat-menyurat,Capricorn Design Angpau Lebaran Aesthetic Tropical Bloom Isi 5 | Amplop Idul Fitri Eksklusif Floral Elegan - AMPFB 308,Rp11.900,11900.0
surat-menyurat,Capricorn Design Amplop Lebaran Vintage Victorian Garden Isi 5 | Angpau Idul Fitri Aesthetic Shabby Chic Floral Mewah - AMPFB 307,Rp11.900,11900.0
surat-menyurat,Capricorn Design Amplop Lebaran Isi 5 - AMPFB 336,Rp11.900,11900.0
surat-menyurat,Capricorn Design Amplop Lebaran Estetik Garden Isi 5 | Angpau Idul Fitri Arsitektur Islami Mewah Elegan - AMPFB 327,Rp11.900,11900.0
surat-menyurat,Capricorn Design Amplop Lebaran Tree Pattern isi 5 | ngpao Idul Fitri Earthy Nature Premium - AMPFK 071,Rp11.900,11900.0
surat-menyurat,Capricorn Design Amplop Lebaran Emerald Tile isi 5 | Angpao Idul Fitri Classic Kraft - AMPFK 064,Rp11.900,11900.0
surat-menyurat,MONEY ENVELOPE SMALL - ANGPAO - AMPLOP UANG - HALLMARK - HLL005,Rp35.000,35000.0
surat-menyurat,Capricorn Design Amplop Natal / Christmas Envelope Craft Paper Isi 6 - AMPCK 084,Rp25.400,25400.0
surat-menyurat,Capricorn Design Amplop / Money Envelope Geometric isi 5 – AMPEF 043,Rp15.500,15500.0
surat-menyurat,MONEY ENVELOPE LARGE - AMPLOP DUKA CITA - CONDOLENCE- HALLMARK- HAL028,Rp45.000,45000.0
surat-menyurat,Capricorn Design Amplop Lebaran Isi 5 - AMPF 287,Rp11.900,11900.0
surat-menyurat,Capricorn Design Amplop Imlek isi 5 – Angpao Imlek / Hongbao Premium IMLB 097 Amplop Imlek IMLB 097 isi 5,Rp11.900,11900.0
surat-menyurat,Capricorn Design Amplop Natal / Christmas Envelope Isi 6 - AMPCK 016,Rp14.900,14900.0
surat-menyurat,Capricorn Design Amplop Angpau Natal isi 6 – Christmas Envelope / Amplop Kado Lucu AMPACK 018 Kertas Paper,Rp14.900,14900.0
surat-menyurat,Capricorn Design Amplop Natal / Christmas Envelope isi 6 – Angpau Natal Lucu Elegan AMPCX 048 Kertas Paper,Rp14.900,14900.0
surat-menyurat,MONEY ENVELOPE SMALL -ANGPAO - AMPLOP UANG - HALLMARK - HAL040,Rp35.000,35000.0
surat-menyurat,Kertas Formulir Daftar Riwayat Hidup [1 Pack/75 Lembar] / CV Kerja,Rp25.500,25500.0
surat-menyurat,Angpao amplop uang thr Lebaran iamcili (grup 04),Rp31.000,31000.0
surat-menyurat,MONEY ENVELOPE LARGE - ANGPAO - AMPLOP UANG - HALLMARK - HAL023,Rp45.000,45000.0
surat-menyurat,Capricorn Design Amplop Natal / Christmas Envelope Isi 6 - AMPCK 004,Rp11.900,11900.0
surat-menyurat,"Packbag ID Polymailer Recycle 15x25, 17x35, 25x40, 30x40 cm, 50 Micron, 50pcs, Amplop Plastik Semi Transparan dengan Lem Permanen",Rp13.500,13500.0
surat-menyurat,Capricorn Design Angpau Lebaran Elegan Soft Pink Isi 5 | Amplop Idul Fitri Klasik Mewah Motif Ubin Islami - AMPFB 365,Rp11.900,11900.0
surat-menyurat,STABILO Amplop Edisi Idul Fitri,Rp999.999,999999.0
surat-menyurat,"bukuqu Amplop Gold #Maaf Lahir Batin - [1 pak isi 6] Uk 7,5x15,5 cm - Amplop Idul Fitri - Angpau",Rp11.500,11500.0
surat-menyurat,Capricorn Design Amplop Natal / Christmas Envelope Isi 6 - AMPCK 009,Rp14.900,14900.0
surat-menyurat,Capricorn Design Amplop Angpau Natal isi 6 – Christmas Envelope / Amplop Kado Lucu AMPACK 017 Kertas Paper,Rp14.900,14900.0
surat-menyurat,Capricorn Design Amplop Natal / Christmas Envelope isi 6 – Angpau Natal Lucu Elegan AMPCX 056 Kertas Paper,Rp14.900,14900.0
surat-menyurat,Capricorn Design Amplop Natal / Christmas Envelope isi 6 – Angpau Natal Lucu Elegan AMPCX 091 Kertas Paper,Rp14.900,14900.0
surat-menyurat,Capricorn Design Amplop Idul Fitri Aesthetic Isi 5 | Angpao Lebaran Premium Full Color - AMPFB 331,Rp11.900,11900.0
surat-menyurat,Capricorn Design Amplop Lebaran Isi 5 - AMPF 394,Rp8.900,8900.0
surat-menyurat,Capricorn Design Amplop Natal / Christmas Envelope Isi 6 - AMPCK 006,Rp11.900,11900.0
surat-menyurat,Capricorn Design Amplop Lebaran Isi 5 - AMPF 309,Rp11.900,11900.0
surat-menyurat,Capricorn Design Angpao Lebaran Panjang Tanpa Lipat Isi 5 | Amplop Idul Fitri Bangunan Klasik & Aesthetic - AMPFB 358,Rp11.900,11900.0
surat-menyurat,Capricorn Design Amplop Lebaran Isi 5 - AMPF 409,Rp8.900,8900.0
surat-menyurat,MONEY ENVELOPE LARGE - ANGPAO - AMPLOP UANG - HALLMARK - HAL003,Rp45.000,45000.0
surat-menyurat,MONEY ENVELOPE LARGE - ANGPAO - AMPLOP UANG - HALLMARK - HLL020,Rp45.000,45000.0
surat-menyurat,MONEY ENVELOPE LARGE - ANGPAO - AMPLOP UANG - HALLMARK - HLL007,Rp45.000,45000.0
surat-menyurat,Capricorn Design Amplop Natal / Christmas Envelope isi 6 – Angpau Natal Lucu Elegan AMPCX 074 Kertas Paper,Rp14.900,14900.0
surat-menyurat,Capricorn Design Angpau Lebaran Exclusive Isi 5 | Amplop Hari Raya Idul Fitri Premium & Lucu - AMPFB 374,Rp11.900,11900.0
surat-menyurat,"bukuqu Amplop [1 Pack Isi 12 Pcs] Edisi Lebaran #Traveling - Ukuran 5,5x8 cm",Rp18.700,18700.0
surat-menyurat,Capricorn Design Amplop Lebaran Isi 5 - AMPF 295,Rp8.900,8900.0
surat-menyurat,Joyko Stamp Pad Bak Stempel Bantalan Tinta No. 1 No.1 No1 Stamppad ORI,Rp8.000,8000.0
surat-menyurat,Amplop Coklat Polos Kabinet Air Mail / Amplop Dinas Samson,Rp400,400.0
surat-menyurat,DELIVERY ONGKOS KIRIM (BIAYA ONGKOS KIRIM),Rp50.000,50000.0
surat-menyurat,Amplop Coklat Polos 1/2 Folio Air Mail / Amplop Dinas Samson,Rp700,700.0
surat-menyurat,Amplop Coklat Airmail 310 Eceran 24.7cm x 34.9cm,Rp2.000,2000.0
surat-menyurat,Capricorn Design Amplop Natal / Christmas Envelope isi 6 – Angpau Natal Lucu Elegan AMPCX 074 Kertas Paper,Rp14.900,14900.0
surat-menyurat,Capricorn Design Angpau Lebaran Exclusive Isi 5 | Amplop Hari Raya Idul Fitri Premium & Lucu - AMPFB 374,Rp11.900,11900.0
surat-menyurat,Capricorn Design Amplop Lebaran Isi 5 - AMPF 394,Rp8.900,8900.0
surat-menyurat,BUBBLE PACKING EXTRA SAVE,Rp2.000,2000.0
surat-menyurat,Capricorn Design Amplop Lebaran Mewah Isi 5 | Angpau Idul Fitri Motif Bunga Pastel Premium - AMPFB 334,Rp11.900,11900.0
surat-menyurat,Capricorn Design Amplop Angpau Natal isi 6 – Christmas Envelope / Amplop Kado Lucu AMPACK 037 Kertas Paper,Rp14.900,14900.0
surat-menyurat,MONEY ENVELOPE SMALL - ANGPAO - AMPLOP UANG - HALLMARK - IMLEK -HLL010,Rp35.000,35000.0
surat-menyurat,KIKY Amplop Coklat No. 303 - 125 GRAM Lem 1 Pack = 10 Lembar,Rp3.570,3570.0
surat-menyurat,Capricorn Design Amplop Lebaran Rustic Floral isi 5 | Angpao Idul Fitri Vintage Kraft - AMPFK 062,Rp11.900,11900.0
surat-menyurat,MONEY ENVELOPE SMALL - ANGPAO - AMPLOP UANG - HALLMARK -HLL016,Rp35.000,35000.0
surat-menyurat,MONEY ENVELOPE LARGE - ANGPAO - AMPLOP UANG - HALLMARK - HAL037,Rp45.000,45000.0
surat-menyurat,MONEY ENVELOPE SMALL - ANGPAO - AMPLOP UANG - HALLMARK - HAL022,Rp35.000,35000.0
surat-menyurat,MONEY ENVELOPES SMALL - ANGPAO - AMPLOP UANG - HALLMARK - HAL002,Rp35.000,35000.0
surat-menyurat,MONEY ENVELOPE LARGE - ANGPAO - AMPLOP UANG - HALLMARK - HAL016,Rp45.000,45000.0
surat-menyurat,Capricorn Design Amplop / Money Envelope Cat isi 5 – AMPEF 026,Rp15.500,15500.0
surat-menyurat,Capricorn Design Amplop Lebaran Blessing Isi 5 | Angpau Idul Fitri Elegant Premium,Rp25.300,25300.0
surat-menyurat,Amplop Putih Polos Merpati [No 104/100 pcs] / Amplop Uang [1Pack],Rp22.900,22900.0
surat-menyurat,Daiso Amplop uang khas jepang - Funeral,Rp33.000,33000.0
surat-menyurat,Isi 20 Pcs Angpao Wedding Amplop Sangjit Pernikahan Kemasan Mika,Rp19.900,19900.0
surat-menyurat,ONGKOS KIRIM KURIR TOKO JABODETABEK 50.000 - 100.000,Rp50.000,50000.0
surat-menyurat,MONEY ENVELOPE SMALL -ANGPAO - AMPLOP UANG - HALLMARK - IMLEK - HLL020,Rp35.000,35000.0
surat-menyurat,"[1APBG]Harmony Shops Mainan Kendaraan Anak & BahanPacking I Mobil Mainan, Karting Anak, Sepeda Anak I Aman& Rapi",Rp999.999,999999.0
surat-menyurat,Amplop Coklat Samson D Folio 100 Lembar - Brown Kraft Paper Samson Envelope F4,Rp45.293,45293.0
surat-menyurat,Paperline Amplop Putih Airmail 90 APS Bergaris Merah Biru - PPL EV 90 APS,Rp41.000,41000.0
surat-menyurat,[Jakarta Utara 2] Ongkos Kirim Kurir Toko,Rp75.000,75000.0
surat-menyurat,Capricorn Design Amplop Lebaran Premium Soft Floral Isi 5 | Angpau Idul Fitri Estetik Bunga & Sulur Taqabbalallahu Series - AMPFB 202,Rp11.900,11900.0
surat-menyurat,Capricorn Design Amplop Angpau Natal isi 6 – Christmas Envelope / Amplop Kado Lucu AMPACK 020 Kertas Paper,Rp14.900,14900.0
surat-menyurat,Capricorn Design Amplop Lebaran Modern Eid Al Fitr isi 5 | Angpao Idul Fitri Geometris Premium - AMPFK 060,Rp11.900,11900.0
surat-menyurat,Capricorn Design Angpao Idul Fitri Eksklusif isi 5 | Amplop Lebaran Uang THR Cokelat Motif Sulur Daun Aesthetic - AMPFK 073,Rp11.900,11900.0
surat-menyurat,Capricorn Design Amplop Lebaran Isi 5 - AMPFB 361 Kertas Paper,Rp11.900,11900.0
surat-menyurat,Capricorn Design Amplop Idul Fitri Modern Isi 5 Pcs | Amplop lebaran Motif Islami Premium - AMPFB 353,Rp11.900,11900.0
surat-menyurat,Capricorn Design Amplop Natal / Christmas Envelope Craft Paper Isi 6 - AMPCK 085,Rp28.000,28000.0
surat-menyurat,MONEY ENVELOPE SMALL - ANGPAO - AMPLOP UANG - HALLMARK - HAL050,Rp35.000,35000.0
surat-menyurat,Capricorn Design Amplop Natal / Christmas Envelope Isi 6 - AMPCX 044,Rp14.900,14900.0
surat-menyurat,Capricorn Design Amplop Natal / Christmas Envelope isi 6 – Angpau Natal Lucu Elegan AMPCK 044,Rp14.900,14900.0
surat-menyurat,Capricorn Design Amplop Natal / Christmas Envelope isi 6 – Angpau Natal Lucu Elegan AMPCX 038 Kertas Paper,Rp14.900,14900.0
surat-menyurat,Capricorn Design Amplop Natal / Christmas Envelope isi 6 – Angpau Natal Lucu Elegan AMPCX 063 Kertas Paper,Rp14.900,14900.0
surat-menyurat,Capricorn Design Amplop Lebaran Mandala Premium isi 5 | Angpao Idul Fitri Earthy Luxury - AMPFK 066,Rp11.900,11900.0
surat-menyurat,Capricorn Design Amplop Lebaran Eksklusif Floral Tile Isi 5 | Angpau Idul Fitri Soft Pink Mint Premium - AMPF377,Rp8.900,8900.0
surat-menyurat,ARTLINE XSTAMPER DIY NAME STAMP / STEMPEL CUSTOM EGA-C1S,Rp320.000,320000.0
surat-menyurat,Capricorn Design Amplop Lebaran Motif Unik Full Color Isi 5 | Angpau Idul Fitri Premium - AMPFB 311,Rp11.900,11900.0
surat-menyurat,"NEURO Amplop Coklat Ukuran Super Map [ 29 x 39,5 cm ] - Pack",Rp79.500,79500.0
surat-menyurat,Angpao amplop uang thr Lebaran iamcili (grup 02),Rp31.000,31000.0
surat-menyurat,Capricorn Design Amplop Natal / Christmas Envelope Craft Paper Isi 6 - AMPCK 067,Rp25.000,25000.0
surat-menyurat,MONEY ENVELOPE LARGE - ANGPAO - AMPLOP UANG - HALLMARK - HAL078,Rp45.000,45000.0
surat-menyurat,Capricorn Design Amplop Natal / Christmas Envelope Craft Paper Isi 6 - AMPCK 066,Rp27.500,27500.0
surat-menyurat,ANGPAO AMPLOP IMLEK FU / FUK PANJANG BENTUK DOMPET,Rp14.900,14900.0
surat-menyurat,AMPLOP LEBARAN ESTETIK AMPLOP LEBARAN BUNGA CANTIK ANGPAO LEBARAN HARI RAYA IDUL FITRI MURAH MERIAH READY,Rp16.900,16900.0
surat-menyurat,MONEY ENVELOPE LARGE - ANGPAO - AMPLOP UANG - HALLMARK - RED - HAL024,Rp45.000,45000.0
surat-menyurat,"bukuqu Amplop Edisi Lebaran [1 Pack Isi 10 Pcs] #Moon - Ukuran 7,5x10 cm - Idul Fitri - Angpau",Rp10.998,10998.0
surat-menyurat,"bukuqu Amplop Edisi #EidMubarak - Ukuran 5,5x8 cm [1 Pack Isi 12Pcs]",Rp10.900,10900.0
surat-menyurat,Kayou My Little Pony Moon S10 Kartu Koleksi Premium Ilustrasi Cantik Series Terbaru Rare Hologram Special Card Cocok Untuk Kolektor Hadiah Original Kayou Collectible Card,Rp36.000,36000.0
surat-menyurat,Capricorn Design Angpau Lebaran Exclusive Isi 5 | Amplop Hari Raya Idul Fitri Elegan & Lucu - AMPFB 370,Rp11.900,11900.0
surat-menyurat,Capricorn Design Amplop Lebaran Retro Premium isi 5 | Angpao Idul Fitri Motif Eid Al-fitr Orange Modern - AMPFK 067,Rp11.900,11900.0
surat-menyurat,Capricorn Design Amplop Angpau Natal isi 6 – Christmas Envelope / Amplop Kado Lucu AMPACK 019 Kertas Paper,Rp14.900,14900.0
surat-menyurat,MONEY ENVELOPE LARGE - ANGPAO - AMPLOP UANG - HALLMARK - HAL029,Rp45.000,45000.0
surat-menyurat,MONEY ENVELOPE LARGE - ANGPAO - AMPLOP UANG - HALLMARK - HLL014,Rp45.000,45000.0
surat-menyurat,MONEY ENVELOPE SMALL - ANGPAO - AMPLOP UANG - HALLMARK - HAL009,Rp35.000,35000.0
surat-menyurat,MONEY ENVELOPE SMALL - ANGPAO - AMPLOP UANG - HALLMARK - IMLEK -HLL008,Rp35.000,35000.0
surat-menyurat,ARTLINE Xstamper Xtensions Alphabet Stamp / Alfabet Stempel EGRA-33,Rp290.210,290210.0
surat-menyurat,Amplop Coklat Airmail 312 Eceran 38.8cm x 28.6cm,Rp2.500,2500.0
surat-menyurat,Joyko Stamp Pad Bak Stempel Bantalan Tinta No. 1 No.1 No1 Stamppad ORI,Rp8.000,8000.0
surat-menyurat,Plastic Bubble Wrap Bungkus Kemasanbu,Rp5.000,5000.0
surat-menyurat,Gand Amplop Coklat Kraft Polos Seal 1/2 Folio 19cm x 25cm isi 100 Pcs,Rp30.000,30000.0
surat-menyurat,Amplop Coklat Polos 1/2 Folio Air Mail / Amplop Dinas Samson,Rp700,700.0
surat-menyurat,MONEY ENVELOPE LARGE - ANGPAO - AMPLOP UANG - HALLMARK - HLL043,Rp45.000,45000.0
surat-menyurat,Capricorn Design Angpau Lebaran Exclusive Isi 5 | Amplop Hari Raya Idul Fitri Elegan & Lucu - AMPFB 370,Rp11.900,11900.0
surat-menyurat,Capricorn Design Amplop Lebaran Retro Premium isi 5 | Angpao Idul Fitri Motif Eid Al-fitr Orange Modern - AMPFK 067,Rp11.900,11900.0
surat-menyurat,MONEY ENVELOPE LARGE - ANGPAO - AMPLOP UANG - HALLMARK - HAL029,Rp45.000,45000.0
surat-menyurat,MONEY ENVELOPE LARGE - ANGPAO - AMPLOP UANG - HALLMARK - HLL014,Rp45.000,45000.0
surat-menyurat,Capricorn Design Amplop Imlek / Chinese New Year AMIK 100 Isi 5,Rp8.900,8900.0
surat-menyurat,Angpao hongbao panjang emas gold imlek shio ULAR dragon dan KUDA 2026,Rp15.900,15900.0
surat-menyurat,Capricorn Design Amplop Lebaran Premium Motif Mosaik Maroko Isi 5 | Angpau Idul Fitri Mewah Teal Blue Aesthetic - AMPFB 210,Rp11.900,11900.0
surat-menyurat,Kiky Amplop Coklat Lem 305 125Gr,Rp12.000,12000.0
surat-menyurat,Xantri Tinta Stempel Ungu 10ml Non Waterproof Refill Stamp Ink Tahan Air Cocok untuk Dokumen Penting,Rp12.000,12000.0
surat-menyurat,ONGKOS KIRIM KURIR TOKO PRIBADI,Rp75.000,75000.0
surat-menyurat,Tambahan Packing Tabung Karton,Rp3.500,3500.0
surat-menyurat,"Tambahan packing Bubble Wrap Jumbo (Monitor,Dvr besar, Kamera banyak) Elektronik",Rp10.400,10400.0
surat-menyurat,MONEY ENVELOPE LARGE - ANGPAO - AMPLOP UANG - HALLMARK - HAL042,Rp45.000,45000.0
surat-menyurat,Capricorn Design Amplop Lebaran Aesthetic Lime Damask isi 5 | Angpau Idul Fitri Modern Kraft - AMPFK 052,Rp11.900,11900.0
surat-menyurat,Capricorn Design Amplop Idul Fitri Aesthetic Mewah isi 5 | Angpau Lebaran Elegan Rustic Kraft Premium - AMPFK 053,Rp11.900,11900.0
surat-menyurat,Capricorn Design Amplop Idul Fitri Aesthetic White Doodle Isi 5 | Angpau Lebaran Premium Motif Kaktus & Palem Kekinian - AMPFB 309,Rp11.900,11900.0
surat-menyurat,Capricorn Design Angpao Idul Fitri Eksklusif isi 5 | Amplop Uang THR Cokelat Motif Daun Aesthetic - AMPFK 051,Rp11.900,11900.0
surat-menyurat,Capricorn Design Amplop Angpau Natal isi 6 – Christmas Envelope / Amplop Kado Lucu AMPACK 057 Kertas Paper,Rp14.900,14900.0
surat-menyurat,Capricorn Design Amplop Lebaran Aesthetic Kekinian Isi 5 | Angpao Hari Raya Idul Fitri Premium - AMPFB 368,Rp11.900,11900.0
surat-menyurat,Capricorn Design Amplop Lebaran Isi 5 - AMPF 406,Rp8.900,8900.0
surat-menyurat,BUBBLE UNTUK LAPISAN LAPTOP,Rp100,100.0
surat-menyurat,Capricorn Design Amplop Idul Fitri Premium Isi 5 pcs | Angpau Lebaran Motif Modern & Ceria - AMPFB 337,Rp11.900,11900.0
surat-menyurat,MONEY ENVELOPE SMALL - ANGPAO - AMPLOP UANG - HALLMARK - HAL026,Rp35.000,35000.0
surat-menyurat,MONEY ENVELOPE SMALL - ANGPAO -AMPLOP UANG - HALLMARK - FLOWER-HAL032,Rp35.000,35000.0
surat-menyurat,Diario - Amplop Lebaran Premium,Rp34.900,34900.0
surat-menyurat,Capricorn Design Amplop Lebaran Happy Eid Mubarak Isi 5 | Angpao Idul Fitri Karakter Lucu Premium - AMPFB 328,Rp11.900,11900.0
surat-menyurat,MONEY ENVELOPE SMALL - ANGPAO - AMPLOP UANG - HALLMARK - HAL051,Rp35.000,35000.0
surat-menyurat,Capricorn Design Amplop Lebaran Aesthetic Kekinian Isi 5 | Angpao Hari Raya Idul Fitri Modern - AMPFB 199,Rp11.900,11900.0
surat-menyurat,Capricorn Design Amplop Natal / Christmas Envelope isi 6 – Angpau Natal Lucu Elegan AMPCX 094 Kertas Paper,Rp14.900,14900.0
surat-menyurat,(AC-THANKYOU01) amplop coklat tebal kirim online shop iamcili original,Rp38.500,38500.0
surat-menyurat,Capricorn Design Amplop Natal / Christmas Envelope isi 6 – Angpau Natal Lucu Elegan AMPCX 049 Kertas Paper,Rp14.900,14900.0
surat-menyurat,Capricorn Design Amplop Lebaran Motif Tribal Aesthetic isi 5 | Angpao Idul Fitri Ethnic Kraft - AMPFK 069,Rp11.900,11900.0
surat-menyurat,Amplop Putih Polos Panjang Paperline [PPS-90/100 pcs] / Envelope Uang Angpao Besar [1 Pack] Untuk Kondangan Gajian Sedekah Sumbangan Perekat,Rp32.150,32150.0
surat-menyurat,ANGPAO IMLEK PANJANG FUK FU FPD03,Rp16.990,16990.0
surat-menyurat,AMPLOP MERPATI VISIT 80 @20 AA6247783 | Amplop Uang | Amplop Kondangan | Amplop Berkas | TMBOOKSTORE,Rp3.000,3000.0
surat-menyurat,Kiky Amplop Merpati 90-80 Slc/Box,Rp43.500,43500.0
surat-menyurat,Capricorn Design Amplop Lebaran Desert Oasis Night Isi 5 | Angpau Idul Fitri Aesthetic Biru Tua Navy - AMPFB 181,Rp11.900,11900.0
surat-menyurat,Capricorn Design Angpau Lebaran Doodle Art Estetik Isi 5 | Amplop Idul Fitri Premium Urban Cycling - AMPFB 367,Rp11.900,11900.0
surat-menyurat,Capricorn Design Amplop Lebaran Isi 5 - AMPF 411 Kertas Paper,Rp8.900,8900.0
surat-menyurat,Capricorn Design Amplop Lebaran Isi 5 - AMPF 391,Rp8.900,8900.0
surat-menyurat,Capricorn Design Amplop Lebaran Classic Tiles isi 5 | Angpao Idul Fitri Maaf Lahir Batin Premium - AMPFK 063,Rp11.900,11900.0
surat-menyurat,Elden Ring Postcard,Rp51.500,51500.0
surat-menyurat,Stamp Pad Bak Stempel Joyko [No.0] / Bantalan Tempat Tinta Setempel,Rp10.500,10500.0
surat-menyurat,Capricorn Design Amplop Angpau Natal isi 6 – Christmas Envelope / Amplop Kado Lucu AMPACK 060 Kertas Paper,Rp14.900,14900.0
surat-menyurat,Capricorn Design Amplop Lebaran Tosca Arch isi 5 | Angpao Idul Fitri Modern Kraft Premium - AMPFK 034,Rp11.900,11900.0
surat-menyurat,ANGPAO PANJANG IMLEK FU FUK BENTUK DOMPET HONGBAO FU ANGPAO MERAH FPD,Rp16.900,16900.0
surat-menyurat,Done Handymade stempel angka stempel nomor clay fondant cc102,Rp7.500,7500.0
surat-menyurat,Capricorn Design Amplop Lebaran Isi 5 - AMPF 363,Rp8.900,8900.0
surat-menyurat,AIRMAIL Amplop Coklat Garis Folio Salur - 10 & 100 Lembar,Rp8.900,8900.0
surat-menyurat,Plastic Bubble Wrap Bungkus Kemasanbu,Rp5.000,5000.0
surat-menyurat,[GO SEND] Bubble Wrap 50m x 125cm Premium Quality,Rp220.000,220000.0
surat-menyurat,MONEY ENVELOPE LARGE - ANGPAO - AMPLOP UANG - HALLMARK - HAL005,Rp45.000,45000.0
surat-menyurat,Capricorn Design Amplop Lebaran Retro Groovy Eid Isi 5 | Angpau Idul Fitri Bunga Aster Lavender Aesthetic Pastel - AMPFB 232,Rp11.900,11900.0
surat-menyurat,Capricorn Design Amplop Natal / Christmas Envelope Isi 6 - AMPCK 010,Rp14.900,14900.0
surat-menyurat,MONEY ENVELOPE LARGE - ANGPAO - AMPLOP UANG - HALLMARK - HLL035,Rp45.000,45000.0
surat-menyurat,MONEY ENVELOPE LARGE - ANGPAO - AMPLOP UANG - HALLMARK - HLL019,Rp45.000,45000.0
surat-menyurat,Angpao amplop uang thr Lebaran iamcili (grup 03),Rp31.000,31000.0
surat-menyurat,MONEY ENVELOPE SMALL -ANGPAO - AMPLOP UANG - HALLMARK - IMLEK - HLL021,Rp35.000,35000.0
surat-menyurat,Topla Amplop CD Putih Tempat Kaset CD/CDR/CDRW Kertas Putih Kerja Kuliah dan Sekolah isi 100 Pcs,Rp99.999,99999.0
surat-menyurat,Amplop Coklat Airmail 312 Eceran 38.8cm x 28.6cm,Rp2.500,2500.0
surat-menyurat,Joyko Stamp Pad Bak Stempel Bantalan Tinta No. 1 No.1 No1 Stamppad ORI,Rp8.000,8000.0
surat-menyurat,Plastic Bubble Wrap Bungkus Kemasanbu,Rp5.000,5000.0
surat-menyurat,Gand Amplop Coklat Kraft Polos Seal 1/2 Folio 19cm x 25cm isi 100 Pcs,Rp30.000,30000.0
surat-menyurat,Amplop Coklat Polos 1/2 Folio Air Mail / Amplop Dinas Samson,Rp700,700.0
surat-menyurat,Capricorn Design Amplop Lebaran Desert Caravan Journey Isi 5 | Angpau Idul Fitri Estetik Krem Jingga - AMPFB 192,Rp11.900,11900.0
surat-menyurat,AIRMAIL Amplop Coklat Garis Folio Salur - 10 & 100 Lembar,Rp8.900,8900.0
surat-menyurat,Capricorn Design Amplop Natal / Christmas Envelope Isi 6 - AMPCX 046,Rp14.900,14900.0
surat-menyurat,Capricorn Design Amplop Lebaran Estetik Biru isi 5 | Angpao Idul Fitri Art Kraft Modern - AMPFK 078,Rp11.900,11900.0
surat-menyurat,MONEY ENVELOPE SMALL - ANGPAO - AMPLOP UANG - HALLMARK - HAL008,Rp35.000,35000.0
surat-menyurat,Capricorn Design Amplop Angpau Natal isi 6 – Christmas Envelope / Amplop Kado Lucu AMPACK 049 Kertas Paper,Rp14.900,14900.0
surat-menyurat,Kartu Ucapan/ Greeting Card/ Gift Card Notes,Rp2.500,2500.0
surat-menyurat,ARTLINE Stamp Pad Bantalan Tinta Stempel EHJU-1,Rp37.740,37740.0
surat-menyurat,Kimora - Extra Wrap Amplop Bubble Mailer Premium,Rp6.500,6500.0
surat-menyurat,Capricorn Design Amplop Natal / Christmas Envelope isi 6 – Angpau Natal Lucu Elegan AMPCX 080 Kertas Paper,Rp14.900,14900.0
surat-menyurat,Capricorn Design Amplop Lebaran Isi 5 - AMPF 350,Rp8.900,8900.0
surat-menyurat,Capricorn Design Amplop Lebaran Isi 5 - AMPF 399 Kertas Paper,Rp8.900,8900.0
surat-menyurat,iamcili original wedding angpao varian WE021-WE030,Rp26.350,26350.0
surat-menyurat,Capricorn Design Amplop Natal / Christmas Envelope Craft Paper Isi 6 - AMPCK 083,Rp25.700,25700.0
surat-menyurat,MONEY ENVELOPE LARGE - ANGPAO - AMPLOP UANG - HALLMARK - HAL009,Rp45.000,45000.0
surat-menyurat,60 Lembar 10 pack Paket Angpao Imlek Shio Kuda 2026 Amplop Imlek,Rp19.900,19900.0
surat-menyurat,Ringke Casing Compatible For Samsung Galaxy A34 5G Fusion Card Clear Bening Case Tempat Kartu Card Holder Uang Kartu Kredit Hybrid Softcase Tipis Slim Armor Tough Rugged Hardcase Full Cover Melindungi Layar Kamera No Slip Military Drop Clear Transparant,Rp198.850,198850.0
surat-menyurat,Kiky Amplop Coklat Lem 312 125Gsm /10Pcs,Rp28.000,28000.0
surat-menyurat,"AMPLOP COKLAT LEM 312/PACK 125 AA624621312 39,7 x 29,7cm KIKY | Amplop Lamaran Kerja | Amplop surat | Amplop tidak tali | Amplop Lem | Tmbookstore",Rp25.000,25000.0
surat-menyurat,Ongkos Ongkir Biaya Kirim,Rp200.000,200000.0
surat-menyurat,Capricorn Design Amplop Lebaran Isi 5 - AMPF 419 Kertas Paper,Rp8.900,8900.0
surat-menyurat,Capricorn Design Amplop Lebaran Isi 5 - AMPF 390 Kertas Paper,Rp8.900,8900.0
surat-menyurat,Capricorn Design Amplop Idul Fitri Aesthetic Green Isi 5 | Angpau Idul Fitri Premium Seri Taman Bunga Lucu - AMPFB 246,Rp11.900,11900.0
surat-menyurat,Capricorn Design Amplop Lebaran Minimalis Isi 5 pcs | Angpau Idul Fitri Simple Premium - AMPFB 262,Rp11.900,11900.0
surat-menyurat,WELLEN PRINT - Amplop Karakter Lebaran Idul Fitri Character / Angpao,Rp17.500,17500.0
surat-menyurat,Amplop Lebaran Peluk Uang Karakter Lucu Viral ATK,Rp10.500,10500.0
surat-menyurat,Capricorn Design Amplop / Money Envelope Abstract isi 5 – AMPEF 049,Rp15.500,15500.0
surat-menyurat,Avery - Tambahan Packing Kayu LEMARI,Rp70.000,70000.0
surat-menyurat,Stamp Bakpao Stempel / Stempel Kue Kayu Pao,Rp24.900,24900.0
surat-menyurat,Daiso COLOR MINI LETTER GREEN,Rp33.000,33000.0
surat-menyurat,Paperline Envelope 110 Aps,Rp44.500,44500.0
surat-menyurat,Tambahan Packing Kayu Lebih aman Green,Rp150.000,150000.0
surat-menyurat,Amplop Putih Kabinet 90 PPS Paperline White Envelope,Rp28.478,28478.0
surat-menyurat,Capricorn Design Amplop Polos Aesthetic Kerajinan DIY Mix Warna Berbagai Ukuran Besar 3,Rp1.150,1150.0
surat-menyurat,Capricorn Design Amplop Lebaran AMPFK isi 5 - 028,Rp11.900,11900.0
surat-menyurat,Capricorn Design Amplop Natal / Christmas Envelope isi 6 – Angpau Natal Lucu Elegan AMPCX 039 Kertas Paper,Rp14.900,14900.0
surat-menyurat,Capricorn Design Amplop Lebaran Tipografi isi 5 | Angpao Idul Fitri Modern Calligraphy Premium - AMPFK 057,Rp11.900,11900.0
surat-menyurat,Capricorn Design Amplop Angpau Natal isi 6 – Christmas Envelope / Amplop Kado Lucu AMPACK 079 Kertas,Rp30.200,30200.0
surat-menyurat,MONEY ENVELOPE SMALL - ANGPAO - AMPLOP UANG - HALLMARK - HAL014,Rp35.000,35000.0
surat-menyurat,MONEY ENVELOPE SMALL - ANGPAO - AMPLOP UANG - HALLMARK - HAL004,Rp35.000,35000.0
surat-menyurat,Capricorn Design Amplop Natal / Christmas Envelope Isi 6 - AMPCK 003,Rp11.900,11900.0
surat-menyurat,Capricorn Design Amplop Angpau Natal isi 6 – Christmas Envelope / Amplop Kado Lucu AMPACK 033 Kertas Paper,Rp14.900,14900.0
surat-menyurat,Capricorn Design Amplop Lebaran Isi 5 - AMPF 354,Rp8.900,8900.0
surat-menyurat,Capricorn Design Amplop Lebaran Isi 5 - AMPF 384,Rp8.900,8900.0
surat-menyurat,EKSTRA PACKING DAN PRIVASI,Rp2.000,2000.0
surat-menyurat,MONEY ENVELOPE LARGE - ANGPAO - AMPLOP UANG - HALLMARK - HAL046,Rp45.000,45000.0
surat-menyurat,Angpao amplop uang thr Lebaran iamcili (grup 05),Rp31.000,31000.0
surat-menyurat,MONEY ENVELOPE SMALL - ANGPAO - AMPLOP UANG - HALLMARK - HAL011,Rp35.000,35000.0
surat-menyurat,Capricorn Design Amplop Lebaran Isi 5 - AMPF 366,Rp8.900,8900.0
surat-menyurat,Amplop Coklat Samson A Kabinet 100 Lembar - Brown Kraft Paper Samson Envelope,Rp23.483,23483.0
surat-menyurat,Angpao Imlek Jaspart Tahun Terbaru Ukuran Panjang Etalase 2,Rp3.190,3190.0
surat-menyurat,Hot Stamp Large / Hot Stamp ukuran 4cm / Plat Kuningan / Cap Kue,Rp140.000,140000.0
surat-menyurat,Capricorn Design Amplop Lebaran Isi 5 - AMPF 379,Rp8.900,8900.0
surat-menyurat,Ongkir Biaya Pengiriman,Rp150.000,150000.0
surat-menyurat,Amplop Plastik Kancing Daiichi DPR,Rp7.500,7500.0
surat-menyurat,Capricorn Design Angpao Lebaran Premium Motif Mozaik & Maroko Isi 5 | Amplop Idul Fitri Mewah - AMPFB 276,Rp11.900,11900.0
surat-menyurat,10 pcs Amplop Lebaran Idul Fitri 3D gambar gemoy lucu dan unik amplop lebaran unik,Rp21.900,21900.0
surat-menyurat,Kardus Tambahan untuk Produk Fantech,Rp10.000,10000.0
surat-menyurat,Jasa Kirim Ekspedisi Nasional dan Kirim Rakit Kurir toko - JABODETABEK,Rp100.000,100000.0
surat-menyurat,Capricorn Design Amplop Lebaran Minimalis Aesthetic Isi 5 | Angpau Idul Fitri Krem Pastel Premium - AMPFB 180,Rp11.900,11900.0
surat-menyurat,DELIVERY ONGKOS KIRIM (BIAYA ONGKOS KIRIM),Rp50.000,50000.0
surat-menyurat,Amplop Coklat Airmail 312 Eceran 38.8cm x 28.6cm,Rp2.500,2500.0
surat-menyurat,Amplop Coklat Airmail 310 Eceran 24.7cm x 34.9cm,Rp2.000,2000.0
surat-menyurat,Amplop Coklat Airmail 312 Eceran 38.8cm x 28.6cm,Rp2.500,2500.0
surat-menyurat,Joyko Stamp Pad Bak Stempel Bantalan Tinta No. 1 No.1 No1 Stamppad ORI,Rp8.000,8000.0
surat-menyurat,Angpao Perkawinan (Wedding),Rp26.350,26350.0
surat-menyurat,Angpao Imlek Panjang Jaspart Gold Premium Tahun Terbaru,Rp5.990,5990.0
surat-menyurat,"WPS Amplop Coklat Ukuran A3 [ 33 x 42,5 cm ] - Pack",Rp93.850,93850.0
surat-menyurat,PAPERLINE Amplop Kertas no. 104 Kecil & no. 90 Besar - PAK,Rp19.500,19500.0
surat-menyurat,Capricorn Design Amplop Natal / Christmas Envelope isi 6 – Angpau Natal Lucu Elegan AMPCX 093 Kertas Paper,Rp14.900,14900.0
surat-menyurat,Capricorn Design Amplop Idul Fitri Arsitektur Klasik Isi 5 | Angpau Lebaran Eksklusif Aesthetic Diamond Pattern - AMPFB 372,Rp11.900,11900.0
surat-menyurat,Kertas Bungkus Coklat Super tebal,Rp43.500,43500.0
surat-menyurat,Capricorn Design Amplop Natal / Christmas Envelope isi 6 – Angpau Natal Lucu Elegan AMPCX 057 Kertas Paper,Rp14.900,14900.0
surat-menyurat,WELLEN PRINT - Cetak Angpao Imlek Custom Print Design Nama / Print Amplop Chinese New Year CNY,Rp12.500,12500.0
surat-menyurat,Capricorn Design Ramadhan Starter Bundle Amplop Kartu Ucapan Hang Tag Lebaran Idul Fitri Paket,Rp129.000,129000.0
surat-menyurat,Capricorn Design Amplop Lebaran Eksklusif Isi 5 | Angpau Idul Fitri Aesthetic Pink Pastel Botanical Sisters Premium - AMPFB 173,Rp11.900,11900.0
surat-menyurat,Capricorn Design Amplop Lebaran Vintage Palace Garden Isi 5 | Angpau Idul Fitri Cream Pastel Premium - AMPFB 323,Rp11.900,11900.0
surat-menyurat,AMPLOP / ANGPAO LEBARAN HARI RAYA IDUL FITRI MIKA ISI 50 LEMBAR - TC,Rp19.900,19900.0
surat-menyurat,AMPLOP / ANGPAO LEBARAN HARI RAYA IDUL FITRI MIKA ISI 50 LEMBAR,Rp11.900,11900.0
surat-menyurat,Penambahan Biaya Kekurangan Bayar,Rp9.990.000,9990000.0
surat-menyurat,Paperline Amplop 90 PPS PPL EV 90 PPS,Rp38.000,38000.0
surat-menyurat,Capricorn Design Angpao Idul Fitri Eksklusif Isi 5 | Amplop Uang THR Coklat Ornamen Putih Premium - AMPFK 026,Rp11.900,11900.0
surat-menyurat,Capricorn Design Amplop Angpau Natal isi 6 – Christmas Envelope / Amplop Kado Lucu AMPACK 074 Kertas,Rp28.000,28000.0
surat-menyurat,NEURO Amplop Coklat Ukuran 1/2 Folio [ 19 x 25 cm ] SEAL - Pack,Rp45.650,45650.0
surat-menyurat,Bubble Wrap Ekstra Perlindungan Tambahan untuk Produk,Rp20.000,20000.0
surat-menyurat,Kintakun Tambahan Packing Bubble Wrap - Perlindungan Ekstra untuk Pengirimanmu,Rp10.000,10000.0
surat-menyurat,[Depok] Ongkos Kirim Kurir Toko,Rp150.000,150000.0
surat-menyurat,Capricorn Design Amplop Lebaran Classic Ornate Arabesque Isi 5 | Angpau Idul Fitri Eksklusif Butik Royal Blue & Gold- AMPFB 338,Rp11.900,11900.0
surat-menyurat,ANGPAO IMLEK VERSI DOMPET PREMIUM BENTUK DOMPET SHIO KUDA 2026 EDISI WARNA DAN GOLD,Rp14.900,14900.0
surat-menyurat,Pengiriman Kurir Toko Klikfurniture (termasuk pemasangan),Rp50.000,50000.0
surat-menyurat,Capricorn Design Amplop Lebaran Aesthetic Isi 5 | Angpau Idul Fitri Motif Bunga Cantik Premium & Unik - AMPFB 369,Rp11.900,11900.0
surat-menyurat,ANGPAO / AMPLOP NATAL TAHUN BARU MERRY CHRISTMAS,Rp2.490,2490.0
surat-menyurat,"WPS Amplop Coklat Ukuran Map [ 27,5 x 37,5 cm ] - Pack",Rp71.500,71500.0
surat-menyurat,Capricorn Design Amplop / Money Envelope Abstract isi 5 – AMPEF 010,Rp15.500,15500.0
surat-menyurat,SAPPORO PACKING - Packing Kayu Sapporo Furniture Online - Aman Kirim ke Luar Jabodetabek,Rp10.000,10000.0
surat-menyurat,Tambahan Packing DUS / KARDUS,Rp5.500,5500.0
surat-menyurat,WELLEN PRINT - Amplop Karakter Lebaran Idul Fitri Print Nama / Cetak Angpao Eid Mubarak Lucu,Rp17.500,17500.0
surat-menyurat,Amplop Ekslusif Good Gold/ Amplop Khusus Logam Mulia,Rp5.000,5000.0
surat-menyurat,(TIDAK BOLEH DIPISAH! HARUS DIPESAN BERSAMA DENGAN PRODUK) Tambahan Packing Bubble Wrap TH002,Rp3.500,3500.0
surat-menyurat,EXTRA KARDUS / PACKING KARDUS,Rp10.000,10000.0
surat-menyurat,Capricorn Design Amplop / Money Envelope Pernikahan isi 5 Motif Floral– AMPEF 053,Rp15.500,15500.0
surat-menyurat,Capricorn Design Amplop Imlek isi 5 – Angpao Imlek / Hongbao Premium IMLB 092,Rp11.900,11900.0
surat-menyurat,NEURO - Amplop Coklat Ukuran Super Kabinet [ 14 x27 cm ] - Pack,Rp31.500,31500.0
surat-menyurat,Amplop lebaran hari raya idul fitri 2026 mika isi 50 lembar kartun lucu eta 1,Rp9.900,9900.0
surat-menyurat,BUBBLE WRAP untuk tambahan packing,Rp2.000,2000.0
surat-menyurat,AMPLOP LEBARAN,Rp6.000,6000.0
surat-menyurat,TAMBAHAN EXTRA BUNGKUS BUBBLE WRAP DOUBLE PACKING DEMI KEAMANAN FIGURE,Rp2.000,2000.0
surat-menyurat,Capricorn Design Angpao Lebaran Aesthetic Isi 5 | Amplop Idul Fitri Bunga Floral Pastel - AMPFB 356,Rp11.900,11900.0
surat-menyurat,Capricorn Design Amplop Idul Fitri Premium Ornate Pattern Isi 5 | Angpau Lebaran Aesthetic Pink Arabesque Heritage - AMPFB 351,Rp11.900,11900.0
surat-menyurat,Capricorn Design Amplop Nikah Pernikahan Wedding Envelope Geometric Animal Swan isi 5 – AMPEF 040,Rp15.500,15500.0
surat-menyurat,MONEY ENVELOPE LARGE - ANGPAO - AMPLOP UANG - HALLMARK -HLL003,Rp45.000,45000.0
surat-menyurat,ANGPAO PENDEK GOLD ANGPAO IMLEK SHIO KUDA 2026 HONGBAO ANGPAU GOLD EMAS SNAKE,Rp4.990,4990.0
surat-menyurat,Bubble Wrap Pelindung Tambahan,Rp2.000,2000.0
surat-menyurat,Capricorn Design Amplop Imlek / Chinese New Year AMIK 105 Isi 5,Rp8.900,8900.0
surat-menyurat,ANGPAO IMLEK FUK FU PENDEK ANGPAU HONGBAO TEBAL MURAH READY,Rp4.990,4990.0
surat-menyurat,Amplop PPL 90 ( berkualitas warna putih ),Rp23.755,23755.0
surat-menyurat,Biaya Kirim atau Ongkos Kirim Luar Jakarta,Rp799.000,799000.0
surat-menyurat,EXTRA BUBBLE WRAP (TAMBAHAN BUBBLE),Rp10.000,10000.0
surat-menyurat,CEKA EXTRA PACKING BUBBLE WRAP/ PACKINGAN LEBIH AMAN DAN MEMINIMALISIR KERUSAKAN BARANG,Rp5.000,5000.0
surat-menyurat,ANGPAO IMLEK PANJANG VINTAGE HONGBAO ANGPAU PANJANG TREN BEST SELLER,Rp11.900,11900.0
surat-menyurat,AMPLOP LEBARAN 3D AESTHETIC IDUL FITRI AMPLOP VIRAL GEMOY LUCU,Rp2.490,2490.0
surat-menyurat,Capricorn Design Amplop Lebaran Aesthetic Premium Isi 5 Pcs - Angpao Idul Fitri Floral - AMPFB 324,Rp11.900,11900.0
surat-menyurat,Capricorn Design Amplop Lebaran Aesthetic Kekinian Isi 5 | Angpao Hari Raya Idul Fitri - AMPFB 293,Rp11.900,11900.0
surat-menyurat,(CO DGN PRODUK REXUS) EXTRA Kardus tambahan packing khusus produk REXUS,Rp5.900,5900.0
surat-menyurat,[Jakarta Utara] Ongkos Kirim Kurir Toko,Rp75.000,75000.0
surat-menyurat,DELIVERY ONGKOS KIRIM (BIAYA ONGKOS KIRIM),Rp50.000,50000.0
surat-menyurat,Amplop Coklat Airmail 312 Eceran 38.8cm x 28.6cm,Rp2.500,2500.0
surat-menyurat,Amplop Coklat Airmail 310 Eceran 24.7cm x 34.9cm,Rp2.000,2000.0
surat-menyurat,Amplop Coklat Airmail 312 Eceran 38.8cm x 28.6cm,Rp2.500,2500.0
surat-menyurat,Joyko Stamp Pad Bak Stempel Bantalan Tinta No. 1 No.1 No1 Stamppad ORI,Rp8.000,8000.0
surat-menyurat,Packing kayu Big size ( your item’s safety solution ),Rp135.000,135000.0
surat-menyurat,bungkus coklat JNE/TIKI ukuran besar (60x90) cm,Rp43.500,43500.0
surat-menyurat,Capricorn Design Amplop Lebaran Isi 5 - AMPF 294,Rp11.900,11900.0
surat-menyurat,Amplop Coklat Brio Ukuran Folio F4 Tanpa Tali 1 Pak Isi 100 Warna Coklat Polos / PB EDUKASI ANAK - PBNB,Rp65.800,65800.0
surat-menyurat,TAMBAH EXTRA BUBBLE (PACKINGAN),Rp5.000,5000.0
surat-menyurat,AIRMAIL Amplop Coklat Ukuran Kabinet Samson 11 x 24 cm - 100 & 25 LEMBAR (RE-PACK),Rp50.000,50000.0
surat-menyurat,Tambahan Packing Kayu Lebih Aman,Rp75.000,75000.0
surat-menyurat,Iska Media Utama - 40 PCS AMPLOP LEBARAN 2026 TEBAL MOTIF BINATANG dan MOTIF ANAK Ramadhan Idul Fitri,Rp39.600,39600.0
surat-menyurat,ongkir pengiriman - pengiriman,Rp300.000,300000.0
surat-menyurat,ANGPAO HONGBAO PENDEK EMAS GOLD IMLEK SHIO KUDA 2026,Rp4.990,4990.0
surat-menyurat,Capricorn Design Amplop Lebaran Lavender Damask isi 5 | Angpao Idul Fitri Modern Kraft Premium - AMPFK 050,Rp11.900,11900.0
surat-menyurat,WELLEN PRINT - Cetak Sertipikat ukuran a4 / print sertifikat custom / piagam penghargaan murah full color,Rp3.250,3250.0
surat-menyurat,Date Stamp Joyko S-70 - Cap Stempel Tanggal Lunas Joyko,Rp15.386,15386.0
surat-menyurat,Capricorn Design Amplop Lebaran Isi 5 - AMPF 365,Rp8.900,8900.0
surat-menyurat,AMPLOP LEBARAN HARI RAYA IDUL FITRI MIKA ISI 50 LEMBAR - ETALASE 2,Rp12.900,12900.0
surat-menyurat,Stamp Pad / Bak Stempel Joyko No. 1,Rp9.300,9300.0
surat-menyurat,Ella Skincare Bubble Wrap bening,Rp2.000,2000.0
surat-menyurat,Capricorn Design Amplop Lebaran Isi 5 - AMPF 423,Rp8.900,8900.0
surat-menyurat,BUBBLE WRAP TAMBAHAN AGAR PENGIRIMAN AMAN,Rp15.000,15000.0
surat-menyurat,AMPLOP LEBARAN HARI RAYA IDUL FITRI 2026 JUMBO PANJANG KOTAK MIKA ISI 50 PREMIUM MURAH READY STOCK,Rp59.900,59900.0
surat-menyurat,10 pack 60 lembar Angpao Imlek Pendek Shio KUDA 2026 Hong Bau Fung Pao,Rp49.900,49900.0
surat-menyurat,Capricorn Design Amplop Lebaran Isi 5 - AMPF 413 Kertas Paper,Rp8.900,8900.0
surat-menyurat,[COD] SK C823 Amplop Lebaran Isi 50Pcs Motif Karakter Lucu Dompet Uang Hari Raya Idul Fitri,Rp16.811,16811.0
surat-menyurat,Tambahan Extra Bubble Wrap [HANYA UNTUK 1 RESI PER 1 ORDER] – Perlindungan Aman Pengiriman Alat Medis,Rp4.000,4000.0
surat-menyurat,Packing kayu khusus semua produk Bodimax,Rp125.000,125000.0
surat-menyurat,MONEY ENVELOPE SMALL -ANGPAO -AMPLOP UANG -HALLMARK - FF BEAR - HAL031,Rp35.000,35000.0
surat-menyurat,Capricorn Design Amplop Lebaran Motif Lucu Isi 5 | Angpau Hari Raya Idul Fitri Premium - AMPFB 354,Rp11.900,11900.0
surat-menyurat,Capricorn Design Amplop Lebaran Cantik Isi 5 | Angpau Idul Fitri Desain Modern Aesthetic & Premium - AMPFB 204,Rp11.900,11900.0
surat-menyurat,DCG - EXTRA BUBBLE + KARDUS,Rp3.999,3999.0
surat-menyurat,WELLEN PRINT - Angpao THR Idul Fitri Character Print Custom Nama,Rp12.500,12500.0
surat-menyurat,Capricorn Design Amplop Lebaran Premium Isi 5 | Angpau Idul Fitri Motif full color eid al fitr Aesthetic - AMPFB 322,Rp11.900,11900.0
surat-menyurat,MONEY ENVELOPE SMALL - ANGPAO - AMPLOP UANG - HALLMARK - HLL004,Rp35.000,35000.0
surat-menyurat,AMPLOP LEBARAN HARI RAYA IDUL FITRI 2025 MIKA ISI 50 LEMBAR KARTUN LUCU ETA 3,Rp19.900,19900.0
surat-menyurat,Paperline Amplop 114X162mm 80gsm White PPL EV 110 PPS,Rp36.000,36000.0
surat-menyurat,"bukuqu Amplop Edisi Lebaran [1 Pack Isi 10 Pcs] - Ukuran 7,5x10 cm - Idul Fitri - Angpau",Rp11.998,11998.0
surat-menyurat,EXTRA BUBBLE PACKING LEBIH AMAN,Rp2.000,2000.0
surat-menyurat,Paperline Amplop Putih Airmail 104 APS Bergaris Merah Biru - PPL EV 104 APS,Rp30.000,30000.0
surat-menyurat,Capricorn Design Amplop Lebaran Isi 5 - AMPF 351,Rp8.900,8900.0
surat-menyurat,Kertas tisue / kertas tisu / kertas tissue untuk produk Hi Fashion,Rp74.000,74000.0
surat-menyurat,Extra Bubble Wrap Tebal Anti Pecah / Bubble Wrap Packing Barang / Pelindung Paket Aman YooWoo Official,Rp5.000,5000.0
surat-menyurat,Capricorn Design Amplop Nikah Pernikahan Wedding Envelope Isi 5 - IMLB 103,Rp11.700,11700.0
surat-menyurat,Capricorn Design Amplop Imlek / Chinese New Year AMIK 103 Isi 5,Rp8.900,8900.0
surat-menyurat,ARTLINE Stempel Fingerprint Stamp Pad Sidik Jari EFP-40,Rp135.000,135000.0
surat-menyurat,Angpao Imlek Jaspart Terlengkap Panjang dan Pendek Ready Stock Keluaran Tahun KUDA 2026,Rp3.990,3990.0
surat-menyurat,Capricorn Design Amplop Lebaran Premium Isi 5 | Angpau Idul Fitri Minimalis Terracotta Night Desain Mewah - AMPFB 193,Rp11.900,11900.0
surat-menyurat,Daiso Vermilion Ink Pad-Small-Round-,Rp11.000,11000.0
surat-menyurat,"AIRMAIL Amplop Coklat Tali 310, 25 x 35 cm, 10 Lbr (Re-pack)/ 50 Lembar - PAK",Rp71.500,71500.0
surat-menyurat,[Jakarta Timur] Ongkos Kirim Kurir Toko,Rp75.000,75000.0
surat-menyurat,Amplop Putih Surat 3/4 110 PPS Paperline White Envelope,Rp26.994,26994.0
surat-menyurat,JPLUS - Amplop Putih Jendela Kiri - Amplop Window No.90 Biru - Pack,Rp54.500,54500.0
surat-menyurat,Bubble Wrap Plastic Plastik Bubble,Rp5.000,5000.0
surat-menyurat,Angpao Imlek Jaspart Tahun Terbaru Ukuran Standard Shio KUDA 2026,Rp1.890,1890.0
surat-menyurat,SALE - ANGPAO IMLEK PREMIUM PENDEK SHIO EKSKLUSIF TAHUN INI,Rp12.900,12900.0
surat-menyurat,Amplop / Angpao Natal Lucu 3D Lengkap Terlaris Bahan Paper,Rp4.490,4490.0
surat-menyurat,Smatt Extra Packing Dus Untuk Keamanan Barang,Rp4.000,4000.0
surat-menyurat,[READY] Aimilo Amplop Lebaran Idul Fitri Isi 30/50PCS Ukuran Besar 8×16 cm Muat Uang Tanpa Dilipat,Rp18.500,18500.0
surat-menyurat,Capricorn Design Amplop Idul Fitri Aesthetic Colorful Isi 5 | Angpau Lebaran Desain Homey Premium & Lucu - AMPFB 280,Rp11.900,11900.0
surat-menyurat,Angpao Imlek Jaspart Bentuk Gentong Premium Tahun Terbaru,Rp12.900,12900.0
surat-menyurat,Kintakun Amplop THR Ramadhan 2024,Rp50.000,50000.0
surat-menyurat,ROYSTONE - AMPLOP ANGPAO WARNA MERAH EXCLUSIVE,Rp999.000,999000.0
surat-menyurat,Amplop Coklat Airmail 312 Eceran 38.8cm x 28.6cm,Rp2.500,2500.0
surat-menyurat,Amplop Coklat Polos Kabinet Air Mail / Amplop Dinas Samson,Rp400,400.0
surat-menyurat,Amplop Coklat Polos 1/2 Folio Air Mail / Amplop Dinas Samson,Rp700,700.0
surat-menyurat,Amplop Coklat Airmail 312 Eceran 38.8cm x 28.6cm,Rp2.500,2500.0
surat-menyurat,Joyko Stamp Pad Bak Stempel Bantalan Tinta No. 1 No.1 No1 Stamppad ORI,Rp8.000,8000.0
surat-menyurat,[Jakarta Pusat] Ongkos Kirim Kurir Toko,Rp75.000,75000.0
surat-menyurat,EXTRA PACKING BUBBLE WRAP LAPTOP,Rp20.000,20000.0
surat-menyurat,[Isi 20 Free Mika] ANGPAO IMLEK SHIO NAGA 2024 DRAGON IMLEK,Rp12.900,12900.0
surat-menyurat,"PAPERONE Kertas A4 100gr 1 Ream (500 lembar) [Kertas HVS, Kertas Fotocopy]",Rp75.400,75400.0
surat-menyurat,Capricorn Design Amplop Imlek / Chinese New Year AMIK 102 Isi 5,Rp8.900,8900.0
surat-menyurat,[Bogor] Ongkos Kirim Kurir Toko,Rp250.000,250000.0
surat-menyurat,Capricorn Design Angpau Lebaran Starry Night Aesthetic Isi 5 | Amplop Idul Fitri Desain Unik Ceria Premium - AMPFB 295,Rp11.900,11900.0
surat-menyurat,Capricorn Design Amplop Natal / Christmas Envelope isi 6 – Angpau Natal Lucu Elegan AMPCX 037 Kertas Paper,Rp14.900,14900.0
surat-menyurat,Capricorn Design Amplop Imlek isi 5 – Angpao Imlek / Hongbao Premium IMLB 096,Rp11.900,11900.0
surat-menyurat,MONEY ENVELOPE LARGE - ANGPAO - AMPLOP UANG - HALLMARK - HAL027,Rp45.000,45000.0
surat-menyurat,MONEY ENVELOPE LARGE - ANGPAO - AMPLOP UANG - HALLMARK - RED - HAL021,Rp45.000,45000.0
surat-menyurat,Capricorn Design Amplop / Money Envelope Oriental isi 5 – AMPEF 031,Rp15.500,15500.0
surat-menyurat,VONA Extra Bubble Wrap Dompet Tas,Rp3.000,3000.0
surat-menyurat,Amplop PPL 104 (berkualitas) Merah,Rp17.255,17255.0
surat-menyurat,Capricorn Design Amplop / Money Envelope Pernikahan Geomatrics isi 5 – AMPEF 051,Rp15.500,15500.0
surat-menyurat,PACKING TRIPLEK PENGAMAN (DRUM) PENGIRIMAN - KARGO,Rp100.000,100000.0
surat-menyurat,【 2 Paket】KAYOU My Little Pony Kartu CR Keabadian Persahabatan Paket Momen Menarik Resmi Kartu Koleksi Kartu Resmi Mainan Sekitar,Rp16.000,16000.0
surat-menyurat,(TIDAK BOLEH DIPISAH! HARUS DIPESAN BERSAMA DENGAN PRODUK) Tambahan Packing Bubble Wrap TH002,Rp3.500,3500.0
surat-menyurat,Capricorn Design Amplop Natal / Christmas Envelope isi 6 – Angpau Natal Lucu Elegan AMPCX 041 Kertas Paper,Rp14.900,14900.0
surat-menyurat,Capricorn Design Angpau Lebaran Colorful Aesthetic Isi 5 | Amplop Idul Fitri Modern Pop Art Premium - AMPFB 268,Rp11.900,11900.0
surat-menyurat,angpao amplop uang thr lebaran idul fitri cute (isi 10 pcs),Rp31.000,31000.0
surat-menyurat,MONEY ENVELOPE SMALL - ANGPAO - AMPLOP UANG - HALLMARK - HAL025,Rp35.000,35000.0
surat-menyurat,PACKING TAMBAHAN BUBBLE WRAP,Rp2.000,2000.0
surat-menyurat,Paper Bag Special Edition By Toko Mas Jawa,Rp8.000,8000.0
surat-menyurat,NEURO Amplop Coklat Ukuran Folio,Rp46.750,46750.0
surat-menyurat,[ FREE GIFT ] Asuransi Pengiriman Ekspedisi,Rp128.000,128000.0
surat-menyurat,Capricorn Design Amplop Lebaran Isi 5 - AMPF 344,Rp8.900,8900.0
surat-menyurat,Angpao Imlek Jaspart Tahun Terbaru Ukuran Standard Etalase 1,Rp1.990,1990.0
surat-menyurat,Amplop Lebaran Premium Amplop THR Glossy isi 8 lembar,Rp27.000,27000.0
surat-menyurat,"bukuqu Amplop Edisi Lebaran #MudikYuk - Ukuran 7x15,5 cm - [1 Pack Isi 6 Pcs]",Rp9.900,9900.0
surat-menyurat,Aimilo Amplop Lebaran Idul Fitri Isi 30/50PCS Ukuran Besar 8×16 cm Muat Uang Tanpa Dilipat,Rp18.500,18500.0
surat-menyurat,Capricorn Design Amplop Lebaran Kraft Minimalis Isi 5 | Angpao Idul Fitri Modern Premium - AMPFK 017,Rp11.900,11900.0
surat-menyurat,Ongkos Kirim 2,Rp275.000,275000.0
surat-menyurat,Capricorn Design Amplop Natal / Christmas Envelope Isi 6 - AMPCK 005,Rp11.900,11900.0
surat-menyurat,Capricorn Design Amplop / Money Envelope Oriental isi 5 – AMPEF 025,Rp15.500,15500.0
surat-menyurat,[Free Mika] Angpao Imlek Shio Naga 2024 Uk Medium Amplop Dragon 2024,Rp14.900,14900.0
surat-menyurat,Capricorn Design Amplop Lebaran Isi 5 - AMPF 367,Rp8.900,8900.0
surat-menyurat,BUBBLE WRAP TAMBAHAN MANDALIKAMUSIC [SAFETY PACKAGING] Alat Musik,Rp20.000,20000.0
surat-menyurat,6pcs Angpao 2026 FU SHIO KUDA Imlek Merah VARIAN GOLD PREMIUM GLITTER 3D MEWAH EMAS,Rp19.900,19900.0
surat-menyurat,Extra Bubble Wrap Untuk Dumbell/ Kettlebell Neoprene,Rp2.000,2000.0
surat-menyurat,NEURO Amplop Coklat Uk. Super Kabinet [ 14 x27 cm ] SEAL - Pack,Rp31.400,31400.0
surat-menyurat,[PAKET 300 PCS] Amplop Lebaran 6 Pack Isi 300 Lembar - Gratis Ongkir,Rp54.900,54900.0
surat-menyurat,EXTRA PACKING BUBBLE WRAP BESAR,Rp20.000,20000.0
surat-menyurat,Packing Kayu Khusus JNE Berat 4KG - 5KG,Rp30.000,30000.0
surat-menyurat,Capricorn Design Amplop Lebaran Sticker Bomb Aesthetic Isi 5 | Angpau Idul Fitri Kreatif Pop Art Premium,Rp11.900,11900.0
surat-menyurat,Kartu Ucapan Motif Karakter Glitter Hadiah Ulang Tahun Greeting Card,Rp20.000,20000.0
surat-menyurat,Bubble Wrap Pelindung Produk,Rp2.000,2000.0
surat-menyurat,Bubble Wrap dan Kardus Packaging,Rp20.000,20000.0
surat-menyurat,"bukuqu Amplop [Isi 12 Pcs] S #Islamic - Edisi Lebaran - Uk 5,5x8 cm - Idul Fitri - Angpau",Rp10.900,10900.0
surat-menyurat,WELLEN PRINT - Angpao THR Idul Fitri Character Print Custom Nama / Cetak Amplop Lebaran 2023,Rp12.500,12500.0
surat-menyurat,ANGPAO IMLEK ULAR 2025 ISI 25 LEMBAR FUNG PAU HONGBAO FUK KEMASAN KOTAK MIKA FUKMIKA UKURAN MEDIUM,Rp12.900,12900.0
surat-menyurat,PACKING TAMBAHAN DUS / DUS TAMBAHAN,Rp1.500,1500.0
surat-menyurat,Capricorn Design Angpau Lebaran Exclusive Isi 5 | Amplop Hari Raya Idul Fitri Elegan & Premium - AMPFB 243,Rp11.900,11900.0
surat-menyurat,Capricorn Design Amplop Lebaran Moroccan Aesthetic Peach Isi 5 | Angpau Lebaran Motif Pohon Palem Elegan - AMPFB 248,Rp11.900,11900.0
surat-menyurat,Amplop Putih Kiky Merpati Kartu Nama Kecil Polos - White Gummed Envelope,Rp10.697,10697.0
surat-menyurat,Capricorn Design Amplop / Money Envelope Flowers isi 5 – AMPEF 034 Kertas Paper,Rp15.500,15500.0
surat-menyurat,WELLEN PRINT – Cetak Amplop Idul Fitri Tema Kue Lebaran Custom Nama / Print Angpao THR Eid Mubarak Edition,Rp17.000,17000.0
surat-menyurat,Capricorn Design Amplop Natal / Christmas Envelope Isi 6 - AMPCK 002,Rp11.900,11900.0
surat-menyurat,Extra Safe Packet - Tambah bubble dan kardus Pengemasan,Rp4.000,4000.0
surat-menyurat,TGM MERCH - Amplop Permen / amplop THR Bungkus Permen karakter lucu | Edisi Ramadan,Rp10.000,10000.0
surat-menyurat,Amplop Coklat Airmail 312 Eceran 38.8cm x 28.6cm,Rp2.500,2500.0
surat-menyurat,Amplop Coklat Polos Kabinet Air Mail / Amplop Dinas Samson,Rp400,400.0
surat-menyurat,Amplop Coklat Polos 1/2 Folio Air Mail / Amplop Dinas Samson,Rp700,700.0
surat-menyurat,Amplop Coklat Airmail 312 Eceran 38.8cm x 28.6cm,Rp2.500,2500.0
surat-menyurat,Joyko Stamp Pad Bak Stempel Bantalan Tinta No. 1 No.1 No1 Stamppad ORI,Rp8.000,8000.0
surat-menyurat,MONEY ENVELOPE SMALL - ANGPAO - AMPLOP UANG - HALLMARK - HAL021,Rp35.000,35000.0
surat-menyurat,Ekstra Bubble Wrap TOKOLAPTOPID,Rp4.000,4000.0
surat-menyurat,Capricorn Design Amplop Idul Fitri Tema Starry Night Isi 5 | Angpau Lebaran Exclusive Aesthetic Navy Pink - AMPFB 273,Rp11.900,11900.0
surat-menyurat,AMPLOP LEBARAN MIX RANDOM IDUL FITRI ANGPAO LEBARAN IDUL FITRI MURAH READY STOCK UKURAN MEDIUM ISI 50,Rp16.900,16900.0
surat-menyurat,Angpao Mini 12 pcs Money Envelope GAMES ANGPAO KOCOK tahun KUDA 2026 by Paperie Lab,Rp39.440,39440.0
surat-menyurat,Capricorn Design Amplop Natal / Christmas Envelope isi 6 – Angpau Natal Lucu Elegan AMPCX 090 Kertas Paper,Rp14.900,14900.0
surat-menyurat,Free Gift AMPLOP LEBARAN Jam Tangan Carolina,Rp999.999,999999.0
surat-menyurat,Date Stamp Joyko S-68 - Cap Stempel Tanggal Lunas Joyko,Rp14.973,14973.0
surat-menyurat,[Isi 30-50 lembar] Amplop panjang besar / angpao lebaran hari raya idul fitri free kemasan mika,Rp49.900,49900.0
surat-menyurat,Capricorn Design Amplop Natal / Christmas Envelope isi 6 – Angpau Natal Lucu Elegan AMPCX 054 Kertas Paper,Rp14.900,14900.0
surat-menyurat,Capricorn Design Angpao Idul Fitri Eksklusif isi 5 | Amplop Lebaran Uang THR Cokelat Motif Bintang Hijau - AMPFK 042,Rp11.900,11900.0
surat-menyurat,Finishing JIlid Lem panas Softcover (Uk. A4 & A5)|Print Digital|Murah,Rp40.000,40000.0
surat-menyurat,MONEY ENVELOPE SMALL - ANGPAO - AMPLOP UANG - HALLMARK - HAL012,Rp35.000,35000.0
surat-menyurat,50 Lembar Amplop Lebaran Termurah Free Mika amplop lebaran unik,Rp11.900,11900.0
surat-menyurat,AMPLOP LEBARAN HARI RAYA IDUL FITRI 2025 JUMBO PANJANG KOTAK MIKA ISI 50 30 PREMIUM READY STOCK,Rp39.900,39900.0
surat-menyurat,Biaya Ongkos Kirim untuk luar Jabodetabek/Bandung,Rp655.000,655000.0
surat-menyurat,Amplop Biola Folio (1 pak isi 100 Pcs) Merah,Rp36.905,36905.0
surat-menyurat,EXTRA PACKING BUBBLE WRAP TAMBAHAN,Rp2.000,2000.0
surat-menyurat,Crousel - Extra Bubble Wrap Pelindung/Pengaman Saat Pengiriman,Rp5.000,5000.0
surat-menyurat,Love bird Bubble Wrap Tambahan Packing Agar Lebih Aman Saat Pengiriman,Rp7.160,7160.0
surat-menyurat,Capricorn Design Amplop Lebaran Isi 5 - AMPF 320,Rp8.900,8900.0
surat-menyurat,[50 lembar motif islami] amplop / angpao lebaran hari raya idul fitri kemasan mika isi 50 lembar amplop lebaran edisi islami,Rp12.900,12900.0
surat-menyurat,Angpao Imlek Isi 50 Motif Fu Keluaran Tahun Kuda 2026 Amplop Kuda 2026,Rp14.900,14900.0
surat-menyurat,Bathaholic - Packing Bubble Wrap,Rp2.000,2000.0
surat-menyurat,Capricorn Design Amplop Nikah Pernikahan Wedding Envelope Flowers isi 5 – AMPEF 033,Rp14.900,14900.0
surat-menyurat,Amplop Lebaran Karakter Labubu Amplop THR isi 5 lembar,Rp15.000,15000.0
surat-menyurat,ANGPAO IMLEK FUK FU ISI 50 LEMBAR FUNG PAU HONGBAO FUK KOTAK MIKA FUKM,Rp15.990,15990.0
surat-menyurat,NUEL [PACKING] Kayu untuk Lemari Besar,Rp150.000,150000.0
surat-menyurat,AMPLOP / ANGPAO LEBARAN HARI RAYA IDUL FITRI KEMASAN MIKA ISI 50 LEMBAR AMPLOP LEBARAN,Rp19.900,19900.0
surat-menyurat,Amplop Coklat Tali F4 Folio [1 Pack] / AirMail Cokelat [25 x 35 Cm],Rp16.500,16500.0
surat-menyurat,Capricorn Design Amplop Natal / Christmas Envelope Isi 6 - AMPCX 078 Kertas Paper,Rp14.900,14900.0
surat-menyurat,Plastik Polymailer Untuk Kado PS13656 PS14668,Rp5.000,5000.0
surat-menyurat,【 1 Kotak】KAYOU My Little Pony Kartu CR Keabadian Persahabatan Paket Momen Menarik Resmi Kartu Koleksi Kartu Resmi Mainan Sekitar,Rp240.000,240000.0
surat-menyurat,Capricorn Design Amplop Angpau Natal isi 6 – Christmas Envelope / Amplop Kado Lucu AMPACK 042 Kertas Paper,Rp14.900,14900.0
surat-menyurat,Bubble Wrap Tambahan Packing Lebih Aman plastik Gelembung,Rp13.189,13189.0
surat-menyurat,Capricorn Design Amplop Imlek / Chinese New Year Isi 5 - IMLB 095,Rp11.900,11900.0
surat-menyurat,Capricorn Design Amplop Imlek isi 5 – Angpao Imlek / Hongbao Premium IMLB 098,Rp11.900,11900.0
surat-menyurat,Capricorn Design Amplop Lebaran Isi 5 Warna Pastel Aesthetic Kertas Paper Motif,Rp8.900,8900.0
surat-menyurat,Cetak Stempel Flash| Stample Flash 2 Warna,Rp60.000,60000.0
surat-menyurat,ANGPAO IMLEK GOLD PANJANG SHIO KUDA 2026 TERBARU,Rp3.499,3499.0
surat-menyurat,Cetak Stempel Flash| Stample Flash 3 Warna,Rp50.000,50000.0
surat-menyurat,Capricorn Design Amplop Lebaran Minimalis Isi 5 pcs | Angpau Idul Fitri Simple Premium Berbagai Motif,Rp11.900,11900.0
surat-menyurat,Capricorn Design Amplop Imlek / Chinese New Year AMIK 101 Isi 5,Rp8.900,8900.0
surat-menyurat,Capricorn Design Amplop Angpau Natal isi 6 – Christmas Envelope / Amplop Kado Lucu AMPACK 068 Kertas,Rp26.500,26500.0
surat-menyurat,Tambahan kardus (khusus yang mau aman) plastik,Rp4.000,4000.0
surat-menyurat,[Mix Isi 30 Lembar] Amplop Panjang Lebaran Premium Isi sudah MIX,Rp39.900,39900.0
surat-menyurat,"bukuqu Amplop [isi 6 pcs] L #HariRaya - Edisi Lebaran - Uk 7,5x15,5 cm [1 pak isi 6] - Idul Fitri - Angpau",Rp9.150,9150.0
surat-menyurat,Capricorn Design Amplop Natal / Christmas Envelope Craft Paper Isi 6 - AMPCK 076,Rp26.000,26000.0
surat-menyurat,AMPLOP LEBARAN 3D AESTHETIC AMPLOP IDUL FITRI AMPLOP LEBARAN VIRAL GEMOY LUCU,Rp2.490,2490.0
surat-menyurat,ANGPAO / AMPLOP PANJANG NATAL MERRY CHRISTMAS,Rp3.490,3490.0
surat-menyurat,Amplop Coklat Kabinet ZIBIZ (isi 100) Merah,Rp16.990,16990.0
surat-menyurat,Capricorn Design Amplop Idul Fitri Minimalis isi 5 | Angpau Lebaran Elegan Kraft & Lime Green Premium - AMPFK 046,Rp11.900,11900.0
surat-menyurat,[50 lembar motif islami] amplop / angpao lebaran hari raya idul fitri kemasan mika isi 50 lembar amplop lebaran edisi islami,Rp10.900,10900.0
surat-menyurat,ANGPAO BUKA KEPALA SHIO ULAR 2025 ANGPAO EDISI BUKA KEPALA ISI 6 UKURAN PANJANGIMLEK SHIO ULAR 2025,Rp14.900,14900.0
surat-menyurat,TGM MERCH - Amplop Permen / amplop THR Snack Minuman | Edisi Ramadan,Rp10.000,10000.0
surat-menyurat,ARTLINE Stamp Pad Bantalan Tinta Stempel 2 Colours HGW-3FC,Rp37.740,37740.0
surat-menyurat,Kertas Samson Coklat Isi 25 Lembar - Sampul Coklat Amplop 90 x 120,Rp73.414,73414.0
surat-menyurat,Capricorn Design Amplop Lebaran Premium Tropical Night Isi 5 | Angpau Idul Fitri Aesthetic Forest Palm Edition - AMPFB 278,Rp11.900,11900.0
surat-menyurat,Capricorn Design Amplop / Money Envelope Flowers isi 5 – AMPEF 039,Rp15.500,15500.0
surat-menyurat,2024 ANGPAO IMLEK HONGBAO NETRAL ANGPAO DEWA CHAISEN BARONGSAI YEAR OF THE DRAGON,Rp1.990,1990.0
surat-menyurat,Amplop Coklat Polos Kabinet Air Mail / Amplop Dinas Samson,Rp400,400.0
surat-menyurat,Amplop Coklat Airmail 312 Eceran 38.8cm x 28.6cm,Rp2.500,2500.0
surat-menyurat,Amplop Coklat Polos 1/2 Folio Air Mail / Amplop Dinas Samson,Rp700,700.0
surat-menyurat,Plastic Bubble Wrap Bungkus Kemasanbu,Rp5.000,5000.0
surat-menyurat,Amplop Coklat Airmail 312 Eceran 38.8cm x 28.6cm,Rp2.500,2500.0
surat-menyurat,2024 ANGPAO IMLEK HONGBAO NETRAL ANGPAO DEWA CHAISEN BARONGSAI YEAR OF THE DRAGON,Rp1.990,1990.0
surat-menyurat,Prima Stationery Kertas CREP/ CREPE/ KREP Lembaran Panjang Kertas Kado Eceran 1pcs Variasi Warna Hijau Tua Hijau Muda Biru Tua Biru Muda Merah Pink Tua Pink Muda Putih Hitam Kuning Orange Ungu,Rp5.355,5355.0
surat-menyurat,Capricorn Design Amplop Idul Fitri Motif Minal Aidin Wal Faizin Premium & Elegan Isi 5 - AMPFB 329,Rp11.900,11900.0
surat-menyurat,LM PACKING BUBBLE DAN DUS TAMBAHAN / PACKING TAMBAH,Rp3.121,3121.0
surat-menyurat,Tambahan Packaging Kardus Dus,Rp4.000,4000.0
surat-menyurat,Biaya Ongkos Kirim,Rp500.000,500000.0
surat-menyurat,DOA - Meela Pashmina Broken White,Rp295.000,295000.0
surat-menyurat,PhiLipe Ricci Extra Kardus / Box Tambahan Packing For Safety,Rp5.000,5000.0
surat-menyurat,Kab. Bekasi,"Ongkos Kirim Rp 150,000 - Rp 1,000,000",150000.0
surat-menyurat,Amplop Kecil Putih Merpati [100 pcs/1 pack] / Amplop Uang Angpao,Rp13.900,13900.0
surat-menyurat,ANGPAO NATAL AMPLOP 3D LUCU BLINK BLINK BERKILAU DUIT KARAKTER NATAL,Rp3.990,3990.0
surat-menyurat,Capricorn Design Amplop Angpau Natal isi 6 – Christmas Envelope / Amplop Kado Lucu AMPACK 023 Kertas Paper,Rp14.900,14900.0
surat-menyurat,Bubblewarp Tambahan Wajib Anti Benturan Dan Rusak,Rp2.500,2500.0
surat-menyurat,AMPLOP HARI RAYA LEBARAN 2026 IDUL FITRI MIKA ISI 50 LEMBAR MURAH MERIAH AMPLOP ISLAMI KARTUN LUCU,Rp19.900,19900.0
surat-menyurat,Extra Bubble Warp - Bumi organik,Rp2.000,2000.0
surat-menyurat,TGM MERCH - Amplop Peluk / amplop THR Karakter muslim | Edisi Ramadan,Rp10.000,10000.0
surat-menyurat,Palomino Box Brown Sedang [Packaging Tas],Rp29.000,29000.0
surat-menyurat,Angpao Imlek Jaspart Tahun Terbaru Ukuran Panjang SHIO KUDA 2026,Rp3.490,3490.0
surat-menyurat,ANGPAO PANJANG ANGPAO IMLEK SHIO KUDA 2026 PANJANG HONGBAO FU MERAH,Rp3.490,3490.0
surat-menyurat,Polymailer Motif Amplop Kado Kartun / Plastik Packing,Rp5.600,5600.0
surat-menyurat,Master Sampul Coklat Kwarto Lipat Buku Kertas Kopi Quarto,Rp17.000,17000.0
surat-menyurat,ANGPAO IMLEK FUK FU ISI 20 LEMBAR FUNG PAU HONGBAO FUK KOTAK MIKA FUKMIKA UKURAN MEDIUM,Rp14.900,14900.0
surat-menyurat,Kab. Bekasi,"Ongkos Kirim Dibawah Rp 140,000",140000.0
surat-menyurat,WELLEN PRINT – Cetak Amplop Idul Fitri Tema Makanan Custom Nama / Print Angpao THR Lebaran Eid Mubarak,Rp17.000,17000.0
surat-menyurat,AMPLOP LEBARAN ISI 10 PCS HARI RAYA RAMADHAN IDUL FITRI 2026 ANGPAO KARAKTER LUCU TEBAL RAMADHAN IDUL FITRI Motif Elegan Ukuran Besar 7cm x 10cm Bahan Art Paper Glossy 85 gsm,Rp36.000,36000.0
surat-menyurat,Capricorn Design Amplop Idul Fitri Aesthetic Isi 5 | Angpao Lebaran Premium & Modern - AMPFB 318,Rp11.900,11900.0
surat-menyurat,ANGPAO PANJANG ANGPAO TANDUK PREMIUM IMLEK SHIO ULAR 2025,Rp5.990,5990.0
surat-menyurat,Amplop Panjang Lebaran Hari Raya Idul Fitri Premium Emboss Emas,Rp65.000,65000.0
surat-menyurat,Carinn Tambahan Packing Bubble Wrap Optional,Rp6.000,6000.0
surat-menyurat,HUSEN Kardus Packing Official,Rp20.000,20000.0
surat-menyurat,Amplop Kecil Putih Merpati [100 pcs/1 pack] / Amplop Uang Angpao Lebaran,Rp13.900,13900.0
surat-menyurat,Ongkos Kirim Tambahan Mahottama,Rp100.000,100000.0
surat-menyurat,AYOMI BUBBLE (PACKINGAN TAMBAHAN) CARD,Rp2.500,2500.0
surat-menyurat,ANGPAO NATAL ANGPAU MERRY CHRISTMAS HONGBAO AMPLOP NATAL UKURAN PANJANG MURAH MERIAH FREE ONGKIR READY,Rp5.490,5490.0
surat-menyurat,Amplop Putih Polos Merpati [No 104/100 pcs] / Amplop Uang Angpao Polos [1 Pack] Kertas Perekat,Rp22.900,22900.0
surat-menyurat,Packing Tambahan BUBBLE WRAP / Extra Bubble Wrap Alat Pembungkus Barang Agar Tidak Mudah Rusak | PPM,Rp4.999,4999.0
surat-menyurat,ANGPAO IMLEK PENDEK SHIO KUDA 2026 HONG BAO FUNG PAU,Rp2.490,2490.0
surat-menyurat,ANGPAO / AMPLOP WEDDING JUMBO /UANG SUSU / ANGPAO ENGAGEMENT 12x22,Rp29.900,29900.0
surat-menyurat,WAJIB!! TAMBAHAN BUBBLE WRAP DAN KARDUS,Rp2.000,2000.0
surat-menyurat,Aimilo - Amplop Lebaran Idul Fitri Isi 30/50PCS Ukuran Besar 8×16 cm Muat Uang Tanpa Dilipat,Rp18.500,18500.0
surat-menyurat,ANGPAO PANJANG IMLEK FU FUK BENTUK DOMPET HONGBAO FU ANGPAO MERAH FPD,Rp11.900,11900.0
surat-menyurat,[50 LEMBAR MOTIF KARTUN] AMPLOP / ANGPAO LEBARAN HARI RAYA IDUL FITRI KEMASAN MIKA ISI 50 LEMBAR AMPLOP LEBARAN EDISI KARTUN,Rp12.900,12900.0
surat-menyurat,【2】HDMI layanan purna jual telah diperpanjang hingga tiga tahun—harap jangan melakukan pemesanan.,Rp9.999,9999.0
surat-menyurat,TAMBAHAN KARDUS + BUBLE WRAP JASPART,Rp7.990,7990.0
surat-menyurat,Isi 20 Pcs Angpao Wedding Amplop Sangjit Pernikahan Kemasan Plastik,Rp14.900,14900.0
surat-menyurat,[COD] Bubble Wrap / Extra Bubble Wrap agar Produk Aman Sampai Customer,Rp4.363,4363.0
surat-menyurat,Capricorn Design Amplop Nikah Pernikahan Wedding Envelope Batik Flowers isi 5 – AMPEF 047,Rp15.500,15500.0
surat-menyurat,AMPLOP LEBARAN IDUL FITRI PREMIUM HOLOGRAM EMAS PANJANG,Rp10.900,10900.0
surat-menyurat,"PACKING PENGAMAN PENGIRIMAN (DRUM HEAD, CYMBAL, ETC)",Rp25.000,25000.0
surat-menyurat,Capricorn Design Amplop Angpau Natal isi 6 – Christmas Envelope / Amplop Kado Lucu AMPACK 013 Kertas Paper,Rp14.900,14900.0
surat-menyurat,Capricorn Design Amplop Natal / Christmas Envelope isi 6 – Angpau Natal Lucu Elegan AMPCX 085 Kertas Paper,Rp14.900,14900.0
surat-menyurat,ANGPAO NATAL DAN TAHUN BARU AMPLOP NATAL ANGPAO MERRY CHRISTMAS ANGPAO MURAH FREE ONGKIR,Rp4.500,4500.0
surat-menyurat,Capricorn Design Amplop Natal / Christmas Envelope Craft Paper Isi 6 - AMPCK 073,Rp31.300,31300.0
surat-menyurat,Kardus untuk ekstra proteksi produk di Tokolaptopid,Rp10.000,10000.0
surat-menyurat,Capricorn Design Amplop Lebaran Isi 5 - AMPF 397 Kertas Paper,Rp8.900,8900.0
surat-menyurat,Pembelian Packing Kayu Siroca,Rp50.000,50000.0
surat-menyurat,WELLEN PRINT - Angpao Imlek Custom Print Design Nama / Cetak Amplop Karakter CNY,Rp17.500,17500.0
surat-menyurat,ANGPAO IMLEK KAIN PREMIUM BENTUK DOMPET ANGPAO SANGJIT WEDDING HONGBAO LAMARAN KAWINAN ENGAGEMENT,Rp37.000,37000.0
surat-menyurat,Xantri Tinta Stempel Waterproof Merah 10ml Refill Ink Tahan Lama Tidak Luntur untuk Kertas Art Paper & Brosur,Rp16.000,16000.0
surat-menyurat,NUEL Tambahan Packing Kayu untuk Lemari,Rp100.000,100000.0
surat-menyurat,Amplop Coklat Polos Kabinet Air Mail / Amplop Dinas Samson,Rp400,400.0
surat-menyurat,Amplop Coklat Airmail 312 Eceran 38.8cm x 28.6cm,Rp2.500,2500.0
surat-menyurat,Amplop Coklat Polos 1/2 Folio Air Mail / Amplop Dinas Samson,Rp700,700.0
surat-menyurat,Plastic Bubble Wrap Bungkus Kemasanbu,Rp5.000,5000.0
surat-menyurat,Amplop Coklat Airmail 312 Eceran 38.8cm x 28.6cm,Rp2.500,2500.0
surat-menyurat,Capricorn Design Amplop Imlek / Chinese New Year AMIK 097 Isi 5,Rp8.900,8900.0
surat-menyurat,Stamp Ink Xantri Tinta Refill Stempel 10ml Biru Hitam Merah Muda Hijau,Rp27.500,27500.0
surat-menyurat,Add On Packing Lapis Dus (Extra Aman),Rp3.000,3000.0
surat-menyurat,ISI 6 AMPLOP LEBARAN ESTETIK PREMIUM LEBARAN BUNGA CANTIK ANGPAO LEBARAN HARI RAYA IDUL FITRI,Rp14.900,14900.0
surat-menyurat,KIKY Amplop Coklat No 304 80 gram Lem - 1 Pack 10 Lembar,Rp5.300,5300.0
surat-menyurat,"[KYLJDDWJ QFBC]Mainan Kendaraan Anak & Bahan Packing | Mobil Mainan, Karting Anak, Sepeda Anak | Aman & Rapi",Rp999.999,999999.0
surat-menyurat,Paus Biru - Tambahan Bubble Wrap Extra Proteksi Pengiriman Aman & Anti Pecah Cabinet,Rp10.000,10000.0
surat-menyurat,Capricorn Design Amplop Imlek IMLB 101 isi 5 - Angpau Premium,Rp11.900,11900.0
surat-menyurat,Capricorn Design Amplop Natal / Christmas Envelope isi 6 – Angpau Natal Lucu Elegan AMPCX 095 Kertas Paper,Rp14.900,14900.0
surat-menyurat,TAMBAHAN BUBBLE WRAP PACKING AGAR AMAN,Rp15.000,15000.0
surat-menyurat,[10 LEMBAR] AMPLOP PANJANG BESAR / ANGPAO LEBARAN HARI RAYA IDUL FITRI PREMIUM EMBOSS EMAS MENGKILAP,Rp11.900,11900.0
surat-menyurat,Kardus extra packing tambahan,Rp11.000,11000.0
surat-menyurat,Capricorn Design Amplop Lebaran Esklusif Isi 5 pcs | Amplop Idul Fitri Aesthetic Mewah - AMPFB 363,Rp11.900,11900.0
surat-menyurat,Tangerang Selatan,Capricorn Design Amplop Natal Christmas Envelope Craft Paper Isi 6 AMPCK 065 Kertas 150gr Motif Menarik Ukuran 8x16 cm Kapasitas Rp100.000,6.0
surat-menyurat,ARTLINE Xstamper Xtensions Numeral / Stamp Numerik Stempel EGRN-13M,Rp113.319,113319.0
surat-menyurat,Daiso Kraft envelope (Long #4 Suitable for B5 paper folded into four horizontally Contains 80),Rp33.000,33000.0
surat-menyurat,SO AMPLOP PUTIH 104-80G 20 PCS,Rp6.200,6200.0
surat-menyurat,SO AMPLOP PUTIH 104-80G 20 PCS,Rp6.200,6200.0
surat-menyurat,Amplop Putih Bergaris Panjang Paperline PPS-90 [100 pcs / 1 Pack],Rp33.150,33150.0
surat-menyurat,Amplop Putih Polos Paperline Envelope 90 Pps,Rp51.000,51000.0
surat-menyurat,Estudee Amplop S Fancy Isi 10pcs,Rp12.900,12900.0
surat-menyurat,Tidak Untuk DiJual Amplop Lebaran Sasha,Rp999.999,999999.0
surat-menyurat,Capricorn Design Amplop Idul Fitri Bold Floral isi 5 | Angpau Lebaran Aesthetic kraft Premium & Minimalis - AMPFK 068,Rp11.900,11900.0
surat-menyurat,Amplop Lebaran Motif Lucu Variasi Ramadhan - Pack,Rp14.800,14800.0
surat-menyurat,TANCHJIM Post Card Kartu Pos Wibu Unik Anime Cute Tanya,Rp30.000,30000.0
surat-menyurat,#STAMP PAD NO. 2 JOYKO TMBOOKSTORE,Rp31.000,31000.0
surat-menyurat,Angpao CNY 2025 - Hush Puppies (Not for Sale),Rp2.999.000,2999000.0
surat-menyurat,Capricorn Design Amplop Angpau Natal isi 6 – Christmas Envelope / Amplop Kado Lucu AMPACK 046 Kertas Paper,Rp14.900,14900.0
surat-menyurat,Capricorn Design Amplop Natal / Christmas Envelope Isi 6 - AMPCK 045 Kertas Paper,Rp14.900,14900.0
surat-menyurat,"Amplop Imlek / Chinese Year Margono Warna Warni 80 gsm - isi 25 Lembar, termasuk perekat",Rp12.000,12000.0
surat-menyurat,"HOT PROMO!! Amplop Coklat Ukuran Super Map WPS ( 29 x 39,5 cm )",Rp65.000,65000.0
surat-menyurat,AMPLOP 90 PPS40482659 PAPERLINE,Rp39.500,39500.0
surat-menyurat,Capricorn Design Amplop Natal / Christmas Envelope isi 6 – Angpau Natal Lucu Elegan AMPCX 087 Kertas Paper,Rp14.900,14900.0
surat-menyurat,Capricorn Design Amplop Estetik Motif Lampion & Floral Isi 5 | Money Envelope Premium Oriental - AMPEF 063,Rp15.500,15500.0
surat-menyurat,Bubble Wrap-Kemasan yang lebih baik untuk melindungi produk Anda lebih aman,Rp4.000,4000.0
surat-menyurat,Capricorn Design Amplop Polos Aesthetic Kerajinan DIY Mix Warna Berbagai Ukuran Sedang,Rp650,650.0
surat-menyurat,"[6QFBCJHarmony Shops Mainan Kendaraan Anak & BahanPacking I Mobil Mainan, Karting Anak, Sepeda Anak I Aman& Rapi",Rp999.999,999999.0
surat-menyurat,"[ONLY PENGIRIMAN] Decking WPC Bali Wood - Tanpa Pemasangan, Custom Panjang, Custom Warna Dark Brown, Ebony Black, Natural, Red Mahogany, White Gray",Rp250.000,250000.0
surat-menyurat,Merpati Amplop 152 x 90 mm No. 104 - 70 GRAM Silicone (Perekat) - 1 Pack,Rp20.500,20500.0
surat-menyurat,DPR CLEAR HOLDER A4 20 PROFILE RED,Rp38.500,38500.0
surat-menyurat,Ekstra Packing Bubble Wrap,Rp2.000,2000.0
surat-menyurat,ANGPAO WEDDING JUMBO ANGPAO NIKAHAN ANGPAO SANGJITANGPAO UANG SUSU ANGPAO ENGAGEMENT,Rp31.900,31900.0
surat-menyurat,Capricorn Design Amplop Natal / Christmas Envelope isi 6 – Angpau Natal Lucu Elegan AMPCX 076 Kertas Paper,Rp14.900,14900.0
surat-menyurat,Amplop Ramadhan (10 pcs),Rp30.000,30000.0
surat-menyurat,Capricorn Design Amplop Natal / Christmas Envelope isi 6 – Angpau Natal Lucu Elegan AMPCX 092 Kertas Paper,Rp14.900,14900.0
surat-menyurat,Merpati Amplop Buka Samping 80 Gram 1 Pack 100 Lembar - 1 Pack,Rp25.800,25800.0
surat-menyurat,Tinta Stempel UV Xantri Original Blue 25ml 10ml Waterproof Secure Mark Stemp Ink Ultraviolet Invisible Ink 10 ml 25 ml,Rp16.200,16200.0
surat-menyurat,TAT Indelible Ink STSPA-1 Plastic 55 ml Quick Dry / Tinta Permanen TAT,Rp256.250,256250.0
surat-menyurat,Amplop Coklat Samson A Fox Kabinet 100 Lembar - Brown Kraft Paper Samson Envelope,Rp34.547,34547.0
surat-menyurat,KIKY Amplop Lebaran Model Visit (Uk. 16 x 9 cm) - 1 Pack,Rp332,332.0
surat-menyurat,Penerbit Andi - Amplop Merpati Putih Mini 80GR,Rp9.000,9000.0
surat-menyurat,AMESON PAK 20 / INSTAPAK FOAM PACKAGING (450X450MM),Rp100.000,100000.0
surat-menyurat,Bubble Wrap warna hitam Jakarta plastik buble warp 30x45cm gelembung,Rp54.000,54000.0
surat-menyurat,"bukuqu Amplop [1 Pack Isi 12 Pcs] Edisi Lebaran #Traveling - Ukuran 5,5x8 cm -",Rp18.700,18700.0
surat-menyurat,MONEY ENVELOPE SMALL - ANGPAO - AMPLOP UANG - HALLMARK - HAL045,Rp35.000,35000.0
surat-menyurat,Capricorn Design Amplop Uang Aesthetic Isi 5 | Money Envelope Premium Ocean Adventure - AMPEF 060,Rp15.500,15500.0
surat-menyurat,"NEURO Amplop Coklat Uk. Super Map [ 29 x 39,5 cm ] SEAL - Pack",Rp78.200,78200.0
surat-menyurat,Capricorn Design Amplop Lebaran Isi 5 - AMPF 402 Kertas Paper,Rp8.900,8900.0
surat-menyurat,Amplop Coklat Samson E Fox Map 100 Lembar - Brown Kraft Paper Samson Envelope,Rp108.882,108882.0
surat-menyurat,EXTRA PACKING BUBBLE WRAP - BUBBLE,Rp100,100.0
surat-menyurat,Gand Amplop Coklat Kraft Polos Seal 1/2 Folio 19cm x 25cm isi 100 Pcs,Rp30.000,30000.0
surat-menyurat,Joyko Stamp Pad Bak Stempel Bantalan Tinta No. 1 No.1 No1 Stamppad ORI,Rp8.000,8000.0
surat-menyurat,Plastic Bubble Wrap Bungkus Kemasanbu,Rp5.000,5000.0
surat-menyurat,Amplop Coklat Airmail 310 Eceran 24.7cm x 34.9cm,Rp2.000,2000.0
surat-menyurat,Amplop Coklat Airmail 312 Eceran 38.8cm x 28.6cm,Rp2.500,2500.0
surat-menyurat,GAMER.ID Paket Extra Bubble Wrapping Safety Packaging,Rp2.000,2000.0
surat-menyurat,Capricorn Design Amplop Uang Aesthetic Vintage Peach Floral isi 5 | Money Envelope Wedding & Event Premium – AMPEF 055,Rp15.500,15500.0
surat-menyurat,ARTLINE Faces Stamp Stempel Lucu GFA,Rp69.000,69000.0
surat-menyurat,Beauty of Angel Amplop Lebaran Hari Raya 10 PCS,Rp25.000,25000.0
surat-menyurat,BOONABOO RAYA ENVELOPE WISHES | Amplop Raya,Rp25.000,25000.0
surat-menyurat,Capricorn Design Amplop Angpau Natal isi 6 – Christmas Envelope / Amplop Kado Lucu AMPACK 062 Kertas Paper,Rp14.900,14900.0
surat-menyurat,J - Plus AMPLOP PUTIH POLOS - Biru SEAL NO.90 - Pack,Rp34.500,34500.0
surat-menyurat,Amplop Putih Bergaris Panjang Paperline [PPS-90/100 pcs] / Envelope Uang Angpao Besar [1 Pack] Kantor Perekat,Rp33.150,33150.0
surat-menyurat,Penerbit Andi - Amplop Coklat Airmail 311 Tanpa Tali,Rp2.200,2200.0
surat-menyurat,ARTLINE Xstamper Xtension Alphabet Stamp/Alfabet Stempel 16pt EGRA-16M,Rp178.699,178699.0
surat-menyurat,Estudee Amplop L Fancy Isi 10pcs,Rp14.900,14900.0
surat-menyurat,AMPLOP 104 PPS 40482660 PAPERLINE 95x152mm | Amplop Uang | Amplop Kondangan | Amplop Surat | TMBOOKSTORE ATK,Rp28.500,28500.0
surat-menyurat,Bendera Negara Antigua & Barbuda / Flag of Antigua & Barbuda Cetak Full Printing,Rp65.000,65000.0
surat-menyurat,Capricorn Design Amplop Angpau Natal isi 6 – Christmas Envelope / Amplop Kado Lucu AMPACK 058 Kertas Paper,Rp14.900,14900.0
surat-menyurat,Capricorn Design Amplop Natal / Christmas Envelope isi 6 – Angpau Natal Lucu Elegan AMPCX 069 Kertas Paper,Rp14.900,14900.0
surat-menyurat,[GIFT] Jumiso Ramadhan Envelope,Rp999.999,999999.0
surat-menyurat,AMPLOP MERPATI 104-80 SLC @20 AA62474612 90x152mm | Amplop Uang | Amplop Kuintasi | Amplop Surat Pribadi dan Pengiriman,Rp5.000,5000.0
surat-menyurat,TAMBAHAN PACKING KAYU (PALET KAYU),Rp270.000,270000.0
surat-menyurat,Aesan - Set Pakaian Etnis Pak Pak Nias,Rp500.000,500000.0
surat-menyurat,MONEY ENVELOPE SMALL - ANGPAO - AMPLOP UANG - HALLMARK -HLL017,Rp35.000,35000.0
surat-menyurat,WELLEN PRINT - Cetak Angpao Idul Fitri Premium Set Custom Nama / Print Amplop Lebaran Large isi 6 Pcs Unik / Envelope Eid Al-Fitr Mubarak Edition / Angpau Aesthetic Ukuran Besar,Rp12.500,12500.0
surat-menyurat,Penerbit Andi - Amplop Paperline Ukuran 17x5 - 100 pcs/box - Stationery,Rp17.500,17500.0
surat-menyurat,Daiso Mini die cut cards -CF logo 3pcs with envelope-,Rp33.000,33000.0
surat-menyurat,Daiso Creative ornament KINPU Large Crane,Rp33.000,33000.0
surat-menyurat,ARTLINE XSTAMPER QUIX STEMPEL QPTL-Q1648R-U/Q11 STAMPEL Q11,Rp200.000,200000.0
surat-menyurat,Capricorn Design Amplop Lebaran Isi 5 - AMPF 389,Rp8.900,8900.0
surat-menyurat,Stamp Pad Bak Stempel Joyko [No.1] / Bantalan Tempat Tinta Setempel,Rp12.500,12500.0
surat-menyurat,Angpao CNY 2026 - Playboy (Not For Sale),Rp999.000,999000.0
surat-menyurat,Merpati Amplop 229 x 110 mm No. 90 - 70 GRAM Silicone (Perekat) - 1 Pack,Rp27.900,27900.0
surat-menyurat,Matinya Seorang Penulis Besar - Mario Vargas Llosa - Shira Media,Rp39.000,39000.0
surat-menyurat,Capricorn Design Amplop Premium Crane & Floral Isi 5 | Money Envelope Aesthetic Elegan & Eksklusif - AMPEF064,Rp15.500,15500.0
surat-menyurat,Penerbit Andi - Amplop Merpati Putih 90 Lem 80 GR - Stationery,Rp23.500,23500.0
surat-menyurat,Capricorn Design Amplop Uang Mewah Soft Botanical Isi 5 | Money Envelope Aesthetic Lily Garden Premium - AMPEF 056,Rp15.500,15500.0
surat-menyurat,Star (ex Rambla) - Bunny & Klin Map Plastik A4 Motif Cute Animal,Rp15.000,15000.0
surat-menyurat,Capricorn Design Amplop Lebaran Cyan Damask isi 5 | Angpao Idul Fitri Royal Kraft - AMPFK 075,Rp11.900,11900.0
surat-menyurat,Tereva Store - Membuat dan Mewarnai Postcard Natal Ratih Maharani,Rp31.200,31200.0
surat-menyurat,Capricorn Design Amplop Angpau Natal isi 6 – Christmas Envelope / Amplop Kado Lucu AMPACK 056 Kertas Paper,Rp14.900,14900.0
surat-menyurat,Gratis Amplop Lebaran (Isi 3) - (Wajib Dengan Pembelian Jam),Rp10.000,10000.0
surat-menyurat,Tinta Stempel Ultraviolet Xantri Original Biru 10ml 25ml Tinta Tangan Waterproof Secure Mark UV Blue 25ML 10ML,Rp16.200,16200.0
surat-menyurat,[240 lembar] PAKET AMPLOP LEBARAN FREE ONGKIR IDUL FITRI ANGPAO LEBARAN IDUL FITRI,Rp40.000,40000.0
surat-menyurat,Fenyueer EXTRA BUBBLE WRAP PACKING / BUBBLEWRAP TEBAL / PLASTIK GELEMBUNG HITAM,Rp4.000,4000.0
surat-menyurat,AMPLOP COKLAT LEM 305/PACK 125 AA624621305 KIKY UKURAN 24x17 | Amplop Dokumen | Amplop Lamaran Kerja | TMBOOKSTORE ATK,Rp9.500,9500.0
surat-menyurat,[WENNY WIJAYA X GAMING LAPTOP ID] TECNO MEGABOOK K15S RYZEN 5 7430 8GB 512GB W11 15.6 FHD IPS,Rp7.819.000,7819000.0
surat-menyurat,Capricorn Design Amplop Natal / Christmas Envelope Craft Paper Isi 6 - AMPCK 080,Rp25.000,25000.0
surat-menyurat,"1PC Kartu Hadiah Natal Buatan Tangan, untuk Ulang Tahun Natal - Kartu Ucapan Terima Kasih dan Berkat Menampilkan",Rp19.900,19900.0
surat-menyurat,BOONABOO RAYA ENVELOPE LANTERNLIGHT | Amplop Raya,Rp25.000,25000.0
surat-menyurat,Novel Semara - Suci Patia - Media Kita,Rp83.600,83600.0
surat-menyurat,Ori Japan Tsukineko Stazon Pigment Fast Drying Ink Stamp Pad Stempel,Rp175.000,175000.0
surat-menyurat,Amplop Lebaran Idul Fitri Besar 8x16 cm Angpao Motif 2025 Uang Tanpa Dilipat,Rp25.000,25000.0
surat-menyurat,Capricorn Design Amplop Natal / Christmas Envelope isi 6 – Angpau Natal Lucu Elegan AMPCX 079 Kertas Paper,Rp14.900,14900.0
surat-menyurat,Tinta Stempel Xantri 10ml Refill Stamp Ink Waterproof 10 ml Sterofoam,Rp27.500,27500.0
surat-menyurat,ANGPAO IMLEK PANJANG SHIO Naga 2024 SUSUN 6 DAN 10 ANGPAO TIRAI IMLEK VIRAL,Rp21.900,21900.0
surat-menyurat,Capricorn Deisgn Amplop Aesthetic Isi 5 Motif Ikan Koi & Bunga | Money Envelope Premium Gold Wedding & Event - AMPEF 061,Rp15.500,15500.0
surat-menyurat,Capricorn Design Amplop Lebaran Eksklusif Desain Turkish Isi 5 | Angpao Idul Fitri Premium - AMPFB 335,Rp11.900,11900.0
surat-menyurat,NEURO Amplop Coklat Ukuran Kabinet Jendela Kiri No Seal ( 11 x 24 cm ),Rp35.200,35200.0
surat-menyurat,Extra Bubble Wrap Packaging,Rp526,526.0
surat-menyurat,Capricorn Design Amplop Lebaran Isi 5 - AMPF 361,Rp8.900,8900.0
surat-menyurat,Penerbit Andi - Amplop Coklat Polos 309 Tanpa Tali - Stationery,Rp1.700,1700.0
surat-menyurat,The Disney Animation Postcard,Rp454.000,454000.0
surat-menyurat,Capricorn Design Amplop Lebaran Motif Lime Oak Leaf isi 5 | Angpao Idul Fitri Nature Kraft Premium - AMPFK 072,Rp11.900,11900.0
surat-menyurat,Gand Amplop Coklat Kraft Polos Seal 1/2 Folio 19cm x 25cm isi 100 Pcs,Rp30.000,30000.0
surat-menyurat,Joyko Stamp Pad Bak Stempel Bantalan Tinta No. 1 No.1 No1 Stamppad ORI,Rp8.000,8000.0
surat-menyurat,Plastic Bubble Wrap Bungkus Kemasanbu,Rp5.000,5000.0
surat-menyurat,Amplop Coklat Airmail 310 Eceran 24.7cm x 34.9cm,Rp2.000,2000.0
surat-menyurat,Amplop Coklat Airmail 312 Eceran 38.8cm x 28.6cm,Rp2.500,2500.0
surat-menyurat,Capricorn Design Amplop Uang Aesthetic Isi 5 | Money Envelope Premium Cute Animals - AMPEF 057,Rp15.500,15500.0
surat-menyurat,Capricorn Design Amplop Uang Elegan Isi 5 | Money Envelope Premium Motif Burung & Floral Orange Klasik Modern - AMPEF 062,Rp15.500,15500.0
surat-menyurat,AMPLOP MERPATI 90-80 SLC AA624750 110x229mm | Amplop Uang | Amplop Kondangan | Amplop Dokumen | Alat Kerja Kantor |TMBOOKSTORE ATK,Rp35.500,35500.0
surat-menyurat,Capricorn Design Amplop Uang Lucu Pink Pastel Isi 5 | Money Envelope Aesthetic Motif Angsa Putih Premium - AMPEF058,Rp15.500,15500.0
surat-menyurat,Xantri - Tinta Stempel UV Xantri Original Blue 10ml 25ml Tinta Tangan Invisible Ink Biru 10ML 25ML,Rp16.200,16200.0
surat-menyurat,Daiso Marriage KINPU forlarge Crane,Rp33.000,33000.0
surat-menyurat,TANLOOK Bubble Wrap Packing Aman Extra Packing Bubble untuk Keamanan Pengemasan Barang Anda,Rp3.500,3500.0
surat-menyurat,Capricorn Design Amplop Natal / Christmas Envelope isi 6 – Angpau Natal Lucu Elegan AMPCX 053 Kertas Paper,Rp14.900,14900.0
surat-menyurat,Capricorn Design Amplop Lebaran Vintage isi 5 | Angpao Idul Fitri Estetik Klasik Premium - AMPFK 076,Rp11.900,11900.0
surat-menyurat,Margono Amplop Warna Kertas Fancy Jasmine B7 / C6 / D5 - 10 Lembar,Rp12.000,12000.0
surat-menyurat,Merpati Amplop 229 x 110 mm No. 90 - 80 GRAM Silicone (Perekat) - 1 Pack,Rp30.400,30400.0
surat-menyurat,COD Box Karton Kuat 30*30*18-PilihanTepat untuk Packaging Barang,Rp22.476,22476.0
surat-menyurat,Amplop Putih Polos Paperline Envelope 110 Pps,Rp44.000,44000.0
surat-menyurat,Bersyukur tanpa libur  - 9786020649436,Rp139.000,139000.0
surat-menyurat,Capricorn Design Amplop Angpau Natal isi 6 – Christmas Envelope / Amplop Kado Lucu AMPACK 047 Kertas Paper,Rp14.900,14900.0
surat-menyurat,Bambi Amplop Isi 5 Pcs Chinese New Year Original,Rp18.900,18900.0
surat-menyurat,Penerbit Andi - Amplop Paperline Putih 110 114x162 - Stationery,Rp18.300,18300.0
surat-menyurat,Amplop Angpao - Money Envelope Set Chinese New Year,Rp11.733,11733.0
surat-menyurat,ONGKOS KIRIM KURIR TOKO CIKARANG 150.000,Rp150.000,150000.0
surat-menyurat,Daiso Japanese paper KINPU Snow white,Rp33.000,33000.0
surat-menyurat,AMPLOP COKLAT LEM 307/PACK 125 AA624621307 KIKY,Rp11.000,11000.0
surat-menyurat,AMPLOP PUTIH POLOS PEREKAT NO.90 CABINET JPLUS BIRU 80GSM [ PACK ],Rp34.500,34500.0
surat-menyurat,(GWP) Fwee Amplop Eid Fitr,Rp989.000,989000.0
surat-menyurat,AMPLOP MERPATI 90-80 SLC @20 AA62475002 110x229mm | Amplop Uang | Amplop Kondangan | Amplop Surat atau Dokumen | Tmbookstore,Rp8.000,8000.0
surat-menyurat,MINI POP UP FLAGS 3 TOM&JERRY PPW,Rp18.000,18000.0
surat-menyurat,[Dreamland] Spiral Splendour Pretty Birds,Rp49.000,49000.0
surat-menyurat,Bambi Amplop Isi 5 Pcs Lotus Edition Original,Rp18.900,18900.0
surat-menyurat,Capricorn Design Amplop / Money Envelope Oriental isi 5 – AMPEF 052,Rp15.500,15500.0
surat-menyurat,Extra Tambahan Biaya Ongkos Kirim,Rp5.000,5000.0
surat-menyurat,KEEN - TAMBAHAN BUBBLE WRAP PADA PRODUK,Rp6.000,6000.0
surat-menyurat,BUKU ABSEN PAC TMBOOKSTORE,Rp7.000,7000.0
surat-menyurat,Daiso COLOR MINI LETTER BLUE,Rp33.000,33000.0
surat-menyurat,Capricorn Design Amplop Natal / Christmas Envelope isi 6 – Angpau Natal Lucu Elegan AMPCX 089 Kertas Paper,Rp14.900,14900.0
surat-menyurat,Capricorn Design Amplop Lebaran Elegan Isi 5 | Motif Islami Minal Aidin Wal Faizin Premium - AMPFB 343,Rp11.900,11900.0
surat-menyurat,Bendera Negara Kiribati / Kiribati Flag Cetak Full Printing,Rp65.000,65000.0
surat-menyurat,Capricorn Design Amplop Uang Aesthetic Isi 5 Motif Floral Blue | Money Envelope Pastel Premium Vintage - AMPEF 054,Rp15.500,15500.0
surat-menyurat,EXTRA PACKING BUBBLE WRAP - HANYA BUBBLEWRAP,Rp100,100.0
surat-menyurat,Wakakids Amplop Lebaran Idul Fitri Ukuran Besar dan Kecil Isi 50 Lembar Kemasan Mika Venhs,Rp15.100,15100.0
surat-menyurat,Sign Minimart Akrilik Pop Up + Sticker Putih Panah Penunjuk Arah - INPI HOUSE,Rp52.000,52000.0
surat-menyurat,ONGKOS KIRIM CIBUBUR,Rp100.000,100000.0
surat-menyurat,Capricorn Design Amplop Natal / Christmas Envelope isi 6 – Angpau Natal Lucu Elegan AMPCX 084 Kertas Paper,Rp14.900,14900.0
surat-menyurat,BOONABOO RAYA ENVELOPE CELEBRATION | Amplop Raya,Rp25.000,25000.0
surat-menyurat,MONEY ENVELOPE SMALL - ANGPAO - AMPLOP UANG - HALLMARK - HAL044,Rp35.000,35000.0
surat-menyurat,Tidak Untuk DiJual Amplop Lebaran karakter DC,Rp999.999,999999.0
surat-menyurat,Ongkos Biaya Kirim Ekspedisi,Rp76.000,76000.0
surat-menyurat,AMPLOP MERPATI 110-70 SLC AA624775,Rp29.500,29500.0
surat-menyurat,ANGPAO FU FUK HONGBAO ANGPAU FUK JUMBO PREMIUM ELEGAN ISI 6,Rp31.900,31900.0
surat-menyurat,KARDUS TAMBAHAN UNTUK PACKING LEBIH AMAN DAN RAPI,Rp2.000,2000.0
surat-menyurat,[GIFT] Amplop Angpao Imlek Semar Nusantara,Rp999.999,999999.0
surat-menyurat,Star (ex Rambla) - Bunny & Klin Kantong Dokumen Plastik A4,Rp39.000,39000.0
surat-menyurat,Kiky Amplop Merpati 110-80 Slc @100,Rp36.500,36500.0
surat-menyurat,Capricorn Design Amplop Lebaran Isi 5 - AMPF 416,Rp8.900,8900.0
surat-menyurat,KIKY Amplop Coklat 125 GRAM Lem 1 Pack (Isi 10 Lembar),Rp7.500,7500.0
surat-menyurat,Amplop Putih Polos Paperline Envelope 104 Pps,Rp37.000,37000.0
surat-menyurat,AMPLOP MERPATI 110-80 SLC @20 AA62474312 114x162mm | Amplop Uang | Amplop Kondangan | Amplop isi 20pcs,Rp6.500,6500.0
surat-menyurat,DOA - Meela Pashmina Chocolate,Rp295.000,295000.0
surat-menyurat,"bukuqu Amplop [1 Pack Isi 12 Pcs] Edisi Lebaran #Traveling - Ukuran 5,5x8 cm -",Rp18.700,18700.0
surat-menyurat,Capricorn Design Amplop Natal / Christmas Envelope Craft Paper Isi 6 - AMPCK 070,Rp27.500,27500.0
surat-menyurat,Capricorn Design Angpao Idul Fitri Eksklusif isi 5 | Amplop Uang THR Cokelat Motif Geometris Oranye - AMPFK 058,Rp11.900,11900.0
surat-menyurat,Amplop Lebaran by Khaireen,Rp35.000,35000.0
surat-menyurat,DELIVERY ONGKOS KIRIM (BIAYA ONGKOS KIRIM),Rp50.000,50000.0
surat-menyurat,Amplop Coklat Polos 1/2 Folio Air Mail / Amplop Dinas Samson,Rp700,700.0
surat-menyurat,Amplop Coklat Airmail 312 Eceran 38.8cm x 28.6cm,Rp2.500,2500.0
surat-menyurat,Plastic Bubble Wrap Bungkus Kemasanbu,Rp5.000,5000.0
surat-menyurat,Amplop Coklat Polos Kabinet Air Mail / Amplop Dinas Samson,Rp400,400.0
surat-menyurat,Daiso envelope for a condolence gift,Rp33.000,33000.0
surat-menyurat,Amplop Lebaran by Khaireen,Rp35.000,35000.0
surat-menyurat,C2W Clothtowear Angpao Chinese New Year,Rp16.950,16950.0
surat-menyurat,EKSTRA - Packing Kayu - Preorder: Tambahan Packingan Kayu untuk Keamanan Barang,Rp50.000,50000.0
surat-menyurat,Merpati Amplop 110 x 70 mm Kondangan / Kecil - Merpati Visit 80 GRAM Lem 1 Pack isi 100 - 1 Pack,Rp11.500,11500.0
surat-menyurat,Penerbit Andi - Amplop Coklat Polos 311 Tanpa Tali - Stationery,Rp2.000,2000.0
surat-menyurat,TAT Indelible Ink STSMA-1 Metal 55 ml Quick Dry / Tinta Permanen TAT /,Rp237.500,237500.0
surat-menyurat,[Dreamland] Spiral Splendour Ocean World,Rp49.000,49000.0
surat-menyurat,NUEL Tambahan Packing Kayu/Peti Kayu,Rp100.000,100000.0
surat-menyurat,Capricorn Design Amplop Natal / Christmas Envelope Craft Paper Isi 6 - AMPCK 072,Rp27.800,27800.0
surat-menyurat,ANGPAO IMLEK PANJANG VINTAGE HONGBAO ANGPAU TEBAL MURAH READY STOCK TREND 2026,Rp12.990,12990.0
surat-menyurat,Tambahan Packing Kayu Dan Bubble Wrap untuk Perlindungan Produk Selama Pengiriman,Rp120.000,120000.0
surat-menyurat,Merpati Amplop 152 x 90 mm Airmail No. 104 - 70 GRAM Silicone (Perekat) 1 Pack isi 100 Lembar - 1 Pack,Rp24.400,24400.0
surat-menyurat,Capricorn Design Amplop Lebaran Isi 5 - AMPF 417 Kertas Paper,Rp8.900,8900.0
surat-menyurat,BITCBae bantalan stempel dan tinta Alat ini dapat mencetak jejak kaki yang jelas dan detail dengan tinta yang tidak perlu dicuci,Rp26.900,26900.0
surat-menyurat,Capricorn Design Amplop Natal / Christmas Envelope Craft Paper Isi 6 - AMPCK 088,Rp25.400,25400.0
surat-menyurat,25/30mm sticker bundar Stiker Transparan 500pcs/roll sticker segel amplop,Rp19.900,19900.0
surat-menyurat,EXTRA PACKING BUBBLE WARP,Rp100,100.0
surat-menyurat,Daiso Basic Envelope - with Knit,Rp33.000,33000.0
surat-menyurat,Free Brosur dan Kardus Packing - include di kemasan,Rp1.014.999,1014999.0
surat-menyurat,I Luv My Skin - Jam Tangan Eksklusif I Luv My Skin,Rp999.999,999999.0
surat-menyurat,SO AMPLOP PUTIH 104 80G 20S,Rp6.200,6200.0
surat-menyurat,SO AMPLOP PUTIH 104 80G 20S,Rp6.290,6290.0
surat-menyurat,SO AMPLOP PUTIH 104 80G 20S,Rp6.800,6800.0
surat-menyurat,Amplop Ramadhan (10 pcs),Rp30.000,30000.0
surat-menyurat,Merpati Amplop 152 x 90 mm No. 104 - 80 GRAM Silicone (Perekat) 1 Pack isi 100 Pcs - 1 Pack,Rp20.200,20200.0
surat-menyurat,Capricorn Design Amplop Polos Aesthetic Kerajinan DIY Mix Warna Berbagai Ukuran Besar 2,Rp900,900.0
surat-menyurat,Capricorn Design Amplop Angpau Natal isi 6 – Christmas Envelope / Amplop Kado Lucu AMPACK 048 Kertas Paper,Rp14.900,14900.0
surat-menyurat,Capricorn Design Amplop Natal / Christmas Envelope isi 6 – Angpau Natal Lucu Elegan AMPCX 075 Kertas Paper,Rp14.900,14900.0
surat-menyurat,ANGPAO IMLEK PANJANG SHIO NAGA 2024 SUSUN 6 ANGPAO TIRAI IMLEK VIRAL,Rp24.900,24900.0
surat-menyurat,AMPLOP LEBARAN,Rp47.976,47976.0
surat-menyurat,Ekstra Packing dengan Kardus,Rp3.000,3000.0
surat-menyurat,Daiso COLOR MINI LETTER PURPLE,Rp33.000,33000.0
surat-menyurat,"bukuqu Amplop [1 Pack Isi 12 Pcs] Edisi Lebaran #Traveling - Ukuran 5,5x8 cm -",Rp18.700,18700.0
surat-menyurat,SO AMPLOP PUTIH 104 80G 20S,Rp6.500,6500.0
surat-menyurat,Bambi Amplop Isi 5 Pcs Red Angpao Imlek Edition Original,Rp18.900,18900.0
surat-menyurat,Daiso Kraft envelope (Long #4 Suitable for B5 paper folded into four horizontally Contains 80),Rp33.000,33000.0
surat-menyurat,Warna di Atas Kertas - Fitria NA - Shira Media,Rp99.000,99000.0
surat-menyurat,Merpati Amplop 229 x 110 mm No. 90 - 80 GRAM Silicone (Perekat) - 1 Pack,Rp30.400,30400.0
surat-menyurat,Plastik Polymailer Hitam Abu 17x30 20x30 25x39 28x42 Amplop Plastic,Rp15.000,15000.0
surat-menyurat,Ongkos kirim ke Karawang,Rp800.000,800000.0
surat-menyurat,[GIFT] Amplop Idul Fitri Whip Creme,Rp999.999,999999.0
surat-menyurat,AMPLOP COKLAT TALI 310/PACK ISI 10 PCS 80 A624624320 AM 35x25cm | Amplop Lamaran Kerja | Amplop Dokumen | Amplop Surat | Isi 10 pcs,Rp17.000,17000.0
surat-menyurat,AMPLOP COKLAT LEM 309/PACK 125 AA624621309 KIKY,Rp14.500,14500.0
surat-menyurat,"Ketentuan Pengiriman JNE, JnT, pos Indonesia,GRAB, dan Go-Send",Rp999.999,999999.0
surat-menyurat,Capricorn Design Amplop Natal / Christmas Envelope isi 6 – Angpau Natal Lucu Elegan AMPCK 053 Kertas Paper,Rp14.900,14900.0
surat-menyurat,Angpao CNY 2026 - Obermain (Not For Sale),Rp999.000,999000.0
surat-menyurat,Margono Amplop Warna Warni Polos C6 (11.4 X 16.2 cm) - 25 Lembar,Rp12.000,12000.0
surat-menyurat,Bambi Amplop Isi 5 Pcs Little Panda Original,Rp18.900,18900.0
surat-menyurat,AMPLOP COKLAT TALI 309/PACK 125 AA624622309 KIKY,Rp17.000,17000.0
surat-menyurat,Capricorn Design Amplop Uang Aesthetic Puppy Stamp Isi 5 | Money Envelope Premium Hight Quality - AMPEF 059,Rp15.500,15500.0
surat-menyurat,MONEY ENVELOPE SMALL - ANGPAO - AMPLOP UANG - HALLMARK - HAL039,Rp35.000,35000.0
surat-menyurat,MONEY ENVELOPE SMALL - ANGPAO - AMPLOP UANG - HALLMARK - HAL049,Rp35.000,35000.0
surat-menyurat,ENVELOPE PREMIUM B.76 ( AMPLOP PREMIUM MOTIF BATIK ),Rp50.000,50000.0
surat-menyurat,Merpati Amplop 162 x 114 mm No. 110 - 70 GRAM Silicone (Perekat) - 1 Pack 100 Lembar,Rp23.700,23700.0
surat-menyurat,"Amplop Coklat Ukuran Super Map WPS [ 29 x 39,5 cm ]",Rp65.000,65000.0
surat-menyurat,WELLEN PRINT - Amplop Karakter Lebaran Idul Fitri Character / Cetak Angpao Eid Mubarak Lucu,Rp17.500,17500.0
surat-menyurat,ANGPAO FU PANJANG BARU ANGPAO IMLEK FUK TEBAL TULISAN EMAS TIMBUL FREE ONGKIR MURAH MERIAH,Rp11.900,11900.0
surat-menyurat,"AMPLOP COKLAT LEM 304/PACK 125 AA624621304 KIKY 13,5 x 27| Amplop Surat | Amplop Uang | TMBOOKSTORE ATK",Rp7.500,7500.0
surat-menyurat,BONUS PACKING RAPI DAN AMAN DAN STIKER WAJIB VIDEO UNBOXING,Rp200.000,200000.0
surat-menyurat,DELIVERY ONGKOS KIRIM (BIAYA ONGKOS KIRIM),Rp50.000,50000.0
surat-menyurat,Amplop Coklat Polos 1/2 Folio Air Mail / Amplop Dinas Samson,Rp700,700.0
surat-menyurat,Amplop Coklat Airmail 312 Eceran 38.8cm x 28.6cm,Rp2.500,2500.0
surat-menyurat,Plastic Bubble Wrap Bungkus Kemasanbu,Rp5.000,5000.0
surat-menyurat,Amplop Coklat Polos Kabinet Air Mail / Amplop Dinas Samson,Rp400,400.0
surat-menyurat,Bubble Wrap warna hitam Jakarta plastik buble warp 1 roll gelembung,Rp120.999,120999.0
surat-menyurat,Capricorn Design Amplop Angpau Natal isi 6 – Christmas Envelope / Amplop Kado Lucu AMPACK 051 Kertas Paper,Rp14.900,14900.0
surat-menyurat,Merpati Amplop 229 x 110 mm Airmail No. 90 - 80 GRAM 1 Pack isi 100 Lembar- 1 Pack,Rp32.700,32700.0
surat-menyurat,KIKY X JUMBO Amplop Lebaran KIKY Model Visit (Uk. 16 x 9 cm) - 1 Pack 20 Lembar,Rp7.400,7400.0
surat-menyurat,Angpao Amplop Uang Premium Jasmine White,Rp1.700,1700.0
surat-menyurat,Stempel otomatis / Stempel warna 3 Warna ukuran standar,Rp85.000,85000.0
surat-menyurat,Tinta Stempel Nomor Otomatis Trodat 7051 Warna Biru,Rp81.250,81250.0
surat-menyurat,Stamp Pad ARTLINE Besar EHJU-3,Rp25.000,25000.0
surat-menyurat,Amplop Selamat Idul Fitri Fancy Karakter Emboss (isi 6),Rp4.235,4235.0
surat-menyurat,STAMP PAD MEREK HERO KECIL BAK STEMPEL HERO TERMURAH ECER 1PCS,Rp12.850,12850.0
surat-menyurat,stempel cap Pakwa bagua / stempel Patkwa,Rp100.000,100000.0
surat-menyurat,ScrapBook Universal Bisa Request Model & Bentuk,Rp225.000,225000.0
surat-menyurat,FANCY KERTAS ANGPAO IMLEK CHUAJI MODEL PANJANG ISI 6'S MOTIF RANDOM,Rp6.250,6250.0
surat-menyurat,Amplop Khitan Angpau Khitanan Amplop Selamat Khitan / Sunat Custom,Rp16.500,16500.0
surat-menyurat,Amplop Hitam Custom 22x11 + Thank You Card,Rp4.300,4300.0
surat-menyurat,Amplop Lebaran / Idul Fitri / Amplop THR - Custom Desain & Nama,Rp7.999,7999.0
surat-menyurat,Acrylic Lembaran A5 14.8X21 CM / akrilik,Rp12.800,12800.0
surat-menyurat,Amplop Lebaran Lucu Desain Kekinian & Simple - Pack,Rp14.800,14800.0
surat-menyurat,PLASTIK WRAPPING 30 CM ROLL BESAR WRAP PEMBUNGKUS MAKANAN (500 METER),Rp124.900,124900.0
surat-menyurat,Stempel Trodat Dater 4850,Rp185.000,185000.0
surat-menyurat,AMPLOP COKELAT UKURAN KWARTO MEREK WPS 21x 27 CM 1 PAK ISI 100 LEMBAR,Rp27.500,27500.0
surat-menyurat,KOKUYO Memoler 50sheets,Rp29.000,29000.0
surat-menyurat,Amplop Lebaran Karakter Uk. 7x12cm Isi 50Pcs / Ukuran L 8x16cm isi 50pcs,Rp10.999,10999.0
surat-menyurat,Stempel Shiny D-5 D5 (Tanggal),Rp36.300,36300.0
surat-menyurat,Polymailer 25x35 Glossy Plastik Polimailer Amplop Packing Online Hitam,Rp34.650,34650.0
surat-menyurat,Cetak Stempel Kayu Ukuran besar | Cetak Stempel Kayu Ukuran Jumbo,Rp55.000,55000.0
surat-menyurat,Lilin Segel / Stempel Surat / Undangan / Seal / Sealing Wax Beads 35 g Samoyed WXBD-35 Metallic / Glossy Stamp,Rp22.500,22500.0
surat-menyurat,PLASTIK POLYMAILER ±100PCS 17x30CM BABY PINK PREMIUM GLOSSY,Rp29.000,29000.0
surat-menyurat,amplop coklat tali Kyoto - amplop lamaran kerja isi 10,Rp18.000,18000.0
surat-menyurat,Amplop Coklat Folio Seal /F4/Samson D seal/lem,Rp50.050,50050.0
surat-menyurat,Premium Angpao / hongbao / ka wei / Angpao Slot / Angpao Imlek / Perayaan,Rp15.000,15000.0
surat-menyurat,Amplop Lebaran Mika Panjang Isi 30 Pcs - Idul Fitri Angpao THR Ramadh,Rp23.900,23900.0
surat-menyurat,POLYMAILER KOPI SUSU PREMIUM 35X45 ISI ±100 HALUS TEBAL PRAKTIS & MEWAH HALUS TEBAL 60 micron,Rp88.015,88015.0
surat-menyurat,Amplop Paperline 104 PPS isi 100 lembar,Rp17.600,17600.0
surat-menyurat,kertas sembahyang teratai cetak double,Rp25.000,25000.0
surat-menyurat,Amplop persebaya angpau persebaya,Rp10.700,10700.0
surat-menyurat,Amplop A4 Coklat Tanpa Perekat dan Tali - 1 Pack 100 Lembar,Rp59.000,59000.0
surat-menyurat,"( isi 100 Lbr ) Amplop Kabinet KACA / JENDELA KIRI / KANAN 80gsm ( 10,8 X 24 CM )",Rp60.000,60000.0
surat-menyurat,Tinta Stempel UV Tinta Tangan Invisible Ink Fast Print,Rp34.000,34000.0
surat-menyurat,6 pcs Amplop Angpao Thank You Amplop Ucapan Amplop,Rp30.000,30000.0
surat-menyurat,Plastik polymailer 17 x 30 Hitam packaging Kantong Amplop isi 100 pcs,Rp20.125,20125.0
surat-menyurat,Nirwana Amplop Coklat Polos Ukuran Folio (D) dengan Lem Seal 24 cm x 34 cm,Rp60.600,60600.0
surat-menyurat,Stempel Trodat 4931 ( Model Persegi ),Rp236.000,236000.0
surat-menyurat,Stempel Shiny S-832 S832,Rp91.300,91300.0
surat-menyurat,Stempel Bakpao Stempel Roti Stamp Bakpao Stamp Pao,Rp30.000,30000.0
surat-menyurat,Stempel Shiny S-828D S828D (Tanggal),Rp168.300,168300.0
surat-menyurat,Amplop Kondangan Custom Nama custom desain,Rp16.500,16500.0
surat-menyurat,Amplop Uang PPL Putih Polos PAPERLINE 104 LITE 92mm x 152mm 70gsm,Rp15.750,15750.0
surat-menyurat,Amplop Coklat SEAL (Lem) Kabinet Neuro ( 11 x 24 cm ) / Amplop Gaji,Rp28.900,28900.0
surat-menyurat,Garda Amplop 90 Polos (110 x 230),Rp22.200,22200.0
surat-menyurat,EXECUTIVE Amplop Coklat Tali 310 Isi 10 Lembar - Amplop Air Mail 310,Rp10.500,10500.0
surat-menyurat,Clear Stamp (Stempel Transparan/Bening) - Hello Sunshine,Rp35.700,35700.0
surat-menyurat,Amplop coklat Folio dengan lem/seal EXSECUTIVE,Rp59.000,59000.0
surat-menyurat,Amplop Coklat F4 + seal lem,Rp45.600,45600.0
surat-menyurat,Amplop Coklat Samson C Smile,Rp29.200,29200.0
surat-menyurat,SUN STAR Cororo 3 Roller Stamp Pen Pulpen Stempel Motif Unik Warna Warni Rolling Pattern,Rp40.000,40000.0
surat-menyurat,AMPLOP MERPATI besar 90 / 229 x 110 mm AMPLOP PUTIH / POLOS / LEM / PEREKAT 1 pak isi 100 amplop,Rp26.000,26000.0
surat-menyurat,Stampel Erasable Pilot FriXion - Light Blue Scream Stamp,Rp24.500,24500.0
surat-menyurat,Invoice Bp Ruben,Rp3.530.000,3530000.0
surat-menyurat,6 PCS Angpao Kertas special Christmas Amplop Natal Hongbao Xmas Angpau Natal Merry Christmas,Rp30.000,30000.0
surat-menyurat,Amplop Coklat Polos Kabinet Air Mail / Amplop Dinas Samson,Rp400,400.0
surat-menyurat,Joyko Stamp Pad Bak Stempel Bantalan Tinta No. 1 No.1 No1 Stamppad ORI,Rp8.000,8000.0
surat-menyurat,Amplop Coklat Polos 1/2 Folio Air Mail / Amplop Dinas Samson,Rp700,700.0
surat-menyurat,Amplop Coklat Airmail 312 Eceran 38.8cm x 28.6cm,Rp2.500,2500.0
surat-menyurat,Plastic Bubble Wrap Bungkus Kemasanbu,Rp5.000,5000.0
surat-menyurat,Kantong Plastik Packing Polymaer +Lem Hitam,Rp17.000,17000.0
surat-menyurat,Amplop Coklat Super Map Executive (1 Pak) 70gram,Rp75.000,75000.0
surat-menyurat,AKS Amplop Coklat Polos 1/2 Folio F4 19x25 cm 100 Lembar Pak 80 Gram Ideal untuk Surat Lamaran Kerja,Rp35.500,35500.0
surat-menyurat,HOLSOW LOBANG PILOT LAM / INDIKATOR LAMPU / ON/OF PANEL 22MM BESI,Rp75.000,75000.0
surat-menyurat,Leaflet / Brosur Stop Tuberculosis / Stop TB,Rp90.000,90000.0
surat-menyurat,Angpao shuangxi / angpao wedding / angpau / shuangxi,Rp15.500,15500.0
surat-menyurat,Cetak Stempel Kayu Free Design Custom Suka-Suka Ukuran Standar Bulat,Rp19.500,19500.0
surat-menyurat,Plastik packing 25x35 ekonomis isi 100pcs plastik polymailer,Rp21.546,21546.0
surat-menyurat,Amplop kertas putih polos paperline 104 pps isi 100 (95×152 mm) isi 100 80 gsm kecil,Rp29.555,29555.0
surat-menyurat,Tinta stampel berbagai macam warna (khusus stampel otomatis),Rp20.000,20000.0
surat-menyurat,"Amplop Natal Terbatin Tebal, Amplop isi 3",Rp25.000,25000.0
surat-menyurat,Amplop Coklat D/F (A3) isi 100 lbr 70gsm,Rp103.350,103350.0
surat-menyurat,AMPLOP LEBARAN ANGPAO IDUL FITRI | Angpau THR Lebaran Custom Nama,Rp35.000,35000.0
surat-menyurat,Stempel Deyin FS2367 ( Stempel Flash by Trodat ),Rp26.000,26000.0
surat-menyurat,KHUSUS GOSEND!!! Amplop Coklat Ukuran Folio WPS (MIN.10 PACK ) No Seal,Rp43.500,43500.0
surat-menyurat,Pilot FriXion Stamp Case Stamp Holder Casing Stempel,Rp32.000,32000.0
surat-menyurat,Amplop Lebaran Custom Foto Model Lipat Dua Sisi Hadiah THR Idul Fitri,Rp25.000,25000.0
surat-menyurat,Nomor / Angka / Label Produk Jualan Live Streaming olshop,Rp20.000,20000.0
surat-menyurat,PLASTIK BUBBLE / BUBLE / BABEL WRAP ROLL VARIAN BENING 125x50,Rp143.000,143000.0
surat-menyurat,EXTRA BUBBLE WRAP !!! Paket lebih aman dan tidak rusak,Rp7.020,7020.0
surat-menyurat,Stempel Tanggal Otomatis Shiny S 300 S-300 S300,Rp99.000,99000.0
surat-menyurat,Tambahan Dus Untuk Pesanan Anda,Rp2.000,2000.0
surat-menyurat,AMPLOP PLASTIK POLYMAILER BLACK WHITE - RUSFET,Rp25.600,25600.0
surat-menyurat,Amplop Coklat Size A3,Rp89.500,89500.0
surat-menyurat,Stempel CONFIDENTIAL otomatis,Rp60.000,60000.0
surat-menyurat,Conqueror 100 GSM Letterhead Cetak Kop Surat Standar Offset Sparasi 1-4 Warna | A4 F4 A3,Rp2.516.250,2516250.0
surat-menyurat,Packing Tambahan Buble Warp / Packing Tambahan Sfety/ Pelindung Exstra Packing Bubble Wrap,Rp3.500,3500.0
surat-menyurat,EXTRA BUBBLE WRAP PACKING UNTUK TAMBAHAN PACKING,Rp5.000,5000.0
surat-menyurat,PAKET LENGKAP KERTAS SEMBAHYANG KWAN IM DENGAN HIO / DUPA,Rp20.520,20520.0
surat-menyurat,Stempel Shiny S-406 ( Posted dengan tanggal S406 Tipe S 406 ),Rp182.000,182000.0
surat-menyurat,"Kartu Amplop Sedotan Lebaran, Amplop Lebaran Lucu, Amplop Idul Fitri Unik",Rp250,250.0
surat-menyurat,POLYMAILER 25 X 32 CM - SILVER,Rp12.100,12100.0
surat-menyurat,TAMBAHAN PACKING KARDUS DAN EKSTRA BUBLE WARP,Rp5.000,5000.0
surat-menyurat,15 x 20cm Polymailer Polybag Kantong Amplop Plastik Packing (Isi 100),Rp44.000,44000.0
surat-menyurat,extra packing bubblewrap dan kardus / tambahan bubble wrap buble + box,Rp2.500,2500.0
surat-menyurat,Amplop A5 Tebal Premium Hitam 16x22 Rounded,Rp4.200,4200.0
surat-menyurat,Amplop Lebaran Karakter Ukuran M isi 10pcs/Anak/Angpao Lebaran/Ramadan,Rp3.500,3500.0
surat-menyurat,Angpao Wedding Chinese - Ampao Pernikahan - Angpao Shuang Xi,Rp8.000,8000.0
surat-menyurat,Amplop Coklat A-4 / Amplop Ukuran A4,Rp46.600,46600.0
surat-menyurat,1Pc Extra Bubble Wrap Packing Aman,Rp4.637,4637.0
surat-menyurat,Amplop bubble murah bubble mailer polybubble packing polos 11x11 cm,Rp855,855.0
surat-menyurat,ONGKOS KIRIM LUAR KOTA / ONGKOS TAMBAHAN DALAM KOTA,Rp5.000,5000.0
surat-menyurat,( 1 PACK ) Amplop Bubble Mailer 25X33 / Bubble Mailer ISI 10 / Amplop Bubble Wrap,Rp68.690,68690.0
surat-menyurat,Sealing Wax Stamp with Wood Handle - Wreath Series,Rp85.500,85500.0
surat-menyurat,Amplop Coklat Polos Kabinet Air Mail / Amplop Dinas Samson,Rp400,400.0
surat-menyurat,Amplop Putih Kabinet Besar Merk JPlus no 90. Amplop Surat / Uang,Rp22.500,22500.0
surat-menyurat,Amplop Putih Polos Mini Merpati,Rp12.000,12000.0
surat-menyurat,tempat dupa kuningan/ hio lo hiulo hiu lo kuningan fo teratai 15 inch,Rp12.250.000,12250000.0
surat-menyurat,Poster brosur Yamaha X MAX XMAX 2019,Rp138.000,138000.0
surat-menyurat,Hadiah / Souvenir imlek / Kado Imlek Angpao Koin Emas + kotak + Bag,Rp55.000,55000.0
surat-menyurat,(10 Lembar)Amplop/Envelope/Surat Coklat Airmail/Air Mail Tali 304,Rp13.500,13500.0
surat-menyurat,biaya pengiriman / biaya transport,Rp500.000,500000.0
surat-menyurat,Gagang Stempel Plus Karet Spon Potongan Ukuran Bulat 36MM,Rp10.300,10300.0
surat-menyurat,Plastik Amplop Packaging Polymailer Ekonomis 30x35 isi 50 - Silver,Rp41.600,41600.0
surat-menyurat,Numerator Joyko N8 manual 8 digit.,Rp11.000,11000.0
surat-menyurat,Amplop A5 Tebal Premium Jasmine Cream Gold 16x22 Rounded,Rp4.400,4400.0
surat-menyurat,Jasa Pengiriman Barang Dalam Kota,Rp75.000,75000.0
surat-menyurat,Gagang Stempel Flash & Karet Spon Stempel Potongan Model Kotak 18X67MM,Rp11.400,11400.0
surat-menyurat,Amplop Putih J-Plus 90 (Panjang),Rp30.000,30000.0
surat-menyurat,Frixion Stamp Cloudy,Rp45.500,45500.0
surat-menyurat,Amplop Coklat Polos Kabinet Air Mail / Amplop Dinas Samson,Rp400,400.0
surat-menyurat,Joyko Stamp Pad Bak Stempel Bantalan Tinta No. 1 No.1 No1 Stamppad ORI,Rp8.000,8000.0
surat-menyurat,Amplop Coklat Polos 1/2 Folio Air Mail / Amplop Dinas Samson,Rp700,700.0
surat-menyurat,Amplop Coklat Airmail 312 Eceran 38.8cm x 28.6cm,Rp2.500,2500.0
surat-menyurat,Plastic Bubble Wrap Bungkus Kemasanbu,Rp5.000,5000.0
