kategori,name,price_raw,price
aksesoris-sepatu-wanita,KIPZKAPZ RIBBON RFS1C Ivory Off White - 90cm 115cm 140cm - Tali Sepatu Pipih / Flat Shoelace 13mm,Rp35.000,35000.0
aksesoris-sepatu-wanita,Ataru Set 9 Pcs Aksesoris Sandal Cute Animal Series Shoes Charm Bitz Sendal Bits Sandal Hiasan Sepatu Sendal Lucu,Rp27.400,27400.0
aksesoris-sepatu-wanita,KATAKAKI Tali Sepatu Oval Bulat (PUTIH) 6-Milimeter 100Cm 125Cm 145Cm Signature,Rp28.880,28880.0
aksesoris-sepatu-wanita,KIPZKAPZ F1 Black - 90cm - Tali Sepatu Pipih / Flat Shoelace 8mm,Rp28.000,28000.0
aksesoris-sepatu-wanita,"Rightbox, Kaos Kaki Pendek Polos, Tersedia 17 Warna, Pendek Semata Kaki, Allsize Dewasa, Ankle Socks",Rp12.725,12725.0
aksesoris-sepatu-wanita,Shoe Lace Gino Mariani Tali Sepatu Flat Coklat,Rp99.000,99000.0
aksesoris-sepatu-wanita,Footease by Watsons Air-Thru Cushioned Insoles 1 Pair,Rp34.650,34650.0
aksesoris-sepatu-wanita,FANETTE HARBEN FEYRINS Kaos Kaki Wanita Anak Lucu Cute Katun Lembut Halus Katun Panjang Motif,Rp45.000,45000.0
aksesoris-sepatu-wanita,Ortuseight Elastic Lace Lock White,Rp39.000,39000.0
aksesoris-sepatu-wanita,Fanette Harben Feyrins Kaos Kaki Korea Sebetis Wanita & Anak Anak Kartun Katun Halus Lembut Putih,Rp55.000,55000.0
aksesoris-sepatu-wanita,Sol Gel Silikon Pelindung Tumit Insole Sepatu Pria Wanita Alas Sepatu Tumit Anti Lecet Sol Sepatu Untuk Kaki Anti Lecet Bantalan Sepatu High Heels,Rp22.900,22900.0
aksesoris-sepatu-wanita,Jakarta Barat,Rp1.488.000,1488000.0
aksesoris-sepatu-wanita,BEANABELL 2Pcs Karet Ganjalan Parkir Ban Ganjalan Mobil Rubber Wheel Parking Chock Peganjal Ban Mobil,Rp66.930,66930.0
aksesoris-sepatu-wanita,2Pcs Tali Pergelangan Kaki Heels Wrist Strap Sepatu Sendal / Tali Pergelangan Kaki Sepatu Sandal Wanita Heels Wrist Strap,Rp14.550,14550.0
aksesoris-sepatu-wanita,BEANABELL Kapas Pembersih Wajah Dua Sisi Bulat Tebal Makeup Facial Cotton Pads isi 100 Pcs,Rp19.000,19000.0
aksesoris-sepatu-wanita,Adorable Projects - Amano Socks - Kaos Kaki,Rp30.875,30875.0
aksesoris-sepatu-wanita,Shoe Lace EversacPoly Oval 6 Mm Black,Rp22.000,22000.0
aksesoris-sepatu-wanita,NO DESIGN Kaos Kaki Wanita Motif Kelinci Cute Rabbit Korea Premium,Rp41.625,41625.0
aksesoris-sepatu-wanita,Kaos Kaki Pendek CoolDeSocks Original | Love Party - Pink,Rp49.000,49000.0
aksesoris-sepatu-wanita,Kaos Kaki Bambu Monberry KBB1D Formal Kerja Kantor Sekolah Panjang Pendek Serat Arang Bambu High Quality Bamboo Socks Long Short Anti Bakteri Antibacterial Menyerap Keringat Anti Bau Breathable Dewasa Unisex Cewek Cowok Men Women Pria Wanita Katun Nyaman,Rp24.999,24999.0
aksesoris-sepatu-wanita,Women's Bow Ruffled Mesh Tall Socks 8443,Rp59.000,59000.0
aksesoris-sepatu-wanita,ECOISM Kaos Kaki Wanita Tebal Terry Premium Anti Bau Lembut Nyaman Dipakai,Rp25.000,25000.0
aksesoris-sepatu-wanita,Vixplorn 1 Pasang Kaos Kaki Latex Silicone Foot Care Anti Cracking Moisturizing Gel Sock Anti Lecet Kulit Kering Moisturizing Gel Foot Care Socks,Rp22.804,22804.0
aksesoris-sepatu-wanita,SUNAFIX Kaos Kaki Wanita / Ladies Socks - B 00272,Rp32.900,32900.0
aksesoris-sepatu-wanita,SOCK STATION Women Casual Thumb Sock Knee Basic - Kaos Kaki Jempol Sebetis,Rp29.900,29900.0
aksesoris-sepatu-wanita,Kaos Kaki CoolDeSocks Ladies | Foxy Love,Rp69.000,69000.0
aksesoris-sepatu-wanita,"Rightbox ID, Kaos Kaki Jempol Muslimah, Panjang Sebetis, Ukuran Dewasa",Rp16.500,16500.0
aksesoris-sepatu-wanita,Kaos Kaki Knit Panjang Rajut Emga KCK1C Lolita Wanita Knitted Embos Polos Kaus Kaki Gaya Japanese Korean Solid Color Socks Motif Embos Renda Lace Stoking Setengah Bestis Bubble Knitted Rajut 3D Style Women Female Cewe Dewasa,Rp19.999,19999.0
aksesoris-sepatu-wanita,"BATA - MARA3 ""Anti Bacterial"" Kaus Kaki Invisible Wanita",Rp69.900,69900.0
aksesoris-sepatu-wanita,WiZi Kaos Kaki Olahraga Wanita Kaos Kaki Poundfit Kaos Kaki Yoga Anti Slip Zumba Pilates,Rp27.000,27000.0
aksesoris-sepatu-wanita,Terzien - Kaos Kaki Jempol Motif Panjang Wanita - I15,Rp48.500,48500.0
aksesoris-sepatu-wanita,Daiso Short Socks (Water Absorbent Quick-Drying Bullhead Sharks),Rp33.000,33000.0
aksesoris-sepatu-wanita,Daiso Sport Toweling Insoles -For Women-,Rp33.000,33000.0
aksesoris-sepatu-wanita,Buttonscarves Lavish Socks - Cream.,Rp225.000,225000.0
aksesoris-sepatu-wanita,【SOFEISTORE】Sol Penyangga Lengkungan Olahraga Penyerap Guncangan Bantalan Udara Sol Gel Elastis Bantalan Sepatu Pijat,Rp89.000,89000.0
aksesoris-sepatu-wanita,Kaos Kaki Lari / Running / Sepeda / Cycling SWIFTWICK MAXUS - ZERO / NO SHOW TAB - BLACK,Rp372.000,372000.0
aksesoris-sepatu-wanita,Sikatun Indonesia,Rp25.000,25000.0
aksesoris-sepatu-wanita,KIPZKAPZ XS37 Elastic Flat White - 90cm 115cm 140cm - Tali Sepatu Pipih / Flat Elastic Shoelace 7mm,Rp55.000,55000.0
aksesoris-sepatu-wanita,【SOFEISTORE】Sol Penyangga Lengkungan Sol ortopedi untuk Sepatu Penyerap Guncangan Bantalan Sepatu Kaki Datar Ukuran 35-46,Rp39.900,39900.0
aksesoris-sepatu-wanita,Kaos Kaki Wanita Jempol Nylon Tebal Muslimah Tapak Hitam Coklat Dewasa Adem Lembut Menyerap Keringat,Rp15.420,15420.0
aksesoris-sepatu-wanita,BEANABELL 1 Pasang Metatarsal Pad Forefoot Cushion Silikon Bantalan Gel Setengah Jari Kaki Bunion Sole Anti Slip Anti Lecet,Rp35.000,35000.0
aksesoris-sepatu-wanita,HJ - Shock Basic Thumb Nyaman Untuk Aktivitas Harian,Rp49.000,49000.0
aksesoris-sepatu-wanita,"Rightbox ID, Kaos Kaki Pendek Semata Kaki, Motif List, Allsize Dewasa",Rp13.700,13700.0
aksesoris-sepatu-wanita,Insole Sepatu Heels Tshaped Monberry MIS04 Anti Lecet Kebesaran Bantalan Pelindung Alas Kaki Sepatu Depan Tumit Sol Dalam High Heels Pad Pelindung Busa Sponge 2pcs Sepasang Pria Wanita,Rp14.999,14999.0
aksesoris-sepatu-wanita,KIPZKAPZ F7 PINK - 90cm 115cm 140cm 160cm 180cm - Tali Sepatu Pipih / Flat Shoelace 8mm,Rp28.000,28000.0
aksesoris-sepatu-wanita,Kaos Kaki Pendek CoolDeSocks Original | Love Party - Yellow,Rp49.000,49000.0
aksesoris-sepatu-wanita,Kaos Kaki Pendek CoolDeSocks Original | Yellow Duck Orange,Rp49.000,49000.0
aksesoris-sepatu-wanita,SUAY Tali Sepatu Semi Bulat (OVAL) Warna Hijau Forest Green - Panjang 110cm Lebar 6mm,Rp24.000,24000.0
aksesoris-sepatu-wanita,SUAY Tali Sepatu Semi Bulat (OVAL) Warna Biru Es Ice Blue - Panjang 110cm Lebar 6mm,Rp23.700,23700.0
aksesoris-sepatu-wanita,SUAY Tali Sepatu Semi Bulat (OVAL) Warna Hijau Fresh Mint - Panjang 110cm Lebar 6mm,Rp24.000,24000.0
aksesoris-sepatu-wanita,Insole Silikon Gel Transparan Empuk Orthopedic Arch Support Penyangga Lengkung Mengurangi Nyeri Lelah Pada Kaki Cocok Untuk Sepatu Formal Olahraga Dan High Heels Mudah Dipasang,Rp19.000,19000.0
aksesoris-sepatu-wanita,Sikatun Indonesia,Rp30.000,30000.0
aksesoris-sepatu-wanita,KIPZKAPZ F8 Teal Green - 115cm - Tali Sepatu Pipih / Flat Shoelace 8mm,Rp28.000,28000.0
aksesoris-sepatu-wanita,Ortuseight Elastic Lace Lock Electricity,Rp39.000,39000.0
aksesoris-sepatu-wanita,Terzien - Kaos Kaki Jempol Motif Panjang Wanita - I14,Rp48.500,48500.0
aksesoris-sepatu-wanita,Daiso Sports Insole -For Women - 22.5cm-24.5cm,Rp33.000,33000.0
aksesoris-sepatu-wanita,Daiso Cupped insole women's,Rp33.000,33000.0
aksesoris-sepatu-wanita,SUAY Tali Sepatu Gepeng Pipih (FLAT) Warna Ungu Muda Mild Violet - Panjang 110cm Lebar 8mm,Rp24.000,24000.0
aksesoris-sepatu-wanita,SUAY Tali Sepatu Semi Bulat (OVAL) Warna Kuning Madu Yellow Mango - Panjang 110cm Lebar 6mm,Rp24.000,24000.0
aksesoris-sepatu-wanita,Insole Sepatu Lancip Monberry MIS02 Ujung Jari Kaki Depan Sol Bantalan Pengganjal Ganjelan Pelindung Busa Spons Heels Flat Shoes Pad Alas Kebesaran Longgar Anti Lecet Slip,Rp14.999,14999.0
aksesoris-sepatu-wanita,EIGER WOMEN ALDER MID CUT SOCKS,Rp89.000,89000.0
aksesoris-sepatu-wanita,KIPZKAPZ RIBBON RFS1F Red - 90cm 115cm 140cm - Tali Sepatu Pipih / Flat Shoelace 13mm,Rp35.000,35000.0
aksesoris-sepatu-wanita,Predecessors Taf Kaos Kaki Basic Sock Green Wanita Panjang Dewasa Tebal Casual Sport,Rp28.000,28000.0
aksesoris-sepatu-wanita,Ataru Set 5 Pcs Aksesoris Sandal Cute Animal Shoes Charm Bitz Sendal Bits Sandal Hiasan Sepatu Sendal Lucu,Rp45.900,45900.0
aksesoris-sepatu-wanita,KIPZKAPZ XS40 Elastic Flat Bright Blue - 90cm 115cm 140cm -Tali Sepatu Pipih / Flat Elastic Shoelace 7mm,Rp55.000,55000.0
aksesoris-sepatu-wanita,KIPZKAPZ XS40 Elastic Flat Bright Blue - 90cm 115cm 140cm -Tali Sepatu Pipih / Flat Elastic Shoelace 7mm,Rp55.000,55000.0
aksesoris-sepatu-wanita,"Moves Noctis - Kaos Kaki Wanita Katun Polos Pattrn Knitting Dibawah Betis, All Size",Rp18.900,18900.0
aksesoris-sepatu-wanita,SUAY Tali Sepatu Gepeng Pipih (FLAT) Warna Biru Langit Sky Blue - Panjang 110cm Lebar 8mm,Rp24.000,24000.0
aksesoris-sepatu-wanita,KIPZKAPZ F7 Pink - 90cm 115cm 140cm 160cm 180cm - Tali Sepatu Pipih / Flat Shoelace 8mm,Rp28.000,28000.0
aksesoris-sepatu-wanita,TALI SEPATU ORTUSEIGHT ELASTIC LACE LOCK - CYAN,Rp31.200,31200.0
aksesoris-sepatu-wanita,KIPZKAPZ FSP21 Grey Tosca - Tali Sepatu Pipih / Flat Shoelace 6mm,Rp28.000,28000.0
aksesoris-sepatu-wanita,Ortuseight Elastic Lace Lock Electricity,Rp39.000,39000.0
aksesoris-sepatu-wanita,Stocking Paha Wanita Polos & Bergaris Women Thigh High Plaid & Striped Stocking 8428,Rp69.900,69900.0
aksesoris-sepatu-wanita,Bie - Tali Sepatu Universal Model Flat Gepeng Tipis 1 Shoelace Ply,Rp9.900,9900.0
aksesoris-sepatu-wanita,Jakarta Barat,Rp1.558.000,1558000.0
aksesoris-sepatu-wanita,Polini - 1Pcs Kaos Kaki Ankle Pendek Kaos Kaki Wanita Motif Daisy Transparan Semata Kaki,Rp6.799,6799.0
aksesoris-sepatu-wanita,KIPZKAPZ RIBBON RFS1J Light Pink - 90cm 115cm 140cm - Tali Sepatu Pipih / Flat Shoelace 13mm,Rp35.000,35000.0
aksesoris-sepatu-wanita,KIPZKAPZ SHOE CHARM - SCF9 - IVORY OFF WHITE AND SILVER PEARL BOW TIE,Rp28.000,28000.0
aksesoris-sepatu-wanita,KIPZKAPZ FSP58 Blue Tosca - Tali Sepatu Pipih / Flat Shoelace 8mm,Rp28.000,28000.0
aksesoris-sepatu-wanita,KIPZKAPZ OS10 Sunlight Yellow 90cm 115cm 140cm - Tali Sepatu Oval / Oval Shoelace 6mm,Rp28.000,28000.0
aksesoris-sepatu-wanita,SOX GALERI - Woman Hidden Socks Nylon - Kaos Kaki Wanita Nilon Tipis - Footie - Invisible Sock,Rp44.900,44900.0
aksesoris-sepatu-wanita,SOCK STATION Women Casual Ankle Sock - Kaos Kaki Wanita Pendek,Rp29.900,29900.0
aksesoris-sepatu-wanita,【SOFEISTORE】Bantalan Tumit Anak-Anak Stiker Anti-Selip Bantalan Sepatu Anak Penyesuaian Ukuran Sepatu Perawatan Kaki Anti-Abrasi,Rp18.900,18900.0
aksesoris-sepatu-wanita,NO DESIGN Kaos Kaki Wanita Sporty Motif 3 Stripes Garis Korea Premium,Rp41.625,41625.0
aksesoris-sepatu-wanita,HILACES BASIC Lazy Shoelace tali sepatu silikon tali sepatu karet 14PCS,Rp29.100,29100.0
aksesoris-sepatu-wanita,Terzien - Kaos Kaki Jempol Motif Panjang Wanita 1 Box Isi 5 - I10,Rp180.000,180000.0
aksesoris-sepatu-wanita,BEANABELL Mainan Edukasi Anak Papan Sempoa Kayu Warna Warni Belajar Berhitung Sempoa Aja Matematika Anak,Rp47.530,47530.0
aksesoris-sepatu-wanita,SUNAFIX Ladies Socks Anti Slip / Kaos Kaki Wanita Anti Slip - FC 24 AS,Rp28.900,28900.0
aksesoris-sepatu-wanita,Bright Light Tapak Outsole WHY Sepatu Futsal Anak Biru 34-38 Rubber Karet Tipe Sol Tanam Material Sintetis Tahan Lama - Shoe,Rp40.000,40000.0
aksesoris-sepatu-wanita,Insole Bantalan Sepatu Monberry Pelindung Alas Kaki Sepatu Depan Tumit T Shaped Anti Lecet Kebesaran Sol Dalam High Heels Pad Pelindung Busa Sponge 2Pcs Sepasang Pria Wanita,Rp14.999,14999.0
aksesoris-sepatu-wanita,TALI SEPATU ORTUSEIGHT ELASTIC LACE LOCK - ORTRANGE,Rp31.200,31200.0
aksesoris-sepatu-wanita,KIPZKAPZ RIBBON RFS4B Velvet Beludru Pink - 90cm 115cm 140cm - Tali Sepatu Pipih / Flat Shoelace 15mm,Rp35.000,35000.0
aksesoris-sepatu-wanita,Kyeoka By Mayonette Kaos Kaki - Kaos Kaki Polos Jaring Transparan Wanita,Rp19.900,19900.0
aksesoris-sepatu-wanita,BANGNI Insole Sepatu Kebesaran Insole Bantalan Tumit /Insole Anti Lecet/Insole Pelindung Tumit/Insole Anti Licin/Insole Ganjalan Sepatu SOL-5093,Rp23.900,23900.0
aksesoris-sepatu-wanita,SUAY Tali Sepatu Semi Bulat (OVAL) Warna Merah Red Candy - Panjang 110cm Lebar 6mm,Rp24.000,24000.0
aksesoris-sepatu-wanita,SUAY Tali Sepatu Gepeng Pipih (FLAT) Warna Pink Fuschia Magenta Pink - Panjang 110cm Lebar 8mm,Rp24.000,24000.0
aksesoris-sepatu-wanita,Terzien - Kaos Kaki Jempol Motif Panjang Wanita - I17,Rp48.500,48500.0
aksesoris-sepatu-wanita,SOCK STATION Women Casual Sneaker Sock - Kaos Kaki Wanita Pendek,Rp29.900,29900.0
aksesoris-sepatu-wanita,KIPZKAPZ Group Flat / Pipih 115cm - Tali Sepatu / Shoelace 8mm,Rp27.900,27900.0
aksesoris-sepatu-wanita,BANGNI Kaos Kaki Antibacterial Kaos Kaki Olahraga Motif Stripe Kaos Kaki Sport Dewasa Bahan Kapas Serat Model Atas Mata Kaki,Rp49.900,49900.0
aksesoris-sepatu-wanita,"Rightbox.id, Kaos Kaki Wanita, Bahan Lembut Menyerap Keringat, Pendek Diatas Mata Kaki, Ukuran DewasaRightbox.id, Kaos Kaki Wanita, Bahan Lembut Menyerap Keringat, Pendek Diatas Mata Kaki, Ukuran Dewasa",Rp14.920,14920.0
aksesoris-sepatu-wanita,KIPZKAPZ F12 Green Stabilo - 115cm - Tali Sepatu Pipih / Flat Shoelace 8mm,Rp28.000,28000.0
aksesoris-sepatu-wanita,SUAY Tali Sepatu Semi Bulat (OVAL) Warna Hijau Stabilo Green - Panjang 110cm Lebar 6mm,Rp24.000,24000.0
aksesoris-sepatu-wanita,LACE CHARM JOHNSON - (PLAT LABEL TALI SEPATU JOHNSON),Rp30.000,30000.0
aksesoris-sepatu-wanita,EIGER WOMEN KALAHARI SHORT CUT SOCKS,Rp69.000,69000.0
aksesoris-sepatu-wanita,"Crampons Sepatu Anti-Selip Es & Salju – Desain Kompak & Mudah Dibawa, Aman untuk Berjalan di Permukaan Licin 【KOSMEBLAB】",Rp25.000,25000.0
aksesoris-sepatu-wanita,Terzien - Kaos Kaki Jempol Motif Panjang Wanita - I19,Rp48.500,48500.0
aksesoris-sepatu-wanita,"Paket 3 Pasang Moves Verve - Kaos Kaki Katun Bambu Invisible Dibawah Mata Kaki, Unisex All Size",Rp48.800,48800.0
aksesoris-sepatu-wanita,Kaos Kaki Mid Sock Wanita Unisex Karakter Lucu Import Premium BKU 011,Rp7.490,7490.0
aksesoris-sepatu-wanita,Daiso Extra Thick Felt Insoles -24cm to 27cm - 9.44in to 10.62in-,Rp22.000,22000.0
aksesoris-sepatu-wanita,Kaos Kaki Lari / Running / Sepeda / Cycling SWIFTWICK MAXUS - ZERO / NO SHOW - TAB WHITE,Rp372.000,372000.0
aksesoris-sepatu-wanita,SOX GALERI - Women Sport Socks - Kaos Kaki Wanita Sport Sneaker - TC2,Rp49.900,49900.0
aksesoris-sepatu-wanita,"VOTED Kaos Kaki INKA Crew FW25 Motif Inka - S, Bahan Katun Combed, Nyaman, Dengan Dukungan Bawah Kaki dan Perlindungan Jari Kaki",Rp144.000,144000.0
aksesoris-sepatu-wanita,"Rightbox, Kaos Kaki Panjang Selutut, Hitam Polos dan Putih Polos, Size Dewasa",Rp17.200,17200.0
aksesoris-sepatu-wanita,Nukus Tali Sepatu Putih Beli 1 dapat 4 Bulat 120 CM - P 120 cm,Rp28.000,28000.0
aksesoris-sepatu-wanita,SUAY Tali Sepatu Semi Bulat (OVAL) Warna Hijau Botol Forest Green - Panjang 110cm Lebar 6mm,Rp23.700,23700.0
aksesoris-sepatu-wanita,KIPZKAPZ Group Oval 140cm - Tali Sepatu Oval / Oval Shoelace 6mm,Rp28.000,28000.0
aksesoris-sepatu-wanita,"Rightbox id, Kaos Kaki Pendek Semata Kaki Motif Salur, Ukuran Dewasa",Rp13.700,13700.0
aksesoris-sepatu-wanita,NO DESIGN Kaos Kaki Wanita Corduroy Motif Pita Korea Premium - Ribbon,Rp41.625,41625.0
aksesoris-sepatu-wanita,NO DESIGN Kaos Kaki Wanita Motif Hati Heart Punch Korea Premium,Rp41.625,41625.0
aksesoris-sepatu-wanita,NO DESIGN Kaos Kaki Wanita Transparan Korea Premium - Lace Mono,Rp55.500,55500.0
aksesoris-sepatu-wanita,Ladies Socks Golf Pxg Over The Knee PHPCW8807 | Kaos Kaki Wanita,Rp499.000,499000.0
aksesoris-sepatu-wanita,Hush Puppies Kaos Kaki Wanita ELLA Ladies ANKLE SOCK White/Grey/Pink USLC2531WH Spandex Pendek,Rp169.200,169200.0
aksesoris-sepatu-wanita,KIPZKAPZ RIBBON RFS3C Polka Dot Beige White - 90cm 115cm 140cm - Tali Sepatu Pipih / Flat Shoelace 15mm,Rp35.000,35000.0
aksesoris-sepatu-wanita,KIPZKAPZ OS3 Hot Pink - 90cm 115cm 140cm - Tali Sepatu Oval / Oval Shoelace 6mm,Rp28.000,28000.0
aksesoris-sepatu-wanita,KIPZKAPZ OS3 Hot Pink - 90cm 115cm 140cm - Tali Sepatu Oval / Oval Shoelace 6mm,Rp28.000,28000.0
aksesoris-sepatu-wanita,"Rightbox ID, Kaos Kaki Olahraga Wanita, Sport Pendek, Size Dewasa",Rp13.700,13700.0
aksesoris-sepatu-wanita,KIPZKAPZ Group Shoe Charm - Pink Sweet Rabbit - Brown Fluffy Monster - Black Bobba - Black Bobba Wings - Black Ribbon - Pink Ribbon,Rp40.000,40000.0
aksesoris-sepatu-wanita,SOX GALERI - Kaos Kaki Wanita Katun Selutut - Knee High Socks SL3KH,Rp64.900,64900.0
aksesoris-sepatu-wanita,SUAY Tali Sepatu Semi Bulat (OVAL) Warna Kuning Tawon Yellow Bumblebee - Panjang 110cm Lebar 6mm,Rp24.000,24000.0
aksesoris-sepatu-wanita,Missoofficial.id KK1416 Kaos Kaki Semata Kaki Polos Motif Warna Warni Kaus Kaki Ankle Dewasa Short Socks,Rp2.620,2620.0
aksesoris-sepatu-wanita,Kaos Kaki Lari / Running / Sepeda / Cycling SWIFTWICK MAXUS - ONE / ANKLE - WHITE,Rp396.000,396000.0
aksesoris-sepatu-wanita,BITCBae [1Pair] Pelindung sol sepatu Cocok untuk tempat yang tenang seperti perpustakaan Alas sol sepatu peredam suara,Rp19.900,19900.0
aksesoris-sepatu-wanita,Tali sepatu putih 140 cm tali sepatu katun Shoe,Rp60.000,60000.0
aksesoris-sepatu-wanita,SOX GALERI - Women Sport Socks - Kaos Kaki Wanita Sport Sneaker,Rp49.900,49900.0
aksesoris-sepatu-wanita,SOX GALERI - Anti-bacteria Sneaker Socks - Kaos Kaki Wanita Katun Anti Bakteri - Casual Women Socks,Rp59.900,59900.0
aksesoris-sepatu-wanita,【SOFEISTORE】Bantalan Kaki Depan Sepatu Hak Tinggi Silikon Menebal Sol Dalam Wanita Anti-selip Untuk Memperkecil Ukuran Sepatu,Rp19.900,19900.0
aksesoris-sepatu-wanita,Terlaris!!! kaos kaki wanita dan anak bahan katun halus lembut Cute Warna Pastel Color Lucu,Rp55.000,55000.0
aksesoris-sepatu-wanita,"Insole Gel Tumit Silikon Bentuk U – Peredam Guncangan Lembut, Pereda Nyeri Tulang Tumit 【KOSMEBLAB】",Rp29.000,29000.0
aksesoris-sepatu-wanita,Daiso bedtime socks open toe type pink,Rp33.000,33000.0
aksesoris-sepatu-wanita,Daiso Cupped Insoles -26cm to 26.5cm - 10.23in to 10.43in-,Rp33.000,33000.0
aksesoris-sepatu-wanita,KIPZKAPZ Group Elastic Elastis Karet - Tali Sepatu Pipih / Flat 7mm,Rp55.000,55000.0
aksesoris-sepatu-wanita,Bantalan Tumit Sepatu/Pelindung Tumit/Ganjalan Sepatu Kebesaran Insole Anti Tumit Lecet/Bantalan Sisipan Sepatu Pria dan Wanita Untuk Lindungi Kaki/Ganjalan belakang Sneakers Insole Sepatu,Rp36.900,36900.0
aksesoris-sepatu-wanita,Tali Pengikat Sandal Velcro Strap Adjustable Bahan Kanvas Ringan Tahan Lama Anti Slip Cocok Untuk Sandal Gunung Sandal Outdoor Dan Sepatu Harian,Rp49.000,49000.0
aksesoris-sepatu-wanita,Hush Puppies Noelle L Ankle Socks Wanita,Rp162.150,162150.0
aksesoris-sepatu-wanita,[COD] SK P54 Kaos Kaki Motif Love Wanita Semata Short Socks Pendek Fashion,Rp3.114,3114.0
aksesoris-sepatu-wanita,Fellas Kaos Kaki Jempol Wanita Anti Slip Dewasa Bahan Spandex Nyaman Tidak Berbau Warna Cream & Hitam Panjang Sebetis,Rp13.887,13887.0
aksesoris-sepatu-wanita,"【Hadiah HAPIGOGO——Tidak untuk dijual】Kaos kaki pendek modis, kaos kaki pendek katun murni wanita, bernapas, satu pasang, warna acak.",Rp60.000,60000.0
aksesoris-sepatu-wanita,KAOS KAKI PENDEK SERAT BAMBU BAWAH MATA KAKI SOCK BAMBOO FLAT SHOE,Rp10.500,10500.0
aksesoris-sepatu-wanita,KIPZKAPZ F16 Black Orange - 140cm - Tali Sepatu Pipih / Flat Shoelace 8mm,Rp28.000,28000.0
aksesoris-sepatu-wanita,EIGER WOMEN LILT MID CUT SOCKS,Rp129.000,129000.0
aksesoris-sepatu-wanita,Perisai Sepatu Shoe Shield Emga Penyangga Perawatan Pelindung Sepatu Sneakers Kebesaran Anti Wrinkle Kerut Crease Universal Protector Insole,Rp14.899,14899.0
aksesoris-sepatu-wanita,KIPZKAPZ F14 Orange Yellow - 90cm - Tali Sepatu Pipih / Flat Shoelace 8mm,Rp28.000,28000.0
aksesoris-sepatu-wanita,KIPZKAPZ F17 Black Pink - 90cm - Tali Sepatu Pipih / Flat Shoelace 8mm,Rp28.000,28000.0
aksesoris-sepatu-wanita,CoolDeSocks Original | Kaos Kaki Fashion - Smiley Eggs,Rp69.000,69000.0
aksesoris-sepatu-wanita,CoolDeSocks Original | Kaos Kaki Pendek - Tomato Corn,Rp49.000,49000.0
aksesoris-sepatu-wanita,Bantalan Tumit Sepatu/Pelindung Tumit/Ganjalan Sepatu Kebesaran Insole Anti Tumit Lecet/Bantalan Sisipan Sepatu Pria dan Wanita Untuk Lindungi Kaki/Ganjalan belakang Sneakers Insole Sepatu,Rp69.000,69000.0
aksesoris-sepatu-wanita,"Rightbox ID, Kaos Kaki Pendek Semata Kaki, Motif Neon Stripe, Bahan Katun, Allsize Dewasa",Rp13.700,13700.0
aksesoris-sepatu-wanita,Daiso Walking Support Insoles - 25-27cm-,Rp33.000,33000.0
aksesoris-sepatu-wanita,NO DESIGN Kaos Kaki Wanita Sport Tebal Korea Premium - Middle Cushion,Rp55.500,55500.0
aksesoris-sepatu-wanita,SUNAFIX Ankle Socks / Kaos Kaki Semata Kaki - SACE 02 PL,Rp56.900,56900.0
aksesoris-sepatu-wanita,KIPZKAPZ RIBBON RFS5B Renda Lace Trim Ribbon Pink - 90cm 115cm 140cm - Tali Sepatu Pipih / Flat Shoelace 17mm,Rp35.000,35000.0
aksesoris-sepatu-wanita,CoolDeSocks Ladies | Kaos Kaki Wanita Motif - Sausage,Rp69.000,69000.0
aksesoris-sepatu-wanita,Adorableprojects - Girls Club Mid Socks,Rp32.500,32500.0
aksesoris-sepatu-wanita,【SOFEISTORE】Silikon Bantalan Tumit Bantal Pijat Perawatan Kaki Pelindung Tumit,Rp37.000,37000.0
aksesoris-sepatu-wanita,SUAY Tali Sepatu Gepeng Pipih (FLAT) Warna Hijau Fresh Mint - Panjang 110cm Lebar 8mm,Rp24.000,24000.0
aksesoris-sepatu-wanita,SUAY Tali Sepatu Semi Bulat (OVAL) Warna Tosca Muda Misty Turquoise - Panjang 110cm Lebar 6mm,Rp24.000,24000.0
aksesoris-sepatu-wanita,SIDI 106 ANTISLIP HEEL Red- Anti Slip Heel Pad,Rp100.000,100000.0
aksesoris-sepatu-wanita,Hush Puppies Kaos Kaki Wh Setha L Qua Sock Mustard/Red,Rp109.500,109500.0
aksesoris-sepatu-wanita,Hush Puppies Kaos Kaki Ella L Ankle Sock White/Gray/Pink,Rp169.200,169200.0
aksesoris-sepatu-wanita,"ECOISM Kaos Kaki Sport Wanita Katun Combed – Lembut, Antibakteri & Tahan Cuci!",Rp18.000,18000.0
aksesoris-sepatu-wanita,NO DESIGN Kaos Kaki Wanita Motif Polkadot Color Dot Korea Premium,Rp166.500,166500.0
aksesoris-sepatu-wanita,Heel Guard Monkey 125 ZETA,Rp1.333.000,1333000.0
aksesoris-sepatu-wanita,KIPZKAPZ XS56 Elastic Round True Red - 90cm 115cm 140cm 160cm - Tali Sepatu Bulat / Round Elastic Shoelace 3mm,Rp55.000,55000.0
aksesoris-sepatu-wanita,【LS】Women's Solid Patterned Long Socks 8682,Rp39.900,39900.0
aksesoris-sepatu-wanita,ORICO Silicone Pad Colorful Anti-Collision - SG-WR2,Rp48.510,48510.0
aksesoris-sepatu-wanita,KIPZKAPZ XS57 Elastic Round Light Grey - 90cm 115cm 140cm 160cm - Tali Sepatu Bulat / Round Elastic Shoelace 3mm,Rp55.000,55000.0
aksesoris-sepatu-wanita,Buttonscarves Lavish Socks - Grey.,Rp225.000,225000.0
aksesoris-sepatu-wanita,Nathalie Crew Socks NTKK 3535,Rp37.900,37900.0
aksesoris-sepatu-wanita,KIPZKAPZ XS64B Elastic Flat Black With Metallic Silver - 90cm 115cm 140cm - Tali Sepatu Pipih / Flat Elastic Shoelace 7mm,Rp55.000,55000.0
aksesoris-sepatu-wanita,Ganjalan Depan Sepatu Kebesaran Insole Heels Monberry MIS08 Ujung Jari Kaki Sol Bantalan Pengganjal Ganjelan Pelindung Busa Spons Heels Flat Shoes Pad Alas Kebesaran Longgar Anti Lecet Slip,Rp14.999,14999.0
aksesoris-sepatu-wanita,Yang's Fashion Kaos Kaki Panjang Motif Polos Huruf C Bahan lembut,Rp14.005,14005.0
aksesoris-sepatu-wanita,KIPZKAPZ OS6 Purple Eggplant 90cm 115cm 140cm - Tali Sepatu Oval / Oval Shoelace 6mm,Rp28.000,28000.0
aksesoris-sepatu-wanita,KIPZKAPZ XS66 Elastic Flat Sunlight Yellow - 90cm 115cm 140cm - Tali Sepatu Pipih / Flat Elastic Shoelace 7mm,Rp55.000,55000.0
aksesoris-sepatu-wanita,"Rightbox, Kaos Kaki OldSchool Motif Api, Bahan Katun, Panjang Sebetis",Rp19.728,19728.0
aksesoris-sepatu-wanita,KIPZKAPZ XS60 Elastic Flat Off White - 90cm 115cm 140cm - Tali Sepatu Pipih / Flat Elastic Shoelace 7mm,Rp55.000,55000.0
aksesoris-sepatu-wanita,Missoofficial.id KK1273 Kaos Kaki Pendek Wanita Motif Love Fashion Korean Semata Kaki Socks Ankle Bunga Merah Dewasa Panjang,Rp2.418,2418.0
aksesoris-sepatu-wanita,Sorex Girl Socks Kaos Kaki Muslimah W 5803,Rp20.020,20020.0
aksesoris-sepatu-wanita,NO DESIGN Kaos Kaki Wanita Motif APT Rose Blackpink Bruno Mars Edition Korea Premium,Rp29.137,29137.0
aksesoris-sepatu-wanita,KIPZKAPZ Group Tali Sepatu Pipih / Flat Shoelace 5mm,Rp28.000,28000.0
aksesoris-sepatu-wanita,KIPZKAPZ F9 Berry Purple - 90cm - Tali Sepatu Pipih / Flat Shoelace 8mm,Rp28.000,28000.0
aksesoris-sepatu-wanita,SUNAFIX Kaos Kaki Telapak Anti Slip / Foot Cover Anti Slip - FCIS 19 AS,Rp28.900,28900.0
aksesoris-sepatu-wanita,SUNAFIX Ankle Socks / Kaos Kaki Semata Kaki - CSM 265,Rp26.900,26900.0
aksesoris-sepatu-wanita,Ganjalan Depan Sepatu Heels Insole Monberry MIS07 Ujung Jari Kaki Sol Bantalan Pengganjal Ganjelan Pelindung Busa Spons Heels Flat Shoes Pad Alas Kebesaran Longgar Anti Lecet Slip,Rp14.999,14999.0
aksesoris-sepatu-wanita,SOX GALERI - Kaos Kaki Wanita Katun Di atas Lutut - Over Knee Socks Stripe,Rp64.900,64900.0
aksesoris-sepatu-wanita,Kaos Kaki Pendek Casual Wanita 1 Box Isi 5 - I22,Rp102.500,102500.0
aksesoris-sepatu-wanita,Emye - Request Wedding Shoes Sol Nama Grafir,Rp20.000,20000.0
aksesoris-sepatu-wanita,SPENCO Total Support Thin Insole,Rp699.000,699000.0
aksesoris-sepatu-wanita,NO DESIGN Kaos Kaki Olahraga Yoga Pilates Anti Slip Korea Premium,Rp55.500,55500.0
aksesoris-sepatu-wanita,Kaos Kaki Jempol Graphic Flower,Rp23.990,23990.0
aksesoris-sepatu-wanita,KIPZKAPZ Group Ribbon RFS3 Polka Dot - 90cm 115cm 140cm - Tali Sepatu Pipih / Flat Shoelace 15mm,Rp35.000,35000.0
aksesoris-sepatu-wanita,Insole Gel Silicone Flat Foot / Bantalan Kaki Datar/Alas Kaki sepatu Silicone Gel/Insole Flat Foot Correction Kaki,Rp32.900,32900.0
aksesoris-sepatu-wanita,KIPZKAPZ RIBBON RFS5A Renda Lace Trim Ribbon Ivory Off White - 90cm 115cm 140cm - Tali Sepatu Pipih / Flat Shoelace 17mm,Rp35.000,35000.0
aksesoris-sepatu-wanita,VOTED Socks Kaos Kaki Anti Slip Olahraga Pilates,Rp108.000,108000.0
aksesoris-sepatu-wanita,"Rightbox id, Kaos Kaki Motif, Pendek Semata Kaki, Ukuran Dewasa",Rp13.700,13700.0
aksesoris-sepatu-wanita,Kaos Kaki Hitam Gambar Sapi Kaos Kaki Korea Lucu Motif Cow Kaos Kaki Angkle Pendek / Kaus Kaki Karakter Hewan Sapi Cow Garis Corak,Rp9.000,9000.0
aksesoris-sepatu-wanita,"Anti Slip Silikon Kaus Yoga – Profesional, Tali Silang, Jari Terbuka (Tari, Gym)",Rp39.800,39800.0
aksesoris-sepatu-wanita,Daiso Cupped Insole -For Women - 23cm to 23.5cm - 9.1 to 9.3 -,Rp33.000,33000.0
aksesoris-sepatu-wanita,Minowear Kaos Kaki Katun Lembut Korean Japanese Cute Socks Kaos Kaki Wanita Anti Bau,Rp18.000,18000.0
aksesoris-sepatu-wanita,【SOFEISTORE】Bantalan Sepatu Ortopedi Bantalan Sepatu Ortopedi Bantalan Gel Silikon Lembut Sol Sepatu Olahraga Ukuran33-48,Rp46.900,46900.0
aksesoris-sepatu-wanita,EIGER WOMEN KALAHARI SHORT CUT SOCKS,Rp69.000,69000.0
aksesoris-sepatu-wanita,Katakaki Tali Sepatu FLAT/PIPIH/GEPENG 8MM 100Cm 125Cm 145Cm Signature,Rp28.880,28880.0
aksesoris-sepatu-wanita,KIPZKAPZ F10 Chinese Red - 90cm - Tali Sepatu Pipih / Flat Shoelace 8mm,Rp28.000,28000.0
aksesoris-sepatu-wanita,SUAY Tali Sepatu Gepeng Pipih (FLAT) Warna Biru Tua Dark Blue - Panjang 110cm Lebar 8mm,Rp24.000,24000.0
aksesoris-sepatu-wanita,Adorableprojects - Rumi Long Socks Navy - Kaos Kaki,Rp25.500,25500.0
aksesoris-sepatu-wanita,SOX GALERI - Women Sport Socks - Kaos Kaki Wanita Sport Sneaker - TC2,Rp49.900,49900.0
aksesoris-sepatu-wanita,Sole jahitan Sepatu bola & futsal dijamin kuat awet dan tahan lama berkualitas_,Rp20.000,20000.0
aksesoris-sepatu-wanita,BANGNI Insole Arch Support Flat Foot Orthopedic/ Sol Penyangga Lengkungan Kaki Datar/Sol Antibakteri atau Anti Bau Unisex Sol Sepatu Olahraga Empuk sol-0056,Rp75.900,75900.0
aksesoris-sepatu-wanita,Eversac Shoe Lace Poly Oval 6 mm White,Rp22.000,22000.0
aksesoris-sepatu-wanita,WAAC SOCKS WOMEN FW25 WGLCX25611-WHX FR,Rp319.000,319000.0
aksesoris-sepatu-wanita,NO DESIGN Kaos Kaki Wanita Motif Hati Snowflake Heart Korea Premium,Rp41.625,41625.0
aksesoris-sepatu-wanita,SUNAFIX Ankle Socks / Kaos Kaki Semata Kaki - CSM 03,Rp26.900,26900.0
aksesoris-sepatu-wanita,Insole Depan Sepatu Telapak Emga IS05C Ujung Jari Kaki Sol Bantalan Pengganjal Ganjelan Pelindung Busa Spons Heels Flat Shoes Pad Alas Kebesaran Longgar Anti Lecet Slip,Rp14.999,14999.0
aksesoris-sepatu-wanita,【Goth】Womens Socks Lace Fishnet Patterned 8920,Rp49.000,49000.0
aksesoris-sepatu-wanita,KIPZKAPZ FSP39I1 Pink Salmon - Tali Sepatu Pipih / Flat Shoelace 6mm,Rp28.000,28000.0
aksesoris-sepatu-wanita,Predecessors Taf Kaos Kaki Basic Sock Camel Wanita Panjang Dewasa Motif Casual,Rp28.000,28000.0
aksesoris-sepatu-wanita,CoolDeSocks Ladies | Kaos Kaki Wanita Motif - Sunny Side Up,Rp69.000,69000.0
aksesoris-sepatu-wanita,KIPZKAPZ OS7 Crimson Pink 90cm 115cm 140cm - Tali Sepatu Oval / Oval Shoelace 6mm,Rp28.000,28000.0
aksesoris-sepatu-wanita,Terlaris !! Kaos Kaki Cute Lucu Wanita Anak Bahan Katun Lembut Nyaman PanjangWarna Pastel Pink Halus,Rp55.000,55000.0
aksesoris-sepatu-wanita,Nathalie Short Socks NTKK 3532,Rp38.900,38900.0
aksesoris-sepatu-wanita,"Rightbox, Kaos Kaki OldSchool Motif Api, Bahan Katun, Panjang Sebetis",Rp19.728,19728.0
aksesoris-sepatu-wanita,"Rightbox ID, Kaos Kaki Tribal, Pendek Semata Kak, Allsize Dewasa",Rp13.700,13700.0
aksesoris-sepatu-wanita,Hush Puppies Kaos Kaki Wanita WH HIKE Ladies Quarter Sock Beige USLS2521BG,Rp109.500,109500.0
aksesoris-sepatu-wanita,KIPZKAPZ RIBBON RFS1B White - 90cm 115cm 140cm - Tali Sepatu Pipih / Flat Shoelace 13mm,Rp35.000,35000.0
aksesoris-sepatu-wanita,【SOFEISTORE】Sol Penyangga Lengkungan EVA Sol Kaki Korektif Pria Wanita Ukuran34-49,Rp32.900,32900.0
aksesoris-sepatu-wanita,KIPZKAPZ O5 Solar Pink 115cm - Tali Sepatu Oval / Oval Shoelace 6mm,Rp28.000,28000.0
aksesoris-sepatu-wanita,Balmoral 1 Pasang Kaos Kaki Remaja - Dewasa Ladies Ankle Socks Ukuran Panjang Atas Mata Kaki Pastel Basic Casual Cotton Blend,Rp20.720,20720.0
aksesoris-sepatu-wanita,Agnesis Kaos Kaki Sport CL-15 / Kaos Kaki Badminton,Rp23.013,23013.0
aksesoris-sepatu-wanita,BANGNI Kaos Kaki Wanita Kaos Kaki Pendek Invisble Kaos Kaki Dibawah Mata Kaki Kaos Kaki Antibacterial dan Anti Bau Kaos Kaki Nyaman Kaos Kaki Hidden Sock Wanita F2001,Rp34.900,34900.0
aksesoris-sepatu-wanita,【SOFEISTORE】19/24CM Sendok Sepatu Pengangkat Sepatu Halus Sendok Sepatu Plastik Berbentuk Sendok Mudah Dibawa,Rp19.900,19900.0
aksesoris-sepatu-wanita,NO DESIGN Kaos Kaki Wanita Motif Hati Korea Premium - Heart Sneakers,Rp41.625,41625.0
aksesoris-sepatu-wanita,Universal Traveller WINTER SOCKS BUNDLE SKCW23173,Rp472.000,472000.0
aksesoris-sepatu-wanita,Adorableprojects - Rumi Long Socks Red - Kaos Kaki,Rp24.225,24225.0
aksesoris-sepatu-wanita,Insole Gel Silicone Flat Foot / Bantalan Kaki Datar/Alas Kaki sepatu Silicone Gel/Insole Flat Foot Correction Kaki,Rp32.900,32900.0
aksesoris-sepatu-wanita,TALI SEPATU ORTUSEIGHT ELASTIC LACE LOCK - WHITE,Rp31.200,31200.0
aksesoris-sepatu-wanita,Ladies Sock Golf Pxg Special Color Knee PHPCW8805 | Kaos Kaki Wanita,Rp158.000,158000.0
aksesoris-sepatu-wanita,Hush Puppies Kaos Kaki Wanita FLYNN L Qua Blue/Dusty Pink,Rp109.500,109500.0
aksesoris-sepatu-wanita,Universal Traveller WINTER SOCKS BUNDLE SKCW23173,Rp472.000,472000.0
aksesoris-sepatu-wanita,SUNAFIX Kaos Kaki Wanita Semata Kaki / Ankle Socks - CS 254 L,Rp26.900,26900.0
aksesoris-sepatu-wanita,KIPZKAPZ RIBBON RFS1E Pink - 90cm 115cm 140cm - Tali Sepatu Pipih / Flat Shoelace 13mm,Rp35.000,35000.0
aksesoris-sepatu-wanita,KIPZKAPZ OSP11 Pink Salmon 115cm - Tali Sepatu Oval / Oval Shoelace 6mm,Rp28.000,28000.0
aksesoris-sepatu-wanita,Crystalia & Pearlesque Bow Series Rhinestones Detachable Shoe Clip Accessories Hiasan Aksesoris Sepatu Jepit Permata Klip Bisa,Rp39.000,39000.0
aksesoris-sepatu-wanita,Tali sepatu bulat untuk pantofel boots atau sneaker pdh pdl murah berkualitas,Rp15.000,15000.0
aksesoris-sepatu-wanita,KIPZKAPZ F15 Orange Seaspray - 140cm - Tali Sepatu Pipih / Flat Shoelace 8mm,Rp28.000,28000.0
aksesoris-sepatu-wanita,KIPZKAPZ Group Oval 160cm - Tali Sepatu Oval / Oval Shoelace 6mm,Rp28.000,28000.0
aksesoris-sepatu-wanita,Kaozelo Plester Kaki Anti Lecet Pelindung Tumit Silikon Anti Air - YXZ5M,Rp29.600,29600.0
aksesoris-sepatu-wanita,Kaos Kaki | Monochrome | Socks | Short Pendek Wanita,Rp55.000,55000.0
aksesoris-sepatu-wanita,KIPZKAPZ SHOE CHARM - SCF3 - BLACK BOBA BALL,Rp30.000,30000.0
aksesoris-sepatu-wanita,SUAY Tali Sepatu Gepeng Pipih (FLAT) Warna Pink Fuschia Magenta Pink - Panjang 110cm Lebar 8mm,Rp23.700,23700.0
aksesoris-sepatu-wanita,AZKO Stora Shoe Horn - Putih Sendok Sol Sepatu Tongkat Sepatu Shuhorn Shoehorn,Rp34.400,34400.0
aksesoris-sepatu-wanita,【SOFEISTORE】Sol Koreksi Kaki X Bantalan Sepatu Ortopedi Bantalan Sepatu Lengkungan Kaki O Sisipan Sepatu Lengkungan Datar Ukuran 35-46,Rp36.900,36900.0
aksesoris-sepatu-wanita,Daiso Regular Socks -Mesh Style - Cherry-,Rp33.000,33000.0
aksesoris-sepatu-wanita,Daiso Insole -Double Raschel - 24cm to 27cm - 9.4in to 10.6in-,Rp33.000,33000.0
aksesoris-sepatu-wanita,Daiso Short Socks (Water Absorbent Quick-Drying Whale Sharks),Rp33.000,33000.0
aksesoris-sepatu-wanita,KIPZKAPZ XS41 Elastic Flat Liquid Pink - 90cm 115cm 140cm - Tali Sepatu Pipih / Flat Elastic Shoelace 7mm,Rp55.000,55000.0
aksesoris-sepatu-wanita,SOX GALERI - Women Socks Cotton Ankle - Kaos Kaki Wanita Katun Ankle,Rp54.900,54900.0
aksesoris-sepatu-wanita,【SOFEISTORE】 Sol Awan 4D Sol Olahraga Lembut Insole Olahraga Bantalan Pelindung Tumit Kaki Bantalan Pelindung Sepatu Elastis Sisipan Ukuran 35-46,Rp33.900,33900.0
aksesoris-sepatu-wanita,Hush Puppies Kaos Kaki Colla M Inv Socks Bk/Wh/Gy,Rp149.300,149300.0
aksesoris-sepatu-wanita,SPENCO Bundle Orthotic Insole Total Support Max + ALTAFIT V1 Orthotic Sandal Black – Bundle Insole Ortotik & Sandal Ortotik,Rp1.448.000,1448000.0
aksesoris-sepatu-wanita,"Rightbox, Kaos Kaki Jempol Polos, Bahan Katun Nilon, Tersedia Warna warna Favourite",Rp16.500,16500.0
aksesoris-sepatu-wanita,TAKEZUMI insole kesehatan kaki untuk kesemutan kram insole dari Arang Binchotan Jepang melancarkan aliran darah di kaki Shoe,Rp350.000,350000.0
aksesoris-sepatu-wanita,KIPZKAPZ RIBBON RFS1G Purple - 90cm 115cm 140cm - Tali Sepatu Pipih / Flat Shoelace 13mm,Rp35.000,35000.0
aksesoris-sepatu-wanita,Adorableprojects - Rumi Long Socks Lemon Curry - Kaos Kaki,Rp25.500,25500.0
aksesoris-sepatu-wanita,Kaos Kaki Formal Premium Bambu Emga KBB1C Kaus Kaki Kerja Kantor Sekolah Panjang Serat Arang High Quality Bamboo Socks Long Short Anti Bakteri Antibacterial Menyerap Keringat Anti Bau Breathable Dewasa Unisex Cewek Cowok Men Women Pria Wanita,Rp28.999,28999.0
aksesoris-sepatu-wanita,CoolDeSocks Original | Kaos Kaki Pendek - Big Pineapple Black Red (A),Rp49.000,49000.0
aksesoris-sepatu-wanita,SUAY Tali Sepatu Semi Bulat (OVAL) Warna Hijau Stabilo Green - Panjang 110cm Lebar 6mm,Rp24.000,24000.0
aksesoris-sepatu-wanita,KIPZKAPZ Group Flat / Pipih 180cm - Tali Sepatu / Shoelace 8mm,Rp30.000,30000.0
aksesoris-sepatu-wanita,Terlaris !!! Kaos Kaki Mata Kaki Pendek Wanita & Anak Kartun Nyaman Panjang,Rp15.950,15950.0
aksesoris-sepatu-wanita,YONGKI KOMALADI KAOS KAKI BASIC MOTIF LOVE KOREAN STYLE SOCK01,Rp25.000,25000.0
aksesoris-sepatu-wanita,SOX GALERI - Kaos Kaki Wanita Katun Sebetis - Crew Socks SL3M,Rp59.900,59900.0
aksesoris-sepatu-wanita,AZKO Ataru Set 2 Pcs Aksesoris Sepatu Charms Ribbon - Silver Tempat Sepatu Dekorasi Hiasan Decoration Shoes,Rp80.400,80400.0
aksesoris-sepatu-wanita,Kaos Kaki Ceker Ayam Panjang Thigh High Socks Lucu Katun Lembut Chicken Feet Motif 3D Untuk Fashion Unik Casual Gym Harian Cocok Untuk Pria Wanita,Rp29.000,29000.0
aksesoris-sepatu-wanita,Adorableprojects - Rumi Long Socks Mustard - Kaos Kaki,Rp25.500,25500.0
aksesoris-sepatu-wanita,SOCK STATION Women Casual Ankle Sock - Kaos Kaki Wanita Pendek,Rp29.900,29900.0
aksesoris-sepatu-wanita,Yang's Fashio-Kaos Kaki Wanita Pria Pendek Semata Kaki Motif Duckbiru,Rp7.000,7000.0
aksesoris-sepatu-wanita,Yang's Fashion kaos kaki wanita motif lebah bahan nylon,Rp7.000,7000.0
aksesoris-sepatu-wanita,CoolDeSocks Ladies| Kaos Kaki Wanita Motif - Mug,Rp69.000,69000.0
aksesoris-sepatu-wanita,KIPZKAPZ RIBBON RFS5C Renda Lace Trim Ribbon Cream - 90cm 115cm 140cm - Tali Sepatu Pipih / Flat Shoelace 17mm,Rp35.000,35000.0
aksesoris-sepatu-wanita,SUNAFIX Kaos Kaki Jari Kaki Anti Slip/Toe Cover Socks Anti Slip - FC 06 AS,Rp28.900,28900.0
aksesoris-sepatu-wanita,KIPZKAPZ XS54 Elastic Round Black - 90cm 115cm 140cm 160cm - Tali Sepatu Bulat / Round Elastic Shoelace 3mm,Rp55.000,55000.0
aksesoris-sepatu-wanita,Hush Puppies Kaos Kaki NOELLE L ANKLE SOCKS Navy/Gray/Pink,Rp153.200,153200.0
aksesoris-sepatu-wanita,SOCK STATION Mix and Match Rainbow - Woman Casual Medium Sock Fashion - Kaos Kaki Wanita Panjang,Rp29.900,29900.0
aksesoris-sepatu-wanita,Jakarta Barat,Rp1.488.000,1488000.0
aksesoris-sepatu-wanita,SPENCO Ground Control Low Arch Insole,Rp819.000,819000.0
aksesoris-sepatu-wanita,LE COQ SOCKS W LG5SSO13L RJM ANKLE LM00 25SS 22-24,Rp98.670,98670.0
aksesoris-sepatu-wanita,SUAY Tali Sepatu Semi Bulat (OVAL) Warna Ungu Muda Mild Violet - Panjang 110cm Lebar 6mm,Rp24.000,24000.0
aksesoris-sepatu-wanita,SUNAFIX Kaos Kaki Wanita / Ladies Socks - QPLS 0919,Rp27.900,27900.0
aksesoris-sepatu-wanita,SUNAFIX Kaos Kaki Wanita Semata Kaki / Ankle Socks - CS 251 L,Rp26.900,26900.0
aksesoris-sepatu-wanita,SOX GALERI - Kaos Kaki Wanita Footie Nylon - Hidden Socks - Invisible Socks Tidak terlihat,Rp44.900,44900.0
aksesoris-sepatu-wanita,KIPZKAPZ F3 Grey - 90cm - Tali Sepatu Pipih / Flat Shoelace 8mm,Rp28.000,28000.0
aksesoris-sepatu-wanita,KIPZKAPZ O2 White - 140cm - Tali Sepatu Oval / Oval Shoelace 6mm,Rp28.000,28000.0
aksesoris-sepatu-wanita,Ataru Set 11 Pcs Aksesoris Sandal Purple Series Shoes Charm Bitz Sendal Bits Sandal Hiasan Sepatu Sendal Lucu,Rp57.400,57400.0
aksesoris-sepatu-wanita,CoolDeSocks Original | Kaos Kaki Motif - Angelic Cat - Purple Pink,Rp59.000,59000.0
aksesoris-sepatu-wanita,Terzien - Kaos Kaki Jempol Motif Panjang Wanita - I16,Rp48.500,48500.0
aksesoris-sepatu-wanita,KIPZKAPZ RS31 Greyish Brown - 90cm 115cm 140cm 160cm - Tali Sepatu Bulat / Round Shoelace 4mm,Rp28.000,28000.0
aksesoris-sepatu-wanita,KIPZKAPZ FSP39 Lilac - Tali Sepatu Pipih / Flat Shoelace 6mm,Rp28.000,28000.0
aksesoris-sepatu-wanita,KIPZKAPZ O3 Grey 140cm - Tali Sepatu Oval / Oval Shoelace 6mm,Rp28.000,28000.0
aksesoris-sepatu-wanita,KIPZKAPZ F3 Grey - 90cm - Tali Sepatu Pipih / Flat Shoelace 8mm,Rp28.000,28000.0
aksesoris-sepatu-wanita,"BITCBae Tali Sepatu Putar Aksesori gesper putar untuk sepatu kets, gesper putar praktis untuk memudahkan pengencangan",Rp16.900,16900.0
aksesoris-sepatu-wanita,Ataru Set 6 Pcs Aksesoris Sandal Foodie Piggy Shoes Charm Bitz Sendal Bits Sandal Hiasan Sepatu Sendal Lucu,Rp45.900,45900.0
aksesoris-sepatu-wanita,KIPZKAPZ RIBBON RFS1A Black - 90cm 115cm 140cm - Tali Sepatu Pipih / Flat Shoelace 13mm,Rp35.000,35000.0
aksesoris-sepatu-wanita,KIPZKAPZ XS65 Elastic Flat Green Gekko - 90cm 115cm 140cm - Tali Sepatu Pipih / Flat Elastic Shoelace 7mm,Rp55.000,55000.0
aksesoris-sepatu-wanita,KIPZKAPZ F7 Pink - 115cm - Tali Sepatu Pipih / Flat Shoelace 8mm,Rp28.000,28000.0
aksesoris-sepatu-wanita,KIPZKAPZ O2 White - 140cm - Tali Sepatu Oval / Oval Shoelace 6mm,Rp28.000,28000.0
aksesoris-sepatu-wanita,Ataru Set 11 Pcs Aksesoris Sandal Purple Series Shoes Charm Bitz Sendal Bits Sandal Hiasan Sepatu Sendal Lucu,Rp57.400,57400.0
aksesoris-sepatu-wanita,Terzien - Kaos Kaki Jempol Motif Panjang Wanita - I16,Rp48.500,48500.0
aksesoris-sepatu-wanita,【SOFEISTORE】Tinggi Badan Meningkat Bantalan Sepatu Setengah Bantalan Tumit Silikon Polos Untuk Sol Sepatu Pria Dan Wanita 1 Pasang,Rp36.900,36900.0
aksesoris-sepatu-wanita,KIPZKAPZ RS31 Greyish Brown - 90cm 115cm 140cm 160cm - Tali Sepatu Bulat / Round Shoelace 4mm,Rp28.000,28000.0
aksesoris-sepatu-wanita,Adorable Projects - Teana Shoe Charm Red - Hiasan Sepatu,Rp85.000,85000.0
aksesoris-sepatu-wanita,Trijee Sportswear Knee Strap,Rp79.000,79000.0
aksesoris-sepatu-wanita,Goto [COD] Eliza Sock Kaos Kaki Pendek Panjang Wanita Korean Style Lucu,Rp28.900,28900.0
aksesoris-sepatu-wanita,Shoe Lace EversacPoly Flat Asahi Garis 8 Mm Xred,Rp22.000,22000.0
aksesoris-sepatu-wanita,"SAHABAT-MANCING 1 Pasang Silikon Kaos Kaki Silicone Moisturizing Dapat digunakan sebagai kaus kaki pantai antiair, dll",Rp54.900,54900.0
aksesoris-sepatu-wanita,Universal Traveller WOOL SOCKS BUNDLE SKW23175,Rp623.000,623000.0
aksesoris-sepatu-wanita,SUNAFIX Kaos Kaki Semata Kaki / Ankle Socks - CS 10,Rp26.900,26900.0
aksesoris-sepatu-wanita,SUNAFIX Ankle Socks / Kaos Kaki Semata Kaki - CSM 15,Rp26.900,26900.0
aksesoris-sepatu-wanita,KIPZKAPZ O3 Grey 115cm - Tali Sepatu Oval / Oval Shoelace 6mm,Rp28.000,28000.0
aksesoris-sepatu-wanita,KIPZKAPZ FS23 Purple Eggplant - 90cm 115cm 140cm - Tali Sepatu Pipih / Flat Shoelace 8mm,Rp28.000,28000.0
aksesoris-sepatu-wanita,SOX GALERI - Kaos Kaki Wanita Footie Tipis Polos - Hidden Socks - Invisible Socks,Rp44.900,44900.0
aksesoris-sepatu-wanita,KIPZKAPZ XS61 Elastic Flat Brown - 90cm 115cm 140cm - Tali Sepatu Pipih / Flat Elastic Shoelace 7mm,Rp55.000,55000.0
aksesoris-sepatu-wanita,【SOFEISTORE】Bantalan Tumit Tinggi Anti Selip Bantalan Kaki Depan Sepatu Anti Gesekan Mengecilkan Ukuran,Rp18.900,18900.0
aksesoris-sepatu-wanita,Sol Anak-anak Ukuran Sepatu Yang Diperkecil Bantalan Tumit Anti Selip,Rp18.900,18900.0
aksesoris-sepatu-wanita,EIGER WOMEN DAICY MID CUT 1.0 SOCKS,Rp59.000,59000.0
aksesoris-sepatu-wanita,"Paket 3 Pasang Moves Halo - Kaos Kaki Pendek Mata kaki, Halus, Unisex All Size",Rp36.800,36800.0
aksesoris-sepatu-wanita,EIGER WOMEN MAEVA MICRO SOCKS,Rp79.000,79000.0
aksesoris-sepatu-wanita,LE COQ SOCKS W LG5SSO13L RJM ANKLE BL00 25SS 22-24,Rp98.670,98670.0
aksesoris-sepatu-wanita,【SOFEISTORE】 Sol Penyangga Lengkung Kaki Datar Penyerap Guncangan Sol Olahraga Pereda Nyeri Tumit Sepatu Bantalan,Rp89.000,89000.0
aksesoris-sepatu-wanita,Jakarta Barat,Rp1.628.000,1628000.0
aksesoris-sepatu-wanita,Footease by Watsons Soothing Lavender Insoles 1 Pair,Rp34.650,34650.0
aksesoris-sepatu-wanita,CoolDeSocks Kaos Kaki Original Cats Unisex Quarter Socks Size Small 36-42 Bahan Katun Import Premium Nyaman Tidak Panas,Rp59.000,59000.0
aksesoris-sepatu-wanita,KIPZKAPZ F16 Black Orange - 90cm - Tali Sepatu Pipih / Flat Shoelace 8mm,Rp28.000,28000.0
aksesoris-sepatu-wanita,CoolDeSocks Ladies | Kaos Kaki Wanita Motif - Ice Cream Cone,Rp69.000,69000.0
aksesoris-sepatu-wanita,KIPZKAPZ FS16 Grey - 90cm - Tali Sepatu Pipih / Flat Shoelace 8mm,Rp28.000,28000.0
aksesoris-sepatu-wanita,SUAY Tali Sepatu Gepeng Gemuk (WIDE) Warna Ungu Muda Mild Violet - Panjang 120cm Lebar 12mm,Rp24.000,24000.0
aksesoris-sepatu-wanita,TALI SEPATU ORTUSEIGHT ELASTIC LACE LOCK - BLACK,Rp31.200,31200.0
aksesoris-sepatu-wanita,SUAY Tali Sepatu Gepeng Pipih (FLAT) Warna Kunyit Salted Caramel - Panjang 110cm Lebar 8mm,Rp24.000,24000.0
aksesoris-sepatu-wanita,Ataru Set 6 Pcs Aksesoris Sandal Bear Bunny Shoes Charm Bitz Sendal Bits Sandal Hiasan Sepatu Sendal Lucu,Rp34.400,34400.0
aksesoris-sepatu-wanita,KIPZKAPZ FS36 Pink Flamingo - 90cm 115cm 140cm - Tali Sepatu Pipih / Flat Shoelace 8mm,Rp28.000,28000.0
aksesoris-sepatu-wanita,KIPZKAPZ Group Oval 115cm - Tali Sepatu Oval / Oval Shoelace 6mm,Rp28.000,28000.0
aksesoris-sepatu-wanita,Alat Korektor Jempol Jari Kaki Corrector Bunion Hallux Valgus/Insole Separator Thumb Kain Lembut/Pelindung Jempol Kaki/Sepasang Corrector Bunion Hallux Orthotic Insole,Rp79.900,79900.0
aksesoris-sepatu-wanita,KIPZKAPZ XS26 Black Gold Knit - 115cm 140cm - Tali Sepatu Pipih / Flat Metallic Shoelace 10mm,Rp55.000,55000.0
aksesoris-sepatu-wanita,Precise Valda Sepatu Olahraga Cheerleader - White,Rp465.405,465405.0
aksesoris-sepatu-wanita,Terzien - Kaos Kaki Jempol Motif Panjang Wanita 1 Box Isi 5 - I11,Rp180.000,180000.0
aksesoris-sepatu-wanita,Voted Socks Kaos Kaki Ladies Muse Ankle Katun Cushion Lembut Nyaman Wanita Motif Pendek,Rp83.400,83400.0
aksesoris-sepatu-wanita,"25M/roll karet kursi sofa tali kursi elastis untuk karet ban sofa,belt pria /wanita, selempang tas, untuk tali sepatu gunung, dll",Rp109.000,109000.0
aksesoris-sepatu-wanita,NO DESIGN Kaos Kaki Wanita Basic Korea Premium - Normal Sneakers,Rp41.625,41625.0
aksesoris-sepatu-wanita,KIPZKAPZ X4 Silver - 140cm - Tali Sepatu Pipih / Flat Metallic Shoelace 8mm,Rp55.000,55000.0
aksesoris-sepatu-wanita,Kaos Kaki Lari / Running / Sepeda / Cycling SWIFTWICK MAXUS - ZERO / NO SHOW - TAB MIST,Rp372.000,372000.0
aksesoris-sepatu-wanita,SOX GALERI - Kaos Kaki Wanita Katun Mata Kaki - Ankle Socks,Rp54.900,54900.0
aksesoris-sepatu-wanita,Vinnatsu 1 Pasang Kaos Kaki Foot Care Socks Perawatan Kaki Anti Kaki Pecah Silicone Anti Cracking Moisturizing Silikon Latex Gel Sock,Rp27.762,27762.0
aksesoris-sepatu-wanita,Buttonscarves Lavish Socks - Pink.,Rp225.000,225000.0
aksesoris-sepatu-wanita,【SOFEISTORE】 Kaki depan sepatu hak tinggi sol tebal non-slip penyerapan shock toe pad insole 1 pasang,Rp39.000,39000.0
aksesoris-sepatu-wanita,【SOFEISTORE】Sepatu Hak Tinggi Insole Bantalan Kaki Depan Anti Selip Bantalan Spons Lembut Sol Anak Perempuan,Rp16.900,16900.0
aksesoris-sepatu-wanita,SUAY Tali Sepatu Gepeng Pipih (FLAT) Warna Hijau Kukus Pear Green - Panjang 110cm Lebar 8mm,Rp23.700,23700.0
aksesoris-sepatu-wanita,Kaos Kaki Panjang Bambu Monberry KBB1B Formal Kerja Kantor Sekolah Panjang Pendek Serat Arang Bambu High Quality Bamboo Socks Long Short Anti Bakteri Antibacterial Menyerap Keringat Anti Bau Breathable Dewasa Cewek Cowok Men Women Pria Wanita Katun Nyaman,Rp24.999,24999.0
aksesoris-sepatu-wanita,CoolDeSocks Original | Kaos Kaki Fashion - Smiley Eggs,Rp69.000,69000.0
aksesoris-sepatu-wanita,KIPZKAPZ RIBBON RFS5C Renda Lace Trim Ribbon Cream - 90cm 115cm 140cm - Tali Sepatu Pipih / Flat Shoelace 17mm,Rp35.000,35000.0
aksesoris-sepatu-wanita,SUNAFIX Kaos Kaki Wanita Semata Kaki / Ankle Socks - CS 08,Rp26.900,26900.0
aksesoris-sepatu-wanita,KIPZKAPZ F12 Green Stabilo - 115cm - Tali Sepatu Pipih / Flat Shoelace 8mm,Rp28.000,28000.0
aksesoris-sepatu-wanita,BITCBae 1Pair Tali Sepatu GESPER Praktis Tanpa Ikat Simple Shoelace Simple Lazy Tali Sepatu Elastis Model Kepala Gesper,Rp13.900,13900.0
aksesoris-sepatu-wanita,Vinnatsu 1 Pasang Kaos Kaki Foot Care Socks Perawatan Kaki Anti Kaki Pecah Silicone Anti Cracking Moisturizing Silikon Latex Gel Sock,Rp27.762,27762.0
aksesoris-sepatu-wanita,Buttonscarves Lavish Socks - Pink.,Rp225.000,225000.0
aksesoris-sepatu-wanita,Hush Puppies Wh Setha L Qua Sock Wanita,Rp119.450,119450.0
aksesoris-sepatu-wanita,Hush Puppies Kaos Kaki Flynn L Qua Sock Blue/Dusty Pink,Rp109.500,109500.0
aksesoris-sepatu-wanita,Yang's - Kaos Kaki Pendek Wanita Korea Motif Beruang Coklat Bear Socks Korean Fashion,Rp11.687,11687.0
aksesoris-sepatu-wanita,Kaos Kaki CoolDeSocks Ladies | Colorful Cactus,Rp69.000,69000.0
aksesoris-sepatu-wanita,BITCBae [1Sepasang] tali sepatu elastis tinggi dengan klip logam cocok untuk keperluan olahraga raga,Rp18.900,18900.0
aksesoris-sepatu-wanita,"Penambal Lubang Sepatu Isi 6 Pcs 3 Ukuran – Bahan Flanel Lem Kuat, Praktis Tempel & Tahan Lama Saat Dicuci 【TOPSLINGS】",Rp12.000,12000.0
aksesoris-sepatu-wanita,KIPZKAPZ F4 Navy - 115cm - Tali Sepatu Pipih / Flat Shoelace 8mm,Rp28.000,28000.0
aksesoris-sepatu-wanita,KIPZKAPZ F9 Berry Purple - 115cm - Tali Sepatu Pipih / Flat Shoelace 8mm,Rp28.000,28000.0
aksesoris-sepatu-wanita,Nevada Quarter Plain Kaus Kaki Anak 119857676,Rp29.900,29900.0
aksesoris-sepatu-wanita,Kaos Kaki Panjang Wanita Emga KWG1B Vertical Stripes Wanita Old School Solid Color Polos Women Socks Sekolah Pergi Kantor Kuliah Kaus Kaki Dewasa Remaja Korea Jepang Olahraga Atas Mata Kaki Basic Casual Wanita Cewe,Rp19.899,19899.0
aksesoris-sepatu-wanita,"Rightbbox ID, Kaos Kaki Korea, Bahan Katun, Allsize Dewasa Nyaman Wanita",Rp13.700,13700.0
aksesoris-sepatu-wanita,Terzien - Kaos Kaki Jempol Motif Panjang Wanita - I12,Rp48.500,48500.0
aksesoris-sepatu-wanita,Daiso Insoles -21.5cm to 25.5cm - 8.46in to 10.03in - Mickey Icon-,Rp33.000,33000.0
aksesoris-sepatu-wanita,Daiso Gel Pad -For Toe Point-,Rp33.000,33000.0
aksesoris-sepatu-wanita,NO DESIGN Hidden Socks Transparan Wanita Tipis Adem Anti Slip Korean Style,Rp41.625,41625.0
aksesoris-sepatu-wanita,【SOFEISTORE】Sol Ortotik Untuk Pria Dan Wanita Sol Penyangga Lengkungan Sol Olahraga Gel Ukuran 35-46,Rp59.900,59900.0
aksesoris-sepatu-wanita,【OXY】 Women's Anti-slip Silicone Sock 4055,Rp19.900,19900.0
aksesoris-sepatu-wanita,Kaos Kaki Olahraga Pria Wanita Pendek Paket Isi 7 Emga S02E Semata Kaki Unisex Sock Polos Socks Olahraga Tenis,Rp83.999,83999.0
aksesoris-sepatu-wanita,Eversac Shoe Lace Poly Flat Asahi Garis 8 mm Black,Rp22.000,22000.0
aksesoris-sepatu-wanita,BANGNI Insole Sepatu Penopang Lengkungan Sol Dalam Sepatu Bantalan Insole Sepatu Olahraga Sol Gel Ortopedi Penyangga Kaki Datar Alas Sepatu Arch Support Sol 0057,Rp148.000,148000.0
aksesoris-sepatu-wanita,Sikatun Indonesia,Rp27.500,27500.0
aksesoris-sepatu-wanita,Noir Sur Blanc 1 Pair Socks,Rp90.000,90000.0
aksesoris-sepatu-wanita,Insole Depan Sepatu Heels Monberry MIS06 Ujung Jari Kaki Sol Bantalan Pengganjal Ganjelan Pelindung Busa Spons Heels Flat Shoes Pad Alas Kebesaran Longgar Anti Lecet Slip,Rp14.999,14999.0
aksesoris-sepatu-wanita,KIPZKAPZ FSP51R3 Dusty Pink - Tali Sepatu Pipih / Flat Shoelace 6mm,Rp28.000,28000.0
aksesoris-sepatu-wanita,"Moves Luna - Kaos Kaki Katun Wanita Pastel Pendek Atas Mata kaki, All Size",Rp17.900,17900.0
aksesoris-sepatu-wanita,Kaos Kaki Pendek CoolDeSocks Original | Boobies,Rp49.000,49000.0
aksesoris-sepatu-wanita,KIPZKAPZ RIBBON RFS4 Velvet Beludru - 90cm 115cm 140cm - Tali Sepatu Pipih / Flat Shoelace 15mm,Rp35.000,35000.0
aksesoris-sepatu-wanita,Kaos Kaki Pendek CoolDeSocks Original | Panda Green,Rp49.000,49000.0
aksesoris-sepatu-wanita,KIPZKAPZ Group Flat / Pipih 160cm - Tali Sepatu / Shoelace 8mm,Rp28.000,28000.0
aksesoris-sepatu-wanita,BITCBae 1Pair Tali Sepatu GESPER Praktis Tanpa Ikat Simple Shoelace Simple Lazy Tali Sepatu Elastis Model Kepala Gesper,Rp13.900,13900.0
aksesoris-sepatu-wanita,Yang's - Kaos Kaki Motif Kartun Brown Fashion Pendek Ankle,Rp15.000,15000.0
aksesoris-sepatu-wanita,Kaos Kaki CoolDeSocks Ladies | Tall Giraffe,Rp69.000,69000.0
aksesoris-sepatu-wanita,【SOFEISTORE】Sol Anti Selip Bantalan Busa Sisipan Bantalan Busa Tumit Tinggi Stiker Kaki Depan Bantalan Jari Kaki Frount Perawatan Kaki Sepatu,Rp37.000,37000.0
aksesoris-sepatu-wanita,Kaos Kaki Pendek Casual Wanita - I24,Rp28.000,28000.0
aksesoris-sepatu-wanita,LUMMYSHOP Shoes Charm Aksesoris Sepatu Pita Coquette Ribbon Gantungan Sepatu (DAPAT SEPASANG),Rp110.000,110000.0
aksesoris-sepatu-wanita,"Rightbox ID, Kaos Kaki Pendek Semata Kaki Motif Garis, One Size Dewasa",Rp13.700,13700.0
aksesoris-sepatu-wanita,Daiso Memory Foam Insole Pad -For Toes-,Rp33.000,33000.0
aksesoris-sepatu-wanita,KIPZKAPZ RIBBON RFS3B Polka Dot White Black - 90cm 115cm 140cm - Tali Sepatu Pipih / Flat Shoelace 15mm,Rp35.000,35000.0
aksesoris-sepatu-wanita,SUAY Tali Sepatu Gepeng Pipih (FLAT) Warna Tosca Muda Misty Turquoise - Panjang 110cm Lebar 8mm,Rp24.000,24000.0
aksesoris-sepatu-wanita,2Pasang Bantalan Tumit Tinggi Wanita Bantalan Kaki Spons Tebal,Rp12.900,12900.0
aksesoris-sepatu-wanita,"Moves Vero - Kaos Kaki Katun Motif Garis Kecil Pendek Dibawah Betis, Unisex All Size",Rp18.900,18900.0
aksesoris-sepatu-wanita,KIPZKAPZ RS20 Black Purple - 90cm 115cm 140cm 160cm - Tali Sepatu Bulat / Round Shoelace 4mm,Rp28.000,28000.0
aksesoris-sepatu-wanita,KIPZKAPZ RS57 Sunlight Yellow - 90cm 115cm 140cm 160cm - Tali Sepatu Bulat / Round Shoelace 4mm,Rp28.000,28000.0
aksesoris-sepatu-wanita,SUAY Tali Sepatu Semi Bulat (OVAL) Warna Toska Tua Teal Tosca - Panjang 110cm Lebar 6mm,Rp24.000,24000.0
aksesoris-sepatu-wanita,SUAY Tali Sepatu Semi Bulat (OVAL) Warna Kuning Madu Yellow Mango - Panjang 110cm Lebar 6mm,Rp24.000,24000.0
aksesoris-sepatu-wanita,Missoofficial.id KK1404 Kaos Kaki Semata Kaki Motif Hijau Putih Unisex Kaus Kaki Ankle Dewasa Short Socks,Rp2.806,2806.0
aksesoris-sepatu-wanita,Sol Gel Silikon Pelindung Tumit Insole Sepatu Pria Wanita Alas Sepatu Tumit Anti Lecet Sol Sepatu Untuk Kaki Anti Lecet Bantalan Sepatu High Heels,Rp22.700,22700.0
aksesoris-sepatu-wanita,SIDI 343 ANTISLIP HEEL Black - Anti Slip Heel Pad,Rp100.000,100000.0
aksesoris-sepatu-wanita,Hush Puppies Kaos Kaki Gissela L Qua Sock Gray/Navy,Rp109.500,109500.0
aksesoris-sepatu-wanita,Kaos Kaki Tumit Invisible Wanita Emga Hidden Tidak Terlihat Socks Kaus Kaki Selop Flat Sepatu Hak Tinggi Heels Ballet Pendek Super Low Cut Telapak Anti Slip Lecet Dewasa Women Woman Cewek Female Seamless,Rp24.999,24999.0
aksesoris-sepatu-wanita,KIPZKAPZ Group Tali Sepatu Pipih / Flat Shoelace 6mm,Rp28.000,28000.0
aksesoris-sepatu-wanita,"Rightbox ID, Kaos kaki Pendek Semata Kaki Motif 00525, One Size Dewasa",Rp13.700,13700.0
aksesoris-sepatu-wanita,KIPZKAPZ Group Ribbon RFS5 Renda Lace Trim - 90cm 115cm 140cm - Tali Sepatu Pipih / Flat Shoelace 17mm,Rp35.000,35000.0
aksesoris-sepatu-wanita,KIPZKAPZ FSP51M Lilac Purple - Tali Sepatu Pipih / Flat Shoelace 6mm,Rp28.000,28000.0
aksesoris-sepatu-wanita,KIPZKAPZ F6 Yellow - 90cm - Tali Sepatu Pipih / Flat Shoelace 8mm,Rp28.000,28000.0
aksesoris-sepatu-wanita,CoolDeSocks Ladies | Kaos Kaki Wanita Motif - Orange,Rp69.000,69000.0
aksesoris-sepatu-wanita,CoolDeSocks Original | Kaos Kaki Pendek - Zebra (A),Rp49.000,49000.0
aksesoris-sepatu-wanita,"Rol Tape Kaki Waterproof Tidak Mudah Robek, Patch Sepatu Hak Tinggi",Rp19.900,19900.0
aksesoris-sepatu-wanita,SUAY Tali Sepatu Gepeng Pipih (FLAT) Warna Hitam Black Ink - Panjang 110cm Lebar 8mm,Rp24.000,24000.0
aksesoris-sepatu-wanita,"Moves Solace - Kaos Kaki Wanita Katun Polos Pendek Mata Kaki Ankle Socks, All Size",Rp17.900,17900.0
aksesoris-sepatu-wanita,Shoe Lace Gino Mariani Tali Sepatu Flat Coklat,Rp99.000,99000.0
aksesoris-sepatu-wanita,SUNAFIX Kaos Kaki Wanita Semata Kaki / Ankle Socks - CS 08,Rp26.900,26900.0
aksesoris-sepatu-wanita,KIPZKAPZ XS67 Floral Flower - 115cm - Tali Sepatu Pipih / Flat Printed Shoelace 10mm,Rp55.000,55000.0
aksesoris-sepatu-wanita,CoolDeSocks Original | Kaos Kaki Pendek - Zebra (A),Rp49.000,49000.0
aksesoris-sepatu-wanita,Naturel Bae Pelindung Tumit Kaki Gel Silikon Gel Protector Alas Tumit Anti Lecet,Rp10.000,10000.0
aksesoris-sepatu-wanita,KIPZKAPZ Group Ribbon RFS5 Renda Lace Trim - 90cm 115cm 140cm - Tali Sepatu Pipih / Flat Shoelace 17mm,Rp35.000,35000.0
aksesoris-sepatu-wanita,KIPZKAPZ F6 Yellow - 90cm - Tali Sepatu Pipih / Flat Shoelace 8mm,Rp28.000,28000.0
aksesoris-sepatu-wanita,【SOFEISTORE】Anak-anak Insole Sepatu Pola Kartun Insole Sepatu Elastis Lateks Bantalan Sepatu Untuk Anak-anak Ukuran 26-36,Rp25.900,25900.0
aksesoris-sepatu-wanita,Terzien - Kaos Kaki Motif Seri Flag Mata Kaki Wanita - C06,Rp30.000,30000.0
aksesoris-sepatu-wanita,NO DESIGN Kaos Kaki Wanita 3 Warna Pastel Korea Premium - Aria,Rp41.625,41625.0
aksesoris-sepatu-wanita,Daiso Insole 13.0cm-17.0cm HELLO KITTY,Rp33.000,33000.0
aksesoris-sepatu-wanita,Daiso Travel Insoles -22cm to 25cm - 8.7in to 9.8in-,Rp33.000,33000.0
aksesoris-sepatu-wanita,Daiso Insoles -17cm to 21cm - 6.69in to 8.26in - Mickey Mouse-,Rp33.000,33000.0
aksesoris-sepatu-wanita,Daiso Reflective Shoestring -120cm - White - Black-,Rp33.000,33000.0
aksesoris-sepatu-wanita,COD Paket Combo Special Ramadhan Fantastis P32 Beli 5Set GRATIS 5Pasang Kaos Kaki Dewasa Pendek untuk Wanita dan Pria Motif Beruang,Rp25.932,25932.0
aksesoris-sepatu-wanita,Hush Puppies Kaos Kaki Eloise L Crew Sock Pink/Blue/White,Rp109.500,109500.0
aksesoris-sepatu-wanita,SOX GALERI - Woman Socks Nylon - Kaos Kaki Wanita Nilon Tipis - Candy Socks,Rp39.900,39900.0
aksesoris-sepatu-wanita,CoolDeSocks Original | Kaos Kaki Pendek - Burger Fries Colorful,Rp49.000,49000.0
aksesoris-sepatu-wanita,CoolDeSocks Ladies | Kaos Kaki Wanita Motif - Happy,Rp69.000,69000.0
aksesoris-sepatu-wanita,SUAY Tali Sepatu Semi Bulat (OVAL) Warna Merah Permen Red Candy - Panjang 110cm Lebar 6mm,Rp24.000,24000.0
aksesoris-sepatu-wanita,Kaos Kaki Wanita Fashion Motif Strawberry Bunga Pendek Katun Semata,Rp9.000,9000.0
aksesoris-sepatu-wanita,Adorableprojects - Rumi Long Socks Fuchsia - Kaos Kaki,Rp25.500,25500.0
aksesoris-sepatu-wanita,NO DESIGN Kaos Kaki Wanita Transparan Motif Bunga Korea Premium - Flower Pattern,Rp55.500,55500.0
aksesoris-sepatu-wanita,Kaos Kaki Lari / Running / Sepeda / Cycling SWIFTWICK MAXUS - ZERO / NO SHOW - TAB OLIVE,Rp372.000,372000.0
aksesoris-sepatu-wanita,"Moves Solace - Kaos Kaki Wanita Katun Polos Pendek Mata Kaki Ankle Socks, All Size",Rp17.900,17900.0
aksesoris-sepatu-wanita,KIPZKAPZ SHOE CHARM - SCF2 - BROWN FLUFFY MONSTER,Rp40.000,40000.0
aksesoris-sepatu-wanita,KIPZKAPZ F10 Chinese Red - 115cm - Tali Sepatu Pipih / Flat Shoelace 8mm,Rp28.000,28000.0
aksesoris-sepatu-wanita,KIPZKAPZ RIBBON RFS3A Polka Dot Black White - 90cm 115cm 140cm - Tali Sepatu Pipih / Flat Shoelace 15mm,Rp35.000,35000.0
aksesoris-sepatu-wanita,SOX GALERI - Kaos Kaki Wanita Sport Arcylic - Kaos Kaki Handuk Tebal - Terry Socks,Rp49.900,49900.0
aksesoris-sepatu-wanita,Nevada Plain Ankle Kaos Kaki Wanita 116079601,Rp25.900,25900.0
aksesoris-sepatu-wanita,CoolDeSocks Ladies | Kaos Kaki Wanita Motif - Snap,Rp69.000,69000.0
aksesoris-sepatu-wanita,KIPZKAPZ Group Flat / Pipih 200cm - Tali Sepatu / Shoelace 8mm,Rp30.000,30000.0
aksesoris-sepatu-wanita,CoolDeSocks Ladies | Kaos Kaki Wanita Motif - Sweet,Rp69.000,69000.0
aksesoris-sepatu-wanita,Terzien - Kaos Kaki Jempol Motif Panjang Wanita - I18,Rp48.500,48500.0
aksesoris-sepatu-wanita,"Rightbox ID, Kaos Kaki Wanita, Pendek Diatas Mata kaki, Ukuran dewasa",Rp14.920,14920.0
aksesoris-sepatu-wanita,Daiso Insole -Double Raschel - 21.5cm to 24.5cm - 8.5in to 9.6in-,Rp33.000,33000.0
aksesoris-sepatu-wanita,Daiso Insole -For Business - 25.5cm to 26cm -,Rp33.000,33000.0
aksesoris-sepatu-wanita,Hush Puppies Kaos Kaki Wanita ELOISE L Crew Sock Pink/Blue/White,Rp109.500,109500.0
aksesoris-sepatu-wanita,SOCK STATION Mix and Match Rainbow - Woman Casual Medium Sock Fashion - Kaos Kaki Wanita Panjang,Rp29.900,29900.0
aksesoris-sepatu-wanita,Kaos Kaki Lari / Running / Sepeda / Cycling SWIFTWICK MAXUS - ONE / ANKLE - BLACK,Rp396.000,396000.0
aksesoris-sepatu-wanita,Flat Shoes Insole Heels Sepatu Tshaped Monberry MIS05 Anti Lecet Kebesaran Bantalan Pelindung Alas Kaki Sepatu Depan Tumit Sol Dalam High Heels Pad Pelindung Busa Sponge 2pcs Sepasang Pria Wanita,Rp14.999,14999.0
aksesoris-sepatu-wanita,KIPZKAPZ XS58 Elastic Round Brown - 90cm 115cm 140cm 160cm - Tali Sepatu Bulat / Round Elastic Shoelace 3mm,Rp55.000,55000.0
aksesoris-sepatu-wanita,[Hadiah] Kaos Kaki Stripe Hitam Putih Unisex Trendy untuk Pria & Wanita,Rp999.999,999999.0
aksesoris-sepatu-wanita,NO DESIGN Kaos Kaki Wanita Invisible Hidden Sock Korea Premium,Rp41.625,41625.0
aksesoris-sepatu-wanita,Insole Sepatu Heels Bentuk T shaped Emga IT03 Anti Lecet Kebesaran Bantalan Pelindung Alas Kaki Sepatu Depan Tumit Sol Dalam High Heels Pad Pelindung Busa Sponge 2pcs Sepasang Pria Wanita,Rp14.499,14499.0
aksesoris-sepatu-wanita,"ECOISM Kaos Kaki Tebal Terry Unisex – Hangat, Empuk & Nyaman Seharian",Rp25.000,25000.0
aksesoris-sepatu-wanita,"Rightbox ID, Paket 3 Pasang Kaos Kaki Korea, Bahan Katun, Allsize Dewasa",Rp39.600,39600.0
aksesoris-sepatu-wanita,KIPZKAPZ O2 White - 115cm - Tali Sepatu Oval / Oval Shoelace 6mm,Rp28.000,28000.0
aksesoris-sepatu-wanita,KIPZKAPZ Group Ribbon RFS1 - Tali Sepatu Pipih / Flat Shoelace 13mm,Rp35.000,35000.0
aksesoris-sepatu-wanita,BANGNI Insole Bantalan Tumit/Sol Pelindung Tumit/Insole Sepatu Kebesaran/Sol Anti Lecet/Ganjalan Sepatu Kebesaran Untuk Sepatu Wanita dan Pria SOL-5077,Rp22.900,22900.0
aksesoris-sepatu-wanita,Wearing Klamby - Elaya Sock,Rp85.500,85500.0
aksesoris-sepatu-wanita,BANGNI Insole Bantalan Tumit Isi 2 Pcs Insole Sepatu Kebesaran/Insole Sepatu Kelonggaran/Insole Sepatu Pelindung Tumit/Insole Bantalan Tumit/Ganjalan Sepatu Kebesaran/Sol Anti Lecet/Sol Anti Gesekan/INsole Pengganjal Sepatu Sol-1100B,Rp26.900,26900.0
aksesoris-sepatu-wanita,"Rightbox.id Kaos Kaki Tebal, Extra Serat Handuk, Pendek Semata Kaki, Size Dewasa",Rp19.200,19200.0
aksesoris-sepatu-wanita,SPENCO Total Support Max Insole Orthotic Flat Feet untuk Kaki Datar dengan Arch Support,Rp749.000,749000.0
aksesoris-sepatu-wanita,MINISO Kaus Kaki 6 Pasang Women and Men Ankle Socks Olahraga Nyaman Katun Murni Antibakteri Wanita Pria Pendek Motif,Rp36.900,36900.0
aksesoris-sepatu-wanita,【SOFEISTORE】Serat Karbon Insole Penyangga Lengkungan Sol Poron Bantalan Tumit Melindungi Kaki Olahraga Sisipan ukuran 35-48,Rp259.000,259000.0
aksesoris-sepatu-wanita,"Kaos Kaki Korea Pendek Semata Kaki, Bahan Katun, Allsize Dewasa",Rp13.700,13700.0
aksesoris-sepatu-wanita,KIPZKAPZ XS64A Elastic Flat White With Mettalic Gold - Tali Sepatu Flat / Flat Elastic Shoelace 7mm,Rp55.000,55000.0
aksesoris-sepatu-wanita,Dr. Xie Pelindung Tumit Kaki Gel / Silikon Heel Pad / Silicone Protector Alas Tumit Anti Lecet Pecah,Rp14.200,14200.0
aksesoris-sepatu-wanita,Insole Sepatu Pereda Sakit Kaki Bahan Lembut dan Nyaman ukuran 35-46,Rp28.900,28900.0
aksesoris-sepatu-wanita,SUAY Tali Sepatu Semi Bulat (OVAL) Warna Kuning Tawon Yellow Bumblebee - Panjang 110cm Lebar 6mm,Rp24.000,24000.0
aksesoris-sepatu-wanita,PANENKA - Tali Sepatu Futsal Sepak Bola Running Dan Sneakers Shoe,Rp10.000,10000.0
aksesoris-sepatu-wanita,[BISA COD] Tali Sepatu Tanpa Ikat Praktis Shoe Laces Aksesoris Sepatu Elastis Capslock System Unisex,Rp16.195,16195.0
aksesoris-sepatu-wanita,HEEL CUP Gel Support Insole 2Pcs / Alas sepatu insoles GEL Heels Cushion bantalan Silikon Tumit Kaki / Alas tumit kaki Pad plantar Fasciitis NIHONMART,Rp29.000,29000.0
aksesoris-sepatu-wanita,Owngrace-Kaos Kaki Wanita Bahan Ice Silk Kaos Kaki Olahraga Warna Polos Desain Jaring Bahan katun anti bau Gym Sport Outdoor,Rp15.500,15500.0
aksesoris-sepatu-wanita,FANETTE HARBEN FEYRINS Kaos Kaki Wanita Anak Lucu Cute Katun Lembut Halus Katun Panjang Motif,Rp45.000,45000.0
aksesoris-sepatu-wanita,Shoe Lace Gino Mariani Tali Sepatu Flat Coklat,Rp99.000,99000.0
aksesoris-sepatu-wanita,【SOFEISTORE】Sol Sepatu Anak-anak Mengurangi Ukuran Sepatu Anti Selip Tambalan Tumit Sol Busa Yang Menebal,Rp18.900,18900.0
aksesoris-sepatu-wanita,【SOFEISTORE】Plain Gel Pad/Insole/Sisipan Sepatu Penambah Tinggi Badan Pelindung Kaki Bahan Silicone Untuk Pria dan Wanita Tinggi 1/2/3cm,Rp33.900,33900.0
aksesoris-sepatu-wanita,"Rightbox, Kaos Kaki Jempol Pendek Semata Kaki, Polos, Size Dewasa",Rp13.700,13700.0
aksesoris-sepatu-wanita,"Rightbox ID, Kaos Kaki Pendek, Polos Warna Warni, Tebal Menyerap Keringat",Rp12.725,12725.0
aksesoris-sepatu-wanita,Kipzkapz Shoe Insert - Small Size (S),Rp15.000,15000.0
aksesoris-sepatu-wanita,KIPZKAPZ F7 Pink - 90cm - Tali Sepatu Pipih / Flat Shoelace 8mm,Rp28.000,28000.0
aksesoris-sepatu-wanita,E4068 Kaos kaki Pria Wanita Anak Leg Sleeve Manset Kaki,Rp7.350,7350.0
aksesoris-sepatu-wanita,Women's Flare Kniited Leg Warmers Boot Cuffs Socks 8054,Rp99.000,99000.0
aksesoris-sepatu-wanita,BANGNI Bantalan Sol Depan Pria dan Wanita Bantalan Insole Kaki Depan Bantalan Insole Sepatu Kebesaran Bantalan Alas Kaki Depan Insole Anti Selip Insole Anti Kebesaran Bantalan Busa Empuk Alas Kaki Depan Sol-5067,Rp23.900,23900.0
aksesoris-sepatu-wanita,EIGER STRIPLAND WOMEN LOW SOCKS,Rp99.000,99000.0
aksesoris-sepatu-wanita,【SOFEISTORE】Sol Penyangga Lengkungan Sol Sepatu Kaki Datar Sol Sepatu Kaki Datar X / O Bantalan Sepatu Koreksi Kaki Ukuran 35-46,Rp57.900,57900.0
aksesoris-sepatu-wanita,MINISO Kaos Kaki 6 Pasang Women and Men Ankle Socks Olahraga Nyaman Antibakteri Wanita Pria,Rp47.400,47400.0
aksesoris-sepatu-wanita,"Rightbox ID, Kaos kaki pendek semata kaki warna krem, allsize dewasa",Rp12.725,12725.0
aksesoris-sepatu-wanita,KIPZKAPZ RS10 Brown Greyish - 90cm 115cm 140cm 160cm - Tali Sepatu Bulat / Round Shoelace 4mm,Rp28.000,28000.0
aksesoris-sepatu-wanita,SUAY Tali Sepatu Semi Bulat (OVAL) Warna Coklat Chocolate - Panjang 110cm Lebar 6mm,Rp24.000,24000.0
aksesoris-sepatu-wanita,Kaos Kaki CoolDeSocks Original | Two Faces Cubism,Rp59.000,59000.0
aksesoris-sepatu-wanita,KIPZKAPZ R8 Grey Green - 160cm - Tali Sepatu Bulat / Round Shoelace 4mm,Rp28.000,28000.0
aksesoris-sepatu-wanita,Spons Tebal Insole Anti Slip Sisipan Sepatu Penyerap Goncangan Pad,Rp23.900,23900.0
aksesoris-sepatu-wanita,KIPZKAPZ Group Elastic Elastis Karet - Tali Sepatu Bulat / Round 3mm,Rp55.000,55000.0
aksesoris-sepatu-wanita,【SOFEISTORE】Sol Lengkungan Penyangga Lengkungan Insole Ortotik Bantalan Sepatu Olahraga Bantalan Sepatu Sepak Bola Ukuran 35-45,Rp87.000,87000.0
aksesoris-sepatu-wanita,CoolDeSocks Ladies | Kaos Kaki Wanita Motif - Cockatoos,Rp69.000,69000.0
aksesoris-sepatu-wanita,【SOFEISTORE】Bantalan Kaki Depan Kaki Silikon Gel Gel Elastis Bernapas Pelindung Tari Balet Meliputi,Rp25.900,25900.0
aksesoris-sepatu-wanita,"Rightbox ID, Kaos Kaki Wanita, Panjang Sebetis, Tersedia Warna Polos, All Size Dewasa",Rp19.728,19728.0
aksesoris-sepatu-wanita,SUAY Tali Sepatu Gepeng Pipih (FLAT) Warna Biru Muda Baby Blue - Panjang 110cm Lebar 8mm,Rp23.700,23700.0
aksesoris-sepatu-wanita,SUAY TALI SEPATU Gepeng Gemuk (WIDE) Warna Sneaker Casual - Panjang 120cm Lebar 12mm,Rp24.000,24000.0
aksesoris-sepatu-wanita,BANGNI Insole Sepatu /Insole Sepatu Bahan Busa Empuk dan Tebal/Alas Kaki Sepatu Elastis Tinggi/Sol Dalam Sepatu Dengan Bantalan Empuk Sol-1122,Rp27.900,27900.0
aksesoris-sepatu-wanita,Insole Sepatu Sneakers Olahraga Monberry MIS01 Bantalan Ganjalan Tumit Sneaker Anti Lecet Kebesaran Pelindung Sneakers Sport Flat Shoes Heels Perawatan Sol,Rp14.999,14999.0
aksesoris-sepatu-wanita,SIDI 50 Replaceable Heel Red - Pad Anti Slip,Rp100.000,100000.0
aksesoris-sepatu-wanita,【SOFEISTORE】 Heel Cup/Heel Pad/Bantalan Insert Insole Sisipan Sepatu Untuk Terapi Kesehatan Kaki Sakit Plantar Fasciitis,Rp32.900,32900.0
aksesoris-sepatu-wanita,【SOFEISTORE】Orthopedic Heel Pad Arch Support Pad Plantar Fasciitis Insole Half Insole 1 pasang,Rp52.900,52900.0
aksesoris-sepatu-wanita,"Rightbox.id, Kaos Kaki Pendek Semata Kaki, Motif Korea, Ukuran Dewasa",Rp13.700,13700.0
aksesoris-sepatu-wanita,KIPZKAPZ Group Shoe Charm,Rp20.000,20000.0
aksesoris-sepatu-wanita,KIPZKAPZ F4 Navy - 140cm - Tali Sepatu Pipih / Flat Shoelace 8mm,Rp28.000,28000.0
aksesoris-sepatu-wanita,Kaos Kaki Pendek Transparan Wanita Kaus Kaki Pendek,Rp9.999,9999.0
aksesoris-sepatu-wanita,WiZi Sepatu Yoga/Poundfit Sepatu/Sepatu Pantai /Sepatu Gowes/ Anti Licin / Bahan Karet Melindungi kaki Olahraga Gym Outdoor AO22,Rp56.000,56000.0
aksesoris-sepatu-wanita,Kaos Kaki Wanita Invisible ZenBlossom Red Heart ZS103,Rp16.500,16500.0
aksesoris-sepatu-wanita,【SOFEISTORE】Sol Ortopedi Sol Gel Pereda Nyeri Sol Kesehatan Sol Olahraga Lari Ukuran 35-48,Rp67.900,67900.0
aksesoris-sepatu-wanita,【SOFEISTORE】Insole Musim Semi Dukungan Lengkungan Penyangga Guncangan Sol Olahraga Penyerap Guncangan Sol Sepatu Bola Basket Silikon Ukuran 35-46,Rp98.900,98900.0
aksesoris-sepatu-wanita,Insole Sepatu Bantalan Tumit Pelindung Pergelangan Kaki,Rp20.000,20000.0
aksesoris-sepatu-wanita,"Rightbox ID, Kaos kaki Olahraga Pendek, Motif Oldschool Garis, One Size Dewasa",Rp14.920,14920.0
aksesoris-sepatu-wanita,KIPZKAPZ XS59 Elastic Round White - 90cm 115cm 140cm 160cm - Tali Sepatu Bulat / Round Elastic Shoelace 3mm,Rp55.000,55000.0
aksesoris-sepatu-wanita,Polini - 1Pcs Kaos Kaki Ankle Pendek Wanita Motif Animal Lucu Kaos Kaki Pendek Semata SC022,Rp6.999,6999.0
aksesoris-sepatu-wanita,Tali Sepatu Bulat Hitam - Panjang 120 cm,Rp8.000,8000.0
aksesoris-sepatu-wanita,Minowear Kaos Kaki Katun Lembut Korean Japanese Cute Socks Nyaman Wanita Pendek Motif Bunga Dewasa Panjang Cewek Semata,Rp15.000,15000.0
aksesoris-sepatu-wanita,SUAY Tali Sepatu Gepeng Pipih (FLAT) Warna Merah Marun Red Maroon - Panjang 110cm Lebar 8mm,Rp24.000,24000.0
aksesoris-sepatu-wanita,SUAY Tali Sepatu Gepeng Pipih (FLAT) Warna Kuning Madu Yellow Mango - Panjang 110cm Lebar 8mm,Rp24.000,24000.0
aksesoris-sepatu-wanita,Tali Sepatu Pipih Gerigi Original Olahraga Sepak Bola Futsal Running Badminton Volly Padel (1 pasang),Rp19.500,19500.0
aksesoris-sepatu-wanita,【SOFEISTORE】 Insole Penyangga Lengkungan Gel Sol Sepatu Kaki Datar Sol Ortopedi Penyerap Guncangan Ukuran 35-46,Rp73.900,73900.0
aksesoris-sepatu-wanita,【SOFEISTORE】Insole Penyangga Lengkungan Insole Orthotic Sepatu Olahraga Insole Bantalan Tumit Kaki Ortopedi ukuran 35-46,Rp57.900,57900.0
aksesoris-sepatu-wanita,【SOFEISTORE】Bantalan Penyangga Lengkungan Insole Bantalan Udara Penyerap Guncangan Sol Sepatu Bantalan Sepatu Gel Lembut Ukuran 35-46,Rp73.900,73900.0
aksesoris-sepatu-wanita,WiZi Stocking Kaos kaki Wanita Garis Socks AO14,Rp31.000,31000.0
aksesoris-sepatu-wanita,KIPZKAPZ F2 White - 90cm - Tali Sepatu Pipih / Flat Shoelace 8mm,Rp28.000,28000.0
aksesoris-sepatu-wanita,KIPZKAPZ F14 Orange Yellow - 140cm - Tali Sepatu Pipih / Flat Shoelace 8mm,Rp28.000,28000.0
aksesoris-sepatu-wanita,DAZZLEDOCS Tali Sepatu Boots Bulat 8 Eye Hole 140cm untuk Model Sepatu 8 Lubang Stylish dan Fleksibel - Shoe,Rp13.900,13900.0
aksesoris-sepatu-wanita,Minowear Kaos Kaki Katun Lembut Korean Japanese Cute Socks Nyaman Wanita Pendek Ankle Motif Bunga Dewasa Cewek,Rp15.000,15000.0
aksesoris-sepatu-wanita,"Rightbox ID, Kaos Kaki Wanita Motif Sporty, Pendek Dibawah Betis, Size Dewasa",Rp14.920,14920.0
aksesoris-sepatu-wanita,BANGNI Kaos Kaki Panjang Polos Pria Kaos Kaki Pria Olahraga Kaos Kaki Antibacterial dan Anti Bau Kaos Kaki Dewasa Sock Alas Sepatu Lembut Nyaman All Size E1011,Rp34.900,34900.0
aksesoris-sepatu-wanita,KIPZKAPZ FS68 Beige Braid - 90cm 115cm 140cm - Tali Sepatu Pipih / Flat Shoelace 8mm,Rp28.000,28000.0
aksesoris-sepatu-wanita,"Rightbox ID, Kaos Kaki Pria dan Wanita Polos, Pendek Semata Kaki, One Size Dewasa",Rp18.200,18200.0
aksesoris-sepatu-wanita,Kaos Kaki Wanita Low Ankle Invisible Transparan ZenBlossom Lace ZS081,Rp16.500,16500.0
aksesoris-sepatu-wanita,"Kaos Kaki Pendek Wanita, Korean Style, Size Dewasa",Rp13.700,13700.0
aksesoris-sepatu-wanita,HEEL CUP Gel Support Insole 2Pcs / Alas sepatu insoles GEL Heels Cushion bantalan Silikon Tumit Kaki / Alas tumit kaki Pad plantar Fasciitis NIHONMART,Rp29.000,29000.0
aksesoris-sepatu-wanita,Owngrace-Kaos Kaki Wanita Bahan Ice Silk Kaos Kaki Olahraga Warna Polos Desain Jaring Bahan katun anti bau Gym Sport Outdoor,Rp15.500,15500.0
aksesoris-sepatu-wanita,FANETTE HARBEN FEYRINS Kaos Kaki Wanita Anak Lucu Cute Katun Lembut Halus Katun Panjang Motif,Rp45.000,45000.0
aksesoris-sepatu-wanita,Shoe Lace Gino Mariani Tali Sepatu Flat Coklat,Rp99.000,99000.0
aksesoris-sepatu-wanita,【SOFEISTORE】Sol Sepatu Anak-anak Mengurangi Ukuran Sepatu Anti Selip Tambalan Tumit Sol Busa Yang Menebal,Rp18.900,18900.0
aksesoris-sepatu-wanita,Kaos Kaki Wanita Low Ankle Invisible ZenBlossom Stroberi ZS44,Rp16.500,16500.0
aksesoris-sepatu-wanita,"Kaos Kaki Pendek Wanita, Korean Style, Size Dewasa",Rp13.700,13700.0
aksesoris-sepatu-wanita,SUAY TALI SEPATU Semi Bulat (OVAL) Warna Sekolah Sneaker Sport Casual - Panjang 110cm Lebar 6mm,Rp23.700,23700.0
aksesoris-sepatu-wanita,【SOFEISTORE】Wanita Pijat Sepatu Hak Tinggi Insole Nyaman Pereda Nyeri Bantalan Udara Shock Absorbing Pad 1 Pasang,Rp27.900,27900.0
aksesoris-sepatu-wanita,Recovery Sandals Comfortable Plantar Fasciitis Support Women's and Men's Orthopedic Open Toe Massage Slippers Breathable Bathroom Pool Non-Slip Slippers Shoes,Rp459.000,459000.0
aksesoris-sepatu-wanita,KIPZKAPZ X4 Silver - 115cm 140cm - Tali Sepatu Pipih / Flat Metallic Shoelace 8mm,Rp55.000,55000.0
aksesoris-sepatu-wanita,KIPZKAPZ R6 Brown Beige - 160cm - Tali Sepatu Bulat / Round Shoelace 4mm,Rp28.000,28000.0
aksesoris-sepatu-wanita,SUAY Tali Sepatu Gepeng Pipih (FLAT) Warna Coklat Tua Dark Brown - Panjang 110cm Lebar 8mm,Rp24.000,24000.0
aksesoris-sepatu-wanita,Terzien - Kaos Kaki Motif Seri Flag Mata Kaki Wanita - C05,Rp30.000,30000.0
aksesoris-sepatu-wanita,Minowear Kaos Kaki Katun Lembut Korean Japanese Cute Socks Nyaman Wanita Pendek Ankle Motif Dewasa Panjang Bunga Garis Cewek,Rp15.000,15000.0
aksesoris-sepatu-wanita,Emga Insole Sepatu IS01 Bantalan Tumit Pelindung Tumit Anti Lecet,Rp14.499,14499.0
aksesoris-sepatu-wanita,CoolDeSocks Ladies | Kaos Kaki Wanita Motif - Bloom,Rp69.000,69000.0
aksesoris-sepatu-wanita,ELIRA Tali Sepatu Bintik Pipih,Rp19.000,19000.0
aksesoris-sepatu-wanita,【SOFEISTORE】Insole Olahraga Ortotik Menyisipkan Bantalan Sepatu Bantalan Lengkungan Kaki Ortopedi Penopang Tumit Perawatan Kaki Ukuran 35-46,Rp42.900,42900.0
aksesoris-sepatu-wanita,BANGNI Insole Penambah Tinggi Insole Antibakteri Insole Anti Bau Insole Peninggi Badan Sol Sepatu Empuk Sol Pria Sol Wanita Bantalan Sepatu Sol 008B Alas Anti Licin Sepatu Wanita Insole Sol Sepatu Insole Sepatu Olahraga Pria dan Wanita Anti Bakterial,Rp45.900,45900.0
aksesoris-sepatu-wanita,KIPZKAPZ F2 White - 115cm - Tali Sepatu Pipih / Flat Shoelace 8mm,Rp28.000,28000.0
aksesoris-sepatu-wanita,"【SOFEISTORE】 Cushion Pad Kaki Pria dan Wanita, Insole Sisipan Sepatu Orthotic untuk Perawatan Kesehatan Kaki Elbow Varus Ukuran 35-46",Rp39.900,39900.0
aksesoris-sepatu-wanita,KIPZKAPZ FS16 Grey - 90cm - Tali Sepatu Pipih / Flat Shoelace 8mm,Rp28.000,28000.0
aksesoris-sepatu-wanita,BENANG SOL MURAH KILOAN/ BENANG GUJER/ TUKANG SOL SEPATU Coklat Hitam,Rp79.000,79000.0
aksesoris-sepatu-wanita,ELIRA Tali Sepatu Polos Pipih,Rp12.000,12000.0
aksesoris-sepatu-wanita,KIPZKAPZ F4 Navy - 90cm - Tali Sepatu Pipih / Flat Shoelace 8mm,Rp28.000,28000.0
aksesoris-sepatu-wanita,KipzKapz RSP4A Pink Salmon Stripes - Tali Sepatu Bulat / Round 4mm,Rp28.000,28000.0
aksesoris-sepatu-wanita,SUAY TALI SEPATU Gepeng Pipih (FLAT) Warna Sekolah Sneaker Sport Casual - Panjang 110cm Lebar 8mm,Rp23.700,23700.0
aksesoris-sepatu-wanita,KIPZKAPZ FS69 Taupe Brown - 90cm 115cm 140cm 160cm - Tali Sepatu Pipih / Flat Shoelace 8mm,Rp28.000,28000.0
aksesoris-sepatu-wanita,【SOFEISTORE】Sepatu EVA Spring Silikon Gel Sepatu Sol kaki Datar Sol Ortotik Dukungan Lengkungan Sisipan Perawatan Kaki Ukuran 35-46,Rp92.900,92900.0
aksesoris-sepatu-wanita,SOX GALERI Kaos Kaki Wanita Nylon Lembut dan Halus,Rp39.900,39900.0
aksesoris-sepatu-wanita,"ThreeBesties Charms Aksesoris Sepatu Lubang Hiasan Sandal Lucu Motif XH046 Shoe Warna Bahan PVC Ukuran 2,5-3 cm Dekorasi Unik dan Lucu",Rp3.880,3880.0
aksesoris-sepatu-wanita,"Kaos Kaki Pendek Semata Kaki, Motif Garis, One Size Dewasa",Rp13.700,13700.0
aksesoris-sepatu-wanita,KIPZKAPZ F1 Black - 115cm - Tali Sepatu Pipih / Flat Shoelace 8mm,Rp28.000,28000.0
aksesoris-sepatu-wanita,【SOFEISTORE】Bantalan Kaki Depan Sepatu Hak Tinggi Insole Sepatu Pelindung Jari Kaki Anti Selip,Rp18.900,18900.0
aksesoris-sepatu-wanita,Kaos Kaki Rajut Wanita Twist Panjang Emga KCK1B Lolita Knitted Embos Polos Kaus Kaki Gaya Japanee Korean Solid Color Socks Motif Embos Renda Lace Stoking Setengah Bestis Bubble Knitted Rajut 3D Style Women Female Cewe Dewasa,Rp19.899,19899.0
aksesoris-sepatu-wanita,Missoofficial.id KK1219 Kaos Kaki Semata Kaki Lucu Wanita Motif Kucing Spandex Panjang Pendek Ankle Garis Bunga Hitam,Rp2.901,2901.0
aksesoris-sepatu-wanita,Minowear Kaos Kaki Katun Lembut Korean Japanese Cute Socks Nyaman Wanita Pendek Ankle Motif Dewasa Cewek Garis Panjang Semata,Rp15.000,15000.0
aksesoris-sepatu-wanita,【SOFEISTORE】 Sol Penyangga Lengkungan Korektif Pria Dan Wanita Sol Silikon Sol Olahraga Penyerap Guncangan Ukuran34-45,Rp52.900,52900.0
aksesoris-sepatu-wanita,Sox Galeri Diabetic Socks/Kaos Kaki Diabetes/Kaos Kaki Wanita dan Pria,Rp109.900,109900.0
aksesoris-sepatu-wanita,BOSTANTEN Kaos Kaki Polos Basic Premium Hitam Putih Pria & Wanita,Rp29.999,29999.0
aksesoris-sepatu-wanita,"ECOISM Kaos Kaki Katun Antibakteri Wanita & Pria – Lembut, Nyaman, dan Tidak Bau Dewasa Remaja Pelajar Pendek",Rp15.500,15500.0
aksesoris-sepatu-wanita,KIPZKAPZ F6 Yellow - 115cm - Tali Sepatu Pipih / Flat Shoelace 8mm,Rp28.000,28000.0
aksesoris-sepatu-wanita,Kaos Kaki Wanita Low Ankle ZenBlossom ZS006 Lembut Nyaman,Rp16.500,16500.0
aksesoris-sepatu-wanita,Nukus Tali Sepatu Bulat Putih - 120 cm,Rp8.000,8000.0
aksesoris-sepatu-wanita,KIPZKAPZ X2 White Gold - 115cm 140cm - Tali Sepatu Bulat / Round Metallic Shoelace 4mm,Rp55.000,55000.0
aksesoris-sepatu-wanita,KIPZKAPZ XS38 Elastic Flat Light Grey - 90cm 115cm 140cm -Tali Sepatu Pipih / Flat Elastic Shoelace 7mm,Rp55.000,55000.0
aksesoris-sepatu-wanita,HILACES BASIC tali sepatu silikon tali sepatu karet lazy shoelace 8PCS,Rp22.000,22000.0
aksesoris-sepatu-wanita,WiZi Sepatu Yoga/Poundfit Sepatu/Sepatu Pantai /Sepatu Gowes/ Anti Licin / Bahan Karet Melindungi kaki Olahraga Gym AO22,Rp56.000,56000.0
aksesoris-sepatu-wanita,BANGNI Insole Sepatu Kebesaran Insole Anti Lecet/Insole Pelindung Tumit/Bantalan Tumit/Ganjalan Sepatu Untuk Sepatu Wanita dan Sepatu Pria SOL-1100,Rp23.900,23900.0
aksesoris-sepatu-wanita,KIPZKAPZ Group Oval 90cm - Tali Sepatu Oval / Oval Shoelace 6mm,Rp28.000,28000.0
aksesoris-sepatu-wanita,WiZi Kaos Kaki Yoga Olahraga Yoga anti licin/Kaos Kaki Yoga Olahraga Lembut Wanita AO11,Rp43.000,43000.0
aksesoris-sepatu-wanita,Insole Depan Sepatu Lancip Emga IS04B Ujung Jari Kaki Sol Bantalan Pengganjal Ganjelan Pelindung Busa Spons Heels Flat Shoes Pad Alas Kebesaran Longgar Anti Lecet Slip,Rp14.499,14499.0
aksesoris-sepatu-wanita,Nathalie Women's No Show Socks NTKK 3531,Rp39.900,39900.0
aksesoris-sepatu-wanita,Terzien - Kaos Kaki Panjang Atas Mata Kaki Wanita 1 Box Isi 5 - E01,Rp102.500,102500.0
aksesoris-sepatu-wanita,GSI Insole Dalam Sepatu Wanita Lembut Sol Alas Kaki 0004 Putih Shoe,Rp8.999,8999.0
aksesoris-sepatu-wanita,KIPZKAPZ RIBBON RFS1H Silver - 90cm 115cm 140cm - Tali Sepatu Pipih / Flat Shoelace 13mm,Rp35.000,35000.0
aksesoris-sepatu-wanita,【SOFEISTORE】 Insole Pad Bantalan Sisipan Sepatu Penambah Tinggi Badan Warna Transparan Bahan Silikon Nyaman untuk Pria dan Wanita,Rp48.900,48900.0
aksesoris-sepatu-wanita,KIPZKAPZ F7 Pink - 140cm - Tali Sepatu Pipih / Flat Shoelace 8mm,Rp28.000,28000.0
aksesoris-sepatu-wanita,Terzien - Kaos Kaki Motif Strips Mata Kaki Pria Wanita 1 Box Isi 5 - D03,Rp105.000,105000.0
aksesoris-sepatu-wanita,KIPZKAPZ F5 Brown - 90cm - Tali Sepatu Pipih / Flat Shoelace 8mm,Rp28.000,28000.0
aksesoris-sepatu-wanita,KIPZKAPZ FS36 Pink Flamingo - 90cm 115cm 140cm - Tali Sepatu Pipih / Flat Shoelace 8mm,Rp28.000,28000.0
aksesoris-sepatu-wanita,Terzien - Kaos Kaki Motif Seri Flag Mata Kaki Wanita - C08,Rp30.000,30000.0
aksesoris-sepatu-wanita,SUAY Tali Sepatu Semi Bulat (OVAL) Warna Biru Navy Blue - Panjang 110cm Lebar 6mm,Rp24.000,24000.0
aksesoris-sepatu-wanita,Lazy Shoelace / Tali Sepatu Silikon DOTTY (12PCS/PACK) - TERMURAH !,Rp22.100,22100.0
aksesoris-sepatu-wanita,KIPZKAPZ XS67 Floral Flower - 115cm - Tali Sepatu Pipih / Flat Printed Shoelace 10mm,Rp55.000,55000.0
aksesoris-sepatu-wanita,HEEL CUP Gel Support Insole 2Pcs / Alas sepatu insoles GEL Heels Cushion bantalan Silikon Tumit Kaki / Alas tumit kaki Pad plantar Fasciitis NIHONMART,Rp29.000,29000.0
aksesoris-sepatu-wanita,BITCBae 1Pair Tali Sepatu GESPER Praktis Tanpa Ikat Simple Shoelace Simple Lazy Tali Sepatu Elastis Model Kepala Gesper,Rp13.900,13900.0
aksesoris-sepatu-wanita,SUAY Tali Sepatu Gepeng Pipih (FLAT) Warna Hitam Black Ink - Panjang 110cm Lebar 8mm,Rp24.000,24000.0
aksesoris-sepatu-wanita,FANETTE HARBEN FEYRINS Kaos Kaki Wanita Anak Lucu Cute Katun Lembut Halus Katun Panjang Motif,Rp45.000,45000.0
aksesoris-sepatu-wanita,Anomeo Premium Compression Socks Kaos Kaki Kompresi Khusus AN2450,Rp234.000,234000.0
aksesoris-sepatu-wanita,Le Bianca Skye Kaos Kaki Wanita Dewasa Hitam Panjang Pendek Motif Garis Ankle Nyaman Lembut Bahan Nylon Ringan Ukuran 32-35 cm,Rp14.500,14500.0
aksesoris-sepatu-wanita,【SOFEISTORE】Sol Penyangga Lengkungan Sol Lari Penyerap Guncangan Olahraga Sol Lari Ringan Fleksibel Ukuran 35-46,Rp165.000,165000.0
aksesoris-sepatu-wanita,KIPZKAPZ F1 Black - 140cm - Tali Sepatu Pipih / Flat Shoelace 8mm,Rp28.000,28000.0
aksesoris-sepatu-wanita,ELIRA Tali Sepatu Bintik Bulat,Rp19.000,19000.0
aksesoris-sepatu-wanita,Aksesoris Insole Sepatu Otiv Brown,Rp25.000,25000.0
aksesoris-sepatu-wanita,KIPZKAPZ RS10 Brown Greyish - 90cm 115cm 140cm 160cm - Tali Sepatu Bulat / Round Shoelace 4mm,Rp28.000,28000.0
aksesoris-sepatu-wanita,【SOFEISTORE】 Lengkungan Dukungan Insole EVA Sol Ortopedi Sol Sepatu Olahraga Kaki Datar Pad Ukuran 35-46,Rp35.900,35900.0
aksesoris-sepatu-wanita,YONGKI KOMALADI KAOS KAKI MOTIF MOTIF LACE PATTERN SOCK06,Rp25.000,25000.0
aksesoris-sepatu-wanita,Kaos Kaki Motif Ceker Ayam Panjang Pendek Katun Nyaman Chicken Feet Socks Lucu Fashion Unik Aesthetic Korea Untuk Gym Casual Aksesoris Wanita Pria,Rp29.000,29000.0
aksesoris-sepatu-wanita,SUAY Tali Sepatu Gepeng Pipih (FLAT) Warna Biru Tua Dark Blue - Panjang 110cm Lebar 8mm,Rp24.000,24000.0
aksesoris-sepatu-wanita,KIPZKAPZ XS39 Elastic Flat True Red - 90cm 115cm 140cm - Tali Sepatu Pipih / Flat Elastic Shoelace 7mm,Rp55.000,55000.0
aksesoris-sepatu-wanita,KIPZKAPZ X4 Silver - 115cm - Tali Sepatu Pipih / Flat Metallic Shoelace 8mm,Rp55.000,55000.0
aksesoris-sepatu-wanita,KIPZKAPZ F10 Chinese Red - 140cm - Tali Sepatu Pipih / Flat Shoelace 8mm,Rp28.000,28000.0
aksesoris-sepatu-wanita,Terzien - Kaos Kaki Motif Tribal Mata Kaki Pria Wanita - A22,Rp30.000,30000.0
aksesoris-sepatu-wanita,Terzien - Kaos Kaki Panjang Atas Mata Kaki Wanita 1 Box isi 5 - F01,Rp102.500,102500.0
aksesoris-sepatu-wanita,SVRG Pilates Socks - Kaos Kaki Yoga | Unisex,Rp88.000,88000.0
aksesoris-sepatu-wanita,CoolDeSocks Ladies | Kaos Kaki Wanita Motif - Honey Garden,Rp69.000,69000.0
aksesoris-sepatu-wanita,Zhfu x Emga Insole Sepatu IS01 Bantalan Tumit Pelindung Tumit,Rp14.999,14999.0
aksesoris-sepatu-wanita,BANGNI Insole Pengganjal Sepatu Kebesaran/Insole Sepatu Bantalan Depan/Insole Pelindung Jari Kaki/Insole Ganjelan Sepatu Longgar/Insole Ganjalan Kaki Depan/Bantalan Sepatu Penganjal Sol-5123,Rp23.900,23900.0
aksesoris-sepatu-wanita,KIPZKAPZ X3 Gold - 115cm - Tali Sepatu Pipih / Flat Metallic Shoelace 8mm,Rp55.000,55000.0
aksesoris-sepatu-wanita,Kaos Kaki Wanita Mid Ankle Polos ZenBlossom ZS80,Rp16.500,16500.0
aksesoris-sepatu-wanita,Refresher Parfum Penghilang Bau Sepatu | Pengharum Sepatu Topi Helm Anti Bacteri | Pewangi sepatu anti bau,Rp39.999,39999.0
aksesoris-sepatu-wanita,【SOFEISTORE】Insole Penambah Tinggi 6cm Insole Bantalan Udara 3 lapis Bantalan Tumit Sisipan Tak Terlihat Untuk Pria dan Wanita,Rp87.000,87000.0
aksesoris-sepatu-wanita,【SOFEISTORE】Sol Lateks Insole Deodoran Bernapas Sol Wanita Insole Pad Insole Olahraga untuk Pria Ukuran 35-46,Rp29.900,29900.0
aksesoris-sepatu-wanita,Tali Benang Nylon Nilon Untuk Tasbih Gelang Sol Sepatu Hitam D9 Cone,Rp35.000,35000.0
aksesoris-sepatu-wanita,SPENCO Total Support Original Insole Orthotic Sepatu Plantar Fasciitis untuk Nyeri Tumit dan Nyeri Kaki,Rp749.000,749000.0
aksesoris-sepatu-wanita,ECOISM Kaos Kaki Wanita Katun Combed Premium Anti Bakteri Stretch Nyaman Fashion Korea,Rp18.000,18000.0
aksesoris-sepatu-wanita,SUAY Tali Sepatu Gepeng Gemuk (WIDE) Warna Merah Muda Baby Pink - Panjang 120cm Lebar 12mm,Rp24.000,24000.0
aksesoris-sepatu-wanita,KIPZKAPZ F11 Royal Blue - 115cm - Tali Sepatu Pipih / Flat Shoelace 8mm,Rp28.000,28000.0
aksesoris-sepatu-wanita,KIPZKAPZ F5 Brown - 140cm - Tali Sepatu Pipih / Flat Shoelace 8mm,Rp28.000,28000.0
aksesoris-sepatu-wanita,Sox Galeri Nylon Crew Socks/Kaos Kaki Wanita Panjang Medium,Rp39.900,39900.0
aksesoris-sepatu-wanita,Terzien - Kaos Kaki Pendek Motif Wanita - E15,Rp28.000,28000.0
aksesoris-sepatu-wanita,12pcs Lazy Shoelace KID BASIC/Tali Sepatu Silikon ANAK2 - 12PCS/PACK,Rp22.100,22100.0
aksesoris-sepatu-wanita,Pemisah Jari Kaki Jempol Pelindung Bantalan Alas Kaki Sepatu Korektor Bunion Valgus / Insole silicon Bunion/toe Spreader for Bunion and Hammer Toe Relief,Rp79.900,79900.0
aksesoris-sepatu-wanita,Kaos Kaki Pendek Paket Isi 7 Emga S02B Semata Kaki Pria Wanita Unisex Sock Polos Socks Olahraga,Rp83.899,83899.0
aksesoris-sepatu-wanita,SUAY Tali Sepatu Gepeng Pipih (FLAT) Warna Abu Muda Light Gray - Panjang 110cm Lebar 8mm,Rp24.000,24000.0
aksesoris-sepatu-wanita,【SOFEISTORE】Stiker Anti Aus Bantalan Tumit Sol Dalam Hak Tinggi Bantalan Sepatu Wanita Anti Selip Ukuran Sesuaikan untuk Sepatu,Rp37.000,37000.0
aksesoris-sepatu-wanita,SOX GALERI - Women Sport Socks - Kaos Kaki Wanita Sport Sneaker,Rp49.900,49900.0
aksesoris-sepatu-wanita,1928 Ladies Sock Casual Ankle Basic - Kaos Kaki Wanita Kasual Pendek Polos,Rp34.900,34900.0
aksesoris-sepatu-wanita,Sole jahitan Sepatu bola & futsal dijamin kuat awet dan tahan lama,Rp20.000,20000.0
aksesoris-sepatu-wanita,KIPZKAPZ O5 Solar Pink - 90cm 115cm 140cm - Tali Sepatu Oval / Oval Shoelace 6mm,Rp28.000,28000.0
aksesoris-sepatu-wanita,Terzien - Kaos Kaki Pendek Motif Wanita - E18,Rp28.000,28000.0
aksesoris-sepatu-wanita,【SOFEISTORE】Sol Penopang Lengkungan Ortopedi Uniseks Sol Kaki Datar Orthotics Sol Siku,Rp28.900,28900.0
aksesoris-sepatu-wanita,MINISO Kaus Kaki 6 Pasang Women and Men Ankle Socks Olahraga Nyaman Katun Murni Antibakteri Wanita Pria Pendek Motif,Rp43.900,43900.0
aksesoris-sepatu-wanita,KIPZKAPZ XS16 Rainbow Splash - 90cm 115cm 140cm - Tali Sepatu Pipih / Flat Printed Shoelace 8mm,Rp55.000,55000.0
aksesoris-sepatu-wanita,KIPZKAPZ XS16 Rainbow Splash - 90cm 115cm 140cm - Tali Sepatu Pipih / Flat Printed Shoelace 8mm,Rp55.000,55000.0
aksesoris-sepatu-wanita,1Pasang Pelindung tumit kaki Bantalan Sarung Fasciitis Terapi plantar Heel Spur Pain Penyangga Cushion,Rp28.900,28900.0
aksesoris-sepatu-wanita,Pelindung Tumit Kaki Gel / Silikon Heel Pad / Silicone Protector Kaki,Rp17.900,17900.0
aksesoris-sepatu-wanita,1.5/2.5/3.5CM Insole Penambah Tinggi Sneakers Heel Lift Memory Arch Support Height Increase Insoles /sol popcorn tumit,Rp14.500,14500.0
aksesoris-sepatu-wanita,SUAY Tali Sepatu Gepeng Pipih (FLAT) Warna Biru Muda Baby Blue - Panjang 110cm Lebar 8mm,Rp23.700,23700.0
aksesoris-sepatu-wanita,Kaus Kaki Bahan Silicone Gel Elastis Atasi Kulit Kasar Pecah-Pecah,Rp35.900,35900.0
aksesoris-sepatu-wanita,Missoofficial.id PAKET HEMAT (Ekslusif Live) 10 & 6 Pasang Kaos Kaki Transparan Pendek Wanita Kaos Kaki Polos,Rp29.501,29501.0
aksesoris-sepatu-wanita,KIPZKAPZ F5 Brown - 115cm - Tali Sepatu Pipih / Flat Shoelace 8mm,Rp28.000,28000.0
aksesoris-sepatu-wanita,【SOFEISTORE】Dukungan Lengkungan Insole Insole ringan EVA Bantalan sepatu lari memasukkan Sol Ortopedi ukuran 35-46,Rp39.900,39900.0
aksesoris-sepatu-wanita,Insole Dalam Sepatu Zhfux Emga ISG01 Alas Kaki Breathable Antibacteria,Rp19.999,19999.0
aksesoris-sepatu-wanita,Blow BLSPON 0003 Sponge Insole Shoes 3D Busa Alas Kaki Sepatu Depan,Rp20.000,20000.0
aksesoris-sepatu-wanita,KIPZKAPZ X3 Gold - 140cm - Tali Sepatu Pipih / Flat Metallic Shoelace 8mm,Rp55.000,55000.0
aksesoris-sepatu-wanita,【SOFEISTORE】Sepatu Hak Tinggi Stiker Tumit Anti Selip Sol Wanita Anti Gesekan Mengurangi Ukuran Sepatu,Rp16.900,16900.0
aksesoris-sepatu-wanita,SUAY Tali Sepatu Gepeng Pipih (FLAT) Warna Biru Es Ice Blue - Panjang 110cm Lebar 8mm,Rp24.000,24000.0
aksesoris-sepatu-wanita,KIPZKAPZ XS67 Floral Flower - 115cm - Tali Sepatu Pipih / Flat Printed Shoelace 10mm,Rp55.000,55000.0
aksesoris-sepatu-wanita,HEEL CUP Gel Support Insole 2Pcs / Alas sepatu insoles GEL Heels Cushion bantalan Silikon Tumit Kaki / Alas tumit kaki Pad plantar Fasciitis NIHONMART,Rp29.000,29000.0
aksesoris-sepatu-wanita,BITCBae 1Pair Tali Sepatu GESPER Praktis Tanpa Ikat Simple Shoelace Simple Lazy Tali Sepatu Elastis Model Kepala Gesper,Rp13.900,13900.0
aksesoris-sepatu-wanita,SUAY Tali Sepatu Gepeng Pipih (FLAT) Warna Hitam Black Ink - Panjang 110cm Lebar 8mm,Rp24.000,24000.0
aksesoris-sepatu-wanita,FANETTE HARBEN FEYRINS Kaos Kaki Wanita Anak Lucu Cute Katun Lembut Halus Katun Panjang Motif,Rp45.000,45000.0
aksesoris-sepatu-wanita,Terlaris !!! Kaos Kaki Wanita & Anak Unisex Spongebob Patrick 3D Betis Cute Cartoon Bahan Katun Halus,Rp55.000,55000.0
aksesoris-sepatu-wanita,Insole Sepatu Bantalan Tumit Pelindung Pergelangan Kaki,Rp20.000,20000.0
aksesoris-sepatu-wanita,Stocking Jaring Wanita Berkilau Women Shining Fishnet Stocking 8118,Rp59.000,59000.0
aksesoris-sepatu-wanita,Missoofficial.id KK1154 Kaos Kaki Panjang Motif Belang Sarung Kaki Strip Garis Warna-Warni Korean Socks Wanita Ankle Pendek Semata,Rp2.892,2892.0
aksesoris-sepatu-wanita,"Rightbox.id Kaos Kaki Wanita, Bahan Lembut Menyerap Keringat, Pendek Diatas Mata Kaki, Ukuran Dewasa",Rp14.920,14920.0
aksesoris-sepatu-wanita,【SOFEISTORE】 Kaus Kaki Silikon Tak Terlihat Anti-aus Kaki Elastisitas Elastisitas Gel Lembut Bantalan Tumit Bantalan Tumit,Rp39.000,39000.0
aksesoris-sepatu-wanita,【SOFEISTORE】Memory Foam Insole Pad Sol Penambah Tinggi Badan Pria Dan Wanita 1.5 cm/2.5 cm/3.5 cm,Rp42.900,42900.0
aksesoris-sepatu-wanita,【SOFEISTORE】Tali Sepatu Anak Dewasa Tali Sepatu Tanpa Dasi Tali Sepatu Elastis 22 Warna,Rp18.900,18900.0
aksesoris-sepatu-wanita,SK PAKET ISI 6PASANG P51 P54 Kaos Kaki Pendek Dewasa Semata Kaki Motif,Rp16.894,16894.0
aksesoris-sepatu-wanita,"Rightbox, Kaos Kaki Jempol Polos, Bahan Katun Nilon, Tersedia Warna warna Favourite Nyaman Panjang",Rp16.500,16500.0
aksesoris-sepatu-wanita,"Rightbox ID, Paket 3 Pasang Kaos Kaki Pendek Semata Kaki, Size Dewasa",Rp36.675,36675.0
aksesoris-sepatu-wanita,Insole Aksesoris Sepatu Warna Coklat dan Hitam - Shoe,Rp25.000,25000.0
aksesoris-sepatu-wanita,【SOFEISTORE】Stiker Tumit Anti Gesekan Sol Sepatu Hak Tinggi Sepatu Anti Gesekan Mengecilkan Ukuran,Rp18.900,18900.0
aksesoris-sepatu-wanita,【SOFEISTORE】Insole Pijat Silikon Insole Olahraga Elastis Insole Lembut Penopang Lengkungan Insole Ortopedi Ukuran 37-48,Rp59.900,59900.0
aksesoris-sepatu-wanita,SUNAFIX Kaos Kaki Telapak / Foot Cover - FC 02,Rp25.900,25900.0
aksesoris-sepatu-wanita,Insole Tumit Sepatu Sneakers Emga IS03 Bantalan Tumit Sneaker Ganjalan Anti Lecet Kebesaran Pelindung Sepatu Olahraga Sport Flat Shoes Heels Perawatan Sol,Rp14.999,14999.0
aksesoris-sepatu-wanita,【SOFEISTORE】Olahraga Memori Elastis Sol Gel Silikon Sol Peredam Guncangan Sepatu Sisipan Bantalan Sepatu Bernapas Ukuran34-45,Rp55.900,55900.0
aksesoris-sepatu-wanita,GSI Kaos Kaki Polos Import Pendek Sepatu Dewasa 0000 Wanita Hitam Ankle Motif Putih Semata Bunga Panjang,Rp10.000,10000.0
aksesoris-sepatu-wanita,TALI SEPATU SHOE LACE AKSESORIS UNTUK SEPATU BADMINTON/OLAHRAGA,Rp15.000,15000.0
aksesoris-sepatu-wanita,PVN Tali Sepatu Sneakers Hitam Putih Krem Abu Pink Biru,Rp29.999,29999.0
aksesoris-sepatu-wanita,【SOFEISTORE】1.5/2.5/3.5 cm Menambah Tinggi Sol Busa Memori Pria Wanita Bantal Ukuran 35-46,Rp42.900,42900.0
aksesoris-sepatu-wanita,【SOFEISTORE】 Silicone Gel Heel Cup Pads Plantar Fasciitis Sisipan Perawatan Kaki Silica Gel Cushion Pad Pria dan Wanita,Rp32.900,32900.0
aksesoris-sepatu-wanita,1 Pasang Heel Grip Liner Sepatu Wanita Pelindung Kaki Cegah Lecet,Rp9.900,9900.0
aksesoris-sepatu-wanita,Rnasoap - Heel Pad Bantalan Insole Sepatu Pelindung Tumit anti Lecet size 1 Pasang,Rp9.400,9400.0
aksesoris-sepatu-wanita,Vinnatsu 1 Pasang Penutup Kaki Silikon/Kaos Kaki Silikon Anti Cracking Anti Lecet Universal Moisturizing Spa Latex Silicone Foot Care/,Rp28.717,28717.0
aksesoris-sepatu-wanita,Cani Kaos Kaki Polos Panjang | Pendek Dewasa Unisex Import K-KK,Rp9.900,9900.0
aksesoris-sepatu-wanita,Terzien - Kaos Kaki Pendek Casual Wanita - E12,Rp28.000,28000.0
aksesoris-sepatu-wanita,【SOFEISTORE】 Insole Dukungan Lengkungan Kaki Bantalan untuk pria dan wanita ukuran 35-46,Rp39.900,39900.0
aksesoris-sepatu-wanita,Missoofficial.id KK1477 Kaos Kaki Pria Wanita Panjang Motif Garis-Garis Spandek Kaus Kaki Setinggi Betis Model Kekinian,Rp3.102,3102.0
aksesoris-sepatu-wanita,Missoofficial.id PAKET BUNDLING KK772 Kaos Kaki Pendek Transparan Wanita Kaus Kaki Pendek Wanita Spandek,Rp29.501,29501.0
aksesoris-sepatu-wanita,Insole Depan Sepatu Lancip Emga IS04 Ujung Jari Kaki Sol Bantalan Pengganjal Ganjelan Pelindung Busa Spons Heels Flat Shoes Pad Alas Kebesaran Longgar Anti Lecet Slip,Rp14.499,14499.0
aksesoris-sepatu-wanita,Yang's - Kaos Kaki Semata Kaki Pria dan wanita motif polos,Rp5.937,5937.0
aksesoris-sepatu-wanita,【SOFEISTORE】Sepasang Insole Sisipan Sepatu Penambah Tinggi Badan Instan Untuk Pria dan Wanita Pilihan Tinggi 1.5cm / 2.5cm / 3cm,Rp32.900,32900.0
aksesoris-sepatu-wanita,Ataru Pemisah Jari Kaki - Transparan Toe Separator Alat Pemisah Jari Pada Sendal Pelindung Sela Jempol Kaki,Rp10.900,10900.0
aksesoris-sepatu-wanita,Ready Soket pasangan magnetik (magnet) - sepatu kaus wanita kaos kaki panjang dewasa wanita kaos kaki sekolah putih hitam kaos kaki motif lucu kaos kaki pendek polos kaos kaki wanita panjang kaos kaki aos kaki pendek perempuan Semata Tebal Lembut,Rp49.999,49999.0
aksesoris-sepatu-wanita,SUAY Tali Sepatu Semi Bulat (OVAL) Warna Ungu Muda Mild Violet - Panjang 110cm Lebar 6mm,Rp24.000,24000.0
aksesoris-sepatu-wanita,CANIKOREA Kaos Kaki Nyaman Motif Polos Panjang Semata Wanita | Pendek Dewasa Unisex K-KK Ankle,Rp9.900,9900.0
aksesoris-sepatu-wanita,【SOFEISTORE】21cm Sol Sepatu Pijat Gel Silikon Sol Sepatu Hak Tinggi Bantalan Sepatu Wanita Sol Lengkungan Penyerapan Guncangan,Rp32.900,32900.0
aksesoris-sepatu-wanita,Missoofficial.id KK772 Kaos Kaki Pendek Sock Motif Transparan Wanita Kaus Kaki Pendek Wanita Ankle Semata Garis Tipis Bunga,Rp2.950,2950.0
aksesoris-sepatu-wanita,Tali Sepatu Shoe - Round - 120cm - Hitam & Putih,Rp17.900,17900.0
aksesoris-sepatu-wanita,【SOFEISTORE】Sol Deodoran Sol Sepatu Bernapas Lembut Untuk Wanita Sol Sepatu Pria Penyerap Keringat Ukuran 35-46,Rp26.900,26900.0
aksesoris-sepatu-wanita,Terzien - Kaos Kaki Pendek Motif Wanita - E17,Rp28.000,28000.0
aksesoris-sepatu-wanita,SANZEIL Ivy Sandal cewek Srap sol 4cm 5625 Size 36 - 40,Rp89.000,89000.0
aksesoris-sepatu-wanita,Johnson - Tali Sepatu Putih 110 cm 140 cm Shoelace,Rp15.000,15000.0
aksesoris-sepatu-wanita,Pamosroom Lem Sepatu Hanjiao 50ML Lem Sepatu Kuat Rekat Lem Sepatu Tahan Air,Rp8.400,8400.0
aksesoris-sepatu-wanita,Daiso Heel Memory Foam Cupped Insole -26cm to 28cm - 10.23in to 11.02i,Rp33.000,33000.0
aksesoris-sepatu-wanita,SUAY Tali Sepatu Semi Bulat (OVAL) Warna Biru Langit Sky Blue - Panjang 110cm Lebar 6mm,Rp24.000,24000.0
aksesoris-sepatu-wanita,SUAY Tali Sepatu Gepeng Pipih (FLAT) Warna Merah Permen Red Candy - Panjang 110cm Lebar 8mm,Rp24.000,24000.0
aksesoris-sepatu-wanita,CANI Kaos Kaki Motif Polos Panjang Diatas Mata Kaki | Pendek Dibawah Mata Kaki Unisex Lembut Nyaman Semata Kaki Remaja Dewasa Wanita K-KK Tipis Cewek,Rp9.900,9900.0
aksesoris-sepatu-wanita,KIPZKAPZ F15 Orange Seaspray - 90cm 115cm 140cm - Tali Sepatu Pipih / Flat Shoelace 8mm,Rp28.000,28000.0
aksesoris-sepatu-wanita,Terzien - Kaos Kaki Pendek Casual Wanita - E11,Rp28.000,28000.0
aksesoris-sepatu-wanita,LVR Insole Shoes Alas Kaki Sepatu Premium Insole Sepatu,Rp7.000,7000.0
aksesoris-sepatu-wanita,8 pcs Lazy Shoelace Hilaces Silicone / Tali Sepatu Silicone V-Tie,Rp22.000,22000.0
aksesoris-sepatu-wanita,KIPZKAPZ O5 Solar Pink 140cm - Tali Sepatu Oval / Oval Shoelace 6mm,Rp28.000,28000.0
aksesoris-sepatu-wanita,Missoofficial.id KK820 Kaos Kaki Pendek Unisex Semata Mata Kaki Ankle Motif Kotak-Kotak Garis Hitam Hijau Wanita Panjang Dewasa,Rp2.865,2865.0
aksesoris-sepatu-wanita,【SOFEISTORE】Sol Sepatu Hak Tinggi Sol Sepatu Anti Selip Sol Spons Anti Gesekan Mengurangi Ukuran Sepatu,Rp39.000,39000.0
aksesoris-sepatu-wanita,Terzien - Kaos Kaki Pendek Motif Wanita - E14,Rp28.000,28000.0
aksesoris-sepatu-wanita,Insole Tumit Sepatu Sneakers Emga IS03A Bantalan Tumit Sneaker Ganjalan Anti Lecet Kebesaran Pelindung Sepatu Olahraga Sport Flat Shoes Heels Perawatan Sol,Rp14.499,14499.0
aksesoris-sepatu-wanita,Katakaki Tali Sepatu Oval Bulat 6MM 100Cm 125Cm 145Cm Signature,Rp28.880,28880.0
aksesoris-sepatu-wanita,SUAY Tali Sepatu Gepeng Pipih (FLAT) Warna Abu Muda Light Gray - Panjang 110cm Lebar 8mm,Rp24.000,24000.0
aksesoris-sepatu-wanita,"Moves Solace - Kaos Kaki Wanita Katun Polos Pendek Mata Kaki Ankle Socks, All Size",Rp17.900,17900.0
aksesoris-sepatu-wanita,Kyeoka By Mayonette Kaos Kaki - Kaos Kaki Polos Jaring Transparan Wanita,Rp19.900,19900.0
aksesoris-sepatu-wanita,Shoe Lace Gino Mariani Tali Sepatu Flat Coklat,Rp99.000,99000.0
aksesoris-sepatu-wanita,KAMJE Kaos Kaki Terapi Kesehatan Magnetic Anti Pegal Nyeri Penghangat Dengan Pemanas Magnetik,Rp35.000,35000.0
aksesoris-sepatu-wanita,SUNAFIX Kaos Kaki Wanita Semata Kaki / Ankle Socks - CS 08,Rp26.900,26900.0
aksesoris-sepatu-wanita,SUAY Tali Sepatu Gepeng Pipih (FLAT) Warna Biru Blue Navy - Panjang 110cm Lebar 8mm,Rp24.000,24000.0
aksesoris-sepatu-wanita,【SOFEISTORE】Sol Anti-Bau Elastisitas Elastisitas Penyerap Guncangan Olahraga Penyerap Guncangan Olahraga Ukuran 35-46,Rp29.900,29900.0
aksesoris-sepatu-wanita,Sox Galeri/Ankle Stripe Socks/Kaos Kaki Wanita Katun Semata Kaki,Rp54.900,54900.0
aksesoris-sepatu-wanita,Emga Insole Bentuk T shaped Anti Lecet Kebesaran Bantalan Pelindung Alas Kaki Sepatu Depan Tumit Sol Dalam High Heels Pad Pelindung Busa Sponge 2pcs Sepasang Pria Wanita,Rp14.999,14999.0
aksesoris-sepatu-wanita,[COD] SK C1361 Insole Bantalan Pelindung Tumit Kebesaran Alas Sepatu High Heels,Rp1.814,1814.0
aksesoris-sepatu-wanita,Rhodey Insole Sepatu Alas Kaki Orthopedic High Heels Breathable 1 Pair,Rp18.900,18900.0
aksesoris-sepatu-wanita,"Rightbox ID, Kaos Kaki Pendek Wanita, 12 Warna polos, Lembut, Menyerap Keringat",Rp14.920,14920.0
aksesoris-sepatu-wanita,BIA X Meccanism - Lynn Kaos Kaki jempol - Spandex Nylon,Rp27.000,27000.0
aksesoris-sepatu-wanita,ShoeLace Eversac Poly Flat Asahi Garis 8 Mm Pink,Rp22.000,22000.0
aksesoris-sepatu-wanita,CANI Tali Sepatu Pipih & Bulat Warna Hitam Panjang 1 Meter K-TALI Shoes,Rp4.900,4900.0
aksesoris-sepatu-wanita,Houseofcuff Kaos Kaki SHOE LINER SOCKS BLUE NAVY,Rp30.000,30000.0
aksesoris-sepatu-wanita,SUAY Tali Sepatu Gepeng Pipih (FLAT) Warna Biru Langit Sky Blue - Panjang 110cm Lebar 8mm,Rp24.000,24000.0
aksesoris-sepatu-wanita,Missoofficial.id KK995 Kaos Kaki Motif Beruang Bear Fashion Pendek Ankle Semata Kaki Socks Korean Wanita,Rp3.709,3709.0
aksesoris-sepatu-wanita,Terzien - Kaos Kaki Pendek Motif Wanita 1 Box isi 5 - E13,Rp105.000,105000.0
aksesoris-sepatu-wanita,KIPZKAPZ Group Oval 180cm - Tali Sepatu Oval / Oval Shoelace 6mm,Rp30.000,30000.0
aksesoris-sepatu-wanita,XX041701018 Hilaces 8PCS Shoelace Silicone / Tali Sepatu Silikon,Rp22.000,22000.0
aksesoris-sepatu-wanita,Tali Sepatu RUSH by MEFOOT | Warna Broken White | Bahan soft cotton premium yg lembut & halus.,Rp19.500,19500.0
aksesoris-sepatu-wanita,WN0014 MIDI Socks Kaos Kaki Tersembunyi Invisible Socks,Rp18.688,18688.0
aksesoris-sepatu-wanita,"Rightbox ID, Kaos Kaki Jempol Tapak Hitam, Panjang Sebetis, Ukuran Dewasa",Rp16.500,16500.0
aksesoris-sepatu-wanita,"Rightbox ID, Kaos Kaki Wanita, Pendek Setengah Betis, One Size Dewasa",Rp14.920,14920.0
aksesoris-sepatu-wanita,URBAN&CO Odette Flat Shoes Wanita Dengan Pijakan Cushioned Insole Empuk - Odette,Rp205.900,205900.0
aksesoris-sepatu-wanita,"Bantalan Sisipan Sepatu Wanita, Insole Anti Slip Cegah Kaki Lecet",Rp10.900,10900.0
aksesoris-sepatu-wanita,【LS】Women's Socks Ruffle Thin Long Stockings 8694,Rp29.900,29900.0
aksesoris-sepatu-wanita,Terzien - Kaos Kaki Pendek Motif Seri Flag Wanita 1 Box Isi 5 - C03,Rp125.000,125000.0
aksesoris-sepatu-wanita,"【HAPIGOGO】Bersihkan gudang-Kaos kaki pendek wanita, kaos kaki modis, kaos kaki katun pendek wanita, bernapas, 4 pasang per kemasan Tipis",Rp47.500,47500.0
aksesoris-sepatu-wanita,Insole Sepatu Heels Bentuk T shaped Emga IT02 Anti Lecet Kebesaran Bantalan Pelindung Alas Kaki Sepatu Depan Tumit Sol Dalam High Heels Pad Pelindung Busa Sponge 2pcs Sepasang Pria Wanita,Rp14.899,14899.0
aksesoris-sepatu-wanita,SUAY Tali Sepatu Gepeng Pipih (FLAT) Warna Merah Marun Red Maroon - Panjang 110cm Lebar 8mm,Rp23.700,23700.0
aksesoris-sepatu-wanita,【SOFEISTORE】Stiker Tumit Sepatu Hak Tinggi Anti Selip Sol Sepatu Anti Gesekan Sepatu Wanita Ukuran Menyusut,Rp19.900,19900.0
aksesoris-sepatu-wanita,Sepasang Tatakan Pelindung Hak Sepatu High Heel,Rp31.000,31000.0
aksesoris-sepatu-wanita,Houseofcuff Kaos Kaki SHOE LINER SOCKS BLACK,Rp35.000,35000.0
aksesoris-sepatu-wanita,Missoofficial.id KK1507 Kaos Kaki Semata Kaki Polos Motif Beruang Coklat Kaus Kaki Ankle Dewasa,Rp3.884,3884.0
aksesoris-sepatu-wanita,Aksesoris Tali Sepatu Terbaru Oval Hitam Merah Shoe,Rp3.000,3000.0
aksesoris-sepatu-wanita,KLUK - Helios Spare Strap Sandal Jepit Pria | Tali Cadangan Sandal (Yellow),Rp30.000,30000.0
aksesoris-sepatu-wanita,"Rightbox, Kaos Kaki Jempol Pendek Semata Kaki, Polos, Size Dewasa",Rp13.700,13700.0
aksesoris-sepatu-wanita,[COD] SK P648 Kaos Kaki Panjang Unisex Polos Kaus Kaki Basic,Rp6.824,6824.0
aksesoris-sepatu-wanita,12pcs Lazy Shoelace KID 2TONE / Tali Sepatu Silikon ANAK2 - 12PCS/PACK,Rp35.100,35100.0
aksesoris-sepatu-wanita,Tas Sepatu - Axegear Trexa Trail Boot Bag Tas Sepatu Trail,Rp142.000,142000.0
aksesoris-sepatu-wanita,Insole Depan Sepatu Telapak Emga IS05A Ujung Jari Kaki Sol Bantalan Pengganjal Ganjelan Pelindung Busa Spons Heels Flat Shoes Pad Alas Kebesaran Longgar Anti Lecet Slip,Rp14.999,14999.0
aksesoris-sepatu-wanita,Missoofficial.id KK574 Kaos Kaki Panjang Motif Garis Putih Biru Kaus Kaki Olahraga Atas Mata Kaki,Rp3.355,3355.0
aksesoris-sepatu-wanita,vyana Orthopedic slippers for men and women with arch support Non-slip shoes Lightweight slippers Plantar fasciitis sandals Sendal Wanita,Rp329.000,329000.0
aksesoris-sepatu-wanita,Kaos Kaki Wanita Transparan Pendek Motif Bunga Korean Style / PB EDUKASI ANAK - PBNB,Rp6.850,6850.0
aksesoris-sepatu-wanita,Sepasang Tali Sepatu Dengan Berbagai Macam Warna Shoe,Rp36.000,36000.0
aksesoris-sepatu-wanita,Insole Depan Sepatu Telapak Emga IS05B Ujung Jari Kaki Sol Bantalan Pengganjal Ganjelan Pelindung Busa Spons Heels Flat Shoes Pad Alas Kebesaran Longgar Anti Lecet Slip,Rp14.899,14899.0
aksesoris-sepatu-wanita,SUAY Tali Sepatu Gepeng Pipih (FLAT) Warna Coklat Tua Dark Brown - Panjang 110cm Lebar 8mm,Rp24.000,24000.0
aksesoris-sepatu-wanita,Minowear Kaos Kaki Katun Lembut Korean Japanese Cute Socks Nyaman Wanita Pendek Ankle Motif Cewek Hitam Semata,Rp15.000,15000.0
aksesoris-sepatu-wanita,COROLLA Kaus kaki wanita berwarna-warni model tinggi bergaya lembut dan nyaman untuk dipakai,Rp16.888,16888.0
aksesoris-sepatu-wanita,Missoofficial.id KK2075 Kaos Kaki Motif Pita Lucu Fashion Pendek Ankle Semata Kaki Socks Cotton Korean,Rp4.015,4015.0
aksesoris-sepatu-wanita,KIPZKAPZ F8 Teal Green - 90cm - Tali Sepatu Pipih / Flat Shoelace 8mm,Rp28.000,28000.0
aksesoris-sepatu-wanita,Missoofficial.id KK1156 Kaos Kaki Pendek Wanita Motif Polos Warna Warni Fashion Korean Semata Kaki Socks,Rp3.139,3139.0
aksesoris-sepatu-wanita,NO DESIGN Kaos Kaki Wanita Yoga Short Pilates 2 Garis Anti Slip Korea Premium,Rp55.500,55500.0
aksesoris-sepatu-wanita,KIPZKAPZ RS31 Greyish Brown - 140cm - Tali Sepatu Bulat / Round Shoelace 4mm,Rp28.000,28000.0
aksesoris-sepatu-wanita,Tali Sepatu Olahraga Shoe Tali Sepatu 10 mm,Rp50.000,50000.0
aksesoris-sepatu-wanita,Kaos Kaki Wanita Setinggi Lutut Women High Knee Socks 8429,Rp29.000,29000.0
aksesoris-sepatu-wanita,Vinnatsu [COD]1 Pasang Kaus Kaki Silikon Untuk Kaki Kering Dan Pecah-Pecah Silicone Moisturizing Foot Socks Soft Gel Socks,Rp27.872,27872.0
aksesoris-sepatu-wanita,SUAY Tali Sepatu Gepeng Pipih (FLAT) Warna Hitam Black Ink - Panjang 110cm Lebar 8mm,Rp24.000,24000.0
aksesoris-sepatu-wanita,Xrider Outsole Rubber non slip for boots,Rp89.000,89000.0
aksesoris-sepatu-wanita,LUMMYSHOP Kaos Kaki Pendek Semata Kaki Wanita Polos Ankle Socks Woman Grey Black Pink White,Rp7.900,7900.0
aksesoris-sepatu-wanita,GSI Tali Sepatu Wanita Pria Pipih Warna Putih 0005 Shoe Hitam Gudang Sepatu Indonesia untuk Sepatu Sneakers Hak Tinggi Kets,Rp4.999,4999.0
aksesoris-sepatu-wanita,Missoofficial.id KK1979 Kaos Kaki Stocking Transparan Selutut Sepaha Tipis Antislip Overknee Dewasa,Rp10.600,10600.0
aksesoris-sepatu-wanita,"Rightbox ID, Kaos Kaki Motif Prancis, Pendek Semata Kaki, One Size Dewasa",Rp13.700,13700.0
aksesoris-sepatu-wanita,"Moves Solace - Kaos Kaki Wanita Katun Polos Pendek Mata Kaki Ankle Socks, All Size",Rp17.900,17900.0
aksesoris-sepatu-wanita,Kyeoka By Mayonette Kaos Kaki - Kaos Kaki Polos Jaring Transparan Wanita,Rp19.900,19900.0
aksesoris-sepatu-wanita,Shoe Lace Gino Mariani Tali Sepatu Flat Coklat,Rp99.000,99000.0
aksesoris-sepatu-wanita,KAMJE Kaos Kaki Terapi Kesehatan Magnetic Anti Pegal Nyeri Penghangat Dengan Pemanas Magnetik,Rp35.000,35000.0
aksesoris-sepatu-wanita,SUNAFIX Kaos Kaki Wanita Semata Kaki / Ankle Socks - CS 08,Rp26.900,26900.0
aksesoris-sepatu-wanita,[COD] SK P55-P58 Kaos Kaki Pendek Dewasa Semata Kaki Polos Ankle Wanita Motif,Rp2.808,2808.0
aksesoris-sepatu-wanita,【SOFEISTORE】Sol Penambah Tinggi 6cm Pria wanita Sol Tak Terlihat Bantalan Udara 3 lapis Penyerap Guncangan,Rp45.900,45900.0
aksesoris-sepatu-wanita,【SOFEISTORE】1 Pasang Bantalan Kaki Depan Sepatu Hak Tinggi Sol Wanita Anti Selip Mengurangi Ukuran Sepatu,Rp19.900,19900.0
aksesoris-sepatu-wanita,【SOFEISTORE】Sol Olahraga Sol Basket Penyerap Guncangan Elastis Ukuran 35-46,Rp32.900,32900.0
aksesoris-sepatu-wanita,KIPZKAPZ F2 White - 140cm - Tali Sepatu Pipih / Flat Shoelace 8mm,Rp28.000,28000.0
aksesoris-sepatu-wanita,Kaos Kaki Polos Unisex Fashion Wanita / Pria Kaos Kaki panjang motif,Rp9.000,9000.0
aksesoris-sepatu-wanita,Missoofficial.id KK2203 Kaos Kaki Wanita Cute Motif Animal Lucu Socks Cotton Spandex Lembut Nyaman Fashion,Rp4.764,4764.0
aksesoris-sepatu-wanita,KIPZKAPZ F3 Grey - 90cm - Tali Sepatu Pipih / Flat Shoelace 8mm,Rp28.000,28000.0
aksesoris-sepatu-wanita,Daiso Deodorant Antibacterial Insole For Lady Pumps Shoes L,Rp33.000,33000.0
aksesoris-sepatu-wanita,Missoofficial.id KK806 Kaos Kaki Pendek Wanita Korea Motif Beruang Coklat Bear Semata Kaki Socks Korean Fashion Panjang Ankle,Rp3.400,3400.0
aksesoris-sepatu-wanita,Shoe Lace EversacPoly Flat Asahi Garis 8 Mm Navy,Rp22.000,22000.0
aksesoris-sepatu-wanita,LVR Kaos Kaki Wanita Polos Transparan Kaos Kaki Kerja TG1949,Rp6.750,6750.0
aksesoris-sepatu-wanita,Blow BLSPON 0006 Insole Sepatu Segi Lima Shape Pelindung Kaki,Rp19.000,19000.0
aksesoris-sepatu-wanita,Kaos Kaki Kesehatan /Kaos Kaki Terapi / Kaos Kaki Anti Pegal / Moxa Sock Therapy / Kaos Kaki Anti Nyeri/ Kaus Kaki Kesehatan Dr. Xie/Kaos Kaki Diabetes Therapy Neuropathy/Compression Socks/Neuropathy Socks,Rp99.000,99000.0
aksesoris-sepatu-wanita,【SOFEISTORE】Bantalan Kaki Depan Sepatu Hak Tinggi Bantalan Kaki Anti Selip Bantalan Kaki Yang Menebal Bantalan Setengah Ukuran Yang Lembut,Rp39.000,39000.0
aksesoris-sepatu-wanita,Missoofficial.id KK823 Kaos Kaki Motif Garis Korea Kaus Kaki Warna Cewek Cowok Wanita Pendek Semata kaki,Rp3.989,3989.0
aksesoris-sepatu-wanita,Prayerkids Tali Sepatu bahan Katun 170cm Shoe,Rp19.000,19000.0
aksesoris-sepatu-wanita,Insole Depan Sepatu Lancip Emga IS04A Ujung Jari Kaki Sol Bantalan Pengganjal Ganjelan Pelindung Busa Spons Heels Flat Shoes Pad Alas Kebesaran Longgar Anti Lecet Slip,Rp14.899,14899.0
aksesoris-sepatu-wanita,【SOFEISTORE】Bantalan tumit Insole Tumit Tinggi Anti-aus Sisipan Kaki Sisipan Kaki Sesuaikan Ukuran,Rp25.900,25900.0
aksesoris-sepatu-wanita,"BITCBae S/L bantalan tumit kaki sakit Nyaman dipakai, meredakan nyeri tumit/plantar fasciitis, pelindung tumit",Rp28.900,28900.0
aksesoris-sepatu-wanita,WICKSON SLOPPER Inshole Untuk Tambahan Inshole empuk nyaman dan awet Insol tebel kualitas terbaik Insol buat selop Shoe,Rp15.000,15000.0
aksesoris-sepatu-wanita,Missoofficial.id KK1434 Kaos Kaki Pendek Wanita Motif Bunga Flower Pink Semata Kaus Kaki Socks Korean Fashion,Rp3.760,3760.0
aksesoris-sepatu-wanita,KIPZKAPZ OS7 Crimson Pink 90cm 115cm 140cm - Tali Sepatu Oval / Oval Shoelace 6mm,Rp28.000,28000.0
aksesoris-sepatu-wanita,[COD] SK P32 P33 Kaos Kaki Dewasa Pendek untuk Wanita dan Pria Motif Beruang Pergelangan kaki,Rp3.297,3297.0
aksesoris-sepatu-wanita,Missoofficial.id KK822 Kaos Kaki Semata Kaki Motif Polos Kaus Kaki Ankle Dewasa Short Socks Pendek Panjang Wanita,Rp2.659,2659.0
aksesoris-sepatu-wanita,Missoofficial.id KK1970 Kaos Kaki Panjang Motif Garis Garis Unisex Spandex Kaus Kaki Socks Atas Mata Kaki,Rp3.931,3931.0
aksesoris-sepatu-wanita,Kaos Kaki Panjang Garis Wanita Emga KWG1A Vertical Stripes Wanita Old School Solid Color Polos Women Socks Sekolah Pergi Kantor Kuliah Kaus Kaki Dewasa Remaja Korea Jepang Olahraga Atas Mata Kaki Basic Casual Wanita Cewe,Rp19.899,19899.0
aksesoris-sepatu-wanita,"Rightbox ID, Kaos Kaki Motif, Pendek Semata Kaki, One Size Dewasa",Rp13.700,13700.0
aksesoris-sepatu-wanita,Emga Insole Bentuk T shaped Anti Lecet Kebesaran Bantalan Pelindung Alas Kaki Sepatu Depan Tumit Sol Dalam High Heels Pad Pelindung Busa Sponge 2pcs Sepasang Pria Wanita,Rp14.499,14499.0
aksesoris-sepatu-wanita,Terzien - Kaos Kaki Motif Seri Flag Mata Kaki Wanita - C04,Rp30.000,30000.0
aksesoris-sepatu-wanita,100CM Tali SEPASANG Sepatu sneaker warna warni Hitam Merah Putih coklat abuabu Shoe,Rp7.499,7499.0
aksesoris-sepatu-wanita,Insole Sepatu Kebesaran Solusi Ganjalan Sneaker Anti Licin Anti Lecet Isi 2 PCS untuk Kenyamanan Optimal Shoe,Rp11.800,11800.0
aksesoris-sepatu-wanita,NO DESIGN Kaos Kaki Wanita Yoga Pilates Panjang Anti Slip Korea Premium,Rp55.500,55500.0
aksesoris-sepatu-wanita,Agnesis Kaos Kaki Olahraga CT-03 / Kaos Kaki Katun Badminton,Rp32.875,32875.0
aksesoris-sepatu-wanita,[COD] SK P59 Kaos Kaki Semata Kaki Polos Kaus Pergelangan Kaki Wanita Pendek,Rp3.481,3481.0
aksesoris-sepatu-wanita,【SOFEISTORE】Tumit Sol Anti Selip Sol Anti Gesekan Wanita Menyusut Ukuran Sepatu,Rp22.900,22900.0
aksesoris-sepatu-wanita,Stiker Sol Sepatu Anti Selip Sol Tendon Tahan Aus Sepatu Kulit Hak Tinggi Perekat Diri Lembaran Anti Minyak Senyap Stiker Shoe,Rp13.200,13200.0
aksesoris-sepatu-wanita,SUAY Tali Sepatu Gepeng Pipih (FLAT) Warna Tosca Muda Misty Turquoise - Panjang 110cm Lebar 8mm,Rp24.000,24000.0
aksesoris-sepatu-wanita,Missoofficial.id KK1406 Kaos Kaki Pendek Short Socks Motif Transparan Wanita Kaus Kaki Pendek Wanita Fashion,Rp1.957,1957.0
aksesoris-sepatu-wanita,[COD] SK P51 P54 Kaos Kaki Motif Pendek Semata Kaki Dewasa Wanita,Rp3.085,3085.0
aksesoris-sepatu-wanita,Missoofficial.id KK811 Kaos Kaki Wanita Pria Pendek Unisex Semata Kaki Ankle Motif Duck Biru Socks Korean Panjang Garis Dewasa Bunga,Rp4.052,4052.0
aksesoris-sepatu-wanita,Ganjalan sepatu kebesaran bantalan insole busa anti lecet Shoe,Rp15.000,15000.0
aksesoris-sepatu-wanita,Penutup Heels Alma 7 Cm Sepasang,Rp10.999,10999.0
aksesoris-sepatu-wanita,Precise Tali Sepatu Pipih Sneakers 2 Sisi 160 cm - White/Sky Blue dan Black/Blue,Rp10.900,10900.0
aksesoris-sepatu-wanita,LALUNATA - Kaos Kaki Wanita Spandek Premium,Rp15.527,15527.0
aksesoris-sepatu-wanita,KIPZKAPZ Group Tali Sepatu Pipih / Flat Shoelace 7mm,Rp28.000,28000.0
aksesoris-sepatu-wanita,【SOFEISTORE】1.5/2.5/3cm Height Increase Insoles Air Cushion Shock Absorption Shoe Cushion Pad Soft Insole,Rp37.900,37900.0
aksesoris-sepatu-wanita,Pelindung tumit penutup kaus kaki silikon lembut untuk mencegah tumit kering dan pecah-pecah masker kaki penutup pelembab pelindung,Rp14.800,14800.0
aksesoris-sepatu-wanita,Daiso Cupped Insole -25cm to 28cm - 9.8 to 11 -,Rp33.000,33000.0
aksesoris-sepatu-wanita,Missoofficial.id KK745 Kaos Kaki Wanita Motif Polos Semata Kaki Kaus Kaki Pendek Japanese Ankle Socks Model Simple Panjang Garis Bunga,Rp3.205,3205.0
aksesoris-sepatu-wanita,【SOFEISTORE】Bantalan Tumit Pelindung Sisipan Tumit Perekat Mandiri Stiker Sepatu Sol Tumit Pereda Nyeri,Rp11.900,11900.0
aksesoris-sepatu-wanita,Bright Light MATRAS OUTSOLE FUTSAL JUNIOR GERIGI/TRUF bercak 33-38 Karet Sintetis Premium Tahan Lama & Lentur,Rp40.000,40000.0
aksesoris-sepatu-wanita,[COD] SK P647 Kaos Kaki Pendek Wanita Polos Semata Kaki Korean Style,Rp3.850,3850.0
aksesoris-sepatu-wanita,Missoofficial.id KK2024 Kaos Kaki Panjang Wanita Katun Spandex Motif Kartun Lucu Cute Cartoon Korean Socks,Rp4.832,4832.0
aksesoris-sepatu-wanita,Kaos Kaki Nyaman Motif Polos Panjang | Pendek Unisex K-KK - Insole Alas Kaki Sepatu Polos Putih -SOL,Rp9.900,9900.0
aksesoris-sepatu-wanita,AKLOVER KAOS KAKI PENDEK MATAKAKI POLOS Ankle Socks Pria Wanita,Rp15.800,15800.0
aksesoris-sepatu-wanita,Missoofficial.id KK1508 Kaos Kaki Wanita Panjang Warna Warni Kaus Kaki Setinggi Betis Model Emoticon Senyum Cute Smile,Rp3.851,3851.0
aksesoris-sepatu-wanita,Vinnatsu Kaos Kaki Silikon Latex Pendek Anti Selip Motif Lembut Tebal Anti Cracking & Moisturizing untuk Wanita Dewasa,Rp24.469,24469.0
aksesoris-sepatu-wanita,【SOFEISTORE】Anak Insole Ortotik Untuk Kaki Rata Penyangga Lengkungan Kaki Bernapas Bantalan Sepatu Olahraga Ukuran19-39,Rp41.900,41900.0
aksesoris-sepatu-wanita,Yang's - Kaos Kaki Semata Kaki Polos Kaus Kaki Ankle Dewasa,Rp8.500,8500.0
aksesoris-sepatu-wanita,CoolDeSocks Original | Kaos Kaki Fashion - Smiley Eggs,Rp69.000,69000.0
aksesoris-sepatu-wanita,SUNAFIX Kaos Kaki Wanita Semata Kaki / Ankle Socks - CS 08,Rp26.900,26900.0
aksesoris-sepatu-wanita,Buttonscarves Lavish Socks - White.,Rp225.000,225000.0
aksesoris-sepatu-wanita,KIPZKAPZ RIBBON RFS5C Renda Lace Trim Ribbon Cream - 90cm 115cm 140cm - Tali Sepatu Pipih / Flat Shoelace 17mm,Rp35.000,35000.0
aksesoris-sepatu-wanita,Wearing Klamby - Leya Sock,Rp59.500,59500.0
aksesoris-sepatu-wanita,ThreeBesties Charms Diy Aksesoris Sepatu Lubang Hiasan Sandal Lucu Motif XH008 Shoe Warna,Rp15.760,15760.0
aksesoris-sepatu-wanita,Yang's - Kaos Kaki Pendek Wanita Motif Pink Fashion Korean Unisex,Rp10.000,10000.0
aksesoris-sepatu-wanita,Missoofficial.id KK1506 Kaos Kaki Pria Wanita Panjang Motif Polos Garis Kaus Kaki Setinggi Betis Unisex Kekinian,Rp4.030,4030.0
aksesoris-sepatu-wanita,NICEFACE Kaos Kaki Panjang Unisex Sebetis Polos Fashion Korean,Rp16.014,16014.0
aksesoris-sepatu-wanita,Missoofficial.id KK1150 Kaos Kaki Panjang Motif Polos Kaus Kaki Olahraga Atas Mata Kaki Unisex Wanita Garis Ankle Pendek Semata,Rp4.031,4031.0
aksesoris-sepatu-wanita,Missoofficial.id KK1385 Kaos Kaki Semata Kaki Motif Lucu Kaus Kaki Ankle Dewasa Short Socks Wanita Garis Panjang Pendek,Rp3.090,3090.0
aksesoris-sepatu-wanita,Insole Sepatu Olahraga Emga ISG02B Alas Kaki Sport Shoes EVA Boost Memory Foam Sol Shoe pad Breathable Soft Foot Protection Sport Shock Absorbant Anti Bacterial Deodorant Sweat Absorbing Sneakers Flat Foot Arch Unisex Pria Wanita Cewek Cowok Men Women,Rp24.999,24999.0
aksesoris-sepatu-wanita,Kaos Kaki Beruang Coklat Panjang Kaos Kaki Wanita Pria Panjang Lucu Karakter Beruang / Kaos Kaki Panjang Atas Mata Kaki / Kaoskaki Wanita Gaya Korea Lembut Motif,Rp41.500,41500.0
aksesoris-sepatu-wanita,[COD] SK P649 Kaos Kaki Silikon Anti Licin Pelindung Tumit Retak Serbaguna,Rp16.355,16355.0
aksesoris-sepatu-wanita,Missoofficial.id KK1478 Kaos Kaki Panjang Motif Polos Huruf C Kaus Kaki Olahraga Atas Mata Kaki Unisex Kekinian,Rp4.025,4025.0
aksesoris-sepatu-wanita,Azcost Insole Aksesoris Sepatu Insole Dalam Sepatu,Rp15.000,15000.0
aksesoris-sepatu-wanita,Missoofficial.id KK1969 Kaos Kaki Renda Panjang Wanita Bunga Tulip Flower Casual Women Socks Fashion Korea,Rp7.949,7949.0
aksesoris-sepatu-wanita,Missoofficial.id PAKET HEMAT KK1056 10 PASANG Kaos Kaki Balet Engkle Invisible Kaus Kaki Pendek Setumit Hidden Sock,Rp36.544,36544.0
aksesoris-sepatu-wanita,Ataru Set 2 Pcs Aksesoris Sandal Bow - Hitam Shoes Charm Bitz Sendal Bits Sandal Hiasan Sepatu Sendal Lucu,Rp34.400,34400.0
aksesoris-sepatu-wanita,Missoofficial.id KK1114 Kaos Kaki Motif Garis Korea Kaus Kaki Panjang Betis Warna Unisex,Rp2.915,2915.0
aksesoris-sepatu-wanita,Tali sepatu warna warni premium panjang 100-110 cm,Rp5.000,5000.0
aksesoris-sepatu-wanita,Yang's Fashion-Kaos Kaki Import Korea Kaus Kaki Panjang Betis Cewek,Rp5.288,5288.0
aksesoris-sepatu-wanita,Vinnatsu Silicone 1 pasang Kaos Kaki Silikon Latex Moisturizing Anti Cracking Moisturizing Gel Sock,Rp27.872,27872.0
aksesoris-sepatu-wanita,Brasay Kaos Kaki Pendek Sock Motif Transparan Wanita Kaus Kaki Pendek Anti slip 2163,Rp4.399,4399.0
aksesoris-sepatu-wanita,Glamers Beauty - Kaos Kaki Silicone Foot Care Moisturizing/Kaos Kaki Pelembab,Rp23.900,23900.0
aksesoris-sepatu-wanita,SUNAFIX Ladies Socks Bamboo / Kaos Kaki Wanita Bambu - BG 8 MK,Rp37.900,37900.0
aksesoris-sepatu-wanita,Massanging gel cushion Shoes Pad Gel Front Insole Silikon Heel Heels,Rp15.984,15984.0
aksesoris-sepatu-wanita,Kaos Kaki Silikon Latex Silicone Foot Care Socks Foot Socks Cracked Heel Pecah Pecah Kaki Pecah Pecah,Rp30.285,30285.0
aksesoris-sepatu-wanita,Missoofficial.id KK1384 Kaos Kaki Semata Kaki Polos Motif Coklat Beruang Kaus Kaki Ankle Dewasa Short Socks,Rp3.998,3998.0
aksesoris-sepatu-wanita,Le Bianca Bantalan Pelindung Alas Kaki Depan shoe shoes,Rp14.500,14500.0
aksesoris-sepatu-wanita,Fanette Harben Feyrins FHF02 Christmas Edition Kaos Kaki Wanita Katun Halus Lembut Cute Design Nyaman Panjang,Rp15.950,15950.0
aksesoris-sepatu-wanita,Missoofficial.id KK1027 Kaos Kaki Pendek Motif Garis Kaus Kaki Pendek Unisex Murah,Rp2.974,2974.0
aksesoris-sepatu-wanita,Missoofficial.id KK1056 Kaos Kaki Balet Engkle Invisible Kaus Kaki Pendek Setumit Hidden Sock,Rp3.696,3696.0
aksesoris-sepatu-wanita,Missoofficial.id KK1001 Kaos Kaki Pendek Motif Garis Kaki Pendek Murah Fashion Unisex,Rp3.713,3713.0
aksesoris-sepatu-wanita,Kaos Kaki Wanita Bahan Katun Halus Lembut Kartun Spongebob Nyaman Panjang,Rp55.000,55000.0
aksesoris-sepatu-wanita,Yang's Fashion Kaos Kaki Pendek Motif Beruang Bear Garis Fashion Ankle,Rp11.977,11977.0
aksesoris-sepatu-wanita,SHouseofcuff Kaos Kaki HOE LINER SOCKS BLUE,Rp35.000,35000.0
aksesoris-sepatu-wanita,You've (YouHave) korset kaki/Stoking terapi magnet 400021,Rp43.712,43712.0
aksesoris-sepatu-wanita,Yang's Fashion KK1228 Kaos Kaki Panjang Motif Garis Hijau Kaus Kaki Olahraga,Rp9.900,9900.0
aksesoris-sepatu-wanita,Bantalan sol sepatu alas sepatu wanita pelindung kaki depan alas anti kaki pegal insole sepatu/Busa Kaki Sol Dalam Sepatu Anti Lecet Five Finger Socks/Insole Bantalan Empuk Sol Bantalan Kaki Wanita Insole Kaki Depan Alas Sepatu Wanita Sol Sepatu Empuk,Rp43.900,43900.0
aksesoris-sepatu-wanita,"Sepatu wanita outdoor model baru yang modis, sepatu pantai, klasik dengan sol tebal bahan EVA anti selip, nyaman dan tahan lama, harga terjangkau",Rp57.500,57500.0
aksesoris-sepatu-wanita,YONGKI KOMALADI KAOS KAKI POLOS MOTIF PITA RIBBON SOCK07,Rp25.000,25000.0
aksesoris-sepatu-wanita,SUAY Tali Sepatu Gepeng Gemuk (WIDE) Warna Merah Muda Baby Pink - Panjang 120cm Lebar 12mm,Rp24.000,24000.0
aksesoris-sepatu-wanita,KIPZKAPZ F17 Black Pink - 115cm - Tali Sepatu Pipih / Flat Shoelace 8mm,Rp28.000,28000.0
aksesoris-sepatu-wanita,"Moves Cielo - Kaos Kaki Katun Polos Pattem Knitting Dibawah betis, All Size",Rp18.800,18800.0
aksesoris-sepatu-wanita,Kaos Kaki Twist Panjang Lolita Wanita Emga KCK1A Knitted Embos Polos Kaus Kaki Gaya Japanese Korean Solid Color Socks Motif Embos Renda Lace Stoking Setengah Bestis Bubble Knitted Rajut 3D Style Women Female Cewe Dewasa,Rp19.999,19999.0
aksesoris-sepatu-wanita,"Moves Elara - Kaos Kaki Katun Polos Earth Tone Dibawah Betis, Unisex All Size",Rp18.800,18800.0
aksesoris-sepatu-wanita,Emga Kaos Kaki Pendek Invisible Paket Isi 6 Pcs Balet S01C Invisible Socks Unisex Pria Wanita Pendek Hidden Sock,Rp76.999,76999.0
aksesoris-sepatu-wanita,"Alfamidi LINK ""Insole plantar fasciitis support terapi Kaki Pecah plantar fasciitis Sepatu Bantalan Penyangga Wanita Spur Pain Cushion-1 Pasang """,Rp28.900,28900.0
aksesoris-sepatu-wanita,Sol Alas Kaki Magnet Terapi Size 35-40 Foot Pad Heel Insert Orthopedic Othortics Insole Magnetic Shoe Sandal Sepatu Sendal,Rp35.000,35000.0
aksesoris-sepatu-wanita,Kaos Kaki Wanita Motif Bunga Biru Renda Garis Korea / Kaos Kaki Semata kaki ankle shock,Rp9.000,9000.0
aksesoris-sepatu-wanita,KIPZKAPZ Group ZigZag Braid - Tali Sepatu Pipih / Flat Shoelace 8mm,Rp28.000,28000.0
aksesoris-sepatu-wanita,SUAY Tali Sepatu Gepeng Pipih (FLAT) Warna Ungu Muda Mild Violet - Panjang 110cm Lebar 8mm,Rp24.000,24000.0
aksesoris-sepatu-wanita,Toyobo Sepatu Multi Fungsi Karet Sawah Kebun Sol Pull Anti Licin Anti Air Lentur Flexsibel Size 37-43 untuk Berbagai Aktivitas,Rp47.000,47000.0
aksesoris-sepatu-wanita,Kaozelo Stiker Tambalan Insole Sepatu Pelindung Tumit 6 PCS - YXZ22,Rp23.900,23900.0
aksesoris-sepatu-wanita,NANVAN NVN-CSW01 Kaos Kaki Tumit Silikon 0.6mm - Pelindung Tumit Pecah-Pecah & Pelembap Kaki,Rp13.500,13500.0
aksesoris-sepatu-wanita,X8 Marely Socks (Pink),Rp49.900,49900.0
aksesoris-sepatu-wanita,SUAY Tali Sepatu Gepeng Pipih (FLAT) Warna Hijau Fresh Mint - Panjang 110cm Lebar 8mm,Rp24.000,24000.0
aksesoris-sepatu-wanita,NICEFACE - Kaos Kaki Balet Engkle Invisible Kaus Kaki Pendek Setumit Hidden Sock,Rp35.000,35000.0
aksesoris-sepatu-wanita,SK PAKET ISI 5PASANG P51 P54 Kaos Kaki Pendek Dewasa Semata Kaki Motif Polos Garis,Rp14.375,14375.0
aksesoris-sepatu-wanita,Brasay Kaos kaki Transparan Wanita Dengan Slip Gel Anti Licin Stocking Pendek Semata kaki Anti Slip Stockings Socks Girl 2164,Rp4.399,4399.0
aksesoris-sepatu-wanita,Tali Sepatu Wanita yang Dapat Dilepas dengan Penggantian Sepatu Hak Tinggi Gesper Anti Selip,Rp12.900,12900.0
aksesoris-sepatu-wanita,POLINI- Kaos kaki ankle pendek Wanita Motif Daisy Transparan kaos kaki pendek semata,Rp7.166,7166.0
aksesoris-sepatu-wanita,Yang's - Kaos Kaki Motif Beruang Bear Biru Blue Fashion Pendek Ankle,Rp12.363,12363.0
aksesoris-sepatu-wanita,BEANABELL Insole Sepatu Flat Foot Orthopedic Anak Dewasa Arch Support Sol Dalam Sepatu Empuk Insole Kaki Datar 35-46,Rp29.000,29000.0
aksesoris-sepatu-wanita,HEEL CUP Gel Support Insole 2Pcs / Alas sepatu insoles GEL Heels Cushion bantalan Silikon Tumit Kaki / Alas tumit kaki Pad plantar Fasciitis NIHONMART,Rp29.000,29000.0
aksesoris-sepatu-wanita,SUNAFIX Kaos Kaki Wanita Semata Kaki / Ankle Socks - CS 08,Rp26.900,26900.0
aksesoris-sepatu-wanita,KIPZKAPZ F12 Green Stabilo - 115cm - Tali Sepatu Pipih / Flat Shoelace 8mm,Rp28.000,28000.0
aksesoris-sepatu-wanita,KAMJE Kaos Kaki Terapi Kesehatan Magnetic Anti Pegal Nyeri Penghangat Dengan Pemanas Magnetik,Rp35.000,35000.0
aksesoris-sepatu-wanita,KIPZKAPZ RIBBON RFS5C Renda Lace Trim Ribbon Cream - 90cm 115cm 140cm - Tali Sepatu Pipih / Flat Shoelace 17mm,Rp35.000,35000.0
aksesoris-sepatu-wanita,Missoofficial.id KK1111 Kaos Kaki Panjang Motif Garis Hitam Putih Kaus Kaki Olahraga Atas Mata Kaki Unisex Kekinian,Rp4.029,4029.0
aksesoris-sepatu-wanita,Kaos Kaki Knit Pendek Rajut Monberry KR1D Lolita Wanita Knitted Embos Polos Kaus Kaki Gaya Japanese Korean Solid Color Socks Motif Embos Renda Lace Stoking Setengah Bestis Bubble Knitted Rajut 3D Style Women Female Cewe Dewasa,Rp19.999,19999.0
aksesoris-sepatu-wanita,KATAKAKI - Tali Sepatu Bulat Round (HITAM) 4MM 100Cm,Rp31.880,31880.0
aksesoris-sepatu-wanita,"1Pair Alat Koreksi Kuku Kaki, Korektor Jempol Jari Kaki, Korektor hallux valgus Lindungi kaki Anda",Rp23.900,23900.0
aksesoris-sepatu-wanita,"Tali Sepatu Heels Sandal Aksesoris 2in1 – Ganti Gaya Sandal ke Selop, Mudah Pasang Tanpa Instalasi Rumit 【TOPSLINGS】",Rp15.000,15000.0
aksesoris-sepatu-wanita,KIPZKAPZ SHOE CHARM - SCM9 - Twisted Metal Gold,Rp25.000,25000.0
aksesoris-sepatu-wanita,NO DESIGN Kaos Kaki Pria Motif Beruang Dandy Bear Korea Premium,Rp41.625,41625.0
aksesoris-sepatu-wanita,WAAC SOCKS WOMEN FW25 WGLCX25610-GRL FR,Rp399.000,399000.0
aksesoris-sepatu-wanita,"Rightbox ID, Kaos Kaki Pendek Semata Kaki Motif Garis, One Size Dewasa 1",Rp13.700,13700.0
aksesoris-sepatu-wanita,SPENCO Medics Diabetic Insole,Rp799.000,799000.0
aksesoris-sepatu-wanita,Kaos Kaki CoolDeSocks Ladies | Red Skulls,Rp69.000,69000.0
aksesoris-sepatu-wanita,NO DESIGN Kaos Kaki Wanita Sport Tebal Korea Premium - Cushion Short,Rp55.500,55500.0
aksesoris-sepatu-wanita,Hush Puppies Kaos Kaki Wanita Riley L Inv Socks Black,Rp153.200,153200.0
aksesoris-sepatu-wanita,Daiso Cupped Insoles -27cm to 28cm - 10.62in to 11.02in-,Rp33.000,33000.0
aksesoris-sepatu-wanita,Daiso Antimicrobial Foot Corn Pads (Cut To Size 2 Pads),Rp33.000,33000.0
aksesoris-sepatu-wanita,"YUMEE Kaus Kaki Yoga Anti-Selip untuk Wanita, Kaus Kaki Pilates, Kaus Kaki Tari, Kaus Kaki Latihan Silang",Rp29.000,29000.0
aksesoris-sepatu-wanita,Tali Benang Nylon Nilon Untuk Tasbih Gelang Sol Sepatu Hitam D9 Cone - Vee,Rp26.250,26250.0
aksesoris-sepatu-wanita,"Bantalan Tumit PU Silikon Perekat Diri – Bisa Dicuci Reusable, Unisex Semua Jenis Sepatu 【TOPSLINGS】",Rp29.000,29000.0
aksesoris-sepatu-wanita,Kaos Kaki CoolDeSocks Ladies | Koala,Rp69.000,69000.0
aksesoris-sepatu-wanita,"Bantalan Gel Setengah Jari Kaki Anti Slip, Cocok untuk Pria & Wanita dan Semua Jenis Sepatu 【KOSMEBLAB】",Rp35.000,35000.0
aksesoris-sepatu-wanita,Adorable Projects - Naura Shoe Clip - Aksesoris Sepatu,Rp69.000,69000.0
aksesoris-sepatu-wanita,Hush Puppies Kaos Kaki Luna L Inv Socks Yl / Bl / Pk,Rp90.000,90000.0
aksesoris-sepatu-wanita,"【SOFEISTORE】62.5cm Panjang, Stand Pengangkat Sepatu Profesional Bentuk Sendok Plastik dengan Pengait Magnetik",Rp51.900,51900.0
aksesoris-sepatu-wanita,WAAC SOCKS WOMEN FW25 WGLCX25610-PIL FR,Rp399.000,399000.0
aksesoris-sepatu-wanita,NO DESIGN Kaos Kaki Wanita Motif Kelinci Sneakers Korea Premium - Peeking Rabbit,Rp41.625,41625.0
aksesoris-sepatu-wanita,Hush Puppies Kaos Kaki Wanita WH HIKE Ladies Quarter Sock Mustard USLS2521MU,Rp109.500,109500.0
aksesoris-sepatu-wanita,Brandluxid Baby GG Logo Socks Pink,Rp1.600.000,1600000.0
aksesoris-sepatu-wanita,HEIJI - Kaos Kaki Sport Unisex Anti Bau Adem,Rp99.000,99000.0
aksesoris-sepatu-wanita,Digap Alat Deteksi Jantung Janin Fetal Doppler LCD Heartrate - YSL-T505/YSL-505,Rp177.000,177000.0
aksesoris-sepatu-wanita,TALI SEPATU ORTUSEIGHT ELASTIC LACE LOCK - ELECTRICITY,Rp31.200,31200.0
aksesoris-sepatu-wanita,Sox galeri Men Cotton Casual Low Cut Hidden Socks - Solid Colour,Rp59.900,59900.0
aksesoris-sepatu-wanita,Ataru Set 6 Pcs Aksesoris Sandal Mini Bows Shoes Charm Bitz Sendal Bits Sandal Hiasan Sepatu Sendal Lucu,Rp45.900,45900.0
aksesoris-sepatu-wanita,LOVII Kaos Kaki Yoga Wanita Pendek Anti Slip Tersedia Dalam 6 Warna,Rp28.900,28900.0
aksesoris-sepatu-wanita,AZKO Ataru Set 2 Pcs Aksesoris Sepatu Charms Pearl Ribbon - Putih Tempat Sepatu Dekorasi Hiasan Decoration Shoes,Rp80.400,80400.0
aksesoris-sepatu-wanita,Ataru Set 2 Pcs Aksesoris Sandal Bow - Putih Ivory Shoes Charm Bitz Sendal Bits Sandal Hiasan Sepatu Sendal Lucu,Rp21.900,21900.0
aksesoris-sepatu-wanita,1 Pasang Pelindung Hak Elastis Yang Dapat Disesuaikan Tali Sepatu Hak Tinggi Bening Aksesori,Rp26.900,26900.0
aksesoris-sepatu-wanita,Hush Puppies Kaos Kaki Wh Hike L Qua Sock Mustard,Rp109.500,109500.0
aksesoris-sepatu-wanita,Hush Puppies Kaos Kaki Eva L Qua Socks Pk / Yl,Rp99.500,99500.0
aksesoris-sepatu-wanita,UNIVERSAL TRAVELER WOMEN WINTER SOCKS SKCW25163,Rp531.000,531000.0
aksesoris-sepatu-wanita,Bodyoption Kaoskaki Fashion Wanita - Nomo Nylon Socks,Rp34.999,34999.0
aksesoris-sepatu-wanita,Kaos Kaki Wanita Panjang Garis Monberry KWP1A Vertical Stripes Wanita Old School Solid Color Polos Women Socks Sekolah Pergi Kantor Kuliah Kaus Kaki Dewasa Remaja Korea Jepang Olahraga Atas Mata Kaki Basic Casual Wanita Cewe,Rp19.999,19999.0
aksesoris-sepatu-wanita,WAAC SOCKS WOMEN FW25 WGLCX25712-IVX FR,Rp529.000,529000.0
aksesoris-sepatu-wanita,Daiso Knee Length Socks Colored Without Contaminating Water (US: 5 - 8),Rp33.000,33000.0
aksesoris-sepatu-wanita,Daiso Insole -Thin - 22cm to 25cm -,Rp33.000,33000.0
aksesoris-sepatu-wanita,Daiso Antimicrobial Foot Corn Pads (For Between Toes Slit-Type 4 Pads),Rp33.000,33000.0
aksesoris-sepatu-wanita,Daiso Shiratama Cushion Insole -23cm to 25cm - 9.05in to 9.84in-,Rp77.000,77000.0
aksesoris-sepatu-wanita,SPENCO Bundle Orthotic Insole Total Support Original + ALTAFIT V1 Orthotic Sandal Black – Bundle Insole Ortotik & Ortotik Sandal,Rp1.448.000,1448000.0
aksesoris-sepatu-wanita,Hush Puppies Kaos Kaki Wanita RILEY Ladies Invicible SOCKS Pink USL24029PK,Rp99.500,99500.0
aksesoris-sepatu-wanita,WAAC SOCKS WOMEN FW25 WGLCX25715-BRL FR,Rp529.000,529000.0
aksesoris-sepatu-wanita,Nukus Tali Sepatu Pipih Gepeng Ceper Lempeng Putih - 100 cm Shoe,Rp8.000,8000.0
aksesoris-sepatu-wanita,NO DESIGN Kaos Kaki Wanita Invisible Warna Pastel Korea Premium - Hidden Sock Pastel,Rp41.625,41625.0
aksesoris-sepatu-wanita,Hush Puppies Kaos Kaki Wanita Hp X Smileyworld Socks White / Cream,Rp229.000,229000.0
aksesoris-sepatu-wanita,NICEFACE - Kaos Kaki Anti Slip Tali Silang Socks Pound Ballet Yoga Pilates Unisex Yoga Senam,Rp29.721,29721.0
aksesoris-sepatu-wanita,White Mode Claire Socks - Kaos Kaki Wanita,Rp59.900,59900.0
aksesoris-sepatu-wanita,Kaozelo Copper Kaos Kaki Kesehatan Stovepipe Sock Unisex 36-41 - F2001,Rp47.800,47800.0
aksesoris-sepatu-wanita,Digap Alat Terapi Pernapasan Ultrasonic Nebulizer Portable - MY-520A,Rp356.400,356400.0
aksesoris-sepatu-wanita,NO DESIGN Kaos Kaki Wanita Motif Beruang Signature Bear Korea Premium,Rp41.625,41625.0
aksesoris-sepatu-wanita,NO DESIGN Kaos Kaki Wanita Corduroy Basic Korea Premium,Rp41.625,41625.0
aksesoris-sepatu-wanita,Tali Sepatu Pipih (1 Pasang) Original Sneakers Sepak Bola Futsal Casual Shoe,Rp8.950,8950.0
aksesoris-sepatu-wanita,SPENCO Bundle Orthotic Insole Total Support Original + ALTAFIT V1 Orthotic Sandal Beige – Bundle Insole Ortotik & Sandal Ortotik,Rp1.448.000,1448000.0
aksesoris-sepatu-wanita,KAMJE Kaos Kaki Terapi Kesehatan Magnetic Anti Pegal Nyeri Penghangat Dengan Pemanas Magnetik,Rp35.000,35000.0
aksesoris-sepatu-wanita,"Rightbox ID, Kaos Kaki Pendek Semata Kaki Motif Garis, One Size Dewasa",Rp13.700,13700.0
aksesoris-sepatu-wanita,KIPZKAPZ RIBBON RFS5C Renda Lace Trim Ribbon Cream - 90cm 115cm 140cm - Tali Sepatu Pipih / Flat Shoelace 17mm,Rp35.000,35000.0
aksesoris-sepatu-wanita,Kyeoka By Mayonette Kaos Kaki - Kaos Kaki Polos Jaring Transparan Wanita,Rp19.900,19900.0
aksesoris-sepatu-wanita,FANETTE HARBEN FEYRINS Kaos Kaki Wanita Anak Lucu Cute Katun Lembut Halus Katun Panjang Motif,Rp45.000,45000.0
aksesoris-sepatu-wanita,Universal Traveller WOOL TECH SOCKS SKWW23191,Rp450.000,450000.0
aksesoris-sepatu-wanita,Custom Insole (Khusus Produk Enchante Collection),Rp4.999,4999.0
aksesoris-sepatu-wanita,Digap Pengukur Tinggi Badan Digital Ultrasonic Height Measure 200cm - KL-SG03,Rp321.600,321600.0
aksesoris-sepatu-wanita,Daiso Regular Socks -Black Plain - 3 Pairs-,Rp55.000,55000.0
aksesoris-sepatu-wanita,Daiso High Water-Absorption Socks - For Women - Coarse Mesh - Very Short Length -,Rp33.000,33000.0
aksesoris-sepatu-wanita,Daiso Adult Ladies Regular Socks - Nylon - Plain - Deep Opening -,Rp33.000,33000.0
aksesoris-sepatu-wanita,"Sol Sepatu Peninggi Badan 4 Layer Air Cushion, Dapat Dipotong dan Diatur Tingginya 3-7.5cm 【TOPSLINGS】",Rp49.000,49000.0
aksesoris-sepatu-wanita,X EIGHT Rofi Socks - Kaos Kaki Wanita,Rp54.900,54900.0
aksesoris-sepatu-wanita,"Rightbox, Kaos Kaki Panjang Selutut, Bahan Katun Nylon",Rp14.920,14920.0
aksesoris-sepatu-wanita,Balmoral 1 Pasang Kaos Kaki Remaja - Dewasa Ladies Hidden Socks No Show Stripe Cotton Blend,Rp26.320,26320.0
aksesoris-sepatu-wanita,Kaos Kaki Panjang Leg Warmer Wanita Rajut Tebal Fashion Harajuku JK Style Lolita Jepang Korea Motif Belang Rainbow Cocok Musim Dingin Cosplay Vintage,Rp29.000,29000.0
aksesoris-sepatu-wanita,Ataru Set 9 Pcs Aksesoris Sandal Flower & Bow Series Shoes Charm Bitz Sendal Bits Sandal Hiasan Sepatu Sendal Lucu,Rp45.900,45900.0
aksesoris-sepatu-wanita,Garuda - Socks Strip Kita Garuda | Kaos Kaki,Rp70.785,70785.0
aksesoris-sepatu-wanita,"Alas Bawah Sol Tumit Sepatu Anti Slip, Pola Butiran Unik untuk Semua Jenis Sepatu 【TOPSLINGS】",Rp19.000,19000.0
aksesoris-sepatu-wanita,SAHABAT-MANCING 1Pasang Bantalan tumit kaki sakit Insoles Cushion Terapi Sarung Fasciitis Heel Bantalan lecet sepatu,Rp28.900,28900.0
aksesoris-sepatu-wanita,Digap Plester Kaki Anti Lecet Pelindung Tumit Silikon Anti Air - YXZ5M,Rp29.600,29600.0
aksesoris-sepatu-wanita,Katakaki Tali Sepatu Bulat 4MM 100Cm 125Cm 145Cm Signature,Rp31.880,31880.0
aksesoris-sepatu-wanita,Hush Puppies Ella Socks Wanita,Rp179.150,179150.0
aksesoris-sepatu-wanita,Obermain Ob Liner Sock Wanita,Rp149.250,149250.0
aksesoris-sepatu-wanita,LE COQ SOCKS W LG5SSO13L RJM ANKLE OR00 25SS 22-24,Rp98.670,98670.0
aksesoris-sepatu-wanita,【Sunlight】 Sepatu Bot Ankle Clown Wanita Model Baru 2026 Sol Tebal Penambah Tinggi Jempol Sepatu Bot Hujan Bertali Tinggi 580M,Rp118.888,118888.0
aksesoris-sepatu-wanita,SUAY Tali Sepatu Semi Bulat (OVAL) Warna Hijau Fresh Mint - Panjang 110cm Lebar 6mm,Rp24.000,24000.0
aksesoris-sepatu-wanita,Monberry Kaos Kaki K02A Pendek Semata Kaki Pria Wanita Unisex Sock Polos Socks Olahraga,Rp14.999,14999.0
aksesoris-sepatu-wanita,WAAC SOCKS MEN FW25 WQLCX25541-WHX FR,Rp799.000,799000.0
aksesoris-sepatu-wanita,Hush Puppies Kaos Kaki Wanita Hp Smiley X Smileyworld Socks Blue / Cream,Rp229.000,229000.0
aksesoris-sepatu-wanita,Adorable Projects - Gracia Shoe Charm - Aksesoris Sepatu,Rp85.000,85000.0
aksesoris-sepatu-wanita,Hush Puppies Kaos Kaki Helen L Inv Sock Purple/Pink/Blue,Rp109.500,109500.0
aksesoris-sepatu-wanita,TALI SEPATU CATERPY S - TROPICAL BLUE (20in/50cm),Rp147.000,147000.0
aksesoris-sepatu-wanita,Adorable Projects - Layerni Shoe Charm Colorblock - Aksesoris Sepatu,Rp85.000,85000.0
aksesoris-sepatu-wanita,KIPZKAPZ SHOE CHARM - SCF6 - PINK RIBBON CRYSTAL SPARKLING,Rp40.000,40000.0
aksesoris-sepatu-wanita,Sepatu berlubang berwarna khaki yang bernapas dengan gesper sepatu kartun lucu,Rp62.000,62000.0
aksesoris-sepatu-wanita,Alfamidi LINK 2pcs kaus Kaki Silikon anti kaki Pecah Pecah Kaos Kaki Gel Silicone Moisturizing Gel Sock Multi-tujuan,Rp54.900,54900.0
aksesoris-sepatu-wanita,Hush Puppies Mila L Ankle Socks Wanita,Rp179.150,179150.0
aksesoris-sepatu-wanita,WAAC SOCKS WOMEN FW25 WQLCX25512-REX FR,Rp499.000,499000.0
aksesoris-sepatu-wanita,NO DESIGN Kaos Kaki Wanita Motif Grafiti Korea Premium,Rp55.500,55500.0
aksesoris-sepatu-wanita,Melissa Cozy M-broidered Socks,Rp249.900,249900.0
aksesoris-sepatu-wanita,Bie - Tali Sepatu Sneakers Flat 100cm Shoelace Kuat Anti Putus Universal Untuk Sepatu Sneakers Sport Kasual,Rp9.900,9900.0
aksesoris-sepatu-wanita,Sox galeri Men Cotton Casual Low Cut Hidden Socks - Solid Colour,Rp59.900,59900.0
aksesoris-sepatu-wanita,SUNAFIX Ankle Socks / Kaos Kaki Semata Kaki - CSM 279,Rp29.900,29900.0
aksesoris-sepatu-wanita,NICEFACE - Kaos Kaki Motif Beruang Bear Garis Fashion Pendek Ankle Semata Kaki Socks Korean Cute,Rp19.227,19227.0
aksesoris-sepatu-wanita,Terlaris !!! Kaos Kaki Mata Kaki Pendek Wanita & Anak Kartun Polos Love Hitam Putih Cream Abu,Rp15.950,15950.0
aksesoris-sepatu-wanita,【OXY】Women's Mid Tube Socks Two Pairs 4056,Rp19.900,19900.0
aksesoris-sepatu-wanita,Daiso Sports Socks - For Women - Short Length - Plain -,Rp33.000,33000.0
aksesoris-sepatu-wanita,Daiso Ankle Socks - Navy - Mickey Mouse -,Rp55.000,55000.0
aksesoris-sepatu-wanita,Hush Puppies Kaos Kaki Wanita HELEN L Inv Sock Purple/Pink/Blue,Rp109.500,109500.0
aksesoris-sepatu-wanita,Shoe LaceEversac Poly Flat Asahi Garis 8 Mm Yellow,Rp22.000,22000.0
aksesoris-sepatu-wanita,Digap Stiker Tambalan Insole Sepatu Pelindung Tumit 6 PCS - YXZ22,Rp23.900,23900.0
aksesoris-sepatu-wanita,Kaos Kaki Pendek Casual Wanita - I26,Rp28.000,28000.0
aksesoris-sepatu-wanita,AZKO Ataru Set 2 Pcs Aksesoris Sepatu Pearl Ribbon - Putih Shoes Charm Bitz Sendal Bits Sandal Hiasan Sepatu Sendal Lucu,Rp80.400,80400.0
aksesoris-sepatu-wanita,"Sandali wanita santai bergaya Korea, sepatu hak tinggi sol tebal, bahan EVA, anti slip, nyaman, dan tahan lama, harga terjangkau, bisa dipadukan dengan gesper kartun",Rp48.000,48000.0
aksesoris-sepatu-wanita,Daiso Mesh Felt Cup Insole -24cm to 28cm - 9.4 to 11 -,Rp33.000,33000.0
aksesoris-sepatu-wanita,"YUMEE Kaos Kaki Yoga Anti Slip - Tali Silang, Lapisan Kaos Kaki Yoga Gym Banyak Warna",Rp29.000,29000.0
aksesoris-sepatu-wanita,Yang's - Kaos Kaki Motif Beruang Bear Biru Blue Fashion Pendek,Rp9.524,9524.0
aksesoris-sepatu-wanita,WAAC SOCKS WOMEN FW25 WGLCX25715-BRD FR,Rp529.000,529000.0
aksesoris-sepatu-wanita,"BITCBae 1PC Sepatu Boot Karet Petani Sawah Panjang Celana bisa melindungi dari kotoran, air, lumpur, dll",Rp195.000,195000.0
aksesoris-sepatu-wanita,Adorable Projects - Wipe Shoe Charm Brown - Hiasan Sepatu,Rp85.000,85000.0
aksesoris-sepatu-wanita,Hush Puppies Kaos Kaki Wanita HP SMILEY X SMILEYWORLD SOCKS Blue/Beige USLQS2554BLU,Rp229.000,229000.0
aksesoris-sepatu-wanita,WAAC SOCKS WOMEN FW25 WQLCX25511-WHX FR,Rp499.000,499000.0
aksesoris-sepatu-wanita,AZKO Ataru Set 2 Pcs Aksesoris Sepatu Charms Combi Ribbon - Mix Tempat Sepatu Dekorasi Hiasan Decoration Shoes,Rp80.400,80400.0
aksesoris-sepatu-wanita,EIGER WOMEN LILT LOW CUT SOCKS,Rp119.000,119000.0
aksesoris-sepatu-wanita,KAMJE Kaos Kaki Terapi Kesehatan Magnetic Anti Pegal Nyeri Penghangat Dengan Pemanas Magnetik,Rp35.000,35000.0
aksesoris-sepatu-wanita,"Rightbox ID, Kaos Kaki Pendek Semata Kaki Motif Garis, One Size Dewasa",Rp13.700,13700.0
aksesoris-sepatu-wanita,KIPZKAPZ RIBBON RFS5C Renda Lace Trim Ribbon Cream - 90cm 115cm 140cm - Tali Sepatu Pipih / Flat Shoelace 17mm,Rp35.000,35000.0
aksesoris-sepatu-wanita,Kyeoka By Mayonette Kaos Kaki - Kaos Kaki Polos Jaring Transparan Wanita,Rp19.900,19900.0
aksesoris-sepatu-wanita,FANETTE HARBEN FEYRINS Kaos Kaki Wanita Anak Lucu Cute Katun Lembut Halus Katun Panjang Motif,Rp45.000,45000.0
aksesoris-sepatu-wanita,"BITCBae 1PC Sepatu Boot Karet Petani Sawah Panjang Celana bisa melindungi dari kotoran, air, lumpur, dll",Rp195.000,195000.0
aksesoris-sepatu-wanita,Adorable Projects - Wipe Shoe Charm Brown - Hiasan Sepatu,Rp85.000,85000.0
aksesoris-sepatu-wanita,WAAC SOCKS WOMEN FW25 WQLCX25511-WHX FR,Rp499.000,499000.0
aksesoris-sepatu-wanita,Hush Puppies Kaos Kaki Andre M Qua Socks White / Black,Rp109.500,109500.0
aksesoris-sepatu-wanita,WAAC SOCKS WOMEN FW25 WGLCX25717-IVX FR,Rp529.000,529000.0
aksesoris-sepatu-wanita,Yang's - Kaos Kaki Balet Engkle Invisible Kaus Kaki Pendek Setumit Hidden Sock,Rp10.361,10361.0
aksesoris-sepatu-wanita,Tali Sepatu High Heels Kristal Mewah Detachable Shoe Straps Tali Pengikat Sepatu Kebesaran Aksesoris Sandal Pesta Wedding,Rp15.000,15000.0
aksesoris-sepatu-wanita,Alfamidi LINK Anti Slip Salju Alas Sepatu 8 paku nikel berlapis baja berkekuatan tinggi mudah dipasang serta dilepas,Rp28.900,28900.0
aksesoris-sepatu-wanita,Tali sepatu twisted cotton diameter 120cm,Rp19.000,19000.0
aksesoris-sepatu-wanita,Aksesori DIY untuk Sepatu dengan Lampu Bersinar Sandal Lucu Pesona 3D yang Dapat Dipisahkan,Rp25.000,25000.0
aksesoris-sepatu-wanita,NO DESIGN Kaos Kaki Wanita Motif Garis 2 Line Street Korea Premium,Rp41.625,41625.0
aksesoris-sepatu-wanita,SUNAFIX Kaos Kaki Telapak Anti Slip / Foot Cover Anti Slip - FCIS 25 AS,Rp28.900,28900.0
aksesoris-sepatu-wanita,EVERNEXT WOMEN Kaos Kaki Low Cut Polos Ankle Socks Kaos Kaki Anak Sekolah SD SMP SMA Laki-Laki Perempuan,Rp19.000,19000.0
aksesoris-sepatu-wanita,【Goth】Plain Rhinestone Ribbed Socks 8845,Rp59.000,59000.0
aksesoris-sepatu-wanita,"Sepatu wanita terbaru yang imut, sejuk dan nyaman, sol sepatu tebal anti selip, ekonomis dan terjangkau, terbuat dari bahan EVA, dilengkapi dengan hiasan sepatu kartun",Rp68.500,68500.0
aksesoris-sepatu-wanita,"【LOWA】Kaus Yoga Tali Silang Anti Slip – Profesional, Jari Terbuka (Cocok Tari, Gym)",Rp39.800,39800.0
aksesoris-sepatu-wanita,WAAC SOCKS WOMEN FW25 WGLCX25717-BKX FR,Rp529.000,529000.0
aksesoris-sepatu-wanita,Adorable Projects - Bloomys Shoe Charm - Aksesoris Sepatu,Rp85.000,85000.0
aksesoris-sepatu-wanita,Hush Puppies Flynn Socks Wanita,Rp119.450,119450.0
aksesoris-sepatu-wanita,Hush Puppies Kaos Kaki Wanita CLEO L ANKLE SOCKS White/Pink/Light Blue USLC2551WHT,Rp169.200,169200.0
aksesoris-sepatu-wanita,Yang's Fashion KK1252 Kaos Kaki Pendek Wanita Motif Bear Beruang,Rp10.000,10000.0
aksesoris-sepatu-wanita,Adorable Projects - Raven Shoe Clip - Aksesoris Sepatu,Rp69.000,69000.0
aksesoris-sepatu-wanita,Hush Puppies Kaos Kaki Wh Hike L Qua Sock Beige,Rp109.500,109500.0
aksesoris-sepatu-wanita,Hush Puppies Riley L Inv Socks Nylon Wanita,Rp162.150,162150.0
aksesoris-sepatu-wanita,Heel Guard ZX25R A-TECH K25785-KD,Rp2.882.000,2882000.0
aksesoris-sepatu-wanita,SUNAFIX Kaos Kaki Wanita / Ladies Socks - B 00270,Rp32.900,32900.0
aksesoris-sepatu-wanita,Insole Breathable Mesh - Insole Sepatu Koku Footwear,Rp49.000,49000.0
aksesoris-sepatu-wanita,Daiso Lightweight Thick Sole Insole -24cm to 27cm - 9.44in to 10.62in-,Rp33.000,33000.0
aksesoris-sepatu-wanita,Daiso Insole -For Business - 24.5cm to 25cm - 9.6in to 9.8in-,Rp33.000,33000.0
aksesoris-sepatu-wanita,WAAC SOCKS WOMEN FW25 WGLCX25612-WHX FR,Rp399.000,399000.0
aksesoris-sepatu-wanita,"Rightbox, Kaos Kaki OldSchool Motif Api, Bahan Katun, Panjang Sebetis 1",Rp19.728,19728.0
aksesoris-sepatu-wanita,"Bantalan Tumit Bahan Empuk, Mengurangi Gesekan dan Membuat Aktivitas Lebih Nyaman 【TOPSLINGS】",Rp15.000,15000.0
aksesoris-sepatu-wanita,Zenifa Tali Sepatu Bulat Sneakers Sepakbola Futsal,Rp15.900,15900.0
aksesoris-sepatu-wanita,Kaos Kaki CoolDeSocks Original | Pardon My French,Rp69.000,69000.0
aksesoris-sepatu-wanita,Kaos Kaki Rajut Wanita Twist Pendek Monberry KR1F Lolita Knitted Embos Polos Kaus Kaki Gaya Japanee Korean Solid Color Socks Motif Embos Renda Lace Stoking Setengah Bestis Bubble Knitted Rajut 3D Style Women Female Cewe Dewasa,Rp19.999,19999.0
aksesoris-sepatu-wanita,Bie - Tali Sepatu Anak Universal Regular Shoelace Jr Series Flat,Rp24.900,24900.0
aksesoris-sepatu-wanita,"Sticker Perbaiki Sepatu Bolong untuk Sneakers – Cocok untuk Bagian Jari Kaki & Tumit, Lindungi Kaki dari Cedera 【KOSMEBLAB】",Rp12.000,12000.0
aksesoris-sepatu-wanita,Shoe Clip Hiasan Sepatu Kristal Berlian 2Pcs Aksesori Bling Elegan Cocok untuk High Heel Flat Shoes Pesta Pernikahan dan Dekorasi Tas Wanita,Rp39.000,39000.0
aksesoris-sepatu-wanita,TALI SEPATU CATERPY S - FLAMINGO PINK (20in/50cm),Rp147.000,147000.0
aksesoris-sepatu-wanita,WAAC SOCKS WOMEN FW25 WGLCX25615-WIX FR,Rp529.000,529000.0
aksesoris-sepatu-wanita,NO DESIGN Kaos Kaki Wanita Pilates 3 Garis Anti Slip Korea Premium - Yoga Socks,Rp55.500,55500.0
aksesoris-sepatu-wanita,【361 Degrees】Cambrian 4.0 Sepatu kasual wanita dengan sol tebal lembut dan elastis bergaya serbaguna nyaman dan memiliki sirkulasi udara yang 682526777-blianjie,Rp427.848,427848.0
aksesoris-sepatu-wanita,KIPZKAPZ SHOE CHARM - SCF7 - BLACK PEARL RIBBON BOW TIE,Rp28.000,28000.0
aksesoris-sepatu-wanita,SAHABAT-MANCING[1Sepasang] tali sepatu tali elastis Serbaguna Aksesori sepatu Tali Sepatu Elastis Klip On 100cm 6mm,Rp18.900,18900.0
aksesoris-sepatu-wanita,TERLARIS !!! Kaos Kaki Lucu Minion Kartun Wanita Anak Unisex Cute Katun,Rp15.950,15950.0
aksesoris-sepatu-wanita,Tali Sepatu Nilon Dockmart kasual Panjang 80 - 120 cm,Rp20.000,20000.0
aksesoris-sepatu-wanita,KIPZKAPZ RIBBON RFS2C Gingham Checker White Beige - 90cm 115cm 140cm - Tali Sepatu Pipih / Flat Ribbon Shoelace 25mm,Rp35.000,35000.0
aksesoris-sepatu-wanita,WAAC SOCKS WOMEN FW25 WGLCX25712-BRD FR,Rp529.000,529000.0
aksesoris-sepatu-wanita,Daiso Absorbent Quick-Drying Insole -For Women-,Rp33.000,33000.0
aksesoris-sepatu-wanita,Daiso Short Socks - Navy - Donald Duck -,Rp55.000,55000.0
aksesoris-sepatu-wanita,"Profesional Kaus Yoga Anti Slip – Silikon, Tali Silang, Jari Terbuka (Tari, Gym)",Rp39.800,39800.0
aksesoris-sepatu-wanita,Kaos Kaki CoolDeSocks Ladies | Tandem Bike,Rp69.000,69000.0
aksesoris-sepatu-wanita,Bianca Socks by DAZZLE - kaos kaki woman all size,Rp60.000,60000.0
aksesoris-sepatu-wanita,SUNAFIX Kaos Kaki Semata Kaki / Ankle Socks Unisex - SBSSA,Rp43.900,43900.0
aksesoris-sepatu-wanita,Voted Socks Kaos Kaki Ladies Muse Long Katun Cushion Lembut Nyaman Wanita Panjang Motif,Rp95.400,95400.0
aksesoris-sepatu-wanita,Bie - Tali Sepatu Bie Universal Flat Multicolours Shoelace Black In 1st Gen Red,Rp49.900,49900.0
aksesoris-sepatu-wanita,KIPZKAPZ SHOE CHARM - SCF5 - BLACK RIBBON CRYSTAL SPARKLING,Rp40.000,40000.0
aksesoris-sepatu-wanita,Digap Alas Kaki Sol Sepatu Soft Silicone Gel Half Heel for Woman - J123,Rp37.400,37400.0
aksesoris-sepatu-wanita,Terzien - Kaos Kaki Jempol Motif Panjang Wanita - I20,Rp48.500,48500.0
aksesoris-sepatu-wanita,NO DESIGN Kaos Kaki Pria Middle Basic Korea Premium - Normal,Rp41.625,41625.0
aksesoris-sepatu-wanita,KIPZKAPZ RIBBON RFS5C Renda Lace Trim Ribbon Cream - 90cm 115cm 140cm - Tali Sepatu Pipih / Flat Shoelace 17mm,Rp35.000,35000.0
aksesoris-sepatu-wanita,FANETTE HARBEN FEYRINS Kaos Kaki Wanita Anak Lucu Cute Katun Lembut Halus Katun Panjang Motif,Rp45.000,45000.0
aksesoris-sepatu-wanita,"Moves Solace - Kaos Kaki Wanita Katun Polos Pendek Mata Kaki Ankle Socks, All Size",Rp17.900,17900.0
aksesoris-sepatu-wanita,Owngrace-Kaos Kaki Wanita Bahan Ice Silk Kaos Kaki Olahraga Warna Polos Desain Jaring Bahan katun anti bau Gym Sport Outdoor,Rp15.500,15500.0
aksesoris-sepatu-wanita,"Rightbox ID, Kaos Kaki Pendek Semata Kaki Motif Garis, One Size Dewasa",Rp13.700,13700.0
aksesoris-wanita,Grey Jack Kacamata Antiradiasi Blueray Bahan Metal Model Oval Style Unisex 1068,Rp599.000,599000.0
aksesoris-wanita,Grey Jack Kacamata Antiradiasi Blueray TR90 Model Kotak Bisnis 88022,Rp499.000,499000.0
aksesoris-wanita,Grey Jack Kacamata Titanium Kotak Ringan Simple Fashion Bisnis 95034,Rp999.000,999000.0
aksesoris-wanita,Grey Jack Kacamata Antiradiasi Blueray Kotak TR+Metal Pria Wanita 8634x,Rp359.000,359000.0
aksesoris-wanita,Grey Jack Kacamata Antiradiasi Blueray Model Kotak Bahan TR+Metal Fashion Wanita 9225,Rp899.000,899000.0
aksesoris-wanita,Grey Jack Kacamata Antiradiasi Blueray Titanium Ringan Model Oval 804,Rp1.200.000,1200000.0
aksesoris-wanita,Grey Jack Lensa Essilor Elements Minus Plus Cyl Blue Light Protection,Rp330.000,330000.0
aksesoris-wanita,Grey Jack Frame Kacamata Bahan Metal Simple Elegant Pria & Wanita 6168,Rp499.000,499000.0
aksesoris-wanita,Marc Jacobs Kacamata Pria S MJ 673/S HR308 61,Rp3.701.750,3701750.0
aksesoris-wanita,Grey Jack Kacamata Sunglasses Anti UV Sun Protection Bahan Metal 722,Rp599.000,599000.0
aksesoris-wanita,Grey Jack Kacamata Titanium model Kotak Frame Elegan Ringan Kokoh 8823,Rp1.200.000,1200000.0
aksesoris-wanita,Grey Jack Frame Kacamata Wanita Bahan Titanium Bulat Ringan 77026,Rp1.100.000,1100000.0
aksesoris-wanita,Gucci Kacamata Wanita F GU K 1194OA 001 55,Rp5.996.750,5996750.0
aksesoris-wanita,Nada Puspita - Nada Sunglasses,Rp649.350,649350.0
aksesoris-wanita,Kacamata Hitam Sunglasses Oval Polarized Fashion Berrybarton 814,Rp269.000,269000.0
aksesoris-wanita,MIGHTY kacamata hitam Kotak Wanita LOLITA BROWN sunglasses,Rp296.010,296010.0
aksesoris-wanita,KACAMATA ANTI RADIASI PHOTOCROMIC BLUECHROMIC BLUERAY ARMENIA WANITA,Rp147.510,147510.0
aksesoris-wanita,KYEOKA by Mayonette Chain Gold Kacamata Hitam Plastik Rectangle,Rp49.000,49000.0
aksesoris-wanita,EXECUTIVE Ring Belt 5-BEPCFO225L204 Dark Red,Rp129.900,129900.0
aksesoris-wanita,Kacamata Hitam Sunglasses Anti UV400 Stylish Kotak Pria Wanita - IOOI 2345,Rp79.000,79000.0
aksesoris-wanita,Seeouo Sunglasses Kacamata HItam Lens Anti UV 400 Protection Kotak Oversize Model Asian Fit Bahan TR90 G46,Rp77.000,77000.0
aksesoris-wanita,Seeouo Kacamata Antiradiasi Blueray Bahan TR90+Metal Model Oval Fashion Terbaru Simple Bisa Minus Photocromic Bluecromic Fashionable Pria Wanita 8329,Rp88.000,88000.0
aksesoris-wanita,Seeouo Kacamata Antiradiasi Blueray Style Kotak Bisnis Bahan TR90 328,Rp339.000,339000.0
aksesoris-wanita,Jakarta Selatan,Rp55.000,55000.0
aksesoris-wanita,Kacamata Minus Metal TR90 Bulat Anti Blueray Pria Wanita - IOOI M2995,Rp128.000,128000.0
aksesoris-wanita,Lensa Kacamata Minus/Silinder Kodak FSV 1.56 EvoBlue Intro CNC,Rp1.099.000,1099000.0
aksesoris-wanita,[FREE GIFT] Merchandise Dahua Baju / Topi / Helm Safety Helmet / Mystery Gift,Rp520.000,520000.0
aksesoris-wanita,Grey Jack Sunglasses AntiUV400 Protection Bahan Metal Model Kotak 111,Rp399.000,399000.0
aksesoris-wanita,Kacamata Hitam Sunglasses Aviator Anti Uv400 Polycarbonate Berrybarton ZS98082S,Rp129.000,129000.0
aksesoris-wanita,Seeouo Kacamata Anti Radiasi Blueray Bentuk Kotak Bisa Minus TR90 9305,Rp399.000,399000.0
aksesoris-wanita,DEMODAS Kacamata DG5234 Cat Eye Tipe Lensa Bluecromic Photocromic Antiradiasi Blueray Normal Minus Silinder Wanita,Rp264.000,264000.0
aksesoris-wanita,Seeouo Kacamata Sunglasses Fashion Anti UV 400 Protection Kotak Stylish Pria Wanita TR90+Metal Clear Vision G29,Rp88.000,88000.0
aksesoris-wanita,Berrybarton Kacamata Cat Eye Frame Tr90 Lensa Anti Radiasi Blueray Photocromic Bluecromic Fashion Women Daily Glasses Indoor Outdoor 8504,Rp129.000,129000.0
aksesoris-wanita,Kacamata Frame Kotak Tebal TR90 Terbaru Ringan dan Nyaman Lensa Photocromic Blueray Glasses Perlindungan Sinar Biru Gadget Fashion Modis Kalcer Kekinian Pria Wanita IOOI Eyewear 8495,Rp129.000,129000.0
aksesoris-wanita,Grey Jack Kacamata Hitam Sunglasses Anti UV 400 Protection Bahan Metal Fashion Wanita Oversi SIze Series,Rp599.000,599000.0
aksesoris-wanita,Kilat 1 Hari Jadi Selempang Wisuda Premium 2 Lapis Kain Custom Nama,Rp89.900,89900.0
aksesoris-wanita,Grey Jack Kacamata Antiradiasi Blueray Bulat TR90+Acetate Ringan Fashion Pria Wanita Bisa Minus Simple Terbaru 31101,Rp699.000,699000.0
aksesoris-wanita,Seeouo Kacamata Antiradiasi Blueray Model Kotak Half Browline Bahan Metal Kokoh Unisex Frame Korean Business Style Pria Wanita Bisa Minus 93061,Rp399.000,399000.0
aksesoris-wanita,Seeouo Frame Kacamata Plano Lens Bentuk Kotak Geometric Keren Bahan Titanium Bisa Minus Photocromic Style Glasses Unisex 20226,Rp599.000,599000.0
aksesoris-wanita,Viendo Frame Kacamata Photocromic Anti Radiasi Blueray Pria Wanita Pria Fotocromic Wanita Kecamata 2 in 1 Besi Bluecromic Elastik Cowok Fashion Potocromic TR90 -1.00/-2.00/-3.00/-4.00/-5.00/-6.00 Lensa Dewasa,Rp139.000,139000.0
aksesoris-wanita,Seeouo Frame Plano Lens Kacamata Bisa Minus Model Kotak Half Style TR90+Metal Kuat Fashion Style Unisex 9509 1667,Rp449.000,449000.0
aksesoris-wanita,Seeouo Kacamata Anti Radiasi Blueray Bentuk Kotak TR90+Metal Fashion Wanita Trendy 11901,Rp449.000,449000.0
aksesoris-wanita,Kacamata Hitam Sunglasses Anti UV Frame Kotak Pria Wanita - IOOI 8193,Rp119.000,119000.0
aksesoris-wanita,Grey Jack Kacamata Antiradiasi Blueray Model Oval Retro Style Vintage Keren Pria Wanita Bisa Minus Anti Radiasi Bluecromic 1068x,Rp699.000,699000.0
aksesoris-wanita,Seeouo Antiradiasi Blueray Kacamata Anti Sinar Biru Fashion Style Unisex Pria dan Wanita Design Kotak Aviator Metal Bisa Minus 7907,Rp559.000,559000.0
aksesoris-wanita,UPGRADE LENSA MINUS TINGGI / LENSA KE LEBIH TIPIS DAN RINGAN,Rp249.000,249000.0
aksesoris-wanita,Berrybarton Kacamata TR90 Minus Anti Radiasi Frame Square Blueray Photocromic Pria Wanita 9220,Rp129.000,129000.0
aksesoris-wanita,Viendo Kacamata Minus Photocromic Wanita Pria Cowok Korea Anti Radiasi Blueray Potocromic Fotocromic Frame Fashion Kecamata 2 in 1 Bluecromic Oval Besi Antiradiasi Sinar Matahari UV400 Kaca Mata Optik-1.00/-2.00/-3.00/-4.00/-5.00/-6.00 Lensa Glasses,Rp139.000,139000.0
aksesoris-wanita,3Mongkis - Frame Tempo Rae Knit Top,Rp525.000,525000.0
aksesoris-wanita,Mgee Scarf Syal Bandana Slayer Paisley Ikat Kepala M gee,Rp54.800,54800.0
aksesoris-wanita,Seeouo Kacamata Fashion Style Unisex Sunglasses Sun UV 400 Protection Polarized Bahan Alloy Ringan Kotak Stylish Pria dan Wanita 5150,Rp99.000,99000.0
aksesoris-wanita,Grey Jack Kacamata Antiradiasi Blueray Style bulat Tr90+Silicon sangat lembut dan nyaman Kekinian Bisa Minus Antiradiasi/Blueray/Photocromic/Bluecromic Kacamata Optik fashion wanita dan pria 204,Rp159.000,159000.0
aksesoris-wanita,Geela Official - Edelweis Tan Belt (G.032) - Ikat Pinggang Wanita,Rp239.940,239940.0
aksesoris-wanita,Hush Puppies Topi Unisex PHILL Beige,Rp209.500,209500.0
aksesoris-wanita,Kacamata Hitam Sunglasses Anti UV400 Polarized Kotak Fashion Pria Wanita - IOOI 950Sun,Rp89.000,89000.0
aksesoris-wanita,Mollucas-Sumba Gel Turtle-Gratis Lensa Minus Anti Radiasi-Kacamata,Rp990.000,990000.0
aksesoris-wanita,Obermain Carla Ladies Belt Wanita,Rp379.050,379050.0
aksesoris-wanita,Kacamata Anak Frame Kotak Terbaru TR90 Ringan dan Elastis Lensa Photocromic Blueray Glasses Perlindungan Sinar Biru Gadget Fashion Casual Trendi Pria Wanita IOOI Eyewear 2287,Rp89.000,89000.0
aksesoris-wanita,Grey Jack Kacamata Antiradiasi Blueray Model Kotak TR+Titanium Fashion Wanita Bisa Minus Simple Keren 12002,Rp279.000,279000.0
aksesoris-wanita,ZK-The Classic Hariet Grey-Frame Kacamata-Pria/Wanita-Minus/Silinder,Rp590.000,590000.0
aksesoris-wanita,Grey Jack Frame Kacamata Titanium Oval Modern Fashion Wanita New 98449,Rp999.000,999000.0
aksesoris-wanita,Grey Jack Kacamata Antiradiasi Blueray Model Oval TR+Metal 72057,Rp399.000,399000.0
aksesoris-wanita,Grey Jack Lensa Essilor Elements Minus Plus Cyl Blue Light Protection,Rp330.000,330000.0
aksesoris-wanita,Grey Jack Frame Kacamata Kotak Titanium Bisa Minus Style Simple 2326,Rp2.500.000,2500000.0
aksesoris-wanita,MIGHTY Kacamata PhotoChromic AntiRadiasi cat eye Wanita quinn creme,Rp296.010,296010.0
aksesoris-wanita,Berrybarton Kacamata Harian Frame Cat Eye Lensa Anti Radiasi Fashion Women Model Wanita 52406,Rp133.000,133000.0
aksesoris-wanita,Lensa Polycore Rx 1.50 Flat Top,Rp499.000,499000.0
aksesoris-wanita,Kacamata Cat Eye Anti Radiasi Wanita Lensa Minus Bluecromic Frame Metal TR Berrybarton S11916,Rp138.950,138950.0
aksesoris-wanita,Houseofcuff Scarf Syal Bandana Leher Pria Formal X11,Rp150.000,150000.0
aksesoris-wanita,Grey Jack Kacamata Antiradiasi Blueray Model Bulat TR+Metal Fashion Pria Wanita Bisa Minus Simple Keren 30280,Rp129.000,129000.0
aksesoris-wanita,PUMA Topi Olahraga / Running / Lari Unisex EVERYDAY RUNNING BB Cap Warna PUMA Black - 026998 01,Rp349.000,349000.0
aksesoris-wanita,Spray Pembersih Lensa Kacamata Layar Gadget Serbaguna Anti Debu Bersih dan Jernih 60ML IOOI Eyewear Spray 001,Rp28.000,28000.0
aksesoris-wanita,Kacamata Kotak Frame Rectangle Anti Radiasi Blueray Photocromic Pria Wanita Gaya Fashion Berrybarton 23005,Rp99.050,99050.0
aksesoris-wanita,(Beli 1 Minus Dapat Ganci Obeng) Kacamata Ghita Blueray Photocromic Bluecromic Lensa Minus Cylinder Laki-laki Perempuan Eyewear Glasses,Rp99.000,99000.0
aksesoris-wanita,Seeouo Kacamata Antiradiasi Blueray Oval Ringan Metal Bisa Minus Fashion Pria Wanita 6367,Rp599.000,599000.0
aksesoris-wanita,Seeouo Antiradiasi Blueray Kacamata Model Kotak Stylish Bahan TR90 Ringan dan Kokoh Fashion Style Unisex Bisa Minus 646,Rp339.000,339000.0
aksesoris-wanita,Familias - Dad Cap - Lane,Rp185.000,185000.0
aksesoris-wanita,Seeouo Sunglasses AntiUV400 Protection Kotak Oversize TR90+Metal 21079,Rp339.000,339000.0
aksesoris-wanita,Seeouo Kacamata Style Oval Classis Fashion Unisex Stylish Antiradiasi Blueray Lens Bisa Minus Photocromic Frame TR90 27069,Rp449.000,449000.0
aksesoris-wanita,Grey Jack Kacamata Antiradiasi Blueray Model Semi Kotak Oversized Laki-laki dan Wanita Ringan Bisa Minus Antiradiasi Blueray Photocromic 32057,Rp225.000,225000.0
aksesoris-wanita,Grey Jack Kacamata Antiradiasi Blueray Kotak Bahan Metal Ringan Fashion Simple Pria Wanita 1875,Rp129.000,129000.0
aksesoris-wanita,SATURDAYS - Cyclone Sunglasses Kacamata Hitam Pria & Wanita,Rp646.750,646750.0
aksesoris-wanita,Kacamata Lensa Minus Photocromic Anti Blueray Cat Eye Wanita TR Sson Tvte QQ7002,Rp219.000,219000.0
aksesoris-wanita,Sson Tvte Kacamata Lensa Minus Photocromic Fashion Remaja Pria Wanita Geometric Remaja Titanium Premium Eyewear 16107,Rp269.000,269000.0
aksesoris-wanita,PRTBL Baseball Racing Series PRTBL Warna Hijau Putih - Kualitas Bahan Premium - Unisex,Rp135.000,135000.0
aksesoris-wanita,MIGHTY Kacamata PhotoChromic AntiRadiasi Kotak Wanita MONNA BLACK,Rp296.010,296010.0
aksesoris-wanita,Lensa Kacamata Custom Indeks 1.56 (Ketebalan Standard),Rp1.980.000,1980000.0
aksesoris-wanita,Leather Tray Tatakan Kulit Asli Tempat Aksesoris Pliant Seneca,Rp199.000,199000.0
aksesoris-wanita,ZK-The Classic Hariet Grey-Frame Kacamata-Pria/Wanita-Minus/Silinder,Rp590.000,590000.0
aksesoris-wanita,Kacamata Frame Kotak Anti Radiasi Blueray Photocromic Fashion Berrybarton 1067 AB,Rp94.000,94000.0
aksesoris-wanita,Kacamata Hitam Sunglasses Kotak Polarized Fashion Skena Model Korea Gaya Pria Wanita Berrybarton 201 Polarize,Rp99.000,99000.0
aksesoris-wanita,Viendo Frame Kacamata Photocromic Anti Radiasi Blueray Pria Wanita Pria Fotocromic Wanita Kecamata 2 in 1 Besi Bluecromic Elastik Cowok Fashion Potocromic TR90 -1.00/-2.00/-3.00/-4.00/-5.00/-6.00 Lensa Dewasa,Rp139.000,139000.0
aksesoris-wanita,Grey Jack Kacamata Antiradiasi Blueray Model Oval Retro Style Vintage Keren Pria Wanita Bisa Minus Anti Radiasi Bluecromic 1068x,Rp699.000,699000.0
aksesoris-wanita,UPGRADE LENSA MINUS TINGGI / LENSA KE LEBIH TIPIS DAN RINGAN,Rp249.000,249000.0
aksesoris-wanita,Berrybarton Kacamata TR90 Minus Anti Radiasi Frame Square Blueray Photocromic Pria Wanita 9220,Rp129.000,129000.0
aksesoris-wanita,Viendo Kacamata Minus Photocromic Wanita Pria Cowok Korea Anti Radiasi Blueray Potocromic Fotocromic Frame Fashion Kecamata 2 in 1 Bluecromic Oval Besi Antiradiasi Sinar Matahari UV400 Kaca Mata Optik-1.00/-2.00/-3.00/-4.00/-5.00/-6.00 Lensa Glasses,Rp139.000,139000.0
aksesoris-wanita,Seeouo Frame Plano Lens Kacamata Bisa Minus Model Kotak Half Style TR90+Metal Kuat Fashion Style Unisex 9509 1667,Rp449.000,449000.0
aksesoris-wanita,Seeouo Antiradiasi Blueray Kacamata Anti Sinar Biru Fashion Style Unisex Pria dan Wanita Design Kotak Aviator Metal Bisa Minus 7907,Rp559.000,559000.0
aksesoris-wanita,Kacamata Hitam Sunglasses Anti UV Frame Kotak Pria Wanita - IOOI 8193,Rp119.000,119000.0
aksesoris-wanita,Grey Jack Kacamata Antiradiasi Blueray Style bulat Tr90+Silicon sangat lembut dan nyaman Kekinian Bisa Minus Antiradiasi/Blueray/Photocromic/Bluecromic Kacamata Optik fashion wanita dan pria 204,Rp159.000,159000.0
aksesoris-wanita,Kilat 1 Hari Jadi Selempang Wisuda Premium 2 Lapis Kain Custom Nama,Rp89.900,89900.0
aksesoris-wanita,Hush Puppies Topi Unisex PHILL Beige,Rp209.500,209500.0
aksesoris-wanita,Kacamata Frame Kotak Tebal TR90 Terbaru Ringan dan Nyaman Lensa Photocromic Blueray Glasses Perlindungan Sinar Biru Gadget Fashion Modis Kalcer Kekinian Pria Wanita IOOI Eyewear 8495,Rp129.000,129000.0
aksesoris-wanita,Geela Official - Edelweis Tan Belt (G.032) - Ikat Pinggang Wanita,Rp239.940,239940.0
aksesoris-wanita,Jakarta Selatan,Rp55.000,55000.0
aksesoris-wanita,Berrybarton Kacamata Cat Eye Frame Tr90 Lensa Anti Radiasi Blueray Photocromic Bluecromic Fashion Women Daily Glasses Indoor Outdoor 8504,Rp129.000,129000.0
aksesoris-wanita,Seeouo Kacamata Antiradiasi Blueray Model Kotak Half Browline Bahan Metal Kokoh Unisex Frame Korean Business Style Pria Wanita Bisa Minus 93061,Rp399.000,399000.0
aksesoris-wanita,Grey Jack Kacamata Antiradiasi Blueray Bulat TR90+Acetate Ringan Fashion Pria Wanita Bisa Minus Simple Terbaru 31101,Rp699.000,699000.0
aksesoris-wanita,Seeouo Frame Kacamata Plano Lens Bentuk Kotak Geometric Keren Bahan Titanium Bisa Minus Photocromic Style Glasses Unisex 20226,Rp599.000,599000.0
aksesoris-wanita,Seeouo Kacamata Anti Radiasi Blueray Bentuk Kotak TR90+Metal Fashion Wanita Trendy 11901,Rp449.000,449000.0
aksesoris-wanita,Grey Jack Kacamata Hitam Sunglasses Anti UV 400 Protection Bahan Metal Fashion Wanita Oversi SIze Series,Rp599.000,599000.0
aksesoris-wanita,3Mongkis - Frame Tempo Rae Knit Top,Rp525.000,525000.0
aksesoris-wanita,DEMODAS DG75250 Kacamata Kayu Lensa Photocromic Bluecromic Antiradiasi Blueray Minus Normal Silinder,Rp352.000,352000.0
aksesoris-wanita,Kacamata Frame Kotak Titanium Desain Elegan Ringan dan Nyaman Lensa Photocromic Blueray Glasses Perlindungan Sinar Biru Gadget Fashion Modis Gaya Korea Pria Wanita IOOI Eyewear BD6016Z,Rp369.000,369000.0
aksesoris-wanita,Berrybarton Kacamata Anti Radiasi Frame Cat Eye Lensa Blueray Photocromic Bluecromic Aksesori Fashion Wanita Perlindungan Sinar Biru Komputer TR8285 Anti Radiasi & Blueray Trendy Glasses,Rp159.000,159000.0
aksesoris-wanita,Bonsoir Reversible gancini 30mm belt gun metal buckle calf leather,Rp6.840.000,6840000.0
aksesoris-wanita,Kacamata Oval Unisek Calvin Full Titanium Antiradiasi Biru Bluecromic Blueray Eyewear Frame Lensa Photocromic Plastik Glasses,Rp136.950,136950.0
aksesoris-wanita,Kacamata Lensa Minus Photocromic Pria Wanita Kotak Sson Tvte 17104,Rp159.000,159000.0
aksesoris-wanita,Seeouo Frame Kacamata Lens Plano Style Oval Fashion Pria Wanita 98449,Rp799.000,799000.0
aksesoris-wanita,Seeouo Frame Kacamata Lensa Plano Sport Style Kotak TR90 Lentur 1118,Rp399.000,399000.0
aksesoris-wanita,Kacamata Minus Metal TR90 Kotak Anti Blueray Pria Wanita - IOOI H16170,Rp128.000,128000.0
aksesoris-wanita,"EAR PARTNER-Kacamata hitam tanpa bingkai yang stylish untuk wanita, tepi potongan berlian sederhana, bingkai besar, lensa berwarna terang, kacamata hitam gaya Eropa dan Amerika.",Rp155.000,155000.0
aksesoris-wanita,Kacamata Hitam Pria Wanita Frame Retro Fashion Korean Colorful Glasses Lensa Anti Uv Berrybarton 5158 S,Rp369.000,369000.0
aksesoris-wanita,Seeouo Kacamata Antiradiasi Blueray TR90 Model Kotak Bold Fashionable Comfortable Frame Unisex Bisa Minus Photocromic Bluecromic 8645,Rp133.000,133000.0
aksesoris-wanita,Viendo Kacamata Minus Photocromic Pria Bluecromic Wanita Anti Radiasi Blueray Kaca Mata Optik Fashion Terbaru Silinder Korean hp dan komputer Kaca Mata Optik Rabun Jauh -1.00/-2.00/-3.00/-4.00/-5.00/-6.00,Rp189.000,189000.0
aksesoris-wanita,Grey Jack Frame Kacamata Titanium Oval Modern Fashion Wanita New 98449,Rp999.000,999000.0
aksesoris-wanita,Grey Jack Kacamata Antiradiasi Blueray Model Oval TR+Metal 72057,Rp399.000,399000.0
aksesoris-wanita,Grey Jack Lensa Essilor Elements Minus Plus Cyl Blue Light Protection,Rp330.000,330000.0
aksesoris-wanita,Grey Jack Frame Kacamata Kotak Titanium Bisa Minus Style Simple 2326,Rp2.500.000,2500000.0
aksesoris-wanita,MIGHTY Kacamata PhotoChromic AntiRadiasi cat eye Wanita quinn creme,Rp296.010,296010.0
aksesoris-wanita,[5.5UPER DEALS] Voilaid Miller Reversible Belt 35mm Black Classic Cuoio Ghw,Rp4.683.000,4683000.0
aksesoris-wanita,Ataru Topi Baseball Nilon Color Patch - Biru Aksesoris Kepala Baseball Cap Topi Stylish Unisex Serbaguna Fashionable Hat Aksesoris Fashion Pria Wanita,Rp43.900,43900.0
aksesoris-wanita,ATARU TOPI BASEBALL SHORT BRIM MESH - HITAM,Rp57.400,57400.0
aksesoris-wanita,LOCAPVE Topi Baseball Kancing Logam outdoor sport Cap Casual Distro Fashion Pria Wanita golf cap,Rp89.800,89800.0
aksesoris-wanita,Kacamata Frame Bulat TR90 Ringan dan Nyaman Lensa Photocromic Blueray Glasses Anti Cahaya Biru Penggunaan Sehari-hari Fashion Pelajar Trendi Pria Wanita IOOI Eyewear 8023,Rp114.257,114257.0
aksesoris-wanita,Sunset Eyewear - Frame Kacamata Optical - TRCP 1345 C1,Rp90.000,90000.0
aksesoris-wanita,Sunset Eyewear - Frame Kacamata Optical - TR90 2528 C4,Rp80.000,80000.0
aksesoris-wanita,Sunset Eyewear - Frame Kacamata Optical - TRCP 1350 C2,Rp90.000,90000.0
aksesoris-wanita,Sunset Eyewear - Kacamata Hitam Sunglasses - SG3804C6,Rp80.000,80000.0
aksesoris-wanita,Sunset Eyewear - Frame Kacamata Optical - TRAC 9205 C1,Rp90.000,90000.0
aksesoris-wanita,Sunset Eyewear - Kacamata Hitam Sunglasses - SG 3658 C2,Rp80.000,80000.0
aksesoris-wanita,Sunset Eyewear - Kacamata Hitam Sunglasses - SG 3794 C1,Rp80.000,80000.0
aksesoris-wanita,Sunset Eyewear - Kacamata Hitam Sunglasses - SGA 8057 C2,Rp80.000,80000.0
aksesoris-wanita,Daiso Fit Over Sunglasses Slim,Rp33.000,33000.0
aksesoris-wanita,Sunset Eyewear - Frame Kacamata Optical - M 8137 C1,Rp90.000,90000.0
aksesoris-wanita,Sunset Eyewear - Frame Kacamata Clip On - CO 2218A C1,Rp120.000,120000.0
aksesoris-wanita,DRIPON topi jaring trucker TOSCA HITAM MERAH Hat,Rp105.000,105000.0
aksesoris-wanita,CHAZANDCO Kacamata Baca Plus Anti Radiasi Wanita Cowok Besi Korea UV400 Frame Fashion Terbaru Pria Komputer HP Anti Blueray Sinar Matahari Kaca Mata Optik +1.00 +1.50 +2.00 +2.50 +3.00 +3.50 +4.00-28 Perempuan Laki-Laki Lensa Wajah,Rp239.000,239000.0
aksesoris-wanita,Lensa Kacamata KODAK FSV 1.67 Asph UVBlue Clean N CleAR,Rp1.049.900,1049900.0
aksesoris-wanita,SATURDAYS - Dillon Eyewear Kacamata Pria & Wanita,Rp971.750,971750.0
aksesoris-wanita,Viendo kacamata minus photocromic anti radiasi Pria Plastik Besi Wanita Elastik TR90 Bulat Terbaru Korean Fashion Rabun Jauh Bluecromic Silinder Kaca Mata Optik UV400 hp dan komputer -1.00/-2.00/-3.00/-4.00/-5.00/-6.00 Blueray Lensa frame Eyewear Glasses,Rp119.000,119000.0
aksesoris-wanita,"RSG.EYEWEAR - Frame dan Lensa untuk Mata Normal , Minus , Minus Cyl dan Baca atau Plus - Kacamata Photocromic , Anti Radiasi , dan Bluecromic - Model Kotak Frame Tebal Pria dan Wanita",Rp59.202,59202.0
aksesoris-wanita,Grey Jack Frame Kacamata Model Kotak TR90 Model Bold Fashion Wanita dan Laki-laki Ringan Bisa Minus Antiradiasi Blueray Photocromic Bluecromic FRM 21056,Rp99.000,99000.0
aksesoris-wanita,Kacamata Kotak Lensa Anti Radiasi Blueray Photocromic Bold Frame Tebal Fashion Skena Viral Pria Wanita Berrybarton 275 AB,Rp129.000,129000.0
aksesoris-wanita,SATURDAYS - Haamilton Wide Eyewear Kacamata Pria & Wanita,Rp822.250,822250.0
aksesoris-wanita,SATURDAYS - Chipper Sunglasses Kacamata Hitam Pria & Wanita,Rp446.250,446250.0
aksesoris-wanita,Seeouo Frame Kacamata Plano Lens Style Glasses Pria dan Wanita Design Aviator Kekinian Titanium High Quality Frame Bisa Minus 6105,Rp999.000,999000.0
aksesoris-wanita,(Beli 1 Minus Dapat Ganci Obeng) Kacamata Awan Minus Antiradiasi Blueray Photocromic Bluecromic Pria Wanita Unisex Eyewear Frame Glasses Plastik Titanium Lensa,Rp122.500,122500.0
aksesoris-wanita,Sunset Eyewear - Kacamata Hitam Sunglasses - SG 3616 C1,Rp80.000,80000.0
aksesoris-wanita,Sunset Eyewear - Frame Kacamata Optical - TR90 638 C2,Rp80.000,80000.0
aksesoris-wanita,Sunset Eyewear - Frame Kacamata Optical - TR90 7009 C1,Rp80.000,80000.0
aksesoris-wanita,Sunset Eyewear - Frame Kacamata Optical - TRCP 28012 C2,Rp90.000,90000.0
aksesoris-wanita,Sunset Eyewear - Kacamata Hitam Sunglasses - SG 3528 C1,Rp80.000,80000.0
aksesoris-wanita,Sunset Eyewear - Frame Kacamata Optical - TR90 630 C1,Rp80.000,80000.0
aksesoris-wanita,Sunset Eyewear - Frame Kacamata Optical - TRM568C2,Rp90.000,90000.0
aksesoris-wanita,Sunset Eyewear - Kacamata Hitam Sunglasses - SG 3887 C8,Rp80.000,80000.0
aksesoris-wanita,Sunset Eyewear - Kacamata Hitam Sunglasses - SG6143C6,Rp80.000,80000.0
aksesoris-wanita,Sunset Eyewear - Kacamata Hitam Sunglasses - SG 3622 C4,Rp80.000,80000.0
aksesoris-wanita,Sunset Eyewear - Kacamata Hitam Sunglasses - SG 3738 C1,Rp80.000,80000.0
aksesoris-wanita,【Samphorid】Kacamata Hitam Persegi Rice Nail Kacamata Hitam Fashion Wanita Kacamata Hitam Tahan UV,Rp25.999,25999.0
aksesoris-wanita,KACAMATAMOO Lensa Kacamata Photobrown Photochromic Brown 1.56 -025 s/d -400 cyl -200 – Lensa Berubah Warna Cokelat Anti UV & Anti Radiasi,Rp230.000,230000.0
aksesoris-wanita,KACAMATAMOO Frame Kacamata Square LYN SQ-T 9727,Rp377.520,377520.0
aksesoris-wanita,Flashy Topi Olahraga CANLIMARE,Rp111.300,111300.0
aksesoris-wanita,KACAMATAMOO - Frame Kacamata Cat Eye CE8092,Rp210.000,210000.0
aksesoris-wanita,Luxilens - Herribel Frame Kacamata Cat eye Wanita Normal Minus Silinder lensa Bluecromic Photocromic Blueray,Rp72.765,72765.0
aksesoris-wanita,KACAMATAMOO - Frame Kacamata Cat Eye CE1026,Rp220.000,220000.0
aksesoris-wanita,【Samphorid】Kacamata Premium Kotak Tebal Anti Blueray Retro Fashion Terbaru Kacamata Untuk Kerja di Kantor - Bingkai Kuat & Nyaman untuk Sehari-hari,Rp60.899,60899.0
aksesoris-wanita,Nada Puspita - Monogrid Scarf,Rp325.000,325000.0
aksesoris-wanita,Togopigi - Topi Trucker Hat - Grean Bear,Rp59.999,59999.0
aksesoris-wanita,Berrybarton Sunglasses Square Fashion Wanita Model Oversize Anti Uv400 6104,Rp69.000,69000.0
aksesoris-wanita,Lensa Custom Untuk Minus Tinggi Ixoora Eyewear,Rp50.000,50000.0
aksesoris-wanita,Buff Original EcoStretch Neckwear Arky Midnight,Rp420.000,420000.0
aksesoris-wanita,【Goth】Sarung Tangan Renda Polka Dot Women Lace Polka Dot Gloves 8372,Rp59.000,59000.0
aksesoris-wanita,Swarna Tactical - Tactical Shemag - Syal/Sorban,Rp95.000,95000.0
aksesoris-wanita,TALOCCO Ikat Pinggang Kulit Pu Premium Wanita Lebar 2 cm,Rp46.750,46750.0
aksesoris-wanita,Grey Jack Kacamata Antiradiasi Blueray Tr90 Fashionable Oval New 8263,Rp430.000,430000.0
aksesoris-wanita,LOVE MOSCHINO KACAMATA WANITA F MLV MOL645 2OO 55,Rp1.695.750,1695750.0
aksesoris-wanita,KACAMATA BLUECROMIC MURAH LENTUR 21471 RINGAN PRIA DAN WANITA,Rp242.000,242000.0
aksesoris-wanita,Seeouo Kacamata Hitam Sunglasses Anti UV400 Protection Bulat 9202,Rp99.000,99000.0
aksesoris-wanita,1986 Vintage Baseball Caps - Topi Baseball Retro Classic Hat,Rp129.000,129000.0
aksesoris-wanita,Grey Jack Frame Kacamata Titanium Oval Modern Fashion Wanita New 98449,Rp999.000,999000.0
aksesoris-wanita,Grey Jack Lensa Essilor Elements Minus Plus Cyl Blue Light Protection,Rp330.000,330000.0
aksesoris-wanita,KACAMATA Wanita ANTIRADIASI PHOTOCHROMIC BLUERAY SASHA Minus Plus,Rp147.510,147510.0
aksesoris-wanita,Grey Jack Kacamata Antiradiasi Blueray TR90 Ringan Style Oval Pria & Wanita 3518,Rp399.000,399000.0
aksesoris-wanita,ALILA 70x70cm Korean syal scarf leher scarf tas neck scarf,Rp49.000,49000.0
aksesoris-wanita,GUY LAROCHE Kacamata Unisex F GL 2224 C7 51,Rp752.250,752250.0
aksesoris-wanita,Qina Kacamata Wanita F QI QJ5083 B90 53,Rp416.500,416500.0
aksesoris-wanita,Wellborn Crook Bandana Blue,Rp81.000,81000.0
aksesoris-wanita,MOLSION Kacamata Wanita F MOL MJ6152 B13 51,Rp1.432.250,1432250.0
aksesoris-wanita,Grey Jack Kacamata Antiradiai Blueray Style TR90+Alloy Kotak Fashion Wanita Trendy 0047,Rp599.000,599000.0
aksesoris-wanita,Kacamata Minus Metal PC Cat Eye Anti Blueray Classy Wanita - IOOI 8329,Rp89.000,89000.0
aksesoris-wanita,Seeouo Kacamata Antiradiasi Blueray Style Cat Eye TR90+Metal 3008,Rp339.000,339000.0
aksesoris-wanita,Seeouo Kacamata Hitam Anti UV 400 Protection Style Kotak Fashion Trendy TR90 Sunglasses Fashion Pria Wanita 9346,Rp88.000,88000.0
aksesoris-wanita,Seeouo Kacamata Anti Radiasi Blueray Aviator Fashion Pria Wanita TR90+Metal Metal Bisa Minus 52047,Rp449.000,449000.0
aksesoris-wanita,Kacamata Frame Kotak Metal PC Anak Sekolah Desain Elegan Lensa Photocromic Blueray Glasses Anti Cahaya Biru Fashion Modis Trendi Pelajar Eyewear Pria Wanita IOOI 83020,Rp139.000,139000.0
aksesoris-wanita,Kacamata Bulat Frame Round Minus Baca Anti Radiasi Blueray Photocromic Unisex TR Lentur Fashion Berrybarton 23010,Rp113.200,113200.0
aksesoris-wanita,Kacamata Anti Radiasi Minus Metal TR90 Kotak Pria Wanita - IOOI 23003,Rp79.000,79000.0
aksesoris-wanita,Viendo Kacamata Minus Photocromic Anti Radiasi Blueray Cylinder Wanita Pria Fashion Frame Kaca Mata Optik -1.00/-2.00/-3.00/-4.00/-5.00/-6.00 Bluecromic Dewasa Lensa Eyewear Glasses,Rp139.000,139000.0
aksesoris-wanita,USEA Sabuk Tali Ikat Pinggang Gesper Wanita Fashion Women Leather Belt 110cm - LCL-HF38,Rp69.000,69000.0
aksesoris-wanita,Kacamata Hitam Sunglasses Anti UV400 Frame Kotak Wanita - IOOI 23022,Rp119.000,119000.0
aksesoris-wanita,Grey Jack Kacamata Antiradiasi Blueray Model Cat Eye Bahan TR90 Fashion Wanita Bisa Minus Simple Keren 302,Rp129.000,129000.0
aksesoris-wanita,KACAMATA BLUECROMIC MURAH LENTUR 21471 RINGAN PRIA DAN WANITA,Rp242.000,242000.0
aksesoris-wanita,LOVE MOSCHINO KACAMATA WANITA F MLV MOL645 2OO 55,Rp1.695.750,1695750.0
aksesoris-wanita,Seeouo Kacamata Hitam Sunglasses Anti UV400 Protection Bulat 9202,Rp99.000,99000.0
aksesoris-wanita,Grey Jack Frame Titanium Model Kotak Lensa Plano Bisa Minus Antiradiasi Blueray Photocromic Bluecromic Fashion Wanita dan Pria 72004,Rp339.000,339000.0
aksesoris-wanita,Berrybarton Kacamata Lensa Bisa Minus Square TR90 Anti Radiasi Blueray Photocromic Bluecromic Pria Wanita 35531,Rp99.000,99000.0
aksesoris-wanita,1986 Vintage Baseball Caps - Topi Baseball Retro Classic Hat,Rp129.000,129000.0
aksesoris-wanita,Kacamata Frame Cat Eye Metal TR90 Ringan Lensa Photocromic Blueray Glasses Anti Cahaya Biru Fashion Modis Trendi Pria Wanita IOOI Eyewear 2310CE,Rp79.000,79000.0
aksesoris-wanita,Seeouo Kacamata Hitam Anti Silau Matahari Style Cat Eye Kotak Bahan TR90 Asian Fit Anti UV 400 Protection Unisex 35003,Rp88.000,88000.0
aksesoris-wanita,Grey Jack Kacamata Antiradiasi Blueray Model Bulat TR+Metal Fashion Pria Wanita Bisa Minus Bluecromic 3043,Rp599.000,599000.0
aksesoris-wanita,Kacamata Frame Bulat Fashion Style TR Metal Berrybarton 6850,Rp150.000,150000.0
aksesoris-wanita,Grey Jack Kacamata Antiradiasi Blueray Model Bulat Fashion Pria Wanita Bisa Minus Vintage Unik Ringan TR90 1028,Rp159.000,159000.0
aksesoris-wanita,Grey Jack Kacamata Antiradiasi Blueray Model Kotak Semi Cat Eye TR+Metal Fashion Wanita Bisa Minus Simple Keren 52002,Rp129.000,129000.0
aksesoris-wanita,Grey Jack Kacamata Lensa Blueray Bahan TR90 Model Kotak Bisa Minus Antiradiasi Blueray Photocromic Bluecromic Fashion Wanita dan Pria 3811,Rp159.000,159000.0
aksesoris-wanita,Grey Jack Kacamata Antiradiasi Blueray Model Kotak TR+Metal Fashion Pria Wanita Bisa Minus Simple Keren 30051,Rp129.000,129000.0
aksesoris-wanita,Mollucas-Sumba Gray-Gratis Lensa Minus/Silindr Anti Radiasi-Kacamata,Rp1.690.000,1690000.0
aksesoris-wanita,(Beli 1 Minus Dapat Ganci Obeng) Kacamata Sarah Minus Antiradiasi Cylinder Plus Pria Wanita Antiradiasi Eyewear Glasses,Rp210.000,210000.0
aksesoris-wanita,(Beli 1 Minus Dapat Ganci Obeng) Kacamata Vika Bluecromic Photocromic Blueray MInus Antiradiasi Wanita Pria Unisex Eyewear Frame Glasses,Rp85.000,85000.0
aksesoris-wanita,Berrybarton Kacamata Titanium Semi Rimless Rectangle Fashion Men Trendy Anti Radiasi Lens 98279,Rp369.000,369000.0
aksesoris-wanita,Seeouo Kacamata Antiradiasi Blueray Kotak Stylish Frame TR90+Metal Comfortable Ringan Fashion Pria Wanita Bisa Minus Photocromic 86015,Rp449.000,449000.0
aksesoris-wanita,"RSG.EYEWEAR - Frame dan Lensa untuk Mata Normal , Minus , Minus Cyl dan Baca atau Plus - Kacamata Photocromic , Anti Radiasi , dan Bluecromic - Model Iron Man Toni Stark Pria Wanita",Rp58.109,58109.0
aksesoris-wanita,Kacamata Lensa Minus Anti Blueray Bulat Pria Wanita SsonTvte 9704,Rp339.000,339000.0
aksesoris-wanita,SATURDAYS - Cyclone Wide Eyewear Kacamata Pria & Wanita,Rp646.750,646750.0
aksesoris-wanita,Houseofcuff ikat pinggang rail hitam belt RL01,Rp99.000,99000.0
aksesoris-wanita,Kalibre Kacamata Art 996247999,Rp399.000,399000.0
aksesoris-wanita,Berrybarton Kacamata Anti Radiasi Lensa Photocromic Matahari Berubah Warna Outdoor Fashion Model Frame Kotak Oversize Unisex Daily Glasses Trendi 10421,Rp129.000,129000.0
aksesoris-wanita,Grey Jack Kacamata Antiradiasi Blueray Cat Eye Bahan TR90+Metal Ringan Kokoh Fashion Wanita Bisa Minus 1022,Rp599.000,599000.0
aksesoris-wanita,Grey Jack Kacamata Antiradiasi Blueray Bentuk Oval Bahan TR90 Bisa Minus Fasion Pria Wanita 1001,Rp599.000,599000.0
aksesoris-wanita,Grey Jack Frame Kacamata Kotak Model Half Bahan TR+Metal Ringan Fashion Pria Wanita Bisa Minus Antiradiasi Bluecromic 19635,Rp699.000,699000.0
aksesoris-wanita,Grey Jack Kacamata Model Kotak Simple Ringan TR+Metal Trendy 30134,Rp599.000,599000.0
aksesoris-wanita,Grey Jack kacamata Antiradiasi Blueray TR90+Metal Model Aviator 288,Rp399.000,399000.0
aksesoris-wanita,Grey Jack Kacamata Antiradiasi Blueray Titanium Model Kotak Half 88076,Rp2.500.000,2500000.0
aksesoris-wanita,Grey Jack Kacamata Antiradiasi Blueray Kotak Bold TR+Acetate Fashionable 9129,Rp599.000,599000.0
aksesoris-wanita,Grey Jack Kacamata Antiradasi Blueray Model Kotak TR90 Unisex 9078,Rp699.000,699000.0
aksesoris-wanita,Nada Puspita - Monogrid Scarf,Rp325.000,325000.0
aksesoris-wanita,Lensa Custom Untuk Minus Tinggi Ixoora Eyewear,Rp50.000,50000.0
aksesoris-wanita,Buff Original EcoStretch Neckwear Arky Midnight,Rp420.000,420000.0
aksesoris-wanita,Berrybarton Sunglasses Square Fashion Wanita Model Oversize Anti Uv400 6104,Rp69.000,69000.0
aksesoris-wanita,TALOCCO Ikat Pinggang Kulit Pu Premium Wanita Lebar 2 cm,Rp46.750,46750.0
aksesoris-wanita,【Goth】Sarung Tangan Renda Polka Dot Women Lace Polka Dot Gloves 8372,Rp59.000,59000.0
aksesoris-wanita,Swarna Tactical - Tactical Shemag - Syal/Sorban,Rp95.000,95000.0
aksesoris-wanita,Topi masker set-jumputan 3 warna,Rp85.000,85000.0
aksesoris-wanita,Obermain Ikat Pinggang Wanita BRILLE LADIES BELT Light Brown OBBL0037LBR,Rp267.330,267330.0
aksesoris-wanita,Obermain Ikat Pinggang Wanita BRILLE LADIES BELT Black OBBL0037BK,Rp267.330,267330.0
aksesoris-wanita,Acrylic Premium Lens Case Transparent | Tempat Softlens Lensa Kontak Akrilik #softlensnyaman #softlensnyamanbikincantik,Rp16.800,16800.0
aksesoris-wanita,Grey Jack Frame Kacamata Titanium Oval Modern Fashion Wanita New 98449,Rp999.000,999000.0
aksesoris-wanita,Grey Jack Lensa Essilor Elements Minus Plus Cyl Blue Light Protection,Rp330.000,330000.0
aksesoris-wanita,KACAMATA Wanita ANTIRADIASI PHOTOCHROMIC BLUERAY SASHA Minus Plus,Rp147.510,147510.0
aksesoris-wanita,Grey Jack Kacamata Antiradiasi Blueray TR90 Ringan Style Oval Pria & Wanita 3518,Rp399.000,399000.0
aksesoris-wanita,ALILA 70x70cm Korean syal scarf leher scarf tas neck scarf,Rp49.000,49000.0
aksesoris-wanita,Grey Jack Kacamata Antiradiasi Blueray Tr90 Fashionable Oval New 8263,Rp430.000,430000.0
aksesoris-wanita,Grey Jack kacamata TR90+metal Anti radiasi Blueray Model Kotak fashion pria dan wanita 16236,Rp349.000,349000.0
aksesoris-wanita,Ixoora Chayra - Frame Kacamata Minus Photocromic Photochromic Anti Radiasi Pria Wanita Blueray Sinar Biru Bluecromic Bluechromic Bluedrive Progresif One Drive Baca Jalan,Rp105.000,105000.0
aksesoris-wanita,Hush Puppies Topi Unisex NEW DOGGY Pink,Rp189.500,189500.0
aksesoris-wanita,Nosepad Angin Nose Pads Air Chamber Bantalan Hidung Silikon 1 pasang,Rp9.401,9401.0
aksesoris-wanita,Kacamata Cat Eye Anti Radiasi Wanita Lensa Minus Bluecromic Metal Berrybarton S11863,Rp138.950,138950.0
aksesoris-wanita,Berrybarton Kacamata Anti Radiasi Frame Cat Eye Lensa Blueray Photocromic Bluecromic Aksesori Fashion Wanita Perlindungan Sinar Biru Komputer Aktivitas Outdoor Eyewear Glasses Model S12008,Rp179.000,179000.0
aksesoris-wanita,Grey Jack Kacamata Antiradiasi Blueray Aviator Kotak TR+Metal Ringan Fashionable Pria Wanita Bisa Minus 23082,Rp129.000,129000.0
aksesoris-wanita,Seeouo Kacamata Frame Bahan Acetate Alloy Model Kotak Stylish Lensa Bisa Minus Bluecromic Fashion Style Unisex 71037,Rp559.000,559000.0
aksesoris-wanita,Sson Tvte Kaacamata Lensa Minus Photocromic Remaja Kotak Fashion Pria Wanita Anti Radiasi Komputer Premium 9220,Rp159.000,159000.0
aksesoris-wanita,Kacamata Lensa Blueray Semi Rimless Minus Photocromic Kotak Anti Radiasi Komputer Pria Wanita Premium Sson Tvte 31243,Rp129.000,129000.0
aksesoris-wanita,Hush Puppies Topi Unisex CHAME Black,Rp209.500,209500.0
aksesoris-wanita,Miracle Mates - Gred Belt Black | Sabuk Ikat Pinggang Unisex,Rp125.100,125100.0
aksesoris-wanita,Kacamata Hitam Sunglasses Anti UV400 Polarized Kotak Fashion Pria Wanita - IOOI 934Sun,Rp89.000,89000.0
aksesoris-wanita,Seeouo Kacamata Clip On Plano 2in1 UV 400 Protection Lens Model Kotak TR90 Stylish Magnet Clip Frame Unisex Bisa Minus Pria Wanita 2247,Rp559.000,559000.0
aksesoris-wanita,SATURDAYS - Dual Compartment Eyewear Pouch Aksesoris Kacamata,Rp175.500,175500.0
aksesoris-wanita,(Beli 1 Minus Dapat Ganci Obeng) Kacamata Minus Nagita Antiradiasi Cylinder Plus Laki-laki dan Perempuan Eyewear Glasses,Rp83.750,83750.0
aksesoris-wanita,Kacamata Cartenz Tactical Skyline outdoor,Rp1.750.000,1750000.0
aksesoris-wanita,Kacamata Minus Metal PC Kotak Anti Blueray Pria Wanita - IOOI 72818,Rp79.000,79000.0
aksesoris-wanita,Viendo Frame Kacamata Photocromic Anti Radiasi Blueray Pria Wanita Besi Cat Eye eyewear Kecamata 2 in 1 Korea Gaya lensa Elastik Bluecromic Fashion glasses Wanita Pria TR90 Cowok Antiradiasi Anti Sinar Matahari UV400 kaca Mata Optik Komputer HP,Rp189.000,189000.0
aksesoris-wanita,Kacamata Bulat Metal TR90 Lensa Blueray Perlindungan Cahaya Biru Bisa Minus Fashion Gaya Korea Pria Wanita IOOI 23042,Rp79.000,79000.0
aksesoris-wanita,Berrybarton Kacamata Photocromic Titanium TR Anti Radiasi Bisa Minus Blueray Bluecromic Pria Wanita 12003,Rp179.000,179000.0
aksesoris-wanita,SATURDAYS - Oxford Eyewear Kacamata Pria & Wanita,Rp1.300.650,1300650.0
aksesoris-wanita,Kacamata Plano Lens Retro Classic Titanium Pria Wanita Kekinian 106,Rp970.000,970000.0
aksesoris-wanita,Kacamata Anti Radiasi Frame Retro Fashion Korean Colorful Glasses Lensa Blueray Photocromic Berrybarton 5158 AB,Rp369.000,369000.0
aksesoris-wanita,Seeouo Frame Kacamata Plano Lens Fashion Glasses Model Kotak TR90+Metal Simple Stylish Bisa Minus Antiradiasi Blueray Photocromic Unisex 20326,Rp88.000,88000.0
aksesoris-wanita,Kacamata Frame Bulat TR90 Ringan dan Nyaman Lensa Photocromic Blueray Glasses Anti Cahaya Biru Penggunaan Sehari-hari Fashion Pelajar Trendi Pria Wanita IOOI Eyewear 9210,Rp159.000,159000.0
aksesoris-wanita,Kacamata Anti Radiasi Komputer Gaming Fashion Kotak Berrybarton M3812,Rp118.000,118000.0
aksesoris-wanita,Grey Jack Kacamata Sunglasses Anti UV400 Model Kotak TR90 Fashion Pria Wanita Modis Ringan Stylish M221,Rp199.000,199000.0
aksesoris-wanita,Seeouo Kacamata Antiradiasi Blueray Model Kotak Stylish TR90 5095,Rp339.000,339000.0
aksesoris-wanita,SATURDAYS - Fomo Eyewear Kacamata Pria & Wanita,Rp535.500,535500.0
aksesoris-wanita,Kacamata Anti Radiasi Blueray Photocromic Minus Baca Frame Fashion Geometric TR90 Pria Wanita Berrybarton 23023,Rp99.050,99050.0
aksesoris-wanita,Grey Jack Kacamata Antiradiasi Blueray Aviator Kotak TR+Metal Fashion Pria Wanita Bisa Minus Model Retro Keren 01095,Rp999.000,999000.0
aksesoris-wanita,Kacamata Anti Radiasi Blueray Photocromic Frame TR Metal Berrybarton M2957,Rp138.950,138950.0
aksesoris-wanita,"RSG.EYEWEAR - Frame dan Lensa untuk Mata Normal , Minus , Minus Cyl dan Baca atau Plus - Kacamata Photocromic , Anti Radiasi , dan Bluecromic - Semi Cat Eye Wanita",Rp56.894,56894.0
aksesoris-wanita,BUY 1 GET 1 ITAEWON 29002 Kacamata Frame Geometris Fashion Korean Style Free Lensa Minus Berkualitas,Rp1.000.000,1000000.0
aksesoris-wanita,Grey Jack Kacamata Antiradiasi Blueray Model Kotak Fashion Wanita 532,Rp179.000,179000.0
aksesoris-wanita,Lensa Kacamata Minus/Silinder Screen Safe Klir 1.56,Rp449.000,449000.0
aksesoris-wanita,Kacamata Hitam Sunglasses Anti UV 400 Cat Eye Terbaru Fashion Wanita - IOOI WM-TR28022,Rp129.000,129000.0
aksesoris-wanita,EIGER ANETO CAP WOMEN RIDING,Rp179.550,179550.0
aksesoris-wanita,Ataru Topi Baseball Color Block - Biru/Merah Aksesoris Kepala Baseball Cap Topi Stylish Unisex Serbaguna Fashionable Hat Aksesoris Fashion Pria Wanita,Rp32.900,32900.0
aksesoris-wanita,Hush Puppies Topi Unisex NEW DOGGY Grey,Rp359.000,359000.0
aksesoris-wanita,Atlas Hijab Universal Hayya Kerudung Segi Empat,Rp37.050,37050.0
aksesoris-wanita,Sunset Eyewear - Kacamata Hitam Sunglasses - SG 3327 C4,Rp80.000,80000.0
aksesoris-wanita,Sunset Eyewear - Frame Kacamata Optical - TRCP KL7026 C2,Rp90.000,90000.0
aksesoris-wanita,Sunset Eyewear - Frame Kacamata Optical - TRM 81236 C6,Rp90.000,90000.0
aksesoris-wanita,Sunset Eyewear - Frame Kacamata Optical - TR90 6025 C6,Rp80.000,80000.0
aksesoris-wanita,Sunset Eyewear - Kacamata Hitam Sunglasses - SG 3690 C4,Rp80.000,80000.0
aksesoris-wanita,Sunset Eyewear - Frame Kacamata Optical - TRM 8331 C1,Rp90.000,90000.0
aksesoris-wanita,Sunset Eyewear - Frame Kacamata Optical - TRCP S9006 C6,Rp90.000,90000.0
aksesoris-wanita,Sunset Eyewear - Frame Kacamata Optical - PCCPP 82239 C2,Rp90.000,90000.0
aksesoris-wanita,Sunset Eyewear - Kacamata Hitam Sunglasses - SG 3616 C3,Rp80.000,80000.0
aksesoris-wanita,Sunset Eyewear - Frame Kacamata Optical - TRM 81267 C4,Rp90.000,90000.0
aksesoris-wanita,Sunset Eyewear - Lensa Kacamata Anti Radiasi Gadget Blue Control Minus / Plus / Cylinder - 1.56,Rp195.000,195000.0
aksesoris-wanita,Sunset Eyewear - Kacamata Hitam Sunglasses - SG A8043 C3,Rp80.000,80000.0
aksesoris-wanita,Sunset Eyewear - Kacamata Hitam Sunglasses - SG 13048 C1,Rp80.000,80000.0
aksesoris-wanita,Sunset Eyewear - Frame Kacamata Optical - TRM561C1,Rp90.000,90000.0
aksesoris-wanita,Sunset Eyewear - Frame Kacamata Optical - CO 2341 C1,Rp120.000,120000.0
aksesoris-wanita,Kacamata Bingkai Persegi Unisex Kacamata Retro Sederhana Personalisasi Kacamata Optik Berubah Warna,Rp54.999,54999.0
aksesoris-wanita,Topi Katun Denim Baseball Hat Trucker Polos Biru keabuan 012202,Rp99.900,99900.0
aksesoris-wanita,KACAMATA Wanita ANTIRADIASI PHOTOCHROMIC BLUERAY SASHA Minus Plus,Rp147.510,147510.0
aksesoris-wanita,Grey Jack Kacamata Antiradiasi Blueray Bentuk KotakTR+Acetate K9130,Rp559.000,559000.0
aksesoris-wanita,Grey Jack Kacamata Antiradiasi Blueray TR90 Ringan Style Oval Pria & Wanita 3518,Rp399.000,399000.0
aksesoris-wanita,Baseball cap : YATES - Topi Baseball Topi Pria Topi Wanita,Rp69.100,69100.0
aksesoris-wanita,Grey Jack Kacamata Frame Oval Fashion Pria Wanita Bisa Minus 21007,Rp599.000,599000.0
aksesoris-wanita,KACAMATAMOO - Frame Kacamata Cat Eye CE-T1019 | Gaya Retro Modis Ringan,Rp160.000,160000.0
aksesoris-wanita,Groovy Eyewear Frame Natasya Blueray Photocromic Kacamata Bulat Antiradiasi Korean Style Metal Titanium Slim Model Retro untuk Laki-laki Perempuan Beli 1 Minus Dapat Ganci Obeng,Rp94.100,94100.0
aksesoris-wanita,Kacamata Hitam Polarized Sunglasses Wanita Kotak Sson Tvte A0729,Rp239.000,239000.0
aksesoris-wanita,【Samphorid】Kacamata Hitam Retro Sastra Kacamata Berwarna Cerah Gradien Kacamata Hitam Anti UV Dan Radiasi Pria Dan Wanita,Rp22.899,22899.0
aksesoris-wanita,"KACAMATAMOO Frame Kacamata Unisex Square SQ 68376 Retro Klasik | Bold, Clean & Nosepad Angin",Rp199.000,199000.0
aksesoris-wanita,KACAMATAMOO - Frame Kacamata Square SQ8021,Rp210.000,210000.0
aksesoris-wanita,Berrybarton - Kacamata Cat Eyes Lensa Anti Blueray Photocromic 2363,Rp69.000,69000.0
aksesoris-wanita,Grey Jack Frame Kacamata Titanium Model Kotak Ringan Simple Style 9687,Rp2.500.000,2500000.0
aksesoris-wanita,Grey Jack Kacamata AntiradiasiBlueray Style Oval Keren Bisa Minus 2168,Rp599.000,599000.0
aksesoris-wanita,Molsion Kacamata Wanita S MOL MS6086 A90 58,Rp1.007.250,1007250.0
aksesoris-wanita,Grey Jack Kacamata Anti Radiasi Blueray Bulat Model Half TR+Acetate,Rp799.000,799000.0
aksesoris-wanita,Grey Jack Frame Kacamata Bahan Titanium Kokoh Ringan Model Kotak 7005,Rp1.500.000,1500000.0
aksesoris-wanita,Syal Leher Turtleneck Rajut Kerah Palsu Hangat Fashionable Nyaman Korean Style Wanita Unisex All Season Penutup Leher Outfit Kekinian,Rp19.000,19000.0
aksesoris-wanita,Haseena Ikat Pinggang Wanita Damara Thin Belt Adjustable Casual,Rp26.900,26900.0
aksesoris-wanita,KYEOKA By Mayonette Floral Syal Tas Impor Twilly Bag Bandana Scarf Tas Leher,Rp32.000,32000.0
aksesoris-wanita,Grey Jack Sunglasses Kacamata Hitam Anti UV Protection Design Oversized Terbaru Fashion Wanita Dewasa Modern 31449,Rp225.000,225000.0
aksesoris-wanita,CARTEXBLANCHE Cruise Topi Baseball Cap Bordir Pengait Besi Pria - Wanita,Rp43.400,43400.0
aksesoris-wanita,Kacamata Hitam Sunglasses Anti UV Frame Bulat Pria Wanita - IOOI 8151,Rp69.000,69000.0
aksesoris-wanita,Grey Jack Kantong Kacamata / Pouch Kacamata Bahan Kulit Serbaguna Sarung Pelindung Kacamata Anti Debu Warna Pastel D,Rp25.300,25300.0
aksesoris-wanita,Obermain Ikat Pinggang Wanita CLARA LADIES BELT Brown OBBL0040BR,Rp267.330,267330.0
aksesoris-wanita,Obermain Hijab Wanita AISHA Navy OBSC001NV,Rp159.600,159600.0
aksesoris-wanita,Obermain Ikat Pinggang Wanita CLARA LADIES BELT Taupe OBBL0040TP,Rp267.330,267330.0
aksesoris-wanita,ARR SANJAYA Kopiah Topi Peci Koki Chef Dewasa Hitam Putih Karet Jaring Motif Muslim Haji Santri Kualitas Premium All Size,Rp36.000,36000.0
aksesoris-wanita,Day and Night - Black Tie,Rp249.000,249000.0
aksesoris-wanita,Grey Jack Kacamata Model Cat Eye Bahan TR90 Ringan Fashion Wanita Kekinian Bisa Minus Antiradiasi Blueray 8343,Rp99.000,99000.0
aksesoris-wanita,Kacamata Frame Geometric Titanium Desain Elegan Ringan dan Nyaman Lensa Photocromic Blueray Glasses Perlindungan Sinar Biru Gadget Fashion Casual Modis Trendi Pria Wanita IOOI Eyewear F1280F,Rp369.000,369000.0
aksesoris-wanita,Lensa WARNA GRADASI permanen lensa kacamata,Rp200.000,200000.0
aksesoris-wanita,kacamata hitam wanita Normal dan Minus Madame korea gaya sunglasses,Rp157.410,157410.0
aksesoris-wanita,Daiso Fashion Glasses Square,Rp33.000,33000.0
aksesoris-wanita,Seeouo Sunglasses Kacamata Hitam UV 400 Protection Style Kotak TR90 Fashionable Women Style Anti Silau Korean Stylish Kekinian G08,Rp77.000,77000.0
aksesoris-wanita,Seeouo Antiradiasi Sinar Blueray Kacamata Model Kotak Fashion Glasses Wanita TR+Metal Frame Kokoh Lensa Bisa Minus 1438,Rp449.000,449000.0
aksesoris-wanita,Kain Lap Microfiber Serat Halus Serbaguna Terbaru Lembut Lap Lensa,Rp9.900,9900.0
aksesoris-wanita,Seeouo Kacamata Sunglasses Anti UV 400 Model Kotak Oversized New 8215,Rp77.000,77000.0
aksesoris-wanita,Seeouo Kacamata Antiradiasi Blueray Lens Anti Sinar Biru Style Wanita Trendy Bentuk Cat Eye Frame TR90 Bisa Minus 8337,Rp399.000,399000.0
aksesoris-wanita,Ixoora Yonna - Frame Kacamata Minus Photocromic Photochromic Anti Radiasi Pria Wanita Blueray Sinar Biru Bluecromic Bluechromic Bluedrive Progresif One Drive Baca Jalan,Rp105.000,105000.0
aksesoris-wanita,Baseball cap : RABBIT CAP - Topi baseball topi pria topi wanita,Rp79.100,79100.0
aksesoris-wanita,ARIANA scarf gesper scarf buckle scarf ring brooche gesper syal bros syal cincin syal,Rp27.000,27000.0
aksesoris-wanita,Mollucaseyewear - Nosepad Timbul Black & White,Rp28.500,28500.0
aksesoris-wanita,Kacamata Frame Kotak Modis Metal TR90 Lensa Photocromic Blueray Glasses Anti Cahaya Biru Fashion Trendi Gaya Korea Eyewear Pria Wanita IOOI 662,Rp98.000,98000.0
aksesoris-wanita,Seeouo Kacamata Antiradiasi Blueray Photocromic Lens Style Glasses Unisex Model Oval Bahan TR90 Lensa Bisa Minus 10347,Rp449.000,449000.0
aksesoris-wanita,Kacamata Hitam Sunglasses Aviator Anti Uv Fashion Berrybarton HJ98192,Rp159.000,159000.0
aksesoris-wanita,Kacamata Frame Bulat Terbaru TR90 Ringan dan Nyaman Desain Elegan Lensa Photocromic Blueray Glasses Penggunaan Sehari-hari Fashion Casual Modis Trendi Pria Wanita IOOI Eyewear 17178,Rp129.000,129000.0
aksesoris-wanita,Kacamata Hitam Geometric Classic Fashion Pria Wanita Anti UV ZH 3410,Rp129.000,129000.0
aksesoris-wanita,Berrybarton Kacamata Minus Anti Radiasi Photocromic Anti Blueray Pria Wanita Frame Oval Terbaru Bahan TR90 Kacamata Fashion Kekinian 68011,Rp99.000,99000.0
aksesoris-wanita,Kacamata Frame Oval Metal Lensa Hitam Sunglasses Perlindungan UV400 List Gold Fashion Modis Gaya Korea Eyewear IOOI 8855Sun,Rp129.000,129000.0
aksesoris-wanita,Houseofcuff Scarf Syal Bandana Leher Pria Formal X03,Rp150.000,150000.0
aksesoris-wanita,Grey Jack Kacamata Hitam Sunglasses Anti UV400 Model Kotak Oversized Fashion Style Wanita Modern Keren 31831 Semi Tanpa Bingkai,Rp179.000,179000.0
aksesoris-wanita,Kacamata Hitam Sunglasses Anti UV400 Stylish Kotak Pria Wanita - IOOI 62611,Rp99.000,99000.0
aksesoris-wanita,MIGHTY kacamata hitam Wanita JASMINE BROWN sunglasses,Rp296.010,296010.0
aksesoris-wanita,Ataru Topi Anak Cover Head Unicorn Fur - Putih Aksesoris Kepala Kids Hat Topi Stylish Anak Lucu Aksesoris Fashion Anak,Rp109.900,109900.0
aksesoris-wanita,Kacamata Minus Metal PC Kotak Elegan Anti Blueray Pria Wanita - IOOI ZS-2270AB,Rp159.000,159000.0
aksesoris-wanita,Kacamata Minus Titanium Anti Blueray Bulat Stylish Pria Wanita - IOOI 5016 Titan,Rp99.000,99000.0
aksesoris-wanita,Kacamata Anti Radiasi Wanita Frame Cat Eye Metal PC Berrybarton 2337,Rp99.000,99000.0
aksesoris-wanita,Purpi Eyewear - Frame Kacamata Pria Wanita ENOLA 5234,Rp75.000,75000.0
aksesoris-wanita,Kacamata Frame Bulat TR90 Lensa Photocromic Blueray Glasses Anti Cahaya Biru Fashion Gaya Korea Eyewear Pria Wanita IOOI 1009,Rp69.000,69000.0
aksesoris-wanita,Tempat Kacamata Cepuk Magnet Motif Glasses Pria Wanita Kekinian Box 10,Rp59.000,59000.0
aksesoris-wanita,FOLX Polarised Sari Sunglasses,Rp496.290,496290.0
aksesoris-wanita,Seeouo Kacamata Antiradiasi Blueray Photocromic Bluecromic Model Kotak Stylish TR90 Metal Fashion Pria Wanita Bisa Minus 9801,Rp449.000,449000.0
aksesoris-wanita,Illustro Kacamata Unisex F IM IECO1206 C2 50,Rp374.000,374000.0
aksesoris-wanita,Berrybarton Kacamata Frame Geometric TR90 Eyewear Glasses Lensa Anti Radiasi Blueray Photocromic Bluecromic Fashion Unisex Model Simple Casual Tipe 1347,Rp129.000,129000.0
aksesoris-wanita,KACAMATA Wanita ANTIRADIASI PHOTOCHROMIC BLUERAY SASHA Minus Plus,Rp147.510,147510.0
aksesoris-wanita,Grey Jack Kacamata Antiradiasi Blueray Bentuk KotakTR+Acetate K9130,Rp559.000,559000.0
aksesoris-wanita,Grey Jack Kacamata Antiradiasi Blueray TR90 Ringan Style Oval Pria & Wanita 3518,Rp399.000,399000.0
aksesoris-wanita,Baseball cap : YATES - Topi Baseball Topi Pria Topi Wanita,Rp69.100,69100.0
aksesoris-wanita,Grey Jack Kacamata Frame Oval Fashion Pria Wanita Bisa Minus 21007,Rp599.000,599000.0
aksesoris-wanita,Mollucas-Sumba Gel Turtle-Gratis Lensa Minus Anti Radiasi-Kacamata,Rp980.100,980100.0
aksesoris-wanita,SATURDAYS - Mona Ti Eyewear Kacamata Pria & Wanita,Rp1.166.750,1166750.0
aksesoris-wanita,SATURDAYS - Piper Eyewear Kacamata Wanita,Rp1.126.650,1126650.0
aksesoris-wanita,SATURDAYS - Spud & Velma Sunglasses Kacamata Pria & Wanita,Rp495.000,495000.0
aksesoris-wanita,SATURDAYS - Sleek Extra Wide Sunglasses Kacamata Hitam Pria & Wanita,Rp565.250,565250.0
aksesoris-wanita,Prtbl Baseball Hat Built Up Hitam - Bordir PRTBL,Rp135.000,135000.0
aksesoris-wanita,FRAME KACAMATA BLUERAY / PHOTOCHROMIC - AMADIYA- Kacamata Minus Wanita,Rp147.510,147510.0
aksesoris-wanita,Kacamata Hitam Sunglasses Anti UV 400 Bulat Skena Old Retro Pria Wanita Trendy Modern Premium Sson Tvte S332,Rp127.200,127200.0
aksesoris-wanita,SATURDAYS - Bentley Medium Eyewear Kacamata Pria & Wanita,Rp897.000,897000.0
aksesoris-wanita,CHAZANDCO Frame Kacamata Photocromic Anti Radiasi Blueray Pria Wanita Korea TR90 Cowok Elastik Fotocromic Gaya Besi Bluecromic Fashion Cat Eye Kecamata 2 in 1 Wanita Potocromic Pria Antiradiasi Anti Sinar Matahari UV400 kaca Mata Optik Komputer HP Lensa,Rp139.000,139000.0
aksesoris-wanita,SATURDAYS - Pendleton & Mission Eyewear Kacamata Pria & Wanita,Rp1.074.850,1074850.0
aksesoris-wanita,Seeouo Kacamata Antiradiasi Blueray Fashion Style Unisex Model Kotak Aviator Stylish Bahan TR+Metal Lensa Bisa Minus 01151,Rp499.000,499000.0
aksesoris-wanita,"RSG.EYEWEAR - Frame dan Lensa untuk Mata Normal , Minus , Minus Cyl dan Baca atau Plus - Kacamata Photocromic , Anti Radiasi , dan Bluecromic - Model Kotak Wanita dan Pria",Rp55.706,55706.0
aksesoris-wanita,DEMODAS DG8153 Kacamata Clip On Lensa Photocromic Bluecromic Antiradiasi Blueray Sunglasses,Rp352.000,352000.0
aksesoris-wanita,Grey Jack Kacamata Frame Titanium Model Oval Bulat Ringan Kokoh Bisa Minus Antiradiasi Blueray Bluecromic Lentur 1849,Rp339.000,339000.0
aksesoris-wanita,Grey Jack Kacamata Antiradiasi Blueray Model Kotak Bold Bahan TR90 Fashion Pria Wanita Bisa Minus Keren 8103,Rp159.000,159000.0
aksesoris-wanita,Grey Jack Kacamata Lensa Blueray Bahan Metal TR90+Metal Cat Eye Bisa Minus Antiradiasi Blueray Photocromic Bluecromic Fashion Wanita 30343,Rp129.000,129000.0
aksesoris-wanita,Grey Jack Kacamata Antiradiasi Blueray Oval Pria Wanita Bahan TR90 Ringan Bisa Minus Anti Radiasi Bluecromic 8008,Rp129.000,129000.0
aksesoris-wanita,Grey Jack Kacamata Antiradiasi Blueray Kotak TR+Metal Stylish 2204,Rp179.000,179000.0
aksesoris-wanita,GUY LAROCHE Kacamata Unisex F GL 2231 C8 48,Rp752.250,752250.0
aksesoris-wanita,Grey Jack Kacamata Antiradiasi Blueray Photocromic 2in1 Model Sport Kotak Ringan dan Lentur TR+Silicone Bisa Minus 1119,Rp159.000,159000.0
aksesoris-wanita,Grey Jack Kacamata Antiradiasi Blueray Model Bulat TR+Metal Fashion Wanita Bisa Minus Simple Keren 1044,Rp159.000,159000.0
aksesoris-wanita,Demodas DG1157 Lensa Photocromic Bluecromic Blueray Antiradiasi Normal Minus Silinder Pria Wanita,Rp242.000,242000.0
aksesoris-wanita,Grey Jack Kacamata Lensa Blueray Bahan TR90+Metal Model Kotak Bisa Minus Antiradiasi Blueray Photocromic Bluecromic Fashion Wanita Pria 6001x,Rp129.000,129000.0
aksesoris-wanita,Grey Jack Kacamata Bulat Anti Blueray+Photocromic 2IN1 metal 19002,Rp159.000,159000.0
aksesoris-wanita,Grey Jack Kacamata Lensa Blueray Bahan TR90 Model Kotak Bisa Minus Antiradiasi Blueray Photocromic Bluecromic Fashion Wanita Pria Z8608,Rp129.000,129000.0
aksesoris-wanita,Grey Jack Kacamata Photocromic Antiradiasi Blueray 2IN1 Anti UV Fashion Korea metal oval Terbaru Cowok Baru 2022 Kacamata Komputer pria wanita 1907,Rp599.000,599000.0
aksesoris-wanita,Groovy Eyewear - Hardcase Metal Magnetic Premium Softcolor Aman dan Praktis Glasses,Rp22.500,22500.0
aksesoris-wanita,(Beli 1 Minus Dapat Ganci Obeng) Kacamata Bulat Tasya Blueray Photocromic Lensa Minus Cylinder Laki-laki Perempuan Antiradiasi Bluecromic Eyewear Glasses,Rp113.150,113150.0
aksesoris-wanita,Grey Jack Kacamata Antiradiasi Blueray Style Retro Metal+TR90 Unisex Ringan Bisa Minus Antiradiasi/Blueray/Photocromic/Bluecromic 88063,Rp129.000,129000.0
aksesoris-wanita,Grey Jack Kacamata Antitadiasi Blueray Model Browline Kotak Stylish Frame Asian Fit TR90+Metal Bisa Minus Business Pria Wanita 1821,Rp179.000,179000.0
aksesoris-wanita,Frame Kacamata Anti Radiasi Ixoora Raina Pria Wanita,Rp115.000,115000.0
aksesoris-wanita,FOLX Polarised Fausto Sunglasses,Rp496.290,496290.0
aksesoris-wanita,Kacamata RADIANT Frame Square Fashion Unisex Free Lensa Minus Berkualitas,Rp150.000,150000.0
aksesoris-wanita,Kacamata Hitam Sunglasses Anti UV400 Plastik TR Fashion Pria Wanita Frame Bulat W 90153,Rp89.000,89000.0
aksesoris-wanita,Hush Puppies Ikat Pinggang Kylie Pin Brown,Rp429.300,429300.0
aksesoris-wanita,OKAIDO OFFICIAL Sandal Strap Tali Model Gesper Wanita Cewek Perempuan Rantai Fashion Korea Kekinian Nyaman Dan Lembut Hitam Putih Elegan,Rp39.983,39983.0
aksesoris-wanita,Seeouo Kacamata Antiradiasi Blueray Bentuk Kotak Asian Fit Bahan TR90 Ringan Fashion Keren Pria Dan Wanita Bisa Minus Antiradiasi Blueray Photocromic 9017,Rp449.000,449000.0
aksesoris-wanita,Kacamata Frame Kotak Skena PC Lensa Hitam Sunglasses Perlindungan UV400 Fashion Modis Gaya Korea Eyewear Pria Wanita IOOI 5504 Sun,Rp129.000,129000.0
aksesoris-wanita,Grey Jack Kacamata Antiradiasi Blueray Kotak Style Vintage Kekinian Bahan Metal Ringan Bisa Minus Fashion Pria Wanita 31859,Rp799.000,799000.0
aksesoris-wanita,Grey Jack Frame Kacamata Titanium Bisa Minus Elegant Simple New 99089,Rp950.000,950000.0
aksesoris-wanita,Kacamata Kotak Metal PC Ringan Lensa Blueray Perlindungan Cahaya Biru Bisa Minus Fashion Korea Modis Pria Wanita IOOI TR8921,Rp128.000,128000.0
aksesoris-wanita,[SALE] Berrybarton - Kacamata Retro Anti Radiasi Photocromic Blueray Kacamata Minus Metal Wanita 15001,Rp191.000,191000.0
aksesoris-wanita,Seeouo Kotak Kacamata Pouch / Box Hard Case Magnetic Kokoh Pelindung Frame Sunglasses Motif Elegant Protective D4,Rp129.000,129000.0
aksesoris-wanita,Berrybarton Sunglasses Kacamata Hitam Model Fashion Unisex Lensa Anti Uv 400 Outdoor Model 62103,Rp129.000,129000.0
aksesoris-wanita,Seeouo Kacamata Model Kotak Fashion Glasses Unisex Geometeric Style Frame Titanium Ringan dan Kokoh Bisa Minus Lensa Photocromic 98572,Rp699.000,699000.0
aksesoris-wanita,Grey Jack Kacamata Antiradiasi Blueray Model Aviator Kotak TR+Metal Fashionable Pria Wanita Bisa Minus 00195,Rp159.000,159000.0
aksesoris-wanita,Seeouo Kacamata Anti Radiasi Blueray Photocromic Bentuk Kotak Bisa Minus Style Pria Wanita 7267,Rp449.000,449000.0
aksesoris-wanita,Hang Ten Kacamata Unisex F HT 10867 C4 46,Rp544.000,544000.0
aksesoris-wanita,Kacamata Frame Bulat Titanium TR Ringan dan Nyaman Lensa Photocromic Blueray Glasses Perlindungan Sinar Biru Gadget Fashion Modis Trendi Kekinian Pria Wanita IOOI Eyewear 7155FS,Rp242.100,242100.0
aksesoris-wanita,ALTHEA 180X90cm Korean syal scarf leher scarf tas neck scarf pashmina bohemian gypsy hijab bandana,Rp69.000,69000.0
aksesoris-wanita,ZK-The Classic Peeta Grey-Frame Kacamata-Pria/Wanita-Minus/Silinder,Rp590.000,590000.0
aksesoris-wanita,Kacamata Frame Bulat Modern Trendy Bisa Minus Photocromic Blueray 8602,Rp139.000,139000.0
aksesoris-wanita,Seeouo Kacamata Anti Radiasi Blueray Photocromic 2in1 Metal Bulat 9018,Rp299.000,299000.0
aksesoris-wanita,Nobby Yuka Belt Aksesoris Ikat Pinggang Wanita Bahan Kulit Sintetis,Rp94.500,94500.0
aksesoris-wanita,Viendo Kacamata Anti Radiasi Blueray Photocromic Minus Cylinder UV400 Komputer Hp Anti Sinar Matahari Kaca Mata Optik 2 in 1 Bluecromic Fashion Frame Wanita Pria Cowok -1/-1.5/-2/-2.5/-3/-3.5/-4/-4.5/-5/-5.5/-6 Lensa Eyewear Glasses Dewasa Antiradiasi,Rp189.000,189000.0
aksesoris-wanita,Prtbl Baseball Hat kombinasi - Hitam Mix Oren,Rp130.000,130000.0
aksesoris-wanita,Kacamata Frame Kotak Terbaru TR90 Ringan dan Nyaman Lensa Photocromic Blueray Glasses Perlindungan Sinar Biru Gadget Fashion Casual Modis Trendi Kekinian Pria Wanita IOOI Eyewear 28003,Rp126.420,126420.0
aksesoris-wanita,Ixoora Finley - Frame Kacamata Minus Photocromic Photochromic Anti Radiasi Pria Wanita Blueray Sinar Biru Bluecromic Bluechromic Bluedrive Progresif One Drive Baca Jalan,Rp125.000,125000.0
aksesoris-wanita,Kacamata Minus Metal PC CatEye Classy AntiBlueray Wanita - IOOI S11800,Rp99.000,99000.0
aksesoris-wanita,Grey Jack Lensa Essilor Elements Minus Plus Cyl Blue Light Protection,Rp330.000,330000.0
aksesoris-wanita,ALILA 70x70cm Korean syal scarf leher scarf tas neck scarf,Rp49.000,49000.0
aksesoris-wanita,KACAMATA ANTI RADIASI PHOTOCROMIC BLUECHROMIC BLUERAY ARMENIA WANITA,Rp147.510,147510.0
aksesoris-wanita,Grey Jack Frame Kacamata Titanium Oval Modern Fashion Wanita New 98449,Rp999.000,999000.0
aksesoris-wanita,Grey Jack Kacamata Frame Oval Fashion Pria Wanita Bisa Minus 21007,Rp599.000,599000.0
aksesoris-wanita,OKAIDO OFFICIAL Sandal Strap Tali Model Gesper Wanita Cewek Perempuan Rantai Fashion Korea Kekinian Nyaman Dan Lembut Hitam Putih Elegan,Rp39.983,39983.0
aksesoris-wanita,Seeouo Kotak Kacamata Pouch / Box Hard Case Magnetic Kokoh Pelindung Frame Sunglasses Motif Elegant Protective D4,Rp129.000,129000.0
aksesoris-wanita,Grey Jack Frame Kacamata Titanium Bisa Minus Elegant Simple New 99089,Rp950.000,950000.0
aksesoris-wanita,Kacamata Frame Kotak Skena PC Lensa Hitam Sunglasses Perlindungan UV400 Fashion Modis Gaya Korea Eyewear Pria Wanita IOOI 5504 Sun,Rp129.000,129000.0
aksesoris-wanita,Seeouo Kacamata Antiradiasi Blueray Bentuk Kotak Asian Fit Bahan TR90 Ringan Fashion Keren Pria Dan Wanita Bisa Minus Antiradiasi Blueray Photocromic 9017,Rp449.000,449000.0
aksesoris-wanita,Grey Jack Kacamata Antiradiasi Blueray Kotak Style Vintage Kekinian Bahan Metal Ringan Bisa Minus Fashion Pria Wanita 31859,Rp799.000,799000.0
aksesoris-wanita,Kacamata Kotak Metal PC Ringan Lensa Blueray Perlindungan Cahaya Biru Bisa Minus Fashion Korea Modis Pria Wanita IOOI TR8921,Rp128.000,128000.0
aksesoris-wanita,Kacamata Minus Metal PC CatEye Classy AntiBlueray Wanita - IOOI S11800,Rp99.000,99000.0
aksesoris-wanita,GREY JACK kacamata Antiradiasi Blueray+Photocromic 2IN1 Anti UV Bahan TR90 model kotak fashion pria dan wanita 3002,Rp159.000,159000.0
aksesoris-wanita,Prtbl Baseball Hat kombinasi - Hitam Mix Oren,Rp130.000,130000.0
aksesoris-wanita,Seeouo Kacamata Anti Radiasi Blueray Photocromic 2in1 Metal Bulat 9018,Rp299.000,299000.0
aksesoris-wanita,Nobby Yuka Belt Aksesoris Ikat Pinggang Wanita Bahan Kulit Sintetis,Rp94.500,94500.0
aksesoris-wanita,Viendo Kacamata Anti Radiasi Blueray Photocromic Minus Cylinder UV400 Komputer Hp Anti Sinar Matahari Kaca Mata Optik 2 in 1 Bluecromic Fashion Frame Wanita Pria Cowok -1/-1.5/-2/-2.5/-3/-3.5/-4/-4.5/-5/-5.5/-6 Lensa Eyewear Glasses Dewasa Antiradiasi,Rp189.000,189000.0
aksesoris-wanita,Kacamata Frame Bulat Modern Trendy Bisa Minus Photocromic Blueray 8602,Rp139.000,139000.0
aksesoris-wanita,AZKO Ataru Topi Baseball Ny - Abu-Abu Baseball Cap Aksesoris Kepala Unisex Hat Topi Kasual,Rp91.900,91900.0
aksesoris-wanita,CHAZANDCO kacamata photocromic anti radiasi minus poligon setengah bingkai Pria Wanita Besi UV400 Rabun Jauh Kaca Mata Optik Bluecromic Korean Fashion hp dan komputer Silinder Terbaru -1.00/-2.00/-3.00/-4.00/-5.00/-6.00,Rp378.000,378000.0
aksesoris-wanita,HSF Eyewear Destiny 04 - Sunglasses | HSF X Ira Nandha – The Destiny Collection | Kacamata Hitam Wanita dan Pria,Rp799.900,799900.0
aksesoris-wanita,Ataru Topi Baseball Mesh Back - Hijau Aksesoris Kepala Baseball Cap Topi Stylish Unisex Serbaguna Fashionable Hat Aksesoris Fashion Pria Wanita,Rp34.400,34400.0
aksesoris-wanita,Vixplorn Pouch Kacamata Silika Gel /Lucu Sunglasses Glasses Case/ Multifungsi Organizer Tas Kacamata /Kulit Leather Waterproof Anti Lecet Kotak,Rp63.661,63661.0
aksesoris-wanita,FEFA STYLE - IKAT PINGGANG WANITA BAHAN KULIT SINTESIS Belt,Rp27.000,27000.0
aksesoris-wanita,Sunset Eyewear - Frame Kacamata Optical - CO 2254 C1,Rp120.000,120000.0
aksesoris-wanita,Sunset Eyewear - Frame Kacamata Optical - M 69009 C1,Rp90.000,90000.0
aksesoris-wanita,Sunset Eyewear - Frame Kacamata Optical - M JP5052 C2,Rp90.000,90000.0
aksesoris-wanita,Sunset Eyewear - Kacamata Hitam Sunglasses - SG 3889 C1,Rp80.000,80000.0
aksesoris-wanita,Sunset Eyewear - Lensa Kacamata Flat Top Classic Bifocal - Lensa Jarak Jauh dan Dekat,Rp255.000,255000.0
aksesoris-wanita,Sunset Eyewear - Frame Kacamata Optical - CO 2340 C1,Rp120.000,120000.0
aksesoris-wanita,Sunset Eyewear - Kacamata Hitam Sunglasses - SGPCCP 6238 C1,Rp100.000,100000.0
aksesoris-wanita,Sunset Eyewear - Kacamata Hitam Sunglasses - SG 5126 C1,Rp80.000,80000.0
aksesoris-wanita,Sunset Eyewear - Frame Kacamata Optical - TRM 2337 C1,Rp90.000,90000.0
aksesoris-wanita,Sunset Eyewear - Kacamata Hitam Sunglasses - SGTR501C4,Rp100.000,100000.0
aksesoris-wanita,Sunset Eyewear - Frame Kacamata Optical - TRCP 2101 C1,Rp90.000,90000.0
aksesoris-wanita,Sunset Eyewear - Kacamata Hitam Sunglasses - SG 3670 C1,Rp80.000,80000.0
aksesoris-wanita,Sunset Eyewear - Frame Kacamata Optical - TRCP KL7028 C1,Rp90.000,90000.0
aksesoris-wanita,Sunset Eyewear - Kacamata Hitam Sunglasses - SGTR 813 C1,Rp100.000,100000.0
aksesoris-wanita,Sunset Eyewear - Frame Kacamata Optical - TRCP 1347 C1,Rp90.000,90000.0
aksesoris-wanita,Sunset Eyewear - Kacamata Hitam Sunglasses - SG 3659 C1,Rp80.000,80000.0
aksesoris-wanita,Sunset Eyewear - Kacamata Hitam Sunglasses - SG3817C2,Rp80.000,80000.0
aksesoris-wanita,Sunset Eyewear - Frame Kacamata Optical - PC 203101 C2,Rp80.000,80000.0
aksesoris-wanita,Sunset Eyewear - Kacamata Hitam Sunglasses - SG 3867 C3,Rp80.000,80000.0
aksesoris-wanita,Sunset Eyewear - Kacamata Hitam Sunglasses - SG 3746 C1,Rp80.000,80000.0
aksesoris-wanita,Sunset Eyewear - Frame Kacamata Optical - TRM 8422 C1,Rp90.000,90000.0
aksesoris-wanita,KACAMATAMOO Frame Kacamata Wanita Cat Eye SEROJA CE SJ003 Elegan & Stylish | Lebaran Collection,Rp299.000,299000.0
aksesoris-wanita,KACAMATAMOO - Frame Kacamata Clip On CO1009,Rp300.000,300000.0
aksesoris-wanita,Luxilens - Yovanka Kacamata Kotak Modern Pria dan Wanita Kalcer skena Minus dan Normal Blueray Photocromic Bluecromic,Rp73.002,73002.0
aksesoris-wanita,Luxilens - Willow Frame Kacamata Cat eye Super Lentur TR90 Wanita Normal Minus Silinder lensa Bluecromic Photocromic Blueray,Rp72.765,72765.0
aksesoris-wanita,"【Samphorid】Kacamata Premium Retro Leopard Bingkai Kecil Bingkai Persegi Anti Cahaya Biru & Radiasi, Anti Lelah Kacamata Pelajar / Untuk Kerja di Kantor Pria Dan Wanita Fashion Terbaru",Rp65.899,65899.0
aksesoris-wanita,KACAMATAMOO Frame Kacamata Wanita Cat Eye CE V908 Kokoh dan Fashionable | Holiday Collection,Rp439.000,439000.0
aksesoris-wanita,【Samphorid】Fashion Trend Cat Eye Glasses Imitation Wood Anti Blue Light Glasses Unisex Versatile Glasses,Rp69.899,69899.0
aksesoris-wanita,Berrybarton Frame Kacamata Bisnis Minus Metal TR Bulat Photocromic Bluecromic Anti Radiasi Blueray Lensa Minus Pria Wanita 6415,Rp129.000,129000.0
aksesoris-wanita,WakaiGo - WKGO VALLEY SIX PANEL CAP,Rp263.200,263200.0
aksesoris-wanita,【Samphorid】Kacamata Bingkai Besar Serat Kayu Kacamata Optik Retro untuk Pelajar Kacamata Anti Cahaya Biru,Rp39.499,39499.0
aksesoris-wanita,(Beli 1 Minus Dapat Ganci Obeng) Kacamata Minus Japan Style Giyu Unisex Lensa Photocormic Blueray Bluecromic Antiradiasi UV,Rp120.500,120500.0
aksesoris-wanita,Grey Jack kacamata anti radiasi blueray frame titanium fashion 5050,Rp1.390.000,1390000.0
aksesoris-wanita,Grey Jack kacamata anti radiasi blueray fashion terbaru vintage 5031,Rp699.000,699000.0
aksesoris-wanita,Inone Round Sunglasses Kacamata Hitam Fashion Pria Wanita Frame Model Tren Simple,Rp12.900,12900.0
aksesoris-wanita,Grey Jack Kacamata Antiradiasi Blueray Kotak Stylish Bisa Minus 17133,Rp399.000,399000.0
aksesoris-wanita,Kate Spade Kacamata Wanita S KP YOLANDAS 086LA 51,Rp2.316.250,2316250.0
aksesoris-wanita,Grey Jack Frame Kacamata Model Oval Ringan Bahan TR+Acetate New 21026,Rp399.000,399000.0
aksesoris-wanita,Ixoora Chayra - Frame Kacamata Minus Photocromic Photochromic Anti Radiasi Pria Wanita Blueray Sinar Biru Bluecromic Bluechromic Bluedrive Progresif One Drive Baca Jalan,Rp105.000,105000.0
aksesoris-wanita,MIGHTY Kacamata CLIP ON PhotoChromic AntiRadiasi Wanita - SCIDER Clip On,Rp395.010,395010.0
aksesoris-wanita,Grey Jack Lensa Essilor Elements Minus Plus Cyl Blue Light Protection,Rp330.000,330000.0
aksesoris-wanita,ALILA 70x70cm Korean syal scarf leher scarf tas neck scarf,Rp49.000,49000.0
aksesoris-wanita,KACAMATA ANTI RADIASI PHOTOCROMIC BLUECHROMIC BLUERAY ARMENIA WANITA,Rp147.510,147510.0
aksesoris-wanita,Grey Jack Frame Kacamata Titanium Oval Modern Fashion Wanita New 98449,Rp999.000,999000.0
aksesoris-wanita,Grey Jack Kacamata Frame Oval Fashion Pria Wanita Bisa Minus 21007,Rp599.000,599000.0
aksesoris-wanita,Belt Leopard Premium Kulit PU Sabuk Fashion Unisex Retro Cocok Untuk Wanita Pria Mix And Match Dengan Jeans Rok Gaun Dan Outfit Korean Style Harian,Rp29.000,29000.0
aksesoris-wanita,BITCBae 1/5pairs sarung tangan upacara Sarung tangan etiket dengan bagian telapak semi-cetak dan sirkulasi udara yang baik,Rp14.900,14900.0
aksesoris-wanita,MIGHTY Kacamata CLIP ON PhotoChromic AntiRadiasi Wanita - SCIDER Clip On,Rp395.010,395010.0
aksesoris-wanita,MIGHTY kacamata hitam kotak Wanita OSAKA BROWN sunglasses,Rp296.010,296010.0
aksesoris-wanita,Topi Casual Polos Sport Baseball Cap Tumblr Hat Merah,Rp79.000,79000.0
aksesoris-wanita,Ixoora Chayra - Frame Kacamata Minus Photocromic Photochromic Anti Radiasi Pria Wanita Blueray Sinar Biru Bluecromic Bluechromic Bluedrive Progresif One Drive Baca Jalan,Rp105.000,105000.0
aksesoris-wanita,Mybamus Rose Ikat Pinggang Wanita Belt Bunga Mawar Aksesoris Fashion,Rp15.000,15000.0
aksesoris-wanita,Madless - Topi Sepeda Lari Olahraga - Running Cap - RC 03,Rp79.000,79000.0
aksesoris-wanita,Ataru Topi Baseball - Khaki Aksesoris Kepala Baseball Cap Topi Stylish Unisex Serbaguna Fashionable Hat Aksesoris Fashion Pria Wanita,Rp87.900,87900.0
aksesoris-wanita,Haisley Topi Karakter – Topi Premium Baseball Corduroy Pria Wanita Unisex,Rp72.000,72000.0
aksesoris-wanita,EAR HOOK karet kacamata / pengait kacamata / anti slip kacamata,Rp9.701,9701.0
aksesoris-wanita,Grey Jack Frame Kacamata Kotak Titanium Bisa Minus Style Kekinian 2320,Rp550.000,550000.0
aksesoris-wanita,Grey Jack Kacamata Hitam Sunglasses Anti UV Protection Model Kotak Oversized Style Wanita Modis Design Unik Keren 31848,Rp179.000,179000.0
aksesoris-wanita,Grey Jack Frame kacamata minus TR90 fashion unisex terbaru 7014,Rp429.000,429000.0
aksesoris-wanita,MIGHTY kacamata hitam CAT EYE Wanita SALMA sunglasses,Rp296.010,296010.0
aksesoris-wanita,Grey Jack Frame Kacamata Model Oval Ringan Bahan TR+Acetate New 21026,Rp399.000,399000.0
aksesoris-wanita,Grey Jack Kacamata Antiradiasi Blueray Kotak Stylish Bisa Minus 17133,Rp399.000,399000.0
aksesoris-wanita,Kate Spade Kacamata Wanita S KP YOLANDAS 086LA 51,Rp2.316.250,2316250.0
aksesoris-wanita,Grey Jack Kacamata Antiradiasi Blueray Model Kotak Besar TR90 8991,Rp499.000,499000.0
aksesoris-wanita,Grey Jack Kacamata Antiradiasi Blueray Metal Oval Unisex 5066,Rp499.000,499000.0
aksesoris-wanita,Grey Jack Kacamata Antiradiasi Blueray TR90 Model Kotak K8047,Rp599.000,599000.0
aksesoris-wanita,Grey Jack Kacamata Frame Titanium Model Oval Ringan Kokoh Unisex 98394,Rp999.000,999000.0
aksesoris-wanita,Grey Jack Kacamata Antiradiasi Blueray Model Oval Bahan Tr90 Unisex Ringan 8040,Rp699.000,699000.0
aksesoris-wanita,Grey Jack Kacamata Antiradiasi Blueray Bulat Simple Pria Dan Wanita Bisa Minus Photocromic Bluecromic 1008X,Rp699.000,699000.0
aksesoris-wanita,Lenscleaner Set 30 ML cairan pembersih Lensa By Spex Symbol | Pembersih Lensa Kacamata | Eye,Rp78.000,78000.0
aksesoris-wanita,Ataru Topi Baseball - Biru Washed Aksesoris Kepala Baseball Cap Topi Stylish Unisex Serbaguna Fashionable Hat Aksesoris Fashion Pria Wanita,Rp87.900,87900.0
aksesoris-wanita,Kacamata Hitam Sunglasses Anti UV400 Kotak Trendy Fashion Pria Wanita - IOOI 62602,Rp79.000,79000.0
aksesoris-wanita,Seeouo Kacamata Anti UV 400 Lens Sunglasses Protection Eyes Stylish Model Cat Eye Fashionable Bahan TR90 Woman Style 90131,Rp77.000,77000.0
aksesoris-wanita,Purpi Eyewear - Frame Kacamata Pria Wanita SANDY 9614,Rp75.000,75000.0
aksesoris-wanita,EIGER WOMEN WERA FULL GLOVES 3.0,Rp159.000,159000.0
aksesoris-wanita,Seeouo Frame Kacamata Plano Lens Bisa Minus Photocromic Bluecromic Bahan Titanium Ringan Model Aviator Asian Fit 99069,Rp599.000,599000.0
aksesoris-wanita,Kacamata Hitam Sunglasses Anti Uv 400 Fashion Berrybarton 2348,Rp89.000,89000.0
aksesoris-wanita,Berrybarton Kacamata Photocromic Anti Radiasi Matahari Lensa Berubah Warna Outdoor Fashion Model Frame Bulat Lebar Oversize Unisex Daily Glasses Trendi 10420,Rp129.000,129000.0
aksesoris-wanita,Viendo Frame Kacamata Photocromic Anti Blueray Radiasi Cat Eye Fotocromic Pria Wanita TR90 Kecamata 2 in 1 Bluecromic Antiradiasi Fashion Potocromic Cowok Korea Gaya Besi Elastik Anti Sinar Matahari UV400 kaca Mata Optik Komputer HP Eyewear Dewasa Glasses,Rp139.000,139000.0
aksesoris-wanita,Grey Jack Kacamata Antiradiasi Blueray TR90 Model Bulat Ringan Stylish Pria Wanita Bisa Lensa Minus Antiradiasi Blueray Bluecromic 8644,Rp599.000,599000.0
aksesoris-wanita,Kacamata Frame Geometric TR90 Ringan dan Nyaman Lensa Photocromic Blueray Glasses Perlindungan Sinar Biru Gadget Fashion Casual Modis Kekinian Pria Wanita IOOI Eyewear GF-581013,Rp116.100,116100.0
aksesoris-wanita,Grey Jack Kacamata Antiradiasi Blueray Fashion Semi Cateye Metal Kekinian Casual Premium Terbaru FA 1024,Rp699.000,699000.0
aksesoris-wanita,Kacamata Hitam Sunglasses Kotak Anti Uv Fashion Berrybarton JL86922A Sun,Rp129.150,129150.0
aksesoris-wanita,Grey Jack Kacamata Antiradiasi Blueray Model Kotak Oversized Ringan Bahan TR90 Laki-laki Wanita Bisa Minus Antiradiasi Blueray Photocromic K 9034,Rp699.000,699000.0
aksesoris-wanita,MIGHTY kacamata hitam sunglasses Wanita ASAMI BLACK cat eye,Rp296.010,296010.0
aksesoris-wanita,Seeouo Frame Kacamata Plano Lens Semi Rimless Fashionable Wanita Bahan Metal Ringan Half Rim Comfortable Bisa Minus Antiradiasi Blueray Photocromic 34627,Rp444.510,444510.0
aksesoris-wanita,Kacamata Minus Lensa Photocromic Frame Kotak Pria Wanita - IOOI 22008,Rp69.000,69000.0
aksesoris-wanita,Kacamata Bulat Anti Radiasi Blueray Photocromic Frame PC Berrybarton 81071,Rp99.000,99000.0
aksesoris-wanita,Seeouo Kacamata 2IN1 Clip ON Bentuk Cat Eye Fashion Wanita Bisa Minus Anti Silau 25104,Rp499.000,499000.0
aksesoris-wanita,Grey Jack Kacamata Antiradiasi Blueray Style Kotak Elegant tr90 1866,Rp599.000,599000.0
aksesoris-wanita,SATURDAYS - Ashley Wide Sunglasses Kacamata Pria & Wanita,Rp1.270.750,1270750.0
aksesoris-wanita,Kacamata Kotak TR Metal Anti Radiasi Komputer Kacamata Bisa Minus Anti Blueray Photocromic Bluecromic Fashion 6846,Rp159.000,159000.0
aksesoris-wanita,Scarf Onde Lapis Salmon SMM,Rp775.000,775000.0
aksesoris-wanita,Seeouo Kacamata Hitam Sunglasses Anti UV 400 Lens Protection Style Cat Eye Segitiga Y2K Pria Wanita 95127,Rp66.000,66000.0
aksesoris-wanita,Seeouo Antiradiasi Blueray Kacamata Fashionable Kotak Semi Bold Frame Bahan TR90 Ringan Style Unisex Bisa Minus 1029,Rp499.000,499000.0
aksesoris-wanita,HOOLIGANS Sunglases Gilberto Kacamata - Brown,Rp158.700,158700.0
aksesoris-wanita,Grey Jack Kacamata Sunglasses Anti UV400 Model Cat Eye Klasik Tr90 Ringan Fashion Wanita Keren Modis 8226,Rp99.000,99000.0
aksesoris-wanita,Seeouo Sunglasses Sun 400 Protection Fashionable Glasses Unisex Pria dan Wanita Sunglasses Model Kotak Bahan TR90 28028,Rp229.000,229000.0
aksesoris-wanita,Seeouo Kacamata Sunglasses Anti UV 400 Sun Protection Style Oval TR90+Metal Unisex Fashion Pria Wanita 9328,Rp88.000,88000.0
aksesoris-wanita,Forester AII 040 | Ikat Pinggang Sabuk Belt Ethan,Rp130.000,130000.0
aksesoris-wanita,Seeouo Kacamata Anti Radiasi Blueray Bentuk Aviator Simple Style Unisex Bisa Minus 23008,Rp449.000,449000.0
aksesoris-wanita,Seeouo Kacamata Anti UV 400 Lens Sunglasses Protection Model Kotak Fashion Stylish Bahan TR90 Kokoh Pria Wanita 90118,Rp122.000,122000.0
aksesoris-wanita,Kacamata Minus Metal PC Kotak Stylish Anti Blueray Fashion Pria Wanita - IOOI ZS-DB1050AB,Rp99.000,99000.0
aksesoris-wanita,Hush Puppies Topi Unisex TYPO Mustard CP22017MU,Rp189.500,189500.0
aksesoris-wanita,Seeouo Kacamata Antiradiasi Blueray Model Oval Bahan Metal Ringan Fashion Pria Wanita Bisa Minus 8022x,Rp299.000,299000.0
aksesoris-wanita,ANASTASIA 70x70cm Korean syal scarf leher scarf tas neck scarf,Rp42.000,42000.0
aksesoris-wanita,Grey Jack Frame Kacamata Model Cat Eye Fashion Wanita Bahan Metal 204,Rp799.000,799000.0
aksesoris-wanita,Grey Jack Kacamata Bahan Titanium Model Kotak Ringan Style Bisnis 8020,Rp1.200.000,1200000.0
aksesoris-wanita,Sarung Tangan Musim Dingin Wanita Pria Tebal Thermal Gloves Touch Screen Hangat Berbulu Premium Cocok untuk Motor Aktivitas Outdoor Hiking Bersepeda Nyaman Digunakan Sehari Hari,Rp45.000,45000.0
aksesoris-wanita,Grey Jack Lensa Essilor Elements Minus Plus Cyl Blue Light Protection,Rp330.000,330000.0
aksesoris-wanita,Grey Jack Frame Kacamata Anti radiasi blueray photocromic Bluecromic Bisa minus model Oval Metal Alloy pria wanita 11012,Rp129.000,129000.0
aksesoris-wanita,Grey Jack Kacamata Sunglasses Anti UV400 Model Bold Fashion Pria Wanita Bentuk Kotak Ringan Keren 8104,Rp559.000,559000.0
aksesoris-wanita,Grey Jack Kacamata Lensa Plano Bahan TR90 Model Kotak Sporty Bisa Minus Antiradiasi Blueray Photocromic Bluecromic Fashion Wanita Pria 7510,Rp159.000,159000.0
aksesoris-wanita,The Don's House MOLLY Belt - Ikat Pinggang Pria Wanita Nilon Webbing Premium,Rp135.000,135000.0
aksesoris-wanita,CHAZANDCO Frame Kacamata Photocromic Anti Radiasi Blueray Pria Wanita TR90 Bluecromic Gaya Kecamata 2 in 1 Potocromic Pria Cowok Besi Fotocromic Fashion Korea Wanita Elastik Antiradiasi Anti Sinar Matahari UV400 kaca Mata Optik Komputer HP Eyewear Glasses,Rp139.000,139000.0
aksesoris-wanita,Kacamata Minus Metal TR90 Bulat Anti Blueray Fashion Pria Wanita - IOOI 8688 New,Rp129.000,129000.0
aksesoris-wanita,Kaca mata Anti Radiasi Kotak Titanium Lentur Berrybarton JH009,Rp220.000,220000.0
aksesoris-wanita,Kalibre Kacamata Wood Art 996157999,Rp299.000,299000.0
aksesoris-wanita,Seeouo Kacamata Antiradiasi Blueray Style Kotak TR90 Fashion Y2K Stylish Bisa Minus Photocromic Bluecromic 3379,Rp299.000,299000.0
aksesoris-wanita,Barley Division Glasses Luzig Yellow,Rp80.000,80000.0
aksesoris-wanita,Kacamata Frame Geometric TR90 Desain Elegan Ringan dan Nyaman Lensa Photocromic Blueray Glasses Perlindungan Sinar Biru Gadget Fashion Modis Trendi Korea Pria Wanita IOOI Eyewear 1347,Rp129.000,129000.0
aksesoris-wanita,Nosepad Premium Metal Bantalan Hidung Kacamata nosepad 1 pasang,Rp21.755,21755.0
aksesoris-wanita,Atlas Hijab Noor Vitae Series Motif Sivya Kerudung Segi Empat,Rp120.000,120000.0
aksesoris-wanita,Kacamata Frame Geometric Titanium TR90 Ringan dan Nyaman Lensa Photocromic Blueray Perlindungan Sinar Biru Gadget Fashion Modis Trendi Kekinian Pria Wanita IOOI Eyewear L9106,Rp269.000,269000.0
aksesoris-wanita,Brandluxid Maxi GG Cap Brown Unisex,Rp6.350.000,6350000.0
aksesoris-wanita,Topi Rope Hat Patch Corduroy Visor Pendek Omidoki Topi Baseball Skena Caps Light Brown Platy,Rp84.000,84000.0
aksesoris-wanita,Seeouo Kacamata Titanium Style Oval Tr90 Simple Fashion Frame Pria Wanita Bisa Minus Antiradiasi Blueray Bluecromic 13003,Rp699.000,699000.0
aksesoris-wanita,Kacamata Lensa Blueray Minus Photocromic Bulat Modis Casual Pria Wanita Titanium Sson Tvte T18927,Rp369.000,369000.0
aksesoris-wanita,Kacamata Minus Metal PC CatEye Classy AntiBlueray Wanita - IOOI S11931,Rp99.000,99000.0
aksesoris-wanita,Prtbl Hadcap - Vibrant colours,Rp130.000,130000.0
aksesoris-wanita,Lensa Kacamata Minus/Silinder Kodak FSV 1.60 Asph EvoBlue CNC,Rp1.399.000,1399000.0
aksesoris-wanita,SATURDAYS - Sleek Extra Wide Eyewear Kacamata Pria & Wanita,Rp535.500,535500.0
aksesoris-wanita,Guy Laroche Kacamata Unisex F GL 2240 C5 49,Rp752.250,752250.0
aksesoris-wanita,Kacamata Minus Titanium Anti Blueray Bulat Stylish Pria Wanita - IOOI 5018 Titan,Rp89.000,89000.0
aksesoris-wanita,(dapat 3 warna) Ikat Pinggang Gesper Wanita korea rantai Saiyu Gesper Jepret,Rp99.999,99999.0
aksesoris-wanita,Kacamata Frame Geometric Titanium Terbaru Ringan dan Nyaman Lensa Photocromic Blueray Glasses Perlindungan Sinar Biru Gadget Fashion Modis Trendi Elegan Kekinian Pria Wanita IOOI Eyewear 2036,Rp129.000,129000.0
aksesoris-wanita,Grey Jack Kacamata Antiradiasi Blueray Titanium Bentuk Kotak Ringan & Kokoh 1023,Rp1.000.000,1000000.0
aksesoris-wanita,Grey Jack Kacamata Frame Titanium Model Oval Ringan Kokoh Unisex 98394,Rp999.000,999000.0
aksesoris-wanita,Grey Jack Kacamata Antiradiasi Blueray Metal Oval Unisex 5066,Rp499.000,499000.0
aksesoris-wanita,Grey Jack Kacamata Antiradiasi Blueray Model Oval Bahan Tr90 Unisex Ringan 8040,Rp699.000,699000.0
aksesoris-wanita,Grey Jack Kacamata Antiradiasi Blueray TRMetal Style Bulat Fashion Pria & Wanita 0955,Rp399.000,399000.0
aksesoris-wanita,Grey Jack Kacamata Antiradiasi Blueray Bulat Simple Pria Dan Wanita Bisa Minus Photocromic Bluecromic 1008X,Rp699.000,699000.0
aksesoris-wanita,Grey Jack Kacamata Antiradiasi Blueray TR90 Model Kotak K8047,Rp599.000,599000.0
aksesoris-wanita,Grey Jack Kacamata Antiradiasi Blueray Model Kotak Besar TR90 8991,Rp499.000,499000.0
aksesoris-wanita,KACAMATA ANTIRADIASI PHOTOCHROMIC BLUERAY CAPETOWN BLACK GOLD wanita,Rp147.510,147510.0
aksesoris-wanita,GREATWIFE Selendang Rajut Musim Dingin Selendang Unisex,Rp57.200,57200.0
aksesoris-wanita,GREATWIFE Syal Selendang Rajut Premium Musim Dingin Unisex,Rp137.500,137500.0
aksesoris-wanita,BITCBae 1/5pairs sarung tangan upacara Sarung tangan etiket dengan bagian telapak semi-cetak dan sirkulasi udara yang baik,Rp14.900,14900.0
aksesoris-wanita,Belt Leopard Premium Kulit PU Sabuk Fashion Unisex Retro Cocok Untuk Wanita Pria Mix And Match Dengan Jeans Rok Gaun Dan Outfit Korean Style Harian,Rp29.000,29000.0
aksesoris-wanita,Lenscleaner Set 30 ML cairan pembersih Lensa By Spex Symbol | Pembersih Lensa Kacamata | Eye,Rp78.000,78000.0
aksesoris-wanita,Madless - Topi Sepeda Lari Olahraga - Running Cap - RC 03,Rp79.000,79000.0
aksesoris-wanita,Mybamus Rose Ikat Pinggang Wanita Belt Bunga Mawar Aksesoris Fashion,Rp15.000,15000.0
aksesoris-wanita,EAR HOOK karet kacamata / pengait kacamata / anti slip kacamata,Rp9.701,9701.0
aksesoris-wanita,Grey Jack Kacamata Hitam Sunglasses Anti UV Protection Model Kotak Oversized Style Wanita Modis Design Unik Keren 31848,Rp179.000,179000.0
aksesoris-wanita,Grey Jack Frame kacamata minus TR90 fashion unisex terbaru 7014,Rp429.000,429000.0
aksesoris-wanita,Grey Jack Frame Kacamata Kotak Titanium Bisa Minus Style Kekinian 2320,Rp550.000,550000.0
aksesoris-wanita,Seeouo Kacamata Photocromic Antiradiasi TR90 Model Oval Stylish Ringan Lentur Comfortable Frame Bisa Minus Bluecromic Unisex 2001,Rp77.000,77000.0
aksesoris-wanita,Grey Jack Kacamata Antiradiasi Blueray Bentuk Oval Minus Unisex 2007,Rp599.000,599000.0
aksesoris-wanita,Kacamata Skena Frame Bold Fashion Pria Wanita Trendy Style Lensa Bluecromic Gaya Band Konser Berrybarton 389 AB,Rp129.000,129000.0
aksesoris-wanita,Kacamata Lensa Minus Photocromic Pria Wanita Kotak Sson Tvte S11966,Rp159.000,159000.0
aksesoris-wanita,Grey Jack/Frame Kacamata Bisa untuk Minus TR90/Pria dan Wanita/7017,Rp279.000,279000.0
aksesoris-wanita,Seeouo Kacamata Antiradiasi Blueray Model Kotak Frame TR90+Metal Pria Wanita Simple Fashion Bisa Minus Photocromic 25036,Rp99.000,99000.0
aksesoris-wanita,Kacamata Frame Kotak TR Lentur Anti Radiasi Blueray Photocromic Berrybarton 1202,Rp158.900,158900.0
aksesoris-wanita,Grey Jack Frame Kacamata Model Kotak Bahan Metal Half Frame Fashion Wanita Bisa Minus Antiradiasi Blueray Bluecromic New 34404,Rp669.000,669000.0
aksesoris-wanita,Mahameru Topi Jaring Trucker Pelindung Kepala Pria Wanita Pendaki Hjm Patch B04 Headwear Series Stylish Minimalis Material Terbaik untuk Aktivitas Outdoor Cuaca Panas,Rp127.500,127500.0
aksesoris-wanita,Grey Jack Kacamata Antiradiasi Blueray Lensa Plus Auto Focus Model Oval Bahan Metal Ringan Style Fashion Unisex Dewasa 115,Rp129.000,129000.0
aksesoris-wanita,Kacamata Hitam Sunglasses Anti UV Frame Kotak Pria Wanita - IOOI HC001,Rp69.000,69000.0
aksesoris-wanita,Seeouo Kacamata Anti Radiasi Blueray Style Kotak Bisa Minus Simple TR90+Metal Fashion Wanita 3701,Rp449.000,449000.0
aksesoris-wanita,Prtbl Hat Baseball Hitam - Bordir Hijau neon Typo,Rp130.000,130000.0
aksesoris-wanita,Grey Jack Kacamata Antiradiasi Blueray Kotak TR+Metal Ringan Fashion Pria Wanita Bisa Minus 83016,Rp599.000,599000.0
aksesoris-wanita,ANASTASIA 70x70cm Korean syal scarf leher scarf tas neck scarf,Rp42.000,42000.0
aksesoris-wanita,Grey Jack Frame Kacamata Model Cat Eye Fashion Wanita Bahan Metal 204,Rp799.000,799000.0
aksesoris-wanita,Grey Jack Kacamata Bahan Titanium Model Kotak Ringan Style Bisnis 8020,Rp1.200.000,1200000.0
aksesoris-wanita,Sarung Tangan Musim Dingin Wanita Pria Tebal Thermal Gloves Touch Screen Hangat Berbulu Premium Cocok untuk Motor Aktivitas Outdoor Hiking Bersepeda Nyaman Digunakan Sehari Hari,Rp45.000,45000.0
aksesoris-wanita,Grey Jack Lensa Essilor Elements Minus Plus Cyl Blue Light Protection,Rp330.000,330000.0
aksesoris-wanita,Scarf 1000 Timun Putih Sejauh Mata Memandang,Rp570.000,570000.0
aksesoris-wanita,Kacamata Anti Radiasi Bluecromic Bisa Minus Pria Wanita TR90 1567,Rp499.000,499000.0
aksesoris-wanita,Prtbl - Topi Baseball SMP Dewasa,Rp130.000,130000.0
aksesoris-wanita,SATURDAYS - Rodeo Eyewear Kacamata Pria & Wanita,Rp1.296.750,1296750.0
aksesoris-wanita,DEMODAS Kacamata DG6639 Tipe Lensa Bluecromic Photocromic Antiradiasi Blueray Normal Minus Silinder Pria Wanita Unisex,Rp440.000,440000.0
aksesoris-wanita,Kacamata Hitam Sunglasses Kotak Anti Uv 400 Fashion Berrybarton 99389,Rp89.000,89000.0
aksesoris-wanita,Prtbl Hat Baseball Hitam - Bordir Hijau neon Typo,Rp130.000,130000.0
aksesoris-wanita,Seeouo Kacamata Anti Radiasi Blueray Style Kotak Bisa Minus Simple TR90+Metal Fashion Wanita 3701,Rp449.000,449000.0
aksesoris-wanita,Grey Jack Kacamata Antiradiasi Blueray Tr90+Metal Oval Unisex 72009,Rp159.000,159000.0
aksesoris-wanita,Kacamata Minus Metal PC Kotak Anti Radiasi Pria Wanita - IOOI S11950,Rp99.000,99000.0
aksesoris-wanita,Lensa Optik Seis - Paket GOLD (Lensa Minus Lebih Tipis),Rp500.000,500000.0
aksesoris-wanita,Nine West Kacamata Wanita PINK F NW 5135 551 49,Rp1.691.500,1691500.0
aksesoris-wanita,Seeouo Tali Kacamata / Pengait Penahan Kacamata Silicone Grip Olahraga,Rp50.000,50000.0
aksesoris-wanita,Grey Jack Frame Titanium Model Kotak Lensa Plano Bisa Minus Antiradiasi Blueray Photocromic Bluecromic Model Kotak Fashion Wanita dan Pria 70001,Rp2.000.000,2000000.0
aksesoris-wanita,Liverpool FC Red & White Bar Scarf - Official LFC Accessories Syal,Rp400.000,400000.0
aksesoris-wanita,AZKO Ataru Topi Baseball Mountain - Biru Navy Aksesoris Kepala Baseball Cap Topi Stylish Unisex Serbaguna Fashionable Hat Aksesoris Fashion Pria Wanita,Rp57.400,57400.0
aksesoris-wanita,Ataru Ukuran S Set 2 Pcs Nipple Covers Dengan Lift Up Random Nipple Cover Silicone Pad Bra Tempel Pengganti Bra Aksesoris Busana Wanita,Rp10.900,10900.0
aksesoris-wanita,AZKO Ataru Topi Baseball California Aksesoris Kepala Baseball Cap Topi Stylish Unisex Serbaguna Fashionable Hat Aksesoris Fashion Pria Wanita,Rp57.400,57400.0
aksesoris-wanita,Groovy Eyewear Kacamata Akira Minus Antiradiasi Blueray Photocromic Bluecromic Frame Unisex Japan Style Plastik & Metal Titanium Beli 1 Minus Dapat Ganci Obeng,Rp105.650,105650.0
aksesoris-wanita,(Beli 1 Minus Dapat Ganci Obeng) Kacamata Photocromic Blueray Bluecromic Minus Antiradiasi Xena Laki-laki 551 Eyewear Frame Glasses,Rp135.000,135000.0
aksesoris-wanita,Atlas Hijab Instan Universal Vinca,Rp57.950,57950.0
aksesoris-wanita,TOGOPIGI - Topi Trucker - Tissa,Rp71.600,71600.0
aksesoris-wanita,Sunset Eyewear - Frame Kacamata Optical - TRCP 643 C10,Rp90.000,90000.0
aksesoris-wanita,Sunset Eyewear - Kacamata Hitam Sunglasses - SGTR849C5,Rp100.000,100000.0
aksesoris-wanita,Sunset Eyewear - Kacamata Hitam Sunglasses - SGTR3051C7,Rp100.000,100000.0
aksesoris-wanita,Sunset Eyewear - Kacamata Hitam Sunglasses - SG 3763 C1,Rp80.000,80000.0
aksesoris-wanita,Sunset Eyewear - Frame Kacamata Optical - TR90 L-189 C9,Rp80.000,80000.0
aksesoris-wanita,Sunset Eyewear - Kacamata Hitam Sunglasses - SG 3884 C1,Rp80.000,80000.0
aksesoris-wanita,Sunset Eyewear - Frame Kacamata Optical - TRCP 7117 C1,Rp90.000,90000.0
aksesoris-wanita,Sunset Eyewear - Frame Kacamata Optical - TRM 8312 C4,Rp90.000,90000.0
aksesoris-wanita,Sunset Eyewear - Frame Kacamata Optical - M 8139 C2,Rp90.000,90000.0
aksesoris-wanita,Sunset Eyewear - Kacamata Hitam Sunglasses - SG 3867 C4,Rp80.000,80000.0
aksesoris-wanita,Sunset Eyewear - Kacamata Hitam Sunglasses - SG 3713 C1,Rp80.000,80000.0
aksesoris-wanita,Sunset Eyewear - Frame Kacamata Optical - M 8175 C2,Rp90.000,90000.0
aksesoris-wanita,Sunset Eyewear - Frame Kacamata Optical - TRCP 7117 C11,Rp90.000,90000.0
aksesoris-wanita,Sunset Eyewear - Frame Kacamata Optical - M 8179 C1,Rp90.000,90000.0
aksesoris-wanita,Pouch Kacamata Sunglasses Pouch Tas Kacamata Tas Gantung Silika Gel Lucu Portable Waterproof Anti Lecet Kartun Lucu Unisex,Rp54.539,54539.0
aksesoris-wanita,Sunset Eyewear - Frame Kacamata Optical - TRM 575 C1,Rp90.000,90000.0
aksesoris-wanita,Sunset Eyewear - Kacamata Hitam Sunglasses - SG 3796 C1,Rp80.000,80000.0
aksesoris-wanita,Sunset Eyewear - Kacamata Hitam Sunglasses - SGPCCP 6231 C2,Rp100.000,100000.0
aksesoris-wanita,Luxilens - Caroline Frame Kacamata Cat Eye Crystal Wanita Lensa Minus silinder Normal Antiradiasi Blueray Photocromic Bluecromic,Rp73.209,73209.0
aksesoris-wanita,Kacamata Setengah Bingkai Tanpa Lensa Wanita Seksi Bingkai Kacamata Cosplay Prop,Rp50.999,50999.0
aksesoris-wanita,Kacamata Hitam Polarisasi Fashion Cat Eye Wanita Kacamata Hitam Mewah Kacamata Hitam Tahan UV,Rp69.999,69999.0
aksesoris-wanita,KACAMATAMOO - Frame Kacamata Cat Eye CE-T855 | Desain Minimalis Stylish | Ringan & Nyaman Dipakai,Rp160.000,160000.0
aksesoris-wanita,Sunset Eyewear - Frame Kacamata Optical - TRCP KL7026 C1,Rp90.000,90000.0
aksesoris-wanita,Sunset Eyewear - Frame Kacamata Optical - TR90 2522 C2,Rp80.000,80000.0
aksesoris-wanita,Sunset Eyewear - Kacamata Hitam Sunglasses - SG 88935 C4,Rp80.000,80000.0
aksesoris-wanita,Sunset Eyewear - Frame Kacamata Optical - M 8192 C3,Rp90.000,90000.0
aksesoris-wanita,Sunset Eyewear - Lensa Kacamata Anti Radiasi Gadget Blue Control 1.67 Minus / Plus / Cylinder,Rp430.000,430000.0
aksesoris-wanita,Sunset Eyewear - Frame Kacamata Optical - TR90 6007 C2,Rp80.000,80000.0
aksesoris-wanita,Sunset Eyewear - Frame Kacamata Optical - M 69022 C1,Rp90.000,90000.0
aksesoris-wanita,Sunset Eyewear - Frame Kacamata Optical - PC 3595 C1,Rp80.000,80000.0
aksesoris-wanita,Sunset Eyewear - Kacamata Hitam Sunglasses - SG 3399 C1,Rp80.000,80000.0
aksesoris-wanita,Sunset Eyewear - Frame Kacamata Optical - TRM 6413 C4,Rp90.000,90000.0
aksesoris-wanita,KACAMATAMOO - Lensa Essilor Elements Day & Night Protection (UV420 / BLUERAY + NIGHT VISION) | Garansi 12 Bulan,Rp410.000,410000.0
aksesoris-wanita,Converse Kacamata Wanita F CO MCV1006A 001 53,Rp1.270.750,1270750.0
aksesoris-wanita,Grey Jack Kacamata Antiradiasi Blueray Clip On Polarized Cat Eye 7002,Rp559.000,559000.0
aksesoris-wanita,Levi's Kacamata Wanita F LVS 7107/F DDB 49,Rp1.972.000,1972000.0
aksesoris-wanita,Women's Gloves Fox Skew 180 Pink Black Original Import,Rp1.001.000,1001000.0
aksesoris-wanita,Grey Jack Essilor Elements Minus Plus Cyl Blue Light Protection 1.67,Rp780.000,780000.0
aksesoris-wanita,Grey Jack Frame Kacamata Model Cat Eye Fashion Wanita Bahan Metal 204,Rp799.000,799000.0
aksesoris-wanita,Grey Jack Kacamata Antiradiasi Blueray Bentuk KotakTR+Acetate K9130,Rp559.000,559000.0
aksesoris-wanita,HOLO Sabuk Wanita Pinggang Fashion Kulit Asli Korean Style Belt Wanita sabuk Skena Style Retro,Rp41.900,41900.0
aksesoris-wanita,KACAMATA ANTI RADIASI PHOTOCROMIC BLUECHROMIC BLUERAY ARMENIA WANITA,Rp147.510,147510.0
aksesoris-wanita,Grey Jack Lensa Essilor Elements Minus Plus Cyl Blue Light Protection,Rp330.000,330000.0
aksesoris-wanita,Grey Jack Kacamata Antiradiasi Blueray Cat Eye Wanita TR+Metal 3012,Rp599.000,599000.0
aksesoris-wanita,HSF X Mega Iskanti (Man Edition) Soulmate Clip On Gold,Rp899.000,899000.0
aksesoris-wanita,Grey Jack Kacamata Antiradiasi Blueray Model Aviator Kotak Metal 5031,Rp599.000,599000.0
aksesoris-wanita,Grey Jack Kacamata Antiradiasi Blueray Metal Fashion Bisnis Ringan dan Kokoh 8607,Rp399.000,399000.0
aksesoris-wanita,KACAMATA ANTIRADIASI PHOTOCROMIC BLUECHROMIC BLUERAY albania WANITA,Rp147.510,147510.0
aksesoris-wanita,Grey Jack LAP/Pembersih Lensa Kacamata Spray Anti Fog/Anti Embun/Anti Uap,Rp59.000,59000.0
aksesoris-wanita,Grey Jack Kacamata Antiradiasi Blueray TR+Acetate Model Kotak Ringan Stylish Pria Wanita Bisa Lensa Minus Antiradiasi Blueray Bluecromic 8202,Rp179.000,179000.0
aksesoris-wanita,Purpi Eyewear - Frame Kacamata Pria Wanita AGISTA 2662,Rp75.000,75000.0
aksesoris-wanita,EIGER WOMEN TRISHA CORDUROY BUCKET HAT,Rp146.300,146300.0
aksesoris-wanita,Sabuk Wanita Elastis Tanpa Lubang Ring Belt Adjustable Ikat Pinggang Malas Nyaman Anti Slip Cocok Untuk Jeans Rok Celana Longgar Fashion Korea Aksesoris Harian Stylish,Rp19.000,19000.0
aksesoris-wanita,Purpi Eyewear - Frame Kacamata Pria Wanita ZEZE 2131,Rp75.000,75000.0
aksesoris-wanita,FRAME KACAMATA BLUERAY / PHOTOCHROMIC - MONTANA - Kacamata Minus Wanita,Rp147.510,147510.0
aksesoris-wanita,Seeouo Sunglasses Kacamata Hitam Sun UV 400 Protection Model Kotak Keren Unisex Bahan Tr90 Ringan Anti Silau 536,Rp77.000,77000.0
aksesoris-wanita,Daiso Knit cap (free size),Rp33.000,33000.0
aksesoris-wanita,Baseball cap : CLASSIC & BASIC - Topi Baseball Topi Pria Topi Wanita,Rp49.100,49100.0
aksesoris-wanita,Kacamata Frame Round Fashion Blueray Photocromic Berrybarton 7902,Rp129.000,129000.0
aksesoris-wanita,Grey Jack Kacamata Antiradiasi Blueray Cat Eye fashionWanita Metal 521,Rp599.000,599000.0
aksesoris-wanita,Berrybarton Kacamata Hitam Sunglasses Kotak Polarized Fashion Skena Model Korea Gaya Pria Wanita Berrybarton 206 Polarize Anti Silau Anti Radiasi Ultra Violet Comfortable Stylish Polycarbonate,Rp99.000,99000.0
aksesoris-wanita,Grey Jack Kacamata Antiradiasi Blueray Model Kotak Simple Bisa Minus Antiradiasi Blueray Photocromic Bluecromic 01244,Rp159.000,159000.0
aksesoris-wanita,Kacamata Bulat Anti Radiasi Pria Wanita Lensa Minus Bluecromic TR Metal Berrybarton S11992,Rp138.950,138950.0
aksesoris-wanita,Seeouo Kacamata Antiradiasi Blueray Bisa Minus Lensa Photocromic Bluecromic Model Kotak Kekinian TR90 Frame Ringan 522876,Rp449.000,449000.0
aksesoris-wanita,Grey Jack Kacamata Antiradiasi Blueray Model Kotak Bahan TR90+Acetate Fashion Pria dan Wanita Bisa Minus 8333,Rp449.000,449000.0
aksesoris-wanita,Grey Jack Kacamata Titanium Fashion Bisnis Style Ringan Frame Bisa Minus Antiradiasi Bluray Bluecromic 5022,Rp1.000.000,1000000.0
aksesoris-wanita,Roxy Dear Believer Color Wanita,Rp329.000,329000.0
aksesoris-wanita,Wellborn Kash Bandana Black,Rp81.000,81000.0
aksesoris-wanita,Obermain Kacamata Wanita JANE ROUND Black OBSL022BK,Rp179.000,179000.0
aksesoris-wanita,Grey Jack Kacamata Antiradiasi Blueray Model Oval TR90 Ringan Stylish Bisa Minus Fashion Pria dan Wanita Model Baru 8347,Rp599.000,599000.0
aksesoris-wanita,Kacamata Minus Metal PC Kotak Anti Radiasi Pria Wanita - IOOI 72637,Rp69.000,69000.0
aksesoris-wanita,Kacamata Bulat Lensa Anti Blue Light Sinar Biru Gadget Alloy TR Bisa Minus Fashion Skena Stylish Pria Wanita IOOI 7901,Rp129.000,129000.0
aksesoris-wanita,Kacamata Frame Kotak Titanium Desain Elegan Ringan dan Nyaman Lensa Photocromic Blueray Glasses Perlindungan Sinar Biru Gadget Fashion Casual Modis Pria Wanita IOOI Eyewear K5013,Rp369.000,369000.0
aksesoris-wanita,Kacamata Lensa Minus Photocromic Pria Wanita Oval Sson Tvte 9609,Rp569.000,569000.0
aksesoris-wanita,Kacamata Lensa Minus Photocromic Anti Blueray Bulat Pria Wanita TR Sson Tvte QQ7006,Rp219.000,219000.0
aksesoris-wanita,Kacamata Frame Square PC Lensa Anti Radiasi Bluecromic Kacamata Fashion Pria Wanita Trendy Korea Berrybarton 6263-2,Rp129.000,129000.0
aksesoris-wanita,CHAZANDCO kacamata minus photocromic anti radiasi Wanita Besi Cat Eye UV400 Bluecromic Fashion Terbaru Silinder Korean hp dan komputer Kaca Mata Optik Rabun Jauh -1.00/-2.00/-3.00/-4.00/-5.00/-6.00,Rp139.000,139000.0
aksesoris-wanita,CHAZANDCO Frame Kacamata Photocromic Anti Radiasi Wanita Frame Pria Kaca Mata Fotocromic Computer Korea Bluecromic Fashion Lensa Yang Dapat Dipertukarkan Blueray Dewasa Besi Eyewear Glasses -1.00/-2.00/-3.00/-4.00/-5.00/-6.00,Rp139.000,139000.0
aksesoris-wanita,Frame Paket Vittadini 3109 ; C1 ; Black,Rp750.000,750000.0
aksesoris-wanita,Kacamata Hitam Polarized Cat Eye Wanita Anti Silau Sson Tvte B8203,Rp239.000,239000.0
aksesoris-wanita,Kacamata Frame Kotak TR90 Ringan Lensa Photocromic Blueray Glasses Anti Cahaya Biru Fashion Modis Trendi Eyewear Pria Wanita IOOI 81001,Rp79.000,79000.0
aksesoris-wanita,Grey Jack Kacamata Antiradiasi Blueray Model Cat Eye Wanita Bahan Acetate Bisa Minus Antiradiasi Blueray Photocromic Bluecromic PS 8815,Rp339.000,339000.0
aksesoris-wanita,Grey Jack Kacamata Antiradiasi Blueray Model Bulat Retro Vintage Fashion Pria Wanita Bisa Minus Anti Radiasi Bluecromic 230,Rp599.000,599000.0
aksesoris-wanita,Sson Tvte Kacamata Lipat Hitam Fashion Wanita Kalcer Modis Sunglasses Pantai Kotak Premium S24102,Rp159.000,159000.0
aksesoris-wanita,Seeouo Kacamata Antiradiasi Blueray Kotak Stylish TR90+Metal New 81328,Rp449.000,449000.0
aksesoris-wanita,Lensa Kacamata Minus Cyl ZK Beginner 1.56 Anti Radiasi UV Protector,Rp249.000,249000.0
aksesoris-wanita,Lensa Kacamata Minus/Silinder Essilor Single Vision Transitions Gen S Crizal Drive,Rp3.999.000,3999000.0
aksesoris-wanita,Grey Jack Kacamata Lensa Antiradiasi Blueray Gadget/TV Dewasa Pria dan Wanita TR90+Metal Lembut Ringan 1872,Rp349.000,349000.0
aksesoris-wanita,Kacamata Minus Titanium Anti Blueray Geometric Stylish Pria Wanita - IOOI 5007 Titan,Rp99.000,99000.0
aksesoris-wanita,Houseofcuff Scarf Syal Bandana Leher Pria Formal X05,Rp150.000,150000.0
aksesoris-wanita,Seeouo Kacamata Antiradiasi Blueray Lens Bisa Minus Photocromic Fashion Style Unisex Model Kotak Browline TR90+Metal 3016,Rp339.000,339000.0
aksesoris-wanita,Grey Jack kacamata anti radiasi blueray komputer Tv Hp dewasa 7036,Rp279.000,279000.0
aksesoris-wanita,Converse Kacamata Wanita F CO MCV1006A 001 53,Rp1.270.750,1270750.0
aksesoris-wanita,Women's Gloves Fox Skew 180 Pink Black Original Import,Rp1.001.000,1001000.0
aksesoris-wanita,MIGHTY Kacamata PhotoChromic AntiRadiasi MADONA BROWN Wanita,Rp296.010,296010.0
aksesoris-wanita,GREATWIFE Scraf Rajut Syal Leher Unisex Syal Turtleneck Unisex,Rp44.000,44000.0
aksesoris-wanita,Jocoproduction - Topi Fashion Baseball Pria Wanita Remaja Dewasa Unisex Premium Bordir Always,Rp36.723,36723.0
aksesoris-wanita,Kacamata Hitam Bingkai Persegi Modis Kacamata Hitam Tamasya Perlindungan Matahari Tepi Pantai Musim Panas Lensa Pria,Rp25.499,25499.0
aksesoris-wanita,Deus Ex Machina Indonesia - Slab Dad Cap,Rp497.250,497250.0
aksesoris-wanita,CARTEXBLANCHE Fire Sign Topi Baseball Cap Bordir Unisex Pria - Wanita,Rp43.400,43400.0
aksesoris-wanita,POUCH TEMPAT PENCIL SEKOLAH CHECKERBOARD CLASSIC HITAM ORIGINAL VNS OTW |OLD SKOOL PENCIL POUCH BW,Rp254.720,254720.0
aksesoris-wanita,WELLEN PRINT – Cetak Satin Silk Scarf Large Custom Nama / Syal Neck,Rp45.000,45000.0
aksesoris-wanita,Seeouo Kacamata Plano Lens Bisa Minus Photocromic Anti Sinar Blueray Acetate Frame Kotak Terbaru Fashion Glasses Unisex 71026,Rp699.000,699000.0
aksesoris-wanita,Grey Jack Frame Kacamata Model Cat Eye Fashion Wanita Bahan Metal 204,Rp799.000,799000.0
aksesoris-wanita,Grey Jack Kacamata Antiradiasi Blueray Bentuk KotakTR+Acetate K9130,Rp559.000,559000.0
aksesoris-wanita,HOLO Sabuk Wanita Pinggang Fashion Kulit Asli Korean Style Belt Wanita sabuk Skena Style Retro,Rp41.900,41900.0
aksesoris-wanita,KACAMATA ANTI RADIASI PHOTOCROMIC BLUECHROMIC BLUERAY ARMENIA WANITA,Rp147.510,147510.0
aksesoris-wanita,Grey Jack Lensa Essilor Elements Minus Plus Cyl Blue Light Protection,Rp330.000,330000.0
aksesoris-wanita,Kacamata Hitam Sunglasses Kotak Polarized Metal Wood Gagang Kayu Berrybarton 522876,Rp104.000,104000.0
aksesoris-wanita,Purpi Eyewear - Frame Kacamata Pria Wanita Pria ELEA 2261,Rp75.000,75000.0
aksesoris-wanita,Kacamata Kotak TR90 Lensa Blueray Anti Cahaya Biru Bisa Minus Fashion Skena Stylish Pria Wanita IOOI TR8900,Rp128.000,128000.0
aksesoris-wanita,Grey Jack Kacamata Sunglasses Bahan Metal Bulat Anti Silau UV400 2341,Rp799.000,799000.0
aksesoris-wanita,Seeouo Frame Kacamata Plano Style Oval Simple Fashion Titanium Light Frame Durable Pria Wanita Bisa Minus 98299,Rp699.000,699000.0
aksesoris-wanita,Grey Jack Kacamata Antiradiasi Blueray Model Sport Kotak Lentur Ringan TR90 dan Silicone Fashion Bisa Minus Terbaru 1119,Rp129.000,129000.0
aksesoris-wanita,Grey Jack Kacamata Lensa Blueray Bahan TR90+Acetate Model Cat Eye Bisa Minus Antiradiasi Blueray Photocromic Bluecromic Korean Fashion Style QQ7058,Rp179.000,179000.0
aksesoris-wanita,Grey Jack Kacamata Lensa Plano Bahan Acetate Model Kotak Bisa Minus Antiradiasi Blueray Photocromic Bluecromic Fashion Wanita dan Pria 71003,Rp199.000,199000.0
aksesoris-wanita,Kacamata Hitam Pria dan Wanita Kacamata Polarized Fashion 1613,Rp399.000,399000.0
aksesoris-wanita,(Beli 1 Minus Dapat Ganci Obeng) Kacamata Minus Blueray Charlotte Antiradiasi Cylinder Plus Model cat Eye Perempuan Eyewear Glasses,Rp153.000,153000.0
aksesoris-wanita,Kacamata Unisex Alina Full Plastik Antiradiasi Biru Bluecromic Blueray Eyewear Frame Lensa Photocromic Titanium Glasses,Rp120.000,120000.0
aksesoris-wanita,(Beli 1 Minus Dapat Ganci Obeng) Kacamata Zoe Minus Antiradiasi Blueray Photocromic Bluecromic Pria Wanita Unisex Eyewear Frame Glasses,Rp83.750,83750.0
aksesoris-wanita,Grey Jack Kacamata Antiradiasi Blueray TR+Acetate Model Bulat Ringan Stylish Pria Wanita Bisa Lensa Minus Antiradiasi Blueray Bluecromic 28033,Rp129.000,129000.0
aksesoris-wanita,Grey Jack Kacamata Antiradiasi Blueray Bahan TR90 Style Kotak Ringan dan Elastis Bisa Minus Pria & Wanita 75236,Rp129.000,129000.0
aksesoris-wanita,Grey Jack Kacamata Lensa Blueray Bahan TR90 Model Kotak Bisa Minus Antiradiasi Blueray Photocromic Bluecromic Fashion Wanita Pria 86081,Rp129.000,129000.0
aksesoris-wanita,Grey Jack Kacamata Antiradiasi Blueray Model Kotak TR90 Fashion Wanita Pria Bisa Minus Simple Keren 3825,Rp129.000,129000.0
aksesoris-wanita,Kacamata Hitam Sunglasses Anti UV Frame Kotak Pria Wanita - IOOI 2946,Rp99.000,99000.0
aksesoris-wanita,Kacamata Hitam Sunglasses Metal Kotak Anti Uv Berrybarton 1044 S,Rp79.000,79000.0
aksesoris-wanita,Barley Division Glasses Luzig Leopard,Rp80.000,80000.0
aksesoris-wanita,Kacamata Hitam Skena Retro Sunglasses Polarized Perlindungan UV Square TR Trendy Modern Wanita Premium Sson Tvte P1321,Rp179.000,179000.0
aksesoris-wanita,Kacamata Frame Kotak PC Desain Elegan Ringan dan Nyaman Lensa Photocromic Blueray Glasses Anti Cahaya Biru Penggunaan Sehari-hari Fashion Pelajar Casual Pria Wanita IOOI Eyewear 6504-2,Rp129.000,129000.0
aksesoris-wanita,Mollucas - The Professor Clear - Gratis Lensa Minus/Silinder-Kacamata,Rp890.000,890000.0
aksesoris-wanita,Ikat Pinggang Golf Adidas Braided Stretch Original Adjustable Durable,Rp700.000,700000.0
aksesoris-wanita,TED BAKER (F) Kacamata Wanita F TR 9262-1 405 51,Rp1.449.250,1449250.0
aksesoris-wanita,Grey Jack Kacamata Sunglasses Anti UV Protection Model Kotak Oversized Model Unik Fashion Wanita Stylish Terbaru 6323,Rp279.000,279000.0
aksesoris-wanita,IOOI Kacamata Frame Kotak Lensa Photocromic Blueray Anti Cahaya Biru Eyewear Glasses Fashion Bisnis Pria M3076 Metal TR90 Anti Radiasi UV,Rp128.000,128000.0
aksesoris-wanita,Seeouo Antiradiasi Blueray Kacamata Bentuk Cat Eye Keren High Quality Frame TR+Metal Fashionable Wanita Bisa Minus 561,Rp339.000,339000.0
aksesoris-wanita,Seeouo Kacamata Antiradiasi Blueray Model Kotak Oval TR90+Metal 2988,Rp78.000,78000.0
aksesoris-wanita,Kacamata Hitam Fashion Bulat Kecil Sunglasses Metal Ringan Anti UV 400 Pria Wanita 8707,Rp129.000,129000.0
aksesoris-wanita,Viendo Kacamata Anti Blue Light & Radiasi Frame Kotak Frame Kacamata Retro Terbaru Kotak Wanita Pria anti Radiasi Blue Light Blueray Lensa Bluecromic Dewasa Eyewear Glasses Photocromic,Rp189.000,189000.0
aksesoris-wanita,Voilaid Black Wool Hat with Green Red Web,Rp6.032.000,6032000.0
aksesoris-wanita,Seeouo Kacamata Antiradiasi Blueray Bentuk Aviator Simple Bahan Alloy Ringan Fashionable Stylish Pria Wanita Bisa Minus 1087,Rp133.000,133000.0
aksesoris-wanita,DEMODAS Kacamata DG8830 Tipe Lensa Bluecromic Photocromic Antiradiasi Blueray Normal Minus Silinder Wanita,Rp264.000,264000.0
aksesoris-wanita,Ixoora Lensa Kacamata Warna Permanen Fashionable & Nyaman Dipakai,Rp200.000,200000.0
aksesoris-wanita,Kacamata Hitam Sunglasses Anti UV400 Polarized Kotak Fashion Pria Wanita - IOOI 935Sun,Rp89.000,89000.0
aksesoris-wanita,Grey Jack Tempat Kacamata Gantung / Tempat Kacamata Lucu Gantung Pouch Multifungsi Bahan Leather Karakter Lucu SL4,Rp199.000,199000.0
aksesoris-wanita,DEMODAS DG5287 Kacamata Anak Lensa Photocromic Bluecromic Antiradiasi Blueray Minus Normal Silinder,Rp264.000,264000.0
aksesoris-wanita,Kacamata Frame Kotak Titanium Terbaru Desain Elegan Ringan dan Nyaman Lensa Photocromic Blueray Glasses Perlindungan Sinar Biru Gadget Fashion Modis Trendi Korean Pria Wanita IOOI Eyewear ALCOR,Rp539.000,539000.0
aksesoris-wanita,ADA - Leather Belt Wanita,Rp107.910,107910.0
aksesoris-wanita,Seeouo Frame Plano Bisa Minus Antiradiasi Blueray Photocromic Titanium High Quality Frame Bentuk Oval Semi Geometric 8082,Rp699.000,699000.0
aksesoris-wanita,Grey Jack Kacamata Antiradiasi Blueray Bahan Metal Model Aviator Kotak Fashionable Pria dan Wanita Bisa Minus 5031,Rp179.000,179000.0
aksesoris-wanita,EIGER WOMEN VIRERE BASEBALL CAP,Rp141.550,141550.0
aksesoris-wanita,SATURDAYS - Finesse Eyewear Kacamata Pria & Wanita,Rp355.500,355500.0
aksesoris-wanita,SATURDAYS - Haamilton Narrow Eyewear Kacamata Pria & Wanita,Rp822.250,822250.0
aksesoris-wanita,Kacamata baca dan jalan Lensa Progressiv Cyl bisa untuk mata minus plus dan cyl Dan Lensa Hi Index 1.74,Rp490.000,490000.0
aksesoris-wanita,Seeouo Kacamata Antiradiasi Blueray Model Cat Eye Stylish Bahan TR90 Bisa Minus Wanita 8342,Rp125.000,125000.0
aksesoris-wanita,AZKO Ataru Topi Baseball Ca - Biru Aksesoris Kepala Baseball Cap Topi Stylish Unisex Serbaguna Fashionable Hat Aksesoris Fashion Pria Wanita,Rp91.900,91900.0
aksesoris-wanita,Viendo Kacamata Photocromic Anti Radiasi Blueray Minus Wanita Pria Bluecromic Kaca Mata Optik Terbaru Silinder Korean hp dan komputer Kaca Mata Optik Rabun Jauh -1.00/-2.00/-3.00/-4.00/-5.00/-6.00,Rp278.000,278000.0
aksesoris-wanita,Wellborn Crook Black Bandana,Rp60.900,60900.0
aksesoris-wanita,Vixplorn Tas Penyimpanan Kacamata Tas Kacamata Kulit/Pouch Kacamata Lucu Sunglasses Glasses/Multifungsi Organizer Tas Kacamata Kulit,Rp41.352,41352.0
aksesoris-wanita,Topi Baseball Two Tone Bordir Anggona Lengkung Warna Marun Krem Material Katun,Rp37.480,37480.0
aksesoris-wanita,Kacamata Hitam Wanita Polarized Sunglasses Kotak Sson Tvte B9001,Rp199.000,199000.0
aksesoris-wanita,Sunset Eyewear - Frame Kacamata Optical - PCCP 82223 C1,Rp90.000,90000.0
aksesoris-wanita,Atlas Hijab Instan Universal Camelia,Rp81.700,81700.0
aksesoris-wanita,Sunset Eyewear - Frame Kacamata Optical - TRCP 7048 C2,Rp90.000,90000.0
aksesoris-wanita,Sunset Eyewear - Frame Kacamata Optical - TR90 6016 C3,Rp80.000,80000.0
aksesoris-wanita,Sunset Eyewear - Frame Kacamata Optical - TRM 1007 C1,Rp90.000,90000.0
aksesoris-wanita,Sunset Eyewear - Frame Kacamata Optical - TRCP 1351 C5,Rp90.000,90000.0
aksesoris-wanita,Kacamata Hitam Bingkai Besar Retro Kacamata Hitam Unisex Super Keren Kacamata Gadis Pedas Kacamata Hitam Tahan UV,Rp24.999,24999.0
aksesoris-wanita,Sunset Eyewear - Frame Kacamata Optical - PCCPP 82237 C2,Rp90.000,90000.0
aksesoris-wanita,Grey Jack Kacamata Antiradiasi Blueray Oval Bahan Titanium Ringan Kokoh 9113,Rp1.000.000,1000000.0
aksesoris-wanita,Baseball cap : YATES - Topi Baseball Topi Pria Topi Wanita,Rp69.100,69100.0
aksesoris-wanita,KACAMATA Wanita ANTIRADIASI PHOTOCHROMIC BLUERAY SASHA Minus Plus,Rp147.510,147510.0
aksesoris-wanita,Grey Jack Kacamata Frame Oval Fashion Pria Wanita Bisa Minus 21007,Rp599.000,599000.0
aksesoris-wanita,Grey Jack Lensa Essilor Elements Minus Plus Cyl Blue Light Protection,Rp330.000,330000.0
aksesoris-wanita,Sunset Eyewear - Frame Kacamata Optical - TRM 8135 C3,Rp90.000,90000.0
aksesoris-wanita,Sunset Eyewear - Kacamata Hitam Sunglasses - SG 13048 C4,Rp80.000,80000.0
aksesoris-wanita,Sunset Eyewear - Kacamata Hitam Sunglasses - SG 3796 C5,Rp80.000,80000.0
aksesoris-wanita,Sunset Eyewear - Kacamata Hitam Sunglasses - SG 3925 C2,Rp80.000,80000.0
aksesoris-wanita,Sunset Eyewear - Frame Kacamata Optical - TRCP 28012 C11,Rp90.000,90000.0
aksesoris-wanita,Sunset Eyewear - Kacamata Hitam Sunglasses - SG 3673 C2,Rp80.000,80000.0
aksesoris-wanita,Sunset Eyewear - Kacamata Hitam Sunglasses - SG 3388 C1,Rp80.000,80000.0
aksesoris-wanita,Sunset Eyewear - Frame Kacamata Optical - TRCP 7016 C1,Rp90.000,90000.0
aksesoris-wanita,IZIPIZI Kacamata Hitam Pria Wanita Sun #L Light Tortoise,Rp1.215.000,1215000.0
aksesoris-wanita,KACAMATAMOO - Lensa Dipertipis AntiRadiasi (Hi Index 1.67) Lensa Clear Minus/Cyl,Rp380.000,380000.0
aksesoris-wanita,KACAMATAMOO Frame Kacamata Unisex Square SQ KBT98300 | Kotak Oversized Ringan Bold Stylish Cocok Lensa Minus Plus Cyl,Rp299.000,299000.0
aksesoris-wanita,KACAMATAMOO Frame Kacamata Wanita Cat Eye DARA CE SJ006 Stylish & Elegan | Lebaran Collection,Rp299.000,299000.0
aksesoris-wanita,Ixoora Kanaya - Frame Kacamata Minus Photocromic Photochromic Anti Radiasi Pria Wanita Blueray Sinar Biru Bluecromic Bluechromic Bluedrive Progresif One Drive Baca Jalan,Rp79.800,79800.0
aksesoris-wanita,Sunset Eyewear - Kacamata Hitam Sunglasses - SG A8042 C3,Rp80.000,80000.0
aksesoris-wanita,Sunset Eyewear - Kacamata Hitam Sunglasses - SG 5133 C1,Rp80.000,80000.0
aksesoris-wanita,Sunset Eyewear - Kacamata Hitam Sunglasses - SG 3731 C1,Rp80.000,80000.0
aksesoris-wanita,Sunset Eyewear - Frame Kacamata Optical - PCCPP 82259 C4,Rp90.000,90000.0
aksesoris-wanita,Sunset Eyewear - Kacamata Hitam Sunglasses - SG 88935 C5,Rp80.000,80000.0
aksesoris-wanita,Sunset Eyewear - Kacamata Hitam Sunglasses - SGA 8059 C3,Rp80.000,80000.0
aksesoris-wanita,Sunset Eyewear - Kacamata Hitam Sunglasses - SG 3960 C6,Rp80.000,80000.0
aksesoris-wanita,Sunset Eyewear - Kacamata Hitam Sunglasses - SG OG20285 C1,Rp80.000,80000.0
aksesoris-wanita,Sunset Eyewear - Frame Kacamata Optical - PCCPP 82242 C3,Rp90.000,90000.0
aksesoris-wanita,Sunset Eyewear - Frame Kacamata Optical - TRM R-8402 C1,Rp90.000,90000.0
aksesoris-wanita,Sunset Eyewear - Kacamata Hitam Sunglasses - SGTR3049C2,Rp100.000,100000.0
aksesoris-wanita,Sunset Eyewear - Kacamata Hitam Sunglasses - SG 3802 C1,Rp80.000,80000.0
aksesoris-wanita,Groovy Eyewear - Frame Kacamata Plastik Photocromic Zelta Minus Antiradiasi Blueray Bluecromic Model Unisex Glasses,Rp122.500,122500.0
aksesoris-wanita,Ixoora Verena - Frame Kacamata Minus Photocromic Photochromic Anti Radiasi Pria Wanita Blueray Sinar Biru Bluecromic Bluechromic Bluedrive Progresif One Drive Baca Jalan,Rp125.000,125000.0
aksesoris-wanita,Grey Jack Kacamata Antiradiasi Blueray Model Bulat Ringan Metal 2170,Rp699.000,699000.0
aksesoris-wanita,Grey Jack Kacamata Antiradiasi Blueray Bentuk Kotak Bahan TR90 2345,Rp449.000,449000.0
aksesoris-wanita,Grey Jack Kacamata Antiradiasi Blueray Model Bulat Ringan Metal 8942,Rp599.000,599000.0
aksesoris-wanita,Grey Jack Kacamata Antiradiasi Blueray TR90 Ringan Style Oval Pria & Wanita 3518,Rp399.000,399000.0
aksesoris-wanita,Grey Jack Kacamata Aantiradiasi Blueray TR90+Metal Style Wanita Oval 87504,Rp399.000,399000.0
aksesoris-wanita,Grey Jack Lensa Di Pertipis Kacamata Minus Tinggi Super Tipis 1.74,Rp1.250.000,1250000.0
aksesoris-wanita,Grey Jack Kacamata Antiradiasi Blueray Oval Bahan Titanium Ringan Kokoh 9113,Rp1.000.000,1000000.0
aksesoris-wanita,Grey Jack Antiradiasi Blueray Bahan Metal Style Kotak Fashion Pria & Wanita 8627,Rp599.000,599000.0
aksesoris-wanita,Grey Jack Kacamata Antiradiasi Blueray Bahan Metal Style Bulat Bisnis Fashion Wanita 90372,Rp599.000,599000.0
aksesoris-wanita,Grey Jack Frame Kacamata Plano Model Cat Eye Wanita Bahan Metal Ringan Bisa Minus Antiradiasi Bluecromic 2414,Rp399.000,399000.0
aksesoris-wanita,Grey Jack Kacamata Antiradiasi Blueray Model Cat Eye Acetate+Metal Fashion Wanita Bisa Minus 9215,Rp599.000,599000.0
aksesoris-wanita,FRAME KACAMATA BLUERAY / PHOTOCHROMIC - VIENNA - Kacamata Minus Wanita,Rp147.510,147510.0
aksesoris-wanita,Grey Jack Tempat Kacamata / Box Kacamata Cepuk Magnet Free Lap Karakter Kartun Lucu Banyak Motif Kokoh Anti Penyok CC 14,Rp19.900,19900.0
aksesoris-wanita,VSLSS Bandana Dia De Los Muertos Black,Rp119.000,119000.0
aksesoris-wanita,Kacamata Hitam Sunglasses Wayfarer Butterfly Anti Uv400 Fashion Wanita Berrybarton 5087,Rp79.000,79000.0
aksesoris-wanita,Mnst | 5 Panel Cap | Black | Basic,Rp65.000,65000.0
aksesoris-wanita,Kacamata Frame Cat Eye Desain Elegan TR90 Lensa Hitam Sunglasses Perlindungan UV400 Penggunaan Sehari-hari Fashion Modis Trendi Pria Wanita IOOI Eyewear 5001Sun,Rp75.000,75000.0
aksesoris-wanita,"Body Harness Harajuku Korea Adjustable – Pundak & Pinggang Bisa Diatur, Aksesoris Outfit Sehari-hari Viral Tiktok 【TOPSLINGS】",Rp39.000,39000.0
aksesoris-wanita,Tempat Kacamata Cepuk Magnet Hard Case Kacamata Karakter Lucu Box 4,Rp66.000,66000.0
aksesoris-wanita,Seeouo Sunglasses Kacamata Fashion Wanita Kekinian Stylish Lensa Sun UV 400 Protection Model Oval Semi Cat Eye Tr90 612,Rp77.000,77000.0
aksesoris-wanita,Daiso GI Belt -Plain- 3 cm x 110 cm x 1cm,Rp33.000,33000.0
aksesoris-wanita,Seeouo Frame Kacamata Lensa Plano Model Oval Simple Style Bahan Titanium Light Frame Pria Wanita Bisa Minus 17266,Rp799.000,799000.0
aksesoris-wanita,Kacamata Hitam Cat Eye Lensa Anti UV Sinar Matahari Sunglasses Fashion Kekinian Pria Wanita IOOI 99181,Rp99.000,99000.0
aksesoris-wanita,Ixoora Raelyn - Frame Kacamata Minus Photochromic Anti Radiasi Pria Wanita Blueray Sinar Biru Bluecromic Bluechromic Bluedrive Progresif One Drive Baca Jalan,Rp125.000,125000.0
aksesoris-wanita,Baseball cap : YORK - Topi Baseball Topi Pria Topi Wanita,Rp72.000,72000.0
aksesoris-wanita,Kacamata Hitam Unisex Cowo Cewe Gaya Retro Fashion Sunglasses Eyewear 【Tagentid】,Rp20.799,20799.0
aksesoris-wanita,Lensa Kacamata Minus/Silinder Polycore FSV 1.60 Photo U-Blue SUP,Rp1.099.000,1099000.0
aksesoris-wanita,Berrybarton Kacamata Hitam Sunglasses Lensa Anti UV 400 Polycarbonate Fashion Unisex dengan Desain Trendy Gaya Outdoor 6295,Rp129.000,129000.0
aksesoris-wanita,Seeouo Kacamata Clip On Plano 2in1 UV 400 Protection Lens Model Kotak TR90 Stylish Magnet Clip Frame Unisex Bisa Minus Pria Wanita 2237,Rp559.000,559000.0
aksesoris-wanita,Kacamata Hitam Sunglasses Kotak Anti Uv Berrybarton 1067 S,Rp94.000,94000.0
aksesoris-wanita,Viendo Frame Kacamata Photocromic Anti Radiasi Wanita Frame Pria Korea Bluecromic Kaca Mata Fotocromic Computer Fashion Lensa Yang Dapat Dipertukarkan Blueray Eyewear Glasses Dewasa,Rp189.000,189000.0
aksesoris-wanita,Kacamata Anti Radiasi Frame Kotak Bahan Lentur Berrybarton 10005,Rp159.000,159000.0
aksesoris-wanita,Kacamata Frame Kotak Terbaru TR90 Ringan dan Nyaman Lensa Photocromic Blueray Glasses Penggunaan Sehari-hari Fashion Casual Modis Trendi Pria Wanita IOOI Eyewear 10344,Rp129.000,129000.0
aksesoris-wanita,Grey Jack Kacamata Antiradiasi Blueray Oval Bahan Titanium Ringan Kokoh 9113,Rp1.000.000,1000000.0
aksesoris-wanita,Baseball cap : YATES - Topi Baseball Topi Pria Topi Wanita,Rp69.100,69100.0
aksesoris-wanita,KACAMATA Wanita ANTIRADIASI PHOTOCHROMIC BLUERAY SASHA Minus Plus,Rp147.510,147510.0
aksesoris-wanita,Grey Jack Kacamata Frame Oval Fashion Pria Wanita Bisa Minus 21007,Rp599.000,599000.0
aksesoris-wanita,Grey Jack Lensa Essilor Elements Minus Plus Cyl Blue Light Protection,Rp330.000,330000.0
aksesoris-wanita,Ixoora Meggy - Frame Kacamata Minus Photocromic Anti Radiasi Pria Wanita Blueray Sinar Biru Bluecromic Bluechromic Bluedrive Progresif One Drive Baca Jalan dengan Lensa Plastik Merah dan Nose Pad Silical Gel,Rp125.000,125000.0
aksesoris-wanita,Kacamata Hitam Sunglasses Kotak Anti Uv Berrybarton 1067 S,Rp94.000,94000.0
aksesoris-wanita,Kacamata Frame Kotak Terbaru TR90 Ringan dan Nyaman Lensa Photocromic Blueray Glasses Penggunaan Sehari-hari Fashion Casual Modis Trendi Pria Wanita IOOI Eyewear 10344,Rp129.000,129000.0
aksesoris-wanita,Kacamata Frame Bulat TR90 Terbaru Desain Elegan Ringan dan Nyaman Lensa Photocromic Blueray Glasses Perlindungan Sinar Biru Gadget Fashion Modis Trendi Kekinian Pria Wanita IOOI Eyewear 6609,Rp97.020,97020.0
aksesoris-wanita,Viendo Frame kacamata Anti Radiasi Photocromic Minus Wanita Pria Cowok Korea Gaya Elastik TR90 Frame Komputer Bluecromic Potocromic Fotocromic Anti Sinar Matahari UV400 Kaca Mata Hitam Eyewear Glasses Kecamata frame silinder Dewasa Lensa,Rp129.000,129000.0
aksesoris-wanita,Baseball cap : YORK - Topi Baseball Topi Pria Topi Wanita,Rp72.000,72000.0
aksesoris-wanita,Kacamata Hitam Unisex Cowo Cewe Gaya Retro Fashion Sunglasses Eyewear 【Tagentid】,Rp20.799,20799.0
aksesoris-wanita,Lensa Kacamata Minus/Silinder Polycore FSV 1.60 Photo U-Blue SUP,Rp1.099.000,1099000.0
aksesoris-wanita,Kacamata Minus Anti Blueray Metal TR90 Kotak Pria Wanita - IOOI M3818,Rp119.000,119000.0
aksesoris-wanita,Berrybarton Kacamata Kotak Lensa Anti Radiasi Photocromic Blueray Kacamata Plastik TR Minus Pria Wanita 85002,Rp87.500,87500.0
aksesoris-wanita,Grey Jack Kacamata Hitam Sunglasses Anti UV Protection Model Cat Eye Unik Stylish Fashion Wanita Modis Trendy Design Terbaru 31973,Rp225.000,225000.0
aksesoris-wanita,BOLON KACAMATA WANITA F BN BJ3219 B60 52,Rp1.667.250,1667250.0
aksesoris-wanita,Grey Jack Kacamata Antiradiasi Blueray TR90 Model Kotak Ringan Stylish Pria Wanita Bisa Lensa Minus Antiradiasi Blueray Bluecromic 8646,Rp669.000,669000.0
aksesoris-wanita,Grey Jack Kacamata Antiradiasi Blueray TR90 Model Kotak Ringan Stylish Pria Wanita Bisa Lensa Minus Antiradiasi Blueray Bluecromic 8639,Rp599.000,599000.0
aksesoris-wanita,Daiso Sunglasses -Double Bridge-,Rp11.000,11000.0
aksesoris-wanita,Grey Jack Kacamata Anti Radiasi Blueray TR+Metal Bentuk Kotak Bisa Minus Antiradiasi Blueray Photocromic Bluecromic 2114,Rp179.000,179000.0
aksesoris-wanita,Kacamata Frame Kotak Lensa Hitam Grey Sunglasses Perlindungan UV400 Fashion Modis Korean Eyewear Pria Wanita IOOI 819,Rp99.000,99000.0
aksesoris-wanita,Wellborn Four Elements Bandana Black.,Rp66.900,66900.0
aksesoris-wanita,Seeouo Sunglasses Rimless Style Anti UV 400 Retro Classic Glasses Metal Fashion Stylish Pria Wanita 2046,Rp99.000,99000.0
aksesoris-wanita,Viendo Kacamata Photocromic anti radiasi minus Besar Elastik TR90 Wanita poligon Plastik Pria Rabun Jauh Fashion Bluecromic Silinder Kaca Mata Optik Terbaru Korean hp dan komputer UV400 Blueray Lensa Eyewear Glasses Perempuan Frame,Rp139.000,139000.0
aksesoris-wanita,Grey Jack Kacamata Antiradiasi Blueray TR+Acetate Model Kotak Ringan Stylish Pria Wanita Bisa Lensa Minus Antiradiasi Blueray Bluecromic 2002x,Rp129.000,129000.0
aksesoris-wanita,DEMODAS Kacamata DG3076 Tipe Lensa Bluecromic Photocromic Antiradiasi Blueray Normal Minus Silinder Pria Wanita Unisex,Rp264.000,264000.0
aksesoris-wanita,Kacamata Frame Bulat Titanium TR Ringan dan Nyaman Lensa Bluecromic Glasses Anti Sinar Biru Gadget Penggunaan Sehari-hari Fashion Modis Trendi Kekinian Pria Wanita IOOI Eyewear KY9945,Rp99.000,99000.0
aksesoris-wanita,Seeouo Kacamata Anti Radiasi Blueray Oval Fashion Trendy Metal 9741,Rp499.000,499000.0
aksesoris-wanita,[BEST SELLING] Paul Parker UV 400 Protection Sunglasses-Wide View-Korean Sunglasses Wanita Premium,Rp113.500,113500.0
aksesoris-wanita,Grey Jack Kacamata Lensa Anti Blueray Bahan TR90+Metal Model Oval Fashion Unisex Trendy Bisa Minus 90126,Rp129.000,129000.0
aksesoris-wanita,Detached | Topi Trucker | Detached,Rp89.000,89000.0
aksesoris-wanita,Kacamata Lensa Blueray Minus Photocromic Casual Remaja Pria Wanita Bingkai Titanium Kotak Sson Tvte BV9006,Rp359.000,359000.0
aksesoris-wanita,Kacamata Minus Anti Radiasi Blueray Cat Eye Wanita Sson Tvte WH542,Rp159.000,159000.0
aksesoris-wanita,Berrybarton Kacamata Hitam Sunglasses Fashion Anti UV 400 Model 6248 Bahan PCLens Anti Silau Gaya Outdoor Trendy,Rp129.000,129000.0
aksesoris-wanita,Grey Jack Kacamata Antiradiasi Blueray Model Kotak Bahan TR90 Fashionable Pria dan Wanita Bisa Minus Baru 27003,Rp129.000,129000.0
aksesoris-wanita,Grey Jack Kacamata Lensa Blueray Bahan TR90+Metal Model Semi Oval Bisa Minus Antiradiasi Blueray Photocromic Bluecromic Fashion Wanita dan Pria 2007,Rp129.000,129000.0
aksesoris-wanita,Grey Jack Kacamata Lensa Blueray Bahan TR90 Model Kotak Bisa Minus Antiradiasi Blueray Photocromic Bluecromic Fashion Wanita Pria 86057,Rp129.000,129000.0
aksesoris-wanita,Grey Jack Kacamata Antiradiasi Blueray Model Kotak Fashion Pria Wanita Bahan Metal Ringan Fashionable 7811,Rp179.000,179000.0
aksesoris-wanita,Grey Jack Kacamata Antiradiasi Blueray TR90 Style Kotak Oversized Ringan Pria & Wanita 202306,Rp159.000,159000.0
aksesoris-wanita,[SALE] Berrybarton Kacamata Hitam Wanita Sunglasses Women Frame Model Korea Lensa Anti UV400 1140,Rp199.000,199000.0
aksesoris-wanita,Berrybarton Kacamata TR90 Minus Anti Radiasi Frame Square Blueray Photocromic Pria Wanita 17163,Rp129.000,129000.0
aksesoris-wanita,Seeouo Kacamata Anti UV 400 Lens Sunglasses Protection Style Kotak Oversize Fashion Bahan TR90 Pria Wanita G 17,Rp122.000,122000.0
aksesoris-wanita,Prtbl Hat Baseball Trucker combination - Abu mix oren mix navy bordir prtbl,Rp135.000,135000.0
aksesoris-wanita,Kacamata Demodas Raffi Ahmad Fashion Lensa Photocromic Normal AntiRadiasi Bluecromic Blueray Wanita Cewek Pria Cowok Frame Biru,Rp264.000,264000.0
aksesoris-wanita,Miracle Mates - Ordern Black Flat Cap | Topi Vintage | Topi Baret | Topi Pelukis Flat Cap HItam,Rp249.000,249000.0
aksesoris-wanita,Seeouo Kacamata Antiradiasi Blueray Model Kotak Stylish Frame TR90 Bold Kokoh Fashion Pria Wanita Kekinian Bisa Minus SZ8302,Rp559.900,559900.0
aksesoris-wanita,Kacamata Frame Kotak Lensa Photocromic Blueray Glasses Anti Cahaya Biru Fashion Modis Trendi Gaya Korea Eyewear Pria Wanita IOOI S11999,Rp128.000,128000.0
aksesoris-wanita,Viendo Frame Kacamata Photocromic Anti Radiasi Wanita Frame Pria Fashion Kaca Mata Fotocromic Korea Bluecromic Computer Lensa Yang Dapat Dipertukarkan Blueray Dewasa Eyewear Glasses -1.00/-2.00/-3.00/-4.00/-5.00,Rp299.000,299000.0
aksesoris-wanita,CHAZANDCO Frame Kacamata Photocromic Anti Radiasi Blueray Pria Wanita Cowok Potocromic Besi Wanita Gaya Korea Fashion Fotocromic Pria Bluecromic Kecamata 2 in 1 Elastik Cat Eye TR90 Antiradiasi Anti Sinar Matahari UV400 kaca Mata Optik Komputer HP Glasses,Rp139.000,139000.0
aksesoris-wanita,CHAZANDCO Frame Kacamata Photocromic Anti Radiasi Blueray Pria Wanita Pria Fashion Potocromic Korea Kecamata 2 in 1 Bluecromic TR90 Gaya Cat Eye Cowok Besi Wanita Elastik Fotocromic Anti Sinar Matahari UV400 kaca Mata Optik Komputer HP Lensa Eyewear,Rp139.000,139000.0
aksesoris-wanita,CHAZANDCO Kacamata Minus Photocromic Anti Radiasi Blueray Wanita Cat Eye Bluecromic Kaca Mata Optik -1.00/-2.00/-3.00/-4.00/-5.00/6.00,Rp139.000,139000.0
aksesoris-wanita,"Paul Parker Chic Cat Eye Oval Sunglasses UV 400 - Fit Wajah Oval, Bulat, Hati - Kacamata Hitam Trend",Rp113.500,113500.0
aksesoris-wanita,Lensa Kacamata Minus/Silinder Essilor Single Vision Transitions Xtractive Crizal Rock,Rp3.549.000,3549000.0
aksesoris-wanita,Seeouo Kacamata Sunglasses Anti Uv 400 Anti Sinar Matahari Model Kotak Sporty Bahan TR90 Fashion Wanita Dan Pria 2088,Rp339.000,339000.0
aksesoris-wanita,(Beli 1 Minus Dapat Ganci Obeng) Kacamata Wanita Syifa Blueray Photocromic Lensa Minus Cylinder Perempuan Antiradiasi Bluecromic Glasses Antiradiasi Bluecromic Eyewear,Rp86.000,86000.0
aksesoris-wanita,Groovy Eyewear Kacamata Minus Retro Style Gary Unisex Lensa Photocromic Blueray Bluecromic Antiradiasi UV Frame Metal Besi Geometris,Rp127.000,127000.0
aksesoris-wanita,[Groovy Eyewear] Frame Kacamata Alden Photocormic Blueray Bluecromic Minus Antiradiasi UV Eyewear Beli Minus Free Ganci,Rp74.150,74150.0
aksesoris-wanita,Groovy Eyewear - Gift Ramadhan Bross Karakter Kartun Random,Rp15.000,15000.0
aksesoris-wanita,Houseofcuff Scarf Syal Bandana Leher Pria Formal X15,Rp150.000,150000.0
aksesoris-wanita,Ixoora Juliet - Frame Kacamata Minus Photocromic Photochromic Anti Radiasi Pria Wanita Blueray Sinar Biru Bluecromic Bluechromic Bluedrive Progresif One Drive Baca Jalan,Rp125.000,125000.0
aksesoris-wanita,Grey Jack Frame Kacamata Kotak Titanium Model Simple Style Bisnis Fashionable Bisa Minus Antiradiasi Bluecromic 7050,Rp999.000,999000.0
aksesoris-wanita,Berrybarton Kacamata Wanita Round Modern Titanium Photocromic Blueray Paket Minus 5591,Rp199.000,199000.0
aksesoris-wanita,Grey Jack Frame Kacamata Model Kotak Kecil Fashion Pria Wanita Simple Bisa Minus Bahan Titanium Ringan 8115x,Rp999.000,999000.0
aksesoris-wanita,Kacamata Lensa Anti Radiasi Blueray Frame Bulat Metal Berrybarton M2875,Rp139.000,139000.0
aksesoris-wanita,ARIANA scarf gesper scarf buckle scarf ring brooche gesper syal bros syal cincin syal,Rp27.000,27000.0
aksesoris-wanita,Baseball cap : YATES - Topi Baseball Topi Pria Topi Wanita,Rp69.100,69100.0
aksesoris-wanita,Kota Administrasi Jakarta Selatan,Rp55.000,55000.0
aksesoris-wanita,ALILA 70x70cm Korean syal scarf leher scarf tas neck scarf,Rp49.000,49000.0
aksesoris-wanita,Grey Jack Kacamata Antiradiasi Blueray Titanium Style Bulat Ringan Kokoh 913,Rp1.000.000,1000000.0
aksesoris-wanita,Berrybarton Kacamata Bulat Bisa Minus Anti Radiasi Blueray Photocromic Bluecromic Frame Plastik TR90 Lentur Pria Wanita S 3019,Rp89.000,89000.0
aksesoris-wanita,Seeouo Kacamata Lensa Plano Fashionable Bussines Style Kotak Titanium High Quality Bisa Minus Antiradiasi Blueray Photocromic 2390,Rp699.000,699000.0
aksesoris-wanita,Grey Jack Kacamata Antiradiasi Blueray Model Cat Eye Ringan Bahan TR90 Modis Wanita Fashionable 170,Rp399.000,399000.0
aksesoris-wanita,Seeouo Antiradiasi Blueray Bisa Minus Model Kotak Simple Trendy Fashionable Pria dan Wanita Stylish Bold Frame TR90 Ringan 8305X,Rp559.000,559000.0
aksesoris-wanita,Viendo Frame kacamata minus photocromic anti radiasi Blueray Lensa Wanita Plastik Pria Lonjong Elastik TR90 Bluecromic hp dan komputer UV400 Silinder Kaca Mata Optik Terbaru Rabun Jauh Korean Fashion Eyewear Glasses Besi Hitam kacamata frame,Rp139.000,139000.0
aksesoris-wanita,Grey Jack Kacamata Frame Model Kotak Titanium Fashion Pria Wanita Bisa Minus Antiradiasi Bluecromic 90257,Rp999.000,999000.0
aksesoris-wanita,ANCOL TOPI KARAKTER HIU DAN LUMBA - LUMBA | Official Merchandise Aksesoris Anak,Rp144.900,144900.0
aksesoris-wanita,"Paul Parker Rogue Classic Sunglasses UV 400-Fit Wajah Bulat, Kotak, Hati, Oval-Kacamata Hitam Trend",Rp123.500,123500.0
aksesoris-wanita,Grey Jack Kacamata Frame Komputer AntiRadiasi minus TR90 Bulat 8243,Rp699.000,699000.0
aksesoris-wanita,Grey Jack Frame Kacamata Style Kotak Acetate Simple Bisa Minus 60015,Rp1.200.000,1200000.0
aksesoris-wanita,Grey Jack Kacamata Antiradiasi Blueray Style Kotak Bahan Acetate 9095,Rp1.200.000,1200000.0
aksesoris-wanita,Ixoora Ersya - Frame Kacamata Minus Photocromic Photochromic Anti Radiasi Pria Wanita Blueray Sinar Biru Bluecromic Bluechromic Bluedrive Progresif One Drive Baca Jalan,Rp125.000,125000.0
aksesoris-wanita,MIGHTY Kacamata PhotoChromic AntiRadiasi cat eye Wanita quinn creme,Rp296.010,296010.0
aksesoris-wanita,FRAME KACAMATA BLUERAY / PHOTOCHROMIC - VIENNA - Kacamata Minus Wanita,Rp147.510,147510.0
aksesoris-wanita,Grey Jack Tempat Kacamata / Box Kacamata Cepuk Magnet Free Lap Karakter Kartun Lucu Banyak Motif Kokoh Anti Penyok CC 14,Rp19.900,19900.0
aksesoris-wanita,LAVIN JE Tali Pinggang Wanita Belt Belle Tali Pinggang Elegan Wanita Fashion Ikat Pinggang Style Modern 1053,Rp49.500,49500.0
aksesoris-wanita,COLORBOX Low Profile Woven Cap Soft Pink,Rp129.900,129900.0
aksesoris-wanita,Ixoora Carol - Frame Kacamata Minus Photocromic Photochromic Anti Radiasi Pria Wanita Blueray Sinar Biru Bluecromic Bluechromic Bluedrive Progresif One Drive Baca Jalan,Rp105.000,105000.0
aksesoris-wanita,Kacamata Frame Cat Eye Desain Elegan TR90 Lensa Hitam Sunglasses Perlindungan UV400 Penggunaan Sehari-hari Fashion Modis Trendi Pria Wanita IOOI Eyewear 5001Sun,Rp75.000,75000.0
aksesoris-wanita,"Body Harness Harajuku Korea Adjustable – Pundak & Pinggang Bisa Diatur, Aksesoris Outfit Sehari-hari Viral Tiktok 【TOPSLINGS】",Rp39.000,39000.0
aksesoris-wanita,Tempat Kacamata Cepuk Magnet Hard Case Kacamata Karakter Lucu Box 4,Rp66.000,66000.0
aksesoris-wanita,Seeouo Sunglasses Kacamata Fashion Wanita Kekinian Stylish Lensa Sun UV 400 Protection Model Oval Semi Cat Eye Tr90 612,Rp77.000,77000.0
aksesoris-wanita,Daiso GI Belt -Plain- 3 cm x 110 cm x 1cm,Rp33.000,33000.0
aksesoris-wanita,Kacamata Hitam Sunglasses Anti Silau Fashion Wanita Bahan TR90 1567,Rp399.000,399000.0
aksesoris-wanita,Kacamata Frame Kotak TR Lentur Anti Radiasi Blueray Photocromic Berrybarton 1206,Rp159.000,159000.0
aksesoris-wanita,Berrybarton Kacamata Minus Oval Antiradiasi Blueray Photocromic Bluecromic Bahan Titanium TR-90 Pria Wanita 50131,Rp239.000,239000.0
aksesoris-wanita,SATURDAYS - Haamilton TI Eyewear Kacamata Pria & Wanita,Rp1.077.000,1077000.0
aksesoris-wanita,SATURDAYS - Filmore Medium Eyewear Kacamata Pria & Wanita,Rp1.126.650,1126650.0
aksesoris-wanita,Kacamata Frame Bulat Skena Bingkai Titanium Ringan Lensa Photocromic Blueray Glasses Anti Cahaya Biru Fashion Modis Trendi Gaya Korea Eyewear Pria Wanita IOOI 1013,Rp129.000,129000.0
aksesoris-wanita,Fossil Kacamata Wanita F FS 7140 CVT 53,Rp1.691.500,1691500.0
aksesoris-wanita,Berrybarton Kacamata Minus Cat Eye Metal TR Anti Radiasi Blueray Photocromic Bluecromic Wanita S12013,Rp179.000,179000.0
aksesoris-wanita,Grey Jack Kacamata Antiradiasi Blueray Model Cat Eye Oval Ringan Stylish TR+Metal Bisa Minus Antiradiasi Blueray Photocromic Bluecromic 00149,Rp799.000,799000.0
aksesoris-wanita,CHAZANDCO kacamata anti radiasi photocromic minus Cat Eye Besi Wanita Terbaru Bluecromic Fashion UV400 Silinder Rabun Jauh Kaca Mata Optik hp dan komputer Korean Dewasa Eyewear Blueray Lensa Glasses Frame -1.00/-2.00/-3.00/-4.00/-5.00/-6.00,Rp139.000,139000.0
aksesoris-wanita,Kacamata Frame Geometric Metal Lensa Photocromic Blueray Glasses Anti Cahaya Biru Fashion Modis Korea Eyewear Pria Wanita - IOOI S11899,Rp128.000,128000.0
aksesoris-wanita,Grey Jack Kacamata Sunglasses Polarized Model Kotak TR+Metal Fashion Wanita Modis Anti Silau UV400 0011,Rp129.000,129000.0
aksesoris-wanita,Kacamata Hitam Polarized Sunglasses Persegi Panjang Metal PC Anti UV400 ZS 98133,Rp116.000,116000.0
aksesoris-wanita,Grey Jack Frame Kacamata Bahan Acetate Style Oval Nyaman Bisa Untuk Minus Antiradiasi Blueray Photocromic Bluecromic 21007,Rp129.000,129000.0
aksesoris-wanita,Frozt Hat Trucker Visor Pendek - Fast Beer Corduroy Topi,Rp80.000,80000.0
aksesoris-wanita,Hush Puppies Topi Unisex TYPO Maroon CP22017MR,Rp189.500,189500.0
aksesoris-wanita,Brandluxid Scarf Cashmere 168x30 Treacle Brown Purple,Rp7.300.000,7300000.0
aksesoris-wanita,Kacamata Minus Lensa Photocromic Frame Bulat Pria Wanita - IOOI 035,Rp89.000,89000.0
aksesoris-wanita,Hoi Polloy - Topi - Engine Cap (Black),Rp185.000,185000.0
aksesoris-wanita,Sunset Eyewear - Frame Kacamata Optical - TRCP 7204 C11,Rp90.000,90000.0
aksesoris-wanita,Sunset Eyewear - Frame Kacamata Optical - TRM 81303 C2,Rp90.000,90000.0
aksesoris-wanita,Sunset Eyewear - Lensa Kacamata Blue Chromic (Photochromic Anti Radiasi) Minus / Plus / Cylinder,Rp350.000,350000.0
aksesoris-wanita,Sunset Eyewear - Kacamata Hitam Sunglasses - SGTR3051C1,Rp100.000,100000.0
aksesoris-wanita,Sunset Eyewear - Kacamata Hitam Sunglasses - SG 3903 C5,Rp80.000,80000.0
aksesoris-wanita,Sunset Eyewear - Kacamata Hitam Sunglasses - SG 3792 C1,Rp80.000,80000.0
aksesoris-wanita,Sunset Eyewear - Frame Kacamata Clip On - CO 2218A C2,Rp120.000,120000.0
aksesoris-wanita,Sunset Eyewear - Frame Kacamata Optical - TRAC 9228 C3,Rp90.000,90000.0
aksesoris-wanita,Sunset Eyewear - Kacamata Hitam Sunglasses - SG 3715 C1,Rp80.000,80000.0
aksesoris-wanita,Sunset Eyewear - Frame Kacamata Optical - TRM3018C1,Rp90.000,90000.0
aksesoris-wanita,Sunset Eyewear - Kacamata Hitam Sunglasses - SGPCCP 6265 C1,Rp100.000,100000.0
aksesoris-wanita,Box Kacamata Warna Renang Tempat Simpan Kacamata Berenang GSOKMRKDS DP01,Rp10.890,10890.0
aksesoris-wanita,Luxilens - Winnie Frame Kacamata Cat eye Fashion Wanita Wajah Sedang Lensa Bluecromic Photocromic Blueray,Rp73.116,73116.0
aksesoris-wanita,Ataru Topi Head Cover Heart - Merah Aksesoris Kepala Karakter Topi Bentuk Hewan Properti Foto Perlengkapan Kostum,Rp54.900,54900.0
aksesoris-wanita,Ataru Topi Bonnet Anak Polkadot - Cokelat Aksesoris Kepala Kids Bonnet Hat Topi Stylish Anak Lucu Aksesoris Fashion Anak,Rp57.400,57400.0
aksesoris-wanita,KACAMATAMOO - Frame Kacamata Cat Eye CE3003 | Desain Classic Minimalis Stylish | Ringan & Nyaman Dipakai,Rp130.000,130000.0
aksesoris-wanita,KACAMATAMOO - Frame Kacamata Square SQ1902 | Kacamata Pria Wanita | Bisa Min/Plus/Cyl,Rp120.000,120000.0
aksesoris-wanita,CHAZANDCO Frame Kacamata Photocromic Anti Radiasi Blueray Pria Wanita Cat eye Kecamata 2 in 1 Besi Wanita Korea Bluecromic Gaya Potocromic -1.00/-2.00/-3.00/-4.00/-5.00/-6.00 wanita silinder,Rp136.220,136220.0
aksesoris-wanita,ARIANA scarf gesper scarf buckle scarf ring brooche gesper syal bros syal cincin syal,Rp27.000,27000.0
aksesoris-wanita,Baseball cap : YATES - Topi Baseball Topi Pria Topi Wanita,Rp69.100,69100.0
aksesoris-wanita,Kota Administrasi Jakarta Selatan,Rp55.000,55000.0
aksesoris-wanita,ALILA 70x70cm Korean syal scarf leher scarf tas neck scarf,Rp49.000,49000.0
aksesoris-wanita,Grey Jack Kacamata Antiradiasi Blueray Titanium Style Bulat Ringan Kokoh 913,Rp1.000.000,1000000.0
aksesoris-wanita,Sunset Eyewear - Kacamata Hitam Sunglasses - SG 3715 C1,Rp80.000,80000.0
aksesoris-wanita,Sunset Eyewear - Kacamata Hitam Sunglasses - SG 3547 C3,Rp80.000,80000.0
aksesoris-wanita,Sunset Eyewear - Lensa Kacamata Blue Chromic (Photochromic Anti Radiasi) Minus / Plus / Cylinder,Rp350.000,350000.0
aksesoris-wanita,Sunset Eyewear - Kacamata Hitam Sunglasses - SGTR3051C1,Rp100.000,100000.0
aksesoris-wanita,Sunset Eyewear - Kacamata Hitam Sunglasses - SG 3903 C5,Rp80.000,80000.0
aksesoris-wanita,Sunset Eyewear - Frame Kacamata Optical - TRCP 27204 C9,Rp90.000,90000.0
aksesoris-wanita,Sunset Eyewear - Kacamata Hitam Sunglasses - SG 3632 C4,Rp80.000,80000.0
aksesoris-wanita,Sunset Eyewear - Frame Kacamata Optical - TR90 8571 C5,Rp80.000,80000.0
aksesoris-wanita,CHAZANDCO Frame Kacamata Photocromic Anti Radiasi Blueray Pria Wanita Cat eye Kecamata 2 in 1 Besi Wanita Korea Bluecromic Gaya Potocromic -1.00/-2.00/-3.00/-4.00/-5.00/-6.00 wanita silinder,Rp136.220,136220.0
aksesoris-wanita,KACAMATAMOO Lensa Kacamata Custom Warna / Painted Lens 1.56 -025 s/d -400 cyl -200 – Warna Permanent (tidak berubah warna),Rp180.000,180000.0
aksesoris-wanita,KACAMATAMOO - Frame Kacamata Oval OV-T30092,Rp299.000,299000.0
aksesoris-wanita,KACAMATAMOO - Frame Kacamata Square SQ1902 | Kacamata Pria Wanita | Bisa Min/Plus/Cyl,Rp120.000,120000.0
aksesoris-wanita,Luxilens - Winnie Frame Kacamata Cat eye Fashion Wanita Wajah Sedang Lensa Bluecromic Photocromic Blueray,Rp73.116,73116.0
aksesoris-wanita,Seeouo Titanium Style Kotak Kacamata Lensa Plano Minus Blueray Photocromic Unisex Premium Glasses Fashion Simple 72004,Rp699.000,699000.0
aksesoris-wanita,Grey Jack Kacamata Antiradiasi Blueray Alloy Model Kotak Ringan Stylish Pria Wanita Bisa Lensa Minus Antiradiasi Blueray Bluecromic 5220,Rp599.000,599000.0
aksesoris-wanita,SPEEDS Topi Kipas Angin UV Protection Traveling Mini Fan Hat Pantai Fashion Topi Anti Panas USB Portable 202-57,Rp41.400,41400.0
aksesoris-wanita,Lensa Kacamata Minus/Silinder Polycore Ecosoft Lite 2 Plus Index 1.56,Rp949.000,949000.0
aksesoris-wanita,Moleskine Kacamata Wanita F M5 MO2161-A 31 50,Rp760.750,760750.0
aksesoris-wanita,Ted Baker Kacamata Wanita F TR 2306-1 205 51,Rp1.377.000,1377000.0
aksesoris-wanita,Grey Jack Kacamata Antiradiasi Blueray Metal AntiSlip Kotak Unisex 213,Rp499.000,499000.0
aksesoris-wanita,Grey Jack Kacamata Model Kotak TR90+Metal Ringan Bisa Minus 30196,Rp599.000,599000.0
aksesoris-wanita,Grey Jack Frame Kacamata Kotak Titanium Bisa Minus Style Simple 2326,Rp2.500.000,2500000.0
aksesoris-wanita,Grey Jack Kacamata Antiradiasi Blueray Model Bulat TR90+Metal New 8276,Rp499.000,499000.0
aksesoris-wanita,HSF x Indah Nada Danilla Tortoise,Rp658.900,658900.0
aksesoris-wanita,Grey Jack Kacamata Model Cat Eye Oval Bahan Metal Wanita Trendy 2209,Rp699.000,699000.0
aksesoris-wanita,KACAMATA ANTIRADIASI PHOTOCROMIC BLUECHROMIC BLUERAY MIANA PINK Wanita,Rp147.510,147510.0
aksesoris-wanita,BANDIDAS - Ikat Pinggang Wanita Ban Pinggang Fashion Premium Belt Jeans,Rp44.400,44400.0
aksesoris-wanita,FUBAXS topi trucker jaring GRINSEN tosca cream orange Hat,Rp93.750,93750.0
aksesoris-wanita,Dhaulagiri - Topi Baseball - Trucker Hat Triangle WF - Topi Trucker Topi Jaring Sport Outdoor Topi Snapback,Rp99.000,99000.0
aksesoris-wanita,Kacamata Hitam Sunglasses AntiUV Cat Eye Pria Wanita - IOOI I-Series 7,Rp79.000,79000.0
aksesoris-wanita,Sarung Tangan Musim Dingin Wanita Pria Tebal Thermal Gloves Touch Screen Hangat Berbulu Premium Cocok untuk Motor Aktivitas Outdoor Hiking Bersepeda Nyaman Digunakan Sehari Hari,Rp45.000,45000.0
aksesoris-wanita,"Ikat pinggang Wanita Dan Anak Sabuk Kulit Pu lebar 2,5 cm",Rp38.250,38250.0
aksesoris-wanita,Ikat Pinggang Wanita Sabuk Rajut Kulit Anyam Fashion Cewek,Rp68.750,68750.0
aksesoris-wanita,Seeouo Sunglasses Kacamata Anti Silau Matahari Design Oval Stylish Bahan TR90 Fashionable Wanita Trendy Anti UV 400 3332/802,Rp77.000,77000.0
aksesoris-wanita,Seeouo Kacamata Sunglasses Anti UV 400 Style Cat Eye Fashion Wanita Anti Silau TR90 Ringan G53,Rp77.000,77000.0
aksesoris-wanita,Seeouo Kacamata Hitam Sunglasses Anti UV 400 Protection Lens Style Kotak Pastel Color Bahan TR90 Ringan Pria Wanita 912,Rp77.000,77000.0
aksesoris-wanita,Seeouo Kacamata Lensa Antiradiasi Blueray Model Kotak Simple Fashion Unisex Bahan TR+Metal Kokoh dan Kuat Bisa Minus 81378,Rp449.000,449000.0
aksesoris-wanita,AMIRA 90X90cm Korean syal scarf leher scarf tas neck scarf pashmina bohemian gypsy hijab bandana,Rp47.000,47000.0
aksesoris-wanita,Baseball cap : YATES - Topi Baseball Topi Pria Topi Wanita,Rp69.100,69100.0
aksesoris-wanita,Grey Jack kacamata antiradiasi blueray komputer gadget TR90 7016,Rp279.000,279000.0
aksesoris-wanita,DEMODAS DG8150 Kacamata Lensa Photocromic Bluecromic Antiradiasi Blueray Minus Normal Silinder,Rp264.000,264000.0
aksesoris-wanita,Lensa Kacamata Be Celebrity Bluecromic Anti Glare UV Protection Super Jernih - IOOI 0009,Rp269.000,269000.0
aksesoris-wanita,Kacamata Frame Bulat Crystal Gold Grey Lensa Photocromic Blueray Anti Cahaya Biru Fashion Modis Korea Eyewear Pria Wanita IOOI S11991,Rp128.000,128000.0
aksesoris-wanita,Grey Jack Kacamata Model Cat Eye Fashion Wanita Stylish Bisa Minus Blueray/Blueray Photocromic 204,Rp699.000,699000.0
aksesoris-wanita,Seeouo Sunglasses Foldable Polarized Lens Kotak Women Style Metal 2963,Rp339.000,339000.0
aksesoris-wanita,Grey Jack Kacamata Clip On 2in1 Model Cat Eye Kotak Wanita Fashion Wanita Bahan Metal Free Lens Polarized Keren Bisa Minus 7103,Rp699.000,699000.0
aksesoris-wanita,Seeouo Antiradiasi Blueray Kacamata Fashionable Unisex Model Kotak Aviator Asian Fit TR+Metal Bisa Minus Photocromic 81386,Rp449.000,449000.0
aksesoris-wanita,Kacamata Kotak Skena Frame Bold Viral Fashion Skena Pria Wanita Lensa Blueray Photocromic Bluecromic Berrybarton 304 AB,Rp129.000,129000.0
aksesoris-wanita,Kacamata Frame Bulat Lensa Photocromic Blueray Glasses Anti Cahaya Biru Fashion Modis Korea Eyewear Pria Wanita IOOI 72286,Rp69.000,69000.0
aksesoris-wanita,Kacamata Frame Geometric Oversize Titanium Terbaru Ringan dan Nyaman Lensa Photocromic Blueray Glasses Perlindungan Sinar Biru Gadget Fashion Modis Trendi Elegan Kekinian Pria Wanita IOOI Eyewear 2007,Rp129.000,129000.0
aksesoris-wanita,QINA Kacamata Wanita F QI QJ6017 B30 52,Rp629.000,629000.0
aksesoris-wanita,Kacamata Anti Radiasi Minus Metal TR90 Kotak Pria Wanita - IOOI 23062,Rp79.000,79000.0
aksesoris-wanita,Seeouo Kacamata Antiradiasi Blueray Model Bulat Bahan TR90 8378,Rp339.000,339000.0
aksesoris-wanita,Kacamata Skena Model Bold Frame Bulat Lensa Anti Radiasi Bluecromic Fashion Pria Wanita Viral Trendy Band Berrybarton 332 AB,Rp129.000,129000.0
aksesoris-wanita,HSF EYEWEAR NEW CLEANER SET (Pembersih Lensa Kacamata),Rp99.000,99000.0
aksesoris-wanita,Seeouo Kacamata Sunglass Fashion Polarized Lens Unisex Bisa Minus 16110,Rp99.000,99000.0
aksesoris-wanita,Berrybarton Kacamata Cat Eye Fashion Glasses Lensa Anti Radiasi Blueray Photocromic Outdoor Frame Wanita 52402,Rp129.000,129000.0
aksesoris-wanita,Seeouo Kacamata Anti Radiasi Blueray Photocromic 2in1 Cat Eye 98525,Rp339.000,339000.0
aksesoris-wanita,Grey Jack Kacamata Antiradiasi Blueray Cat Eye Wanita Bisa Minus Antiradiasi Blueray Photocromic Bluecromic NLFA 605,Rp159.000,159000.0
aksesoris-wanita,GAWUNG Pembersih Lensa Kacamata Classic Deep Clean Wiper Sunglasses KCWIDE,Rp5.000,5000.0
aksesoris-wanita,Grey Jack Kacamata Antiradiasi Blueray Oval Bahan Titanium Ringan Kokoh 9113,Rp1.000.000,1000000.0
aksesoris-wanita,KACAMATA Wanita ANTIRADIASI PHOTOCHROMIC BLUERAY SASHA Minus Plus,Rp147.510,147510.0
aksesoris-wanita,Grey Jack Lensa Essilor Elements Minus Plus Cyl Blue Light Protection,Rp330.000,330000.0
aksesoris-wanita,ANASTASIA 70x70cm Korean syal scarf leher scarf tas neck scarf,Rp42.000,42000.0
aksesoris-wanita,Grey Jack Frame Kacamata Titanium Oval Modern Fashion Wanita New 98449,Rp999.000,999000.0
aksesoris-wanita,Seeouo Kacamata Lensa Antiradiasi Blueray Model Kotak Simple Fashion Unisex Bahan TR+Metal Kokoh dan Kuat Bisa Minus 81378,Rp449.000,449000.0
aksesoris-wanita,Seeouo Sunglasses Kacamata Anti Silau Matahari Design Oval Stylish Bahan TR90 Fashionable Wanita Trendy Anti UV 400 3332/802,Rp77.000,77000.0
aksesoris-wanita,Ikat Pinggang Wanita Sabuk Rajut Kulit Anyam Fashion Cewek,Rp68.750,68750.0
aksesoris-wanita,"Ikat pinggang Wanita Dan Anak Sabuk Kulit Pu lebar 2,5 cm",Rp38.250,38250.0
aksesoris-wanita,Sarung Tangan Musim Dingin Wanita Pria Tebal Thermal Gloves Touch Screen Hangat Berbulu Premium Cocok untuk Motor Aktivitas Outdoor Hiking Bersepeda Nyaman Digunakan Sehari Hari,Rp45.000,45000.0
aksesoris-wanita,Baseball cap : YATES - Topi Baseball Topi Pria Topi Wanita,Rp69.100,69100.0
aksesoris-wanita,AMIRA 90X90cm Korean syal scarf leher scarf tas neck scarf pashmina bohemian gypsy hijab bandana,Rp47.000,47000.0
aksesoris-wanita,Seeouo Antiradiasi Blueray Kacamata Fashionable Unisex Model Kotak Aviator Asian Fit TR+Metal Bisa Minus Photocromic 81386,Rp449.000,449000.0
aksesoris-wanita,Grey Jack Kacamata Model Cat Eye Fashion Wanita Stylish Bisa Minus Blueray/Blueray Photocromic 204,Rp699.000,699000.0
aksesoris-wanita,Kacamata Frame Bulat Crystal Gold Grey Lensa Photocromic Blueray Anti Cahaya Biru Fashion Modis Korea Eyewear Pria Wanita IOOI S11991,Rp128.000,128000.0
aksesoris-wanita,Kacamata Frame Bulat Lensa Photocromic Blueray Glasses Anti Cahaya Biru Fashion Modis Korea Eyewear Pria Wanita IOOI 72286,Rp69.000,69000.0
aksesoris-wanita,Kacamata Kotak Skena Frame Bold Viral Fashion Skena Pria Wanita Lensa Blueray Photocromic Bluecromic Berrybarton 304 AB,Rp129.000,129000.0
aksesoris-wanita,DEMODAS DG8150 Kacamata Lensa Photocromic Bluecromic Antiradiasi Blueray Minus Normal Silinder,Rp264.000,264000.0
aksesoris-wanita,Seeouo Kacamata Antiradiasi Blueray Model Bulat Bahan TR90 8378,Rp339.000,339000.0
aksesoris-wanita,Kacamata Anti Radiasi Minus Metal TR90 Kotak Pria Wanita - IOOI 23062,Rp79.000,79000.0
aksesoris-wanita,Kacamata Frame Geometric Oversize Titanium Terbaru Ringan dan Nyaman Lensa Photocromic Blueray Glasses Perlindungan Sinar Biru Gadget Fashion Modis Trendi Elegan Kekinian Pria Wanita IOOI Eyewear 2007,Rp129.000,129000.0
aksesoris-wanita,QINA Kacamata Wanita F QI QJ6017 B30 52,Rp629.000,629000.0
aksesoris-wanita,Seeouo Sunglasses Foldable Polarized Lens Kotak Women Style Metal 2963,Rp339.000,339000.0
aksesoris-wanita,Lensa Kacamata Be Celebrity Bluecromic Anti Glare UV Protection Super Jernih - IOOI 0009,Rp269.000,269000.0
aksesoris-wanita,Grey Jack kacamata antiradiasi blueray komputer gadget TR90 7016,Rp279.000,279000.0
aksesoris-wanita,Grey Jack Kacamata Clip On 2in1 Model Cat Eye Kotak Wanita Fashion Wanita Bahan Metal Free Lens Polarized Keren Bisa Minus 7103,Rp699.000,699000.0
aksesoris-wanita,Seeouo Sunglasses Cat Eye Fashion Kacamata Hitam Anti UV 400 Protection Polarized Anti Silau Women Style TR90 CELLA 839,Rp88.000,88000.0
aksesoris-wanita,Seeouo Kacamata Antiradiasi Blueray Model Kotak Semi Oval Bahan TR90+Acetate Kokoh Fashion Glasses Unisex Bisa Minus 31107,Rp559.000,559000.0
aksesoris-wanita,Seeouo Antiradiasi Blueray Lens Kacamata Model Bulat Retro Classic Frame Bahan TR90+Acetate Unisex Stylish Bisa Minus 31108,Rp559.000,559000.0
aksesoris-wanita,Seeouo Set Reparasi Mur Kacamata Toolkit Obeng Nosepad Baut Sekrup Lengkap Repair Screw Frame Sunglasses,Rp199.000,199000.0
aksesoris-wanita,Kacamata Bluecromic Frame Kotak Model Square TR90 Lentur Fashion Pria Wanita Lensa Photocromic Anti Radiasi Berrybarton BS18007,Rp129.000,129000.0
aksesoris-wanita,Kacamata Frame Bulat Terbaru Titanium TR90 Ringan dan Nyaman Lensa Photocromic Blueray Glasses Perlindungan Sinar Biru Gadget Fashion Pelajar Modis Trendi Kekinian Pria Wanita IOOI Eyewear L9108,Rp269.000,269000.0
aksesoris-wanita,Kacamata Skena Model Bold Frame Bulat Lensa Anti Radiasi Bluecromic Fashion Pria Wanita Viral Trendy Band Berrybarton 332 AB,Rp129.000,129000.0
aksesoris-wanita,Seeouo Sunglasses Model Kotak Anti UV 400 Protection Kotak Semi Cat Eye TR90 Women Style Fashionable Anti Silau Ringan B80-689,Rp88.000,88000.0
aksesoris-wanita,Grey Jack Kacamata Antiradiasi Blueray Cat Eye Wanita Bisa Minus Antiradiasi Blueray Photocromic Bluecromic NLFA 605,Rp159.000,159000.0
aksesoris-wanita,Seeouo Kacamata Anti Radiasi Blueray Photocromic 2in1 Cat Eye 98525,Rp339.000,339000.0
aksesoris-wanita,HSF EYEWEAR NEW CLEANER SET (Pembersih Lensa Kacamata),Rp99.000,99000.0
aksesoris-wanita,Berrybarton Kacamata Cat Eye Fashion Glasses Lensa Anti Radiasi Blueray Photocromic Outdoor Frame Wanita 52402,Rp129.000,129000.0
aksesoris-wanita,Seeouo Sunglasses UV 400 Protection Model Kotak Women Stylish Anti Silau Metal Ringan Oversized Fashionable Kacamata 5502,Rp229.000,229000.0
aksesoris-wanita,Kacamata Anti Radiasi Frame Bulat Lentur Pria Wanita - IOOI 216,Rp99.000,99000.0
aksesoris-wanita,CHAZANDCO kacamata anti radiasi photocromic minus Pria Wanita Lonjong Elastik TR90 hp dan komputer UV400 Fashion Rabun Jauh Silinder Terbaru Korean Bluecromic Kaca Mata Optik-1.00/-2.00/-3.00/-4.00/-5.00/-6.00 Blueray Lensa Eyewear Glasses,Rp139.000,139000.0
aksesoris-wanita,Scaythit - Topi Baseball Polos Pria Wanita Simpel Keren Baseball Cap Pink Baby,Rp30.550,30550.0
aksesoris-wanita,GAWUNG Pembersih Lensa Kacamata Classic Deep Clean Wiper Sunglasses KCWIDE,Rp5.000,5000.0
aksesoris-wanita,Seeouo Kacamata Sunglass Fashion Polarized Lens Unisex Bisa Minus 16110,Rp99.000,99000.0
aksesoris-wanita,Viendo Frame Kacamata Photocromic Anti Blueray Minus Silinder Pria Wanita Bluecromic Kaca Mata Optik Eyewear Glasses Eyewear Glasses Lensa Hitam Plastik,Rp139.000,139000.0
aksesoris-wanita,"RSG.EYEWEAR - Frame dan Lensa untuk Mata Normal , Minus , Minus Cyl dan Baca atau Plus - Kacamata Photocromic , Anti Radiasi , dan Bluecromic - Model Kotak Wanita dan Pria",Rp58.069,58069.0
aksesoris-wanita,"RSG.EYEWEAR - Frame dan Lensa untuk Mata Normal , Minus , Minus Cyl dan Baca atau Plus - Kacamata Photocromic , Anti Radiasi , dan Bluecromic - Model Aviator Pria",Rp62.100,62100.0
aksesoris-wanita,Kacamata Anti UV 400 Sunglasses Model Kotak Keren Pria Wanita 850,Rp499.000,499000.0
aksesoris-wanita,Grey Jack Frame Kacamata Model Kotak Acetate+TR90 Pria Wanita Bisa Minus Ringan Antiradiasi Bluecromic 71017,Rp599.000,599000.0
aksesoris-wanita,Viendo Frame Kacamata Photocromic Anti Radiasi Wanita Frame Pria Kaca Mata Fotocromic Bluecromic Fashion Korea Computer Lensa Yang Dapat Dipertukarkan Blueray Dewasa Eyewear Glasses Perempuan,Rp139.000,139000.0
aksesoris-wanita,Grey Jack Kacamata Antiradiasi Blueray Lensa Plus Auto Focus Model Kotak Rimless Bahan Metal Ringan Browline Style Fashion Unisex Dewasa 107,Rp129.000,129000.0
aksesoris-wanita,Grey Jack Kacamata Antiradiasi Blueray Kotak Bold Bahan TR90 Ringan Simple Pria Wanita Bisa Minus Modis 501,Rp129.000,129000.0
aksesoris-wanita,Grey Jack Kacamata Antiradiasi Blueray TR90 Model Bulat Ringan Stylish Pria Wanita Bisa Lensa Minus Antiradiasi Blueray Bluecromic 8655,Rp159.000,159000.0
aksesoris-wanita,Grey Jack Kacamata Lensa Blueray Bahan TR90+Acetate Model Kotak Bisa Minus Antiradiasi Blueray Photocromic Bluecromic Fashion Wanita 9191,Rp199.000,199000.0
aksesoris-wanita,Grey Jack Kacamata Antiradiasi Blueray Cat Eye Fashion Wanita Style Korea 601,Rp159.000,159000.0
aksesoris-wanita,Kacamata Anti Radiasi Wanita Frame Cat Eye Metal PC Berrybarton 8330,Rp99.000,99000.0
aksesoris-wanita,Grey Jack Kacamata Antiradiasi Blueray Model Oval Ringan Lentur TR+Metal Fashion Pria Wanita Bisa Minus 1257,Rp129.000,129000.0
aksesoris-wanita,Grey Jack Kacamata Lensa Plano Bahan Acetate Model Aviator Bisa Minus Antiradiasi Blueray Photocromic Bluecromic Fashion Wanita dan Pria 71021,Rp199.000,199000.0
aksesoris-wanita,Grey Jack Kacamata Antiradiasi Blueray Model Oval Bahan TR+Metal Fashion Pria dan Wanita Bisa Minus 86059,Rp179.000,179000.0
aksesoris-wanita,(Beli 1 Minus Dapat Ganci Obeng) Kacamata Odette Blueray Photocromic Lensa Minus Cylinder Laki-laki Perempuan Eyewear Glasses Bluecromic,Rp91.100,91100.0
aksesoris-wanita,Kacamata Kalibre 134 996382010 Shiny Crystal Grey-Black Sunglasses,Rp360.000,360000.0
aksesoris-wanita,Kacamata Anti Radiasi Model Kotak Metal Pria Wanita Berrybarton K0055,Rp159.000,159000.0
aksesoris-wanita,Obermain Kacamata BONNY CAT-EYE Pink OBSL046PK,Rp535.330,535330.0
aksesoris-wanita,Seeouo Kacamata Plano Lens Bisa Minus Anti Blueray Bluecromic Titanium Frame Ringan dan Kokoh Model Kotak Stylish Unisex 72003,Rp699.000,699000.0
aksesoris-wanita,"Paul Parker Elegant Oval Sunglasses UV400-Fit Wajah Diamond, Kotak, Hati, Oval-Kacamata Hitam Wanita",Rp176.500,176500.0
aksesoris-wanita,Grey Jack Kacamata Antiradiasi Blueray Oval Bahan Titanium Ringan Kokoh 9113,Rp1.000.000,1000000.0
aksesoris-wanita,KACAMATA Wanita ANTIRADIASI PHOTOCHROMIC BLUERAY SASHA Minus Plus,Rp147.510,147510.0
aksesoris-wanita,Grey Jack Lensa Essilor Elements Minus Plus Cyl Blue Light Protection,Rp330.000,330000.0
aksesoris-wanita,ANASTASIA 70x70cm Korean syal scarf leher scarf tas neck scarf,Rp42.000,42000.0
aksesoris-wanita,Grey Jack Frame Kacamata Titanium Oval Modern Fashion Wanita New 98449,Rp999.000,999000.0
aksesoris-wanita,Nada Puspita - All Day Scarf - Tawny Brown,Rp157.500,157500.0
aksesoris-wanita,GREATWIFE Selendang Rajut Musim Dingin - Untuk Pria Wanita Syal,Rp78.000,78000.0
aksesoris-wanita,GREATWIFE Syal Selendang Rajut Musim Dingin Wanita dengan Bahan Acrylic Woll 2/32 Uk 200*20 Cm,Rp78.000,78000.0
aksesoris-wanita,Kacamata Hitam Pria Wanita Polarized Sunglasses Sson Tvte JS8538,Rp199.000,199000.0
aksesoris-wanita,zonakacamata - Case / Kotak / Tempat / Box / Kulit Kacamata,Rp50.000,50000.0
aksesoris-wanita,Softlens Case Kotak Mini Steril Anti Debu Simple Premium IOOI - 003,Rp24.900,24900.0
aksesoris-wanita,Obermain Ikat Pinggang Wanita DANA CASUAL BELT Brown OBBL0055BRW,Rp339.150,339150.0
aksesoris-wanita,adidas Lifestyle & Gym & Training Tech 3-Panel Climaproof Cap Unisex Black JE5654,Rp440.000,440000.0
aksesoris-wanita,Ixoora Eliza - Frame Kacamata Minus Photocromic Photochromic Anti Radiasi Pria Wanita Blueray Sinar Biru Bluecromic Bluechromic Bluedrive Progresif One Drive Baca Jalan,Rp130.000,130000.0
aksesoris-wanita,Charm Kapok Topi Baseball Polosan Casual Distro Fashion Pria Wanita MZ01,Rp54.999,54999.0
aksesoris-wanita,Ixoora Elara - Frame Kacamata Minus Photocromic Photochromic Anti Radiasi Pria Wanita Blueray Sinar Biru Bluecromic Bluechromic Bluedrive Progresif One Drive Baca Jalan,Rp120.000,120000.0
aksesoris-wanita,Lensa Kacamata Minus/Silinder/Plus Essilor Essentials Active 1.5,Rp1.455.300,1455300.0
aksesoris-wanita,Kacamata Anti Radiasi Blueray Photocromic Minus Baca Frame Geometric Bulat Fashion Pria Wanita Berrybarton 23034,Rp113.200,113200.0
aksesoris-wanita,Seeouo Kacamata Antiradiasi Blueray Model Kotak Sport Style Ringan Lentur Bahan TR90+Silicone Bisa Minus Pria Wanita 1119,Rp339.000,339000.0
aksesoris-wanita,Grey Jack Frame Kacamata Model Half Kotak Bahan Titanium Fashion Pria Wanita Bisa Minus Antiradiasi Bluecromic 5526,Rp2.500.000,2500000.0
aksesoris-wanita,MKTRlZZ Kacamata anti-radiasi cahaya biru kotak kacamata bingkai bulat klasik bingkai kacamata fashion wanita pria Korea kacamata lensa logam -58022,Rp85.900,85900.0
aksesoris-wanita,Sson Tvte Kaacamata Lensa Minus Photocromic Fashion Pria Wanita Half Rim Kotak Metal Radiasi Komputer Premium H6001,Rp269.000,269000.0
aksesoris-wanita,Kacamata Frame Bulat Metal PC Skena Lensa Photocromic Blueray Glasses Anti Cahaya Biru Fashion Modis Gaya Korea Eyewear Pria Wanita IOOI 1003,Rp59.000,59000.0
aksesoris-wanita,Hush Puppies Topi Unisex Puff Mustard,Rp261.300,261300.0
aksesoris-wanita,Kacamata Titanium Anti Radiasi Blueray Photocromic Geometric Berrybarton 5001,Rp129.150,129150.0
aksesoris-wanita,Hanoon Industries – Topi Baseball Caps Black Llc Pot,Rp102.400,102400.0
aksesoris-wanita,Seeouo Frame Kacamata Plano Lens Style Kotak Simple Fashion Titanium High Quality Unisex Fashion Pria Wanita Bisa Minus 9617,Rp2.299.000,2299000.0
aksesoris-wanita,Grey Jack Kacamata Antiradiasi Blueray Model Kotak TR+Titanium Fashion Wanita Bisa Minus Simple Keren 12003,Rp279.000,279000.0
aksesoris-wanita,Grey Jack Kacamata Hitam Sunglasses Polarized Bentuk Kotak Modis Fashion Korean Style Bahan Metal+TR Fashion Wanita dan Laki-laki 8329,Rp179.000,179000.0
aksesoris-wanita,Seeouo Kacamata Model Bulat Stylish Antiradiasi Blueray Classic Metal+TR90 Pria Wanita Bisa Minus Photocromic Bluecromic 5808,Rp177.000,177000.0
aksesoris-wanita,Voilaid Reversible Anagram Belt In Supple Grained Calfskin Clay Ghw,Rp9.706.000,9706000.0
aksesoris-wanita,Kacamata Lensa Minus Fashion Skena Oval Photocromic Cat Eye Anti Blueray Wanita Premium Sson Tvte QQ7025,Rp159.200,159200.0
aksesoris-wanita,Grey Jack Kacamata Antiradiasi Blueray Model Kotak TR90 Fashion Wanita Pria Bisa Minus Simple Keren 3851,Rp116.000,116000.0
aksesoris-wanita,Kacamata Frame Kotak TR90 Terbaru Ringan dan Nyaman Lensa Photocromic Blueray Glasses Perlindungan Sinar Biru Gadget Fashion Casual Modis Kekinian Pria Wanita IOOI Eyewear S63005,Rp129.000,129000.0
aksesoris-wanita,Seeouo Kacamata Antiradiasi Blueray Model Frame Kotak Retro Pria dan Wanita Lensa Bisa Minus Photocromic Bahan TR90 5142,Rp99.000,99000.0
aksesoris-wanita,Seeouo Kacamata Anti Radiasi Blueray Style Model Kotak Bahan Tr90 Ringan Fashion Pria Wanita Bisa Lensa Minus 8400,Rp399.000,399000.0
aksesoris-wanita,Obermain Ikat Pinggang Wanita BRYN LADIES BELT Olive OBBL0035OL,Rp187.530,187530.0
aksesoris-wanita,Seeouo Kacamata Antiradiasi Blueray Model Kotak Bold TR90 Fashion Frame Pria Wanita Kokoh Bisa Minus Photocromic Bluecromic 8638,Rp133.000,133000.0
aksesoris-wanita,Purpi Eyewear - Frame Kacamata Pria Wanita FEIDA 8618,Rp80.000,80000.0
aksesoris-wanita,Hush Puppies Ikat Pinggang Wanita KACEY FLAT REVERSIBLE Grey,Rp429.300,429300.0
aksesoris-wanita,Kacamata Anti Radiasi Minus MetalTR90 Aviator Pria Wanita - IOOI 23008,Rp79.000,79000.0
aksesoris-wanita,Grey Jack Kacamata Sunglasses Hitam Anti UV400 Polarized Style Wanita Oval Trandy Bahan TR90 58247,Rp225.000,225000.0
aksesoris-wanita,Aesan - Sortopi Tanjak Dewasa Merah Maroon Batak Toba,Rp90.000,90000.0
aksesoris-wanita,[NOT FOR SALE] SARUNG TANGAN UNIK - FREE GIFT,Rp999.999,999999.0
aksesoris-wanita,Obermain Brille Ladies Belt Wanita,Rp299.250,299250.0
aksesoris-wanita,Grey Jack Kacamata Lensa Blueray Bahan Metal Model Oval Bisa Minus Antiradiasi Blueray Photocromic Bluecromic Korean Fashion Style GN0803,Rp199.000,199000.0
aksesoris-wanita,Kacamata Lensa Minus Anti Blueray Wanita Cat Eye Sson Tvte WS902,Rp179.000,179000.0
aksesoris-wanita,Kacamata Anti Radiasi Blueray Frame Kaca Mata Round Berrybarton 8686,Rp129.000,129000.0
aksesoris-wanita,LEINZ SV RX 1.50 CUSTOM WARNA,Rp720.000,720000.0
aksesoris-wanita,(Beli 1 Minus Dapat Ganci Obeng) Kacamata Fenya Semi Cat Eye Titanium Normal Photocromic Blueray Bluecromic Eyewear Glasses,Rp90.000,90000.0
aksesoris-wanita,【Samphorid】Kacamata Hitam Mata Kucing Kacamata Tabir Surya Serbaguna Modis Kelas Atas Kacamata Hitam Retro Unisex,Rp38.999,38999.0
aksesoris-wanita,Sunset Eyewear - Frame Kacamata Optical - TR90 L-204 C3,Rp80.000,80000.0
aksesoris-wanita,Sunset Eyewear - Kacamata Hitam Sunglasses - SG 6140 C1,Rp80.000,80000.0
aksesoris-wanita,Sunset Eyewear - Kacamata Hitam Sunglasses - SGPCCP 6230 C1,Rp100.000,100000.0
aksesoris-wanita,Sunset Eyewear - Frame Kacamata Optical - TRM R-8429 C3,Rp90.000,90000.0
aksesoris-wanita,Sunset Eyewear - Kacamata Hitam Sunglasses - SG 3789 C4,Rp80.000,80000.0
aksesoris-wanita,Sunset Eyewear - Frame Kacamata Optical - TRCP 7015 C1,Rp90.000,90000.0
aksesoris-wanita,Sunset Eyewear - Frame Kacamata Clip On - COM7100,Rp120.000,120000.0
aksesoris-wanita,Sunset Eyewear - Kacamata Hitam Sunglasses - SGA 8053 C3,Rp80.000,80000.0
aksesoris-wanita,Sunset Eyewear - Frame Kacamata Optical - TRCP 7118 C9,Rp90.000,90000.0
aksesoris-wanita,Sunset Eyewear - Frame Kacamata Optical - TRCP 2120 C1,Rp90.000,90000.0
aksesoris-wanita,Sunset Eyewear - Frame Kacamata Optical - PCCPP 82240 C1,Rp90.000,90000.0
aksesoris-wanita,Sunset Eyewear - Kacamata Hitam Sunglasses - SG 3555 C1,Rp80.000,80000.0
aksesoris-wanita,Sunset Eyewear - Frame Kacamata Optical - TRCP 7046 C1,Rp90.000,90000.0
aksesoris-wanita,Sunset Eyewear - Frame Kacamata Optical - PC 3542 C2,Rp80.000,80000.0
aksesoris-wanita,KACAMATA ANTI RADIASI PHOTOCROMIC BLUECHROMIC BLUERAY ARMENIA WANITA,Rp147.510,147510.0
aksesoris-wanita,Tas Penyimpanan Kacamata Tas Kacamata Kulit Tas Penyimpanan Kacamata Penutup Otomatis,Rp35.398,35398.0
aksesoris-wanita,Grey Jack Kacamata Antiradiasi Blueray Oval Bahan Titanium Ringan Kokoh 9113,Rp1.000.000,1000000.0
aksesoris-wanita,Grey Jack Kacamata Antiradiasi Blueray Bentuk KotakTR+Acetate K9130,Rp559.000,559000.0
aksesoris-wanita,Grey Jack Frame Kacamata Titanium Oval Modern Fashion Wanita New 98449,Rp999.000,999000.0
aksesoris-wanita,Sunset Eyewear - Kacamata Hitam Sunglasses - SG 3927 C1,Rp80.000,80000.0
aksesoris-wanita,KACAMATAMOO - Frame Kacamata Cat Eye CE3027 | Gaya Retro Modis,Rp130.000,130000.0
aksesoris-wanita,KACAMATAMOO - Frame Kacamata Cat Eye CE-T862,Rp160.000,160000.0
aksesoris-wanita,KACAMATAMOO - Frame Kacamata Square Titanium SQ-T8098,Rp380.000,380000.0
aksesoris-wanita,Viendo Kacamata Minus Photocromic Wanita Pria Frame Bluecromic Fotocromic Anti Radiasi Blueray Anti radiasi Fashion Potocromic 2 in 1 Besi Korea -1.00/-2.00/-3.00/-4.00/-5.00/-6.00 Kecamata Sinar Matahari UV400 Kaca Mata Optik Eyewear Lensa Glasses Dewasa,Rp189.000,189000.0
aksesoris-wanita,DEMODAS Kacamata DG1744 Tipe Lensa Bluecromic Photocromic Antiradiasi Blueray Pria Wanita Unisex,Rp264.000,264000.0
aksesoris-wanita,Sunset Eyewear - Frame Kacamata Optical - M 69009 C2,Rp90.000,90000.0
aksesoris-wanita,Sunset Eyewear - Frame Kacamata Clip On - COM7100,Rp120.000,120000.0
aksesoris-wanita,Sunset Eyewear - Kacamata Hitam Sunglasses - SG 3906 C3,Rp80.000,80000.0
aksesoris-wanita,Sunset Eyewear - Kacamata Hitam Sunglasses - SG 3666 C3,Rp80.000,80000.0
aksesoris-wanita,Sunset Eyewear - Frame Kacamata Optical - PCCPP 82240 C1,Rp90.000,90000.0
aksesoris-wanita,Sunset Eyewear - Kacamata Hitam Sunglasses - SG 3555 C1,Rp80.000,80000.0
aksesoris-wanita,Sunset Eyewear - Kacamata Hitam Sunglasses - SGA 8053 C3,Rp80.000,80000.0
aksesoris-wanita,Sunset Eyewear - Frame Kacamata Optical - TRM R-8429 C3,Rp90.000,90000.0
aksesoris-wanita,Sunset Eyewear - Kacamata Hitam Sunglasses - SG 3789 C4,Rp80.000,80000.0
aksesoris-wanita,Sunset Eyewear - Frame Kacamata Optical - TRCP 7015 C1,Rp90.000,90000.0
aksesoris-wanita,UNIVERSAL TRAVELLER WOMEN KNITTED GLOVES GVCW24144,Rp261.000,261000.0
aksesoris-wanita,TOPI RTSDVSN 018 | TOPI Pria & Wanita | Hat Cap Casual | TOPI Pria & Wanita,Rp135.000,135000.0
aksesoris-wanita,Grey Jack Kacamata Antiradiasi Blueray Kotak Simple Bisa Minus 01244,Rp699.000,699000.0
aksesoris-wanita,Grey Jack Kacamata Antiradiasi Blueray Bahan Acetate Model Kotak 8811,Rp1.000.000,1000000.0
aksesoris-wanita,Grey Jack Kacamata Antiradiasi Blueray Model Kotak Retro Stylish 9305,Rp599.000,599000.0
aksesoris-wanita,SV Blueray Lens 1.67,Rp1.000.000,1000000.0
aksesoris-wanita,Grey Jack Kacamata Antiradiasi Blueray Kotak Unisex TR+Metal 8128,Rp399.000,399000.0
aksesoris-wanita,Grey Jack Kacamata Antiradiasi Blueray Model Kotak TR90+Metal 9354,Rp599.000,599000.0
aksesoris-wanita,Grey Jack Kacamata Antiradiasi Blueray Model Kotak Ringan TR90 8619,Rp799.000,799000.0
aksesoris-wanita,Grey Jack Kacamata Antiradiasi Blueray Titanium Bulat Ringan 121217,Rp1.000.000,1000000.0
aksesoris-wanita,Ted Baker Kacamata Wanita F TR 9146-1 276 52,Rp1.483.250,1483250.0
aksesoris-wanita,Grey Jack Frame Kacamata Titanium Bussines Style Kotak Elegant 98041,Rp2.500.000,2500000.0
aksesoris-wanita,Grey Jack Kacamata Antiradiasi Blueray Style Kotak Bisa Minus New 8309,Rp499.000,499000.0
aksesoris-wanita,Grey Jack Kacamata Anti Radiasi Blueray Model Bulat Bisa Minus 8615,Rp699.000,699000.0
aksesoris-wanita,Grey Jack Kacamata Antiradiai Blueray Cat Eye Korean Style Trandy 603,Rp559.000,559000.0
aksesoris-wanita,Grey Jack Kacamata Frame Titanium Model Bulat Ringan Fashionable 6373,Rp1.200.000,1200000.0
aksesoris-wanita,Grey Jack Kacamata Antiradiasi Blueray Bahan Titanium Model Bulat Ringan & Kokoh 86340,Rp799.000,799000.0
aksesoris-wanita,SKECHERS KACAMATA WANITA F SH SE50104 001 53,Rp1.304.750,1304750.0
aksesoris-wanita,GREATWIFE Selendang Rajut Selendang Polos Selendang Panjang 200 x 20 cm Acrylic Wool 2/32,Rp78.000,78000.0
aksesoris-wanita,MIGHTY Kacamata PhotoChromic AntiRadiasi BlueRay Kotak wanita MILLER CLEAR,Rp299.000,299000.0
aksesoris-wanita,M231 Bucket Hat Wanderer Living Hitam,Rp109.000,109000.0
aksesoris-wanita,Buff Original Ecostretch Neckwear Solid Black,Rp420.000,420000.0
aksesoris-wanita,"Two Tone Bamboo Syal, Bamboo Cotton Voice of Jogja",Rp79.000,79000.0
aksesoris-wanita,Benangsari Tinara Obi Batik Ikat Pinggang Lilit Wanita,Rp85.000,85000.0
aksesoris-wanita,Et CEtera Metal Matte Gold Belt BEIGE,Rp49.000,49000.0
aksesoris-wanita,Et Cetera Metal Belt BLACK,Rp49.000,49000.0
aksesoris-wanita,Kacamata Sunglasses Wanita Hitam Titanium No frame Women Sunglasses New Arrival Fashion Eyewear,Rp57.500,57500.0
aksesoris-wanita,Grey Jack Frame Kacamata Minus TR90 Pria dan Wanita fashion 7015,Rp279.000,279000.0
aksesoris-wanita,Purpi Eyewear - Frame Kacamata Pria Wanita DANILA 2626,Rp75.000,75000.0
aksesoris-wanita,Bolon Kacamata Wanita GOLD F BN BJ3086 B60 49,Rp1.483.250,1483250.0
aksesoris-wanita,Grey Jack Kacamata Antiradiasi Blueray Style Kotak Metal Unisex 90037,Rp559.000,559000.0
aksesoris-wanita,Leonardo Kacamata Wanita F LN YD3087 C1 52,Rp285.000,285000.0
aksesoris-wanita,Haisley Topi Karakter – Topi Premium Baseball Corduroy Pria Wanita Unisex,Rp72.000,72000.0
aksesoris-wanita,AUTHENTISM ID | Exclusive Hardbox for Scarf or Outfit,Rp45.000,45000.0
aksesoris-wanita,Rocketman - Topi Bisboll Polos hitam Terkeren Quality Fashion Pria Wanita Outdoor Unisex,Rp24.000,24000.0
aksesoris-wanita,Kacamata Hitam Sunglasses Anti UV400 Frame Cat Eye Pria Wanita - IOOI 331,Rp79.000,79000.0
aksesoris-wanita,[Tagentid]Kacamata Hitam Unisex Kotak Trendy Fashion Style UV400,Rp26.499,26499.0
aksesoris-wanita,Mosslens Eyewear Kacamata Hitam Sunglasses Sun UV Protection Polarized Kotak Oversize Metal PC 012,Rp60.000,60000.0
aksesoris-wanita,Seeouo Kacamata Hitam Anti UV 400 Model Oval Bahan Tr90 Sunglasses Anti Silau Fashion Pria Wanite New Style 961,Rp77.000,77000.0
aksesoris-wanita,Seeouo Sunglasses Kacamata Anti UV 400 Protection Oval Fashion Style Y2K TR90 Kokoh Anti Silau Unisex Pria Wanita 2332,Rp77.000,77000.0
aksesoris-wanita,Seeouo Sunglasses Kacamata Hitam UV 400 Protection Lens Style Kotak Fashionable Bahan TR90 Ringan Simple Unisex Pria Wanita Clear Vision 503X,Rp77.000,77000.0
aksesoris-wanita,Seeouo Kacamata Antiradiasi Blueray Model Stylish Unisex Kotak Frame Bahan TR90+Metal Kokoh Bisa Minus Bluecromic 16326,Rp499.000,499000.0
aksesoris-wanita,Seeouo Kacamata Sunglasses Fashionable Unisex Model Asian Fit Oval Frame TR90 Lensa Anti UV 400 Anti Silau Matahari 6116,Rp77.000,77000.0
aksesoris-wanita,ANDREA 7X86cm Korean mini syal scarf leher scarf tas neck scarf hair ribbon,Rp27.000,27000.0
aksesoris-wanita,KACAMATA ANTI RADIASI PHOTOCROMIC BLUECHROMIC BLUERAY ARMENIA WANITA,Rp147.510,147510.0
aksesoris-wanita,Tas Penyimpanan Kacamata Tas Kacamata Kulit Tas Penyimpanan Kacamata Penutup Otomatis,Rp35.398,35398.0
aksesoris-wanita,Grey Jack Kacamata Antiradiasi Blueray Oval Bahan Titanium Ringan Kokoh 9113,Rp1.000.000,1000000.0
aksesoris-wanita,Grey Jack Kacamata Antiradiasi Blueray Bentuk KotakTR+Acetate K9130,Rp559.000,559000.0
aksesoris-wanita,Grey Jack Frame Kacamata Titanium Oval Modern Fashion Wanita New 98449,Rp999.000,999000.0
atasan-wanita,Collared Crop Top - Black,Rp199.000,199000.0
atasan-wanita,"LTF51 crop top tee t shirt oversize ""choose joy"" putih",Rp109.000,109000.0
atasan-wanita,Logo Jeans Kemeja Wanita Karla Green,Rp259.000,259000.0
atasan-wanita,Bodytalk Kemeja Wanita Lextian Sage Shirt 24494T9SA,Rp249.000,249000.0
atasan-wanita,LTF17 kaos oversize crop top wanita OLC tamago sushi putih,Rp105.000,105000.0
atasan-wanita,Ninety Degrees Kaos Wanita Tadaa Blue 12653D4BL,Rp107.940,107940.0
atasan-wanita,Districtstuff Kaos Oversized - I'm Falling Again,Rp202.000,202000.0
atasan-wanita,Elavoz Weenie Premium Top,Rp59.340,59340.0
atasan-wanita,COLORBOX Open Front Textured Knit Vest I-VEGFCR225H131 Ecru,Rp124.950,124950.0
atasan-wanita,Xvlore | FST | Kaos atasan wanita PREMIUM lengan panjang motif PITA V2 kekinian REAL PIC-T Sablon DistroKualitas internasional,Rp89.760,89760.0
atasan-wanita,CARDINAL FEMME BLOUSE 41 (MERAH),Rp59.000,59000.0
atasan-wanita,Yoenik Seongnam Shirt – Atasan Wanita – Blouse Korea,Rp72.000,72000.0
atasan-wanita,"Lyne Halim Blouse Batwing Bordir, Hitam 3287",Rp869.900,869900.0
atasan-wanita,Kaos Distro unisex cowok Cewek Motif Lucu Gaya Biasa Bahan Katun 24S Pria wanita dewasa laki perempuan dewasa remaja anak siswa sekolah lembut elegant aesthetic lengan pendek crew neck o neck adem nyerap keringat Oblong V220,Rp67.800,67800.0
atasan-wanita,LLACES Clothing - Blouse Wanita - LL Tie Dye Basic Short Sleeve - Purple,Rp87.250,87250.0
atasan-wanita,Crop Top Pilates Original Premium Atasan Kaos Crop Oversize Katun Sablon Wanita Combed Baju Polos Pendek Dewasa,Rp32.000,32000.0
atasan-wanita,Polini - Atasan ank Top Bra / Tanktop Polos / Crop Top Korean Style High Quality Atasan Wanita A3008,Rp87.199,87199.0
atasan-wanita,Peternation kemeja flanel wanita wool panjang oversized Atasan Casual Baju,Rp225.000,225000.0
atasan-wanita,Kaos Distro Premium Korea Girl - Baju Atasan Sablon Pria Wanita,Rp120.000,120000.0
atasan-wanita,Crop Top Oversize Wild Free Kaos Original Katun Kaos Crop Baju Oversize Atasan Wanita Polos Combed,Rp54.000,54000.0
atasan-wanita,Kaos Boston Baju 91 Stars Kaos Katun Baju Korea Atasan Kaos Tee Tshirt Katun Kaos Cewek Wanita Combed Baju Lengan Pendek Kaos Sablon Kaos Premium Kaos Viral Kaos Terbaru Distro Dewasa Oversize Tee,Rp64.800,64800.0
atasan-wanita,Et Cetera Drawstring Hem Short Sleeve Blouse BLACK,Rp199.000,199000.0
atasan-wanita,Executive Basic Long Sleeve Blouse 5-BLWBSC5101O031 Pumpkin Spice,Rp179.910,179910.0
atasan-wanita,EXECUTIVE Basic Easy Care Long Sleeve Shirt 5-BLWBSC5125O032 Lt. Beige,Rp179.910,179910.0
atasan-wanita,Jakarta Pusat,Rp68.899,68899.0
atasan-wanita,Jakarta Pusat,Rp68.699,68699.0
atasan-wanita,EXECUTIVE Asymmetric Placket Blouse 5-BSWSIG226A011 Off White,Rp206.910,206910.0
atasan-wanita,"TONIQUE Kaos Turtle Neck Katun Stretch Wanita Dark green, Plum SALLY Hijau Tua, Ungu Tua",Rp99.000,99000.0
atasan-wanita,EXECUTIVE Short Sleeve Graphic T-Shirt 5-TSKKCA126B143 Black,Rp116.910,116910.0
atasan-wanita,COLORBOX Loose T-Shirt with Roll Up Sleeve LT. BLUE,Rp69.900,69900.0
atasan-wanita,Everyday Inner Sleeveless - Black,Rp175.000,175000.0
atasan-wanita,Kab. Bekasi,Rp72.413,72413.0
atasan-wanita,EXIT Kivena Blouse 113.51904.50 |Kemeja Wanita - Atasan Lengan Panjang,Rp245.000,245000.0
atasan-wanita,Kaos bucin love kiss custom scafusion regular boxy fit 24s,Rp110.000,110000.0
atasan-wanita,Hush Puppies Kemeja Wanita CLARITY PUFF Black LB27137BK,Rp459.000,459000.0
atasan-wanita,Hush Puppies Kaos Wanita ELARA White,Rp160.000,160000.0
atasan-wanita,"First Girl - Kemeja Lengan Pendek Desain Unik Berhiaskan Rumbai Dan Motif Kupu-Kupu Untuk Wanita, Ukuran besar - G089",Rp119.000,119000.0
atasan-wanita,Geela Official - Allure Brown Shirt (G.11675) | Kemeja Wanita,Rp314.930,314930.0
atasan-wanita,Suko T-Shirt Kaos Kerah Bulat Lengan Pendek Wanita 117715368,Rp129.900,129900.0
atasan-wanita,Exit Juniya Celana Panjang Wanita 121705389,Rp219.960,219960.0
atasan-wanita,ADA - Claudy Kemeja Oversize Long Sleeve #9B88,Rp119.000,119000.0
atasan-wanita,Columbia Women's Boundless Trek Tank,Rp239.600,239600.0
atasan-wanita,Chocochips - Brisbane Top / Atasan Lengan Balon Model Peplum / Kerah Mandarin,Rp350.000,350000.0
atasan-wanita,This Is April Long Outer Wanita Kondangan Brokat Clean Outfits Hijab Shazkia Top White dan Grey,Rp174.500,174500.0
atasan-wanita,EXIT Rona Serasi - Aramasya Series | Baju Lebaran Matchy Wanita & Anak,Rp504.000,504000.0
atasan-wanita,Monellina 601426 Kemeja Wanita Lengan Panjang,Rp105.000,105000.0
atasan-wanita,Aerostreet Millie Kaos Tanpa Lengan Wanita Perfect Fit Cotton Cloud Cream Fitted T-shirt Sleeveless Women Casual Cotton Premium Basic Minimalis Lembut Nyaman 1B500,Rp89.900,89900.0
atasan-wanita,OVERSIZED PURPLE TEE,Rp199.900,199900.0
atasan-wanita,EXPAND Vanya Blouse 015.51412.55 |Kemeja Wanita - Atasan Lengan Panjang,Rp315.000,315000.0
atasan-wanita,3Mongkis - Kemeja Wanita Pria Megumi Shirt,Rp425.000,425000.0
atasan-wanita,EXT Amira Blouse |Kemeja Wanita - Atasan Lengan Panjang,Rp179.970,179970.0
atasan-wanita,Ninety Degrees Kaos Wanita Smiggie Black 12667D4BK,Rp137.940,137940.0
atasan-wanita,Beatrice Clothing X Elika Boen Casie Blouse - Atasan Wanita Bordir - Atasan Wanita | Pakaian Wanita | Baju Atasan Wanita Lengan Pendek,Rp185.250,185250.0
atasan-wanita,FAME - Ruffle Blouse Wanita Lengan Panjang Terracotta - 9211763,Rp264.900,264900.0
atasan-wanita,Kemeja Polos Wanita Lengan Panjang Putih OLR003,Rp129.000,129000.0
atasan-wanita,EXT Olivera Blouse 105.51031SH.31 |Kemeja Wanita - Atasan Lengan Panjang,Rp179.970,179970.0
atasan-wanita,Cardinal T-Shirt Oversize Wanita G0555D07D,Rp99.000,99000.0
atasan-wanita,COLORBOX Short Sleeve Basic Fitted T-Shirt I:TSKBSC504203 LT. PINK,Rp79.900,79900.0
atasan-wanita,Barley Division T-Shirt Elmo Black,Rp110.000,110000.0
atasan-wanita,Hi VABA Oversized Not Bad Tshirt | Kaos Streetwear Unisex Tee Combed Pria Wanita Baju Distro Pendek Hitam Printing Panjang Polos Motif Oblong Katun Tangan,Rp94.000,94000.0
atasan-wanita,LTA68Y s/s Lds Thrdy line Ver mr,Rp119.000,119000.0
atasan-wanita,Hosofshopaholic - TALITHA SHIRT - Atasan Wanita - Kemeja Bordir Wanita - Basic Shirt,Rp169.999,169999.0
atasan-wanita,White Mode Sydney Blouses,Rp109.172,109172.0
atasan-wanita,XVLORE | FST | Kaos cewek/wanita Atasan lengan panjang [ MOTIF SAKURA ] REAL PICT nyaman katun combed PREMIUM (A.1),Rp87.500,87500.0
atasan-wanita,White Mode Deja Blouses - XL - Katun,Rp89.900,89900.0
atasan-wanita,SECONDLY.ID Kaos Lengan Panjang Wanita Katun Combed 24s | Long Sleeve Tee Polos Premium T-Shirt Basic Nyaman Lembut,Rp85.900,85900.0
atasan-wanita,Cardinal Blouse Loose Fit D0294D08D,Rp258.500,258500.0
atasan-wanita,GONEGANI OFFICIAL - Atasan Wanita Stripe Berkerah Polo Stripe T-Shirt,Rp359.000,359000.0
atasan-wanita,Love Bonito - Atasan Wanita - BraFree by LB Amarantha Halter Tunic Top - Oyster,Rp839.000,839000.0
atasan-wanita,Baju Santai Bunga Laut Biru Merah,Rp1.250.000,1250000.0
atasan-wanita,Gaudi. Runa Vest - Atasan Vest Wanita,Rp268.000,268000.0
atasan-wanita,Baju Santai Nitik Ayam Terracotta,Rp2.000.000,2000000.0
atasan-wanita,T Shirt Pendek + Cln Panjang We Bare Bear (Woman ) Putih,Rp78.210,78210.0
atasan-wanita,OCWA TALISA CROP TWO POCKET SWEATER MISTY,Rp359.000,359000.0
atasan-wanita,Aerostreet Luxy Kaos Lengan Panjang Wanita Perfect Fit Cotton Cloud Charcoal T-shirt Long Sleeve Women Casual Cotton Premium Basic Minimalis Lembut Nyaman 1B400,Rp134.900,134900.0
atasan-wanita,House Of Etern - Atasan Wanita Bucca One Shoulder Top,Rp395.000,395000.0
atasan-wanita,Haseena Blouse Plisket Qaireen Lengan Panjang Atasan Wanita Crinkle Standart Jumbo | Daily Top Blouse Crinkle,Rp159.000,159000.0
atasan-wanita,U niq Shirt -- by HABA,Rp129.000,129000.0
atasan-wanita,BATIK TRUSMI X Nobby Byantara Vest Outer Wanita Sleveless Bahan,Rp419.000,419000.0
atasan-wanita,Third Day LTB30F crop no excuse Navy,Rp125.000,125000.0
atasan-wanita,EXECUTIVE Short Sleeve Active T-Shirt 5-TSKACT225I915 Black,Rp84.915,84915.0
atasan-wanita,Kaos Distro Premium Cats - Baju Atasan Sablon Pria Wanita,Rp120.000,120000.0
atasan-wanita,Cardinal Kemeja Loose Fit Wanita D0319P08A,Rp300.500,300500.0
atasan-wanita,ET CETERA Oversized Long Sleeve Blouse OFF WHITE,Rp159.000,159000.0
atasan-wanita,Cyfersia Baju Oversize OSCW107 Teks Motivasi Kekinian Nyaman dan Bikin Percaya Diri,Rp160.985,160985.0
atasan-wanita,Tamara's Sleek Bralette Atasan Wanita,Rp245.000,245000.0
atasan-wanita,Kaos Distro Premium Korea Style Girl Drinking - Baju Atasan Sablon Pria Wanita,Rp120.000,120000.0
atasan-wanita,Monellina 601279 Kemeja Crop Wanita Lengan Pendek,Rp85.000,85000.0
atasan-wanita,Et Cetera Sleevelesss Blouse with Tie Details BEIGE,Rp269.100,269100.0
atasan-wanita,Orora Kaos Wanita Korea Style Cute - Baju Atasan Sablon Pria Wanita Warna Hitam Putih Ukuran S M L XL XXL XXXL ORKL 35 Combed Distro,Rp120.000,120000.0
atasan-wanita,Kaos Cowok Distro Korea Seoul – Kaos Pria Dewasa Sablon 3D ORKL 92 T-Shirt Unisex Cotton Combed 24s Atasan Motif Baju Katun Printing Digital Keren,Rp120.000,120000.0
atasan-wanita,[Anniversary Picks] ELEGANT Kaos Atasan Wanita Lengan Panjang Hitam Casual Cewek Top Baju Dewasa Simple 4175ZZ Polos Katun - MEIN,Rp169.900,169900.0
atasan-wanita,[Anniversary Picks] GIRL POWER Baju Lengan Pendek Lengan Pendek Slimfit Atasan Wanita Crop Top Cewek 2104 Linen Panjang - MEIN,Rp129.900,129900.0
atasan-wanita,[Anniversary Picks] Kaos Wanita One Shoulder Slim Fit Biru 17831A - MEIN,Rp189.900,189900.0
atasan-wanita,New Player Series Kaos / Jersey Victor T 25003 / T-25003 / T25003,Rp576.000,576000.0
atasan-wanita,Peternation kemeja flanel wanita wool panjang cadet blue oversized Casual Atasan Formal Top,Rp225.000,225000.0
atasan-wanita,KAOSBRO - Kaos Zodiak Taurus - Cotton combed 30s - Pria dan Wanita,Rp72.413,72413.0
atasan-wanita,N2 Blouse - Blus Atasan Wanita Katun Bordir 29748,Rp459.000,459000.0
atasan-wanita,ADA - Kemeja Lusy Two Pocket V Neck #K006,Rp296.010,296010.0
atasan-wanita,Kaos Wanita PREMIUM Oversize Ber Motif Model Pinguin\Jungjat REAL PICT Katun Combed Soft Lembut Tebal,Rp125.000,125000.0
atasan-wanita,Cardinal T-Shirt Slim Fit Wanita G0544P02A,Rp99.000,99000.0
atasan-wanita,Kemeja Panjang Wanita Cartenz Tactical Harriet WS,Rp545.000,545000.0
atasan-wanita,LLACES Clothing - Blouse Wanita - Formal Shirt with Belt - Black,Rp449.950,449950.0
atasan-wanita,Women Blouse V Neck Ruffle Long Sleeve Flared 3618,Rp129.000,129000.0
atasan-wanita,Kaos Pria Wanita Distro Korea Cute C Are You Ok V.2 - Baju Atasan Sablon High Quality Pria Wanita,Rp120.000,120000.0
atasan-wanita,GT Sport GT Ladies Long Sleeve Kaos Wanita GT MAN GTLRR-01 Isi 1 Pc,Rp108.000,108000.0
atasan-wanita,Kab. Bekasi,Rp72.413,72413.0
atasan-wanita,Greenlight Kaos Basic Wanita Lengan Panjang Loose Fit Katun Maiko HP-CG180225,Rp116.100,116100.0
atasan-wanita,Hush Puppies Kaos Wanita OLESIA White,Rp239.500,239500.0
atasan-wanita,EXT Larissa Blouse |Kemeja Wanita - Atasan Lengan Panjang,Rp179.970,179970.0
atasan-wanita,[Anniversary Picks][MEIN]Wanita Kekinian Long Sleeve Shirt Casual Panjang Kaos Atasan Cewek Crop Kerah Simple 1013 Baju Top,Rp239.900,239900.0
atasan-wanita,Popsicles Tshirt Boxy fit Oversize dizzy chrome I Boxyfit Oversized Kaos Katun Combed Panjang Printing,Rp105.000,105000.0
atasan-wanita,Urban Exchange Yudith Black Blouse - Atasan Kemeja Blouse Hitam Lengan Panjang,Rp159.000,159000.0
atasan-wanita,DICKIES - Women's Graphic Tee - Kaos Crop Top Wanita,Rp353.800,353800.0
atasan-wanita,Pierre Cardin Cool Touch Camisole 309-3082BT,Rp190.000,190000.0
atasan-wanita,Luludi Durare Innerwear LN 5504,Rp180.000,180000.0
atasan-wanita,Urban Exchange Anna Brown Blouse - Blouse Formal Berpita Lengan Pendek,Rp189.000,189000.0
atasan-wanita,*Ready Stok* SISTER'S - Atasan Katun Kombi Kaos Y8579 (ZE),Rp465.000,465000.0
atasan-wanita,Monellina 601353 Blouse Oversize Wanita Lengan Pendek,Rp105.000,105000.0
atasan-wanita,Jakarta Timur,Rp68.699,68699.0
atasan-wanita,Third Day LTD66 Kemben Tube Top Panjang Navy Katakana,Rp90.000,90000.0
atasan-wanita,Third Day LTD84 HTK Henley Tank Logo Hitam,Rp59.400,59400.0
atasan-wanita,duapola Bordir Strip Cotton Blouse 15022 - Green,Rp99.000,99000.0
atasan-wanita,LTC68 lv kaos lengan panjang wanita hitam katakana invert,Rp139.000,139000.0
atasan-wanita,FAME - Atasan Wanita Lengan Panjang Putih - 9211733,Rp399.800,399800.0
atasan-wanita,LTA68Y s/s Lds Thrdy line Ver mr,Rp119.000,119000.0
atasan-wanita,Hosofshopaholic - TALITHA SHIRT - Atasan Wanita - Kemeja Bordir Wanita - Basic Shirt,Rp169.999,169999.0
atasan-wanita,White Mode Sydney Blouses,Rp109.172,109172.0
atasan-wanita,XVLORE | FST | Kaos cewek/wanita Atasan lengan panjang [ MOTIF SAKURA ] REAL PICT nyaman katun combed PREMIUM (A.1),Rp87.500,87500.0
atasan-wanita,White Mode Deja Blouses - XL - Katun,Rp89.900,89900.0
atasan-wanita,Brasay Pakaian Wanita Baju Atasan Lengan Panjang Import Manset Baju Wanita Premium Sweater Model Cantik Inner 4134,Rp34.649,34649.0
atasan-wanita,Hush Puppies Kaos Polo Wanita FARRONA POLO Camel,Rp239.500,239500.0
atasan-wanita,SIGNATURE Kimona Blouse 701.51779.80 |Kemeja Wanita - Atasan Lengan Panjang,Rp549.900,549900.0
atasan-wanita,Geulis.id EILI TOP / ATASAN WANITA / TOP WANITA (3 warna),Rp143.280,143280.0
atasan-wanita,VOLCOM GCT FROBERG SHORT SLEEVE TEE BLACK,Rp222.000,222000.0
atasan-wanita,KAOS PILOTTER VENOM ORIGINAL FREE STIKER - PLTR-279,Rp114.000,114000.0
atasan-wanita,Kemeja Flanel Wanita Lengan Panjang Warna Hitam Navy OLR142,Rp145.000,145000.0
atasan-wanita,*Ready Stok* SISTER'S - Atasan Katun Kombi Kaos Y8579 (ZE),Rp465.000,465000.0
atasan-wanita,DICKIES - Women's Graphic Tee - Kaos Crop Top Wanita,Rp353.800,353800.0
atasan-wanita,DUST Kemeja Kamina Garis Hijau Comfease (D.116472),Rp279.300,279300.0
atasan-wanita,Monellina 601353 Blouse Oversize Wanita Lengan Pendek,Rp105.000,105000.0
atasan-wanita,Urban Exchange Yudith Black Blouse - Atasan Kemeja Blouse Hitam Lengan Panjang,Rp159.000,159000.0
atasan-wanita,Hush Puppies Blouse Wanita Kk Rushsar Off White,Rp359.500,359500.0
atasan-wanita,Urban Exchange Anna Brown Blouse - Blouse Formal Berpita Lengan Pendek,Rp189.000,189000.0
atasan-wanita,"Kaos Baju Distro Murah Motif ""SMALL EAGLE"" Original Premium Tebal Unisex Katun 24S Cewe Cowo Pasangan Nyaman Atasan Keren Simple High Oblong Panjang Lembut Wanita Cewek Polos Pendek Couple",Rp68.699,68699.0
atasan-wanita,Cardinal T-Shirt Oversize Pria C0012P06E,Rp230.500,230500.0
atasan-wanita,Kaos Wanita PREMIUM Oversize Ber Motif Model Pinguin\Jungjat REAL PICT Katun Combed Soft Lembut Tebal,Rp125.000,125000.0
atasan-wanita,EXT Larissa Blouse |Kemeja Wanita - Atasan Lengan Panjang,Rp179.970,179970.0
atasan-wanita,Popsicles Tshirt Boxy fit Oversize dizzy chrome I Boxyfit Oversized Kaos Katun Combed Panjang Printing,Rp105.000,105000.0
atasan-wanita,Pierre Cardin Cool Touch Camisole 309-3082BT,Rp190.000,190000.0
atasan-wanita,Kaos Pria Wanita Distro Korea Cute C Are You Ok V.2 - Baju Atasan Sablon High Quality Pria Wanita,Rp120.000,120000.0
atasan-wanita,KAOSBRO - Kaos Zodiak Taurus - Cotton combed 30s - Pria dan Wanita,Rp72.413,72413.0
atasan-wanita,ADA - Kemeja Lusy Two Pocket V Neck #K006,Rp296.010,296010.0
atasan-wanita,Peternation kemeja flanel wanita wool panjang cadet blue oversized Casual Atasan Formal Top,Rp225.000,225000.0
atasan-wanita,GT Sport GT Ladies Long Sleeve Kaos Wanita GT MAN GTLRR-01 Isi 1 Pc,Rp108.000,108000.0
atasan-wanita,[Anniversary Picks][MEIN]Wanita Kekinian Long Sleeve Shirt Casual Panjang Kaos Atasan Cewek Crop Kerah Simple 1013 Baju Top,Rp239.900,239900.0
atasan-wanita,Luludi Durare Innerwear LN 5504,Rp180.000,180000.0
atasan-wanita,Monellina 50166 Kemeja Oversize Wanita Lengan Pendek Motif Bunga - MD,Rp95.000,95000.0
atasan-wanita,Jakarta Barat,Rp122.000,122000.0
atasan-wanita,Jakarta Timur,Rp68.699,68699.0
atasan-wanita,EXPAND Zetta Blouse |Kemeja Wanita - Atasan Lengan Panjang,Rp315.000,315000.0
atasan-wanita,Hi VABA Oversized Not Bad Tshirt | Kaos Streetwear Unisex Tee Combed Pria Wanita Baju Distro Pendek Hitam Printing Panjang Polos Motif Oblong Katun Tangan,Rp94.000,94000.0
atasan-wanita,Barley Division T-Shirt Elmo Black,Rp110.000,110000.0
atasan-wanita,GONEGANI OFFICIAL - Atasan Wanita Stripe Berkerah Polo Stripe T-Shirt,Rp359.000,359000.0
atasan-wanita,Gaudi. Runa Vest - Atasan Vest Wanita,Rp268.000,268000.0
atasan-wanita,Baju Santai Bunga Laut Biru Merah,Rp1.250.000,1250000.0
atasan-wanita,SECONDLY.ID Kaos Lengan Panjang Wanita Katun Combed 24s | Long Sleeve Tee Polos Premium T-Shirt Basic Nyaman Lembut,Rp85.900,85900.0
atasan-wanita,Baju Santai Nitik Ayam Terracotta,Rp2.000.000,2000000.0
atasan-wanita,Cardinal T-Shirt Oversize Wanita G0555D07D,Rp99.000,99000.0
atasan-wanita,BATIK TRUSMI X Nobby Byantara Vest Outer Wanita Sleveless Bahan,Rp419.000,419000.0
atasan-wanita,Love Bonito - Atasan Wanita - BraFree by LB Amarantha Halter Tunic Top - Oyster,Rp839.000,839000.0
atasan-wanita,Third Day LTB30F crop no excuse Navy,Rp125.000,125000.0
atasan-wanita,EXECUTIVE Short Sleeve Active T-Shirt 5-TSKACT225I915 Black,Rp84.915,84915.0
atasan-wanita,COLORBOX Short Sleeve Basic Fitted T-Shirt I:TSKBSC504203 LT. PINK,Rp79.900,79900.0
atasan-wanita,Kaos Distro Premium Cats - Baju Atasan Sablon Pria Wanita,Rp120.000,120000.0
atasan-wanita,Cardinal Kemeja Loose Fit Wanita D0319P08A,Rp300.500,300500.0
atasan-wanita,Et Cetera Drawstring Hem Short Sleeve Blouse BLACK,Rp199.000,199000.0
atasan-wanita,Executive Basic Long Sleeve Blouse 5-BLWBSC5101O031 Pumpkin Spice,Rp179.910,179910.0
atasan-wanita,EXECUTIVE Basic Easy Care Long Sleeve Shirt 5-BLWBSC5125O032 Lt. Beige,Rp179.910,179910.0
atasan-wanita,EXECUTIVE Asymmetric Placket Blouse 5-BSWSIG226A011 Off White,Rp206.910,206910.0
atasan-wanita,"TONIQUE Kaos Turtle Neck Katun Stretch Wanita Dark green, Plum SALLY Hijau Tua, Ungu Tua",Rp99.000,99000.0
atasan-wanita,Jakarta Pusat,Rp68.899,68899.0
atasan-wanita,Jakarta Pusat,Rp68.699,68699.0
atasan-wanita,Beatrice Clothing X Elika Boen Casie Blouse - Atasan Wanita Bordir - Atasan Wanita | Pakaian Wanita | Baju Atasan Wanita Lengan Pendek,Rp185.250,185250.0
atasan-wanita,EXT Olivera Blouse 105.51031SH.31 |Kemeja Wanita - Atasan Lengan Panjang,Rp179.970,179970.0
atasan-wanita,FAME - Ruffle Blouse Wanita Lengan Panjang Terracotta - 9211763,Rp264.900,264900.0
atasan-wanita,3Mongkis - Kemeja Wanita Pria Megumi Shirt,Rp425.000,425000.0
atasan-wanita,EXT Amira Blouse |Kemeja Wanita - Atasan Lengan Panjang,Rp179.970,179970.0
atasan-wanita,Ninety Degrees Kaos Wanita Smiggie Black 12667D4BK,Rp137.940,137940.0
atasan-wanita,EXIT Rona Serasi - Aramasya Series | Baju Lebaran Matchy Wanita & Anak,Rp504.000,504000.0
atasan-wanita,Third Day LTD71 Kl Simple Doest It Navy Kaos Casual Wanita,Rp109.000,109000.0
atasan-wanita,MINIMAL - Mahnoor - Gamis Motif Paisley - Black,Rp579.942,579942.0
atasan-wanita,White Mode Deja Blouses - XL - Katun,Rp89.900,89900.0
atasan-wanita,White Mode Lucia Blouse - Blouse Wanita,Rp65.000,65000.0
atasan-wanita,Atasan kaos polos wanita Nyaman Oval Polos katun Premium XVLORE PLUS Combed Soft,Rp93.500,93500.0
atasan-wanita,ARC'TERYX SICILY Women's T-Shirt Breathable Cotton Short Sleeve Tee with Unique Skeleton Logo Design,Rp1.349.100,1349100.0
atasan-wanita,Logo Jeans Kaos Wanita Talia Green 12775L4DE,Rp109.000,109000.0
atasan-wanita,Cardinal T-Shirt Oversize Pria C0012P06E,Rp230.500,230500.0
atasan-wanita,Ninety Degrees Kaos Wanita Cora Light Blue 12752D4LL,Rp143.940,143940.0
atasan-wanita,Monstreet Kaos Katun Combed 24s Cotton Combed 24s Tshirt Reguler Fit Hitam Black Putih White - UTR71,Rp59.000,59000.0
atasan-wanita,Ninety Degrees Natasha Pink Shirt 24647D5PK,Rp287.940,287940.0
atasan-wanita,Monstreet Kaos Katun Combed 24s Cotton Combed 24s Tshirt Reguler Fit Hitam Black Putih White - UTR28,Rp349.000,349000.0
atasan-wanita,Valeza Black Offwhite Flanel Shirt 24636D5BS - Ninety Degrees,Rp287.940,287940.0
atasan-wanita,Bodytalk Kemeja Wanita Allegrea Khaki Cream 23576T5KC,Rp229.000,229000.0
atasan-wanita,Ninety Degrees Kemeja Wanita Faye Black 24640D5BK,Rp257.940,257940.0
atasan-wanita,SIGNATURE Kimona Blouse 701.51779.80 |Kemeja Wanita - Atasan Lengan Panjang,Rp549.900,549900.0
atasan-wanita,Moonlight Black Blouse - Ninety Degrees,Rp139.000,139000.0
atasan-wanita,Vilex Sage Tee 12735D4SA - Ninety Degrees,Rp143.940,143940.0
atasan-wanita,Brasay Pakaian Wanita Baju Atasan Lengan Panjang Import Manset Baju Wanita Premium Sweater Model Cantik Inner 4134,Rp34.649,34649.0
atasan-wanita,Moria ZZ125 Atasan T-shirt Kaus Lengan Panjang Merah Off Shoulder Top Slimfit Wanita Jersey Retro Croptop Through Sexy Top Beachwear Baju Pantai Korean Top Y2k Streetwear Harajuku Outfit Diagonal Neckline Top Crop Wanita Baju Transparan Top Long Sleeve,Rp109.800,109800.0
atasan-wanita,Hush Puppies Kaos Polo Wanita FARRONA POLO Camel,Rp239.500,239500.0
atasan-wanita,Logo Jeans Bona Green Tee 12790L8GN,Rp105.000,105000.0
atasan-wanita,Hush Puppies Kaos Polo Wanita Folia Polo Red,Rp331.300,331300.0
atasan-wanita,Kemeja Loose Fit Wanita Cardinal G0806J02B,Rp99.000,99000.0
atasan-wanita,EXPAND Zetta Blouse |Kemeja Wanita - Atasan Lengan Panjang,Rp315.000,315000.0
atasan-wanita,Hush Puppies Blouse Wanita Kk Rushsar Off White,Rp359.500,359500.0
atasan-wanita,DUST Kemeja Kamina Garis Hijau Comfease (D.116472),Rp279.300,279300.0
atasan-wanita,Kemeja Flanel Wanita Lengan Panjang Warna Hitam Navy OLR142,Rp145.000,145000.0
atasan-wanita,Monellina 50166 Kemeja Oversize Wanita Lengan Pendek Motif Bunga - MD,Rp95.000,95000.0
atasan-wanita,Geulis.id EILI TOP / ATASAN WANITA / TOP WANITA (3 warna),Rp143.280,143280.0
atasan-wanita,KAOS PILOTTER VENOM ORIGINAL FREE STIKER - PLTR-279,Rp114.000,114000.0
atasan-wanita,"Kaos Baju Distro Murah Motif ""SMALL EAGLE"" Original Premium Tebal Unisex Katun 24S Cewe Cowo Pasangan Nyaman Atasan Keren Simple High Oblong Panjang Lembut Wanita Cewek Polos Pendek Couple",Rp68.699,68699.0
atasan-wanita,Jakarta Barat,Rp122.000,122000.0
atasan-wanita,VOLCOM GCT FROBERG SHORT SLEEVE TEE BLACK,Rp222.000,222000.0
atasan-wanita,OCWA Army Basic Oversized Tshirt,Rp199.900,199900.0
atasan-wanita,Hush Puppies Kaos Wanita Forte Black,Rp329.200,329200.0
atasan-wanita,Hush Puppies Kaos Wanita TR CAMADA Pink,Rp210.000,210000.0
atasan-wanita,Love Bonito - Atasan Wanita - Lyocell Panelled Side Seams Boxy Top - Navy Blue,Rp579.000,579000.0
atasan-wanita,MxM Connexion Full Print Stripe Blouse Wanita 122854716,Rp100.000,100000.0
atasan-wanita,[Premium] Women T-Shirt Cutout Round Neck Long Sleeve 3425 (S/M/L),Rp99.000,99000.0
atasan-wanita,SOVLO Calla Shirt Wanita - Blouse Katun Breathable - Busui & Wudhu Friendly - Atasan Formal Stylish Ilustrasi Lokal,Rp279.900,279900.0
atasan-wanita,Paket 4 Pics Manset Turtleneck Wanita ENAMI Suns | Rayon Spandeks Premium | Inner Hijab Strech Adem,Rp132.930,132930.0
atasan-wanita,MINIMAL - Shams - Blus Motif Floral - Beige,Rp347.942,347942.0
atasan-wanita,Monellina 601282 Kemeja Wanita Lengan Panjang,Rp105.000,105000.0
atasan-wanita,MINEOLA Atasan Blus Wanita Polos Lengan Panjang V-Neck - Pink Baju Katun Casual Santai Dewasa,Rp117.110,117110.0
atasan-wanita,3H Glorina Red Shirt (PG17),Rp313.600,313600.0
atasan-wanita,INFILESS T-shirt Bintang Epic Star Pentagram,Rp26.000,26000.0
atasan-wanita,Nathalie Cotton Blend Bra Top NTA 3565,Rp136.900,136900.0
atasan-wanita,Eclaire - Brigitta Top Normal Grande Bigsize Xtrasize | Atasan Katun Wanita Casual Korea S-L-XL-XXL Jumbo,Rp219.750,219750.0
atasan-wanita,Eclaire - Debbie Top Normal Grande Bigsize Xtrasize | Atasan Tweed Wanita Casual S-L-XL-XXL Jumbo,Rp171.000,171000.0
atasan-wanita,Eclaire - Anika Top Normal Grande Midisize Bigsize Xtrasize | Atasan Casual Work Wanita Korea S-L-XL-XXL Jumbo,Rp182.650,182650.0
atasan-wanita,Eclaire - Leony Top Normal Grande Bigsize Xtrasize | Atasan Soft Twill Korea Wanita Casual S-M-L-XL-XXL Jumbo,Rp148.500,148500.0
atasan-wanita,MINIMAL - Clematis - Gamis Motif Floral Border Bawah - Beige,Rp449.955,449955.0
atasan-wanita,Find Your Fit |Avelora Blouse,Rp315.000,315000.0
atasan-wanita,3Mongkis - Atasan Wanita Leon Top,Rp449.000,449000.0
atasan-wanita,Jakarta Timur,Rp66.899,66899.0
atasan-wanita,Levi's® Women's Giselle Ruffle Blouse (0049Z-0001),Rp479.920,479920.0
atasan-wanita,OCWA KEV TWOTONE BLACK AND NEON GREEN OVERSIZED TEE,Rp289.900,289900.0
atasan-wanita,This Is April Agatha Vest Rompi Wanita Tanpa Lengan Gaya Korea Minimalist Wear Outerwear Ruffle Baju Luaran Kekinian Indigo,Rp289.000,289000.0
atasan-wanita,Monstreet Kaos Katun Combed 24s Cotton Combed 24s Tshirt Reguler Fit Hitam Black Putih White - UTR31,Rp59.000,59000.0
atasan-wanita,Beatrice Clothing Ivy Knit Blouse - Top / Outer Knit - Atasan wanita | Pakaian Wanita | Kemeja Wanita | Baju Lengan Panjang Wanita,Rp295.000,295000.0
atasan-wanita,EVONNE Seol-Ah Blouse Atasan Wanita Kemeja Wanita Top Cotton Mewah Elegan Lembut Simple Oversize E-333,Rp129.999,129999.0
atasan-wanita,Cardinal Kemeja Loose Fit Wanita D0270P02A,Rp149.000,149000.0
atasan-wanita,EXIT Renita Blouse |Kemeja Wanita - Atasan Lengan Panjang,Rp364.000,364000.0
atasan-wanita,Kami Galina Drawstring Top Atasan Lengan Panjang Wanita,Rp329.000,329000.0
atasan-wanita,Third Day LTD71 Kl Simple Doest It Navy Kaos Casual Wanita,Rp109.000,109000.0
atasan-wanita,MINIMAL - Mahnoor - Gamis Motif Paisley - Black,Rp579.942,579942.0
atasan-wanita,White Mode Deja Blouses - XL - Katun,Rp89.900,89900.0
atasan-wanita,White Mode Lucia Blouse - Blouse Wanita,Rp65.000,65000.0
atasan-wanita,Atasan kaos polos wanita Nyaman Oval Polos katun Premium XVLORE PLUS Combed Soft,Rp93.500,93500.0
atasan-wanita,Eclaire - Leony Top Normal Grande Bigsize Xtrasize | Atasan Soft Twill Korea Wanita Casual S-M-L-XL-XXL Jumbo,Rp148.500,148500.0
atasan-wanita,MINIMAL - Clematis - Gamis Motif Floral Border Bawah - Beige,Rp449.955,449955.0
atasan-wanita,FAME - Blouse Wanita Lengan Panjang Kerah Tinggi Detail Pita Motif Abstrak - 9211390,Rp109.900,109900.0
atasan-wanita,Levi's® Women's Giselle Ruffle Blouse (0049Z-0001),Rp479.920,479920.0
atasan-wanita,Mooi Atasan Dewasa Perempuan Lunar Collectin Orchid Cheongsam Top Adult,Rp149.000,149000.0
atasan-wanita,Garede - Kemeja Wanita Oversize Big Size Jumbo Lengan Panjang Hitam LD 120 130 140 150,Rp146.900,146900.0
atasan-wanita,COTTONINK - Atasan Kemeja Wanita Blue Daisy Zosia #SpringCollection2026,Rp359.000,359000.0
atasan-wanita,Cotton Inch - Arafah Pakaian Wanita Atasan Kemeja Polos Wanita,Rp159.900,159900.0
atasan-wanita,Nevada Double Gauze Kemeja Wanita 123689091,Rp149.600,149600.0
atasan-wanita,X8 Viony Tops kaos lengan pendek wanita,Rp50.000,50000.0
atasan-wanita,X8 Kaleena Blouse - Atasan Wanita,Rp98.970,98970.0
atasan-wanita,"FOLADY - KIW010 Abstract Monochrome Blouse Wanita Korean Style dengan motif artistik hitam putih yang unik dan modern. Model loose fit lengan panjang dengan bahan ringan, adem, dan nyaman dipakai, cocok untuk gaya casual hingga OOTD kekinian.",Rp93.000,93000.0
atasan-wanita,Connexion Heavy Flo Kaos Wanita 123705143,Rp99.900,99900.0
atasan-wanita,Nevada Comb Basic Kaos Oversize Wanita 123212890,Rp77.400,77400.0
atasan-wanita,Find Your Fit |Avelora Blouse,Rp315.000,315000.0
atasan-wanita,Cardinal Kemeja Wanita G1307J01A,Rp159.000,159000.0
atasan-wanita,EXIT Renita Blouse |Kemeja Wanita - Atasan Lengan Panjang,Rp364.000,364000.0
atasan-wanita,Jakarta Timur,Rp66.899,66899.0
atasan-wanita,3H Glorina Red Shirt (PG17),Rp313.600,313600.0
atasan-wanita,Nathalie Cotton Blend Bra Top NTA 3565,Rp136.900,136900.0
atasan-wanita,INFILESS T-shirt Bintang Epic Star Pentagram,Rp26.000,26000.0
atasan-wanita,Hush Puppies Kaos Polo Wanita FELICIA POLO Red,Rp239.500,239500.0
atasan-wanita,This Is April Agatha Vest Rompi Wanita Tanpa Lengan Gaya Korea Minimalist Wear Outerwear Ruffle Baju Luaran Kekinian Indigo,Rp289.000,289000.0
atasan-wanita,Kami Galina Drawstring Top Atasan Lengan Panjang Wanita,Rp329.000,329000.0
atasan-wanita,MINEOLA Atasan Blus Wanita Polos Lengan Panjang V-Neck - Pink Baju Katun Casual Santai Dewasa,Rp117.110,117110.0
atasan-wanita,3Mongkis - Atasan Wanita Leon Top,Rp449.000,449000.0
atasan-wanita,COTTONINK - Atasan Kemeja Wanita Blue Daisy Fenna #SpringCollection2026,Rp279.000,279000.0
atasan-wanita,Hush Puppies Leviere Organic Cotton Tee Wanita,Rp207.450,207450.0
atasan-wanita,COTTONINK - Atasan Blouse Wanita Navy Floral Miu #CNYCollection2026,Rp469.000,469000.0
atasan-wanita,Monstreet Kaos Katun Combed 24s Cotton Combed 24s Tshirt Reguler Fit Hitam Black Putih White - UTR31,Rp59.000,59000.0
atasan-wanita,OCWA KEV TWOTONE BLACK AND NEON GREEN OVERSIZED TEE,Rp289.900,289900.0
atasan-wanita,Cardinal Kemeja Loose Fit Wanita D0270P02A,Rp149.000,149000.0
atasan-wanita,Beatrice Clothing Ivy Knit Blouse - Top / Outer Knit - Atasan wanita | Pakaian Wanita | Kemeja Wanita | Baju Lengan Panjang Wanita,Rp295.000,295000.0
atasan-wanita,EVONNE Seol-Ah Blouse Atasan Wanita Kemeja Wanita Top Cotton Mewah Elegan Lembut Simple Oversize E-333,Rp129.999,129999.0
atasan-wanita,Siselyo X NurulFadillah Namira Kemeja Vest - Atasan Wanita Oversize - Kemeja Lengan Panjang Jumbo - Kemeja Katun kemeja viral,Rp120.000,120000.0
atasan-wanita,PORTICO - Kyra Crop Top Contrast Ribbed Korean Style T-shirt - Combed 24s - Kaos Polos Wanita - TC05,Rp45.545,45545.0
atasan-wanita,Heaven Lights - Solare Geometric Shirt - Kemeja Wanita,Rp396.445,396445.0
atasan-wanita,Hush Puppies Kemeja Wanita CLARITY PUFF Light Blue LB27137LB,Rp459.000,459000.0
atasan-wanita,Baju Santai Tumbuh Acak Hijau,Rp2.000.000,2000000.0
atasan-wanita,Mississippi Double Pocket Shirt Kemeja Lengan Panjang LIN000762M Green,Rp295.000,295000.0
atasan-wanita,Cotton Tree Essentials – Alice Outer – Blazer Katun Wanita Korean Style Lengan Panjang Kantor Summer Holiday Luaran Jacket Premium Motif Terbaru Kekinian Nyaman Berkualitas Aesthetic Lembu,Rp229.000,229000.0
atasan-wanita,Star (ex Rambla) - Blanka Curve Kemeja Wanita Jumbo sleeve Lengan Panjang,Rp175.350,175350.0
atasan-wanita,LLACES Clothing - Blouse Wanita - Sleeveless Shirt - Black,Rp149.970,149970.0
atasan-wanita,Cardinal Kemeja Wanita L0305J09A,Rp129.000,129000.0
atasan-wanita,Baju Kaos Wanita Slimfit Oblong Lengan Pendek Polo Exchange Combed 30s Print S M L XL 10004,Rp52.282,52282.0
atasan-wanita,Kaos Crop Polos Wanita Katun Spandex Premium Lengan Pendek 5000 Hitam Putih Pink Army Ungu Sage Mera,Rp41.613,41613.0
atasan-wanita,Isla Loryn Nico Couple Family Set Sage Green - Couple Set - Family Set - Baju Lebaran Set,Rp129.900,129900.0
atasan-wanita,Hush Puppies Danylyn Vneck Buttoned Tee Wanita,Rp262.450,262450.0
atasan-wanita,*Ready Stok* SISTER'S - Atasan Katun Y9434 (ZE),Rp399.000,399000.0
atasan-wanita,MORNINGSOL Bow Blouse | Blouse Wanita,Rp279.900,279900.0
atasan-wanita,Houseofcuff Kaos Oversized T-shirt Wanita Unisex Tebal Dusty Pink Peta,Rp139.000,139000.0
atasan-wanita,LTD42 thirdday crop tdco hitam black,Rp119.000,119000.0
atasan-wanita,LTD01 thirdday mls hazi genius maroon hijab lengan panjang wanita,Rp169.000,169000.0
atasan-wanita,duapola Pearl Remple Blouse 8822 - Pink,Rp129.000,129000.0
atasan-wanita,Ixora Bubu Oversized Shirt - Kemeja Wanita Oversized Lengan Panjang,Rp130.000,130000.0
atasan-wanita,TDLA LTE32 RCP crop top polos wanita putih,Rp99.000,99000.0
atasan-wanita,COLORBOX Button Up Round Neck Vest I-VEGKEY225H102 Off White,Rp181.930,181930.0
atasan-wanita,C2W Clothtowear korset crop Batik Wanita All Size Satin Women's Clothes 654-TBP,Rp97.100,97100.0
atasan-wanita,FAME | 9211613 | Blouse Wanita Lengan Setengah Aksen Pita Motif Kotak Biru,Rp179.900,179900.0
atasan-wanita,Kaos wanita lengan panjang REAL PICT Sablon Distro,Rp85.000,85000.0
atasan-wanita,Third Day LTD71 Kl Simple Doest It Navy Kaos Casual Wanita,Rp109.000,109000.0
atasan-wanita,White Mode Sydney Blouses,Rp109.172,109172.0
atasan-wanita,duapola Flower Strip Cotton Blouse 5022 - Pink,Rp99.000,99000.0
atasan-wanita,duapola Flower Strip Cotton Blouse 5022 - Green,Rp99.000,99000.0
atasan-wanita,duapola Bordir Strip Cotton Blouse 15022 - Green,Rp99.000,99000.0
atasan-wanita,TWINNIE TOP | Baju Atasan Kaos Wanita Bahan Cotton Combed 24s | All size reguler dan Jumbo,Rp109.000,109000.0
atasan-wanita,"Kaos Digital Printing Kaos Lengan Pendek Regular Unisex Gambar Gadis Kecil Kelinci Bahan Cotton - Putih C1501, M",Rp64.800,64800.0
atasan-wanita,Kaos Crop Just Peachy Baju Crop Top Atasan Oversize Original Cewek Wanita Top Sablon Combed Dewasa Polos Pendek,Rp54.000,54000.0
atasan-wanita,Kaos Cute Dog Katun Terlaris Kaos Original Tee Kaos Fashion Premium Baju Korea Atasan Cewek Kaos Katun Combed Dewasa,Rp54.000,54000.0
atasan-wanita,Brasay Atasan Rajut Korean Style Wanita Premium Import Lengan Panjang Kekinian High Quality 4133,Rp68.749,68749.0
atasan-wanita,COLORBOX Square Neck Top with Lace Details I-TSKKEY225I907-LILAC,Rp139.930,139930.0
atasan-wanita,Yoenik Apparel Jiyeong Cardigan Knit Cardi Wanita Korean Style,Rp96.900,96900.0
atasan-wanita,Executive Basic Round Neck Cotton T-Shirt 5-TSKBSC593O013 Denim Blue,Rp89.910,89910.0
atasan-wanita,EIGER WOMEN HANDLE WITH CARE LS TEE 1.0,Rp167.200,167200.0
atasan-wanita,Deus Ex Machina Indonesia - Woman Enthusiasm Tee,Rp525.000,525000.0
atasan-wanita,COLORBOX Button Up Baseball Shirt I:BSWKEY225H089 Multicolor,Rp160.930,160930.0
atasan-wanita,EXECUTIVE Fitted Camisole with Bra Pad 5-TTKKCA225I007 Brown,Rp127.415,127415.0
atasan-wanita,[MEIN][NEW SERIES] Tank Top Slim Fit Square Neck List 10082,Rp429.900,429900.0
atasan-wanita,EXECUTIVE Button Details Boxy Top 5-TSKKCA225L061 Frosty Green,Rp139.930,139930.0
atasan-wanita,EXECUTIVE Floral Embroidered Long Sleeve Blouse 5-BLWKSG225L036 Off White,Rp230.930,230930.0
atasan-wanita,EXECUTIVE Detachable Sleeveless Top 5-SLWKSG126B049 Lt. Beige,Rp224.910,224910.0
atasan-wanita,EXECUTIVE Stripes Shirt with Floral Details 5-BLWKCA225L101 Frosty Green,Rp174.930,174930.0
atasan-wanita,EXECUTIVE Oversized Colorblock Stripes Shirt 5+BLWKCA126B066 Soft Yellow,Rp206.910,206910.0
atasan-wanita,ET CETERA Embroidered Linen Blend Shorts OFF WHITE,Rp199.000,199000.0
atasan-wanita,EIGER WS KAUWELA PRINTED SHIRT,Rp149.500,149500.0
atasan-wanita,Jakarta Pusat,Rp68.699,68699.0
atasan-wanita,Jakarta Timur,Rp68.699,68699.0
atasan-wanita,Jakarta Timur,Rp66.899,66899.0
atasan-wanita,"Kaos Baju Distro Murah Motif ""YOGA CAT"" Original Premium Tebal Unisex Katun 24S Cewe Cowo Pasangan Nyaman Atasan Keren Simple High Oblong Panjang Lembut Wanita Cewek Polos Pendek Pria Cowok",Rp68.699,68699.0
atasan-wanita,"Kaos Baju Distro Murah Motif ""YOU CAN DO IT!"" Original Premium Tebal Unisex Katun 24S Cewe Cowo Pasangan Nyaman Atasan Keren Simple High Oblong Panjang Lembut Wanita Cewek Polos Pendek Pria Cowok",Rp66.899,66899.0
atasan-wanita,Jakarta Pusat,Rp68.699,68699.0
atasan-wanita,Jakarta Pusat,Rp76.680,76680.0
atasan-wanita,Geela Official - Erina Brown T-Shirt (G.71194) - Kaos Wanita,Rp98.970,98970.0
atasan-wanita,Kemeja Polos Wanita Lengan Panjang Navy OLR129,Rp129.000,129000.0
atasan-wanita,3Mongkis - Atasan Wanita Valentia Knit Top,Rp569.000,569000.0
atasan-wanita,EXECUTIVE V-Neck Satin Stripes Blouse 5-BLWKSG226A033 Navy,Rp279.900,279900.0
atasan-wanita,Greenlight Kemeja Wanita Lengan Panjang Loose Fit Katun Kira HP-CG010126,Rp217.550,217550.0
atasan-wanita,T Shirt Pendek + Cln Panjang We Bare Bear ( Woman ) Pink ( Shopa ),Rp78.210,78210.0
atasan-wanita,Kemeja Loose Fit Wanita Cardinal G0816J11F,Rp99.000,99000.0
atasan-wanita,Aerostreet Clarie Kaos Wanita Dark Grey T-shirt Cewek Women Casual Cotton Premium Basic Minimalis Lembut Nyaman 1B100,Rp99.900,99900.0
atasan-wanita,Love Bonito - Atasan Wanita - Nabi Multi-way Mock Neck Shell Top - Burgundy,Rp639.000,639000.0
atasan-wanita,EXIT Cara Blouse |Kemeja Wanita - Atasan Lengan Panjang,Rp343.000,343000.0
atasan-wanita,Aerostreet Millie Kaos Tanpa Lengan Wanita Perfect Fit Cotton Cloud Black Fitted T-shirt Sleeveless Women Casual Cotton Premium Basic Minimalis Lembut Nyaman 1B500,Rp89.900,89900.0
atasan-wanita,Ninety Degrees Kemeja Wanita Fitzy Navy 22472D5NA,Rp179.940,179940.0
atasan-wanita,Hush Puppies Kaos Polo Wanita HOTTY POLO Sage,Rp239.500,239500.0
atasan-wanita,LLACES Clothing - Blouse Wanita - Rib Knit Lark Tee Round Neck - Navy,Rp168.350,168350.0
atasan-wanita,Shopatvelvet - Studio Now Bica Blouse,Rp199.000,199000.0
atasan-wanita,Love Bonito - Atasan Wanita - Sui Contrast Piping Knit Racerback Tank - Mochi Pink,Rp449.000,449000.0
atasan-wanita,CDL Kemeja Loose Fit Wanita P0106J01A,Rp169.000,169000.0
atasan-wanita,Chocochips - Trinity Top / Atasan Casual / Blouse Wanita Kekinian,Rp295.000,295000.0
atasan-wanita,Kutang Kerut Wiji Hitam,Rp750.000,750000.0
atasan-wanita,【Premium】Women T-Shirt V-Neck Fake Two-Piece Long Sleeve 3420 (S/M/L),Rp129.000,129000.0
atasan-wanita,Dama Kara Top Kinasih Tunik Longsleeve,Rp259.000,259000.0
atasan-wanita,Hush Puppies Blouse Wanita NC ETHIA LSS Off White,Rp359.500,359500.0
atasan-wanita,Greenlight Kaos Wanita Lengan Pendek Loose Katun Basic Makoto HP-C1210,Rp103.550,103550.0
atasan-wanita,[Anniversary Picks] GIRL POWER Lace Embroidery Texture Slim Vest 1502 - Dare To Be,Rp219.900,219900.0
atasan-wanita,[Anniversary Picks] GIRL POWER Kaos Katun Lengan Panjang Slim Fit dengan Kerah Bulat Wanita Baju 92034A Atasan Top - Dare To Be,Rp279.900,279900.0
atasan-wanita,Geulis.id CARMILA SHIRT / KEMEJA WANITA (3 warna),Rp401.350,401350.0
atasan-wanita,3Mongkis - Atasan Lengan Panjang Wanita Nesia Knit Top,Rp449.000,449000.0
atasan-wanita,ONYCHA - Scarf-Neck Sleeveless Top In Beige,Rp419.000,419000.0
atasan-wanita,Blouse Loose Fit Wanita Cardinal D0257J03D,Rp109.000,109000.0
atasan-wanita,Hush Puppies Blouse Wanita RAELLYN Black LB28413BK,Rp309.500,309500.0
atasan-wanita,Monellina 601171 Blouse Oversize Wanita Lengan Panjang,Rp95.000,95000.0
atasan-wanita,LLACES Clothing - Blouse Wanita - Business Shirt - Maroon,Rp349.950,349950.0
atasan-wanita,"Kaos Baju Distro Murah Motif ""HAMSTER"" Original Premium Tebal Unisex Katun 24S Cewe Cowo Pasangan Nyaman Atasan Keren Simple High Oblong Panjang Lembut Wanita Cewek Polos Pendek Couple Cowok",Rp66.899,66899.0
atasan-wanita,Third Day LTD71 Kl Simple Doest It Navy Kaos Casual Wanita,Rp109.000,109000.0
atasan-wanita,White Mode Sydney Blouses,Rp109.172,109172.0
atasan-wanita,duapola Flower Strip Cotton Blouse 5022 - Pink,Rp99.000,99000.0
atasan-wanita,duapola Flower Strip Cotton Blouse 5022 - Green,Rp99.000,99000.0
atasan-wanita,duapola Bordir Strip Cotton Blouse 15022 - Green,Rp99.000,99000.0
atasan-wanita,Geulis.id CARMILA SHIRT / KEMEJA WANITA (3 warna),Rp401.350,401350.0
atasan-wanita,Exit Yuneza Series Rok Panjang Wanita 121430265,Rp549.900,549900.0
atasan-wanita,FAME - Kemeja Wanita Lengan Panjang Motif Floral Hijau - 9211328,Rp149.900,149900.0
atasan-wanita,Cotton Code Kemeja Wanita Crop Vannesa Regular Fit,Rp139.000,139000.0
atasan-wanita,Chocochips - Kenzie Top / Blouse Structured Model Tailored dengan Detail Pocket dan Look Profesional,Rp350.000,350000.0
atasan-wanita,Hush Puppies Kaos Polo Wanita Ardyne Polo Light Blue,Rp239.500,239500.0
atasan-wanita,Signature Iteja Blouse 713.51781.15 |Kemeja Wanita - Atasan Lengan Panjang,Rp280.000,280000.0
atasan-wanita,Hush Puppies Kaos Wanita Melodia Maroon,Rp559.000,559000.0
atasan-wanita,Hush Puppies Kaos Polo Wanita Sersi Polo Off White,Rp359.300,359300.0
atasan-wanita,Geulis.id RUKA BLOUSE / ATASAN WANITA ( 3 warna),Rp137.400,137400.0
atasan-wanita,N2 Blouse - Blus Atasan Wanita Kaos 29793,Rp457.000,457000.0
atasan-wanita,N2 Blouse - Blus Atasan Wanita Kaos 26873,Rp471.000,471000.0
atasan-wanita,EXECUTIVE V-Neck Collared Satin Shirt 5-BLWKSG126B027 Lt. Beige,Rp279.900,279900.0
atasan-wanita,Geulis.id PILEA SHIRT / KEMEJA WANITA (2 warna),Rp394.800,394800.0
atasan-wanita,adidas Lifestyle Floral Badge of Sport Graphic Tee Women Purple H52232,Rp300.000,300000.0
atasan-wanita,Geulis.id DAILY STRIPES SHIRT / KEMEJA STRIPES WANITA / KEMEJA KERJA STRIPES (7 warna),Rp299.000,299000.0
atasan-wanita,[Premium] Women Crop Top V-Neck Long Sleeve Slim Fit Long Sleeve 1820 (S/M/L),Rp99.900,99900.0
atasan-wanita,GONEGANI OFFICIAL - Atasan Wanita Ruffle Bahan Cotton Stretch Premium Itzy T-shirt,Rp309.000,309000.0
atasan-wanita,"Geulis,id TIWI SHIRT / KEMEJA WANITA (2 warna)",Rp379.000,379000.0
atasan-wanita,"Kaos Baju Distro Murah Motif ""Tulisan"" Original Premium Tebal Unisex Katun 24S Cewe Cowo Pasangan Nyaman Oblong Panjang Wanita Polos Couple Lembut Cewek Atasan Pendek Keren",Rp66.899,66899.0
atasan-wanita,Hush Puppies Kaos Wanita Bruni Sage,Rp239.500,239500.0
atasan-wanita,NASL by Nagita Slavina White Linen Ribbon,Rp449.000,449000.0
atasan-wanita,Kemeja Flanel Wanita Lengan Panjang Warna HItam OLR139,Rp145.000,145000.0
atasan-wanita,Monellina 601123 Blouse Wanita Lengan Panjang,Rp95.000,95000.0
atasan-wanita,NEOSAVA - CASUAL ATHLETIC SHIRT | Baju Casual Kaos Olahraga Wanita Baju Sport Gym Lengan Pendek,Rp89.999,89999.0
atasan-wanita,Beatrice Clothing Linen Blazer - Outer Wanita Lengan Panjang - - Atasan wanita | Pakaian Wanita | Kemeja Wanita | Baju Lengan Panjang Wanita,Rp159.900,159900.0
atasan-wanita,OCWA OVERSIZED SZA SHIRT WHITE,Rp359.900,359900.0
atasan-wanita,FAME | 9211902 | LILY NOIR | BLOOM Collection | Blouse Wanita Lengan Panjang Motif Floral Hitam,Rp279.900,279900.0
atasan-wanita,NZINGA JIhye | Tanktop Spaghetti Strap Wanita Polos - Cami Crop Top Slim Fit | Ukuran S - XXL,Rp85.000,85000.0
atasan-wanita,LLACES Clothing - Blouse Wanita - Rib Knit Lark Tee Round Neck - Navy,Rp168.350,168350.0
atasan-wanita,Love Bonito - Atasan Wanita - Relaxed Cotton Front Tie Puff Sleeve Shell Top - Rust,Rp709.000,709000.0
atasan-wanita,Geulis.id SALLO SHIRT / ATASAN WANITA (5 warna),Rp143.280,143280.0
atasan-wanita,Geulis.id JORU SHIRT / ATASAN WANITA,Rp274.800,274800.0
atasan-wanita,OCWA X VEDECI SAINT OVERSIZED SLEEVELESS TOP ASH GREY,Rp389.900,389900.0
atasan-wanita,Kaos Wanita PREMIUM Over Size Ber Motif Model Pinguin\Jungjat REAL PICT Basic Combed,Rp125.000,125000.0
atasan-wanita,Familias - Raglan Women T-Shirt - Kyra Br,Rp200.000,200000.0
atasan-wanita,3Mongkis - June Bralette,Rp245.000,245000.0
atasan-wanita,Blouse Loose Fit Cardinal Girls G0050J11G,Rp99.000,99000.0
atasan-wanita,Cardinal Kemeja Loose Fit Wanita G1280J06A,Rp149.000,149000.0
atasan-wanita,Logo Jeeans Kaos Wanita Regular Diandra Olive,Rp129.000,129000.0
atasan-wanita,Kaos Wanita Ava Yellow 12744D4YL - Nintey Degrees,Rp143.940,143940.0
atasan-wanita,ADA - Blure Shirt Salur Wanita Long Sleeves #0976,Rp355.410,355410.0
atasan-wanita,Urban Exchange Yudith Cream Blouse - Blouse Cream Lengan Panjang,Rp299.000,299000.0
atasan-wanita,Logo Jeans Kaos Lengan Pendek Wanita Rhys Offwhite 12866L4OW,Rp175.000,175000.0
atasan-wanita,MINIMAL - Atheer - Tunic Motif Ornament - Green Dark,Rp335.952,335952.0
atasan-wanita,Ninety Degrees Kemeja Wanita Elina Blue 23587D9BL,Rp269.940,269940.0
atasan-wanita,Bodytalk Kemeja Lengan Panjang Elinor Brown White 24542T9WD,Rp259.000,259000.0
atasan-wanita,Houseofcuff Kemeja Oversize/ Outer Linen Look Unisex Abu Tua,Rp200.000,200000.0
atasan-wanita,Bodytalk Blouse Wanita Rhiannon Cream 22566T9CM Baju Linen,Rp219.000,219000.0
atasan-wanita,Deus Ex Machina Indonesia - Women Address Bali 2 Tee,Rp425.000,425000.0
atasan-wanita,Jlow Yellow Tee 12637D4YL - Ninety Degrees,Rp95.940,95940.0
atasan-wanita,Nary Army Shirt 24592D9AR - Ninety Degrees,Rp257.940,257940.0
atasan-wanita,Logo Jeans Kaos Wanita Abigail Black 14789L8BK,Rp135.000,135000.0
atasan-wanita,Logo Jeans Kaos Wanita Bona Offwhite 12790L8OW,Rp125.000,125000.0
atasan-wanita,Kaos Wanita - Bobo Tokyo - Isle Polo Shirt,Rp399.000,399000.0
atasan-wanita,SatuArah Atasan Kemeja Wanita / Kemeja Santai / Kemeja Rayon,Rp199.000,199000.0
atasan-wanita,C2 Fenzor Khaki Kemeja Classic Wanita Lengan Panjang,Rp372.227,372227.0
atasan-wanita,duapola Pearl Remple Blouse 8822 - Pink,Rp129.000,129000.0
atasan-wanita,LTD01 thirdday mls hazi genius maroon hijab lengan panjang wanita,Rp169.000,169000.0
atasan-wanita,Third Day LTA38X s-s Lds Katakana 2lines box nv,Rp109.000,109000.0
atasan-wanita,Atasan kaos polos wanita Nyaman Oval Polos katun Premium XVLORE PLUS Combed Soft,Rp93.500,93500.0
atasan-wanita,Hosofshopaholic - TALITHA SHIRT - Atasan Wanita - Kemeja Bordir Wanita - Basic Shirt,Rp169.999,169999.0
atasan-wanita,duapola Bordir Strip Cotton Blouse 15022 - Blue,Rp99.000,99000.0
atasan-wanita,Third Day LTD71 Kl Simple Doest It Navy Kaos Casual Wanita,Rp109.000,109000.0
atasan-wanita,LTD42 thirdday crop tdco hitam black,Rp119.000,119000.0
atasan-wanita,Ixora Bubu Oversized Shirt - Kemeja Wanita Oversized Lengan Panjang,Rp130.000,130000.0
atasan-wanita,TDLA LTE32 RCP crop top polos wanita putih,Rp99.000,99000.0
atasan-wanita,Ixora Femi Oversized Shirt - Kemeja Wanita Oversize Lengan Panjang Motif Abstrak,Rp130.000,130000.0
atasan-wanita,EOVEA - Tabita Multiways Dress Wrap Long Dress Korean Style Wanita,Rp189.000,189000.0
atasan-wanita,LTF29 crop oversize RCP polos navy,Rp99.000,99000.0
atasan-wanita,Ninety Degrees Kaos Wanita Cora Light Blue 12752D4LL,Rp143.940,143940.0
atasan-wanita,Peachpoppy X Natyashina MOONLIT Kemeja Pinggang Smock & Mini Skirt Pleats - One Set Setelan Terpisah Blouse dan Skirt Korean Daily Outfit,Rp179.000,179000.0
atasan-wanita,Yoenik Apparel Yoora Mix Top Kemeja Stripe Lengan Panjang Blouse Korean Style Kekinian Atasan Casual,Rp86.900,86900.0
atasan-wanita,Kaos wanita lengan panjang REAL PICT Sablon Distro,Rp85.000,85000.0
atasan-wanita,TWINNIE TOP | Baju Atasan Kaos Wanita Bahan Cotton Combed 24s | All size reguler dan Jumbo,Rp109.000,109000.0
atasan-wanita,Executive Basic Cropped Cotton T-Shirt 5-TSKBSC597O018 BASALT,Rp71.910,71910.0
atasan-wanita,Jakarta Barat,Rp37.889,37889.0
atasan-wanita,KAOSAYE - Radioactive t-shirt (Pria & Wanita),Rp69.500,69500.0
atasan-wanita,KAOSAYE - Anime Ruki Irokawa T-shirt (Pria & Wanita),Rp67.500,67500.0
atasan-wanita,KAOSAYE - More Everyday t-shirt (Pria & Wanita),Rp67.500,67500.0
atasan-wanita,EIGER WOMEN RIBBED T-SHIRT LS 1.0,Rp219.000,219000.0
atasan-wanita,Brasay Atasan Rajut Korean Style Wanita Premium Import Lengan Panjang Kekinian High Quality 4133,Rp68.749,68749.0
atasan-wanita,SISTER'S Blouse - Blus Atasan Wanita Katun Jepang Y9412 (ZE),Rp507.000,507000.0
atasan-wanita,SISTER'S Blouse - Kemeja Atasan Wanita Katun Bordir S9281 (JS),Rp515.000,515000.0
atasan-wanita,*Ready Stok* ELLAMOSS - Atasan Kaos 7386 (ZEZ),Rp419.000,419000.0
atasan-wanita,*Ready Stok* SISTER'S - Katun Kombi Kaos C4921 (CAP),Rp461.000,461000.0
atasan-wanita,Kaos Crop Just Peachy Baju Crop Top Atasan Oversize Original Cewek Wanita Top Sablon Combed Dewasa Polos Pendek,Rp54.000,54000.0
atasan-wanita,Kaos Cute Dog Katun Terlaris Kaos Original Tee Kaos Fashion Premium Baju Korea Atasan Cewek Kaos Katun Combed Dewasa,Rp54.000,54000.0
atasan-wanita,"Kaos Digital Printing Kaos Lengan Pendek Regular Unisex Gambar Gadis Kecil Kelinci Bahan Cotton - Putih C1501, M",Rp64.800,64800.0
atasan-wanita,Giordano Women's Liquid Touch Tee Wanita [0532521972],Rp219.000,219000.0
atasan-wanita,SISTER'S Blouse - Blus Atasan Wanita Katun Bordir Y9502 (ZE),Rp535.000,535000.0
atasan-wanita,EXECUTIVE Short Sleeve Asymmetrical Blouse 5-BSWKSG126D025 Lt. Grey,Rp249.900,249900.0
atasan-wanita,COLORBOX Button Up Baseball Shirt I:BSWKEY225H089 Multicolor,Rp160.930,160930.0
atasan-wanita,Deus Ex Machina Indonesia - Woman Enthusiasm Tee,Rp525.000,525000.0
atasan-wanita,EIGER WS KAUWELA PRINTED SHIRT,Rp149.500,149500.0
atasan-wanita,ET CETERA Embroidered Linen Blend Shorts OFF WHITE,Rp199.000,199000.0
atasan-wanita,FAME Blouse 9211581 Sky Blue,Rp149.900,149900.0
atasan-wanita,adidas Gym & Training PrimeLift Workout Cropped Boxy 3-stripes Tank Women White KE8050,Rp640.000,640000.0
atasan-wanita,EXECUTIVE V-Neck Short Sleeve Knit Shirt 5-PSKKCA126B074 Tobaco,Rp179.910,179910.0
atasan-wanita,EXECUTIVE Floral Embroidered Long Sleeve Blouse 5-BLWKSG225L036 Off White,Rp230.930,230930.0
atasan-wanita,EXECUTIVE Detachable Sleeveless Top 5-SLWKSG126B049 Lt. Beige,Rp224.910,224910.0
atasan-wanita,EXECUTIVE Button Details Boxy Top 5-TSKKCA225L061 Frosty Green,Rp139.930,139930.0
atasan-wanita,EXECUTIVE Oversized Colorblock Stripes Shirt 5+BLWKCA126B066 Soft Yellow,Rp206.910,206910.0
atasan-wanita,[MEIN][NEW SERIES] Tank Top Slim Fit Square Neck List 10082,Rp429.900,429900.0
atasan-wanita,EXECUTIVE Stripes Shirt with Floral Details 5-BLWKCA225L101 Frosty Green,Rp174.930,174930.0
atasan-wanita,EXECUTIVE Fitted Camisole with Bra Pad 5-TTKKCA225I007 Brown,Rp127.415,127415.0
atasan-wanita,Jakarta Pusat,Rp76.680,76680.0
atasan-wanita,Jakarta Timur,Rp68.699,68699.0
atasan-wanita,Jakarta Timur,Rp66.899,66899.0
atasan-wanita,"Kaos Baju Distro Murah Motif ""YOGA CAT"" Original Premium Tebal Unisex Katun 24S Cewe Cowo Pasangan Nyaman Atasan Keren Simple High Oblong Panjang Lembut Wanita Cewek Polos Pendek Pria Cowok",Rp68.699,68699.0
atasan-wanita,"Kaos Baju Distro Murah Motif ""YOU CAN DO IT!"" Original Premium Tebal Unisex Katun 24S Cewe Cowo Pasangan Nyaman Atasan Keren Simple High Oblong Panjang Lembut Wanita Cewek Polos Pendek Pria Cowok",Rp66.899,66899.0
atasan-wanita,Jakarta Pusat,Rp68.699,68699.0
atasan-wanita,Jakarta Pusat,Rp68.699,68699.0
atasan-wanita,Kaos Paris Katun Tee Kaos Terlaris Fashion Premium Kaos Terbaru Kaos Graphic Baju Korea Combed Dewasa,Rp54.000,54000.0
atasan-wanita,COTTON INSTYLE - Ariel Kemeja Oversize Wanita,Rp179.900,179900.0
atasan-wanita,Tunik Loose Fit Cardinal Girl L0047J11D,Rp119.000,119000.0
atasan-wanita,YERCYBRY - KEMEJA MICHIRU / Kemeja Two Tone / Kemeja Linen Baby Corduroy BW / Kemeja Blouse Serut / Kemeja Kekinian / Kemeja Corduroy / Kemeja Tali Serut Fit Panjang Atasan Tangan Merah,Rp179.900,179900.0
atasan-wanita,Chocochips - Kiva Top / Atasan Wanita Stylish Model Peplum Overlap Tali Pundak,Rp299.000,299000.0
atasan-wanita,Ninety Degrees Kaos Wanita Ava Cream 12744D4CM,Rp143.940,143940.0
atasan-wanita,Hush Puppies Kaos Wanita GELINE Red,Rp159.000,159000.0
atasan-wanita,Monstreet Kaos Katun Combed 24s Cotton Combed 24s Tshirt Reguler Fit Hitam Black Putih White - UTR44,Rp349.000,349000.0
atasan-wanita,Hush Puppies Blouse Wanita RY CHAIMA Blue LB30104BLU,Rp699.000,699000.0
atasan-wanita,Inner Lengan Panjang Renata Black,Rp159.000,159000.0
atasan-wanita,SIGNATURE Milva Blouse 701.51197.80 |Kemeja Wanita - Atasan Lengan Panjang,Rp149.970,149970.0
atasan-wanita,Third Day LTA38X s-s Lds Katakana 2lines box nv,Rp109.000,109000.0
atasan-wanita,Atasan kaos polos wanita Nyaman Oval Polos katun Premium XVLORE PLUS Combed Soft,Rp93.500,93500.0
atasan-wanita,Hosofshopaholic - TALITHA SHIRT - Atasan Wanita - Kemeja Bordir Wanita - Basic Shirt,Rp169.999,169999.0
atasan-wanita,duapola Bordir Strip Cotton Blouse 15022 - Blue,Rp99.000,99000.0
atasan-wanita,Third Day LTD71 Kl Simple Doest It Navy Kaos Casual Wanita,Rp109.000,109000.0
atasan-wanita,ATASAN//TANPA// LENGAN WANITA RUFFLE KORANS STYLE,Rp60.000,60000.0
atasan-wanita,Hadinata Batik Wanita Kebaya Charita Black,Rp399.000,399000.0
atasan-wanita,COTTONINK - Atasan Kemeja Wanita Velia #PreSpringCollection2026,Rp329.000,329000.0
atasan-wanita,ET CETERA Fancy Button Long Sleeve Blouse BLACK,Rp229.000,229000.0
atasan-wanita,Cardinal Kemeja Slim Fit Wanita D0247J11G,Rp149.000,149000.0
atasan-wanita,Cardinal Outer Loose Fit Wanita D0022D01A,Rp229.000,229000.0
atasan-wanita,Jakarta Pusat,Rp76.899,76899.0
atasan-wanita,Love Bonito - Atasan Wanita - Textured Plisse Front Tie Puff Sleeve Shell Top - Ivory,Rp709.000,709000.0
atasan-wanita,Shenelin Tank Top Wanita Noa Tops - Tanktop Wanita Korean Style Tank Top Cup Busa Nyaman,Rp199.000,199000.0
atasan-wanita,Houseofcuff Kaos Oversized T-shirt Wanita Unisex Tebal Cream Astronaut,Rp139.000,139000.0
atasan-wanita,M231 Jaket Kemeja Wanita Khaki 2783C,Rp124.000,124000.0
atasan-wanita,EXECUTIVE Notch Collar Short Sleeve Shirt 5-BSWKCA225K116 Dark Brown,Rp99.950,99950.0
atasan-wanita,Dama Kara Kinasih Top Inner Sleeveless,Rp129.000,129000.0
atasan-wanita,Sock Cuff Tunic OFF WHITE EVIDOT,Rp109.900,109900.0
atasan-wanita,Eclaire - Celica Top Normal Grande Midsize Bigsize Xtrasize | Atasan Katun Wanita Casual Korea Pastel S-L XL XXL,Rp216.450,216450.0
atasan-wanita,Executive Basic Cropped Cotton T-Shirt 5-TSKBSC573O018 Ice Blue,Rp71.910,71910.0
atasan-wanita,C2 Izzora Black Kemeja Casual Wanita,Rp300.900,300900.0
atasan-wanita,Myshawl Tifany Atasan Jumbo Salur Katun Shakilla Motif Kasual Kekinian Big Size Brukat Bunga Jumbo Kancing Muslim Wanita Panjang Arwen Payet Syakila Inner Brukat Bordir Resleting Belakang,Rp282.600,282600.0
atasan-wanita,Okechuku HANA Knit Crop Top Atasan Crop Rajut CropTop Rajut Gaya Korea,Rp49.900,49900.0
atasan-wanita,SIGNATURE Flowy Blouse 798.51681.51 |Kemeja Wanita - Atasan Lengan Panjang,Rp549.900,549900.0
atasan-wanita,VOLCOM - GCT STONE BLOOMY SHORT SLEEVE TEE BLACK,Rp139.000,139000.0
atasan-wanita,Love Bonito - Atasan Wanita - Striped Cotton Collared Puff Sleeve Button Down Top - Blue,Rp709.000,709000.0
atasan-wanita,Zalmore Crop Polo Shirt | LUMA Cotton Premium - Kaos Crop Top Wanita Lembut Sejuk Nyaman,Rp86.250,86250.0
atasan-wanita,adidas Lifestyle Essentials Logo Tee Women Black GL0722,Rp300.000,300000.0
atasan-wanita,DUST Blouse Askana Ethnic Navy Comfease (D.116502),Rp349.300,349300.0
atasan-wanita,VOLCOM GST PUFF DAISY BLACK,Rp127.000,127000.0
atasan-wanita,Houseofcuff Polo Shirt Knit Rajut Kaos Kerah Lengan Pendek Square Pattern All Color,Rp175.000,175000.0
atasan-wanita,This Is April Sydney Vest Rompi Atasan Rajut Wanita Tanpa Lengan Outer Motif Striped Outfit Santai Khaki,Rp249.000,249000.0
atasan-wanita,This Is April Kaelith Vest Atasan Rompi Katun Tanpa Lengan Wanita Smart Casual Kekinian Olive dan Navy,Rp289.000,289000.0
atasan-wanita,MINEOLA Baju Atasan Kemeja Wanita Katun Biru Santai Kerah Tangan Panjang,Rp122.010,122010.0
atasan-wanita,EXECUTIVE Basic Short Sleeve Boxy T-Shirt 5-TSKBSC5111O018 DARK RED,Rp71.910,71910.0
atasan-wanita,RHID - Tshirt Anime Naruto Shippuden Logo Itachi Cooton Combat 24s Unisex,Rp65.000,65000.0
atasan-wanita,Levi's® Women's Graphic Vintage Tee (005OY-0008),Rp359.910,359910.0
atasan-wanita,Levi's® Women's Dry Goods Waffle Cap-Sleeve Tee (003PW-0002),Rp269.940,269940.0
atasan-wanita,MINIMAL - Batya - Wrap Blouse – Light Green,Rp390.915,390915.0
atasan-wanita,Noir Sur Blanc Flora Lounge Shirt Long Sleeve Black / Maroon,Rp400.000,400000.0
atasan-wanita,DEUNHAE - BING SOO / Kaos Fashion Cewek Unik / T-shirt Korean Look Modern Stylish / Kaos Cotton Premium Nyaman / Atasan Casual Kekinian,Rp154.900,154900.0
atasan-wanita,Moria XF007 Blouse floral import lengan panjang size besar wanita atasan Korean style Atasan Blouse import korea wanita putih floral bunga lengan panjang chiffon Korean Style,Rp39.800,39800.0
atasan-wanita,Geulis.id HEXA SHIRT / KEMEJA PRINTED WANITA (3 warna),Rp310.800,310800.0
atasan-wanita,Geulis.id MIELE SHIRT / KEMEJA WANITA / PRINTED SHIRT (2 warna),Rp394.800,394800.0
atasan-wanita,EXECUTIVE Stripes Notch Collar Shirt 5-BSWKCA225L105 Frosty Green,Rp179.910,179910.0
atasan-wanita,Nevada Polymesh Kaos Oversize Wanita 123309223,Rp127.400,127400.0
atasan-wanita,Connexion V Neck Crinkle Buttersilk Blouse Wanita 123462521,Rp178.600,178600.0
atasan-wanita,Connexion Pleats With Elastic Kemeja Wanita 123347594,Rp199.900,199900.0
atasan-wanita,Connexion Basic Tanktop Wanita 123719718,Rp77.400,77400.0
atasan-wanita,Connexion Basic Linen Kemeja Wanita 123462496,Rp199.900,199900.0
atasan-wanita,X8 Shawnette Blouses - blouse wanita lengan pendek,Rp239.900,239900.0
atasan-wanita,X8 Asahy Blouse - Atasan Wanita,Rp89.975,89975.0
atasan-wanita,DUST Tunik Kiari Abstrak Cream Comfease (D.1621),Rp209.700,209700.0
atasan-wanita,No Pic Red Tee 12095P4RD - 10PM,Rp110.415,110415.0
atasan-wanita,VOLCOM GCT SPECTRE SHORT SLEEVE TEE BLACK,Rp127.000,127000.0
atasan-wanita,EXIT Senara Blouse |Kemeja Wanita - Atasan Lengan Panjang,Rp315.000,315000.0
atasan-wanita,COLORBOX Cap Sleeve Fitted T-Shirt I-TSKKEY226A164 NAVY,Rp99.900,99900.0
atasan-wanita,Hush Puppies Kaos Wanita CEMBER Navy,Rp331.300,331300.0
atasan-wanita,Isla Hyejin Top Basic - Atasan Basic - T-shirt Wanita Lengan Pendek - Baju Santai Wanita - Baju Kekinian Wanita,Rp69.900,69900.0
atasan-wanita,Isla Mavis Vest - Atasan Wanita - Outer - Rompi Wanita,Rp129.900,129900.0
atasan-wanita,Dama Kara Kaimana Top Blouse,Rp249.000,249000.0
atasan-wanita,Siselyo Mahda Mix Tops Kemeja Lengan Panjang Bigsize Kekinian Variasi Linen Kotak,Rp94.900,94900.0
atasan-wanita,Ordinair Kemeja Wanita Aleda Cream 2402435CM,Rp219.000,219000.0
atasan-wanita,Blouse Wanita / Moonlight Black Blouse 21217D8BK - Ninety Degrees,Rp139.000,139000.0
atasan-wanita,duapola Flower Strip Cotton Blouse 5022 - Green,Rp99.000,99000.0
atasan-wanita,duapola Flower Strip Cotton Blouse 5022 - Pink,Rp99.000,99000.0
atasan-wanita,White Mode Emily Blouses Wanita,Rp113.970,113970.0
atasan-wanita,LTA68Y s/s Lds Thrdy line Ver mr,Rp119.000,119000.0
atasan-wanita,Atasan kaos polos wanita Nyaman Oval Polos katun Premium XVLORE PLUS Combed Soft,Rp93.500,93500.0
atasan-wanita,White Mode Deja Blouses - XL - Katun,Rp89.900,89900.0
atasan-wanita,Third Day LTB36F crop white list simple does it blk,Rp99.000,99000.0
atasan-wanita,Ninety Degrees Kemeja Wanita Talva Cream 22630D5CM,Rp209.940,209940.0
atasan-wanita,LTE78 crop oversize tulisan WOMAN UP RCP putih,Rp105.000,105000.0
atasan-wanita,OCWA OVERSIZED JOSE BLACK LEATHER SHIRT WOMAN,Rp449.900,449900.0
atasan-wanita,Atasan Wanita Korea Katun 30s Santay Batch 1,Rp45.555,45555.0
atasan-wanita,SUNDAYROSE T-Shirt Boxy Fit Inspo Steel Blue,Rp108.000,108000.0
atasan-wanita,COLORBOX Square Neck Crop T-Shirt I-TSKBSC524O644 Off White,Rp99.900,99900.0
atasan-wanita,Monellina 90148 Baju Blouse Atasan XXL Jumbo Murah Wanita Kekinian,Rp55.000,55000.0
atasan-wanita,Lembayung Kebaya Atasan Wanita Rose Pink,Rp1.699.000,1699000.0
atasan-wanita,Missoofficial.id BJ1412 Tshirt Baju Lengan Panjang Atasan Wanita Kaos Polos Oblong Tee Oversize Basic Lembut Stretch Hitam Tangan Santai Pendek Putih Cewek,Rp37.630,37630.0
atasan-wanita,COLORBOX Puff Sleeve Graphic T-Shirt I-TSKKEY126C059 OFF WHITE,Rp99.900,99900.0
atasan-wanita,Kaos Oversize Heavyweight Cyfersia 16s Tebal Red Rose OSCC102,Rp160.985,160985.0
atasan-wanita,XVLORE | Kaos wanita Atasan lengan panjang bawahan oval polos REAL PICT nyaman katun combed [ BIRU TOSCA ] Distro Baju,Rp85.680,85680.0
atasan-wanita,COLORBOX Logo Detail Sleeveless Polo Top I-VEKKEY225H604 Multicolor,Rp139.950,139950.0
atasan-wanita,KAOSAYE - Wonderfull mind t-shirt (Pria & Wanita),Rp67.500,67500.0
atasan-wanita,ET CETERA Long Sleeve Printed Blouse LT. PINK,Rp229.000,229000.0
atasan-wanita,*Ready Stok* SISTER'S - Atasan Brukat Kombi Kaos C1511 (CAPZ),Rp489.000,489000.0
atasan-wanita,*Ready Stok* SISTER'S - Atasan Kaos C4940 (CAP),Rp425.000,425000.0
atasan-wanita,N2 Blouse - Blus Atasan Wanita Kaos 29756,Rp409.000,409000.0
atasan-wanita,*Ready Stok* N2 - Atasan Katun Kombi Kaos 28480,Rp505.000,505000.0
atasan-wanita,*Ready Stok* N2 - Atasan Katun Kombi Kaos 29726,Rp505.000,505000.0
atasan-wanita,SISTER'S Blouse - Blus Cheongsam Atasan Wanita Katun S245B (JS),Rp437.000,437000.0
atasan-wanita,N2 Blouse - Blus Atasan Wanita Katun 29778,Rp445.000,445000.0
atasan-wanita,*Ready Stok* SISTER'S - Atasan Katun Y9432 (ZE),Rp505.000,505000.0
atasan-wanita,N2 Blouse - Blus Atasan Wanita Katun Brukat Kombi Kaos 26854,Rp519.000,519000.0
atasan-wanita,SISTER'S Blouse - Kemeja Atasan Wanita Katun S236 (JS),Rp445.000,445000.0
atasan-wanita,*Ready Stok* SISTER'S - Atasan Katun Kombi Kaos Y6315 (ZE),Rp478.000,478000.0
atasan-wanita,*Ready Stok* SISTER'S - Atasan Brukat Kombi Kaos S3742 (JS),Rp547.000,547000.0
atasan-wanita,Monellina 601415 Kaos Crop Body Fit Wanita Lengan Panjang Boat Neck,Rp65.000,65000.0
atasan-wanita,KAOSAYE - Kaos Chill Out With You T-shirt (Pria & Wanita),Rp67.500,67500.0
atasan-wanita,Crop Top Oversize Make Today Great Baju Top Atasan Tee Murah Katun Sablon Kaos Wanita Combed Pendek Tshirt Polos,Rp54.000,54000.0
atasan-wanita,Aerostreet The Angels Kaos Wanita Oversize Ivory T-shirt Cewek Women Casual Cotton Combed Adem Tidak Panas,Rp74.900,74900.0
atasan-wanita,Crop Atasan Groovy Baju Oversize Crop Top Original Top Terlaris Katun Dewasa Katun Kaos Wanita Combed Pendek Polos Tee,Rp54.000,54000.0
atasan-wanita,Aerostreet T Shirt Oversize Crop Top Optimistic Baby Blue Woman 1C001,Rp74.900,74900.0
atasan-wanita,Kaos Custom Foto Bucin Streetwear Pria Wanita | Design 56 - 59,Rp78.800,78800.0
atasan-wanita,OOTDSUPPLY Croptee Fit Athletica | Croptee Slimfit | Atasan Wanita | Kaos Crop CSF018,Rp79.000,79000.0
atasan-wanita,EXECUTIVE Balloon Sleeves Loose Blouse 5-BLWKCA225K109 Beige,Rp103.455,103455.0
atasan-wanita,Lausboutique-Inner Viscose Beading-Seri 1,Rp285.000,285000.0
atasan-wanita,COLORBOX Contrast Details Short Sleeve Knit Top I-TSGKEY126C013 GREY,Rp179.900,179900.0
atasan-wanita,EXECUTIVE Oversized Rib T-Shirt 5-TSKKCA225I065 Black,Rp129.900,129900.0
atasan-wanita,SINGLET TANKTOP TANK TOP VECTORLABS ALLSIZE ALL SIZE,Rp45.000,45000.0
atasan-wanita,EXECUTIVE Standing Collar Slim Fit Vest 5-VEWKSG225J064 Off White,Rp174.950,174950.0
atasan-wanita,EXECUTIVE Oversized Short Sleeve Shirt 5-BSWKCA226A051 Lt. Beige,Rp249.900,249900.0
atasan-wanita,EXECUTIVE Curved Detail Short Sleeve Shirt 5-BSWCAS225J004 Beige,Rp139.950,139950.0
atasan-wanita,"Cyfersia Kaos Oversize Heavyweight Full Katun 16s Tebal, Anti Gerah Menyerap Keringat Tampil Stylish OSCF508 CF",Rp160.985,160985.0
atasan-wanita,OOTDSUPPLY Oversize Polo Crop Shirt Enthusiast Club Dark Army l Polo Crop Pria dan Wanita OVZ-CPS005,Rp95.000,95000.0
atasan-wanita,COLORBOX Basic Short Sleeve Loose T-Shirt I-TSKBSC5021438 LT. GREY,Rp69.900,69900.0
atasan-wanita,COLORBOX Textured Long Sleeve Stretch Top I-BLGFCR225G010 Off White,Rp149.950,149950.0
atasan-wanita,COLORBOX Textured Long Sleeve Knit Top I-TLKKEY225L256-OFF WHITE,Rp125.930,125930.0
atasan-wanita,Jakarta Pusat,Rp68.699,68699.0
atasan-wanita,Jakarta Pusat,Rp68.699,68699.0
atasan-wanita,"YONTIK Kaos Distro Motif ""TV PASSIONATE"" Unisex Katun 24S Cewe Cowo Basic Style Crew Neck High Nyaman Pasangan Pria Wanita Kerah Lembut Atasan Cewek Keren Combed Dewasa Hitam Cowok",Rp68.899,68899.0
atasan-wanita,"Kaos Digital Printing Motif Bordir Cute Doll Daisy Lengan Pendek Regular Korean Style | Bahan Cotton - Putih C1711, M",Rp64.800,64800.0
atasan-wanita,FAME - Atasan Wanita Lengan Panjang Kerah Ruffle Broken White - 9211731,Rp199.900,199900.0
atasan-wanita,EXP Ijera Blouse 002.51159SH.73 Kemeja Blouse |Kemeja Wanita - Atasan Lengan Pendek,Rp134.970,134970.0
atasan-wanita,Monellina 50162 Kemeja Oversize Wanita Lengan Panjang Garis - MD,Rp105.000,105000.0
atasan-wanita,Geulis.id HENRIANA SHIRT / KEMEJA STRIPES WANITA,Rp401.350,401350.0
atasan-wanita,Cardinal Kemeja Loose Fit Wanita D0269J06E,Rp174.500,174500.0
atasan-wanita,Kaos Distro Premium Bear | Kaos Beruang - Baju Atasan Sablon Pria Wanita,Rp120.000,120000.0
atasan-wanita,duapola Flower Strip Cotton Blouse 5022 - Green,Rp99.000,99000.0
atasan-wanita,duapola Flower Strip Cotton Blouse 5022 - Pink,Rp99.000,99000.0
atasan-wanita,White Mode Emily Blouses Wanita,Rp113.970,113970.0
atasan-wanita,LTA68Y s/s Lds Thrdy line Ver mr,Rp119.000,119000.0
atasan-wanita,Atasan kaos polos wanita Nyaman Oval Polos katun Premium XVLORE PLUS Combed Soft,Rp93.500,93500.0
atasan-wanita,"kaos crop oversize ""shine"" putih LTG74 pink LTG75 navy LTG76 hitam LTG77",Rp125.000,125000.0
atasan-wanita,C2 Onaifa Ecru T-Shirt Wanita,Rp262.425,262425.0
atasan-wanita,Hi VABA Oversized Purple flame Tshirt | Kaos Streetwear Unisex Tee Combed Pria Wanita Baju Distro Printing Polos Band Panjang Vintage Tangan Pendek,Rp105.000,105000.0
atasan-wanita,EXIT Iyera Blouse 112.51975.41 |Kemeja Wanita - Atasan Lengan Panjang,Rp245.000,245000.0
atasan-wanita,Hush Puppies Hotty Ts Wanita,Rp207.450,207450.0
atasan-wanita,3Mongkis - Atasan Wanita Sandy Top,Rp395.000,395000.0
atasan-wanita,EXIT – Izkha | Baju Lebaran Wanita Casual,Rp315.000,315000.0
atasan-wanita,OCWA OVERSIZED TEE BAD B*TCH CLUB PINK,Rp199.900,199900.0
atasan-wanita,MORNINGSOL Globb Top | Atasan Wanita,Rp299.900,299900.0
atasan-wanita,"Kaos Baju Distro Murah Motif ""I DON'T CARE CAT"" Original Premium Tebal Unisex Katun 24S Cewe Cowo Pasangan Nyaman Atasan Keren Simple High Oblong Panjang Lembut Wanita Cewek Polos Cowok Oversize",Rp66.899,66899.0
atasan-wanita,Mayonette Athene Top - Baju Atasan Wanita Terbaru Blouse Korean Style,Rp268.000,268000.0
atasan-wanita,Gaizka - NIRMALA SHIRT Motif - Atasan Wanita Jumbo - Atasan Jumbo - Kemeja Wanita Big Size blouse katun blouse raya series baju erika carlina rayon blouse batik kemeja santri putri polos kemeja vest blouse pita Panjang Linen Kain Navy Hitam,Rp150.000,150000.0
atasan-wanita,"BISALO - 213 Kaos Pria Wanita motif "" SILENCE "" Digital Printing Kaos Distro Katun Combed 24s",Rp125.000,125000.0
atasan-wanita,FAME - Blouse Wanita Satin Lengan Panjang Detail Pita Kerah Multicolor Print - 9211383,Rp129.900,129900.0
atasan-wanita,Cardinal Kemeja Loose Fit Wanita G1120D07D,Rp179.000,179000.0
atasan-wanita,Hush Puppies Aloe Polo Wanita,Rp317.450,317450.0
atasan-wanita,Kaos Distro Premium Cat Lucu Bahasa Korea - Baju Atasan Sablon Pria Wanita,Rp120.000,120000.0
atasan-wanita,Geulis.id ASTORIA SHIRT / KEMEJA WANITA,Rp358.800,358800.0
atasan-wanita,Kami Lyxa Loose Top Atasan Lengan Panjang Wanita,Rp629.000,629000.0
atasan-wanita,LLACES Clothing - Blouse Wanita - Basic Tee Blouse with Crystal - Black,Rp209.970,209970.0
atasan-wanita,3Mongkis - Atasan Outer Wanita Frankie Outer,Rp849.000,849000.0
atasan-wanita,Monellina 601348 Blouse Oversize Wanita Lengan Panjang,Rp110.000,110000.0
atasan-wanita,napocut Apparel - Fitria Top - Blouse/Atasan Wanita Motif Bunga Premium,Rp395.000,395000.0
atasan-wanita,HIA EveryWear Devonee Long Top Atasan Wanita Hacktiv Fabric Dusty Pink,Rp170.400,170400.0
atasan-wanita,KAOSAYE - Dont Panic T-shirt (Pria & Wanita),Rp67.500,67500.0
atasan-wanita,Tulip Leora Spaghetti Strap Tank Top Bra - TLI-9230,Rp126.000,126000.0
atasan-wanita,Love Bonito - Atasan Wanita - Jersey Asymmetric Cut Out Mock Neck Top - Black,Rp579.000,579000.0
atasan-wanita,BLUELINE by LittleX8 Regga T-Shirt,Rp59.950,59950.0
atasan-wanita,Hi VABA Oversized Stay Brave Tshirt | Kaos Streetwear Unisex Tee Combed Pria Wanita Baju Distro Panjang Printing,Rp105.000,105000.0
atasan-wanita,Giordano (Online Exclusive) Korea Collection Sleeveless Tee Wanita [0532555904],Rp179.000,179000.0
atasan-wanita,Chocochips - Cavelle Top / Atasan Wanita Tanpa Lengan Kerah Kemeja Bordir Model Kasual,Rp365.000,365000.0
atasan-wanita,Love Bonito - Atasan Wanita - Buckle Detail Knit Toga Fitted Top - Strawberry Gelato,Rp509.000,509000.0
atasan-wanita,Hush Puppies Kaos Polo Wanita CORDELLA POLO Light Blue,Rp239.500,239500.0
atasan-wanita,"Mounsea Women's two-piece swimsuit with round neck and tank top, sporty style, perfect for hot springs, includes safety rope.",Rp420.000,420000.0
atasan-wanita,C2 Fritzi Yellow Basic Blouse Wanita,Rp139.900,139900.0
atasan-wanita,"Kaos Oversize Gym Scuba Bahan Tebal ""lift heavy pray hard"" hitam MTU81 Putih MTU82 Khaki MTU83 Navy MTU84",Rp185.000,185000.0
atasan-wanita,Hush Puppies Blouse Wanita RAELLYN Beige LB28413BG,Rp309.500,309500.0
atasan-wanita,Geulis.id AERIS SHIRT / KEMEJA WANITA (2 warna),Rp192.360,192360.0
atasan-wanita,[Anniversary Picks] Atasan Wanita Halter Crop Lengan Panjang Hijau Army 609B - MEIN,Rp219.900,219900.0
atasan-wanita,Geulis.id AIREL TUNIC / TUNIC WANITA (2 warna),Rp399.000,399000.0
atasan-wanita,Chocochips - Wanda Top / Atasan Lengan Pendek Kancing Depan Model Kerah Notched,Rp365.000,365000.0
atasan-wanita,Geela Official - Tatum Flower Pink Shirt (G.11664) | Kemeja Wanita,Rp224.950,224950.0
atasan-wanita,Cyfersia T Shirt Ringer Kartun Kucing Lucu The Whiskers Nyaman Dipakai RCF106,Rp125.015,125015.0
atasan-wanita,Find Your Fit |Olyra Blouse,Rp315.000,315000.0
atasan-wanita,Monellina 601402 Kemeja Flanel Crop Wanita Lengan Panjang,Rp105.000,105000.0
atasan-wanita,Aerostreet Millie Kaos Tanpa Lengan Wanita Perfect Fit Cotton Cloud Sage Fitted T-shirt Sleeveless Women Casual Cotton Premium Basic Minimalis Lembut Nyaman 1B500,Rp89.900,89900.0
atasan-wanita,Aerostreet Mizy Kaos Wanita Crop Top Cotton Cloud Dark Grey T-shirt Cewek Women Casual Cotton Premium Basic Minimalis Lembut Nyaman 1B200,Rp99.900,99900.0
atasan-wanita,ONYCHA - Oversized Shirt In White,Rp429.000,429000.0
atasan-wanita,[Anniversary Picks][MEIN] Urban Rompi Wanita Atasan Sexy Wanita Putih Top Cewek Tank Crop Dewasa 31 Panjang,Rp159.900,159900.0
atasan-wanita,[Anniversary Picks][MEIN] Urban Wanita Warna Polos Kemeja Ramping Atasan Baju Katun Panjang Top Cewek Crop Shakila Dewasa Casual Linen 22 Remaja,Rp179.900,179900.0
atasan-wanita,Popsicles Tshirt Boxy fit Oversize Sweet Memories White I Kaos Boxyfit Tee Unisex Printing Baju,Rp105.000,105000.0
atasan-wanita,Chocochips - Hepburn Top / Atasan Tanpa Lengan Wanita / Atasan Casual Wanita,Rp325.000,325000.0
atasan-wanita,Biiu Kaos Manset Turtleneck Lengan Panjang Jersey Polos Premium,Rp84.445,84445.0
atasan-wanita,Geulis.id PENELOPE TUNIC / PRINTED TUNIC / TUNIC WANITA (3 warna),Rp394.800,394800.0
atasan-wanita,Love Bonito - Atasan Wanita - Ming Side Elastic Mandarin Collar Blouse - Navy Blue,Rp709.000,709000.0
atasan-wanita,FAME Blouse 9221528 Broken White,Rp329.800,329800.0
atasan-wanita,"BISALO - 220 Baju Pria Wanita motif "" MESIN TEMPUR "" Digital Printing Kaos Distro Katun Combed 24s Baju Baju",Rp155.000,155000.0
atasan-wanita,Kaos CapyBara CNY Kaos Lebaran Imlek Baju Katun Tee kaos Fashion Terlaris Kaos Premium Atasan Korea Kaos Terbaru Combed Dewasa,Rp54.000,54000.0
atasan-wanita,Monellina 601380 Kemeja Oversize Wanita Lengan Panjang,Rp125.000,125000.0
atasan-wanita,Kutang Kerut Ombak Laut Biru,Rp750.000,750000.0
atasan-wanita,White Mode I Lintang Blouses,Rp139.960,139960.0
atasan-wanita,LTA68Y s/s Lds Thrdy line Ver mr,Rp119.000,119000.0
atasan-wanita,MINIMAL - Mahnoor - Gamis Motif Paisley - Black,Rp579.942,579942.0
atasan-wanita,duapola Flower Strip Cotton Blouse 5022 - Green,Rp99.000,99000.0
atasan-wanita,Skelly Kaos Lengan Pendek Wanita Special CNY Tiger Tee Red,Rp288.000,288000.0
atasan-wanita,Koze - Diversity Collection - Long Sleeve Premium Comfort Premium Combed 30S Soft Pink,Rp100.000,100000.0
atasan-wanita,Baju Santai Garam Laut Maroon,Rp1.650.000,1650000.0
atasan-wanita,OE Oemah Etnik x Wilsen Willim - Black Sorewa Batik Rayon Corset,Rp1.089.000,1089000.0
atasan-wanita,Kaos Boru Batak - Premium T-shirt Boru Ni Raja Onanzoe Baju Batak Atasan Wanita & Pria Casual Motif Dewasa,Rp130.000,130000.0
atasan-wanita,Loony - Little Things - Shortsleeve T-Shirt,Rp174.999,174999.0
atasan-wanita,EXPAND Celestya 015.51306.80 |Kemeja Wanita - Atasan Lengan Panjang,Rp315.000,315000.0
atasan-wanita,EXT Alice Blouse 114.51648SH.31 |Kemeja Wanita - Atasan Lengan Panjang,Rp164.970,164970.0
atasan-wanita,Jakarta Timur,Rp66.899,66899.0
atasan-wanita,Hush Puppies Kaos Wanita DENCIA Navy LA28397NV,Rp189.500,189500.0
atasan-wanita,Shenelin - Baju Atasan Wanita Tank Top Wanita Korean Style Backless Tank Top Cup Busa - Essy Tops,Rp199.000,199000.0
atasan-wanita,LLACES Clothing - Blouse Wanita - Hannah Flowy Top - Hitam,Rp149.970,149970.0
atasan-wanita,SISTER'S Blouse - Kemeja Atasan Wanita Katun Bordir Brukat Y9535 (ZE),Rp493.000,493000.0
atasan-wanita,Moria XF003 Blouse Bunga Bunga Kemeja Sifon Atasan Longgar Lengan Panjang Wanita Kemeja Bunga Bunga,Rp89.800,89800.0
atasan-wanita,Hush Puppies Kaos Polo Wanita Derary Polo Light Pink,Rp331.300,331300.0
atasan-wanita,Hi VABA Oversized Believe Tshirt | Kaos Streetwear Unisex Tee Combed Pria Baju Distro Printing Oversize Wanita Panjang,Rp105.000,105000.0
atasan-wanita,Kami Effie Paneled Top Atasan Lengan Panjang Wanita,Rp629.000,629000.0
atasan-wanita,Cotton Code long sleeve top Greta Slim Fit,Rp99.000,99000.0
atasan-wanita,FAME - Blouse Wanita Lengan Panjang Putih - 9211607,Rp179.900,179900.0
atasan-wanita,Michael's Collection - Blouse Yoori,Rp99.000,99000.0
atasan-wanita,DUST Blouse Hanami Ethnic Hijau Comfease (D.116497),Rp349.300,349300.0
atasan-wanita,"Crop Tees Heavy Cotton Ratu Nyi Roro Kidul Hanya warna HItam, Fit S to XL. Voice of Jogja Kaos Katun",Rp170.000,170000.0
atasan-wanita,MCB Kaos Crop Oversize Jenna Black White 0501122-02122,Rp129.950,129950.0
atasan-wanita,You’ve ( YouHave ) Tanktop Tank top Lace Bustier Brukat Premium Wanita Crop Top Tangtop Kawat Brokat Brallette Busa tipis Wanita 700035 Pita Bh,Rp280.120,280120.0
atasan-wanita,Ninety Degrees Kaos Wanita Chump Blue 12676D4BL,Rp107.940,107940.0
atasan-wanita,CARDINAL GIRL KEMEJA 38 (ABU-ABU),Rp99.000,99000.0
atasan-wanita,Logo Jeans Kaos Wanita Dzafina Brown 12795L4BW,Rp129.000,129000.0
atasan-wanita,Ninety Degrees Kaos Wanita Sunny Yellow 12750D4YL,Rp143.940,143940.0
atasan-wanita,Logo Jeans Bad Channel Black Tee 12599L4BK,Rp69.000,69000.0
atasan-wanita,Ninety Degrees Kaos Wanita Aria Sage 12739D4SA,Rp143.940,143940.0
atasan-wanita,Monellina 601311 Kemeja Wanita Lengan Panjang,Rp100.000,100000.0
atasan-wanita,Chocochips - Cassandra Top | Dolores Pants / Atasan Wanita Tanpa Lengan Kancing Depan V-Neck Model Kasual / Celana Panjang Wanita Potongan Lurus Model Kasual,Rp365.000,365000.0
atasan-wanita,Hush Puppies Kaos Polo Wanita Smiler Polo Blue,Rp401.300,401300.0
atasan-wanita,Hush Puppies Kaos Polo Wanita Ardyne Polo Camel,Rp239.500,239500.0
atasan-wanita,Greenlight Shirt Dress Basic With Belt Wanita Kemeja Panjang 130423,Rp187.600,187600.0
atasan-wanita,Chocochips - Artika Top / Atasan Lengan Pendek Kerah Mandarin / Lunar Collection,Rp325.000,325000.0
atasan-wanita,EXPAND Pamella Blouse |Kemeja Wanita - Atasan Lengan Panjang,Rp315.000,315000.0
atasan-wanita,Hush Puppies Kemeja Wanita Paulina Green,Rp359.500,359500.0
atasan-wanita,EXIT Rona Serasi – Seruni Series | Baju Lebaran Matchy Wanita & Anak,Rp434.000,434000.0
atasan-wanita,This Is April Ririna Top Atasan Wanita Kekinian Baju Kemeja Wanita Lengan Panjang Sheer Red,Rp259.000,259000.0
atasan-wanita,COLORBOX Care Bears Fitted Graphic Crop T-Shirt I-TSKCRB225J403-LT. GREY,Rp90.930,90930.0
atasan-wanita,SOLO RABBIT ALIEN SHORT SLEEVE T-SHIRT LIGHT GREEN,Rp664.300,664300.0
atasan-wanita,Geulis.id AGARASTA SHIRT / KEMEJA WANITA / SARIMBIT LEBARAN / BAJU LEBARAN / SAMASTA SERIES,Rp549.000,549000.0
atasan-wanita,Aerostreet T Shirt Boxy Goodness Midnight Blue Woman 1C000,Rp74.900,74900.0
atasan-wanita,Hush Puppies Kaos Polo Wanita Polyn Ss Polo Sage,Rp239.500,239500.0
atasan-wanita,EVONNE Sheilla Blouse Kemeja Fitted Mewah Wanita Top Cotton Shirt Blouse,Rp129.999,129999.0
atasan-wanita,Kyyn Navy Tee 12692L4NA - Logo Jeans,Rp139.000,139000.0
atasan-wanita,Ixora Diya Oversized Shirt - Kemeja Wanita Oversized Blouse Berkancing,Rp159.000,159000.0
atasan-wanita,Kab. Tangerang,Rp105.000,105000.0
atasan-wanita,Ninety Degrees Ellen Offwhite Blue Shirt 22632D9OE,Rp209.940,209940.0
atasan-wanita,Ninety Degrees Coffee Mint Tee 12714D4MT,Rp119.940,119940.0
atasan-wanita,Rip Curl Women Stevie Cord Shirt - Dusty Rose,Rp549.000,549000.0
atasan-wanita,Cotton Inch - Alpha Kaos Oblong Polos Oversize Wanita Basic Tshirt,Rp139.900,139900.0
atasan-wanita,Signature Julietta Blouse |Kemeja Wanita - Atasan Lengan Panjang,Rp294.000,294000.0
atasan-wanita,This Is April Krystal Top Kemeja Wanita Lengan Panjang Neckline Klasik White dan Brown (RESTOCK),Rp329.000,329000.0
atasan-wanita,EXT Iweza 2 in 1 Blouse 113.51828SHTO.15 |Kemeja Wanita - Atasan Lengan Panjang,Rp197.970,197970.0
atasan-wanita,SIGNATURE Viana Blouse |Kemeja Wanita - Atasan Lengan Panjang,Rp280.000,280000.0
atasan-wanita,Monellina 601363 Blouse Oversize Wanita Lengan Panjang,Rp105.000,105000.0
atasan-wanita,Geulis.id DUVIEN TUNIC / TUNIC WANITA (2 warna),Rp514.800,514800.0
atasan-wanita,Atasan Kotak Linen Kunyit - Ombak Laut Indigo,Rp1.500.000,1500000.0
atasan-wanita,Geulis.id DARASYA SET TUNIC / TUNIC WANITA / SARIMBIT LEBARAN / BAJU LEBARAN (4 warna),Rp745.000,745000.0
atasan-wanita,White Mode Lucia Blouse - Blouse Wanita,Rp65.000,65000.0
atasan-wanita,Third Day LTA38X s-s Lds Katakana 2lines box nv,Rp109.000,109000.0
atasan-wanita,duapola Bordir Strip Cotton Blouse 15022 - Blue,Rp99.000,99000.0
atasan-wanita,MINIMAL - Mahnoor - Gamis Motif Paisley - Black,Rp579.942,579942.0
atasan-wanita,White Mode Emily Blouses Wanita,Rp113.970,113970.0
atasan-wanita,This Is April Lirien Top Baju Outer Katun Atasan Wanita Tanpa Lengan Soft Casual Minimalist Style Dark Brown,Rp249.000,249000.0
atasan-wanita,Kaos Wanita - Bobo Tokyo - Maui Border Stripe Tee,Rp296.010,296010.0
atasan-wanita,Urban Exchange Lyla Green Stripe Shirt - Atasan Stripe Lengan Panjang,Rp229.000,229000.0
atasan-wanita,KAOSBRO - Kaos Kemerdekaan Hut 79 Republik Indonesia - Cotton Combed 30s - Anak sampai Dewasa,Rp62.413,62413.0
atasan-wanita,COTTONINK - Atasan Kemeja Wanita Aruna Puspa #ArchipelagoSemilir,Rp349.000,349000.0
atasan-wanita,Kemeja Loose Fit Wanita Cardinal G0872J06H,Rp129.000,129000.0
atasan-wanita,3Mongkis - Qais Knit Shirt,Rp395.000,395000.0
atasan-wanita,Cardinal Kemeja Loose Fit Wanita G1185J08A,Rp159.000,159000.0
atasan-wanita,Gaizka - RIZUKA BLOUSE - Ukuran S M L XL XXL 3XL 5L - Atasan Wanita Jumbo - Blouse Jumbo embroidery blouse blouse pita blouse katun blouse raya series blouse batik kara kemeja salur kemeja vest korean style Baju Panjang Motif Hitam Kerja,Rp150.000,150000.0
atasan-wanita,Monellina 601282 Kemeja Wanita Lengan Panjang,Rp105.000,105000.0
atasan-wanita,Tinctori - Shibori Abstract Summer Shirts,Rp553.000,553000.0
atasan-wanita,Kaos Lengan Pendek Wanita Campfire Arei Outdoorgear,Rp129.000,129000.0
atasan-wanita,Monstreet Kaos Katun Combed 24s Cotton Combed 24s Tshirt Reguler Fit Hitam Black Putih White - UTR49,Rp59.000,59000.0
atasan-wanita,Kemeja Basic Polos Slim Fitted Wanita | Basic Slim Fitted Shirt 62002,Rp149.000,149000.0
atasan-wanita,3Mongkis - Atasan Wanita Belvia Shirt,Rp399.000,399000.0
atasan-wanita,Love Bonito - Atasan Wanita - RuchedReady Ily Notch Collar Blouse - Clay,Rp759.000,759000.0
atasan-wanita,Geulis.id CORDELIA BLOUSE / BLOUSE WANITA,Rp320.850,320850.0
atasan-wanita,Eclaire - Bethany Top Normal Grande Bigsize Xtrasize | Atasan Tweed Wanita Casual Korea S-L-XL-XXL Jumbo,Rp179.250,179250.0
atasan-wanita,[ ECLAIRE ] Dawn Basic Tank Top Inner - Atasan Tangan Buntung Wanita Tanktop,Rp157.500,157500.0
atasan-wanita,MOC Women By Minimal Marcia-Black Blouse,Rp109.900,109900.0
atasan-wanita,Levi's® Women's Teodora Western Shirt (A7244-0075),Rp799.900,799900.0
atasan-wanita,COTTONINK - Atasan Kemeja Wanita Kalena #SummerCollection2025 #BestSelling,Rp379.000,379000.0
atasan-wanita,"LTF40 kaos lengan panjang wanita LV ""teddy bear katakana"" hitam",Rp139.000,139000.0
atasan-wanita,LTF38 kaos oversize wanita dark grey washed distressed cracked face,Rp139.000,139000.0
atasan-wanita,COLORBOX Short Sleeve Graphic T-Shirt I-TSKBBT225H313 Dark Brown,Rp79.900,79900.0
atasan-wanita,Giordano (Online Exclusive) Korea Collection Sleeveless Tee Wanita [0539552201],Rp199.500,199500.0
atasan-wanita,OOTDSUPPLY Croptee Stellar 3rd Colors | Croptee Oversize Wanita CT029,Rp89.000,89000.0
atasan-wanita,Xvlore | FST | Kaos atasan wanita PREMIUM lengan panjang motif TALI PITA kekinian REAL PIC-T Sablon DistroKualitas internasional,Rp89.250,89250.0
atasan-wanita,Jakarta Utara,Rp56.000,56000.0
atasan-wanita,Kaos wanita PREMIUM lengan panjang REAL PICT Sablon Distro,Rp87.500,87500.0
atasan-wanita,Polini - Tanktop Bra Fashion Wanita Singlet Atasan Perempuan Sexy Korean Style Polini 866,Rp82.199,82199.0
atasan-wanita,Monellina 06222 Baju Blouse Atasan XXL Jumbo Murah Wanita Kekinian,Rp65.000,65000.0
atasan-wanita,HEARTNESS Kaos Oversize Pria Wanita Blackpink Putih Katun Combed 24s,Rp119.000,119000.0
atasan-wanita,White Mode Kathy Blouses Wanita,Rp50.000,50000.0
atasan-wanita,XVLORE | Kaos wanita Atasan lengan panjang bawahan oval polos REAL PICT nyaman katun combed [ MERAH CABE ] Sepecial Kemerdekaan Indonesia 17 Agustus Merah Putih,Rp84.000,84000.0
atasan-wanita,COLORBOX Short Sleeve Graphic T-Shirt I-TSKBBT225H309 Navy,Rp79.900,79900.0
atasan-wanita,White Mode Ciara Blouses Pink,Rp45.000,45000.0
atasan-wanita,SWEPO T-Shirt Crop Oversized M-XXL Combed Polos,Rp62.500,62500.0
atasan-wanita,MamaBear T-Shirt Cantik Pink - Kaos Baju Pakaian Cantik,Rp150.000,150000.0
atasan-wanita,Suko Round Neck Kerah Bulat Lengan Pendek Kaos Wanita 117715368,Rp79.000,79000.0
atasan-wanita,Suko Knit Top Rajut Cap Sleeve Collar Lengan Pendek Blouse Wanita 122386366,Rp99.000,99000.0
atasan-wanita,Minimal - Anya - Kemeja Rayon Lengan Pendek - Purple Light - Earthly Allure Collection,Rp213.395,213395.0
atasan-wanita,Minimal x Emily in Paris - Margot Tshirt Wanita - Motif Graphic - Warna White / Putih,Rp104.965,104965.0
atasan-wanita,MINIMAL - Anelle - Kemeja Flanel Wanita Motif Kotak - White - Earthly Allure Collection,Rp349.103,349103.0
atasan-wanita,EXECUTIVE Short Sleeve Embroidered Blouse 5-BSWKSG225L023 Olive,Rp174.930,174930.0
atasan-wanita,Giordano Women's (Online Exclusive) Beau Monde Print Tee 1339520425,Rp119.600,119600.0
atasan-wanita,"TONIQUE Kaos Wanita 24S Katun Combed Grafis Reguler Fit Hitam, Putih, Biru, Hijau, Lavender Tshirt POISE 01/02/03/04 Cotton Combed 24S Graphic Tshirt Regular Fit Black White Tshirt",Rp89.000,89000.0
atasan-wanita,TONIQUE Wanita Kaos Katun Combed 24s Hitam CAROL Womens Cotton Combed 24s Graphic Tshirt Black Soft Tee,Rp89.000,89000.0
atasan-wanita,EVONNE Alice Kemeja Stripe Mewah Wanita Top Blouse Atasan Wanita Elegan Lembut Simple,Rp155.000,155000.0
atasan-wanita,Logo Jeans Kemeja Wanita Margin 23A75L5LA,Rp269.000,269000.0
atasan-wanita,Geulis.id ELORA BLOUSE / PRINTED BLOUSE / ATASAN WANITA (2 warna),Rp478.800,478800.0
atasan-wanita,Noir Sur Blanc Popy M Neck Bluemel,Rp250.000,250000.0
atasan-wanita,Noir Sur Blanc Flora Lounge Shirt Long Sleeve Navy,Rp400.000,400000.0
atasan-wanita,Geulis.id KAZUHA SHIRT / KEMEJA WANITA (2 warna),Rp414.058,414058.0
atasan-wanita,VALINO LADIES BLOUSE LONG SLEEVE RUFFLE PUTIH - D-EAGB22-A5,Rp224.925,224925.0
atasan-wanita,"CASSKorea Style ""Kucing Lucu"" Print Kaos Kasual Wanita Baju Atasan Fashion Korean Style Bahan Cotton Combed Sablon DTF Digital Jahitan Kualitas Pabrik",Rp98.000,98000.0
atasan-wanita,Fleura Floral Embroidery Sleeveless Atasan Top Vest Wanita Elegant Motif Bunga Tanpa Lengan Light Denim – 10150200,Rp349.000,349000.0
atasan-wanita,C2 Grasse Green Kemeja Casual Wanita,Rp321.000,321000.0
atasan-wanita,Connexion Rib Style Kaos Wanita 123705107,Rp129.900,129900.0
atasan-wanita,The Executive Regular Fit Round Neck T-shirt 5-TSKBSC503O013 Khaki,Rp89.910,89910.0
atasan-wanita,Ixora Saara Oversized Shirt - Kemeja Wanita Oversize Lengan Panjang Baju Katun Rayon Abstrak,Rp118.000,118000.0
atasan-wanita,White Mode Deja Blouses - XL - Katun,Rp89.900,89900.0
atasan-wanita,Atasan kaos polos wanita Nyaman Oval Polos katun Premium XVLORE PLUS Combed Soft,Rp93.500,93500.0
atasan-wanita,Hosofshopaholic - TALITHA SHIRT - Atasan Wanita - Kemeja Bordir Wanita - Basic Shirt,Rp169.999,169999.0
atasan-wanita,Skelly Kaos Lengan Pendek Wanita Special CNY Tiger Tee Red,Rp288.000,288000.0
atasan-wanita,X8 Ryana Blouse,Rp171.960,171960.0
atasan-wanita,X8 Deliza Blouse,Rp79.176,79176.0
atasan-wanita,Baju Kaos Distro Unisex Lengan Pendek Terlaris Print Point Eight Bahan Pe 24s Lembut Wanita Atasan Oblong Tshirt,Rp37.441,37441.0
atasan-wanita,You’ve Tanktop Lace Bustier BrukatKawat Premium CropTopWanita 700035,Rp280.120,280120.0
atasan-wanita,Surfer Girl It's Okay To Do Nothing Crop Tee 251LTTP001NVY | Crop Tee | Tank Top | Atasan Perempuan | Atasan Olahraga | Atasan Baju Pendek | Baju Perempuan | Baju Olahraga | Baju Tennis | Tank Top Wanita | Tank Top Perempuan,Rp259.200,259200.0
atasan-wanita,GERALD TOP - KASA - COTTON TREE - KEMEJA WANITA,Rp329.000,329000.0
atasan-wanita,Mississippi Cap Sleeve T-Shirt Kaos Wanita Lengan Pendek LIN000715M Offwhite,Rp195.000,195000.0
atasan-wanita,Baju Panjang Tumbuh Jeda Hijau,Rp2.250.000,2250000.0
atasan-wanita,Blouse Wanita - Bobo Tokyo - Anala Lace Shirt,Rp749.000,749000.0
atasan-wanita,Logo Jeans Kaos Lengan Pendek Atasan Wanita Kyyn Navy 12692L4NA,Rp139.000,139000.0
atasan-wanita,C2 Khimki Khaki Kemeja Casual Wanita Lengan Panjang Motif Kotak,Rp159.900,159900.0
atasan-wanita,Ordinair Kemeja Wanita Heira Navy 2200339NA,Rp209.000,209000.0
atasan-wanita,Orora Kaos Wanita Korea Seoul Simple Art - Baju Atasan Sablon Pria Wanita Ukuran S M L XL XXL XXXL ORKL 123,Rp120.000,120000.0
atasan-wanita,Vest Batik Wanita - Bhatara Batik Minesota - Tanpa Lengan,Rp100.000,100000.0
atasan-wanita,Logo Jeans Ayudia Purple Shirt 24783L5PU,Rp219.000,219000.0
atasan-wanita,RILLEY - Kemeja Blus Salur Sesil Atasan Blouse Wanita | Kemeja Wanta Bahan Rayon Twill,Rp239.400,239400.0
atasan-wanita,Third Day LTB29E crop red box katakana nv Navy,Rp99.000,99000.0
atasan-wanita,Third Day LTD93 OLC Crop Top Loose Tdla Inverted Putih,Rp105.000,105000.0
atasan-wanita,LTD05 thirdday mls osaka logo green army hijab lengan panjang wanita,Rp149.000,149000.0
atasan-wanita,Third Day LTD92 Rcp Crop Top Tdla-Biguppernaval Putih Kaos Casual Wani,Rp105.000,105000.0
atasan-wanita,Third Day LTE04 STCP Crop Top TDLA Hitam Kaos Casual Wanita,Rp99.000,99000.0
atasan-wanita,OBRAL BARANG CACAT kemeja putih bet pendek sma seragam sekolah sma,Rp80.000,80000.0
atasan-wanita,Ninety Degrees Kaos Wanita Zalina Black 12719D4BK,Rp119.940,119940.0
atasan-wanita,Monellina 06220 Baju Blouse Atasan XXL Jumbo Murah Wanita Kekinian,Rp65.000,65000.0
atasan-wanita,BELIEVE OversizeTshirt | SELF EXPRESSION | Kaos Oversize Pria dan Wanita,Rp80.000,80000.0
atasan-wanita,【Premium】Summer Neck Ribbed Crop Tank Top 2949 (S/M/L),Rp69.000,69000.0
atasan-wanita,Michael's Collection - Emma Crop Shirt,Rp119.000,119000.0
atasan-wanita,White Mode Izabella Blouses,Rp45.000,45000.0
atasan-wanita,Jakarta Utara,Rp56.000,56000.0
atasan-wanita,Jakarta Utara,Rp56.000,56000.0
atasan-wanita,FAME - Blouse Wanita Lengan 7/8 Kerah V Detail Pita Soft Yellow - 9211544,Rp149.900,149900.0
atasan-wanita,COLORBOX Basic Ribbed Tank Top I-TTKBSC522O507 White,Rp79.900,79900.0
atasan-wanita,COLORBOX Scoop Neck Long Sleeve Top I-TLKKEY226A080 OFF WHITE,Rp90.930,90930.0
atasan-wanita,Missoofficial.id BR1934 Baju Tanktop BraCup Bh Singlet Wanita Atasan Motif Kancing Renda Tanpa Lengan,Rp33.673,33673.0
atasan-wanita,[Anniversary Picks][MEIN] Blouse Wanita Off Shoulder Lengan Panjang Biru 5448,Rp309.900,309900.0
atasan-wanita,CARDINAL FEMME BLOUSE 63 (HITAM),Rp59.000,59000.0
atasan-wanita,Thesilversky Soft Denim Fitted Tee Women | CoolDry Premium Kaos Fit Wanita,Rp59.900,59900.0
atasan-wanita,Cardinal T-Shirt Slim Fit Wanita D2004I04,Rp59.000,59000.0
atasan-wanita,Michael's Collection - Blouse De Luna Neutral Colors,Rp98.000,98000.0
atasan-wanita,XVLORE Atasan Over Size Wanita Terbaru Edisi Terbatas,Rp79.999,79999.0
atasan-wanita,Kemeja Atasan Wanita Jumbo Katun Rayon Oversize Adem Flower 301 Baju Wanita Kancing Karet Dada Ukuran 3L XXXL Muat BB 50-80cm,Rp92.708,92708.0
atasan-wanita,Kaos Wanita PREMIUM Over Size Ber Motif Model Pinguin\Jungjat REAL PICTT,Rp95.000,95000.0
atasan-wanita,Deliwafa - Croptop Design Series | Atasan Wanita | Kaos Fashion Perempuan,Rp60.000,60000.0
atasan-wanita,Giordano Women's V Neck Tee Wanita [0532538039],Rp149.000,149000.0
atasan-wanita,White Mode Zakiya Blouses,Rp279.900,279900.0
atasan-wanita,COLORBOX Contrast Collar Short Sleeve Shirt I-BSWKEY225K069-LILAC,Rp161.910,161910.0
atasan-wanita,Executive Basic V-Neck Cotton T-Shirt 5-TSKBSC592O017 Pink,Rp89.910,89910.0
atasan-wanita,SISTER'S Blouse - Kemeja Atasan Wanita Katun Bordir S9282 (JS),Rp515.000,515000.0
atasan-wanita,Cyfersia Kaos Saku Zipper Butterfly Cyfersia CD307,Rp115.005,115005.0
atasan-wanita,Logo Jeans Kaos Wanita Abigail Black 14789L8BK,Rp135.000,135000.0
atasan-wanita,Giordano Linen Cotton Shirt Wanita Signature White,Rp209.000,209000.0
atasan-wanita,EXECUTIVE Zip Up Short Sleeve Polo Shirt 5-PSKKCA225L110 Off White,Rp161.910,161910.0
atasan-wanita,EXECUTIVE Sleeveless Collared Bra Top 5-TTKACT126A948 Maroon,Rp314.910,314910.0
atasan-wanita,Lausboutique-Atasan Maisa-Seri 2-Atasan Wanita Beading-Hanya Atasan,Rp335.000,335000.0
atasan-wanita,Logo Jeans T-Shirt Lengan Pendek Queensha Black 12808L4BK,Rp159.000,159000.0
atasan-wanita,Ninety Degrees Kemeja Wanita Talva Peach 22630D5PE,Rp209.940,209940.0
atasan-wanita,Wulfi Atasan Kemeja Kerja Wanita Pocket Shirt Black Hitam,Rp120.000,120000.0
atasan-wanita,LTZZZ Atasan Wanita Sale Murah Random Design Acak Warna,Rp90.000,90000.0
atasan-wanita,Giordano Women's Boxy Shirt Wanita [0534525148],Rp219.000,219000.0
atasan-wanita,Giordano Women's Crew Neck Tee Wanita [0532537901],Rp149.000,149000.0
atasan-wanita,Ixora Saara Oversized Shirt - Kemeja Wanita Oversize Lengan Panjang Baju Katun Rayon Abstrak,Rp118.000,118000.0
atasan-wanita,White Mode Deja Blouses - XL - Katun,Rp89.900,89900.0
atasan-wanita,Atasan kaos polos wanita Nyaman Oval Polos katun Premium XVLORE PLUS Combed Soft,Rp93.500,93500.0
atasan-wanita,Hosofshopaholic - TALITHA SHIRT - Atasan Wanita - Kemeja Bordir Wanita - Basic Shirt,Rp169.999,169999.0
atasan-wanita,Skelly Kaos Lengan Pendek Wanita Special CNY Tiger Tee Red,Rp288.000,288000.0
atasan-wanita,LLACES Clothing - Blouse Wanita - Yoon Blouse - Black,Rp179.970,179970.0
atasan-wanita,C2 Metlen Green Basic Blouse Wanita - Blouse Wanita,Rp269.925,269925.0
atasan-wanita,Dgm kemeja batik wanita lengan panjang kasual songket purple B005 kemeja batik,Rp149.000,149000.0
atasan-wanita,POLOSHIRT CROPTOP WANITA ZACKSSCOOT.STUDIOS NUMBER ONE IN THE WORLD,Rp209.000,209000.0
atasan-wanita,【GOTH】V-Neck Lace Trumpet Sleeve Crop Top Atasan Lengan Terompet 8470 (S/M/L),Rp199.000,199000.0
atasan-wanita,Hadinata Batik Wanita Kebaya Charita White,Rp399.000,399000.0
atasan-wanita,Cardinal Kemeja Wanita L0302J01A,Rp129.000,129000.0
atasan-wanita,MORNINGSOL Pamme Blouse | Blouse Wanita,Rp399.900,399900.0
atasan-wanita,Eclemix Blouse Wanita Tali | Top Yeji | Atasan Daily Mix Cotton Embroidery,Rp269.000,269000.0
atasan-wanita,Cardinal T-Shirt Slim Fit Wanita G0500P11Z,Rp99.000,99000.0
atasan-wanita,Geulis.id ROONARIA SHIRT / KEMEJA PRINTED WANITA (2 warna),Rp458.850,458850.0
atasan-wanita,Hardware Clothing HWR Atasan Blouse Wanita Top Shirt Loose Sleeve 7/8,Rp100.000,100000.0
atasan-wanita,EXPAND Nerisa Blouse |Kemeja Wanita - Atasan Lengan Panjang,Rp343.000,343000.0
atasan-wanita,MxM Connexion Kemeja Lengan Panjang Kemeja Wanita 123260865,Rp80.000,80000.0
atasan-wanita,Cardinal Kemeja Loose Fit Wanita G1042J03K,Rp129.000,129000.0
atasan-wanita,Chocochips - Cecily Top / Atasan Wanita Lengan Panjang Bermotif Kancing Depan,Rp365.000,365000.0
atasan-wanita,Monellina 601076 Kemeja Oversize Wanita Lengan Panjang,Rp95.000,95000.0
atasan-wanita,ADA - Katrine Shirt Short Sleeves Two Pocket #9D20,Rp296.010,296010.0
atasan-wanita,Geulis.id x Ayudiac / WYLDE KNIT TOP / ATASAN WANITA (3 warna),Rp315.840,315840.0
atasan-wanita,C2 Naulix Red T-Shirt Wanita,Rp262.425,262425.0
atasan-wanita,Ixora Dam Oversized Shirt - Kemeja Wanita Oversize Lengan Panjang Motif Abstrak,Rp130.000,130000.0
atasan-wanita,Geulis.id ARELIA LONG SLEEVE / BLOUSE WANITA (3 warna),Rp286.500,286500.0
atasan-wanita,EXPAND Muhera Blouse 011.51117.31 |Kemeja Wanita - Atasan Lengan Panjang,Rp284.950,284950.0
atasan-wanita,EXECUTIVE Short Sleeve Rayon Blouse 5-BSWKCA225K117 Soft Yellow,Rp199.900,199900.0
atasan-wanita,NEW RILLEY - Kaos Polos Renata | Kaos polos Wanita Salem| Baju Lengan Panjang Polos Cewek Muslim Perempuan Wanita,Rp214.500,214500.0
atasan-wanita,Cardinal Kemeja Loose Fit Wanita G1253J10C,Rp149.000,149000.0
atasan-wanita,3Mongkis - Aquinaldo's Pick - Tyler Shirt,Rp769.000,769000.0
atasan-wanita,Chocochips - Winka Top / Blouse Kerja Wanita / Atasan Kancing Depan / Peplum Top Premium,Rp350.000,350000.0
atasan-wanita,LTD19 RCP crop top katakana navy,Rp125.000,125000.0
atasan-wanita,Popsicles Longsleeve Boxy Lengan Panjang Putih Sweet Memories - boxy crop longsleeve Kaos Oversize Printing Tee,Rp120.000,120000.0
atasan-wanita,*Ready Stok* SISTER'S - Atasan Renda Kombi Kaos C4949 (CAP),Rp483.000,483000.0
atasan-wanita,This Is April Clarice Top Atasan Lengan Pendek Wanita Rajut Stripe Old Money Gold Button Pink dan Khaki,Rp279.000,279000.0
atasan-wanita,Cardinal Kemeja Slim Fit Wanita D0253J02B,Rp149.000,149000.0
atasan-wanita,ADA - Mabelle Shirt Crop Long Sleeves Wanita #9C85,Rp99.000,99000.0
atasan-wanita,"Seutail Lune Top Atasan Wanita Elegan, Casual & Festive - 010419",Rp242.000,242000.0
atasan-wanita,OCWA KEEN TWOTONE BLACK AND NEON OVERSIZED TEE,Rp349.900,349900.0
atasan-wanita,MORNINGSOL Kale Top I Atasan Wanita,Rp419.900,419900.0
atasan-wanita,Kami Mahira Puff Sleeve Top Atasan Lengan Panjang Wanita,Rp649.000,649000.0
atasan-wanita,Baju Santai Wiji Kunyit Sejauh,Rp2.000.000,2000000.0
atasan-wanita,Baju Padma Flora Wiji Kunyit,Rp1.200.000,1200000.0
atasan-wanita,Baju Panjang Ombak Laut Biru,Rp1.450.000,1450000.0
atasan-wanita,Hush Puppies Kaos Wanita PL LAKISA TS Navy LA29102NVY,Rp159.500,159500.0
atasan-wanita,Ahlami-Kemeja Oversize Linen Premium Kemeja Pocket Linen Kemeja Wanita,Rp105.000,105000.0
atasan-wanita,Expand Sarimbit Thafa Series Koko Pria 123368795,Rp392.000,392000.0
atasan-wanita,EXIT Lysa Blouse | Kemeja Wanita - Atasan Lengan Pendek,Rp273.000,273000.0
atasan-wanita,Geela Official - Aemma Cream Stripe Shirt (G.11632) - Kemeja Wanita,Rp128.970,128970.0
atasan-wanita,Little X∙eight Girl Ebigail T-Shirt,Rp144.900,144900.0
atasan-wanita,Logo Jeans Kaos Wanita Ellie Mustard Tee 12781L4MS,Rp109.000,109000.0
atasan-wanita,[Anniversary Picks] Knit Rajut Garis Hitam Putih V Neck 7124ZZ,Rp249.900,249900.0
atasan-wanita,Crop Hoodie Basic Polos Tebal Wanita Mocca,Rp120.000,120000.0
atasan-wanita,C2 Eqizen Green Set Pieces Wanita,Rp427.425,427425.0
atasan-wanita,Polini - Atasan Tanktop Bra Tali Lebar Polos Tangtop Summer Fashion Premium A3005,Rp90.999,90999.0
atasan-wanita,EXIT Rona Serasi – Sora Series | Baju Lebaran Matchy Wanita & Anak,Rp504.000,504000.0
atasan-wanita,Beatrice Clothing Astha Knit Blouse - Atasan Kerah Rajut Wanita Casual - Atasan Wanita | Pakaian Wanita | Cardigan Wanita | Outer Wanita,Rp300.000,300000.0
atasan-wanita,Geela Official - Minji White T-Shirt (G.7429) | Kaos Wanita,Rp98.970,98970.0
atasan-wanita,KAOS NOBRANDS FOOTWEAR T-SHIRT AKU CINTA POLISI KAOS DISTRO 1312 BAJU ACAB OVERSIZED CUTTING PRIA WANITA COTTON COMBED 24s KATUN ADEM NNYAMAN MENGAYOMI HITAM PUTIH UNISEX,Rp137.540,137540.0
atasan-wanita,EXT Chiara Blouse 102.51920SH.15 |Kemeja Wanita - Atasan Lengan Panjang,Rp179.970,179970.0
atasan-wanita,EIGER REMMINGTON SS WS POLO SHIRT,Rp186.450,186450.0
atasan-wanita,EXPAND Kayana 2 In 1 Blouse |Kemeja Wanita - Atasan Lengan Panjang,Rp315.000,315000.0
atasan-wanita,VOLCOM GLS VARIAL LONG SLEEVE TEE BLACK,Rp645.000,645000.0
atasan-wanita,Atasan kaos polos wanita Nyaman Oval Polos katun Premium XVLORE PLUS Combed Soft,Rp93.500,93500.0
atasan-wanita,MINIMAL - Mahnoor - Gamis Motif Paisley - Black,Rp579.942,579942.0
atasan-wanita,Ixora Saara Oversized Shirt - Kemeja Wanita Oversize Lengan Panjang Baju Katun Rayon Abstrak,Rp118.000,118000.0
atasan-wanita,duapola Bordir Strip Cotton Blouse 15022 - Green,Rp99.000,99000.0
atasan-wanita,Hosofshopaholic - TALITHA SHIRT - Atasan Wanita - Kemeja Bordir Wanita - Basic Shirt,Rp169.999,169999.0
atasan-wanita,Dgm kemeja batik wanita lengan panjang kasual songket purple B005 kemeja batik,Rp149.000,149000.0
atasan-wanita,Cardinal Kemeja Slim Fit Wanita D0253J02B,Rp149.000,149000.0
atasan-wanita,C2 Naulix Red T-Shirt Wanita,Rp262.425,262425.0
atasan-wanita,Ixora Dam Oversized Shirt - Kemeja Wanita Oversize Lengan Panjang Motif Abstrak,Rp130.000,130000.0
atasan-wanita,MxM Connexion Kemeja Lengan Panjang Kemeja Wanita 123260865,Rp80.000,80000.0
atasan-wanita,MORNINGSOL Kale Top I Atasan Wanita,Rp419.900,419900.0
atasan-wanita,Hardware Clothing HWR Atasan Blouse Wanita Top Shirt Loose Sleeve 7/8,Rp100.000,100000.0
atasan-wanita,EXPAND Nerisa Blouse |Kemeja Wanita - Atasan Lengan Panjang,Rp343.000,343000.0
atasan-wanita,Kami Mahira Puff Sleeve Top Atasan Lengan Panjang Wanita,Rp649.000,649000.0
atasan-wanita,Cardinal Gorpcore Kemeja Bat Wing Wanita G1252P06E,Rp129.000,129000.0
atasan-wanita,Baju Padma Flora Wiji Kunyit,Rp1.200.000,1200000.0
atasan-wanita,Baju Panjang Ombak Laut Biru,Rp1.450.000,1450000.0
atasan-wanita,Baju Santai Wiji Kunyit Sejauh,Rp2.000.000,2000000.0
atasan-wanita,Geulis.id ROONARIA SHIRT / KEMEJA PRINTED WANITA (2 warna),Rp458.850,458850.0
atasan-wanita,[Anniversary Picks] Knit Rajut Garis Hitam Putih V Neck 7124ZZ,Rp249.900,249900.0
atasan-wanita,EXT Chiara Blouse 102.51920SH.15 |Kemeja Wanita - Atasan Lengan Panjang,Rp179.970,179970.0
atasan-wanita,EIGER REMMINGTON SS WS POLO SHIRT,Rp186.450,186450.0
atasan-wanita,Logo Jeans Kaos Wanita Ellie Mustard Tee 12781L4MS,Rp109.000,109000.0
atasan-wanita,Geela Official - Minji White T-Shirt (G.7429) | Kaos Wanita,Rp98.970,98970.0
atasan-wanita,"Seutail Lune Top Atasan Wanita Elegan, Casual & Festive - 010419",Rp242.000,242000.0
atasan-wanita,C2 Eqizen Green Set Pieces Wanita,Rp427.425,427425.0
atasan-wanita,EXIT Rona Serasi – Sora Series | Baju Lebaran Matchy Wanita & Anak,Rp504.000,504000.0
atasan-wanita,Beatrice Clothing Astha Knit Blouse - Atasan Kerah Rajut Wanita Casual - Atasan Wanita | Pakaian Wanita | Cardigan Wanita | Outer Wanita,Rp300.000,300000.0
atasan-wanita,Polini - Atasan Tanktop Bra Tali Lebar Polos Tangtop Summer Fashion Premium A3005,Rp90.999,90999.0
atasan-wanita,Little X∙eight Girl Ebigail T-Shirt,Rp144.900,144900.0
atasan-wanita,Geela Official - Aemma Cream Stripe Shirt (G.11632) - Kemeja Wanita,Rp128.970,128970.0
atasan-wanita,EXIT Lysa Blouse | Kemeja Wanita - Atasan Lengan Pendek,Rp273.000,273000.0
atasan-wanita,Crop Hoodie Basic Polos Tebal Wanita Mocca,Rp120.000,120000.0
atasan-wanita,KAOS NOBRANDS FOOTWEAR T-SHIRT AKU CINTA POLISI KAOS DISTRO 1312 BAJU ACAB OVERSIZED CUTTING PRIA WANITA COTTON COMBED 24s KATUN ADEM NNYAMAN MENGAYOMI HITAM PUTIH UNISEX,Rp137.540,137540.0
atasan-wanita,This Is April Sakuya Top Atasan Kemeja Wanita Blouse Stripe Oversize Smart Casual Pastel Vibe Timeless Casual Pink,Rp279.000,279000.0
atasan-wanita,GOSO【New!!!】Tanktop Bra Tengtop Bh Seamless Termal Bahan Long John Lembut Nyaman Pakaian Dalam Rompi Kamisol Wanita Pad Cup Top Perempuan Hangat Kantor Kerja Remaja Dewasa,Rp211.500,211500.0
atasan-wanita,Et Cetera Long Sleeve Stripes Blouse CARAMEL,Rp359.000,359000.0
atasan-wanita,C2 Raikel Navy T-Shirt Wanita,Rp269.925,269925.0
atasan-wanita,Beatrice Clothing Vivian Dress - Midi Dress Polos Kerah Shanghai Pakaian Wanita | Dress Wanita,Rp165.000,165000.0
atasan-wanita,PUMA Baju Kasual Wanita T7 Slim Tee Warna PUMA White - 632129 02,Rp539.000,539000.0
atasan-wanita,EXIT Hersya Blouse |Kemeja Wanita - Atasan Lengan Panjang,Rp294.000,294000.0
atasan-wanita,VOLCOM GLS VARIAL LONG SLEEVE TEE BLACK,Rp645.000,645000.0
atasan-wanita,FAME - Blouse Wanita Lengan Pendek Detail Pita Motif Floral Pink - 9221354,Rp149.900,149900.0
atasan-wanita,EXPAND Kayana 2 In 1 Blouse |Kemeja Wanita - Atasan Lengan Panjang,Rp315.000,315000.0
atasan-wanita,SISTER'S Blouse - Kemeja Atasan Wanita Katun Y9469 (ZE),Rp429.000,429000.0
atasan-wanita,Hosofshopaholic - ANARA VEST - Atasan Wanita - Embroidery Vest - Seraya Kini Eid Collection,Rp179.999,179999.0
atasan-wanita,Rianty Batik Premium Special Collection Lunar Years x Yovie Agustina Areeya Atreeya,Rp649.000,649000.0
atasan-wanita,Kab. Bekasi,Rp72.413,72413.0
atasan-wanita,Osella Floral Embroidery Icon Polo Top 21225001 | Atasan Polo Wanita Lengan Pendek,Rp139.950,139950.0
atasan-wanita,Hush Puppies Cember Wanita,Rp354.250,354250.0
atasan-wanita,Urban Exchange Kemeja Alisha Violet - Kemeja Basic Lengan Pendek,Rp214.830,214830.0
atasan-wanita,Urban Exchange Sabrina White Shirt,Rp240.000,240000.0
atasan-wanita,"Love, Bonito - Atasan Wanita - BraFree by LB Joey Crop Camisole Top",Rp379.000,379000.0
atasan-wanita,NONA RARA - Cuisiner detik T1103 - Apron batik wanita modern,Rp345.000,345000.0
atasan-wanita,Hardware Clothing Atasan Jaket Lengan Panjang Wanita HWR Bound Sweat Shirt,Rp130.000,130000.0
atasan-wanita,"Kaos Baju Distro Murah Motif ""PASSION"" Original Premium Tebal Unisex Katun 24S Cewek Cowok Pasangan Nyaman Atasan Keren Simple Dewasa Couple Lembut High Oblong Panjang Wanita Polos",Rp68.699,68699.0
atasan-wanita,Hush Puppies Kemeja Wanita Letitia Stripe Blue,Rp309.000,309000.0
atasan-wanita,Hush Puppies Kemeja Wanita 955 Flode Sss Khaki,Rp410.000,410000.0
atasan-wanita,Familias - Women T-Shirt - Rubi Bc,Rp190.000,190000.0
atasan-wanita,Hush Puppies Kaos Wanita AURORY Navy LA28403NV,Rp209.500,209500.0
atasan-wanita,Hi VABA Oversized Billie Eilish 2Tshirt | Kaos Streetwear Unisex Tee Combed Wanita Pria T-Shirt Baju Distro Oversize Panjang Printing Tangan,Rp105.000,105000.0
atasan-wanita,EXECUTIVE Short Sleeve Active T-Shirt 5-TSKACT125F918 NAVY,Rp84.915,84915.0
atasan-wanita,Mnst Tshirt Crop Boxy Oversize Black Vale,Rp95.000,95000.0
atasan-wanita,C2 Hanlie White Casual Maxi Shirt Wanita,Rp159.900,159900.0
atasan-wanita,Ixora Saara Oversized Shirt - Kemeja Wanita Oversize Lengan Panjang Baju Katun Rayon Abstrak,Rp118.000,118000.0
atasan-wanita,Hosofshopaholic - TALITHA SHIRT - Atasan Wanita - Kemeja Bordir Wanita - Basic Shirt,Rp169.999,169999.0
atasan-wanita,duapola Flower Strip Cotton Blouse 5022 - Pink,Rp99.000,99000.0
atasan-wanita,duapola Bordir Strip Cotton Blouse 15022 - Green,Rp99.000,99000.0
atasan-wanita,duapola Bordir Strip Cotton Blouse 15022 - Blue,Rp99.000,99000.0
atasan-wanita,Monstreet Kaos Katun Combed 24S Grafis Reguler Fit Lengan Panjang Hitam Tshirt LUTR05 Cotton Combed 24S Graphic Tshirt Regular Fit Full Sleeve Black Tshirt,Rp69.000,69000.0
atasan-wanita,MINEOLA Audrey Stitch Monotone Pocket Black Top (Blus wanita terbaru cantik dan elegan korea),Rp272.300,272300.0
atasan-wanita,Geulis.id ARMA SHIRT / KEMEJA WANITA (3 WARNA),Rp191.040,191040.0
atasan-wanita,Urban Exchange Blouse Shula Black - Atasan Blus Wanita Satin Motif Prints,Rp255.000,255000.0
atasan-wanita,Hush Puppies Atasan Wanita Danylyn Black,Rp239.500,239500.0
atasan-wanita,Lausboutique-Linen Tenun Toraja-Hanya atasan,Rp245.000,245000.0
atasan-wanita,Giordano Women's Print Tee Wanita Abu-abu,Rp169.000,169000.0
atasan-wanita,Lausboutique-Tenun Kalamba Seri 0223-Atasan Tenun,Rp275.000,275000.0
atasan-wanita,Trijee Sportswear Polo / Polo Shanghai / Women / Nabila - Blue White,Rp349.000,349000.0
atasan-wanita,Cardinal T-Shirt Oversize Wanita G0640P01A,Rp195.500,195500.0
atasan-wanita,Logo Jeans Kaos Wanita Bona Ecru Cream 12790L8CM,Rp125.000,125000.0
atasan-wanita,Geulis.id MIAN SHIRT / KEMEJA WANITA,Rp688.850,688850.0
atasan-wanita,Hush Puppies Blouse Wanita NC ETHIA LSS Camel,Rp359.500,359500.0
atasan-wanita,Bodytalk Blouse Wanita Fae Khaki 22565T9KH,Rp169.000,169000.0
atasan-wanita,Monstreet Kaos Katun Combed 24S Grafis Reguler Fit Hitam Putih Tshirt UTR121 Cotton Combed 24S Graphic Tshirt Regular Fit Black White Tshirt,Rp59.000,59000.0
atasan-wanita,C2 Imizhu Khaki Kemeja Classic Wanita,Rp328.000,328000.0
atasan-wanita,Bodytalk Kemeja Wanita Lengan Panjang Alizah 2.0 Lime 23537T9LH,Rp249.000,249000.0
atasan-wanita,Monstreet Kaos Katun Combed 24s Cotton Combed 24s Tshirt Reguler Fit Hitam Black Putih White - UTR37,Rp59.000,59000.0
atasan-wanita,EXIT Lunaria Blouse | Kemeja Wanita - Atasan Lengan Panjang,Rp294.000,294000.0
atasan-wanita,COLORBOX Short Sleeve Roll Up T-Shirt I:TSKBSC5021138 Lt. Grey,Rp69.900,69900.0
atasan-wanita,Fityou Mira longsleeve Shirt baju olahraga wanita tennis padel running,Rp229.000,229000.0
atasan-wanita,EXECUTIVE Notch Collar Relaxed Shirt 5-BSWKSG225L125 Dark Brown,Rp149.950,149950.0
atasan-wanita,Blouse Wanita - Bobo Tokyo - Moji Pleated Sleeve Blouse,Rp449.000,449000.0
atasan-wanita,Cardinal Blouse Loose Fit D0269J08A,Rp149.000,149000.0
atasan-wanita,Hush Puppies Kaos Polo Wanita Cordella Polo Light Blue,Rp239.500,239500.0
atasan-wanita,EXIT Lusyara Blouse |Kemeja Wanita - Atasan Lengan Panjang,Rp294.000,294000.0
atasan-wanita,Carco Peach Tee 12638D4PE - Ninety Degrees,Rp95.940,95940.0
atasan-wanita,Dama Kara Kusuma Top Outer,Rp369.000,369000.0
atasan-wanita,Hush Puppies Kaos Wanita MIKAELA Navy LA29382NVY,Rp559.000,559000.0
atasan-wanita,Baju Chandra Lapis Hijau,Rp2.350.000,2350000.0
atasan-wanita,adidas Lifestyle City Escape Loose Tee Women Black JV7112,Rp630.000,630000.0
atasan-wanita,Bonsoir M Caddix tank top (women),Rp3.720.000,3720000.0
atasan-wanita,Lumi Noire - Crop Shirt Elise Edition / Kemeja Crop Wanita / 101,Rp149.000,149000.0
atasan-wanita,Tuneeca Rompi Black / Hitam Kanza -TH-0226101,Rp408.000,408000.0
atasan-wanita,Kaos Wanita PREMIUM Over Size Ber Motif Travel Model Pinguin\Jungjat REAL PICT Basic Combed,Rp125.000,125000.0
atasan-wanita,Cardinal Kemeja Loose Fit Wanita G0966J02Z,Rp129.000,129000.0
atasan-wanita,COTTONINK - Atasan Kemeja Wanita Kiran Salur #ArchipelagoSemilir,Rp379.000,379000.0
atasan-wanita,This Is April Vivian Top Rompi Vest Wanita Korean Style Tanpa Lengan Kerah V-neck Grey,Rp269.000,269000.0
atasan-wanita,Diario - Kemeja Wanita Eveline Series,Rp192.500,192500.0
atasan-wanita,Cardinal Kemeja Loose Fit Wanita G1368J02B,Rp321.500,321500.0
atasan-wanita,Columbia Women's Wallowa Cropped Graphic Tee,Rp364.500,364500.0
atasan-wanita,Ixora Yumi Oversized Shirt - Kemeja Wanita Oversized Blouse Berkancing,Rp287.272,287272.0
atasan-wanita,LLACES Clothing - Blouse Wanita - Angel Lace Blouse - Offwhite,Rp279.960,279960.0
atasan-wanita,ADA - Nicole Kemeja Crop Wanita Long Sleeves,Rp109.000,109000.0
atasan-wanita,Jakarta Barat,Rp150.000,150000.0
atasan-wanita,MORNINGSOL x Lutesha - Harriet Vest I Atasan Rompi Wanita,Rp539.900,539900.0
atasan-wanita,C2 Erskin Green Kemeja Oversize Crop - Boxy Shirt Wanita,Rp337.425,337425.0
atasan-wanita,ADA - Wada Blouse Knit Collar Neck Short Sleeves #2H74,Rp119.000,119000.0
atasan-wanita,Eclaire - Mirelle Top Normal Grande Bigsize Xtrasize | Atasan Kemeja Casual Work Wanita Korea S-L-XL-XXL Jumbo,Rp185.250,185250.0
atasan-wanita,Hadinata Batik Wanita Kebaya Mahima White,Rp679.000,679000.0
atasan-wanita,Minimal Arumi Tunic Green Olive,Rp134.955,134955.0
atasan-wanita,VINES 2-BLACK,Rp109.900,109900.0
atasan-wanita,3Mongkis - Gilda Knit Top,Rp345.000,345000.0
atasan-wanita,Opelon Baju Tank Top Wanita - Tank Top Leher V,Rp204.590,204590.0
atasan-wanita,GPL APPAREL KAOS WANITA KEKINIANLENGAN 7/8 BAHAN KATUN KOMBED 20s KNITTO NYAMAN ADEM DINGIN MENYERAP KERINGAT Kerah Oblong,Rp79.930,79930.0
atasan-wanita,ADA - Ivy Blouse Salur Long Sleves Women #2F97,Rp129.000,129000.0
atasan-wanita,Cardinal T-Shirt Slim Fit Wanita G0598P11Z,Rp99.000,99000.0
atasan-wanita,Geulis.id DERNIA SHIRT / KEMEJA WANITA / ATASAN WANITA (4 warna),Rp343.850,343850.0
atasan-wanita,Kami Morra Oversized Top Atasan Lengan Panjang Wanita,Rp569.000,569000.0
atasan-wanita,EXP Dreyea Blouse 011.51038SH.31 |Kemeja Wanita - Tanpa Lengan,Rp119.970,119970.0
atasan-wanita,Ixora Saara Oversized Shirt - Kemeja Wanita Oversize Lengan Panjang Baju Katun Rayon Abstrak,Rp118.000,118000.0
atasan-wanita,Hosofshopaholic - TALITHA SHIRT - Atasan Wanita - Kemeja Bordir Wanita - Basic Shirt,Rp169.999,169999.0
atasan-wanita,duapola Flower Strip Cotton Blouse 5022 - Pink,Rp99.000,99000.0
atasan-wanita,duapola Bordir Strip Cotton Blouse 15022 - Green,Rp99.000,99000.0
atasan-wanita,duapola Bordir Strip Cotton Blouse 15022 - Blue,Rp99.000,99000.0
atasan-wanita,ADA - Nicole Kemeja Crop Wanita Long Sleeves,Rp109.000,109000.0
atasan-wanita,Kaos Wanita PREMIUM Over Size Ber Motif Travel Model Pinguin\Jungjat REAL PICT Basic Combed,Rp125.000,125000.0
atasan-wanita,3Mongkis - Gilda Knit Top,Rp345.000,345000.0
atasan-wanita,Minimal Arumi Tunic Green Olive,Rp134.955,134955.0
atasan-wanita,C2 Erskin Green Kemeja Oversize Crop - Boxy Shirt Wanita,Rp337.425,337425.0
atasan-wanita,Eclaire - Mirelle Top Normal Grande Bigsize Xtrasize | Atasan Kemeja Casual Work Wanita Korea S-L-XL-XXL Jumbo,Rp185.250,185250.0
atasan-wanita,VINES 2-BLACK,Rp109.900,109900.0
atasan-wanita,MORNINGSOL x Lutesha - Harriet Vest I Atasan Rompi Wanita,Rp539.900,539900.0
atasan-wanita,Jakarta Barat,Rp150.000,150000.0
atasan-wanita,GPL APPAREL KAOS WANITA KEKINIANLENGAN 7/8 BAHAN KATUN KOMBED 20s KNITTO NYAMAN ADEM DINGIN MENYERAP KERINGAT Kerah Oblong,Rp79.930,79930.0
atasan-wanita,MxM Nevada Cardigan Wanita 122959149,Rp110.000,110000.0
atasan-wanita,JUNE 2-NAVY,Rp109.900,109900.0
atasan-wanita,Suko Boxy Graphic Disney Kaos Wanita 122818658,Rp129.000,129000.0
atasan-wanita,MINIMAL - Neo - Stripes Blazer - Black,Rp329.940,329940.0
atasan-wanita,MINIMAL - Loise - Kemeja Lengan Panjang Wanita Motif Pailsey - Beige,Rp233.935,233935.0
atasan-wanita,MINIMAL - Mara - Kemeja Rayon Dengan Kantong - White,Rp143.940,143940.0
atasan-wanita,Connexion Outline Lily Kaos Wanita 123705134,Rp99.900,99900.0
atasan-wanita,Nevada Cvc San Francisco Kaos Wanita 123489011,Rp77.400,77400.0
atasan-wanita,Connexion Tgn Langsung Kaos Wanita 123585201,Rp97.400,97400.0
atasan-wanita,Kaos Slimfit Wanita Sablon Pink Panther Polo Exchange Katun 24s 10162 Tshirt Lembut Stylish Kekinian,Rp55.580,55580.0
atasan-wanita,EXECUTIVE Long Sleeve Eyelet Blouse 5-BLWKCA126B070 Navy,Rp296.910,296910.0
atasan-wanita,Hardware Clothing Atasan Blouse Wanita Freesize Blouse 7/8 Sleeve,Rp210.800,210800.0
atasan-wanita,Minimal - Kana - Jaket Batik Bunga - Teracotta - Earthly Allure Collection,Rp374.925,374925.0
atasan-wanita,DUST Kemeja Tyanna Merah Comfease (D.13181),Rp275.310,275310.0
atasan-wanita,MINIMAL - Azumi - Kemeja Motif Floral - Navy - Earthly Allure Collection,Rp299.925,299925.0
atasan-wanita,MINIMAL - Zevanna - Blus Rajut Motif Geometris - Green,Rp217.895,217895.0
atasan-wanita,MINIMAL - Puffa - Kemeja Lengan Pendek - Red,Rp261.803,261803.0
atasan-wanita,Noir Sur Blanc NP Turtleneck Dk Grey,Rp350.000,350000.0
atasan-wanita,MAX COMPANY Tshirt Singlet Fearless Jet Black Series,Rp88.200,88200.0
atasan-wanita,Famous Monkey - Unisex Oversize Fit Heavy Jersey Cotton Tshirt 16s - A15P,Rp185.000,185000.0
atasan-wanita,VALINO Kemeja Lengan Panjang Putih Wanita - D-EABA13-A5,Rp247.425,247425.0
atasan-wanita,Geulis.id BONDI TUNIC / PRINTED TUNIC (2 warna),Rp381.182,381182.0
atasan-wanita,C2W Clothtowear Luaran Atasan Tile Gliter Women's Clothes 130-TG,Rp125.000,125000.0
atasan-wanita,Chocochips - Diandra Top / Atasan Wanita Tanpa Lengan Kancing Depan Kerah Bulat Model Kasual,Rp365.000,365000.0
atasan-wanita,TONIQUE Kaos T- Shirt Regular Wanita Biru BELLONA,Rp89.000,89000.0
atasan-wanita,TONIQUE Kaos Crop Wanita Katun Combed 24S Hitam MIA Women's Regular Fit Graphic Cotton Crop T-Shirt,Rp89.000,89000.0
atasan-wanita,Nobby Auri Shirt Office Look Kemeja Formal Soft Lengan Panjang Wanita Bahan Woolpeach Ultimate,Rp319.500,319500.0
atasan-wanita,C2 Isotta Khaki Kemeja Casual Wanita Lengan Panjang,Rp300.000,300000.0
atasan-wanita,FOLADY - KIW017 Kaos Wanita Stripe Garis Navy Putih T-Shirt Slim Fit Lengan Pendek Sabrina Neck Casual Basic Tee Korea Style Stretchy Nyaman Outfit Harian Chic Simple Elegant Fashion Kekinian Trendy Top,Rp69.000,69000.0
atasan-wanita,Nevada Solid Comb Bear Athletic Dept Kaos Oversize Wanita 123061393,Rp99.900,99900.0
atasan-wanita,Kaos IEBE Wanita Casual A1PI3020,Rp69.000,69000.0
atasan-wanita,EXECUTIVE Spaghetti Strap Tank Top 5-TTKKCA226A082 Black,Rp79.900,79900.0
atasan-wanita,Blanka Curve - Kalee Kaos Jumbo Wanita Bunga Glos,Rp91.350,91350.0
atasan-wanita,HARUKA TOP - COTTON MOON - COTTON TREE - KEMEJA WANITA,Rp329.000,329000.0
atasan-wanita,GERALD TOP - PORSELEIN - COTTON TREE - KEMEJA WANITA,Rp329.000,329000.0
atasan-wanita,Enrika Tunics,Rp209.965,209965.0
atasan-wanita,Ninety Degrees Mavis White Shirt 22504D5WT,Rp197.940,197940.0
atasan-wanita,GERALD TOP - FLORYN - COTTON TREE - KEMEJA WANITA,Rp329.000,329000.0
atasan-wanita,Geulis.id PIONA SHIRT / KEMEJA WANITA / KEMEJA POLOS (4 warna),Rp329.000,329000.0
atasan-wanita,Beatrice Clothing Kyra Blouse - Atasan Wanita Basic Lengan Panjang dengan Pita - Earthly Allure,Rp119.900,119900.0
atasan-wanita,Odza Classic Kemeja Wanita Kerja Shirt Polos Ruffle Oversized Adeline,Rp139.000,139000.0
atasan-wanita,Chocochips - Jenaiah Top / Atasan Wanita Tanpa Lengan Zipper Elegan Model Kerah Trendy,Rp350.000,350000.0
atasan-wanita,Aplomb Kemeja Wanita Magnola Mustard 2200645MS,Rp159.000,159000.0
atasan-wanita,Houseofcuff Kaos Oversized Tebal Wanita Unisex Pink,Rp139.000,139000.0
atasan-wanita,This Is April Vest Wanita Tanpa Lengan Basic Greeta Top Grey A1014700,Rp279.000,279000.0
atasan-wanita,Jakarta Barat,Rp115.005,115005.0
atasan-wanita,Houseofcuff Kaos Oversized Tebal Wanita Unisex Hitam,Rp139.000,139000.0
atasan-wanita,NEW RILLEY - Kemeja Blus Sophia Atasan Blouse Wanita-80DASU,Rp199.500,199500.0
atasan-wanita,Minimal Moxy Blouse Atasan Wanita Green,Rp155.940,155940.0
atasan-wanita,Logo Jeans Kaos Wanita Ellie Mustard Tee 12781L4MS,Rp109.000,109000.0
atasan-wanita,White Mode Sydney Blouses,Rp109.172,109172.0
atasan-wanita,duapola Flower Strip Cotton Blouse 5022 - Green,Rp99.000,99000.0
atasan-wanita,Third Day LTD66 Kemben Tube Top Panjang Navy Katakana,Rp90.000,90000.0
atasan-wanita,duapola Bordir Strip Cotton Blouse 15022 - Blue,Rp99.000,99000.0
atasan-wanita,White Mode Deja Blouses - XL - Katun,Rp89.900,89900.0
atasan-wanita,[ADLV] Archive Logo Short Sleeve T-Shirt Black - Kaos Standard Fit Unisex Acme De La Vie,Rp664.300,664300.0
atasan-wanita,Baju Kaos Distro Putih Wanita Oversize T-Shirt Cotton Combed 24s Atasan Perempuan TROPHIS,Rp250.000,250000.0
atasan-wanita,Ninety Degrees Kaos Wanita Kaos Wanita Tauriel Pink 12723D4PK,Rp119.940,119940.0
atasan-wanita,OCWA REINA SILVER METALLIC SHINY GLAM SHIRT WOMAN,Rp399.900,399900.0
atasan-wanita,"LTF52 crop top tee t shirt oversize ""gold star"" putih",Rp109.000,109000.0
atasan-wanita,TSHIRT DEWASA - KAOS DEWASA PETER RABBIT - (KODE ABC - P ) - SIZE M L - PUTIH,Rp78.210,78210.0
atasan-wanita,Benangsari T-shirt Corgi Kaos Katun,Rp139.000,139000.0
atasan-wanita,Scelta - Bra Seamless Rajut Busa Bisa Dilepas Tanktop Korea Look Tank Top Tanpa Kawat Sc 1102,Rp40.000,40000.0
atasan-wanita,Nalure Naila Kemben | Knitwear Wanita | Variasi Purple,Rp48.000,48000.0
atasan-wanita,Ixora Auba Oversized Shirt - Kemeja Wanita Oversize Lengan Panjang Casual Baju Katun Rayon,Rp118.000,118000.0
atasan-wanita,Yang's Fashion Tanktop Bra Kemben Fashion CropTop Women Outwear Gradasi Warna,Rp80.000,80000.0
atasan-wanita,"Kaos Polo Shirt Wanita Lengan Pendek Berkerah - Reguler Fit Unisex - Baju, Atasan",Rp37.889,37889.0
atasan-wanita,Kemeja Polos Linen Wanita Kerah Shanghai Banyak Warna Baju Cantik Tangan Panjang Adem Halus Full Kancing Ukuran Lingkar Dada 110cm Panjang 70cm,Rp92.708,92708.0
atasan-wanita,Missoofficial.id BJ1593 Baju Kaos Atasan Lengan Pendek Inner Knit Spandex Kasual Wanita Oblong Polos Panjang Hitam Knitwear Top,Rp27.731,27731.0
atasan-wanita,"Kaos Baju Distro Murah Motif ""KUCING BACA KORAN"" Original Premium Tebal Unisex Katun 24S Cewe Cowo Pasangan Nyaman Atasan Keren Simple Oblong Panjang Wanita Couple Cewek Lembut Polos Basic pria",Rp67.800,67800.0
atasan-wanita,Elavoz Ellie Halter Knit Top,Rp68.370,68370.0
atasan-wanita,Ixora Rana Oversized Shirt - Kemeja Wanita Oversize Lengan Panjang Motif Abstrak,Rp118.000,118000.0
atasan-wanita,HaymeeIDN - Baju Kaos Atasan Wanita Kinan Top Knit Import,Rp45.000,45000.0
atasan-wanita,SISTER'S Blouse - Kemeja Atasan Wanita Katun Bordir C1545 (CAP),Rp515.000,515000.0
atasan-wanita,SISTER'S Blouse - Blus Atasan Wanita Kaos Y9487 (ZE),Rp445.000,445000.0
atasan-wanita,*Ready Stok* SISTER'S - Atasan Kaos 7139 (CAP),Rp385.000,385000.0
atasan-wanita,ET CETERA Short Sleeve Printed Blouse BLACK,Rp159.000,159000.0
atasan-wanita,*Ready Stok* SISTER'S - Atasan Katun S7508 (JS),Rp505.000,505000.0
atasan-wanita,Et Cetera Round Neck Short Sleeve Top BEIGE,Rp99.000,99000.0
atasan-wanita,Cyfclo Baju Lengan Panjang CD402 Motif Flower Butterfly Kaos Wanita Bahan Katun Tebal Oblong,Rp132.350,132350.0
atasan-wanita,Kaos Bear Tee Original Kaos Terlaris Baju Katun Premium Kaos Korea Kaos Terbaru kaos premium Atasan Wanita Combed Dewasa,Rp54.000,54000.0
atasan-wanita,Crop Tee Star Leopard Baju Baby Tee Wanita Lembut Katun Kaos Original Distro Premium Baju Wanita Korea,Rp54.000,54000.0
atasan-wanita,Kale Alice T-shirt Organic Cotton 30s Asian Fit,Rp52.650,52650.0
atasan-wanita,GROGOLAN Vest Outer Batik Rompi Atasan Wanita,Rp76.900,76900.0
atasan-wanita,*Ready Stok* SISTER'S - Atasan Sifon Kombi Kaos C1469 (CAP),Rp365.000,365000.0
atasan-wanita,Geulis.id JULIA STRIPES LONG SLEEVE TEE / ATASAN WANITA (4 warna),Rp238.800,238800.0
atasan-wanita,Geulis.id VERBIER SHIRT / KEMEJA WANITA (2 warna),Rp401.350,401350.0
atasan-wanita,Executive Slim Fit Ankle Length Pants Khaki 5-LPKKSG124F068 KHAKI,Rp149.900,149900.0
atasan-wanita,EXECUTIVE V-Neck Collared Satin Shirt 5-BLWKSG126B028 Lt. Grey,Rp251.910,251910.0
atasan-wanita,EXECUTIVE Balloon Sleeves Stripe Shirt 5-BSWKCA126B091 Dusty Blue,Rp206.910,206910.0
atasan-wanita,EXECUTIVE Drape Details Short Sleeve Top 5-BSWCAS126B014 Ecru,Rp224.910,224910.0
atasan-wanita,EXECUTIVE Short Sleeve Oxford Stripe Shirt 5-BSWKCA225K119 Soft Yellow,Rp125.929,125929.0
atasan-wanita,Districtstuff T-shirt - Take A Risk,Rp59.500,59500.0
atasan-wanita,COLORBOX Striped Tank with Front Tie I-TTWFCR225I011 Pink,Rp139.930,139930.0
atasan-wanita,Kaos Croptop Oversize - Kaos Distro Unisex - Kaos Atasan Oblong Cotton Combed 24s - Varian Fearless hitam,Rp38.900,38900.0
atasan-wanita,Benang Jarum - Paula Blouse - Red,Rp395.000,395000.0
atasan-wanita,COLORBOX Short Sleeve Textured Sheer Shirt I-BSWKEY225H115 Ecru,Rp89.950,89950.0
atasan-wanita,Rianty Batik Premium Wanita Fanera Fandera Cardigan Baju Atasan Outer,Rp449.000,449000.0
atasan-wanita,Geela Official - Suzy Green Stripe Shirt (G.13144) | Kemeja Wanita,Rp314.930,314930.0
atasan-wanita,Love Bonito - Vest Wanita - Yuna Relaxed V-neck Vest,Rp708.900,708900.0
atasan-wanita,Hush Puppies Kaos Polo Wanita FERAINY POLO Olive LA28385OL,Rp209.500,209500.0
atasan-wanita,OCWA KEEN TWOTONE ELECTRIC BLUE AND NEON OVERSIZED TEE,Rp349.900,349900.0
atasan-wanita,Hush Puppies Ferainy Polo Wanita,Rp229.450,229450.0
atasan-wanita,Geela Official - Greta Green Shirt (G.1524) | Kemeja Wanita,Rp134.970,134970.0
atasan-wanita,Cardinal Kemeja Oversize Wanita G1118J06A,Rp129.000,129000.0
atasan-wanita,Geulis.id ORIANA SHIRT / PRINTED SHIRT / KEMEJA WANITA (2 warna),Rp358.800,358800.0
atasan-wanita,Clote V-neck Jersey Boxy Streetwear Vintage Y2k Dryfit - Red Black,Rp119.900,119900.0
atasan-wanita,Hush Puppies Kaos Wanita JF BIBURY Black LA29227BLK,Rp209.500,209500.0
atasan-wanita,Hush Puppies Geline Logo Tee Wanita,Rp207.450,207450.0
atasan-wanita,3Mongkis - Atasan Wanita Kindy Knit Top,Rp629.000,629000.0
atasan-wanita,[HaloFashion] Chika Top Sabrina One Shoulder Ribbon Style Korea Slim Fit Stretchy Katun Spandek,Rp115.900,115900.0
atasan-wanita,EXPAND Ratna Blouse |Kemeja Wanita - Atasan Lengan Panjang,Rp315.000,315000.0
atasan-wanita,Third Day LTD94 OLC Crop Top Loose tdla Outline Ver Putih,Rp125.000,125000.0
atasan-wanita,Cardinal Kemeja Slim Fit Wanita D0285J01A,Rp412.500,412500.0
atasan-wanita,Cotton Inch - Yumna Inner Manset Rajut Tanpa Lengan,Rp99.000,99000.0
atasan-wanita,White Mode Sydney Blouses,Rp109.172,109172.0
atasan-wanita,duapola Flower Strip Cotton Blouse 5022 - Green,Rp99.000,99000.0
atasan-wanita,Third Day LTD66 Kemben Tube Top Panjang Navy Katakana,Rp90.000,90000.0
atasan-wanita,duapola Bordir Strip Cotton Blouse 15022 - Blue,Rp99.000,99000.0
atasan-wanita,White Mode Deja Blouses - XL - Katun,Rp89.900,89900.0
atasan-wanita,【Premium】Women's Rib V Neck with Button Long Sleeve Crop Top T-Shirt 2814 (S/M/L),Rp99.000,99000.0
atasan-wanita,Ninety Degrees Kaos Wanita Whatslov Navy 12657D4NA,Rp107.940,107940.0
atasan-wanita,Aerostreet Luxy Kaos Lengan Panjang Wanita Perfect Fit Cotton Cloud White T-shirt Long Sleeve Women Casual Cotton Premium Basic Minimalis Lembut Nyaman 1B400,Rp134.900,134900.0
atasan-wanita,3Mongkis - Atasan Wanita Alyssa Top,Rp425.000,425000.0
atasan-wanita,This Is April Gabriela Top Atasan Rajut Wanita Lengan Pendek Polo Shirt Daily Wear Korean Style Dark Brown dan Dusty Blue,Rp289.000,289000.0
atasan-wanita,Blouse Rajut Wanita Transparan Lengan Panjang 10114B – Accessible Luxury,Rp549.900,549900.0
atasan-wanita,KNITTED SWEATER HALF - BLACK,Rp799.000,799000.0
atasan-wanita,FORUME - Velora Top / Halter Top / Sabrina Top / Atasan Wanita Pesta,Rp159.000,159000.0
atasan-wanita,Hush Puppies Kaos Wanita CEMBER White,Rp331.300,331300.0
atasan-wanita,ONYCHA - Crop Shirt In Black,Rp439.000,439000.0
atasan-wanita,HijabChic Celva Top - Kemeja Stripe Cotton Kerah Tali Timeless,Rp139.000,139000.0
atasan-wanita,ADA - Vania Blouse Crop Top Knit Double Ruched Side #K015,Rp226.710,226710.0
atasan-wanita,Dama kara Aksata Vest Lace,Rp459.000,459000.0
atasan-wanita,FAME | 9211671 | Blouse Wanita Lengan 7/8 Detail Dasi Maroon,Rp199.900,199900.0
atasan-wanita,Columbia Women's Leslie Falls Short Sleeve - Safari Tigerlns Tnl,Rp259.600,259600.0
atasan-wanita,Loony - Araya - Shirt Bordir,Rp239.999,239999.0
atasan-wanita,Baju Santai Ombak Laut Hitam,Rp1.250.000,1250000.0
atasan-wanita,Monellina 601278 Blouse Oversize Wanita Batwing Lengan 3/4,Rp85.000,85000.0
atasan-wanita,Crop Hoodie Basic Polos Tebal Wanita Maroon,Rp120.000,120000.0
atasan-wanita,OCWA YE OVERSIZED RAW CUT TEE ARMY WOMAN,Rp289.000,289000.0
atasan-wanita,Geulis.id SO-COOL ROUND NECK INNER / MANSET WANITA / ATASAN WANITA (3 warna),Rp158.460,158460.0
atasan-wanita,LLACES Clothing - Blouse Wanita - Rib Knit Lark Tee V Neck - Navy,Rp168.350,168350.0
atasan-wanita,Geulis.id SO-COOL TURTLE NECK INNER / MANSET WANITA / ATASAN WANITA (3 warna),Rp169.860,169860.0
atasan-wanita,Popsicles Longsleeve Boxy Lengan Panjang Hitam Wezy - Boxy Crop Longsleeve Kaos Unisex Printing Tee,Rp120.000,120000.0
atasan-wanita,ESROCTE Kemeja Salur Wanita Regular Lengan Panjang ST5 - 001,Rp68.900,68900.0
atasan-wanita,Kemeja Loose Fit Wanita Cardinal G0847J02H,Rp129.000,129000.0
atasan-wanita,Baju Santai Nitik Cerah SMM,Rp2.000.000,2000000.0
atasan-wanita,Et Cetera Textured Mandarin Collar Tied Vest RED,Rp199.000,199000.0
atasan-wanita,Gaudi PrP. Kemeja Garis Garis Wanita Secha Shirt,Rp258.000,258000.0
atasan-wanita,C2 Khanla Green Casual Maxi Shirt Wanita,Rp159.900,159900.0
atasan-wanita,This Is April Carolina Top Atasan Kemeja Wanita Lengan Panjang Crinkle Casual Oversize Daily Wear Blue dan Khaki,Rp279.000,279000.0
atasan-wanita,DT145 thirdday kaos balita small dakir katakana white,Rp65.400,65400.0
atasan-wanita,Third Day LTB63 BK simple does it pk T-shirt Pink,Rp71.400,71400.0
atasan-wanita,LTA52Y s-s Lds Katakana underline cst blk,Rp119.000,119000.0
atasan-wanita,Third Day LTB38F l-s crop hod outline logo list logo blk,Rp89.400,89400.0
atasan-wanita,LTA65Y s/s Lds katakana wh-red lines blk,Rp119.000,119000.0
atasan-wanita,Ixora Barika Oversized Shirt - Kemeja Wanita Oversize Lengan Panjang Motif Abstrak,Rp192.000,192000.0
atasan-wanita,Alunicorn - Royale Classic Series - Kemeja Katun Bordir Wanita - Desain Elegan & Detail Renda,Rp311.600,311600.0
atasan-wanita,"Kaos Baju Distro Murah Motif ""EREN YEAGER"" Original Premium Tebal Unisex Katun 24S Cewe Cowo Pasangan Nyaman pria",Rp67.800,67800.0
atasan-wanita,KAOS WANITA oversize gambar EXO series,Rp56.000,56000.0
atasan-wanita,Kaos Rohani LD73DB I am Confident,Rp36.000,36000.0
atasan-wanita,Yoenik Eunji Lace Collar Tops - Kemeja Vintage - Kemeja Renda Korean Style - Baju Wanita Casual,Rp91.500,91500.0
atasan-wanita,Deus Ex Machina Indonesia - Women Address 2 Tee,Rp425.000,425000.0
atasan-wanita,HOSOFSHOPAHOLIC - NAVA SHIRT - Atasan Wanita - Ribbon Shirt,Rp149.999,149999.0
atasan-wanita,COLORBOX Short Sleeve Graphic T-Shirt I-TSKBBT225J310-LT. BLUE,Rp79.900,79900.0
atasan-wanita,Nalure Naila Kemben | Knitwear Wanita | Variasi Tosca,Rp48.000,48000.0
atasan-wanita,Dinarsya Official - Kemeja Basic Wanita Rayon Twill Kemeja Kerja Kantor Oversize Atasan Baju,Rp69.000,69000.0
atasan-wanita,Michael's Collection - Blouse Han Kyeol Baju Lembut,Rp90.000,90000.0
atasan-wanita,White Mode Desiree Blouses Cream - Pakaian Atasan Wanita,Rp50.000,50000.0
atasan-wanita,KAOSAYE - Legend Never Down t-shirt (Pria & Wanita),Rp69.500,69500.0
atasan-wanita,KAOSAYE - Introvert t-shirt (Pria & Wanita),Rp69.500,69500.0
atasan-wanita,Kaos Polo Panjang Coklat / Kaos Kerah / Poloshirt / Polo Shirt Panjang Cewek Cowok Nyaman Dipakai Untuk Seragam Sehari-hari Maupun Aktivitas Luar Ruangan (Dapat Bordir Sablon Logo Tinggal DM),Rp49.000,49000.0
atasan-wanita,HaymeeIDN - Kemeja Polos Wanita Baju Kantor Jumbo Cewek Formal Atasan Kerja Katun Toyobo Fodu Kain Jepang Basic,Rp76.000,76000.0
atasan-wanita,Deus Ex Machina Indonesia - Woman Address Young Jeerk Tee,Rp525.000,525000.0
atasan-wanita,COLORBOX Square Neck Short Sleeve Rib Top I-TSKBSC505O512 Lime,Rp99.900,99900.0
atasan-wanita,COLORBOX Smocked Sleeveless Top I-SLWFCR226A192 OFF WHITE,Rp199.900,199900.0
atasan-wanita,*Ready Stok* SISTER'S - Atasan Brukat Kombi Kaos C1512 (CAP),Rp539.000,539000.0
atasan-wanita,Pierre Cardin Basic Ribbed Padded T-Shirt 309-3097BT,Rp189.000,189000.0
atasan-wanita,Jakarta Barat,Rp150.000,150000.0
atasan-wanita,Urban Exchange Savana Pink Blouse - Atasan Blouse Formal Lengan Pendek,Rp263.200,263200.0
atasan-wanita,duapola Bordir Strip Cotton Blouse 15022 - Green,Rp99.000,99000.0
atasan-wanita,Third Day LTD71 Kl Simple Doest It Navy Kaos Casual Wanita,Rp109.000,109000.0
atasan-wanita,duapola Flower Strip Cotton Blouse 5022 - Green,Rp99.000,99000.0
atasan-wanita,Third Day LTA38X s-s Lds Katakana 2lines box nv,Rp109.000,109000.0
atasan-wanita,LTA58Y s/s Lds Tori daijiro underline cst nv,Rp119.000,119000.0
baju-tidur-wanita,Baju Tidur Organic Silk GREET model : T-123 / H,Rp275.000,275000.0
baju-tidur-wanita,"AKLOVER Piyama tiga potong, set baju rumah lengan pendek, piyama warna solid",Rp95.500,95500.0
baju-tidur-wanita,Suko Pajamas Motif Setelan Piyama Wanita 123175065,Rp279.900,279900.0
baju-tidur-wanita,Baju Tidur Kaos Katun GREET model : E-298 / BD,Rp215.000,215000.0
baju-tidur-wanita,GREET NIGHT WEAR Baju Tidur Kaos Katun Model : D-361 / HB,Rp225.000,225000.0
baju-tidur-wanita,GREET NIGHT WEAR - Baju Tidur Kaos Katun Model : D-366 / D XL 10P,Rp225.000,225000.0
baju-tidur-wanita,GREET NIGHT WEAR Model : T-759 / PP Kerah ORGANIC SILK,Rp340.000,340000.0
baju-tidur-wanita,Maddie Lee Piyama Wanita Dewasa Sevin Full Print Lovely Owl,Rp229.000,229000.0
baju-tidur-wanita,Maddie Lee Piyama Wanita Dewasa Sevin Stripe Bord Capi Sono,Rp245.000,245000.0
baju-tidur-wanita,Maddie Lee Piyama Wanita Dewasa Sevin Blooming Flower,Rp255.000,255000.0
baju-tidur-wanita,Chils One Set Kemeja Celana Kulot Satu Set Baju Wanita Kekinian,Rp250.000,250000.0
baju-tidur-wanita,Yale Babydoll Sleepwear S-7XL Big Size Nightgown Lingerie Fit Nyaman Silk Dress Tidur Basic Mini,Rp115.000,115000.0
baju-tidur-wanita,DASTER LOWO TCAP LD 150 PB 120 cantik lembut rayon tebal Wanita Busui Bumil Pendek Katun Panjang,Rp97.000,97000.0
baju-tidur-wanita,Wacoal Piyama INC 1001 - Bronze,Rp432.000,432000.0
baju-tidur-wanita,Piyama Wacoal INC 1001 - Biru dengan Motif Floral Lembut,Rp432.000,432000.0
baju-tidur-wanita,Wacoal Piyama INC 1003 - Black Cotton Premium,Rp477.000,477000.0
baju-tidur-wanita,[COD] VIMISU 015 Summer Piyama baju tidur lucu tangan dan celana panjang 1 set Wanita Setelan Pendek Satin,Rp69.000,69000.0
baju-tidur-wanita,GREET NIGHT WEAR Baju Tidur Kaos Katun Slim Fit model : E-290 / PP (Slim Fit),Rp235.000,235000.0
baju-tidur-wanita,AKLOVER Baju Tidur Panjang Tanpa Lengan Dicetak Piyama Wanita Bagian Tipis Katun Sutra Keren Layanan Rumah Rok Pendek Gaun Segar Elegan,Rp118.040,118040.0
baju-tidur-wanita,GREET Model : K-178 / DK,Rp210.000,210000.0
baju-tidur-wanita,DELOFI Homewear Daster Amanda Panjang Maxi Dress Premium Rayon Viscose,Rp216.000,216000.0
baju-tidur-wanita,GREET NIGHT WEAR - Daster Organic Silk Model : T-658 / DV Oblong,Rp255.000,255000.0
baju-tidur-wanita,Disney Minnie Cherry In Line Viscose Setelan Piyama Wanita 123767087,Rp249.900,249900.0
baju-tidur-wanita,Disney Pooh Smell The Flower Viscose Setelan Piyama Wanita 123781730,Rp247.400,247400.0
baju-tidur-wanita,Piyama Couple Set Cotton Ayah Bunda LEZAHRASIGNATURE Baju Tidur Lengan Pendek Wanita Pria Size M-XXL Polos Seserahan Material Katun Rayon Busui Friendly Celana Pinggang Karet Saku Kiri Kanan,Rp978.000,978000.0
baju-tidur-wanita,Suko Lengan Panjang Celana Pendek Setelan Piyama Wanita 123175056,Rp279.900,279900.0
baju-tidur-wanita,Third Day LC004 CLM celamis celana tidur panjang wanita hitam TDLA,Rp105.000,105000.0
baju-tidur-wanita,Tulip One Set Sleepwear Lingerie - TLI-9244,Rp200.000,200000.0
baju-tidur-wanita,"Daster Mocaca Kimono Lengan 3/4 untuk Wanita Panjang Tidur Motif Piyama - Katun, Pendek, Bumil, Kancing",Rp135.000,135000.0
baju-tidur-wanita,UNINICE Gaun tidur suspender gaya seksi musim panas satu ukuran baru dengan desain sambungan renda,Rp75.800,75800.0
baju-tidur-wanita,GREET NIGHT WEAR Baju Tidur Kaos Katun Slim Fit Model : E-273 / HB Oblong,Rp210.000,210000.0
baju-tidur-wanita,GREET NIGHT WEAR Baju Tidur Kaos Katun Model : E-272 / HB,Rp225.000,225000.0
baju-tidur-wanita,Maddie Lee Piyama Wanita Dewasa Krah Basic Bearly Awake,Rp239.000,239000.0
baju-tidur-wanita,Maddie Lee Piyama Wanita Dewasa Sevin Stripe Bord Elephant,Rp289.000,289000.0
baju-tidur-wanita,Piyama Wacoal INC 1002 Ungu Motif - Baju Tidur Wanita Katun Premium,Rp432.000,432000.0
baju-tidur-wanita,MoonAlice | Leticia (70-120cm) Baju Tidur Wanita Daster Rayon Dress Tanpa Lengan viral Piyama,Rp92.000,92000.0
baju-tidur-wanita,Brasay Pakaian Wanita Daster Motif Kartun Bigsize Korea Style 4017,Rp40.149,40149.0
baju-tidur-wanita,GREET NIGHT WEAR Baju Tidur Kaos Katun Model : D-304 / PPK,Rp240.000,240000.0
baju-tidur-wanita,Baju Tidur Organic Bamboo Premium size M,Rp220.000,220000.0
baju-tidur-wanita,GREET NIGHT WEAR - Baju Tidur Katun Jepang Celana Panjang K- PP XL (1),Rp210.000,210000.0
baju-tidur-wanita,Tracy Babydoll Sleepwear S-7XL Big Size Nightgown Fit Nyaman Lingerie Panjang Tidur Wanita Basic Silk Soft,Rp109.000,109000.0
baju-tidur-wanita,ORIANA VINESHA Daster Pendek Collection | Midi Dress Daster Rayon Busui Friendly,Rp79.000,79000.0
baju-tidur-wanita,Nevada Palm Embro Detailed Viscose Setelan Piyama Wanita 123789705,Rp247.400,247400.0
baju-tidur-wanita,You've Sleewear Dua Case Two Bears 805-10 Baju Tidur Wanita Set,Rp124.168,124168.0
baju-tidur-wanita,Forland Braless Piyama Set Baju Tidur Short Sleeve / Lengan Pendek,Rp199.999,199999.0
baju-tidur-wanita,GREET NIGHT WEAR - Baju Tidur TENCEL™ Micro Modal : TC-260 / PP Kerah,Rp390.000,390000.0
baju-tidur-wanita,Lola Jumpsuit Sleepwear S-7XL Big Size M229B Fit Nyaman Fit Nyaman Tidur Wanita Silk Baju Basic,Rp135.000,135000.0
baju-tidur-wanita,Wacoal Piyama INC 3004 - Ivory Polos,Rp522.000,522000.0
baju-tidur-wanita,DASTER LOWO KARTIKA TCAP LD 150 PB 120 Wanita Busui Rayon Kancing Bumil Panjang Dress Katun,Rp99.000,99000.0
baju-tidur-wanita,GREET NIGHT WEAR KATUN JEPANG Model : K-143 / PPK,Rp180.000,180000.0
baju-tidur-wanita,GREET model : E-234 / PTP,Rp260.000,260000.0
baju-tidur-wanita,Piyama Premium Adinata Batik Alesya,Rp219.000,219000.0
baju-tidur-wanita,GREET Model : D-358 / HK,Rp230.000,230000.0
baju-tidur-wanita,Baju Tidur Kaos Katun GREET model : E-295 / PP (Slim Fit),Rp198.000,198000.0
baju-tidur-wanita,LAZY Pajamas Tencel Silk Daster Prusse Blue | Piyama Daster,Rp599.000,599000.0
baju-tidur-wanita,Baju Tidur Katun Jepang GREET Model : K-897 / PTP XL,Rp275.000,275000.0
baju-tidur-wanita,MISSDASTER - Daster Kimono Pendek Rayon Motif Busui Friendly Lembut Nyaman Bumil Wanita daster remaja,Rp67.500,67500.0
baju-tidur-wanita,GREET NIGHT WEAR Baju Tidur Kaos Katun Slim Fit Model : E-265 / PTP,Rp245.000,245000.0
baju-tidur-wanita,OLIVIA Delace Pajamas Set Premium Baju Tidur Wanita Piyama Sleepwear,Rp195.000,195000.0
baju-tidur-wanita,(Indonesia Stock) KOBENI Daster Import Wanita Piyama Daster Spandek Daster Lucu Motif Korea Gaun Wanita pakaian dalam seksi/piyama seksi/ / Wanita/Gaun Tidur（HW-012） loose,Rp170.000,170000.0
baju-tidur-wanita,Luludi Piyama LNP 5123 - Hijau Motif Bunga,Rp324.000,324000.0
baju-tidur-wanita,Sleepwear Set Baju Tidur Dewasa Piyama Big Size S-XXXL Sofia SS161,Rp145.000,145000.0
baju-tidur-wanita,GREET NIGHT WEAR - Baju Tidur Katun Jepang Model : K-896 / PTP XL,Rp275.000,275000.0
baju-tidur-wanita,Baju Tidur Kaos Katun GREET model : E-296 / BD (Slim Fit),Rp230.000,230000.0
baju-tidur-wanita,GREET NIGHT WEAR Baju Tidur Kaos Katun Slim Fit Model : E-301 / PTP,Rp260.000,260000.0
baju-tidur-wanita,GREET NIGHT WEAR - Baju Tidur Katun Jepang BD Size 2L,Rp210.000,210000.0
baju-tidur-wanita,ORIANA Daster Allsize Collection | Daster Rayon Busui Full Kancing,Rp149.000,149000.0
baju-tidur-wanita,Baju Tidur GREET model : E-287 / PP,Rp235.000,235000.0
baju-tidur-wanita,Disney Pooh And Friends In Something Red Tee Setelan Piyama Wanita 123598215,Rp247.400,247400.0
baju-tidur-wanita,[LAST STOCK SALE] ORIANA Daster DEASY CAYYA Busui Friendly Collection,Rp99.000,99000.0
baju-tidur-wanita,Daiva Encim – Daster Lowo Encim Jumbo LD 140/ Daster Batik Cap Bunga,Rp160.000,160000.0
baju-tidur-wanita,Daster Kalong Jumbo Batik Cap/ Daster Lowo Busui Rayon Premium Daiva,Rp155.000,155000.0
baju-tidur-wanita,Chils Daster Kimono V-Neck Daster Busui Panjang Size Standar dan Jumbo,Rp250.000,250000.0
baju-tidur-wanita,Wacoal Piyama INC 1003 - Soft Blue,Rp477.000,477000.0
baju-tidur-wanita,Batik Temu Jodo - Daster Rayon Motif Seno,Rp49.000,49000.0
baju-tidur-wanita,Wacoal Piyama INC 1003 - Navy,Rp477.000,477000.0
baju-tidur-wanita,Luludi Piyama LNP 5123 - Soft Yellow,Rp324.000,324000.0
baju-tidur-wanita,Pierre Cardin Pillow Soft Short Slip Dress 309-3192N,Rp400.000,400000.0
baju-tidur-wanita,Wacoal Piyama INC 1003 - Green,Rp477.000,477000.0
baju-tidur-wanita,GREET NIGHT WEAR - Baju Tidur TENCEL Modal : TC-110 / HO Size M-L,Rp330.000,330000.0
baju-tidur-wanita,Maddie Lee Piyama Wanita Dewasa Sevin Little Mermaid,Rp259.000,259000.0
baju-tidur-wanita,YANU | Dress Tidur Wanita Dewasa 288,Rp64.000,64000.0
baju-tidur-wanita,GREET NIGHT WEAR - Baju Tidur Tencel Model : TC-096 / PP O (Size M-L),Rp380.000,380000.0
baju-tidur-wanita,Jane Delace Dress Terusan Homewear,Rp135.000,135000.0
baju-tidur-wanita,SHARLA Delace Piyama Baju Tidu Lengan Panjang Pajamas Pyjamas,Rp245.000,245000.0
baju-tidur-wanita,Marissa Collections - Ailee Daster Bordir Rayon Twill Premium Pendek Tidur,Rp104.900,104900.0
baju-tidur-wanita,Lazy Pajamas® Classic PLAY Pajamas Set - Dusty Pink | Piyama | Baju Tidur,Rp389.000,389000.0
baju-tidur-wanita,duapola Baju Tidur Tanktop Katun Premium Celana Pendek 7893 - Hitam,Rp529.900,529900.0
baju-tidur-wanita,KEIKO Delace Piyama Tidur Kimono Set Daster Wanita,Rp198.000,198000.0
baju-tidur-wanita,Daster denim mix batik premium LS.469 Katun Biru Busui Cantik Kombinasi Motif Biru Busui,Rp111.800,111800.0
baju-tidur-wanita,Setelan Piyama Ayah Bunda Fit L-XXL LEZAHRASIGNATURE Couple Set Baju Tidur Lengan Panjang Celana Panjang Katun Tencel,Rp1.038.000,1038000.0
baju-tidur-wanita,YouVe Baju Tidur Pakaian Dalam Wanita 6363,Rp167.656,167656.0
baju-tidur-wanita,Yukensi – Daster Tanpa Lengan Batik Cap Rayon Halus/ Daster Anak Muda LD100,Rp126.000,126000.0
baju-tidur-wanita,GREET NIGHT WEAR - Baju Tidur Katun Jepang PP Size XXXXL,Rp235.000,235000.0
baju-tidur-wanita,"MALOVA WUus Pajamas | Alonica Short Piyama | Set Baju Tidur Wanita Pendek Bahan Adem, Tidak Mudah Kusut dan Tidak Susut remaja xxl",Rp110.000,110000.0
baju-tidur-wanita,DYD LABEL Nayla Daster Selutut Bumil Busui Friendly Bahan Rayon Premium Dress Kancing Nyaman Hypoallergenic All Size Fit to XL,Rp129.000,129000.0
baju-tidur-wanita,Luludi Lingerie Piyama LN 5124 - Purple motif bunga,Rp324.000,324000.0
baju-tidur-wanita,ORIANA KAVA Innaira Meylani Series | Kaftan Daster Pendek Busui Collection,Rp80.000,80000.0
baju-tidur-wanita,Baju Tidur Vignolia KJ-2401B Pendek,Rp159.000,159000.0
baju-tidur-wanita,Wacoal Piyama INC 3004 - Navy Polos - Viscose,Rp522.000,522000.0
baju-tidur-wanita,GREET Model : E-276 / BD Slimfit,Rp215.000,215000.0
baju-tidur-wanita,Lazy Pajamas Heirloom Women Pajamas Set - Helsinki | Piyama | Baju Tidur,Rp449.000,449000.0
baju-tidur-wanita,LAZY® Pajamas Chez Nous Short Long Kids Pajamas - Brique,Rp379.000,379000.0
baju-tidur-wanita,Suryo Kusumo Batik - Nayra LD 120 – Daster Wanita Batik Cap Kekinian Motif Bunga Kecil Vintage Busui Friendly Bahan Rayon Premium,Rp145.000,145000.0
baju-tidur-wanita,GREET NIGHT WEAR - Baju Tidur Katun Jepang Model : K-906 / HK (Size M),Rp205.000,205000.0
baju-tidur-wanita,Dinarsya Official - MOKACINO SERIES DASTER LOWO 100RB DAPAT 3PCS RAYON BUSUI JUMBO Bumil Resleting,Rp109.000,109000.0
baju-tidur-wanita,daster rose / daster rayon / daster dewasa daster jumbo / daster katun,Rp49.000,49000.0
baju-tidur-wanita,Wacoal Piyama INC 1002 - Abu Abu Tua - Katun Premium,Rp432.000,432000.0
baju-tidur-wanita,Wacoal Piyama INC 1002 dengan Material Cotton Premium,Rp432.000,432000.0
baju-tidur-wanita,Wacoal Piyama INC 1002 - Ungu Keabuan - Katun Motif,Rp432.000,432000.0
baju-tidur-wanita,Baju Tidur Organic Silk GREET model : T-188 / HK,Rp275.000,275000.0
baju-tidur-wanita,(Indonesia Stock) KOBENI Piyama Korea Lengan Pendek Celana Pendek Motif Kartun Lucu Setelan Tidur Hotpants（HW-003） Wanita baju tidur loose,Rp396.000,396000.0
baju-tidur-wanita,Lingerie Sexy Wanita | Baju Tidur Seksi | Piyama Tidur Seksi SanAmoreZ Camila,Rp89.000,89000.0
baju-tidur-wanita,Luludi Piyama LNP 5080 - Cream Motif Bunga,Rp405.000,405000.0
baju-tidur-wanita,Maddie Lee Piyama Wanita Dewasa Sevin Stripe Bord My Puddle,Rp229.000,229000.0
baju-tidur-wanita,[KOREAN COLLECTION] SUZY SET - INTERLOCK 001 H / PP,Rp235.000,235000.0
baju-tidur-wanita,Baju Tidur Kaos Katun GREET model : E-240 / HB,Rp225.000,225000.0
baju-tidur-wanita,DELOFI Homewear Daster Haruka Kimono Maxi Dress Hamil Busui Unik Premium Rayon Viscose,Rp207.000,207000.0
baju-tidur-wanita,SLEEP PROJECT Unisex Pajama Set ELOISE Piyama Sateen,Rp699.000,699000.0
baju-tidur-wanita,GREET NIGHT WEAR Baju Tidur Katun Jepang model : K-014 / PPK,Rp230.000,230000.0
baju-tidur-wanita,GREET NIGHT WEAR Baju Tidur model :S-106 / HK,Rp220.000,220000.0
baju-tidur-wanita,GREET NIGHT WEAR - Baju Tidur EUCA Model : EA-001 / HK,Rp260.000,260000.0
baju-tidur-wanita,Suryo Kusumo Batik - Viona LD 110 - Home Dress Daster Batik Cap Premium Wanita | Daster Bahan Rayon Flowy Adem Halus | Baju Tidur Cantik,Rp145.000,145000.0
baju-tidur-wanita,Brasay Baju Tidur Kimono Ikat Samping asHot Big Size Baju Tidur wanita Jumbo Piyama 3189,Rp54.999,54999.0
baju-tidur-wanita,Missoofficial.id BS1606 Baju Setelan Santai Korea Dewasa Piyama Pakaian Tidur Perempuan Motif Polos Bahan Ice Silk,Rp64.662,64662.0
baju-tidur-wanita,Luludi Piyama LNP 5123 - Hijau Motif Bunga,Rp324.000,324000.0
baju-tidur-wanita,Sleepwear Set Baju Tidur Dewasa Piyama Big Size S-XXXL Sofia SS161,Rp145.000,145000.0
baju-tidur-wanita,GREET NIGHT WEAR - Baju Tidur Katun Jepang Model : K-896 / PTP XL,Rp275.000,275000.0
baju-tidur-wanita,Baju Tidur Kaos Katun GREET model : E-296 / BD (Slim Fit),Rp230.000,230000.0
baju-tidur-wanita,GREET NIGHT WEAR Baju Tidur Kaos Katun Slim Fit Model : E-301 / PTP,Rp260.000,260000.0
baju-tidur-wanita,GREET NIGHT WEAR Baju Tidur Kaos Slim Fit Model : E-229 / HB,Rp205.000,205000.0
baju-tidur-wanita,Wacoal Piyama INC 1002 - Pink,Rp432.000,432000.0
baju-tidur-wanita,GREET NIGHT WEAR - Baju Tidur TENCEL™ Micro Modal : TC-260 / HK Size M - L - XL,Rp330.000,330000.0
baju-tidur-wanita,GREET NIGHT WEAR Baju Tidur Kaos Katun Model D-358 / HB,Rp225.000,225000.0
baju-tidur-wanita,GREET NIGHT WEAR - Piyama Organic Silk Model : T-400 / HK,Rp275.000,275000.0
baju-tidur-wanita,GREET NIGHT WEAR - Baju Tidur Kaos Katun Model : E-217 / HB,Rp225.000,225000.0
baju-tidur-wanita,Leesy.Id - Daster Rayon Premium Busui Friendly Motif Feny,Rp120.000,120000.0
baju-tidur-wanita,GREET NIGHT WEAR Baju Tidur Kaos Katun Model : D-395 / PP Kerah,Rp240.000,240000.0
baju-tidur-wanita,Brasay Baju Tidur Kimono Ikat Samping asHot Big Size Baju Tidur wanita Jumbo Piyama 3189,Rp54.999,54999.0
baju-tidur-wanita,GREET NIGHT WEAR Baju Tidur Kaos Katun Model : D-379 / H Oblong,Rp225.000,225000.0
baju-tidur-wanita,UNINICE Lengan Panjang Rok Tidur Renda Piyama Pakaian Rumah,Rp108.000,108000.0
baju-tidur-wanita,Wacoal Piyama INC 1002 - Biru,Rp432.000,432000.0
baju-tidur-wanita,Monellina PRETTY Daster Oversize Wanita Lengan Panjang Tie Dye,Rp60.000,60000.0
baju-tidur-wanita,DYD LABEL Kamaya Daster Selutut Bumil Busui Friendly Bahan Rayon Premium Front Zipper Size Up to XL,Rp119.000,119000.0
baju-tidur-wanita,Monellina SUROPU Piyama Jumbo Wanita Lengan Panjang Tie Dye,Rp90.000,90000.0
baju-tidur-wanita,Maddie Lee Piyama Wanita Dewasa Danisa Fly Bird,Rp239.000,239000.0
baju-tidur-wanita,GREET NIGHT WEAR - Baju Tidur TENCEL TM Model : TC-226 / H Oblong,Rp340.000,340000.0
baju-tidur-wanita,Piyama Katun Lengan Pendek LEZAHRASIGNATURE Baju Tidur Katun Wanita FIT M-XXL,Rp499.000,499000.0
baju-tidur-wanita,Pierre Cardin Sleepwear Viscose Camisole Short 309-3188N,Rp400.000,400000.0
baju-tidur-wanita,BATIK TRUSMI Dress Pakaian Santai Daster DWS Joyi Hijau MEI Busui Katun Rayon Motif Cantik Lembut Cantik Lembut Cantik Lembut Cantik Lembut Cantik Lembut Cantik Lembut Cantik Lembut Nyaman Wanita Panjang Dewasa,Rp175.000,175000.0
baju-tidur-wanita,Marissa Collections - Daisy Daster Bordir Gamis Rayon Twill Lembut Busui Friendly Tangan Panjang 3/4 Polos Nyaman Bumil Busui Friendly,Rp129.900,129900.0
baju-tidur-wanita,Baju Tidur kaos Katun GREET model : E-290 / PTP (Slim fit),Rp245.000,245000.0
baju-tidur-wanita,GREET NIGHT WEAR - Daster Organic Silk Model : T-747 / DK,Rp240.000,240000.0
baju-tidur-wanita,GREET NIGHT WEAR - Baju Tidur TENCEL™ Micro Modal : TC-251 / HK XL,Rp355.000,355000.0
baju-tidur-wanita,ORIANA PAULIE Piyama Paris Blossom Series,Rp199.000,199000.0
baju-tidur-wanita,Lazy Pajamas® Classic PLAY Pajamas Set - Butter | Piyama | Baju Tidur,Rp389.000,389000.0
baju-tidur-wanita,ORIANA MAHIKA Daster Allsize Collection | Daster Rayon Busui Friendly,Rp124.000,124000.0
baju-tidur-wanita,GREET NIGHT WEAR Baju Tidur Kaos Katun Model : D-358 / PPK,Rp240.000,240000.0
baju-tidur-wanita,ORIANA MABEL Daster Busui Series Allsize Collection,Rp114.000,114000.0
baju-tidur-wanita,You've Ma.Coky Sleepwear 55510 Baju Tidur Wanita Set Lengan Panjang,Rp153.544,153544.0
baju-tidur-wanita,Lalucuku Pajamas Series Oyster Baju Tidur Wanita Piyama Hangout Oneset kekinian Busui Frendly,Rp189.000,189000.0
baju-tidur-wanita,SLEEP PROJECT Unisex Pajama Set PLAIN NAVY Piyama Sateen,Rp699.000,699000.0
baju-tidur-wanita,Joey Babydoll Sleepwear S-7XL Big Size Nightgown Lingerie Fit Nyaman Tidur Wanita Renda Dress,Rp109.000,109000.0
baju-tidur-wanita,GREET NIGHT WEAR Baju Tidur Kaos Katun Slim Fit Model : E-269 / HB,Rp225.000,225000.0
baju-tidur-wanita,GREET Model : E-231 / HB,Rp180.000,180000.0
baju-tidur-wanita,GREET NIGHT WEAR Baju Tidur Katun Jepang Model : K-214 / PP,Rp225.000,225000.0
baju-tidur-wanita,Pusat Mukena Indonesia - Daster Polos Rayon Ruffle,Rp39.900,39900.0
baju-tidur-wanita,Felancy Sleepwear Dress 078-NE6104,Rp195.000,195000.0
baju-tidur-wanita,GREET NIGHT WEAR KAOS KATUN MODEL SLIMFIT : E-269 / BD,Rp185.000,185000.0
baju-tidur-wanita,GREET NIGHT WEAR - Baju Tidur TENCEL™ Micro Modal : TC-231 / PP (SIZE M),Rp380.000,380000.0
baju-tidur-wanita,Sorella Botanical Secret Midi Short Sleeves Dress S35-NE3078,Rp380.000,380000.0
baju-tidur-wanita,Sorella Loungewear Luxe Whisper Slip Dress N35-NE3052,Rp405.000,405000.0
baju-tidur-wanita,Luludi Piyama LNP 5122 - Biru Muda,Rp342.000,342000.0
baju-tidur-wanita,Luludi Piyama LNP 5123 - Hijau Motif Awan,Rp324.000,324000.0
baju-tidur-wanita,Brasay Baju Tidur Wanita Daster Kimono Motif Kartun 4075,Rp85.799,85799.0
baju-tidur-wanita,Wacoal Lingerie INP 4164,Rp225.000,225000.0
baju-tidur-wanita,AIYILIAN - Dress cantik Lingerie Set 2IN1 Kimono D110 Bahan Premium Lace,Rp89.000,89000.0
baju-tidur-wanita,LAZY Pajamas Gift Set | Pajamas + Elmer Set,Rp658.000,658000.0
baju-tidur-wanita,ORIANA CARMELLA Gamis Collection | Daster Gamis Hijab Friendly,Rp119.000,119000.0
baju-tidur-wanita,Disney Toy Story Wonderful Wishes Setelan Piyama Wanita 123901912,Rp247.400,247400.0
baju-tidur-wanita,GREET NIGHT WEAR Baju Tidur kaos Katun model : D-404 / H,Rp225.000,225000.0
baju-tidur-wanita,GREET NIGHT WEAR - Daster TENCEL™Micro Modal :TC-244 / DV Neck,Rp315.000,315000.0
baju-tidur-wanita,MISSDASTER - Daster Panjang Rayon Motif Busui Semata Kaki Nyaman Lembut Pendek daster remaja,Rp11.900,11900.0
baju-tidur-wanita,Luludi Piyama LNP 5123 - Kuning Bunga,Rp324.000,324000.0
baju-tidur-wanita,Wacoal Piyama INC 1002 - Dusty Pink,Rp432.000,432000.0
baju-tidur-wanita,Baju Tidur Kaos Katun GREET model : E-290 / BD,Rp230.000,230000.0
baju-tidur-wanita,Baju Tidur Katun Jepang BT-002,Rp160.000,160000.0
baju-tidur-wanita,Lazy Pajamas Bundle of 2 Morgen Pajamas Set | Piyama | Baju Tidur,Rp899.000,899000.0
baju-tidur-wanita,GREET NIGHT WEAR Baju tidur kaos slimfit Model : E-211 / HB,Rp189.000,189000.0
baju-tidur-wanita,GREET NIGHT WEAR Baju Tidur Katun Jepang Model : K-193 / PP Kerah XL,Rp255.000,255000.0
baju-tidur-wanita,GREET NIGHT WEAR - Baju Tidur Katun Jepang Model : K-908 / PTPK,Rp245.000,245000.0
baju-tidur-wanita,Baju Tidur Kaos Katun GREET model : D-393 / BD (Size M),Rp245.000,245000.0
baju-tidur-wanita,DYD LABEL Emily Piyama Premium Exclusive Series Setelan Baju Pendek & Celana Panjang Bahan Silk Lembut Adem Nyaman Busui Friendly Full Kancing,Rp369.000,369000.0
baju-tidur-wanita,AKLOVER Set Piyama Tali Ikat Sutra Es Dua Potong Dengan Bantalan Dada Dan Pakaian Rumah Tanpa Lengan,Rp112.560,112560.0
baju-tidur-wanita,"AKLOVER Piyama tiga potong, set baju rumah lengan pendek, piyama warna solid",Rp95.500,95500.0
baju-tidur-wanita,Piyama Wacoal INC 1003 dengan Motif Cute di Hijau - Wanita Katun Premium,Rp477.000,477000.0
baju-tidur-wanita,Selin Babydoll Lingerie Sleepwear S-7XL Fit Panjang Lingerie Silk Spandex Soft Wanita,Rp107.000,107000.0
baju-tidur-wanita,Pojok Busana Cover Daster Batik Rayon Print All Size - Baju Tidur Wanita Kalong,Rp89.900,89900.0
baju-tidur-wanita,BATIK TRUSMI Setelan Pakaian Santai Busui Friendly Piyama Tunik AQ,Rp219.000,219000.0
baju-tidur-wanita,ORIANA GAITHA Daster Rayon Collection,Rp114.000,114000.0
baju-tidur-wanita,Bundle of 2 Playjamas Set | Piyama | Baju Tidur,Rp814.000,814000.0
baju-tidur-wanita,GREET NIGHT WEAR Baju Tidur Kaos Slim Fit Model : E-239 / HB,Rp225.000,225000.0
baju-tidur-wanita,SHARLENE SET Delace Pajamas Baju Tidur Piyama Wanita,Rp235.000,235000.0
baju-tidur-wanita,BATIK TRUSMI One Set Piyama Setelan Panjang Motif Lesya Warna Hitam MOP Baju Celana,Rp219.000,219000.0
baju-tidur-wanita,GREET Model : E-246 / HB,Rp240.000,240000.0
baju-tidur-wanita,Temu Jodo Batik - ARIANA Yukensi Rayon Halus Adem Karet Dada Variasi Ada Saku,Rp45.999,45999.0
baju-tidur-wanita,You've Kimono Baju Tidur Kimono Random Sleepwear Terusan Night Gown,Rp77.200,77200.0
baju-tidur-wanita,Marissa Collections Daster Bordir Tulipa Cantik Tassel Katun Rayon Motif Premium Busui Bumil Friendly Bahan Rayon Premium Bordir Komputer Ukuran Ld 140 Cm Pb 120 Cm,Rp239.000,239000.0
baju-tidur-wanita,YOU'VE (YOU HAVE) Baju tidur Sleepwear Set BTR-13161,Rp115.528,115528.0
baju-tidur-wanita,GREET NIGHT WEAR Baju Tidur Kaos Katun Model : D-225 / BD,Rp150.000,150000.0
baju-tidur-wanita,GREET NIGHT WEAR - Baju Tidur Organic Silk H Size XL,Rp275.000,275000.0
baju-tidur-wanita,GREET NIGHT WEAR - Baju Tidur Katun Jepang Model : K-908 / PP Kerah Size M,Rp225.000,225000.0
baju-tidur-wanita,GREET NIGHT WEAR Daster Katun Jepang Model : K-178 / D Kerah XL,Rp225.000,225000.0
baju-tidur-wanita,Maliarikha Collection Amary Daster Panjang,Rp65.000,65000.0
baju-tidur-wanita,Wacoal Piyama INC 1002 - Orange,Rp432.000,432000.0
baju-tidur-wanita,Batik Keris Daster Gandul Lengan Serut Motif Keris Kembang Penjuru - Merah,Rp417.000,417000.0
baju-tidur-wanita,GREET NIGHT WEAR - Baju Tidur Tencel Motif MIX Celana 3/4 Size BD XL,Rp350.000,350000.0
baju-tidur-wanita,GREET Model : K-193 / PTPK,Rp235.000,235000.0
baju-tidur-wanita,GREET NIGHT WEAR - Baju Tidur TENCEL TM Modal : TC-185 / PP Oblong,Rp390.000,390000.0
baju-tidur-wanita,Baju Tidur Kaos Katun GREET model : E-305 / BD (Slim Fit),Rp245.000,245000.0
baju-tidur-wanita,Yukiyoru One Set by Mocaca – Piyama Lengan Pendek Celana Panjang Motif Sakura | Adem & Nyaman Dipakai Tidur Daster Rayon,Rp155.000,155000.0
baju-tidur-wanita,GREET NIGHT WEAR Baju Tidur Kaos Katun Model : E-252 / PP,Rp190.000,190000.0
baju-tidur-wanita,Wacoal Piyama INC 1002 - Coklat Tua - Katun Premium,Rp432.000,432000.0
baju-tidur-wanita,Maddie Lee Homedress Daster Wanita Dewasa Sevin Dot Bord Unicorn Pure Magic,Rp219.000,219000.0
baju-tidur-wanita,Leesy - Korean Oneset Short Pajama Chalissa,Rp170.000,170000.0
baju-tidur-wanita,Baju Tidur Katun Jepang GREET model : K-906 / PPK (SIZE M),Rp235.000,235000.0
baju-tidur-wanita,Sukahijab- Moana Daster-Bahan Rayon Twill-Homedress Premium Wanita Remaja Simple Nyaman Ruffle Cantik Bumil Busui Friendly,Rp99.000,99000.0
baju-tidur-wanita,DYD LABEL Kamila Selutut Daster Wanita Rempel Bahan Rayon Premium Resleting Depan Fit to XL Bumil Busui Friendly,Rp119.000,119000.0
baju-tidur-wanita,Brasay Pakaian Tidur Wanita Lingerie Sexy Celana Dalam G-String Women Kimono Sleepwear 3010,Rp23.999,23999.0
baju-tidur-wanita,Baju Tidur Kaos Katun GREET model : E-296 / BD (Slim Fit),Rp230.000,230000.0
baju-tidur-wanita,GREET NIGHT WEAR - Baju Tidur TENCEL™ Micro Modal: TC-260 / BD Oblong,Rp370.000,370000.0
baju-tidur-wanita,ORIANA PUTHI Minty Series | Piyama Baju Tidur Tangan Pendek Allsize Collection,Rp139.000,139000.0
baju-tidur-wanita,Felancy Sleepwear Viscose 078-NE6091,Rp195.000,195000.0
baju-tidur-wanita,LAZY Morgen Pajamas Set - Sage Stripes | Piyama | Baju Tidur,Rp479.000,479000.0
baju-tidur-wanita,Baju Tidur Organic Silk GREET model : T-093 / PP Kimono,Rp340.000,340000.0
baju-tidur-wanita,ORIANA ANFIKA Piyama Sizing Collection | Baju Tidur Pajamas One Set Sizing Collection,Rp89.000,89000.0
baju-tidur-wanita,GREET NIGHT WEAR Baju Tidur Kaos Katun Slim Fit model : E-282 / PTP,Rp245.000,245000.0
baju-tidur-wanita,ORIANA MIRANDA Midi Dress Paris Blossom Series,Rp109.000,109000.0
baju-tidur-wanita,Ashana – Daster Batik Cap Rayon Premium Jumbo/ Baju Tidur Wanita Busui LD 110,Rp136.000,136000.0
baju-tidur-wanita,Igly Babydoll Sleepwear S-7XL Big Size Nightgown Fit Nyaman Lingerie Panjang Soft Wanita Tidur Tangan Mini Dress Transparan,Rp112.000,112000.0
baju-tidur-wanita,BATIK TEMU JODO - Batik Temu Jodo Daster Lowo Rayon Motif Mega Mendung Busui Friendly Nyaman Praktis Bahan Rayon Motif Unik,Rp42.000,42000.0
baju-tidur-wanita,Sukahijab - Amira Daster New Series Bahan Katun Rayon Viscose Busui Jumbo Lengan Pendek Midi Dress Wanita Motif,Rp97.000,97000.0
baju-tidur-wanita,Luludi Lingerie Piyama LN 5124 - Pink motif bunga,Rp324.000,324000.0
baju-tidur-wanita,Wacoal Piyama INC 1003 - Pink,Rp477.000,477000.0
baju-tidur-wanita,Luludi Piyama LNP 5122 - Hijau Motif Awan,Rp342.000,342000.0
baju-tidur-wanita,Leesy.Id - One Set Pajamas Motif Stevia RANDOM,Rp110.000,110000.0
baju-tidur-wanita,Greet Night Wear - Daster Home Wear Organic Silk T-217 / DTP Size M/L,Rp280.000,280000.0
baju-tidur-wanita,Luludi Piyama LNP 5123 - Orange,Rp324.000,324000.0
baju-tidur-wanita,GREET NIGHT WEAR Baju Tidur Kaos Katun model : D-386 / HB (Size M),Rp210.000,210000.0
baju-tidur-wanita,Setelan Celana Pendek Kancing Depan / Daster Atas Bawah Kekinian Rayon Wanita Piyama,Rp74.900,74900.0
baju-tidur-wanita,Felancy Sleepwear Luxury Lace Kimono Set 078-NE5071,Rp296.000,296000.0
baju-tidur-wanita,DYD LABEL Emily Piyama Baju Pendek & Celana Pendek Set Bahan Rayon Premium Fit to XL Busui Friendly Baju Tidur Kancing Depan,Rp229.000,229000.0
baju-tidur-wanita,GREET NIGHT WEAR - Daster TENCEL TM Model :TC-226 / DV,Rp315.000,315000.0
baju-tidur-wanita,BATIK TRUSMI Setelan Wanita Baju Batik Piyama Cocok Dipakai Santai,Rp199.000,199000.0
baju-tidur-wanita,LAZY PAJAMAS x PEANUTS Sleepy Snoopy Pajamas Kids Edition - Lucy Blue | Baju Tidur Piyama,Rp395.000,395000.0
baju-tidur-wanita,GREET NIGHT WEAR - Baju Tidur Katun Jepang Model : K-908 / PTPK,Rp245.000,245000.0
baju-tidur-wanita,Baju Tidur Kaos Katun GREET model : D-393 / BD (Size M),Rp245.000,245000.0
baju-tidur-wanita,DYD LABEL Emily Piyama Premium Exclusive Series Setelan Baju Pendek & Celana Panjang Bahan Silk Lembut Adem Nyaman Busui Friendly Full Kancing,Rp369.000,369000.0
baju-tidur-wanita,AKLOVER Set Piyama Tali Ikat Sutra Es Dua Potong Dengan Bantalan Dada Dan Pakaian Rumah Tanpa Lengan,Rp112.560,112560.0
baju-tidur-wanita,"AKLOVER Piyama tiga potong, set baju rumah lengan pendek, piyama warna solid",Rp95.500,95500.0
baju-tidur-wanita,BATIK TEMU JODO - Batik Temu Jodo Daster Lowo Rayon Motif Mega Mendung Busui Friendly Nyaman Praktis Bahan Rayon Motif Unik,Rp42.000,42000.0
baju-tidur-wanita,Igly Babydoll Sleepwear S-7XL Big Size Nightgown Fit Nyaman Lingerie Panjang Soft Wanita Tidur Tangan Mini Dress Transparan,Rp112.000,112000.0
baju-tidur-wanita,Luludi Piyama LNP 5123 - Orange,Rp324.000,324000.0
baju-tidur-wanita,GREET NIGHT WEAR Baju Tidur Kaos Katun model : D-386 / HB (Size M),Rp210.000,210000.0
baju-tidur-wanita,Maddie Lee Piyama Wanita Dewasa Sevin Polos Piping,Rp269.000,269000.0
baju-tidur-wanita,Luludi Piyama LNP 5122 - Pink motif bunga,Rp342.000,342000.0
baju-tidur-wanita,Brasay Set Pakaian Tidur Wanita | Two Piece Celana Panjang Baju Tidur | Set Piyama Wanita Motif Love 3183,Rp87.999,87999.0
baju-tidur-wanita,GREET NIGHT WEAR - Baju Tidur TENCEL™ Micro Modal : TC-263 / PP Oblong ( M-L-XL ),Rp415.000,415000.0
baju-tidur-wanita,GREET NIGHT WEAR - Baju Tidur Model : E-335 / HB Slim Fit,Rp225.000,225000.0
baju-tidur-wanita,Maddie Lee Piyama Wanita Dewasa Danisa Stripe Bord Maltese Dog,Rp240.000,240000.0
baju-tidur-wanita,Wacoal Piyama INC 1003 - Teal Blue - Cotton -,Rp477.000,477000.0
baju-tidur-wanita,LAZY Pajamas Daster Dusty Pink | Piyama Daster,Rp395.000,395000.0
baju-tidur-wanita,[LAST STOCK SALE!!] ORIANA METY Collection | Piyama Baju Tidur Pajamas One Set,Rp139.000,139000.0
baju-tidur-wanita,Nevada Garfield Sunday Brunch Club Setelan Piyama Wanita 123774140,Rp199.900,199900.0
baju-tidur-wanita,Disney Toy Story Push Potato Setelan Piyama Wanita 123781776,Rp197.400,197400.0
baju-tidur-wanita,Lalucuku Collection Pajamas Baju Wanita Hangout Piyama Tie Dye Wanita Lengan Panjang Busui Frendly,Rp189.000,189000.0
baju-tidur-wanita,GREET NIGHT WEAR Baju Tidur Kaos Katun model : BY- 104 / PTP Dewasa,Rp240.000,240000.0
baju-tidur-wanita,Casey Babydoll Sleepwear S-7XL Big Size Nightgown Lingerie Fit Nyaman Wanita Tidur Soft Silk Dress Basic Mini,Rp107.000,107000.0
baju-tidur-wanita,AKLOVER Set Piyama Tali Ikat Sutra Es Dua Potong Dengan Bantalan Dada Dan Pakaian Rumah Tanpa Lengan,Rp112.560,112560.0
baju-tidur-wanita,S-3XL Sera Sleepwear Lace Lingerie Strap Fit Nyaman Tidur Silk Dress Mini dicuci dengan tangan saja regular,Rp99.000,99000.0
baju-tidur-wanita,Wacoal Piyama INC 1003 - Cream,Rp477.000,477000.0
baju-tidur-wanita,Wacoal Piyama INC 1001 - Lilac,Rp432.000,432000.0
baju-tidur-wanita,GREET NIGHT WEAR - Baju Tidur TENCEL TM Modal : TC-188 / PTP Oblong,Rp399.000,399000.0
baju-tidur-wanita,GREET NIGHT WEAR - Baju Tidur TENCEL TM Modal : TC-187 / BD Oblong,Rp340.000,340000.0
baju-tidur-wanita,GREET NIGHT WEAR - Baju Tidur Katun Jepang Model : K-769 / H Oblong,Rp170.000,170000.0
baju-tidur-wanita,GREET Model : E-259 / PP,Rp250.000,250000.0
baju-tidur-wanita,Maliarikha Collection Nessa Daster Tangan Pendek Kekinian,Rp60.000,60000.0
baju-tidur-wanita,Wacoal Piyama INC 1002 - Hijau Motif Bunga,Rp432.000,432000.0
baju-tidur-wanita,Eldzar - Aurelia Home Dress Ruffle Pundak Daster Motif Bunga Busui Friendly Kancing untuk Seharian Anda Elegan & Nyaman Cantik Ibu Menyusui Wanita Panjang,Rp58.825,58825.0
baju-tidur-wanita,Suryo Kusumo Batik - Arabella LD 110 – Daster Wanita Batik Cap Kekinian Lengan Ruffle Cantik Berkancing Busui Friendly Bahan Rayon Adem Nyaman,Rp141.000,141000.0
baju-tidur-wanita,GREET NIGHT WEAR Piyama Organic Silk GREET model PP Oblong Size XL,Rp365.000,365000.0
baju-tidur-wanita,Wacoal Piyama INC 1003 - Kuning,Rp477.000,477000.0
baju-tidur-wanita,GREET Model : K-179 / HK,Rp215.000,215000.0
baju-tidur-wanita,"Setelan Piyama Mocaca Bigsize Bahan Katun Rayon Motif Wanita - Busui, Tidur, Panjang, Kancing, Baju, Dewasa, Pendek",Rp155.000,155000.0
baju-tidur-wanita,GREET NIGHT WEAR - Daster Organic Silk Model : T-766 / DK,Rp240.000,240000.0
baju-tidur-wanita,LAZY® Pajamas Chez Nous Long Set Women Pajamas - Brique,Rp559.000,559000.0
baju-tidur-wanita,Bundle of Play-Jamas & Tencel Silk Pajamas,Rp958.000,958000.0
baju-tidur-wanita,Joybasic classic pajama super lembut,Rp219.000,219000.0
baju-tidur-wanita,Nevada Shell In Checkered Setelan Piyama Wanita 123899391,Rp247.400,247400.0
baju-tidur-wanita,You've Baju Tidur Set Wanita 333 Sleepwear,Rp131.080,131080.0
baju-tidur-wanita,BATIK TRUSMI Longdress Pakaian Santai Daster Batik Mahalini BMM Abstrak Katun Motif Panjang Busui Wanita,Rp134.900,134900.0
baju-tidur-wanita,Batik Temu Jodo - Daster Yukensi Motif Mawar Rayon Wanita Daster Sexy,Rp44.999,44999.0
baju-tidur-wanita,Luludi Piyama LNP 5122 - Orange,Rp342.000,342000.0
baju-tidur-wanita,Wacoal Piyama INC 1001 - Coklat,Rp432.000,432000.0
baju-tidur-wanita,Wacoal Piyama INC 1001 - Biru,Rp432.000,432000.0
baju-tidur-wanita,Bisalo Daster / Dress Cotton Wanita lengan pendek Digital Printing motif Polos - Dress polos - Daster Polos - Pakaian Wanita - Baju wanita - pakian polos - Katun Poliester - Pakaian Anak Perempuan Panjang Tidur,Rp85.000,85000.0
baju-tidur-wanita,Wacoal Piyama INC 1003 - Light Pink - Polos,Rp477.000,477000.0
baju-tidur-wanita,Daster Lowo JENNIE Rayon Resleting Dada,Rp42.000,42000.0
baju-tidur-wanita,DYD LABEL Alleya Piyama Setelan Celana 7/8 Bahan Rayon Premium Busui Friendly Full Front Button All Size Sleepwear Wanita Nyaman,Rp189.000,189000.0
baju-tidur-wanita,GREET NIGHT WEAR - Baju Tidur Organic Silk Model : T-571 / PTPK Onyx Series,Rp429.000,429000.0
baju-tidur-wanita,Wacoal Piyama INC 3004 - Light Purple ( Polos ),Rp522.000,522000.0
baju-tidur-wanita,Momiasi - Lullaby Sleepwear - One Set Piyama - Baju Tidur Lengan Panjang - Bumil & Busui Friendly,Rp219.000,219000.0
baju-tidur-wanita,Baju Tidur Kaos Katun GREET model : E-314 / BD (Slim Fit),Rp230.000,230000.0
baju-tidur-wanita,Wacoal Piyama INC 1003 - Baby Pink Material Cotton Premium,Rp477.000,477000.0
baju-tidur-wanita,Maddie Lee Piyama Wanita Dewasa Danisa Stripe Bord Puddle Puppy,Rp270.000,270000.0
baju-tidur-wanita,DYD LABEL Emily Piyama Baju Pendek & Celana Panjang Bahan Rayon Premium Busui Friendly Setelan Baju Tidur Wanita Kancing Depan All Size Up to 75kg,Rp259.000,259000.0
baju-tidur-wanita,LAZY Pajamas Tencel Silk Daster Light Almond | Piyama Daster,Rp479.000,479000.0
baju-tidur-wanita,YouHave BTR-316 Sleepwear Set Baju Tidur Wanita,Rp124.168,124168.0
baju-tidur-wanita,Cassandra - Daster Batik Cap/ Daster Anak Muda Rayon Baju Tidur,Rp126.000,126000.0
baju-tidur-wanita,Wacoal Piyama INC 1003 - Purple - Premium Motif,Rp477.000,477000.0
baju-tidur-wanita,S-3XL Sera Sleepwear Lace Lingerie Strap Fit Nyaman Tidur Silk Dress Mini dicuci dengan tangan saja regular,Rp99.000,99000.0
baju-tidur-wanita,Baju Tidur Kaos Katun GREET model : E-296 / BD (Slim Fit),Rp230.000,230000.0
baju-tidur-wanita,DYD LABEL Kamila Selutut Daster Wanita Rempel Bahan Rayon Premium Resleting Depan Fit to XL Bumil Busui Friendly,Rp119.000,119000.0
baju-tidur-wanita,GREET NIGHT WEAR Baju Tidur Kaos Katun Slim Fit Model : E-301 / PTP,Rp260.000,260000.0
baju-tidur-wanita,Sleepwear Set Baju Tidur Dewasa Piyama Big Size S-XXXL Sofia SS161,Rp145.000,145000.0
baju-tidur-wanita,GREET NIGHT WEAR KATUN JEPANG Model : K-177 / HK,Rp160.000,160000.0
baju-tidur-wanita,GREET NIGHT WEAR - Daster Katun Jepang Model : K-847 / D Oblong,Rp210.000,210000.0
baju-tidur-wanita,Daster Organic Silk GREET model : T-115 / D Oblong,Rp225.000,225000.0
baju-tidur-wanita,COUPLE MOM AND KIDS - GREET NIGHT WEAR TENCEL TM TC-252 TC-KD-127,Rp315.000,315000.0
baju-tidur-wanita,GREET NIGHT WEAR Baju TIdur Katun Jepang Model : K-277 / PP Kerah,Rp225.000,225000.0
baju-tidur-wanita,GREET NIGHT WEAR - Baju Tidur TENCEL™ Micro Modal : TC-212 PP Oblong size M,Rp380.000,380000.0
baju-tidur-wanita,GREET Model : K-227 / PP Kimono,Rp180.000,180000.0
baju-tidur-wanita,GREET NIGHT WEAR - Baju Tidur TENCEL™ Micro Modal : TC-259 / PP (SIZE M),Rp380.000,380000.0
baju-tidur-wanita,Wacoal Piyama INC 1004 - Biru,Rp522.000,522000.0
baju-tidur-wanita,Wacoal Piyama INC 1003 - Purple - Premium Motif,Rp477.000,477000.0
baju-tidur-wanita,DASTER LOWO BAHAN RAYON VOL 3 ORI BATIK TEMU JODO,Rp115.000,115000.0
baju-tidur-wanita,Suryo Kusumo Batik - Arabella LD 120 – Daster Batik Cap Motif Terbaru Kekinian Lengan Ruffle Cantik Bahan Rayon Busui Friendly,Rp141.000,141000.0
baju-tidur-wanita,Brasay Lingerie Renda Baju Tidur Seksi Musim Panas Menggoda Lembut Impor 3133,Rp79.999,79999.0
baju-tidur-wanita,Maddie Lee Piyama Wanita Dewasa Sevin Stripe Bord Lovely Owl,Rp229.000,229000.0
baju-tidur-wanita,Baju Tidur Katun Jepang GREET Model : K-290 / H Kimono,Rp215.000,215000.0
baju-tidur-wanita,GREET NIGHT WEAR - Baju Tidur TENCEL TM Modal : TC-195 / HK,Rp310.000,310000.0
baju-tidur-wanita,GREET NIGHT WEAR - Baju Tidur Bahan Tencel™ Micro Model : TC-222 / PP HEBER,Rp390.000,390000.0
baju-tidur-wanita,DELOFI Daster Nagita Pendek Premium Rayon Viscose,Rp181.000,181000.0
baju-tidur-wanita,GRAKY Sleepwear Piyama Tidur Set Lengan Panjang Piyama Hijabers Baju Tidur Couple ET3,Rp127.710,127710.0
baju-tidur-wanita,Disney Solid Stitch Piyama Set Wanita 122556404,Rp299.900,299900.0
baju-tidur-wanita,You've Baju Tidur Set 323 Sleepwear,Rp131.080,131080.0
baju-tidur-wanita,ORIANA KANZA Daster Busui Series Allsize Collection,Rp139.000,139000.0
baju-tidur-wanita,(BRA PAD) Bebe Babydoll Sleepwear S-7XL Big Size Nightgown Lingerie Fit Nyaman Tidur Soft Silk Dress Basic Mini,Rp109.000,109000.0
baju-tidur-wanita,Luludi Piyama LNP 5122 - Hijau Motif Bunga,Rp342.000,342000.0
baju-tidur-wanita,Wacoal Lingerie INC 3001,Rp202.500,202500.0
baju-tidur-wanita,DYD LABEL Alesya Piyama Lengan Pendek Baju Tidur Bahan Rayon Premium Nyaman Busui Friendly All Size Up to 75kg,Rp229.000,229000.0
baju-tidur-wanita,DYD LABEL Emily Piyama Premium Exclusive Series Setelan Baju Pendek & Celana Pendek Bahan Silk Lembut Adem Nyaman Busui Friendly Full Kancing,Rp319.000,319000.0
baju-tidur-wanita,ORIANA CARIE Celana Panjang Paris Blossom Series,Rp59.000,59000.0
baju-tidur-wanita,GREET NIGHT WEAR - TOKOPEDIA LIVE CHECKOUT 31-60,Rp260.000,260000.0
baju-tidur-wanita,GREET NIGHT WEAR - Baju Tidur TENCEL TM Modal : TC-187 / PTPK,Rp399.000,399000.0
baju-tidur-wanita,GREET NIGHT WEAR Baju Tidur Satin Silk model : S-123 / D Kerah,Rp210.000,210000.0
baju-tidur-wanita,GREET NIGHT WEAR - Baju Tidur Organic Silk BD Size XL,Rp295.000,295000.0
baju-tidur-wanita,GREET NIGHT WEAR - Daster TENCEL TM Modal : TC-195 / DK,Rp285.000,285000.0
baju-tidur-wanita,GREET NIGHT WEAR - Baju Tidur Kaos Katun Model : D-457 / HK,Rp230.000,230000.0
baju-tidur-wanita,Baju Adem Tumbuh,Rp1.800.000,1800000.0
baju-tidur-wanita,DYD LABEL Kamala Daster Mini Selutut Homedress Bumil Busui Kekinian Bahan Rayon Premium Nyaman Adem Front Zipper Ruffle Lengan & Bawah Fit to XL,Rp119.000,119000.0
baju-tidur-wanita,Wacoal Piyama INC 1002 - Denim,Rp432.000,432000.0
baju-tidur-wanita,Wacoal Piyama INC 1003 - Biru,Rp477.000,477000.0
baju-tidur-wanita,GREET NIGHT WEAR - Baju Tidur Katun Jepang Model : K-798 / BD Oblong,Rp205.000,205000.0
baju-tidur-wanita,Maddie Lee Piyama Wanita Dewasa Sevin Polos Bord Princess,Rp225.000,225000.0
baju-tidur-wanita,GREET NIGHT WEAR Baju Tidur model : D-403 / PPK,Rp240.000,240000.0
baju-tidur-wanita,GREET NIGHT WEAR Baju Tidur Kaos Katun Model : D-383 / HB Oblong,Rp210.000,210000.0
baju-tidur-wanita,Sorella Loungewear Glossy Nights Dress N35-NE3066,Rp468.000,468000.0
baju-tidur-wanita,Marissa Collections - Daster Bordir Gamis Rayon Twill Lembut Busui Friendly Tangan Panjang 3/4 Polos,Rp129.900,129900.0
baju-tidur-wanita,GREET NIGHT WEAR - Baju Tidur Katun Jepang Model : K-888 / PTP Oblong XL,Rp275.000,275000.0
baju-tidur-wanita,[Eclaire x Pocca] - Gingham Pajamas Moms | Baju Tidur Dewasa Kotak Lucu Couple Ibu Anak Mom Kids Piyama,Rp298.500,298500.0
baju-tidur-wanita,GREET NIGHT WEAR - Daster Kaos Katun Model : D-474 / D XL,Rp230.000,230000.0
baju-tidur-wanita,LAZY Pajamas Daster Blue Stripes | Piyama Daster,Rp395.000,395000.0
baju-tidur-wanita,Disney Knit Stripe Chip Dale Setelan Piyama Wanita 123091128,Rp180.000,180000.0
baju-tidur-wanita,Lalucuku Pajamas Series Muted Spring Baju Tidur Wanita Piyama Hangout Oneset kekinian Busui Frendly,Rp189.000,189000.0
baju-tidur-wanita,GREET NIGHT WEAR - Baju Tidur Organic Silk Model MIX T- BD XL,Rp295.000,295000.0
baju-tidur-wanita,Lazy Pajamas® PLAY Pajamas Long Set - Pink Stripes | Piyama | Baju Tidur,Rp529.000,529000.0
baju-tidur-wanita,Suryo Kusumo Batik - Farra LD 110 - Home Dress Daster Batik Cap Premium Wanita | Daster Rayon Adem Motif Floral,Rp145.000,145000.0
baju-tidur-wanita,DASTER LOWO COLET CANTIK LD 150 PB 120 lembut rayon tebal pekalongan busui batik tcap Tidur Pendek Wanita Bumil Motif Panjang Katun,Rp97.000,97000.0
baju-tidur-wanita,Putri Nasya - Tie Dye One Set Setelan Wanita Celana Panjang Big Size Bahan Rayon,Rp48.000,48000.0
baju-tidur-wanita,Brasay Lingerie Hot Cosplay Kostum Seragam Setelan Sekolah Jepang Sexy Import 3037,Rp48.399,48399.0
baju-tidur-wanita,Wacoal Piyama INC 1004 - Cream,Rp522.000,522000.0
baju-tidur-wanita,GREET NIGHT WEAR Baju Tidur Kaos Katun model : E-285 / PP,Rp190.000,190000.0
baju-tidur-wanita,DASTER LOWO RIZKA LD 150 PB 120 cantik katun pekalongan rayon tebal lembut Wanita Motif Pendek Busui Bumil Salur,Rp97.000,97000.0
baju-tidur-wanita,Tally Babydoll Sleepwear S-7XL Big Size Nightgown Fit Nyaman Tidur Wanita,Rp109.000,109000.0
baju-tidur-wanita,S-3XL Sera Sleepwear Lace Lingerie Strap Fit Nyaman Tidur Silk Dress Mini dicuci dengan tangan saja regular,Rp99.000,99000.0
baju-tidur-wanita,Baju Tidur Kaos Katun GREET model : E-296 / BD (Slim Fit),Rp230.000,230000.0
baju-tidur-wanita,DYD LABEL Kamila Selutut Daster Wanita Rempel Bahan Rayon Premium Resleting Depan Fit to XL Bumil Busui Friendly,Rp119.000,119000.0
baju-tidur-wanita,GREET NIGHT WEAR Baju Tidur Kaos Katun Slim Fit Model : E-301 / PTP,Rp260.000,260000.0
baju-tidur-wanita,Sleepwear Set Baju Tidur Dewasa Piyama Big Size S-XXXL Sofia SS161,Rp145.000,145000.0
baju-tidur-wanita,DASTER LOWO COLET CANTIK LD 150 PB 120 lembut rayon tebal pekalongan busui batik tcap Tidur Pendek Wanita Bumil Motif Panjang Katun,Rp97.000,97000.0
baju-tidur-wanita,Brasay Lingerie Hot Cosplay Kostum Seragam Setelan Sekolah Jepang Sexy Import 3037,Rp48.399,48399.0
baju-tidur-wanita,Wacoal Piyama INC 1004 - Cream,Rp522.000,522000.0
baju-tidur-wanita,GREET NIGHT WEAR - Baju Tidur Model : E-334 / HB Slim Fit,Rp225.000,225000.0
baju-tidur-wanita,GREET NIGHT WEAR - Daster Tidur Kaos Katun Model : D-429 / D Kerah,Rp225.000,225000.0
baju-tidur-wanita,Baju Tidur Kaos Katun GREET model : D-400 / HK,Rp230.000,230000.0
baju-tidur-wanita,Lingerie Sexy Wanita Baju Tidur Seksi Piyama Tidur Seksi SanAmoreZ Mila,Rp89.000,89000.0
baju-tidur-wanita,(Indonesia Stock) KOBENI Wanita Lengan Pendek Import Motif Kartun Pakaian Wanita Set Piyama（HW-010） loose,Rp199.000,199000.0
baju-tidur-wanita,Lazy Pajamas Heirloom Mon & Kids Pajamas - Salzburg | Piyama Keluarga | Baju Tidur,Rp519.000,519000.0
baju-tidur-wanita,Lazy Pajamas® Classic PLAY Pajamas Set - Lilac | Piyama | Baju Tidur,Rp379.000,379000.0
baju-tidur-wanita,ORIANA MICI Pillow Silk Collection | Daster Silk Lembut dan Mewah,Rp145.000,145000.0
baju-tidur-wanita,ORIANA DESKIRA Daster Kerah Two Tone Busui Collection,Rp124.000,124000.0
baju-tidur-wanita,Suryo Kusumo Batik - Farra LD 120 - Home Dress Daster Batik Cap Premium | Baju Tidur Piyama Wanita | Daster Rayon Adem Motif Floral,Rp145.000,145000.0
baju-tidur-wanita,Mocaca - Homedress Chihiro Daster Renda Jumbo LD 120 Rayon Viscose Banyak Motif Lain - Busui - Bumil,Rp85.000,85000.0
baju-tidur-wanita,Nevada Garfield Eat Sleep Repeat Setelan Piyama Wanita 123600505,Rp249.900,249900.0
baju-tidur-wanita,You've (YouHave) Baju Tidur Wanita Sleepwear Set Baju Tidur Wanita Set 2134,Rp146.632,146632.0
baju-tidur-wanita,Nevada Rib Manset Wanita 123134322,Rp77.400,77400.0
baju-tidur-wanita,[BARANG DIKIRIM RANDOM] ORIANA NESSA Celana Pendek Rumah Allsize,Rp39.000,39000.0
baju-tidur-wanita,Daiva Encim – Daster Lowo Encim Jumbo LD 140/Daster Batik Cap Bunga II,Rp160.000,160000.0
baju-tidur-wanita,Wacoal Piyama INC 1004 - Coklat,Rp522.000,522000.0
baju-tidur-wanita,GREET NIGHT WEAR - Baju Tidur TENCEL TM Modal : TC-192 / H Oblong,Rp310.000,310000.0
baju-tidur-wanita,GRAKY Sleepwear Piyama Tidur Set Lengan Pendek Piyama Baju Tidur Couple ET1,Rp133.000,133000.0
baju-tidur-wanita,GREET NIGHT WEAR - Baju Tidur Katun Jepang Model : K-895 / PTP XL,Rp275.000,275000.0
baju-tidur-wanita,Baju Tidur Panjang dan Lebar Oversize Model Kerah V Premium ZM12,Rp87.000,87000.0
baju-tidur-wanita,GREET NIGHT WEAR - Homewear Organic Silk Model : T-233 / H,Rp290.000,290000.0
baju-tidur-wanita,GREET NIGHT WEAR KATUN JEPANG Model : K-180 / PPK,Rp190.000,190000.0
baju-tidur-wanita,Wacoal Piyama INC 1002 - Hijau Tosca,Rp432.000,432000.0
baju-tidur-wanita,Luludi Lingerie Piyama LN 5124 - Hijau motif bunga,Rp324.000,324000.0
baju-tidur-wanita,Wacoal Piyama INC 1003 - Dark Blue - Polos,Rp477.000,477000.0
baju-tidur-wanita,Wacoal Mood Piyama INC 3002 - Cream Motif,Rp225.000,225000.0
baju-tidur-wanita,GREET Model : K-269 / PP Kimono,Rp225.000,225000.0
baju-tidur-wanita,Maddie Lee Piyama Wanita Dewasa Sevin Butterfly Flower,Rp250.000,250000.0
baju-tidur-wanita,GREET NIGHT WEAR - BRALESS SERIES Organic Silk GREET model : T-729 / PPK BRALESS,Rp315.000,315000.0
baju-tidur-wanita,AKLOVER Pakaian Santai Sifon Setengah Panjang Kemeja Wanita Longgar Piyama Wanita Putih Piyama Seksi,Rp82.800,82800.0
baju-tidur-wanita,Lazy Pajamas Bundle of Play-Jamas & Morgen Cotton Pajamas,Rp862.000,862000.0
baju-tidur-wanita,GREET NIGHT WEAR Daster Katun Jepang model : K-290 / DK,Rp195.000,195000.0
baju-tidur-wanita,Felancy Bratop Softline Slip Dress 070-60026,Rp150.000,150000.0
baju-tidur-wanita,Oneset Tie Dye Cewek Setelan Baju Tidur Piyama Pajamas Wanita Kemeja,Rp159.000,159000.0
baju-tidur-wanita,Annisa Turtle Neck Inner Manset Wanita 113823249,Rp97.400,97400.0
baju-tidur-wanita,You've (You Have) Baju Tidur Sleepwear Dress Pakaian Dalam Wanita 325,Rp115.528,115528.0
baju-tidur-wanita,Lazy Pajamas® Classic PLAY Pajamas Set - Pink Stripes | Piyama | Baju Tidur,Rp389.000,389000.0
baju-tidur-wanita,DASTER LOWO AYUNI LD 150 PB 12O cantik rayon pekalongan lembut panjang tebal Wanita Busui Bumil Motif Katun Kancing,Rp97.000,97000.0
baju-tidur-wanita,DASTER LOWO ZIZA LD 150 PB 120 batik busui pekalongan rayon tebal arab panjang wanita,Rp97.000,97000.0
baju-tidur-wanita,Wacoal Piyama INC 1003 - Biru Motif Beruang,Rp477.000,477000.0
baju-tidur-wanita,GREET NIGHT WEAR - Daster TENCEL TM Modal :TC-243 / DV Neck,Rp315.000,315000.0
baju-tidur-wanita,Putri Nasya - One Set Tie Dye Setelan Wanita Celana Panjang Big Size Rayon,Rp48.000,48000.0
baju-tidur-wanita,GREET NIGHT WEAR - Baju Tidur TENCEL TM Model : TC-091 / HK,Rp340.000,340000.0
baju-tidur-wanita,GREET NIGHT WEAR Baju Tidur Kaos Katun Slim Fit model : E-299 / HB,Rp225.000,225000.0
baju-tidur-wanita,duapola Baju Tidur Set Tanktop + Celana Pendek 7890 - Nude,Rp199.000,199000.0
baju-tidur-wanita,GREET NIGHT WEAR - Daster Tali Organic Silk Model : T- / DT (1),Rp255.000,255000.0
baju-tidur-wanita,GREET NIGHT WEAR Baju Tidur Kaos Katun Model : E-275 / BD,Rp230.000,230000.0
baju-tidur-wanita,Baju Tidur Katun Jepang BT-001,Rp160.000,160000.0
baju-tidur-wanita,Wacoal Mood Into The Woods Lingerie IN 5493,Rp202.500,202500.0
baju-tidur-wanita,Baju Tidur Vignolia KJ-2389-1B Pendek,Rp159.000,159000.0
baju-tidur-wanita,UNINICE Kapas Murni Longgar Sling Baju Tidur Wanita Kasual Tether Homewear Plus Ukuran Piyama Gaun Malam,Rp82.800,82800.0
baju-tidur-wanita,Sorella Iris Sleep Dress N35-NE3053,Rp270.000,270000.0
baju-tidur-wanita,BATIK TEMU JODO - DASTER HEMAT 100RB DAPAT 3PCS DASTER LOWO MOTIF GELOMBANG WANITAI BUSUI BUMIL DASTER LOWO RAYON,Rp299.000,299000.0
baju-tidur-wanita,Suko Turtle Neck Kaos Inner Wanita 123146695,Rp84.000,84000.0
baju-tidur-wanita,Brasay Baju Tidur Pakaian Wanita Lingerie Dress Wanita Bahan Sutra 4002,Rp34.999,34999.0
baju-tidur-wanita,GREET NIGHT WEAR - Baju Tidur Katun Jepang Model : K-864 / H Kerah XL,Rp240.000,240000.0
baju-tidur-wanita,"AKLOVER Piyama tiga potong, set baju rumah lengan pendek, piyama warna solid",Rp95.500,95500.0
baju-tidur-wanita,DYD LABEL Kamila Selutut Daster Wanita Rempel Bahan Rayon Premium Resleting Depan Fit to XL Bumil Busui Friendly,Rp119.000,119000.0
baju-tidur-wanita,GREET NIGHT WEAR - Baju Tidur Katun Jepang Model : K-896 / PTP XL,Rp275.000,275000.0
baju-tidur-wanita,Baju Tidur Kaos Katun GREET model : D-393 / BD (Size M),Rp245.000,245000.0
baju-tidur-wanita,GREET NIGHT WEAR - Baju Tidur TENCEL™ Micro Modal : TC-260 / HK Size M - L - XL,Rp330.000,330000.0
baju-tidur-wanita,Paket Usaha Hanara Longdress Daster Bumil Busui Kancing Aktif Lengan Pendek Remaja Friendly,Rp330.000,330000.0
baju-tidur-wanita,DELOFI Homewear Daster Aurel Pendek Midi Dress Hamil Busui Premium Rayon Viscose,Rp180.000,180000.0
baju-tidur-wanita,Chils Daster Busui Midi Dress Series Premium Adem Nyaman Busui Friendly,Rp145.000,145000.0
baju-tidur-wanita,Setelan Piyama Stella Baju tidur Wanita Celana Panjang 100cm Fit L-XXL,Rp529.000,529000.0
baju-tidur-wanita,Felancy Sleepwear Dress 078-NE6107,Rp156.000,156000.0
baju-tidur-wanita,GREET NIGHT WEAR - Baju Tidur Katun Jepang Model : K-908 / PTPK,Rp245.000,245000.0
baju-tidur-wanita,Meymey Daster Wanita Remaja Dewasa Midi Jumbo Kain Katun Motif Dress Panjang,Rp28.028,28028.0
baju-tidur-wanita,Brasay Pakaian Tidur Wanita Daster Motif Kartun Korean Look Big Size 4073,Rp40.149,40149.0
baju-tidur-wanita,GREET NIGHT WEAR - Piyama Tidur Katun Jepang Model : K-516 / PPK M/L,Rp245.000,245000.0
baju-tidur-wanita,Baju Tidur Kaos Katun GREET model : D-393 / BD (Size M),Rp245.000,245000.0
baju-tidur-wanita,Wacoal Piyama INC 1002 - Dusty Pink Motif Awan,Rp432.000,432000.0
baju-tidur-wanita,GREET NIGHT WEAR - Daster TENCEL TM Model : TC-244 / D Oblong,Rp330.000,330000.0
baju-tidur-wanita,Daster Ibu Murah Kekinian / Daster Terbaru Resleting Depan,Rp79.500,79500.0
baju-tidur-wanita,Batik Keris Daster YCS Gandul Lengan Serut Motif Silang Kawung,Rp405.000,405000.0
baju-tidur-wanita,Luludi Piyama LNP 5123 - Hijau Motif Bunga,Rp324.000,324000.0
baju-tidur-wanita,Wacoal Piyama INC 1002 - Ungu,Rp432.000,432000.0
baju-tidur-wanita,ELODIE Delace Piyama Tidur Wanita Daster Pajamas Dress,Rp160.000,160000.0
baju-tidur-wanita,Maddie Lee Piyama Wanita Dewasa Danisa Matcha Lover,Rp240.000,240000.0
baju-tidur-wanita,BATIK TRUSMI Daster Batik Pakaian Santai Busui Motif Mega Mendung Matahari BMM,Rp129.000,129000.0
baju-tidur-wanita,GREET NIGHT WEAR Baju Tidur Kaos Katun Slim Fit model : E-291 / BD,Rp230.000,230000.0
baju-tidur-wanita,GREET NIGHT WEAR - Baju Tidur TENCEL TM Modal : TC-213 / BDO,Rp370.000,370000.0
baju-tidur-wanita,Baju Tidur Organic Silk GREET Model : T-234 / HK,Rp275.000,275000.0
baju-tidur-wanita,GREET NIGHT WEAR Baju Tidur Kaos Katun Slim Fit Model : E-301 / PTP,Rp260.000,260000.0
baju-tidur-wanita,GREET NIGHT WEAR - Baju Tidur TENCEL™ Micro Modal: TC-260 / PTPK XL,Rp455.000,455000.0
baju-tidur-wanita,Baju Tidur Vignolia KJ-2406A Pendek,Rp159.000,159000.0
baju-tidur-wanita,GREET NIGHT WEAR - Daster Organic Silk Model : T-737 / DK BRALESS,Rp255.000,255000.0
baju-tidur-wanita,GREET NIGHT WEAR Baju Tidur Kaos Slim Fit Katun Model : E-275 / HB,Rp210.000,210000.0
baju-tidur-wanita,ORIANA PRINCI Piyama Sizing Collection | Piyama Silk | Pajamas Silk Adem Mewah,Rp185.000,185000.0
baju-tidur-wanita,DASTER PENDEK BUSUI POLOS/ DASTER BUSUI VIRAL Rayon Viscose Bumil Wanita,Rp40.000,40000.0
baju-tidur-wanita,Missoofficial.id Daster BT2155 Baju Dres Piyama Satin Tali Silang Motif Back Cross Wanita Nightdress Fashion Fit to XL Panjang 85cm,Rp33.640,33640.0
baju-tidur-wanita,GREET NIGHT WEAR - Baju Tidur TENCEL™ Modal : TC-248 / H Jill Set,Rp340.000,340000.0
baju-tidur-wanita,GREET Model : K-269 / H Kimono,Rp215.000,215000.0
baju-tidur-wanita,GREET NIGHT WEAR Baju Tidur Kaos Katun Slim Fit Model : E-266 / HB,Rp225.000,225000.0
baju-tidur-wanita,GREET NIGHT WEAR - BAJU TIDUR ORGANIC SILK PENDEK - PENDEK MODEL : T- H SIZE M MIX (1),Rp235.000,235000.0
baju-tidur-wanita,Mocaca homedress rayon adem midi aragaki bumil Busui friendly,Rp125.000,125000.0
baju-tidur-wanita,GREET NIGHT WEAR - Baju Tidur TENCEL™ Micro Modal : TC-254 / PP Kerah,Rp380.000,380000.0
baju-tidur-wanita,GREET NIGHT WEAR - Baju Tidur Organic Silk Model : T-391,Rp265.000,265000.0
baju-tidur-wanita,LAZY® Pajamas Chez Nous Short Long Kids Pajamas - Sableu,Rp379.000,379000.0
baju-tidur-wanita,Baju Tidur Katun Jepang GREET Model : K-290 / PP Kimono,Rp225.000,225000.0
baju-tidur-wanita,Michael's Collection - Naira Pajamas With Satin Velvet Lengan Panjang,Rp59.000,59000.0
baju-tidur-wanita,Wacoal Piyama INC 1003 - Soft Brown,Rp477.000,477000.0
baju-tidur-wanita,Luludi Piyama LNP 5122 - Aquamarine,Rp342.000,342000.0
baju-tidur-wanita,Baju Tidur Organic Bamboo Premium size XL,Rp230.000,230000.0
baju-tidur-wanita,GREET NIGHT WEAR - Baju Tidur Model : D-441 / BD,Rp230.000,230000.0
baju-tidur-wanita,Brasay 3 IN 1 | Setelan Baju Tidur Wanita Piyama Motif Kartun Remaja Dewasa 4138,Rp108.899,108899.0
baju-tidur-wanita,Mocaca.id OSAKA Chillset Pajamas Setelan Rayon Adem Halus Shortpants Baju Tidur Nyaman Motif Lucu untuk Tidur Lebih Menyenangkan,Rp120.000,120000.0
baju-tidur-wanita,Baju Tidur Kaos Katun GREET model : E-280 / HB,Rp210.000,210000.0
baju-tidur-wanita,GREET NIGHT WEAR Baju Tidur Kaos katun Model : K-226 / H Kimono,Rp215.000,215000.0
baju-tidur-wanita,Baju Tidur Organic Silk GREET model : T-092 / PP Kimono,Rp340.000,340000.0
baju-tidur-wanita,Wacoal Piyama INC 1004 - Putih Biru,Rp522.000,522000.0
baju-tidur-wanita,Lazy Pajamas® PLAY Pajamas Long Set - Blue Stripes | Piyama | Baju Tidur,Rp529.000,529000.0
baju-tidur-wanita,GREET NIGHT WEAR Baju Tidur Model : E-276 / HB Slimfit,Rp205.000,205000.0
baju-tidur-wanita,Lezahrasignature Piyama Cotton Rae Size M-XXL Setelan Baju Tidur Lengan Pendek Wanita Adem Kancing Depan Bahan Katun Rayon Busui Friendly,Rp499.000,499000.0
baju-tidur-wanita,Daster Tanpa Lengan Batik Cap Rayon Halus/ Daster Anak Muda - Yukensi LD110,Rp126.000,126000.0
baju-tidur-wanita,Forland Braless Sleepwear Piyama Set Baju Tidur Stripes Short Sleeve & Long Sleeve / Lengan Pendek & Panjang,Rp174.999,174999.0
baju-tidur-wanita,Daster Lowo ROSE Rayon Premium Adem Nyaman,Rp42.000,42000.0
baju-tidur-wanita,Deccy.id - Daster Pendek Motif Tie Dye Barong Bali Pantai Santai Tidur Wanita Bahan Rayon,Rp56.999,56999.0
baju-tidur-wanita,Wacoal Piyama INC 1002 - Ungu Motif Bunga,Rp432.000,432000.0
baju-tidur-wanita,Homedress Outer Peony Motif Cantik I Bahan Rayon Nyaman Dress Dewasa,Rp180.000,180000.0
baju-tidur-wanita,GREET NIGHT WEAR - Daster Tali Organic Silk Model : T- / DT (2),Rp225.000,225000.0
baju-tidur-wanita,DYD LABEL Kamaya Daster Selutut Bumil Busui Friendly Bahan Rayon Premium Front Zipper Size Up to XL,Rp119.000,119000.0
baju-tidur-wanita,GREET NIGHT WEAR - Baju Tidur TENCEL™ Micro Modal : TC-260 / HK Size M - L - XL,Rp330.000,330000.0
baju-tidur-wanita,Sleepwear Set Baju Tidur Dewasa Piyama Big Size S-XXXL Sofia SS161,Rp145.000,145000.0
baju-tidur-wanita,DYD LABEL Emily Piyama Premium Exclusive Series Setelan Baju Pendek & Celana Panjang Bahan Silk Lembut Adem Nyaman Busui Friendly Full Kancing,Rp369.000,369000.0
baju-tidur-wanita,BATIK TEMU JODO - Batik Temu Jodo Daster Lowo Rayon Motif Mega Mendung Busui Friendly Nyaman Praktis Bahan Rayon Motif Unik,Rp42.000,42000.0
baju-tidur-wanita,GREET NIGHT WEAR - Baju Tidur Organic Silk Model : T-761 / HK,Rp275.000,275000.0
baju-tidur-wanita,Batik Temu Jodo - Daster Rufly Rayon Busui Friendly Adem Nyaman Daster Kekinian,Rp65.000,65000.0
baju-tidur-wanita,Wacoal Piyama INC 1002 - Lilac,Rp432.000,432000.0
baju-tidur-wanita,Wacoal Piyama INC 1002 - Hijau Botol dengan Cotton Premium,Rp432.000,432000.0
baju-tidur-wanita,DYD LABEL Alesya Kemeja Setelan Piyama Lengan Panjang One Set Bahan Rayon Premium Nyaman Busui All Size Up to 75kg,Rp249.000,249000.0
baju-tidur-wanita,Wacoal Mood Lingerie INC 3003 - Katun Viscose,Rp202.500,202500.0
baju-tidur-wanita,Baju Tidur Katun Jepang BT-003,Rp160.000,160000.0
baju-tidur-wanita,Scelta - Baju Tidur Satin Piyama Bahan Licin Daster Sleepwear Bt Yj Fm 28,Rp145.000,145000.0
baju-tidur-wanita,BATIK TRUSMI Daster Wanita Batik Pakaian Santai Yukensi UMM,Rp199.000,199000.0
baju-tidur-wanita,GREET NIGHT WEAR - Baju Tidur Organic Silk Model : T-388,Rp325.000,325000.0
baju-tidur-wanita,GREET NIGHT WEAR - Baju Tidur TENCEL™ Micro Modal : TC-238 / PP ( SIZE M ),Rp380.000,380000.0
baju-tidur-wanita,Maddie Lee Piyama Wanita Dewasa Ishi Polos Full Piping,Rp239.000,239000.0
baju-tidur-wanita,Maddie Lee Piyama Wanita Dewasa Motif Loading Night,Rp210.000,210000.0
baju-tidur-wanita,GREET NIGHT WEAR - Baju Tidur TENCEL TM Modal : TC-195 / BD Oblong,Rp340.000,340000.0
baju-tidur-wanita,Baju Tidur GREET model : T-056 / HK (Organic),Rp275.000,275000.0
baju-tidur-wanita,GREET - BUNGA K-138 KATUN JEPANG 40P,Rp200.000,200000.0
baju-tidur-wanita,You've (You Have) Set Gaun Malam Daster Baju Tidur Wanita Dress Tidur 700022,Rp137.848,137848.0
baju-tidur-wanita,DELOFI Setelan Baju Tidur One Set Syahnaz Tangan 3/4 Piyama Premium Rayon Viscose,Rp240.000,240000.0
baju-tidur-wanita,GREET NIGHT WEAR - Baju Tidur Kaos Katun Model : D-467 / PP Oblong,Rp235.000,235000.0
baju-tidur-wanita,Baju Tidur Kaos Katun GREET model : E-304 / BD (Slim Fit),Rp245.000,245000.0
baju-tidur-wanita,Maddie Lee Piyama Wanita Dewasa Sevin Full Print Lovely Owl Kombinasi,Rp229.000,229000.0
baju-tidur-wanita,Nevada Abstract Lines Viscose Setelan Piyama Wanita 123774168,Rp247.400,247400.0
baju-tidur-wanita,You've 202 Smiley Lace Sleepwear Baju Tidur Wanita [2 PCS),Rp177.016,177016.0
baju-tidur-wanita,ORIANA KIANDRA Daster Series | Midi Dress Tanpa Lengan,Rp99.000,99000.0
baju-tidur-wanita,Putri Nasya - One Set Big Size Tie Dye Setelan Celana Panjang Wanita Bahan Rayon,Rp48.000,48000.0
baju-tidur-wanita,Lacey Babydoll Sleepwear S-7XL Big Size Nightgown Fit Nyaman Tidur Wanita Silk Dress Mini Lingerie,Rp109.000,109000.0
baju-tidur-wanita,Babydoll Allsize Lengan Pendek Celana Panjang GRANDEUR Baju Tidur,Rp69.000,69000.0
baju-tidur-wanita,Wacoal Piyama INC 1004 - Pink - Katun Premium,Rp522.000,522000.0
baju-tidur-wanita,Luludi Piyama LNP 5122 - Purple,Rp342.000,342000.0
baju-tidur-wanita,Wacoal Piyama INC 1003 - Coklat Katun Premium,Rp477.000,477000.0
baju-tidur-wanita,BATIK TRUSMI Setelan One Set Baju Tidur Panjang Motif Kombinasi Mava Warna Hitam MEI Katun Rayon,Rp249.000,249000.0
baju-tidur-wanita,Eldzar - Aysa Dress Daster Crinkle Polos Busui Frendly Baju Wanita Santai desain Simple Kekinian nyaman Dipakai Seharian,Rp42.000,42000.0
baju-tidur-wanita,GREET NIGHT WEAR - Baju Tidur TENCEL™ Micro Modal : TC-262 / H Kerah 3L,Rp405.000,405000.0
baju-tidur-wanita,BATIK TRUSMI Daster Batik Baju Santai Busui Friendly Lowo LK Soft HZ Panjang Motif Wanita Pendek Tidur Dress,Rp169.000,169000.0
baju-tidur-wanita,GREET NIGHT WEAR Baju Tidur Katun Jepang Model : K-248 / H Oblong,Rp215.000,215000.0
baju-tidur-wanita,AKLOVER Piyama Longgar Lengan Pendek Bermotif Bunga Dan Gaun Bermotif Renda Manis,Rp95.800,95800.0
baju-tidur-wanita,GREET NIGHT WEAR - Baju Tidur TENCEL ™ Micro Modal: TC-214 / PTP Oblong,Rp429.000,429000.0
baju-tidur-wanita,Marissa Collections - Daster Bordir Gamis Eloise Rayon Twill Lembut Busui Friendly Tangan Panjang 7/8 Polos,Rp134.900,134900.0
baju-tidur-wanita,GREET Model D;392 / HB Oblong,Rp240.000,240000.0
baju-tidur-wanita,GREET NIGHT WEAR - Baju Tidur Organic Silk Model : T-356 / HO,Rp275.000,275000.0
baju-tidur-wanita,Kimono Homedress Bahan Katun Rayon Premium Mocaca.Id Motif Panjang Pendek Busui Ibu Kancing Menyusui Kerah Samping Viscose Nyaman Bumil Kain Garis Piyama,Rp95.000,95000.0
baju-tidur-wanita,DASTER ANAAYU LD 120 PB 120 batik busui pekalongan rayon tebal arab panjang wanita bumil dress Motif,Rp105.000,105000.0
baju-tidur-wanita,Homewear Organic Silk GREET Model : T-215 / H (Size M- L),Rp305.000,305000.0
baju-tidur-wanita,GREET NIGHT WEAR Baju Tidur Kaos Katun model : D-399 / HB,Rp225.000,225000.0
baju-tidur-wanita,Baju Tidur Kaos Katun GREET model : D-383 / HB (Size M),Rp190.000,190000.0
baju-tidur-wanita,ORIANA AMETHYS Sleepwear Piyama Short Pants Collection,Rp139.000,139000.0
baju-tidur-wanita,BATIK TRUSMI Daster Batik Pakaian Santai Busui Pyg Serut BRBDR Kancing Ibu Katun Lembut Menyusui,Rp139.000,139000.0
baju-tidur-wanita,GREET NIGHT WEAR - Baju Tidur Model : D-474 / H XL,Rp250.000,250000.0
baju-tidur-wanita,GREET NIGHT WEAR KATUN JEPANG MODEL : K-143 / BD,Rp175.000,175000.0
baju-tidur-wanita,Bundle of 3 LAZY Classic PLAY Pajamas Set | Piyama | Baju Tidur,Rp1.199.000,1199000.0
baju-tidur-wanita,[LAST STOCK SALE!!] ORIANA LAIQA Daster Panjang Busui Sizing Collection,Rp109.000,109000.0
baju-tidur-wanita,Lunan GO Daster/Home Dress Batik Busui Katun premium LS.468 Coklat,Rp111.800,111800.0
baju-tidur-wanita,You've (You Have) Set Baju tidur Sleepwear Wanita Piyama Wanita 8058-8,Rp105.592,105592.0
baju-tidur-wanita,You’ve ( YouHave ) Baju Tidur Wanita Sleepwear Wanita BTR-1648-5,Rp137.848,137848.0
baju-tidur-wanita,GREET NIGHT WEAR Baju Tidur Kaos Katun Model : D-369 / PPK,Rp240.000,240000.0
baju-tidur-wanita,Lalucuku Pajamas All Series Baju Tidur Wanita Piyama Tye Die Hangout Lengan Panjang Kekinian Busui Cantik Rayon,Rp189.000,189000.0
baju-tidur-wanita,Pakaian wanita pakaian tidur&piyama pakaian tidur&piyama tidur lainnya,Rp128.400,128400.0
baju-tidur-wanita,AKLOVER Piyama Tali Ikat Wanita Piyama Longgar Ukuran Besar Piyama Tanpa Lengan,Rp76.800,76800.0
baju-tidur-wanita,Moon Alice Sexy Lingerie Costume Transparan Dewasa Big Size Cosplay Hiraki M235B Kostum Lingerie Tulle Spandex Silk Size M L XL XXXL,Rp102.000,102000.0
baju-tidur-wanita,Wacoal Piyama INC 1004 - Navy - Cotton,Rp522.000,522000.0
baju-tidur-wanita,DYD LABEL Emily Piyama Premium Exclusive Series Setelan Baju Pendek & Celana Panjang Bahan Silk Lembut Adem Nyaman Busui Friendly Full Kancing,Rp369.000,369000.0
baju-tidur-wanita,Wacoal Piyama INC 1003 - Black Cotton Premium,Rp477.000,477000.0
baju-tidur-wanita,Baju Tidur Kaos Katun GREET model : D-393 / BD (Size M),Rp245.000,245000.0
baju-tidur-wanita,DYD LABEL Kamaya Daster Selutut Bumil Busui Friendly Bahan Rayon Premium Front Zipper Size Up to XL,Rp119.000,119000.0
baju-tidur-wanita,GREET NIGHT WEAR - Piyama Tidur Katun Jepang Model : K-516 / PPK M/L,Rp245.000,245000.0
baju-tidur-wanita,Wacoal Piyama INC 1004 - Hijau,Rp522.000,522000.0
baju-tidur-wanita,Luludi Piyama LNP 5122 - Soft Yellow,Rp342.000,342000.0
baju-tidur-wanita,Maliarikha Collection Alfiya Daster Rayon Panjang,Rp65.000,65000.0
baju-tidur-wanita,Luludi Lingerie Piyama LN 5124 - Tosca motif Bunga,Rp324.000,324000.0
baju-tidur-wanita,Piyama Wacoal INC 1003 Motif Cute Katun Premium - Biru Muda,Rp477.000,477000.0
baju-tidur-wanita,Pakaian wanita pakaian tidur&piyama pakaian tidur&piyama tidur lainnya,Rp128.400,128400.0
baju-tidur-wanita,Moon Alice Sexy Lingerie Costume Transparan Dewasa Big Size Cosplay Hiraki M235B Kostum Lingerie Tulle Spandex Silk Size M L XL XXXL,Rp102.000,102000.0
baju-tidur-wanita,AKLOVER Piyama Tali Ikat Wanita Piyama Longgar Ukuran Besar Piyama Tanpa Lengan,Rp76.800,76800.0
baju-tidur-wanita,Baju Tidur Kaos Katun GREET model : D-398 / D XL,Rp225.000,225000.0
baju-tidur-wanita,Wacoal Piyama INC 1004 - Navy - Cotton,Rp522.000,522000.0
baju-tidur-wanita,Wacoal Piyama INC 1002 - Cream,Rp432.000,432000.0
baju-tidur-wanita,Baju Tidur GREET model : E-283 / PTP,Rp230.000,230000.0
baju-tidur-wanita,GREET NIGHT WEAR - Baju Tidur TENCEL™ Micro Modal : TC-267 / H Oblong ( SIZE XL ),Rp355.000,355000.0
baju-tidur-wanita,GREET NIGHT WEAR - Baju Tidur Satin Silk Model :S-149 / PPK,Rp230.000,230000.0
baju-tidur-wanita,GREET NIGHT WEAR Baju Tidur Kaos Katun Model : K-258 / H Kerah,Rp215.000,215000.0
baju-tidur-wanita,Sorella Botanical Secret Midi Cami Dress S35-NE3077,Rp380.000,380000.0
baju-tidur-wanita,GREET NIGHT WEAR - Baju Tidur Organic Silk Model : T-739 / PP Oblong,Rp340.000,340000.0
baju-tidur-wanita,Wacoal Piyama INC 1003 - Beige Katun Premium,Rp477.000,477000.0
baju-tidur-wanita,Homewear Organic Silk GREET Model : T-215 / PTP (Size M - L),Rp365.000,365000.0
baju-tidur-wanita,Sabi Babydoll Sleepwear S-7XL Big Size Nightgown M269B Fit Nyaman Panjang Soft Lingerie Wanita Tidur Basic Dress,Rp102.000,102000.0
baju-tidur-wanita,Piyama Ombak Laut Putih,Rp1.650.000,1650000.0
baju-tidur-wanita,GREET Model : K-227 / H Kimono,Rp215.000,215000.0
baju-tidur-wanita,GRAKY PIYAMA TIDUR - SET BAJU DAN CELANA JUMBO SIZE / PIYAMA SINCHAN / PIYAMA KUROMI / PIYAMA POCHACO / PIYAMA PATTRICK / PIYAMA TIDUR / PIYAMA HIJAB / BAJU TIDUR / BAJU TIDUR JUMBO / PIYAMA JUMBO / PAKAIAN TIDUR / BAJU TIDUR GRAKY / PIYAMA HIJABERS,Rp129.000,129000.0
baju-tidur-wanita,You've (YouHave) 1648-4 Sleepwear Set Baju Tidur Wanita,Rp146.632,146632.0
baju-tidur-wanita,Nevada Solid Combi Tanktop Wanita 120824056,Rp77.400,77400.0
baju-tidur-wanita,DASTER LOWO MOENA LD 150 PB 120 batik busui pekalongan rayon tebal arab panjang wanita bumil Motif,Rp97.000,97000.0
baju-tidur-wanita,GREET Model : E-270 / HB,Rp225.000,225000.0
baju-tidur-wanita,Temu Jodo Batik - Daster Cantik Rayon Semata Kaki Extra Jumbo Ld 126 Home Dress,Rp65.000,65000.0
baju-tidur-wanita,CELANA KATUN JEPANG BUNDLE 3 PCS MOTIF RANDOM,Rp110.000,110000.0
baju-tidur-wanita,Dinarsya Official - PAKET ISI 2 PCS DASTER LOWO BAHAN RAYON SUPER BUSUI BUMIL KANCING DADA MODEL TERBARU,Rp90.000,90000.0
baju-tidur-wanita,Maliarikha Collection Avita Daster Ruffle Kekinian,Rp55.000,55000.0
baju-tidur-wanita,Luludi Piyama LNP 5123 - Biru Motif - Cotton,Rp324.000,324000.0
baju-tidur-wanita,Monellina FIONA Piyama Wanita Jumbo Lengan Pendek Garis,Rp90.000,90000.0
baju-tidur-wanita,GREET NIGHT WEAR Baju Tidur Katun Jepang Model : K-206 / PPK,Rp190.000,190000.0
baju-tidur-wanita,Leesy.Id - Pajamas Set Lace Renda Arabia,Rp110.000,110000.0
baju-tidur-wanita,Home Dress Motif Cradenza,Rp129.900,129900.0
baju-tidur-wanita,GREET NIGHT WEAR - Baju Tidur Tencel Motif MIX PPK Size XL,Rp385.000,385000.0
baju-tidur-wanita,EMMA Delace Sleepdress Satin Wanita,Rp154.000,154000.0
baju-tidur-wanita,GREET NIGHT WEAR - BAJU TIDUR ORGANIC SILK PENDEK - PANJANG MODEL : T- PP SIZE M MIX (1),Rp285.000,285000.0
baju-tidur-wanita,GREET NIGHT WEAR Baju Tidur Katun Jepang Model : K-039 / PP Kerah XL,Rp255.000,255000.0
baju-tidur-wanita,Sorella Loungewear Glossy Nights Dress N35-NE3063,Rp468.000,468000.0
baju-tidur-wanita,Maddie Lee Piyama Wanita Dewasa Sevin Polos Bord Blessed,Rp255.000,255000.0
baju-tidur-wanita,Maddie Lee Piyama Wanita Dewasa Danisa Capybara Chill,Rp269.000,269000.0
baju-tidur-wanita,GREET NIGHT WEAR Baju Tidur Katun Jepang model : K-030 / PTPK,Rp250.000,250000.0
baju-tidur-wanita,Disney Pooh Smell The Flower Setelan Piyama Wanita 123781758,Rp249.900,249900.0
baju-tidur-wanita,Disney Pooh In Flowery Meadow With Detailed Pocket Setelan Piyama Wanita 123598233,Rp249.900,249900.0
baju-tidur-wanita,YouVe Baju Tidur Pakaian Wanita 6363,Rp167.656,167656.0
baju-tidur-wanita,Daster Polos Rayon Twill Tangan 3/4 Rayon Adem Nyaman,Rp70.000,70000.0
baju-tidur-wanita,Set Piyama Bahan Lembut Motif Warna RANDOM Pakaian Tidur Nyaman & Stylish untuk  Wanita Santai di Rumah,Rp100.000,100000.0
baju-tidur-wanita,Wacoal Piyama INC 1002 - Hijau Army,Rp432.000,432000.0
baju-tidur-wanita,Luludi Piyama LNP 5122 - Biru Motif katun premium,Rp342.000,342000.0
baju-tidur-wanita,Wacoal Piyama INC 1001 - Hitam,Rp432.000,432000.0
baju-tidur-wanita,Deccy.id - Daster Motif Tie Dye Bali Santai Tidur Wanita,Rp57.700,57700.0
baju-tidur-wanita,DYD LABEL Emily Piyama Premium Exclusive Series Setelan Baju Pendek & Celana Panjang Bahan Silk Lembut Adem Nyaman Busui Friendly Full Kancing,Rp369.000,369000.0
baju-tidur-wanita,GREET NIGHT WEAR - Daster TENCEL™ Micro Modal :TC-264 / DV Neck,Rp315.000,315000.0
baju-tidur-wanita,MALOVA Alonica Midi Dress | Dress Harian Dress Wanita Daster Airflow Bahan Viscose Tidak Mudah Susut Dan Kusut remaja xxl,Rp90.000,90000.0
baju-tidur-wanita,GREET NIGHT WEAR - Baju Tidur TENCEL™ Micro Modal : TC-259 / H Oblong XL,Rp355.000,355000.0
baju-tidur-wanita,GREET NIGHT WEAR - Baju Tidur Model : D-460 / HB Oblong,Rp180.000,180000.0
baju-tidur-wanita,GREET NIGHT WEAR - Daster Kaos Katun Model : D-475 / D XL,Rp230.000,230000.0
baju-tidur-wanita,GREET NIGHT WEAR - Baju Tidur Kaos Katun Model : E-233 / BD SLIM FIT,Rp185.000,185000.0
baju-tidur-wanita,DYD LABEL Emily Piyama Premium Exclusive Series Setelan Baju Pendek & Celana Panjang Bahan Silk Lembut Adem Nyaman Busui Friendly Full Kancing,Rp369.000,369000.0
baju-tidur-wanita,Wacoal Piyama INC 1003 - Black Cotton Premium,Rp477.000,477000.0
baju-tidur-wanita,Baju Tidur Kaos Katun GREET model : D-393 / BD (Size M),Rp245.000,245000.0
baju-tidur-wanita,DYD LABEL Kamaya Daster Selutut Bumil Busui Friendly Bahan Rayon Premium Front Zipper Size Up to XL,Rp119.000,119000.0
baju-tidur-wanita,GREET NIGHT WEAR - Piyama Tidur Katun Jepang Model : K-516 / PPK M/L,Rp245.000,245000.0
baju-tidur-wanita,BONBINZOO - Piyama Dewasa Setelan Flowers Short Pajamas,Rp203.400,203400.0
baju-tidur-wanita,PAKET HEMAT 3PCS DASTER SEMATA KAKI JUMBO LD 126CM RAYON SUPER SANTUNG HALUS,Rp140.000,140000.0
baju-tidur-wanita,COLORBOX Short Sleeve Tee and Shorts Pajama Set I-SWSFLW126C802 LT. PINK,Rp199.900,199900.0
baju-tidur-wanita,Maddie Lee Piyama Wanita Dewasa Sevin Honeycomb,Rp269.000,269000.0
baju-tidur-wanita,GREET NIGHT WEAR Baju Tidur Organimodel : T-029 / HK (Organic),Rp275.000,275000.0
baju-tidur-wanita,Disney Toy Story Time To Shine Knit Setelan Piyama Wanita 123901921,Rp197.400,197400.0
baju-tidur-wanita,Baju Tidur Kaos Katun GREET model : E-301 / BD (Slim Fit),Rp245.000,245000.0
baju-tidur-wanita,Lazy Pajamas® Tencel™ Silk Pajamas - Prusse Blue | Piyama | Baju Tidur,Rp635.000,635000.0
baju-tidur-wanita,DASTER LOWO BELLA LD 150 PB 120 batik busui pekalongan rayon tebal panjang Hitam Tidur Bumil Wanita Motif Kancing Dress,Rp97.000,97000.0
baju-tidur-wanita,UNINICE Piyama Bunga Tipis Dua Potong Leher Bulat Lengan Pendek Set Celana Pendek Homewear,Rp78.800,78800.0
baju-tidur-wanita,BATIKISAA Daster Lowo Bubble Batik Cap Premium LD 150 PJ 120 Tebal Pekalongan Busui Bumil Pendek Cantik Lembut Nyaman Rayon Motif Kain,Rp90.250,90250.0
baju-tidur-wanita,Piyama Dress Terusan Kaos Baju Santai Wanita PY16,Rp79.000,79000.0
baju-tidur-wanita,BATIKISAA Daster Lowo Setorjoan Batik Cap Premium LD 150 PJ 120 Santai Bunga Manis Busui Motif Bumil Cantik Lembut Nyaman Pendek Tidur Rayon Kain,Rp90.250,90250.0
baju-tidur-wanita,Marissa Collections Daster Bordir Tulipa Cantik Tassel Katun Rayon Motif Premium Busui Bumil Friendly Bahan Rayon Premium Bordir Komputer Ukuran Ld 140 Cm Pb 120 Cm,Rp104.900,104900.0
baju-tidur-wanita,Piyama Premium Adinata Batik Kartika,Rp219.000,219000.0
baju-tidur-wanita,ORIANA LENORA Daster Allsize Collection | Daster Busui Friendly,Rp138.000,138000.0
baju-tidur-wanita,ORIANA DINARA Daster Rayon Busui Full Kancing Collection Sizing,Rp109.000,109000.0
baju-tidur-wanita,ORIANA PUTHI Piyama Sizing Collection | Baju Tidur Pajamas One Set Sizing,Rp109.000,109000.0
baju-tidur-wanita,ORIANA CAYYA Falena Series | Daster Modern Busui Friendly,Rp99.000,99000.0
baju-tidur-wanita,TINO TINO Baju Tidur Model Dress Set Lace/Dress Set Lace Sexy Lingerie,Rp89.000,89000.0
baju-tidur-wanita,Monica – Daster Batik Kekinian Bertali Rayon Premium Baju Tidur Wanita,Rp134.000,134000.0
baju-tidur-wanita,LISA DRESS RAYON MOTIF BUMIL FRIENDLY,Rp78.750,78750.0
baju-tidur-wanita,Monellina MAJO Piyama Setelan XXL Jumbo Lengan Pendek Wanita,Rp55.000,55000.0
baju-tidur-wanita,Lazy Pajamas Bundle of Stripes Pajamas | Piyama | Baju Tidur,Rp878.000,878000.0
baju-tidur-wanita,Brasay Lingerie Set Dress Tali Suspender Tipe-A rayuan backless 3154,Rp39.999,39999.0
baju-tidur-wanita,Daster Gamis Bordir Cantik Busui Friendly Motif Bunga Katun Rayon BR,Rp134.900,134900.0
baju-tidur-wanita,DELOFI Daster Yukensi Pendek Tanktop Premium Rayon Viscose,Rp181.000,181000.0
baju-tidur-wanita,ORIANA CHIKA Daster Adem Pendek Collection,Rp97.000,97000.0
baju-tidur-wanita,Marissa Collections - Daster Gamis Bordir Cantik Busui Friendly Motif Bunga Katun Rayon,Rp134.900,134900.0
baju-tidur-wanita,GREET NIGHT WEAR Piyama Organic Silk GREET Celana Panjang T- PP XL Mix (2),Rp335.000,335000.0
baju-tidur-wanita,Jinni Babydoll Sleepwear S-7XL Big Size Nightgown Lingerie Fit Nyaman Wanita Dress Tidur Soft Panjang Silk Basic,Rp127.000,127000.0
baju-tidur-wanita,MISSDASTER - KEJORA DRESS MOTIF Ruffle Wanita Busui Casual Rayon Viscose,Rp98.550,98550.0
baju-tidur-wanita,Lazy Pajamas® Classic PLAY Pajamas Set - Navy Blue | Piyama | Baju Tidur,Rp389.000,389000.0
baju-tidur-wanita,ORIANA NINA Piyama Sleeveless Sizing Collection I Baju Tidur Pajamas Tanpa Lengan,Rp112.000,112000.0
baju-tidur-wanita,St.Yves Carmi Basic Pants 104138864,Rp99.900,99900.0
baju-tidur-wanita,Jolly Babydoll Sleepwear S-7XL Nightgown Big Size Lingerie Fit Nyaman Tidur Panjang Silk Soft,Rp112.000,112000.0
baju-tidur-wanita,Wacoal Lingerie Fairies INP 3228 - Wanita,Rp202.500,202500.0
baju-tidur-wanita,Wacoal Mood Piyama INC 3002 - Ungu dengan Cotton Premium,Rp225.000,225000.0
baju-tidur-wanita,MISSDASTER - ZEA DASTER REMPEL PANJANG POLOS RAYON,Rp91.935,91935.0
baju-tidur-wanita,AKLOVER Piyama Fashion Gaya Korea Set Piyama Suspender Wanita Baju Celana Setelan Pendek Tidur Katun Renda Lembut Nyaman Bernapas - Panjang,Rp69.000,69000.0
baju-tidur-wanita,CAPPUCINO SERIES VOL 2 Piyama DASTER LOWO Wanita JUMBO LD 135 100RB DAPAT 3PCS Kimono Panjang Tidur Busui Rayon,Rp115.000,115000.0
baju-tidur-wanita,Batik Temu Jodo - Daster Yukensi Rayon Motif Bunga Berduri Tersedia Panjang & Pendek Dress Sexy,Rp44.999,44999.0
baju-tidur-wanita,Luludi Piyama LNP 5123 - Aquamarine,Rp180.000,180000.0
baju-tidur-wanita,DASTER LOWO SABRINA LD 150 PB 120 cantik rayon tebal pekalongan lembut Hitam Wanita Busui Motif Panjang Katun,Rp97.000,97000.0
baju-tidur-wanita,LAZY Pajamas Daster Pink Stripes | Piyama Daster,Rp395.000,395000.0
baju-tidur-wanita,DYD LABEL Kamala Daster Midi Homedress Bumil Busui Kekinian Fit to XL Bahan Rayon Premium Nyaman Front Zipper Ruffle Lengan dan Bawah,Rp129.000,129000.0
baju-tidur-wanita,CLARISA DRESS MOTIF/DRESS KERAH SHANGHAI/DASTER BUSUI FRIENDLY,Rp85.700,85700.0
baju-tidur-wanita,Kaos wanita model DASTER lengan pendek REAL PICT Nyaman,Rp125.000,125000.0
baju-tidur-wanita,BATIKISAA Daster Lowo Flower Batik Cap Premium LD 150 PJ 120 Motif Pekalongan Busui Tebal Bumil Wanita Tidur Bunga Dress Rayon Midi,Rp90.250,90250.0
baju-tidur-wanita,ORIANA MIKALA Pajamas Sizing Collection | Baju Tidur Piyama One Set,Rp139.000,139000.0
baju-tidur-wanita,Deccy.id - Daster Barong Bali wanita pantai tie dye santai tidur Panjang Dress Rayon,Rp52.800,52800.0
baju-tidur-wanita,Daster Gamis Bordir Cantik Busui Friendly Motif Bunga Katun Rayon BM,Rp134.900,134900.0
baju-tidur-wanita,GREET NIGHT WEAR Baju Tidur Kaos Katun Model : D-393 / HB Oblong,Rp240.000,240000.0
baju-tidur-wanita,ORIANA LUISA Daster Panjang Kerah Renda Allsize Collection,Rp143.000,143000.0
baju-tidur-wanita,Ola Babydoll Sleepwear S-7XL Big Size Nightgown M295 Lingerie Fit Nyaman Lingerie Panjang Soft Tidur Dress,Rp108.000,108000.0
baju-tidur-wanita,[BEST SELLER] ORIANA Daster DEASY Busui Sizing Collection,Rp99.000,99000.0
baju-tidur-wanita,DASTER LOWO ZAKIA LD 150 PB 120 batik premium rayon tebal pekalongan Pendek Busui Bumil Wanita Panjang Motif,Rp97.000,97000.0
baju-tidur-wanita,Deccy.id - Daster Motif Tie Dye Bali Santai Tidur Wanita Busui Rayon Katun Hitam,Rp57.700,57700.0
baju-tidur-wanita,FIONA SET Delace Baju Tidur Santai Loungewear,Rp145.000,145000.0
baju-tidur-wanita,"UNINICE [Pengiriman Rahasia] Setelan Piyama Seksi dengan Renda, Dua Potong Tanktop Katun",Rp71.800,71800.0
baju-tidur-wanita,Setelan Celana Pendek Kancing Depan / Daster Atas Bawah Kekinian Rayon Wanita Piyama,Rp74.900,74900.0
baju-tidur-wanita,Baju Tidur Katun Jepang GREET model : K-906 / PPK (SIZE M),Rp235.000,235000.0
baju-tidur-wanita,DYD LABEL Kamila Selutut Daster Wanita Rempel Bahan Rayon Premium Resleting Depan Fit to XL Bumil Busui Friendly,Rp119.000,119000.0
baju-tidur-wanita,GREET NIGHT WEAR - Baju Tidur Katun Jepang Model : K-908 / PTPK,Rp245.000,245000.0
baju-tidur-wanita,GREET NIGHT WEAR - Piyama Tidur Katun Jepang Model : K-516 / PPK M/L,Rp245.000,245000.0
baju-tidur-wanita,MoonAlice | Solane S-7XL (LD:70-170) | Lingerie Big size | Baju Tidur Dinas Malan Wanita Dewasa | Sleepwear Body Fit Soft Nyaman Transparan Dress,Rp107.000,107000.0
baju-tidur-wanita,XBM - Daster Bordir Cantik Eloise Tassel Katun Rayon Motif Polos Premium Busui by Marissa Collections,Rp134.900,134900.0
baju-tidur-wanita,JAZIEL Daster Oversize Wanita Lengan Panjang Polos,Rp50.000,50000.0
baju-tidur-wanita,MoonAlice | Yoona S-7XL (LD70-170) Long Dress Lingerie Sleepwear Big Size | Baju Tidur Elegan Jumbo Fit Nyaman Panjang Soft Silk | Babydoll Jumbo Wanita Dewasa Simple,Rp107.000,107000.0
baju-tidur-wanita,DASTER LOWO KARENA LD 150 PB 120 batik busui rayon tebal pekalongan Bumil Wanita Motif Panjang Kancing Katun,Rp100.000,100000.0
baju-tidur-wanita,Marissa Collections - Daster Bordir Gamis Rayon Twill Lembut Busui Friendly Tangan Panjang 3/4 Polos,Rp134.500,134500.0
baju-tidur-wanita,ORIANA WINIKA Piyama Sizing Collection | Pajamas Lengan Panjang Adem,Rp149.000,149000.0
baju-tidur-wanita,"UNINICE [Pengiriman Rahasia] Setelan Piyama Seksi dengan Renda, Dua Potong Tanktop Katun",Rp71.800,71800.0
baju-tidur-wanita,Baju Daster Wanita - Emikoawa Premium Home Dress Korea Rayon,Rp135.000,135000.0
baju-tidur-wanita,DYD LABEL Emily Piyama Baju Panjang & Celana Panjang Bahan Rayon Premium Fit to XL One Set Baju Tidur Wanita Nyaman Kancing Depan Busui Friendly,Rp269.000,269000.0
baju-tidur-wanita,BATIK TEMU JODO Daster Yukensi Rayon Motif Mawar Panjang & Pendek Jumbo Karet Dada Wanita Dress Bali Bunga Bahan Lembut Adem Desain Elegan,Rp44.999,44999.0
baju-tidur-wanita,Madeem Egyptian Cotton Pajamas Set Adult / Piyama Set Dewasa Katun Mesir,Rp949.050,949050.0
baju-tidur-wanita,Lazy Pajamas® Classic PLAY Pajamas Set - Blue Stripes | Piyama | Baju Tidur,Rp389.000,389000.0
baju-tidur-wanita,BATIKISAA Daster Lowo Sifana Batik Cap Premium LD 150 PJ 120 Motif Tebal Pekalongan Bumil Wanita Hitam Busui Arab Katun Panjang Tidur Rayon Salur,Rp90.250,90250.0
baju-tidur-wanita,MISSDASTER YUKII DRESS DASTER REMPEL SUSUN PANJANG MOTIF BUSUI DAN BUMIL FRIENDLY Rayon,Rp86.800,86800.0
baju-tidur-wanita,[BEST SELLER] Momiasi - Lullaby Sleepwear - One Set Piyama - Baju Tidur Lengan Panjang - Bumil & Busui Friendly,Rp208.900,208900.0
baju-tidur-wanita,ORIANA CAYYA Daster Busui Collection Allsize,Rp119.000,119000.0
baju-tidur-wanita,DASTER LOWO HANINA LD 150 PB 120 batik busui pekalongan rayon tebal Bumil Kancing Wanita Motif Panjang Katun,Rp97.000,97000.0
baju-tidur-wanita,MoonAlice | Lavine S-7XL (LS70-170cm) Babydoll Sleepwear Sexy Lingerie Big Size Nightgown | Baju Tidur Dinas Malam Wanita Dewasa | Polyester Tulle Soft Stretch Fit Nyaman Dress,Rp109.000,109000.0
baju-tidur-wanita,MoonAlice | Daster Bra pad (70-110cm) Dress Baju Tidur Dengan Batalan Dada Rayon Wanita,Rp109.000,109000.0
baju-tidur-wanita,PIYAMA KANCING RAYON MOTIF KOMBINASI POLOS,Rp92.450,92450.0
baju-tidur-wanita,DASTER SALSA BATIK TCAP LD 120 PB 120 RAYON PREMIUM Wanita Busui Motif,Rp105.000,105000.0
baju-tidur-wanita,DASTER LOWO RAYON 100RB DAPAT 3PCS VOL 2 ORI BATIK TEMU JODO,Rp115.000,115000.0
baju-tidur-wanita,ORIANA ALIANA Piyama Allsize Collection | Baju Tidur Pajamas One Set All Size,Rp162.000,162000.0
baju-tidur-wanita,"Bisalo Kaos & Daster Wanita lengan pendek Digital Printing motif ""LOVELY"" - Kaos Distro - Atasan Wanita - Oversize- cotton Combed - soft - sablon - Crew Neck - Polyester - Casual - Pakaian Musim Panas - Atasan Dewasa - soft silk plain floral Panjang",Rp64.500,64500.0
baju-tidur-wanita,DASTER LOWO SINTIA LD 150 PB 120 batik busui pekalongan rayon tebal Wanita Motif Bumil Panjang Pendek Katun Kancing,Rp97.000,97000.0
baju-tidur-wanita,FOREVER SWEET Daster Kekinian Home Dress Daisy Busui Cantik Nyaman Wanita Tidur Kancing Panjang,Rp131.050,131050.0
baju-tidur-wanita,[LAST STOCK CALL!!] ORIANA VINESHA Midi Dress Daster Pendek Busui,Rp79.000,79000.0
baju-tidur-wanita,Baju Tidur Wanita 3/4 You've 13153 Piyama Set,Rp115.528,115528.0
baju-tidur-wanita,You've (You Have) Set Baju tidur Piyama Wanita 8058-2,Rp105.592,105592.0
baju-tidur-wanita,NEW CAPPUCINO SERIES VOL 3 DASTER LOWO JUMBO LD 135 100RB DAPAT 3PCS Piyama Wanita Panjang Tidur Bumil Busui,Rp115.000,115000.0
baju-tidur-wanita,DYD LABEL Kamaya Daster Sematakaki Homedress Panjang Bahan Rayon Nyaman Resleting Depan Bumil Busui Friendly Fit to XL,Rp129.000,129000.0
baju-tidur-wanita,ORIANA SEKALA Daster Pendek Busui Sizing Collection,Rp79.000,79000.0
baju-tidur-wanita,ORIANA DELFIRA Sizing Collection | Daster Busui Modern,Rp79.000,79000.0
baju-tidur-wanita,Leesy.Id - Daster Arabia Zeema Pasung,Rp69.900,69900.0
baju-tidur-wanita,Daster Gamis Bordir Cantik Busui Friendly Motif Bunga Katun Rayon,Rp129.900,129900.0
baju-tidur-wanita,Monellina REYON Piyama Setelan Tie Dye XXL Jumbo Lengan Panjang Wanita,Rp90.000,90000.0
baju-tidur-wanita,[BEST SELLER] ORIANA KAVA Kaftan Daster Pendek Busui Collection,Rp74.000,74000.0
baju-tidur-wanita,Raine Babydoll Sleepwear S-7XL Nightgown Big Size Lingerie Fit Nyaman Tidur Wanita Silk Soft Dress Basic Mini,Rp117.000,117000.0
baju-tidur-wanita,Wacoal Piyama INC 1001 - Ungu,Rp432.000,432000.0
baju-tidur-wanita,DASTER LOWO FATIM LD 150 PB 120 cantik pekalongan rayon lembut tebal pekalongan Wanita Busui Panjang Motif Bumil Katun,Rp100.000,100000.0
baju-tidur-wanita,DYD LABEL Alleya Piyama One Set Baju Tidur Wanita Celana Pendek Bahan Rayon Premium Busui Friendly Full Kancing Size XS-XXL,Rp169.000,169000.0
baju-tidur-wanita,Luludi Piyama LNP 5123 - Putih Motif Alpukat,Rp180.000,180000.0
baju-tidur-wanita,Simplyrooms Daisy Homedress Dress Casual Kantong Kaos Panjang Samping Tangan,Rp200.000,200000.0
baju-tidur-wanita,BATIKISAA Daster Lowo Mamisuka Batik Cap Premium LD 150 PJ 120 Motif Tebal Pekalongan Bumil Busui Wanita Nyaman Batik Pendek Rayon Bunga Santai,Rp90.250,90250.0
baju-tidur-wanita,Monellina SAULA Piyama Wanita Jumbo Lengan Pendek,Rp95.000,95000.0
baju-tidur-wanita,Marissa Collections Daster Bordir Azizah Cantik Tassel Katun Rayon Motif Premium Busui Bumil Friendly,Rp104.900,104900.0
baju-tidur-wanita,Joybasic classic pajama super lembut long sleeve,Rp219.000,219000.0
baju-tidur-wanita,BATIKISAA Daster Lowo Sanana Batik Cap Premium LD 150 PJ 120 Santai Busui Wanita Motif Bumil Pendek Tidur Salur Rayon Dress,Rp84.550,84550.0
baju-tidur-wanita,ORIANA METY Verity Series | Piyama Baju Tidur Pajamas One Set,Rp167.000,167000.0
baju-tidur-wanita,Coca Babydoll Sleepwear S-7XL Big Size Fit Nyaman Panjang Silk Lingerie Soft Tidur Basic Dewasa,Rp105.000,105000.0
baju-tidur-wanita,ORIANA ELSIE Maxi Dress Daster Poly Bamboo Davia Sizing Collection,Rp108.000,108000.0
baju-tidur-wanita,BATIK TRUSMI Daster Batik Baju Santai Busui Friendly Snow UMM Panjang Motif Panjang Motif Wanita Dress Tidur Rayon,Rp150.000,150000.0
baju-tidur-wanita,BATIKISAA Daster Lowo Maryati Rayon Premium Super Ld 150 Pj 120 Motif Bumil Tebal Pekalongan Wanita Busui Pendek Dress Tidur Midi,Rp84.550,84550.0
baju-tidur-wanita,BATIKISAA Daster Lowo Fairus Batik Cap Premium LD 150 PJ 120 Motif Panjang Tebal Pekalongan Bumil Busui Batik Tidur Wanita Salur Rayon Dress,Rp90.250,90250.0
baju-tidur-wanita,Sorex Baju Tidur Comfy Series 1 Set Atasan pendek + Celana Panjang Katun Adem Piyama Freesize BT BP 126,Rp112.464,112464.0
baju-tidur-wanita,YUKI DRESS DASTER PENDEK MOTIF RUFFLE SUSUN BUSUI DAN BUMIL daster remaja,Rp77.250,77250.0
baju-tidur-wanita,DASTER LOWO SALMA LD 150 PB 120 cantik rayon tebal pekalongan Wanita Busui Motif Panjang Katun,Rp97.000,97000.0
baju-tidur-wanita,Lazy Pajamas® Classic PLAY Pajamas Set - Valentino Pink | Piyama | Baju Tidur,Rp369.000,369000.0
baju-tidur-wanita,Daster Bordir Marissa Ccollections x Bisa Media Rayon Premium Tanssel Busui,Rp104.900,104900.0
baju-tidur-wanita,Setelan Celana Pendek Kancing Depan / Daster Atas Bawah Kekinian Rayon Wanita Piyama,Rp74.900,74900.0
baju-tidur-wanita,Baju Tidur Katun Jepang GREET model : K-906 / PPK (SIZE M),Rp235.000,235000.0
baju-tidur-wanita,DYD LABEL Kamila Selutut Daster Wanita Rempel Bahan Rayon Premium Resleting Depan Fit to XL Bumil Busui Friendly,Rp119.000,119000.0
baju-tidur-wanita,GREET NIGHT WEAR - Baju Tidur Katun Jepang Model : K-908 / PTPK,Rp245.000,245000.0
baju-tidur-wanita,GREET NIGHT WEAR - Piyama Tidur Katun Jepang Model : K-516 / PPK M/L,Rp245.000,245000.0
baju-tidur-wanita,ORIANA ANFIA Daster Sizing Collection | Maxi Dress Busui Friendly,Rp125.000,125000.0
baju-tidur-wanita,Daster Batik Cap Jumbo/ Baju Tidur Wanita Busui Rayon Premium Ashana LD 120,Rp136.000,136000.0
baju-tidur-wanita,Batik Temu Jodo - Daster Lowo Motif Bunga Daster Basic,Rp42.000,42000.0
baju-tidur-wanita,DASTER LOWO TCAP ARINA LD 150 PB 120 cantik pekalongan rayon tebal Wanita Busui Pendek Panjang Bumil,Rp97.000,97000.0
baju-tidur-wanita,Monellina BELLA Daster Panjang Tank Top Wanita,Rp75.000,75000.0
baju-tidur-wanita,Monellina MELVA Daster Tank Top Wanita,Rp65.000,65000.0
baju-tidur-wanita,Baju Tidur Katun Jepang LV-8067,Rp150.000,150000.0
baju-tidur-wanita,ORIANA MAHIKA Daster Rayon Busui Collection Sizing,Rp124.000,124000.0
baju-tidur-wanita,TINO-TINO DQ1008 Baju Tidur Dress Wanita Vintage Ruffle with Lace dengan Bantalan Dada /Sleepwear Dress Wanita Dengan Motif Flower Kecil Karet Piyama Gaun Tangan Cantik Nyaman,Rp118.000,118000.0
baju-tidur-wanita,Chils - Piyama Set CELANA PANJANG Lengan Pendek Premium Lembut Adem Halus Busui friendly,Rp152.712,152712.0
baju-tidur-wanita,"UNINICE COD Set Baju Rumahan Wanita, Baju Tidur Katun, Setelan Piyama Wanita Berbagai Warna",Rp65.500,65500.0
baju-tidur-wanita,Wacoal Piyama INC 1001 - Hijau Tosca,Rp432.000,432000.0
baju-tidur-wanita,BATIKISAA Longdress Lowo Polka Rayon Premium Ld 150 Pj 140 Motif Panjang Tebal Pekalongan Wanita Bumil Polkadot Busui Daster Pendek Tidur Hitam Bunga,Rp95.950,95950.0
baju-tidur-wanita,URU UCBamboo™ Daster dengan Built-in Bra Pad Wanita Bahan Bambu Adem Dress Tidur piyama Pajamas,Rp198.900,198900.0
baju-tidur-wanita,ORIANA CAYYA Daster Sizing Collection | Daster Rayon Busui Kekinian,Rp99.000,99000.0
baju-tidur-wanita,SanAmoreZ Lingerie Wanita Nika Chemise Baju Tidur Cewek Dewasa Piyama Tidur Elegan dengan Renda Warna Blue Black Size M L XL,Rp79.000,79000.0
baju-tidur-wanita,LAZY® Pajamas Chinoiserie Women Pajamas Set - Oriental Blue,Rp469.000,469000.0
baju-tidur-wanita,GREET NIGHT WEAR - khusus TIKTOK LIVE CHECKOUT Baju tidur Wanita,Rp230.000,230000.0
baju-tidur-wanita,DYD LABEL Kamila Sematakaki Daster Wanita Bahan Rayon Front Zipper Bumil Busui Friendly All Size Up to 90kg,Rp129.000,129000.0
baju-tidur-wanita,Joybasic classic pajama super lembut long,Rp219.000,219000.0
baju-tidur-wanita,Lazy Pajamas® Classic PLAY Pajamas Set - Sage Green | Piyama | Baju Tidur,Rp389.000,389000.0
baju-tidur-wanita,Daisy Camisole Set Babydoll Sleepwear Big Size S-7XL M262B Atasan Celana Lingerie Atasan Celana Wanita Piyama Fit Nyaman Baju Tidur Setelan,Rp131.000,131000.0
baju-tidur-wanita,UNINICE COD Set Pakaian Rumah Bermotif Lukisan Tinta Piyama Tipis Longgar Set 4 Potong,Rp148.000,148000.0
baju-tidur-wanita,Batik Temu Jodo - Daster Summer Lily Bahan Rayon Busui Friendly dengan Desain Batik Elegan,Rp41.900,41900.0
baju-tidur-wanita,Jakarta Selatan,Rp1.750.000,1750000.0
baju-tidur-wanita,Marissa Collections - Daster Bordir Cantik Sale Random,Rp180.000,180000.0
baju-tidur-wanita,Marissa Collections Daster Bordir Cantik Eloise Tassel Katun Rayon Motif Premium Busui Bumil Friendly,Rp104.900,104900.0
baju-tidur-wanita,MISSDASTER - ZEA DASTER REMPEL PANJANG Busui Rayon,Rp97.500,97500.0
baju-tidur-wanita,(BRA PAD) Ruby Sleepwear Babydoll S-7XL Big Size Nightgown Lingerie Fit Hitam Nyaman Panjang Tidur Renda Silk Dress Basic Mini,Rp97.000,97000.0
baju-tidur-wanita,"UNINICE Gaun tidur suspender seksi porselen biru dan putih gaya Cina dengan bantalan dada, pakaian rumah wanita yang ramah kulit dan nyaman",Rp75.700,75700.0
baju-tidur-wanita,ORIANA DELFIRA Daster Sikak Busui Collection Allsize,Rp99.000,99000.0
baju-tidur-wanita,Wacoal Piyama INC 1001 - Pink,Rp432.000,432000.0
baju-tidur-wanita,ORIANA CARMEN Daster Rayon Busui Friendly Sizing Collection,Rp122.000,122000.0
baju-tidur-wanita,UNINICE COD Set Pakaian Rumah Bermotif Lukisan Tinta Piyama Tipis Longgar Set 4 Potong,Rp148.000,148000.0
baju-tidur-wanita,Gigi Babydoll Sleepwear S-7XL Big Size Nightgown Lingerie Fit Nyaman Tidur Silk Dress,Rp109.000,109000.0
baju-tidur-wanita,ORIANA CHAYRA Misya Daster Rayon Kerah Shanghai Allsize Collection,Rp134.000,134000.0
baju-tidur-wanita,ORIANA JENITA Collection | Daster Busui Friendly Lengan Panjang,Rp138.000,138000.0
baju-tidur-wanita,Rein Babydoll Sleepwear Nightgown Big Size S-7XL Lingerie Lingerie Fit Nyaman Soft Dress Mini,Rp105.000,105000.0
baju-tidur-wanita,Leesy.id - One Set Piyama Lengan Pendek Margareth.Cordelia,Rp170.000,170000.0
baju-tidur-wanita,Plis Babydoll Sleepwear S-7XL Big Size Nightgown Lingerie Fit Nyaman Tidur Wanita Dress Soft Mini Dewasa,Rp115.000,115000.0
baju-tidur-wanita,Leesy.id - One Set Piyama Lengan Pendek Motif,Rp170.000,170000.0
baju-tidur-wanita,Temu Jodo Batik - Devita Daster Lowo Rayon Resleting Dada Busui Friendly Jumbo,Rp42.000,42000.0
baju-tidur-wanita,ORIANA ERSYA Meryl Series | Daster Rayon Busui Sizing Collection,Rp137.000,137000.0
baju-tidur-wanita,Piyama Model Daster Panjang Baju Santai Wanita Bahan Kaos PY17,Rp86.000,86000.0
baju-tidur-wanita,MoonAlice | Louie S-3XL (LD70-130) | Lingerie Big size | Baju Tidur Dinas Malan Wanita Dewasa | Sleepwear Body Fit | Babydoll Jumbo Tanpa Lengan Tali Silang Mini Dress Simple Panjang Transparan Basic,Rp93.000,93000.0
baju-tidur-wanita,Set piyama wanita panjang di rumah memakai piyama pita,Rp102.800,102800.0
baju-tidur-wanita,Putri Nasya - One Set Tie Dye Setelan Celana Pendek Wanita Bahan Rayon,Rp45.000,45000.0
baju-tidur-wanita,Maddie Lee Piyama Wanita Dewasa Sevin Polos Pipping,Rp239.000,239000.0
baju-tidur-wanita,CJSW-LX70 TINO SET BAJU TIDUR PIYAMA LENGAN PANJANG BAHAN RIB KOREA IMPORT/ BAJU TIDUR WANITA PREMIUM BERBAGAI MOTIF Nyaman Setelan Bear Casual Ruffle Kerah Cantik Lembut Pita Atasan,Rp125.000,125000.0
baju-tidur-wanita,Moon Alice | Noona S-3XL (LD70-130) Baju Dinas Tidur Wanita Sexy Lingerie Hot Suspender Rayuan Loungewear Big Size Nightgown Lingerie Fit Nyaman Soft Polyester Silk Dewasa Daster,Rp98.000,98000.0
baju-tidur-wanita,Daster Jumbo Wanita Polos Baju Tidur Wanita Murah Grosir PYM14,Rp82.000,82000.0
baju-tidur-wanita,Batik Temu Jodo - Daster Lowo/Keleawar Motif Anjani Resleting Busui Ibu Kombinasi,Rp42.000,42000.0
baju-tidur-wanita,UNINICE Keren Baju Tidur Sutra ES Wanita Baju Rumah Panjang Lengan Pendek T-shirt Panjang Plus Ukuran,Rp48.900,48900.0
baju-tidur-wanita,Brasay Set Lingerie Wanita Bahan Lace Tipis Kerah Deep-V Neck Tanpa Lengan Baju Sexy 3001,Rp19.249,19249.0
baju-tidur-wanita,Sunny Babydoll Sleepwear S-7XL Big Size Nightgown M355 Lingerie Fit Nyaman Wanita Tidur Dress Soft,Rp105.000,105000.0
baju-tidur-wanita,DASTER LOWO ALDA LD 150 PB 120 batik busui pekalongan tebal rayon arab panjang wanita bumil Motif Katun Kancing,Rp97.000,97000.0
baju-tidur-wanita,JENA RUFFLE HOMEDRESS RAYON MOTIF DASTER BUSUI FRIENDLY,Rp82.500,82500.0
baju-tidur-wanita,LAZY Morgen Pajamas Set - Pink Stripes | Piyama | Baju Tidur,Rp479.000,479000.0
baju-tidur-wanita,"Piyama Wacoal INC 1002 - Biru Navy, Bermaterial Katun Premium, Size M-LL",Rp432.000,432000.0
baju-tidur-wanita,Batik Temu Jodo - Yukensi SONIA Rayon Halus Adem Daster Wanita Cantik Nyaman Pendek,Rp44.999,44999.0
baju-tidur-wanita,DASTER LOWO ZIZA LD 150 PB 120 batik busui pekalongan rayon tebal arab panjang wanita,Rp97.000,97000.0
baju-tidur-wanita,Baju Tidur Kaos Katun GREET model : E-296 / BD (Slim Fit),Rp230.000,230000.0
baju-tidur-wanita,GREET NIGHT WEAR - Piyama Tidur Katun Jepang Model : K-516 / PPK M/L,Rp245.000,245000.0
baju-tidur-wanita,GREET NIGHT WEAR Baju Tidur Kaos Katun Slim Fit Model : E-301 / PTP,Rp260.000,260000.0
baju-tidur-wanita,S-3XL Sera Sleepwear Lace Lingerie Strap Fit Nyaman Tidur Silk Dress Mini dicuci dengan tangan saja regular,Rp99.000,99000.0
baju-tidur-wanita,DELOFI Daster Yukensi Corla Tanktop Premium Rayon Viscose,Rp206.000,206000.0
baju-tidur-wanita,Daster Bordir Wanita Busui Bumil Nyaman Motif Etnik Polos Rayon Hamil,Rp149.000,149000.0
baju-tidur-wanita,UNINICE INS Manis Dan Imut Pendek -leeved Rok tidur/Jumbo Loose Pakaian Rumah/Rok Samping Renda Panjang/Memakai Di Luar Ruangan,Rp75.700,75700.0
baju-tidur-wanita,You've (You Have) Gaun Malam Set Daster Baju Tidur Dress 700028,Rp160.312,160312.0
baju-tidur-wanita,ORIANA PARVIN Piyama Long Sleeve Allsize Collection | Baju Tidur Pajamas One Set,Rp167.000,167000.0
baju-tidur-wanita,Monellina WALDA Baju Atasan Daster XXL Jumbo Lengan Panjang Wanita,Rp55.000,55000.0
baju-tidur-wanita,GRAKY Daster Tidur Wanita Motif Kartun Lucu All Size ET2,Rp65.000,65000.0
baju-tidur-wanita,"Wacoal Piyama INC 1001 - Dusty Pink, dengan Material Cotton Premium yang lembut",Rp432.000,432000.0
baju-tidur-wanita,ORIANA DEASY Daster Allsize Collection | Daster Kancing Busui Friendly,Rp129.000,129000.0
baju-tidur-wanita,[CLEARANCE SALE] ORIANA Daster Rayon Busui Friendly Collection,Rp99.000,99000.0
baju-tidur-wanita,Batik Temu Jodo - Daster Yukensi Amella Rayon Wanita Karet Dada Ada Saku Halus Adem Pendek Kimono Bali,Rp44.999,44999.0
baju-tidur-wanita,BATIK TEMU JODO - DASTER RAYON LOWO MOTIF KAWUNG,Rp49.000,49000.0
baju-tidur-wanita,"UNINICE Gaun Tidur Bahu Terbuka dengan Renda, Ukuran Besar, Nyaman dan Tanpa Lengan untuk Pakaian Rumah",Rp78.700,78700.0
baju-tidur-wanita,DASTER LOWO ALMA LD 150 PB 120 batik busui rayon tebal pekalongan Tidur Bumil Wanita Motif Katun Panjang,Rp100.000,100000.0
baju-tidur-wanita,Dinarsya Official - CAPPUCINO SERIES 100RB DAPAT 3PCS DASTER LOWO JUMBO Wanita Busui Tidur Panjang,Rp109.000,109000.0
baju-tidur-wanita,Batik Temu Jodo - Daster Nobita Daster Rayon dengan Motif Batik Elegan Bumil Busui Dress Pendek Hitam,Rp41.900,41900.0
baju-tidur-wanita,You’ve ( YouHave ) Set Baju Tidur Random Sleepwear Wanita 2PCS,Rp123.880,123880.0
baju-tidur-wanita,FOREVER SWEET Daster Dewasa Home Dress Midi Korean Busui Cantik Nyaman Wanita Tidur Rayon Daster Piyama,Rp138.650,138650.0
baju-tidur-wanita,UNINICE [COD] Set piyama lengan pendek sutra es warna solid rajutan lembut dan nyaman,Rp92.800,92800.0
baju-tidur-wanita,Monellina SUGOI Piyama Tie Dye XXL Jumbo Lengan Pendek Wanita,Rp90.000,90000.0
baju-tidur-wanita,GREET NIGHT WEAR - Daster Organic Silk Size XL,Rp240.000,240000.0
baju-tidur-wanita,Khamila Dress Variasi Warna Bawah Busui Bumil Friendly Daster Pendek Wanita Dewasa Remaja daster polos pendek dester daster harian,Rp33.900,33900.0
baju-tidur-wanita,ORIANA PUTHI Piyama Allsize Collection | Baju Tidur Tangan Pendek Allsize Collection,Rp139.000,139000.0
baju-tidur-wanita,Lilo Babydoll Sleepwear S-7XL Nightgown Big Size SS211 Lingerie Fit Nyaman Soft Tidur Wanita Basic Mini Dress,Rp109.000,109000.0
baju-tidur-wanita,PAKET 3 HANARA Longdress Kerah Korean Style Lengan Pendek Ibu Hamil & Menyusui Cringkle Airflow Premium Baju Wanita,Rp330.000,330000.0
baju-tidur-wanita,Batik Temu Jodo - Daster Yukensi Dress Jumbo Motif Bunga Rambat Rayon,Rp44.999,44999.0
baju-tidur-wanita,"UNINICE COD Gaun Tidur Camisole Stylish , Midi Dress Sleeveless Dengan Adjustable Straps",Rp46.800,46800.0
baju-tidur-wanita,ORIANA DREYNA Daster Busui Series Allsize Collection,Rp109.000,109000.0
baju-tidur-wanita,Deccy.id - Daster Barong Polos Bali wanita pantai santai tidur Panjang Dress Rayon,Rp39.700,39700.0
baju-tidur-wanita,UNINICE COD Gaun Tidur Es Sutra Tekstur Suspender Baju Tidur Macan Tutul Renda Piyama (Bra Dapat Dilepas),Rp75.800,75800.0
baju-tidur-wanita,TIFFANY Delace Patterned Sleepwear Lingerie Motif,Rp146.000,146000.0
baju-tidur-wanita,Leesy.Id - Set Pajamas Polos Busui Lengan Panjang,Rp120.000,120000.0
baju-tidur-wanita,Brasay Lingerie Wanita Baju Tidur Model Fishnet Tanpa Lengan 4014,Rp48.399,48399.0
baju-tidur-wanita,"Bisalo Kaos & Daster Wanita lengan pendek Digital Printing motif ""COMFORTZONE"" - Atasan Wanita - Oversize- cotton Combed - soft - sablon - Crew Neck - Daster - Casual - Pakaian semua musim - Atasan Dewasa - Atasan Anak - Katun Panjang",Rp52.689,52689.0
baju-tidur-wanita,AKLOVER Set Piyama Wanita Piyama Ukuran Plus Baju Rumah Warna solid,Rp98.800,98800.0
baju-tidur-wanita,home dress nagita rumahan kancing busui kerah chiang i jumbo ld 120 instant bandung bahan katun rayon adem halus ringan tidak nerawang motif lucu cantik bunga karakter boneka denim navy abstrak aesthetic Nyaman Menyusui Panjang Kaki Bunga,Rp85.000,85000.0
baju-tidur-wanita,ORIANA DANIA Daster Two Tone Collection | Daster Busui Modern,Rp124.000,124000.0
baju-tidur-wanita,ORIANA PARVIN Piyama Long Sleeve Collection I Baju Tidur Pajamas Set Lengan Panjang Sizing,Rp149.000,149000.0
baju-tidur-wanita,[BEST SELLER] ORIANA CHAYRA Daster Rayon Kerah Shanghai Allsize Collection,Rp123.000,123000.0
baju-tidur-wanita,ORIANA CHAYRA Daster Busui Friendly Sizing Collection,Rp109.000,109000.0
baju-tidur-wanita,Monellina KASEY Daster Polkadot XXL Jumbo Lengan Panjang Wanita,Rp45.000,45000.0
baju-tidur-wanita,"Bisalo Daster Cotton Wanita lengan pendek Digital Printing motif ""M IN UR AREA"" - Dress - dress polos - daster polos - pakian wanita - atasan wanita - Bahan Katun - pakaian anak perempuan panjang soft Ibu Dewasa Kaos Tidur Oversize Muda Basic",Rp85.000,85000.0
baju-tidur-wanita,AKLOVER Gaya Cina Lukisan Tinta Cetak Wanita Homewear Setelan Musim Panas Es Sutra Tipis Longgar Piyama Empat Potong Set,Rp148.800,148800.0
baju-tidur-wanita,Monelina LANCE Daster Jumbo Wanita Lengan Panjang,Rp40.000,40000.0
baju-tidur-wanita,BATIK TEMU JODO - Daster Wanita Motif Bunga Rayon Nyaman untuk Busui & Tidur Bumil Dress Bali Hitam,Rp44.999,44999.0
baju-tidur-wanita,LIVY PIAMA PANJANG RAYON MOTIF LD120,Rp105.300,105300.0
baju-tidur-wanita,ORIANA DANIA Maxi Dress Sizing Collection | Daster Batik Pendek Modern,Rp99.000,99000.0
baju-tidur-wanita,[LAST STOCK CALL!!] ORIANA ZALIA Piyama Sizing Collection | Baju Tidur Piyama Panjang Wanita,Rp152.000,152000.0
baju-tidur-wanita,Baju Tidur Katun Jepang BT-004,Rp160.000,160000.0
baju-tidur-wanita,Lezahrasignature Piyama Cotton Boston Setelan Baju Tidur Muslim Wanita Lengan Panjang Katun Size M-XL Bahan Rayon Twill Busui Friendly,Rp529.000,529000.0
baju-tidur-wanita,Setelan Piyama Katun Minimalis Wanita Premium by Lezahrasignature Baju Tidur Polos Adem Size L-XXL Fit to 43 - 95 Kg Busui Friendly,Rp429.000,429000.0
baju-tidur-wanita,Missoofficial.id BT372 Baju Tidur Daster Renda Brokat Dress Brukat Panjang Lembut Fit Gaun Nyaman Transparan Merah Transparan Cantik,Rp54.953,54953.0
baju-tidur-wanita,MISSDASTER - LUNA PIYAMA RAYON PANJANG JUMBO,Rp109.250,109250.0
baju-tidur-wanita,ORIANA ASTRID Daster Panjang Busui Friendly | Daster Modern Sizing Collection,Rp119.000,119000.0
baju-tidur-wanita,ORIANA ERSYA Daster Renda Allsize Collection | Daster Modern Busui Friendly,Rp139.000,139000.0
baju-tidur-wanita,Kimono Yura Full Bukaan - Daster Kimono Wanita Lengan 3/4 Katun Rayon Premium | Baju Tidur Bumil Busui Friendly Bisa untuk Bersalin,Rp155.000,155000.0
baju-tidur-wanita,Alba Babydoll Sleepwear S-7XL Big Size Nightgown Lingerie Fit Nyaman Soft Tidur Wanita Basic Panjang Silk Dress,Rp112.000,112000.0
baju-tidur-wanita,Betsy Babydoll Sleepwear S-7XL Nightgown Big Size SS72 Lingerie Fit Nyaman Soft Panjang Basic,Rp105.000,105000.0
baju-tidur-wanita,MISSDASTER - YUKII DASTER REMPEL SUSUN PANJANG POLOS BUSUI Rayon Viscose,Rp85.700,85700.0
baju-tidur-wanita,UNINICE [Promosi Produk Baru] Set Pakaian Rumah Bermotif Lukisan Tinta Piyama Tipis Longgar Set 2 Potong,Rp85.800,85800.0
baju-tidur-wanita,DASTER LOWO ZIZA LD 150 PB 120 batik busui pekalongan rayon tebal arab panjang wanita,Rp97.000,97000.0
baju-tidur-wanita,Baju Tidur Kaos Katun GREET model : E-296 / BD (Slim Fit),Rp230.000,230000.0
baju-tidur-wanita,GREET NIGHT WEAR - Piyama Tidur Katun Jepang Model : K-516 / PPK M/L,Rp245.000,245000.0
baju-tidur-wanita,GREET NIGHT WEAR Baju Tidur Kaos Katun Slim Fit Model : E-301 / PTP,Rp260.000,260000.0
baju-tidur-wanita,S-3XL Sera Sleepwear Lace Lingerie Strap Fit Nyaman Tidur Silk Dress Mini dicuci dengan tangan saja regular,Rp99.000,99000.0
baju-tidur-wanita,You've 1740-2 Dress Baju Tidur Wanita Salem Semua Ukuran,Rp137.848,137848.0
baju-tidur-wanita,DASTER BAJU TIDUR WANITA BATIK TRUSMI KOMBINASI BUNGA MIDI,Rp50.000,50000.0
baju-tidur-wanita,Wacoal Piyama INC 1001 - Sage Green - Katun - Daster,Rp432.000,432000.0
baju-tidur-wanita,MISSDASTER - Gamis Midi Rayon Motif Busui Friendly Lembut Muslim Nyaman Wanita,Rp96.750,96750.0
baju-tidur-wanita,Wacoal Piyama INC 1001 - Cream - Motif,Rp432.000,432000.0
baju-tidur-wanita,Missoofficial.id BJ1188 Pakaian Baju Daster Pita Renda Bunga Baju Tidur Bahan Satin Fashion Korea Dress Wanita,Rp54.675,54675.0
baju-tidur-wanita,BATIK TEMU JODO Daster Yukensi Motif Kucing Rayon Adem Lingkar Dada 120 CM Panjang Baju 97 CM Nyaman Sepanjang Hari,Rp44.999,44999.0
baju-tidur-wanita,AKLOVER#001 Pakaian Rumah Wanita Longgar Kasual Setelan Piyama Ringan Es Sutra Lengan Pendek Bisa Keluar,Rp76.680,76680.0
baju-tidur-wanita,NICEFACE - Fashion Baju Tidur Daster Piyama Wanita Korea Sexy Fit Kain,Rp110.643,110643.0
baju-tidur-wanita,Batik Temu Jodo - Daster Rayon Lowo Motif Bunga Daster Basic,Rp42.000,42000.0
baju-tidur-wanita,Gracias Kimono Set Babydoll Sleepwear S-7XL Big Size Nightgown Lingerie Fit Nyaman Wanita Panjang Silk,Rp189.000,189000.0
baju-tidur-wanita,Polca Babydoll Sleepwear S-7XL Big Size Nightgown Lingerie Fit Nyaman Renda Soft Dress Tidur,Rp107.000,107000.0
baju-tidur-wanita,AKLOVER Daster Kekinian Baju Tidur WanitaTanpa Lengan Pakaian Rumah Yang Panjang Piyama,Rp109.800,109800.0
baju-tidur-wanita,Felancy Sleepwear Dress 078-NE6098,Rp140.000,140000.0
baju-tidur-wanita,Rumi Babydoll Sleepwear S-7XL Big Size Nightgown SS79 Fit Nyaman Lingerie Panjang Soft Wanita Tidur Dress Mini Basic Dewasa,Rp97.000,97000.0
baju-tidur-wanita,MoonAlice | Lindy S-7XL (LD70-170cm) Babydoll Sleepwear Nightgown Big Size Sexy Lingerie Fit Nyaman Soft Tidur Dress Silk Basic Dewasa,Rp115.000,115000.0
baju-tidur-wanita,Temu Jodo Batik - Daster Lalisa Lowo Rayon Busui Friendly Adem Nyaman,Rp42.000,42000.0
baju-tidur-wanita,Dinarsya Official - CAPPUCINO SERIES VOL 2 100RB DAPAT 3PCS DASTER LOWO RAYON JUMBO BUSUI SLETING DADA Bumil Wanita,Rp109.000,109000.0
baju-tidur-wanita,You've (YouHave) Baju Tidur Wanita Sleepwear Set Baju Tidur Wanita Set 2135,Rp146.632,146632.0
baju-tidur-wanita,Temu Jodo Batik - Daster Lengan Panjang/Longdress Bahan Rayon Premium LD 110Cm Busui Friendly,Rp37.000,37000.0
baju-tidur-wanita,RIISH DAILY Hanara Longdress Korean Style Daster Kerah Kancing Aktif Busui Bumil Remaja Friendly CEY Crinkle Panjang Pleated Nightdresses Wanita Casual daster hitam daster daster kerah v daster remaja Rempel Rayon Daster Premium Wanita Midi,Rp39.800,39800.0
baju-tidur-wanita,Mooi Piyama Dewasa Setelan Long Collar Set Mom,Rp179.000,179000.0
baju-tidur-wanita,Deccy.id - Paket Daster barong bali 3 pcs,Rp88.000,88000.0
baju-tidur-wanita,DASTER LOWO RAYON 100RB DAPAT 3PCS VOL 1 ORI BATIK TEMU JODO,Rp115.000,115000.0
baju-tidur-wanita,Brasay Piyama 3 In 1 Piyama Lengan Pendek Baju Tidur Baju Tidur 3in1 4045,Rp64.899,64899.0
baju-tidur-wanita,Baju Tidur Katun Jepang KJ-1239,Rp150.000,150000.0
baju-tidur-wanita,Two Mix - Daster Dewasa dan Anak (Couple) Perempuan Motif Tie Dye 4105,Rp57.000,57000.0
baju-tidur-wanita,Batik Temu Jodo - Daster Lowo 100RB DAPAT 3PCS Motif Nagita Busui Panjang Bumil Rayon Wanita Dress,Rp115.000,115000.0
baju-tidur-wanita,ABSTRAK SERIES VARIASI SAKU DASTER LOWO/KALONG JUMBO LD 135 77RB DAPAT 2PCS,Rp140.000,140000.0
baju-tidur-wanita,Batik Temu Jodo - Paket Usaha 100RB DAPAT 3PCS Daster Yukensi / Daster Kensi Motif Terbaru Karet Dada Best Seller Rayon Wanita Panjang Nyaman,Rp110.000,110000.0
baju-tidur-wanita,AKLOVER Set Piyama Wanita Panjang Di Rumah Memakai Piyama Pita,Rp109.900,109900.0
baju-tidur-wanita,UNINICE Baju Tidur Lengan Pendek Bermotif Bunga Kecil Yang Longgar Dengan Renda Manis Gaun Bermotif Bunga Setengah Panjang,Rp78.800,78800.0
baju-tidur-wanita,Set Piyama Batik Cap/ Baju Tidur Wanita Setelan Celana Pendek Babydoll,Rp134.000,134000.0
baju-tidur-wanita,Batik Temu Jodo - Daster Yukensi MAYA Rayon Halus Adem Karet Dada Variasi Pita Dan Bersaku,Rp44.999,44999.0
baju-tidur-wanita,Belle Homedress Daster Wanita Motif Bunga Katun Premium - Bumil Tidur Pendek Panjang Kancing Kimono dengan Lengan Renda Busui Rayon,Rp115.000,115000.0
baju-tidur-wanita,UNINICE Set Piyama Wanita Polos/Set Harian/T-shirt Dan Setelan Celana/Baju Tidur/Setelan Lengan Pendek,Rp80.800,80800.0
baju-tidur-wanita,Monellina ALIA Setelan Wanita Jumbo Lengan Panjang,Rp60.000,60000.0
baju-tidur-wanita,Mocaca.id - arata one set babedoll rayon adem halus elegan bisa dipakai di semua acara,Rp150.000,150000.0
baju-tidur-wanita,ORIANA KAIVA Daster Sizing Busui Collection | Daster Modern Adem,Rp99.000,99000.0
baju-tidur-wanita,BATIK TEMU JODO - PAKET ISI 2PCS DASTER LOWO RAMPEL BAHAN RAYON SUPER KANCING DADA BUSUI BUMIL MODEL TERBARU Motif Wanita,Rp90.000,90000.0
baju-tidur-wanita,"UNINICE【COD】Wanita seksi suspender gaun tidur, gaun rumah musim panas yang keren",Rp72.800,72800.0
baju-tidur-wanita,AKLOVER Keren Baju Tidur Sutra ES Wanita Baju Rumah Panjang Lengan Pendek T-shirt Panjang Plus Ukuran,Rp83.070,83070.0
baju-tidur-wanita,Daster Summer - Daster Lowo Rayon Busui Friendly Berkerah Resleting Dada,Rp45.000,45000.0
baju-tidur-wanita,Batik Temu Jodo - Daster Anggun Rayon Resleting Dada,Rp41.900,41900.0
baju-tidur-wanita,ETNICK SERIES DASTER LOWO/KALONG JUMBO LD 135 100RB DAPAT 3PCS,Rp140.000,140000.0
baju-tidur-wanita,ORIANA PAMELYN Dania Piyama Set Poly Bamboo Series | Baju Tidur Premium Wanita Tangan Pendek,Rp118.000,118000.0
baju-tidur-wanita,MISSDASTER - CLARISA DRESS POLOS FULL KANCING RAYON BUSUI KERAH SHANGHAI Ibu Wanita Nyaman Ruffle,Rp77.900,77900.0
baju-tidur-wanita,"Bisalo Daster Barbie Cotton Wanita lengan pendek Digital Printing motif ""Barbie Sync"" - Dress - dress polos - daster polos - pakian wanita - atasan wanita - Bahan Katun - pakaian anak perempuan panjang soft",Rp85.000,85000.0
baju-tidur-wanita,Bella Babydoll Sleepwear S-7XL Big Size Nightgown M6B Fit Nyaman Tidur Wanita Silk Soft Dress Basic Mini,Rp97.000,97000.0
baju-tidur-wanita,[LAST STOCK SALE!!] ORIANA PUTHI Piyama Collection | Baju Tidur Pajamas One Set,Rp108.000,108000.0
baju-tidur-wanita,BATIK TEMU JODO - Daster Yukensi Motif Bunga Warna Impian Classic Dress Bali Desain Elegan Nyaman untuk Pakaian Santai,Rp44.999,44999.0
baju-tidur-wanita,RIISH DAILY Khamila Dress Daster Resleting Aktif Busui/Bumil Friendly Saku Aktif - Crinkle Airflow Premium - Regular Size(Panjang Badan 100 cm) piyama Tidur wanita lengan pendek daster tali crinkle airflow baju tidur pendek wanita Daster Premium,Rp34.900,34900.0
baju-tidur-wanita,deccy.id Daster Barong Bali wanita pantai santai tidur Panjang Dress Rayon,Rp32.300,32300.0
baju-tidur-wanita,Temu Jodo Batik - Daster Lowo JISSO Jumbo Rayon Busui Nyaman Adem,Rp42.000,42000.0
baju-tidur-wanita,BATIK TEMU JODO - Daster Wanita Yukensi Motif Garis Rayon Nyaman untuk Busui & Tidur Bumil Dress Bali Hitam Bahan Rayon Motif Garis Fungsi Busui dan Tidur Bumil Warna Hitam,Rp44.999,44999.0
baju-tidur-wanita,ORIANA MALVIA Daster Pendek Busui Sizing Collection,Rp89.000,89000.0
baju-tidur-wanita,Monellina BABURU Piyama Jumbo Wanita Lengan Pendek,Rp85.000,85000.0
baju-tidur-wanita,"AKLOVER Baju Tidur Tali Satu Celana Pendek, Setelan Renda Tali Ikat Manis Dan Lucu Dengan Bantalan Dada",Rp181.900,181900.0
baju-tidur-wanita,Luludi Piyama LNP 5122 - Soft green dengan Material Cotton Premium,Rp342.000,342000.0
baju-tidur-wanita,TINO TINO - Piyama Baju Tidur Wanita Lengan Panjang Motif Bear Ruffle Lace B02 Premium Halus,Rp103.000,103000.0
baju-tidur-wanita,Sleepwear Set Baju Tidur Dewasa Piyama Big Size S-XXXL Sofia SS161,Rp145.000,145000.0
baju-tidur-wanita,GREET NIGHT WEAR - Piyama Tidur Katun Jepang Model : K-516 / PPK M/L,Rp245.000,245000.0
baju-tidur-wanita,Wacoal Piyama INC 1003 - Black Cotton Premium,Rp477.000,477000.0
baju-tidur-wanita,DASTER LOWO ZIZA LD 150 PB 120 batik busui pekalongan rayon tebal arab panjang wanita,Rp97.000,97000.0
baju-tidur-wanita,Setelan Celana Pendek Kancing Depan / Daster Atas Bawah Kekinian Rayon Wanita Piyama,Rp74.900,74900.0
baju-tidur-wanita,DASTER REMPLEAN LD 120 PB 115 Katun Rayon Tebal Lembut Pekalongan Panjang Wanita Busui Pendek,Rp99.000,99000.0
baju-tidur-wanita,Batik Temu Jodo - New Daster Yukensi Pendek Motif Bunga Tersanjung - Daster Rayon Sexy Pendek Dress Bali dengan Desain Elegan dan Nyaman,Rp44.999,44999.0
baju-tidur-wanita,CIJI Piyama 3in1/Piyama Lengan Pendek Celana Panjang/Pendek&Baju Tidur Import/Baju Tidur 3in1 Atasan Motif Nyaman,Rp199.000,199000.0
baju-tidur-wanita,Baju Tidur Daster Wanita You've 6364,Rp146.632,146632.0
baju-tidur-wanita,ORIANA CAYYA Ghaniya Series | Daster Rayon Busui Collection,Rp124.000,124000.0
baju-tidur-wanita,Monellina ANAIS Piyama Wanita Jumbo Lengan Pendek,Rp90.000,90000.0
baju-tidur-wanita,Nevada Soft Foam Singlet Wanita 121666672,Rp129.900,129900.0
baju-tidur-wanita,YUKII DASTER RUFFLE SUSUN RAYON POLOS SELUTUT WANITA BUMIL DAN BUSUI,Rp72.150,72150.0
baju-tidur-wanita,Batik Temu Jodo - Daster Summer Yukensi Motif Boneka Bear Non Busui Rayon,Rp44.999,44999.0
baju-tidur-wanita,BATIK TRUSMI Longdress Pakaian Santai Wanita Daster Klok JN Abstrak Katun Abstrak Katun Motif Panjang Busui Pendek,Rp75.000,75000.0
baju-tidur-wanita,MoonAlice | Bra Daster Tanktop Dress (70-120cm) Baju Tidur Wanita Daster Rayon Dress Tanpa Lengan viral,Rp99.000,99000.0
baju-tidur-wanita,UNINICE Baju Tidur Lengan Pendek Longgar Panjang Sedang Piyama Dress Berenda Manis,Rp107.900,107900.0
baju-tidur-wanita,Batik Temu Jodo - Daster Yukensi Rayon Jumbo Motif Etnick Terbaru,Rp44.999,44999.0
baju-tidur-wanita,Little Palmerhaus - Piyama Ibu Wanita Dewasa (Siena Mom Pajamas),Rp223.250,223250.0
baju-tidur-wanita,Batik Temu Jodo - Daster Rossa Dress Summer Lowo Motif Terbaru Daster Rayon Busui Friendly dengan Desain Batik Eksklusif,Rp41.900,41900.0
baju-tidur-wanita,JENA RUFFLE HOMEDRESS RAYON POLOS DASTER BUSUI FRIENDLY,Rp73.750,73750.0
baju-tidur-wanita,Putri Nasya - One Set Tie Dye Setelan Celana Pendek Wanita Bahan Rayon,Rp45.000,45000.0
baju-tidur-wanita,"Putri Nasya - Daster Kaos Batik Santai Ukuran S fit to L, XXL Big Size",Rp49.900,49900.0
baju-tidur-wanita,[BEST SELLER] ORIANA METY Collection | Piyama Baju Tidur Pajamas One Set,Rp169.000,169000.0
baju-tidur-wanita,"Bisalo Daster Cotton Wanita lengan pendek Digital Printing motif ""GENIUS"" - Dress - dress polos - daster polos - pakian wanita - atasan wanita - Bahan Katun - pakaian anak perempuan panjang soft Kaos Dewasa Oversize Hitam",Rp85.000,85000.0
baju-tidur-wanita,UNINICE Wanita Lengan Panjang Celana Renda Piyama Set Kartun Beruang Longgar Homewear,Rp110.000,110000.0
baju-tidur-wanita,Luludi Piyama LNP 5122 - Kuning Bunga - Katun,Rp342.000,342000.0
baju-tidur-wanita,AKLOVER#001 Manis Dan Imut Pendek -leeved Rok tidur/Jumbo Loose Pakaian Rumah/Rok Samping Renda Panjang,Rp95.760,95760.0
baju-tidur-wanita,You've (You Have) Sleepwear Dress Baju Tidur BTR-78-5,Rp97.136,97136.0
baju-tidur-wanita,Wacoal Piyama INC 1003 - Ungu,Rp477.000,477000.0
baju-tidur-wanita,PAKET USAHA 3Pcs Khamila Dress Daster Wanita Dewasa Crinkle Airflow Premium Busui/Bumil Friendly Saku Aktif piyama dress Panjang Baju Tidur daster polos pendek daster 3 pcs 100 rb crinkle,Rp225.000,225000.0
baju-tidur-wanita,Putri Nasya - Tie Die Big Size One Set Setelan Celana Panjang Wanita Bahan Rayon,Rp48.000,48000.0
baju-tidur-wanita,UNINICE Dress Lucu Lengan Pendek Model A-line Longgar Warna Solid Baju Tidur,Rp65.700,65700.0
baju-tidur-wanita,UNINICE Suspender ES Sutra Celana Pendek Piyama Pakaian Rumah Bermotif Tipis Dua Potong Dengan Bantalan Dada,Rp92.800,92800.0
baju-tidur-wanita,ORIANA KAIVA Daster Renda Allsize Busui Collection | Daster Modern Adem,Rp119.000,119000.0
baju-tidur-wanita,UNINICE [COD] INS Manis Piyama Wanita Tiga Potong Musim Panas Bagian Tipis Bernapas Susu Sutra Layanan Rumah Cardigan Lengan Pendek Celana Setelan,Rp82.700,82700.0
baju-tidur-wanita,MONOCHROME SERIES DASTER LOWO JUMBO LD 135 100RB DAPAT 3PCS,Rp140.000,140000.0
baju-tidur-wanita,ORIANA NAFIYA Sizing Collection | Baju Tidur Daster Malam,Rp79.000,79000.0
baju-tidur-wanita,Monellina ALZA Baju Atasan Daster XXL Jumbo Murah Wanita Kekinian,Rp50.000,50000.0
baju-tidur-wanita,DASTER PENDEK MOTIF RAYON BUSUI FRIENDLY,Rp38.900,38900.0
baju-tidur-wanita,Women Short Dress 2010 (M/L/XL),Rp49.900,49900.0
baju-tidur-wanita,Brasay Set Baju Tidur Wanita Tank Top Camisole Celana Piyama Wanita 4020,Rp38.499,38499.0
baju-tidur-wanita,AKLOVER Set Piyama Wanita T-Shirt Piyama Baju Rumah Piyama Ukuran Besar,Rp88.560,88560.0
baju-tidur-wanita,Brasay Set Baju Tidur Wanita Tank Top Camisole + Celana Piyama Wanita 3051,Rp33.999,33999.0
baju-tidur-wanita,You've (YouHave) Set Baju Tidur Sleepwear Wanita Piyama Wanita Satin 110021,Rp128.920,128920.0
baju-tidur-wanita,Piyama Baju Tidur Wanita Model Tanktop Kaos Wanita PY19,Rp72.000,72000.0
baju-tidur-wanita,Baju Tidur Katun KJ-4631,Rp160.000,160000.0
baju-tidur-wanita,Brasay Lingerie Dress Satin Mini Deep V Silk Baju Tidur Import 3047,Rp25.999,25999.0
baju-tidur-wanita,NEW LEOPARD SERIES DASTER LOWO JUMBO LD 125 Panjang Busui Rayon Dress Tidur Bumil Busui,Rp115.000,115000.0
baju-tidur-wanita,Temu Jodo Batik - Daster Lowo Variasi 3 Kancing Aktif Motif Seno,Rp49.000,49000.0
baju-tidur-wanita,UNINICE Renda Piyama Celana Pendek Lengan Pendek Set Pakaian Rumah Sutra Es Sutra Imitasi Tipis,Rp102.700,102700.0
baju-tidur-wanita,ORIANA MAHIKA Caluna Series | Daster Rayon Busui Sizing Collection,Rp99.000,99000.0
baju-tidur-wanita,Motif CAPPUCINO SERIES DASTER LOWO Rayon JUMBO LD 135 100RB DAPAT 3PCS Busui,Rp115.000,115000.0
baju-tidur-wanita,UNINICE Set Piyama Tiga Potong Pakaian Rumah Rajutan,Rp85.800,85800.0
baju-tidur-wanita,Batik Temu Jodo - Daster Cibi Motif Terbaru Rayon Busui Variasi Tali Kanan Kiri Jumbo,Rp55.000,55000.0
baju-tidur-wanita,Deccy.id - daster barong bali motif bunga Panjang Wanita Rayon,Rp32.500,32500.0
baju-tidur-wanita,Missoofficial.id BT003 Baju Tidur Daster Mini Dress Silk Satin Renda Lembut Bunga Gaun Piyama Wanita,Rp36.270,36270.0
baju-tidur-wanita,DASTER LOWO LD 150 PB 120 batik busui pekalongan rayon tebal Bumil Panjang Wanita Motif Kancing,Rp97.000,97000.0
baju-tidur-wanita,Mooi Piyama Dewasa Dress Collar Mom,Rp169.000,169000.0
baju-tidur-wanita,BATIK TEMU JODO - PAKET ISI 2 PCS DASTER LOWO BAHAN RAYON SUPER BUSUI BUMIL KANCING DADA MODEL TERBARU,Rp90.000,90000.0
baju-tidur-wanita,You've (You Have) Night Gown Nightgown Sleepwear Nightwear Brukat Brokat Baju Tidur Dress Tidur 700027,Rp158.152,158152.0
baju-tidur-wanita,MISSDASTER - DASTER FULL KANCING POLOS WANITA Kain Lembut,Rp56.150,56150.0
baju-tidur-wanita,UNINICE Piyama Impor Korea Selatan Set Piyama Wanita Polos/Setelan Celana/Baju Tidur/Setelan Lenga,Rp65.800,65800.0
baju-tidur-wanita,Nama Long Nightgown S-7XL Babydoll Sleepwear Big Size Lingerie Tidur Panjang Fit Nyaman Silk Soft,Rp119.000,119000.0
baju-tidur-wanita,Temu Jodo Batik - Daster Yukensi Sofia Rayon Halus Adem Ada Tali Bisa Di Atur Motif Terbaru,Rp44.999,44999.0
baju-tidur-wanita,DYD LABEL Kamaya Daster Selutut Bumil Busui Friendly Bahan Rayon Premium Front Zipper Size Up to XL,Rp119.000,119000.0
baju-tidur-wanita,GREET NIGHT WEAR - Baju Tidur TENCEL™ Micro Modal : TC-260 / HK Size M - L - XL,Rp330.000,330000.0
baju-tidur-wanita,DASTER LOWO ZIZA LD 150 PB 120 batik busui pekalongan rayon tebal arab panjang wanita,Rp97.000,97000.0
baju-tidur-wanita,GREET NIGHT WEAR - Baju Tidur Katun Jepang Model : K-896 / PTP XL,Rp275.000,275000.0
baju-tidur-wanita,GREET NIGHT WEAR - Piyama Tidur Katun Jepang Model : K-516 / PPK M/L,Rp245.000,245000.0
baju-tidur-wanita,UNINICE Baju Tidur Slip Longgar Piyama Cetak Tanpa Lengan Longgar Rok Ukuran Besar,Rp92.799,92799.0
baju-tidur-wanita,BOHOPANNA - ELANOR MOM SET - SETELAN WANITA - BAJU TIDUR WANITA,Rp108.528,108528.0
baju-tidur-wanita,Brasay Set Dress Lingerie Bahan Lace Baju Tidur Tanpa Lengan 3017,Rp47.299,47299.0
baju-tidur-wanita,You’ve Daster Baju Tidur Random Sleepwear Piyama Tidur Wanita 2 PCS,Rp94.400,94400.0
baju-tidur-wanita,Dinarsya Official - PAKET ISI 2PCS DASTER LOWO RAMPEL BAHAN RAYON SUPER KANCING DADA MODEL TERBARU,Rp90.000,90000.0
baju-tidur-wanita,AKLOVER Wanita Lengan Panjang Celana Renda Piyama Set Kartun Beruang Longgar Homewear Warna Aprikot Cetak Beruang Kecil Nyaman untuk Tidur dan Di Rumah - Kerah,Rp110.160,110160.0
baju-tidur-wanita,Ella Babydoll Sleepwear S-7XL Big Size Nightgown Lingerie Fit Nyaman Soft Dress Mini Basic,Rp109.000,109000.0
baju-tidur-wanita,BATIKISAA Sdress Standar 110 Soft Rayon Premium Super LD 110 PJ 135 Soft Manis Muslim Motif Panjang Baju Casual Tebal Hitam Rayon Gamis,Rp97.850,97850.0
baju-tidur-wanita,Wacoal Piyama INC 1003 - Lilac,Rp477.000,477000.0
baju-tidur-wanita,Missoofficial.id BS877 Baju Tidur Set Wanita Piyama Camisole + Celana pendek Fashion Wanita Korea Style,Rp37.631,37631.0
baju-tidur-wanita,You've (You Have) Gaun Malam Gaun Malam Gaun Set Daster Baju Tidur Dress Tidur 700026,Rp155.704,155704.0
baju-tidur-wanita,Maddie Lee Piyama Wanita Dewasa V-Neck Bearly Awake,Rp229.000,229000.0
baju-tidur-wanita,PAKET HEMAT MIX ALL SERIES MONOCHROME MOKACINO CAPPUCINO DASTER LOWO JUMBO LD 135 100RB DAPAT 3PCS MOTIF,Rp109.000,109000.0
baju-tidur-wanita,Maliarikha Collection Amura Daster Tali Wanita Kekinian Busui,Rp65.000,65000.0
baju-tidur-wanita,Batik Temu Jodo - Daster Lowo Motif Batik Pekalongan Daster Terbaru,Rp49.000,49000.0
baju-tidur-wanita,GREET Model : K-193 / Dk,Rp210.000,210000.0
baju-tidur-wanita,Chils - Setelah Piyama Set Pendek Rayon Premium Lembut Adem Halus Busui friendly,Rp350.000,350000.0
baju-tidur-wanita,Monellina CHOHEE Daster Oversize Wanita Lengan Pendek,Rp60.000,60000.0
baju-tidur-wanita,Chils Daster Busui Pendek Collection Kaftan Series Rayon,Rp74.000,74000.0
baju-tidur-wanita,GREET NIGHT WEAR Baju Tidur Katun Jepang model : E-100 / H Oblong,Rp215.000,215000.0
baju-tidur-wanita,Sateen Weave Egyptian Cotton Pajamas Set / Piyama Set Katun Mesir,Rp749.550,749550.0
baju-tidur-wanita,GREET NIGHT WEAR Baju Tidur Kaos Katun Slim Fit model : E-288 / BD,Rp230.000,230000.0
baju-tidur-wanita,Paket 2 pcs Khamila Daster Cantik Lengan Pendek Ibu Hamil & Menyusui Baju Tidur Piyama Dress Santai Wanita Dewasa daster polos pendek,Rp170.000,170000.0
baju-tidur-wanita,Motif MOKACINO SERIES Rayon DASTER LOWO Wanita JUMBO Panjang LD 135 100RB DAPAT 3PCS Bumil Busui,Rp115.000,115000.0
baju-tidur-wanita,GREET NIGHT WEAR - Baju Tidur Kaos Katun Model : E-317 / BD (Slim Fit),Rp230.000,230000.0
baju-tidur-wanita,HERA Delace Lingerie Sleepdress,Rp158.000,158000.0
baju-tidur-wanita,UNINICE Ladies Printed Nightdress Long Bernapas Kartun Graffiti Long Dress Home Service,Rp36.800,36800.0
baju-tidur-wanita,[LAST STOCK SALE!!] ORIANA SEKALA Daster Pendek Busui Friendly Collection,Rp79.000,79000.0
baju-tidur-wanita,Baju Tidur Kaos Katun GREET model : E-311 / BD (Slim Fit),Rp230.000,230000.0
baju-tidur-wanita,ONESET PENDEK NINA KOMBINASI,Rp78.750,78750.0
baju-tidur-wanita,[LAST STOCK SALE] ORIANA MAHIKA Daster Rayon Busui Collection Sizing,Rp99.000,99000.0
baju-tidur-wanita,GREET NIGHT WEAR Baju Tidur Kaos Katun model : D-380 / HB,Rp225.000,225000.0
baju-tidur-wanita,STRAWBERRY SERIES DASTER LOWO JUMBO LD 120 NON BUSUI 100RB DAPAT 3PCS,Rp140.000,140000.0
baju-tidur-wanita,Trustella - Daisy Dress | Midi Homedress | Daster,Rp139.000,139000.0
baju-tidur-wanita,BATIK TRUSMI Longdress Pakaian Santai Daster DWS Tasya Hijau Kancing Katun Rayon Busui Motif Bumil,Rp169.000,169000.0
baju-tidur-wanita,Brasay Baju Tidur Santai Fashion Bra Baju Dalam Lingerie Renda Wanita 4097,Rp65.999,65999.0
baju-tidur-wanita,BATIK TEMU JODO - PAKET HEMAT 2PCS DRES FUJI PANJANG NON BUSUI KARET DADA RAYON,Rp110.000,110000.0
baju-tidur-wanita,ORIANA PRINKA Navya Piyama Set Poly Bamboo Series | Pajamas Wanita Baju Tidur Lengan Pendek,Rp138.000,138000.0
baju-tidur-wanita,Monellina DORIKA Piyama Wanita Jumbo Lengan Pendek Tie Dye,Rp90.000,90000.0
baju-tidur-wanita,Putri Nasya - One Set Tie Dye Setelan Celana Panjang Wanita Bahan Rayon,Rp48.000,48000.0
baju-tidur-wanita,Putri Nasya - Tie Dye One Set Big Size Setelan Celana Panjang Wanita Bahan Rayon,Rp48.000,48000.0
baju-tidur-wanita,Batik Temu Jodo - Dress Yukensi/Kensi Panjang Motif Bunga Tersanjung - Rayon Daster Sexy Wanita Panjang,Rp44.999,44999.0
baju-tidur-wanita,PAKET HEMAT BLACK SERIES DASTER LOWO JUMBO LD 135 100RB DAPAT 3PCS MOTIF BISA REQUEST,Rp119.000,119000.0
baju-tidur-wanita,Batik Temu Jodo - Setelan Baju Tidur Wanita Motif Bear Ld 120CM Non Busui,Rp58.900,58900.0
baju-tidur-wanita,BATIK TRUSMI Daster Batik Wanita Katun Model Klok JN Motif Nyaman Dress Pendek Tunik Dewasa,Rp75.000,75000.0
baju-tidur-wanita,Daster Kekinian Murah Resleting Depan Busui Friendly Bahan Kain Rayon - Home Dress,Rp55.000,55000.0
baju-tidur-wanita,Baju Tidur Wanita Set You've 891,Rp137.848,137848.0
baju-tidur-wanita,Monellina LIZZY Piyama Wanita Lengan Pendek,Rp55.000,55000.0
baju-tidur-wanita,Leesy.id - Oneset Short Pajama Motif Clowny,Rp200.000,200000.0
baju-tidur-wanita,Putri Nasya - Tie Die Big Size One Set Setelan Celana Pendek Wanita Bahan Rayon,Rp45.000,45000.0
baju-tidur-wanita,Eldzar - Liyana Daster Crinkle Polos Busui Frendly Baju Santai Wanita Dress Bahan Crinkle Airflow nyaman dipakai seharian,Rp35.000,35000.0
baju-tidur-wanita,AKLOVER Piyama Ttiga Potong Set Piyama Cinta Kancing Baju Rumah,Rp82.300,82300.0
baju-tidur-wanita,You've (YouHave) 555-1 Sleepwear Set Baju Tidur Wanita,Rp137.272,137272.0
baju-tidur-wanita,You've (YouHave) Baju Tidur Wanita Sleepwear Set Baju Tidur Wanita Set 8590,Rp146.632,146632.0
baju-tidur-wanita,You've BTR-805 10 Sleepwear Set Baju Tidur Wanita,Rp124.168,124168.0
baju-tidur-wanita,BATIK TRUSMI Daster Batik Pakaian Santai Batik CHB BRBDR Motif Bunga Ibu Kancing Katun Lembut Menyusui Kombinasi,Rp139.000,139000.0
baju-tidur-wanita,Niceface Baju Tidur Piyama Daster Wanita Korea Sexy Mini Dress,Rp100.000,100000.0
baju-tidur-wanita,PAKET DASTER JUMBO LD 124CM 3PCS 100RB MOTIF BISA REQUEST BUSUI BAHAN RAYON ADEM,Rp125.000,125000.0
baju-tidur-wanita,Monellina HELDI Baju Atasan Daster Tie Dye XXL Jumbo Wanita,Rp30.000,30000.0
baju-tidur-wanita,Brasay Pakaian Wanita Daster Motif Kartun Longgar Korea 4016,Rp29.149,29149.0
baju-tidur-wanita,DASTER LOWO ZIZA LD 150 PB 120 batik busui pekalongan rayon tebal arab panjang wanita,Rp97.000,97000.0
baju-tidur-wanita,DYD LABEL Emily Piyama Premium Exclusive Series Setelan Baju Pendek & Celana Panjang Bahan Silk Lembut Adem Nyaman Busui Friendly Full Kancing,Rp369.000,369000.0
baju-tidur-wanita,Luludi Piyama LNP 5123 - Hijau Motif Bunga,Rp324.000,324000.0
baju-tidur-wanita,DYD LABEL Kamila Selutut Daster Wanita Rempel Bahan Rayon Premium Resleting Depan Fit to XL Bumil Busui Friendly,Rp119.000,119000.0
baju-tidur-wanita,DYD LABEL Kamaya Daster Selutut Bumil Busui Friendly Bahan Rayon Premium Front Zipper Size Up to XL,Rp119.000,119000.0
baju-tidur-wanita,PAKET HEMAT 4PCS DASTER RAYON SUPER SANTUNG ADEM DASTER STANDAR PANJANG PRINTING WANITA BUMIL RESLETING KATUN POLIESTER SUTRA POLOS BATIK,Rp125.000,125000.0
baju-tidur-wanita,Batik Temu Jodo - Daster Rayon Lowo Daster Keleawar Motif Bunga Galaxy Daster Basic,Rp42.000,42000.0
baju-tidur-wanita,Batik Temu Jodo - Daster Rayon Motif Leopard Busui Bumil Daster Anak Muda,Rp42.000,42000.0
baju-tidur-wanita,You've Sleepwear Panda 805-4 Baju Tidur Wanita Set 2 Case,Rp124.168,124168.0
baju-tidur-wanita,LORENG SERIES DASTER LOWO/KALONG JUMBO LD 135 100RB DAPAT 3PCS,Rp140.000,140000.0
baju-tidur-wanita,BATIK TEMU JODO - DASTER RAYON BUSUI FRIENDLY RESLETING DADA MOTIF STAYLISH DAN MODIS DASTER ANAK MUDA,Rp49.000,49000.0
baju-tidur-wanita,BATIK TEMU JODO - PAKET ISI 2PCS DASTER LOWO RAMPEL BAHAN RAYON SUPER KANCING DADA MODEL TERBARU,Rp90.000,90000.0
baju-tidur-wanita,BATIK TEMU JODO - DASTER AUDY BERSAKU DASTER BUMIL BUSUI DASTER WANITA BUMIL RESLETING DADA,Rp59.000,59000.0
baju-tidur-wanita,CUNDAMANI SERIES MODEL BARU DASTER LOWO JUMBO LD 120 NON BUSUI 100RB DAPAT 3PCS DASTER LEBARAN,Rp140.000,140000.0
baju-tidur-wanita,UNINICE Baju Tidur Slip Longgar Piyama Cetak Tanpa Lengan Longgar Rok Ukuran Besar,Rp92.800,92800.0
baju-tidur-wanita,Brasay Lingerie Baju Tidur Wanita Import Sleepwear Bahan Silk Wanita 3049,Rp34.999,34999.0
baju-tidur-wanita,Maddie Lee Piyama Wanita Dewasa Stay Pawsitive,Rp205.000,205000.0
baju-tidur-wanita,Tulip One Set Kimono Sleepwear Lingerie - TLI-9246,Rp245.000,245000.0
baju-tidur-wanita,GREET NIGHT WEAR - Baju Tidur TENCEL TM Modal : TC-188 / PP Oblong,Rp360.000,360000.0
baju-tidur-wanita,Geulis.id MIYUKI PYJAMAS SET / PIYAMA WANITA,Rp358.800,358800.0
baju-tidur-wanita,AKLOVER Pakaian Rumah Sifon Setengah Panjang Piyama Wanita Longgar Kemeja Wanita Putih Baju Tidur Seksi,Rp82.800,82800.0
baju-tidur-wanita,Yoenik Sujin Home Dress - Midi Dress Lengan Pendek - Daster Kekinian - Baju Busui Wanita - Dress Bumil,Rp80.000,80000.0
baju-tidur-wanita,PAKET HEMAT 3PCS LONGDRESS RAYON SUPER SANTUNG BUSUI ADEM TERMURAH BAJU DASTER MOTIF LENGAN PANJANG CASUAL DRESS WANITA BUMIL DASTER PENDEK SANTAI BERESLETING,Rp120.000,120000.0
baju-tidur-wanita,GREET NIGHT WEAR - Baju Tidur TENCEL™ Micro Modal : TC-266 / PP Oblong (M-L-XL),Rp380.000,380000.0
baju-tidur-wanita,AKLOVER Set Piyama Renda Wanita Pakaian Santai Kerah V,Rp117.600,117600.0
baju-tidur-wanita,AIYILIAN - Lingerie Lace E105 Floral Lingerie Set Dress,Rp75.000,75000.0
baju-tidur-wanita,Brasay Set Lingerie Wanita Babydoll Deep V-Neck Tanpa Lengan Sexy Aksen Renda + G-String 3012,Rp44.999,44999.0
baju-tidur-wanita,Sukahijab Aruni Daster Jumbo Kekinian LD 110cm Katun Rayon Polos Premium Busui Lengan 3/4 Karet Midi Dress Warna Pastel Lembut Simple Fit Navy Wanita Tangan Panjang,Rp99.000,99000.0
baju-tidur-wanita,GREET NIGHT WEAR - Baju Tidur TENCEL TM Modal : TC-186 / PP Oblong,Rp360.000,360000.0
baju-tidur-wanita,St. Yves Flower Setelan Piyama Wanita 123089239,Rp199.900,199900.0
baju-tidur-wanita,GREET NIGHT WEAR - Daster Tali Organic Silk Model : T-627 / D Tali,Rp225.000,225000.0
baju-tidur-wanita,AKLOVER Baju Tidur Tali Ikat Panjang Piyama Tanpa Lengan Bermotif Pakaian Rumah Ukuran Plus Longgar,Rp83.800,83800.0
baju-tidur-wanita,AKLOVER Set Piyama Wanita Ukuran Besar Baju Tidur Fashion Import Piyama Rumah dengan Bantalan Dada,Rp119.500,119500.0
baju-tidur-wanita,[COD] VIMISU PYM 007 Daster baju tidur piyama terbaru korean style lucu bonus kantong travelpack terlaris Dewasa Kain Nyaman Wanita Pendek Motif Panjang Remaja,Rp45.000,45000.0
baju-tidur-wanita,GREET NIGHT WEAR - Baju Tidur TENCEL Modal : TC-098 / PP Oblong,Rp390.000,390000.0
baju-tidur-wanita,[KOREAN COLLECTION] JI WON DRESS - TENCEL BEAR OR FLOWER PATTERN - DT,Rp370.000,370000.0
baju-tidur-wanita,Sorella Loungewear Floral Serenity Top & Long Pants N35-PA2355,Rp405.000,405000.0
baju-tidur-wanita,AKLOVER Pakaian Rumah Baju Tidur Panjang Ukuran Plus Wanita Dress Lucu,Rp139.300,139300.0
baju-tidur-wanita,COLORBOX Printed Rib Sleeveless Pajama Set I-SWSFLW225I236 Multicolor,Rp139.930,139930.0
baju-tidur-wanita,GREET NIGHT WEAR - Baju Tidur TENCEL TM Modal : TC-190 / PP Kerah,Rp360.000,360000.0
baju-tidur-wanita,CARAMEL SERIES DASTER LOWO JUMBO LD 120 NON BUSUI 100RB DAPAT 3PCS,Rp140.000,140000.0
baju-tidur-wanita,Batik Temu Jodo - Daster Rayon Lowo Motif Bunga Teratai Daster Basic,Rp42.000,42000.0
baju-tidur-wanita,"UNINICE [Pengiriman Rahasia] Set Piyama Tali Ikat Seksi, Set Dua Potong Pakaian Rumah Super Elastis",Rp67.100,67100.0
baju-tidur-wanita,Brasay Set Pakaian Tidur Wanita | Set New Motif Korea Baju Tidur Wanita Motif Hati Garis-garis 3182,Rp57.199,57199.0
baju-tidur-wanita,Brasay Lingerie Sexy Bahan Satin Tanpa Lengan Model Mini Daster Seksi 3018,Rp21.499,21499.0
baju-tidur-wanita,DASTER LAURA LD 115 PB 120 cantik rayon tebal pekalongan bumil lembut Wanita Busui Nyaman Katun Panjang,Rp79.000,79000.0
baju-tidur-wanita,GREET NIGHT WEAR Baju Tidur Katun Jepang Model : K-171 / PP,Rp144.000,144000.0
baju-tidur-wanita,SLEEP PROJECT Unisex Pajama Set PLAIN BLACK Piyama Sateen,Rp699.000,699000.0
baju-tidur-wanita,You've Baju Tidur Pakaian Wanita Piyama 202,Rp177.016,177016.0
baju-tidur-wanita,GOLD SERIES DASTER LOWO JUMBO LD 120 100RB DAPAT 3PCS,Rp140.000,140000.0
baju-tidur-wanita,GREET NIGHT WEAR - Baju Tidur TENCEL™ Micro Modal : TC-266 / PP Oblong (M-L-XL),Rp380.000,380000.0
baju-tidur-wanita,Baju Tidur GREET model : D-403 / DM,Rp225.000,225000.0
baju-tidur-wanita,GREET NIGHT WEAR Baju Tidur Kaos Katun model : E-236 / PTP,Rp245.000,245000.0
baju-tidur-wanita,GREET NIGHT WEAR - Baju Tidur Organic Silk Model : T-382 / PPO,Rp325.000,325000.0
baju-tidur-wanita,GREET NIGHT WEAR Baju Tidur Kaos Katun model : BY-068 / PTP Dewasa,Rp225.000,225000.0
baju-tidur-wanita,Daster Organic Silk GREET model : T-760 / DK,Rp240.000,240000.0
baju-tidur-wanita,SUKAHIJAB - Kirei Daster Homedress Wanita Kekinian Terbaru Zipper Polos Lengan Pendek Jumbo Respan Kain Rayon Twill Atasan Bumil Busui Cantik Fit Gamis Katun Simple Nyaman,Rp99.000,99000.0
baju-tidur-wanita,GREET NIGHT WEAR - Baju Tidur TENCEL TM Model : TC-089 / HK,Rp340.000,340000.0
baju-tidur-wanita,NICEFACE Piyama Wanita Seksi Musim Panas Gaun Tidur Lengan Pendek,Rp70.620,70620.0
baju-tidur-wanita,Pusat Mukena Indonesia - Daster Rayon Kerah / Tunik / Outer Tie Dye Aurora,Rp59.900,59900.0
baju-tidur-wanita,Baju Tidur Kaos Katun GREET Model : D-417 / H Kerah,Rp230.000,230000.0
baju-tidur-wanita,GREET NIGHT WEAR - Baju Tidur TENCEL TM Model : TC-232 / H (SIZE M),Rp330.000,330000.0
baju-tidur-wanita,GREET NIGHT WEAR - Baju Tidur Katun Jepang Model : K-654 / HK,Rp215.000,215000.0
baju-tidur-wanita,GREET NIGHT WEAR - Baju Tidur Model : E-336 / H SLIMFIT,Rp180.000,180000.0
baju-tidur-wanita,GREET NIGHT WEAR - Baju Tidur Organic Silk Model : T-560 / PTP OLIVE,Rp340.000,340000.0
baju-tidur-wanita,Baju Tidur Kaos Katun GREET model : D-393 / BD (Size M),Rp245.000,245000.0
baju-tidur-wanita,Setelan Celana Pendek Kancing Depan / Daster Atas Bawah Kekinian Rayon Wanita Piyama,Rp74.900,74900.0
baju-tidur-wanita,DASTER LOWO ZIZA LD 150 PB 120 batik busui pekalongan rayon tebal arab panjang wanita,Rp97.000,97000.0
baju-tidur-wanita,Sleepwear Set Baju Tidur Dewasa Piyama Big Size S-XXXL Sofia SS161,Rp145.000,145000.0
baju-tidur-wanita,DYD LABEL Kamaya Daster Selutut Bumil Busui Friendly Bahan Rayon Premium Front Zipper Size Up to XL,Rp119.000,119000.0
baju-tidur-wanita,GREET NIGHT WEAR - Baju Tidur Model : E-333 / HB Slim Fit,Rp180.000,180000.0
baju-tidur-wanita,GREET NIGHT WEAR Baju Tidur Kaos Katun Model : E-259 / PTP,Rp260.000,260000.0
baju-tidur-wanita,GREET NIGHT WEAR - Daster Jacquard Model : JA-001 / D Kerah,Rp220.000,220000.0
baju-tidur-wanita,GREET NIGHT WEAR - Baju Tidur Katun Jepang Model : K-857 / H Oblong,Rp215.000,215000.0
baju-tidur-wanita,GREET NIGHT WEAR - Baju Tidur TENCEL TM Model : TC-110 / BD Oblong,Rp370.000,370000.0
baju-tidur-wanita,GREET Model : E-241 / HB,Rp225.000,225000.0
baju-tidur-wanita,Baju Tidur GREET model : D-399 / HK,Rp230.000,230000.0
baju-tidur-wanita,GREET NIGHT WEAR - Baju Tidur Model : E-336 / HB Slim Fit,Rp225.000,225000.0
baju-tidur-wanita,Baju Tidur Organic Silk GREET Model : T-166 / HK,Rp275.000,275000.0
baju-tidur-wanita,YU MA SERIES - PREMIUM KOREAN SET - GREET NIGHT WEAR - BEAR / HT PPT,Rp269.000,269000.0
baju-tidur-wanita,GREET NIGHT WEAR - Baju Tidur TENCEL ™ Micro Modal: TC-254 / PTPK,Rp429.000,429000.0
baju-tidur-wanita,GREET NIGHT WEAR - Baju Tidur Organic Silk Model : T-757 / PTPK,Rp355.000,355000.0
baju-tidur-wanita,GREET NIGHT WEAR - Baju Tidur Organic Silk Model : T-529 / PTPK Onyx Series,Rp429.000,429000.0
baju-tidur-wanita,GREET NIGHT WEAR Baju Tidur Kaos Katun model : BY-068 / PTP Dewasa,Rp225.000,225000.0
baju-tidur-wanita,Daster Organic Silk GREET model : T-760 / DK,Rp240.000,240000.0
baju-tidur-wanita,SUKAHIJAB - Kirei Daster Homedress Wanita Kekinian Terbaru Zipper Polos Lengan Pendek Jumbo Respan Kain Rayon Twill Atasan Bumil Busui Cantik Fit Gamis Katun Simple Nyaman,Rp99.000,99000.0
baju-tidur-wanita,GREET NIGHT WEAR - Baju Tidur TENCEL TM Model : TC-089 / HK,Rp340.000,340000.0
baju-tidur-wanita,NICEFACE Piyama Wanita Seksi Musim Panas Gaun Tidur Lengan Pendek,Rp70.620,70620.0
baju-tidur-wanita,GREET NIGHT WEAR - Baju Tidur TENCEL TM Model : TC-232 / H (SIZE M),Rp330.000,330000.0
baju-tidur-wanita,Baju Tidur Kaos Katun GREET Model : D-417 / H Kerah,Rp230.000,230000.0
baju-tidur-wanita,Pusat Mukena Indonesia - Daster Rayon Kerah / Tunik / Outer Tie Dye Aurora,Rp59.900,59900.0
baju-tidur-wanita,GREET NIGHT WEAR - Baju Tidur Katun Jepang Model : K-654 / HK,Rp215.000,215000.0
baju-tidur-wanita,BATIK TRUSMI One Set Piyama Setelan Pendek Motif Odelia Warna Putih MOP,Rp309.000,309000.0
baju-tidur-wanita,GREET NIGHT WEAR - Baju Tidur Organic Silk Model : T-560 / PTP OLIVE,Rp340.000,340000.0
baju-tidur-wanita,GREET NIGHT WEAR - Baju Tidur Organic Silk Model : T-382 / PPO,Rp325.000,325000.0
baju-tidur-wanita,GREET NIGHT WEAR - Baju Tidur Model : E-336 / H SLIMFIT,Rp180.000,180000.0
baju-tidur-wanita,Baju Tidur GREET Kaos Katun Slim Fit Model : E-263 / PP,Rp235.000,235000.0
baju-tidur-wanita,[FOR AFFILIATE] Lazy Pajamas Random Collections | Piyama | Baju Tidur,Rp9.999.000,9999000.0
baju-tidur-wanita,GREET NIGHT WEAR - Baju Tidur TENCEL™ Modal : TC-207 / H Union Set,Rp340.000,340000.0
baju-tidur-wanita,GREET NIGHT WEAR - Baju Tidur Model : E-323 / PTP,Rp245.000,245000.0
baju-tidur-wanita,GREET NIGHT WEAR - Baju Tidur TENCEL Modal : TC-092 / PP Oblong,Rp380.000,380000.0
baju-tidur-wanita,GREET NIGHT WEAR - Baju Tidur TENCEL TM Model : TC-235 / BD Oblong,Rp370.000,370000.0
baju-tidur-wanita,GREET NIGHT WEAR - Piyama Organic Silk Model : T-652 / H Union Set,Rp265.000,265000.0
baju-tidur-wanita,GREET NIGHT WEAR - Baju Tidur TENCEL TM Modal : TC-249 / HK,Rp355.000,355000.0
baju-tidur-wanita,GREET NIGHT WEAR - Baju Tidur Bahan Organic silk Model : T-754 H LUNAR SERIES,Rp310.000,310000.0
baju-tidur-wanita,Luludi Piyama LNP 5080 - Hijau,Rp405.000,405000.0
baju-tidur-wanita,Baju Tidur TENCEL™ Micro Modal : TC-261 / PPK Size XL,Rp415.000,415000.0
baju-tidur-wanita,Baju Tidur GREET NIGHT WEAR Organic Silk GREET model : T-069 / HK,Rp245.000,245000.0
baju-tidur-wanita,GREET NIGHT WEAR - Baju Tidur TENCEL™ Micro Modal : TC-259 / BD Oblong,Rp370.000,370000.0
baju-tidur-wanita,GREET NIGHT WEAR - Baju Tidur Katun Jepang Model : K-858 / BD Oblong,Rp220.000,220000.0
baju-tidur-wanita,Felancy Microfiber Sleepwear Dress 078-NE6112,Rp176.000,176000.0
baju-tidur-wanita,GREET NIGHT WEAR - Baju Tidur TENCEL Modal : TC-099 / PP Oblong,Rp390.000,390000.0
baju-tidur-wanita,Scelta - Kimono Satin Silk Baju Tidur Lengan Pendek Piyama Pajamas Bahan Licin Bt Yj Fm 6001 6006 6009,Rp107.500,107500.0
baju-tidur-wanita,GREET NIGHT WEAR - Baju Tidur Kaos Katun Model : D-476 / D XL,Rp230.000,230000.0
baju-tidur-wanita,GREET NIGHT WEAR - Baju Tidur Organic Silk Model : T-761 / PP Kerah,Rp325.000,325000.0
baju-tidur-wanita,Noir Sur Blanc Long Pants Candy Yellow,Rp450.000,450000.0
baju-tidur-wanita,GREET NIGHT WEAR Baju Tidur Kaos Katun Model : E-257 / PTP,Rp200.000,200000.0
baju-tidur-wanita,Disney Stitch Chill Time Hp Setelan Piyama Wanita 123598171,Rp199.900,199900.0
baju-tidur-wanita,GREET NIGHT WEAR Baju Tidur Kaos Katun model : D-387 / HB,Rp225.000,225000.0
baju-tidur-wanita,GREET NIGHT WEAR - Baju Tidur TENCEL TM Modal : TC-174 / HK,Rp340.000,340000.0
baju-tidur-wanita,GREET NIGHT WEAR - Piyama Tidur Katun Model : K-827 / PPK Braless,Rp235.000,235000.0
baju-tidur-wanita,AKLOVER Ins Lucu Longgar Baju Tidur Renda Suspender Rumah Pakaian Wanita,Rp88.500,88500.0
baju-tidur-wanita,GREET NIGHT WEAR - Baju Tidur TENCEL™ Micro Modal : TC-254 / H Jill Set,Rp330.000,330000.0
baju-tidur-wanita,GREET NIGHT WEAR - Baju Tidur Katun Jepang Model : K-847 / BD Oblong,Rp220.000,220000.0
baju-tidur-wanita,GREET NIGHT WEAR - Baju Tidur Organic Silk Model : T-489 / PPK,Rp325.000,325000.0
baju-tidur-wanita,Wacoal Piyama INC 1002 - IVORY - Katun Motif,Rp432.000,432000.0
baju-tidur-wanita,GREET NIGHT WEAR - Baju Tidur Katun Jepang Model : K-890 / PTP Oblong XL,Rp275.000,275000.0
baju-tidur-wanita,GREET NIGHT WEAR - Daster TENCE Modal - Madelyn Dress Series,Rp359.000,359000.0
baju-tidur-wanita,GREET NIGHT WEAR - Baju Tidur Organic Silk Model : T-756 / BD,Rp315.000,315000.0
baju-tidur-wanita,Baju Tidur Kaos Katun GREET model : D-376 / HB,Rp225.000,225000.0
baju-tidur-wanita,Sleepwear Set Baju Tidur Dewasa Piyama Big Size S-XXXL Sofia SS161,Rp145.000,145000.0
baju-tidur-wanita,DASTER LOWO ZIZA LD 150 PB 120 batik busui pekalongan rayon tebal arab panjang wanita,Rp97.000,97000.0
baju-tidur-wanita,"AKLOVER Piyama tiga potong, set baju rumah lengan pendek, piyama warna solid",Rp95.500,95500.0
baju-tidur-wanita,AKLOVER Set Piyama Tali Ikat Sutra Es Dua Potong Dengan Bantalan Dada Dan Pakaian Rumah Tanpa Lengan,Rp112.560,112560.0
baju-tidur-wanita,DYD LABEL Kamaya Daster Selutut Bumil Busui Friendly Bahan Rayon Premium Front Zipper Size Up to XL,Rp119.000,119000.0
baju-tidur-wanita,GREET NIGHT WEAR - Baju Tidur Katun Jepang Model : K-868 / H Oblong,Rp215.000,215000.0
baju-tidur-wanita,Felancy Microfiber Sleepwear Short Sleeve Pajamas 078-PA6026,Rp256.000,256000.0
baju-tidur-wanita,GREET NIGHT WEAR Baju Tidur Katun Jepang Model : K-181 / PPK,Rp190.000,190000.0
baju-tidur-wanita,GREET NIGHT WEAR - Baju Tidur TENCEL™ Micro Modal : TC-232 / PP Oblong,Rp390.000,390000.0
baju-tidur-wanita,GREET NIGHT WEAR - Baju Tidur Model : D-474 / DTP,Rp230.000,230000.0
baju-tidur-wanita,GREET Model: E-244 / HB,Rp225.000,225000.0
baju-tidur-wanita,GREET - E-252 / BD KAOS KATUN 30P,Rp230.000,230000.0
baju-tidur-wanita,GREET NIGHT WEAR Baju Tidur Kaos Katun model : D-289 / HK,Rp195.000,195000.0
baju-tidur-wanita,GREET NIGHT WEAR - Baju Tidur Organic Silk Model : T-652 / PTPK Onyx Series,Rp399.000,399000.0
baju-tidur-wanita,GREET NIGHT WEAR - Baju Tidur Katun Jepang Model : K-874 / PP Kerah Size M,Rp225.000,225000.0
baju-tidur-wanita,GREET NIGHT WEAR - Baju Tidur Kaos Katun Model : E-319 / BD (Slim Fit),Rp230.000,230000.0
baju-tidur-wanita,GREET NIGHT WEAR - Baju Tidur Kaos Katun Model : E-328 / PP Slim fit,Rp235.000,235000.0
baju-tidur-wanita,GREET NIGHT WEAR - Baju Tidur TENCEL™ Micro Modal : TC-251 / H Jill Set,Rp340.000,340000.0
baju-tidur-wanita,GREET NIGHT WEAR - Baju Tidur TENCEL ™ Micro Modal: TC-248 / PTP Oblong Size XL,Rp455.000,455000.0
baju-tidur-wanita,GREET NIGHT WEAR - Baju Tidur Organic Silk Model : T-742 / BD,Rp315.000,315000.0
baju-tidur-wanita,BATIK TRUSMI Setelan One Set Baju Tidur Motif Kombinasi Yuki Kuning MEI Katun Rayon Katun Rayon Lembut Nyaman Lembut Nyaman Lembut Nyaman Lembut Nyaman Lembut Nyaman Lembut Nyaman Lembut Nyaman Lembut Nyaman Lembut Nyaman Panjang Dress,Rp315.000,315000.0
baju-tidur-wanita,T shirt Pendek Dewasa + Celana Panjang woman ( Sesame Street Elmo Musik Yellow ),Rp78.210,78210.0
baju-tidur-wanita,GREET NIGHT WEAR - Baju Tidur Organic Silk Model : T-749 / PTPK,Rp340.000,340000.0
baju-tidur-wanita,GREET NIGHT WEAR - Baju Tidur Katun Jepang Model : K-827 / BD Oblong,Rp220.000,220000.0
baju-tidur-wanita,Baju Tidur Katun Jepang BT-001,Rp160.000,160000.0
baju-tidur-wanita,GREET NIGHT WEAR Daster Katun Jepang Model : K-471 / DK,Rp210.000,210000.0
baju-tidur-wanita,GREET NIGHT WEAR - Baju Tidur Katun Jepang Model : K-907 / PPK Size M,Rp225.000,225000.0
baju-tidur-wanita,GREET NIGHT WEAR - Baju Tidur Organic Silk Model : T-652 / PTPK Onyx Series,Rp429.000,429000.0
baju-tidur-wanita,GREET NIGHT WEAR - Daster TENCEL™ Micro Modal :TC-245 / DV,Rp315.000,315000.0
baju-tidur-wanita,GREET NIGHT WEAR - Baju Tidur Organic Silk Model : T-737 / BD,Rp315.000,315000.0
baju-tidur-wanita,GREET NIGHT WEAR - Baju Tidur Katun Jepang Model : K-788 / BD Oblong,Rp220.000,220000.0
baju-tidur-wanita,GREET NIGHT WEAR - Baju Tidur TENCEL™ Micro Modal : TC-211 PP Oblong size M,Rp380.000,380000.0
baju-tidur-wanita,GREET NIGHT WEAR Baju Tidur Katun Jepang Model : K-178 / PPK,Rp225.000,225000.0
baju-tidur-wanita,Piyama Kaos Katun GREET model : D-264 / HK,Rp200.000,200000.0
baju-tidur-wanita,GREET NIGHT WEAR Baju tidur kaos katun slim fit model : E-236 / BD,Rp230.000,230000.0
baju-tidur-wanita,GREET NIGHT WEAR - Baju Tidur Organic Silk Model : T-741 / PP Oblong,Rp340.000,340000.0
baju-tidur-wanita,Aiyilian Dress Lingerie D133 Ruffle Flower Lace Back Ribbon Adjustable Bahan Polyester,Rp99.000,99000.0
baju-tidur-wanita,GREET NIGHT WEAR - Baju Tidur TENCEL™ Micro Model : TC-255 / D JIWON,Rp370.000,370000.0
baju-tidur-wanita,Piyama Premium One Set Celana Panjang Pria Wanita FREE SLIP ON LEZAHRASIGNATURE Katun Twill Rayon Fit M -XXL Baju Tidur Pasangan Couple Set Hadiah Perkawinan,Rp549.000,549000.0
baju-tidur-wanita,GREET NIGHT WEAR - Piyama Tidur Katun Model : K-828 / PPK Braless,Rp225.000,225000.0
baju-tidur-wanita,GREET NIGHT WEAR - Daster TENCEL™Micro Model :TC-231 / DV,Rp315.000,315000.0
baju-tidur-wanita,GREET NIGHT WEAR - Baju Tidur Katun Jepang Model : K-877 / H Kerah,Rp215.000,215000.0
baju-tidur-wanita,Batik Keris Daster Gandul Lengan Serut Motif Kawung Wajik – Coklat,Rp388.000,388000.0
baju-tidur-wanita,GREET NIGHT WEAR - Daster Organic Silk GREET model : T-767 / DV GEBER,Rp295.000,295000.0
baju-tidur-wanita,Pusat Mukena Indonesia - Pajamas Set Celana Rayon Crinkle Oversize,Rp94.900,94900.0
baju-tidur-wanita,LACE SERIES - GREET NIGHT WEAR - Organic Silk Dress T-591 D Lace,Rp250.000,250000.0
baju-tidur-wanita,REBECCA SERIES - GREET NIGHT WEAR - Piyama Katun Jepang K-716 / HK,Rp195.000,195000.0
baju-tidur-wanita,BATIK TRUSMI One Set Piyama Setelan Panjang Motif Joana Warna Pink MOP,Rp385.000,385000.0
baju-tidur-wanita,GREET NIGHT WEAR - Baju Tidur Katun Jepang BRALESS Series Model : K-917 / H Kerah,Rp215.000,215000.0
baju-tidur-wanita,GREET NIGHT WEAR - Daster Katun Jepang Model : K-876 / D Kerut,Rp210.000,210000.0
baju-tidur-wanita,Greet Model : D-311 / PPK,Rp220.000,220000.0
baju-tidur-wanita,Eldzar - Dasha Long Tunik Rayon Motif Lengan Pendek Busui Frendly motif Limited kekinian nyaman dipakai seharian,Rp63.600,63600.0
baju-tidur-wanita,GREET NIGHT WEAR - Baju Tidur TENCEL™ Micro Modal : TC-257 / HK,Rp340.000,340000.0
baju-tidur-wanita,GREET NIGHT WEAR - Baju Tidur Organic Silk Model : T-743 / H Oblong XL,Rp320.000,320000.0
baju-tidur-wanita,[BARANG DIKIRIM RANDOM] ORIANA Daster Rayon Collection Random Best Seller,Rp75.000,75000.0
baju-tidur-wanita,GREET NIGHT WEAR - Baju Tidur TENCEL TM Model : TC-228 / BD Oblong XL,Rp380.000,380000.0
baju-tidur-wanita,GREET NIGHT WEAR - Baju Tidur Katun Jepang Model : K-875 / PP Oblong Size M,Rp210.000,210000.0
baju-tidur-wanita,DELOFI Piyama Ara Panjang Setelan Baju Tidur Premium Rayon Viscose,Rp225.000,225000.0
baju-tidur-wanita,Suko Graphic Disney Minnie Mouse Pakaian Setelan Wanita 123550113,Rp259.900,259900.0
baju-tidur-wanita,Nevada Le Petit De-Jeneur Setelan Piyama Wanita 123774097,Rp249.900,249900.0
baju-tidur-wanita,Disney Toy Story Alien In Square Setelan Piyama Wanita 123781785,Rp247.400,247400.0
baju-tidur-wanita,GREET NIGHT WEAR Baju Tidur Kaos Katun Model : D-352 / H,Rp240.000,240000.0
baju-tidur-wanita,GREET NIGHT WEAR Baju Tidur Kaos Katun Model : D-395 / H Kerah,Rp230.000,230000.0
baju-tidur-wanita,Lalucuku Sleepwear Series Piyama Set Audrey Pajamas Baju Tidur Wanita Tangan Pendek Kekinian,Rp119.000,119000.0
baju-tidur-wanita,GREET NIGHT WEAR - Baju Tidur Katun Jepang Model : K-850 / H Oblong,Rp205.000,205000.0
baju-tidur-wanita,GREET NIGHT WEAR - Piyama Tidur Katun Jepang Model : K-516 / PPK M/L,Rp245.000,245000.0
baju-tidur-wanita,AKLOVER Set Piyama Tali Ikat Sutra Es Dua Potong Dengan Bantalan Dada Dan Pakaian Rumah Tanpa Lengan,Rp112.560,112560.0
baju-tidur-wanita,Sleepwear Set Baju Tidur Dewasa Piyama Big Size S-XXXL Sofia SS161,Rp145.000,145000.0
baju-tidur-wanita,Setelan Celana Pendek Kancing Depan / Daster Atas Bawah Kekinian Rayon Wanita Piyama,Rp74.900,74900.0
baju-tidur-wanita,"AKLOVER Piyama tiga potong, set baju rumah lengan pendek, piyama warna solid",Rp95.500,95500.0
dress,Miss Nomi - Jaleela Kaftan Lebaran / Kaftan Muslim / Kaftan 2023 / Kaf,Rp285.000,285000.0
dress,Michael's Collection - Dress Shin Hari,Rp84.000,84000.0
dress,"Moria QZ044 Korean Knitting Bodycon Sexy Mini Dress Casual Plain Mini Bodycon A-line Dress Wanita Lengan Pendek Lembut Panjang Gaun Retro, Midi",Rp69.800,69800.0
dress,Moria QZ226 Dress Wanita Motif Bunga Mini Dress Sexy Dress Dada Tali Pesta Dress Dinner Gaun Pendek Korean Style Pink Floral Dress Sweet French Cute Santai Dress Vintage Tanpa Lengan Dress Wanita Pantai Fairy Bunga Bunga Party Elegant knit press body,Rp99.800,99800.0
dress,DYD LABEL Naura Dress Kimono Mini Exclusive Series Bahan Organic Silk Free Size Adjustable Bumil Busui Friendly Saku Kanan Fit to XS-XXL,Rp329.000,329000.0
dress,JEEL BOUTIQUE | NAYAKA DRESS l DRESS BAHAN SATIN BOTEGA | dress lebaran 2023 elegan mewah. Brokat Butik Kombinasi Payet Ceruty,Rp600.000,600000.0
dress,Hush Puppies Dress Wanita RUSHLY Red LG28415RD,Rp359.500,359500.0
dress,LLACES Clothing - Dress Wanita - Midi Drape Sleeve Dress - Blue,Rp269.970,269970.0
dress,Love Bonito - Romper Wanita - Textured Plisse Square Neck A-Line Romper - Black,Rp839.000,839000.0
dress,This Is April Vixen Dress Maxi Wanita Tanpa Lengan Tali Adjustable Gaun Pesta Panjang Korean Style Indigo,Rp379.000,379000.0
dress,Chocochips - Varnava Dress / Dress Wanita,Rp199.000,199000.0
dress,FAME | 9511079 | Buttoned Puff Sleeve Lace Dress | Dress Brokat A-Line Wanita Kerah Tinggi,Rp429.900,429900.0
dress,Nayara Azaria Dress Batik Katun Kerah V Neck Fashion Wanita,Rp202.000,202000.0
dress,Malika Jasmine Dress / Pakaian Wanita,Rp588.050,588050.0
dress,C2W Clothtowear Dress Batik Cheongsam Wanita All Size Satin Women's Clothes 970-BCY,Rp191.950,191950.0
dress,MISSDASTER - Kimono Dress Panjang Motif Busui friendly Casual Lembut Nyaman Rayon Viscose Wanita,Rp69.999,69999.0
dress,*Ready Stok* SISTER'S - Dress Full Brukat C1521 (CAP),Rp793.000,793000.0
dress,C2W Clothtowear Dress Tunik Formal Batik Wanita All Size Satin Women's Clothes 638-ALT,Rp130.150,130150.0
dress,Nae Tokki | Beatrice Dress,Rp269.000,269000.0
dress,Giordano (Online Exclusive) Short Sleeve Dress Wanita [0546432095],Rp314.550,314550.0
dress,Lubov Navy White Dress 74081T2NW - Bodytalk,Rp319.000,319000.0
dress,OKAIDO OFFICIAL Sandal Flat Wanita Cewek Perempuan Model Pita Ribbon Anggun Gaya Korea Style Bahan Karet Anti Air,Rp34.360,34360.0
dress,Susana ID [ COD ] LOOSE WHITE BLACK LINE DRESS D087,Rp90.000,90000.0
dress,"Jeel Boutique | Arabel Dress Pesta Wanita Terbaru | Size S, M, L, XL | Warna Putih, Hitam, Ungu, Sage, Coksu, Dusty | Bahan Satin Venesia Ceruty Muslim",Rp550.000,550000.0
dress,Peach Poppy CHERY Dress - Long Dress V Neclkine Linen Korean Style,Rp179.000,179000.0
dress,COLORBOX Sleeveless Printed Mini Dress I3DIWFCR125E020 Multicolor,Rp139.950,139950.0
dress,BATIK TRUSMI Atasan Batik Wanita Tunik Dress Jumbo Batik Mega Mendung Senja Cocok Untuk Seragaman Baju Busui Katun Kombinasi,Rp185.000,185000.0
dress,First Girl - Gaun Panjang Model Prancis Kelas Atas Dengan Hiasan Renda dan Model Bahu Terbuka Pingga Ramping - G078,Rp188.000,188000.0
dress,Minimal Maghra Dress Pinky Chewy Wanita Basic,Rp247.455,247455.0
dress,3Mongkis - Dress Wanita Zeeva Dress,Rp545.000,545000.0
dress,Hush Puppies Alyssa Ldr Wanita,Rp394.450,394450.0
dress,Minimal Cyndira Dress Forest Green,Rp329.945,329945.0
dress,MINEOLA Dress Maxi Wanita Ruffle Neck Kuning,Rp279.000,279000.0
dress,Cuci Gudang DRESS MINI Pendek Motif KOTAK LENGAN BALON M254,Rp99.000,99000.0
dress,"Love, Bonito - Dress Wanita - Straight Neck Bubble Midaxi Dress - Chalk",Rp605.400,605400.0
dress,[HaloFashion] Milan Sexy Dress Tali Serut Ruffle Bodycon Mini Dress Crew Neck Long Sleeve Baju Korean Style Casual Wanita,Rp195.000,195000.0
dress,"Love, Bonito - Dress Wanita - Tasmin Rayon Midaxi Shirt Dress",Rp399.500,399500.0
dress,【Premium】Gaun Midi Ruffle Tanpa Tali Belahan Samping 2747 (S/M/L),Rp129.000,129000.0
dress,OCWA DAPHNE FITTED SLEEVELESS KNIT LOW BACK WITH SLIT DRESS BLACK,Rp399.900,399900.0
dress,Asiro Rekha Dress Linen Dress Pakaian Wanita,Rp339.480,339480.0
dress,X8 Omana Dresses - Dress Wanita Garis-garis,Rp119.960,119960.0
dress,X8 Kaya Dress - Terusan Wanita,Rp72.475,72475.0
dress,Geela Official - Clara Flower Black Dress (G.43112) - Dress Wanita,Rp173.970,173970.0
dress,Isla Luma Long Sleeve Dress with Collar - Dress Wanita Lengan Panjang - Pakaian Wanita - Dress Kondangan Wanita - Dress Lebaran,Rp249.900,249900.0
dress,ALTHREE Clothing - HERA Long Dress Katun Stretch Batik Casual Motif Outer Nyaman,Rp149.200,149200.0
dress,Rianty Batik Premium Wanita Givena Giveno Dress Furing Dobby,Rp449.000,449000.0
dress,Seraya Dress Kode 2614 by Tan'eem Muslim Dress,Rp389.000,389000.0
dress,Hush Puppies Dress Wanita KK KONYAKU LDR Navy LG28104NV,Rp459.500,459500.0
dress,LTB57 LD big thdy waist mr Dress Maroon,Rp139.000,139000.0
dress,Moria QZ150 Dress Tanktop Korean Style Dress Kamisol Wanita Casual Vintage Classic Dress kekinian Panjang Sexy Beach Bodycon Dress Gaun Simple Blue Floral Dress Elegant Long Dress Pantai Wanita Party Sling Pinggang Ramping Maxi Dress Female Backless,Rp79.800,79800.0
dress,LLACES Clothing - Dress Wanita - Evelyn Dress - Pastel Cream,Rp314.965,314965.0
dress,Executive Knitted Tweed Printed Skirt 5-SDGFEM224I013 Off White,Rp89.970,89970.0
dress,Chocochips - Bristella Dress / Dress Wanita A-Line Tanpa Lengan / Dress Lunar / Dress Cheongsam,Rp425.000,425000.0
dress,[Exclusive Live] Ryusei Dress dan Sweater Wanita,Rp284.000,284000.0
dress,Hush Puppies Dress Wanita Ginevra Light Blue,Rp409.500,409500.0
dress,COLORBOX Contrast Collar Mini Shirt Dress I-DIWKEY225H616 LT. BLUE,Rp160.930,160930.0
dress,Women Short Dress One Shoulder Bodycon 3446,Rp99.000,99000.0
dress,FAME - Tiered Mini Dress Wanita Sage Green - 9511041,Rp399.900,399900.0
dress,【Premium】Dress Summer Long Sleeve Dresses 2351 S/M/L,Rp199.000,199000.0
dress,[MEIN] ELEGANT Casual Dress Maxi V-Neck Wanita Dress Casual dengan Motif Ombre 17839A Midi Baju,Rp239.900,239900.0
dress,Miss Nomi - Jaleela Kaftan Lebaran / Kaftan Muslim / Kaftan 2023 / Kaf,Rp285.000,285000.0
dress,Geulis.id AMADEA DRESS (3 warna) Dress,Rp200.880,200880.0
dress,LTB73 dress daster kaos casual katakana underline Maroon,Rp139.000,139000.0
dress,First Girl-Dress Mini Coat Polos Pinggang Terbuka Dress Hitam Simple - F268 Casual Nyaman,Rp79.000,79000.0
dress,Third Day LTB13D LD outline logo nv T-shirt Navy,Rp139.000,139000.0
dress,Beatrice Clothing Kyla Dress - Denim Dress,Rp330.000,330000.0
dress,HIA EveryWear Nala Pleats Dress Baju Olahraga Wanita Bahan Hacktive Premium Major Brown Polos,Rp215.000,215000.0
dress,Urban Exchange Talia Black Mini Dress - Gaun Mini Dress Katun Warna Hitam Baju Wanita Casual Fit Panjang Midi,Rp749.000,749000.0
dress,House of Etern - Dress Wanita Sandra Mini Dress Black,Rp845.000,845000.0
dress,First Girl-Dress Korean Dinner Hitam Elegant - F280,Rp99.000,99000.0
dress,DOA - Inner Dress - Manset Wanita,Rp495.000,495000.0
dress,Hadinata Batik Dress Wanita Beatrix Beryl,Rp549.000,549000.0
dress,Monellina 601317 Tunik Wanita Lengan Panjang,Rp120.000,120000.0
dress,VOLCOM GDS BECKETT OXFORD DRESS SEAGRASS GREEN,Rp268.000,268000.0
dress,Moria QZ252 Mini Dress Sexy Lengan Panjang wanita Gaya Korea model Dress Pendek Off Shoulder Long Sleeve A-Line Gaun Seksi Bodycon Slim-fit Bodysuit Dress Baru Paket Seksi Gaun Pinggul Gaun Hot Pasang Surut Wanita sundress drawers baju devi manggung knit,Rp89.800,89800.0
dress,Miss Nomi Naira Set Dress Pesta Wanita Cantik Kondangan SImple Feminim Look Bahan Tile Premium Big Size,Rp680.000,680000.0
dress,Rianty Batik Premium Wanita Dress Furing Arizka Razka,Rp449.000,449000.0
dress,Black Kanawa Batik Dress,Rp769.000,769000.0
dress,House Of Etern - Dress Wanita - Atalia Maxi Dress - Brown,Rp995.000,995000.0
dress,IKYK for Bobo Tokyo - Dress Wanita - Loretta Dress,Rp851.950,851950.0
dress,Hush Puppies Dress Wanita EVERLY Camel LG29223CML,Rp489.200,489200.0
dress,Hush Puppies Dress Wanita Alika Red,Rp309.500,309500.0
dress,LTE94 long dress korean style casual girls do everything better hitam,Rp139.000,139000.0
dress,*Ready Stok* N2 - Dress Katun 28545,Rp613.000,613000.0
dress,*Ready Stok* N2 - Dress Katun Jepang 28547,Rp743.000,743000.0
dress,SIMPLYROOMS Cecyl Basic Dress casual combed,Rp140.000,140000.0
dress,"Moria QZ186 Bodycon Summer Mini Dress Wanita Gaya Korea Casual Dress Gaun Botton Sexy / Houndstooth Korea Halter Neck Dress Tali Satu, Jumpsuit, Over All, Outer Vintage Dress Rok Tali Ikat Gaun Pendek Gaun Pantai Kasual Merah Panjang Midi Pesta Lembut",Rp95.800,95800.0
dress,Hush Puppies Dress Wanita Mendez Stripe White,Rp359.000,359000.0
dress,FAME - Square Neck Dress Wanita Black - 9511040,Rp399.900,399900.0
dress,Hush Puppies Dress Wanita Maynaka Navy,Rp409.500,409500.0
dress,Bodytalk Dress Tanpa Lengan Wanita Veina Black Sleeveless Dress Online 71100T6BK,Rp159.000,159000.0
dress,Love Bonito - Dress Wanita - Chambray Panelled Cap Sleeve Fit & Flare Midi Dress - Dark Denim Washed,Rp622.300,622300.0
dress,Dress Pendek Midi Simple Casual Cantik Wanita Summer Sexy Bodycon Slim Fit Body Casual Gaun Santai M534,Rp99.000,99000.0
dress,White Mode Galina Dresses,Rp389.900,389900.0
dress,Chocochips - Vous Dress / Midi Sleeveless / Polos Kantong Depan,Rp550.000,550000.0
dress,Chocochips – Xoleen Dress / Dress Elegan Wanita Lengan Pendek,Rp550.000,550000.0
dress,Inner Dress Span Tanpa Lengan Manset Long Spandex Premium Gamis,Rp85.000,85000.0
dress,Chocochips - Zelva Dress / Dress Wanita,Rp149.000,149000.0
dress,Eclaire - Delaney Dress Normal Grande Bigsize | Dress Katun Wanita Casual S-L-XL-XXL,Rp240.000,240000.0
dress,[Eclaire x Pocca] - Adelaide Dress Moms | Dress Couple Ibu dan Anak Casual Wanita Korea S-L-XL-XXL Jumbo,Rp338.000,338000.0
dress,[MEIN][NEW SERIES] Setelan Jeans Premium Wanita 93128,Rp889.900,889900.0
dress,Mooi X Dinda Puspitasari Dress Dewasa Amy Dress Adult,Rp185.000,185000.0
dress,ALTHREE Clothing - CHAYRA Dress Brukat Wanita Brokat Casual,Rp129.200,129200.0
dress,ADA - Dress Mini Ellen Plain Rib,Rp139.000,139000.0
dress,HERFIT Laluna dress katun batik strech Casual,Rp183.000,183000.0
dress,GONEGANI OFFICIAL - Maxi Dress Flowly Motif Bunga Scarlet Bloom Dress,Rp509.000,509000.0
dress,Columbia Women's Freezer III Dress - Bluebell Marooned,Rp339.600,339600.0
dress,Minimal Gabina Kaftan Wanita Blue White,Rp297.465,297465.0
dress,Ryusei Final Clearance | Ryusei Women Apparel,Rp284.000,284000.0
dress,C2W Clothtowear Dress Batik Wanita All Size Satin Women's Clothes 828-SKR,Rp140.450,140450.0
dress,Short Dress Spaghetti Strap Side Drawstring 3345 (S/M/L/XL) dress rumahan,Rp59.900,59900.0
dress,*Ready Stok* SISTER'S - Dress Katun C1460 (CAP),Rp628.000,628000.0
dress,*Ready Stok* SISTER'S - Dress Katun Y9425 (ZE),Rp743.000,743000.0
dress,C2W Clothtowear Dress Batik Cheongsam Wanita All Size Satin Women's Clothes Imlek CNY 912-BCY,Rp181.650,181650.0
dress,COLORBOX Tie Front Sleeveless Mini Dress I-DIWKEY225I073 LT. PINK,Rp160.930,160930.0
dress,White Mode Grazia Dresses - Pakaian Atasan Wanita Gaun Cewek,Rp219.960,219960.0
dress,Alunicorn - Indirha Dress - Dress Plisket Mom's- Dress Lebaran Motif Bunga,Rp557.650,557650.0
dress,Giordano National Day Polo Dress Wanita Signature Black 101,Rp169.000,169000.0
dress,Giordano Linen Shirt Dress Wanita Natural Green,Rp899.000,899000.0
dress,Cuci Gudang Dress Mewah Wanita Pesta Dress Kondangan Fashion Elegan Rich Girl Premium M412,Rp96.000,96000.0
dress,Chocochips - Vandra Dress / Dress Tanpa Lengan / Gaun Wanita Aksen Pita / Mini Dress Flare,Rp495.000,495000.0
dress,Dress Wanita Ryusei Dress Impactful CMB Black,Rp189.000,189000.0
dress,X8 Misha Dress - Dress Wanita,Rp89.970,89970.0
dress,Malika Cappucine Dress / Pakaian Wanita casual baju,Rp588.050,588050.0
dress,LAICA X PATRICIA Tennis Dress Wanita,Rp664.905,664905.0
dress,LTE81 ld kaos oversize dress wanita positive vibes earth navy,Rp139.000,139000.0
dress,Giordano National Day Polo Dress Wanita Haute Red 102,Rp169.000,169000.0
dress,Rianty Batik Premium Wanita Dress Furing Vencia Vencio,Rp399.000,399000.0
dress,Moria QZ100 Bodycon Dress Slim Polos Korean Dress Long Sleeve Model Elegant Korean V Neck Long Sleeve Collared Tulle Waist Mini Dress BodyCon Dress Sexy Dress Lengan Korean Style Elegan Dress KNITING DUYUNG PANJANG SEDANG MATERIAL COMFORTABLE ELEGANT DRE,Rp79.800,79800.0
dress,Chocochips - Aorin Dress / Dress Lunar Collection Motif Floral / Lunar Dress,Rp625.000,625000.0
dress,Bonsoir Ikonik karl dress ( women ),Rp1.800.000,1800000.0
dress,【GOTH】Gothic Velvet combi Lace Dress 8479 (S/M/L),Rp349.000,349000.0
dress,"Baju Panjang ""Flora"" Biru Positive",Rp1.450.000,1450000.0
dress,Rianty Batik Premium Wanita Dress Furing Armai Armando,Rp449.000,449000.0
dress,C2W Clothtowear Dress Wanita All Size Rayon Silk Women's Clothes Fashion 697-BSP,Rp130.150,130150.0
dress,Geulis.id RAFA DRESS / MAXY DRESS (2 warna),Rp478.800,478800.0
dress,Urban Exchange Jasmine Dress Navy - Midi Dress Puff Sleeves,Rp275.000,275000.0
dress,【Premium】Square Neck Long Sleeves Side Split Bodycon Dress Ruched 3093 (S/M/L),Rp299.000,299000.0
dress,This Is April Sydney Dress Gaun Lace Wanita Elegan Black dan White,Rp319.000,319000.0
dress,HERFIT jenna dress batik panjang,Rp177.000,177000.0
dress,Hush Puppies Dress Wanita SAUER LDR Navy LG29265NVY,Rp489.200,489200.0
dress,Urban Exchange Jane Magenta Dress / Midi Dress Brokat Festive Natal,Rp879.000,879000.0
dress,Minimal Theana Peach Whip,Rp269.955,269955.0
dress,FAME - Tiered Mini Dress Wanita Dusty Pink - 9511043,Rp399.900,399900.0
dress,Hush Puppies Dilnan Wanita,Rp449.450,449450.0
dress,Eclaire - Mathilda Dress Normal Grande Bigsize Xtrasize | Dress High Twist Casual Work Wanita Korea S-L-XL-XXL Jumbo,Rp298.500,298500.0
dress,Minimal Samira Dress Wanita Beige Reguler Fit,Rp314.965,314965.0
dress,Giordano National Day Polo Dress Wanita Signature Black 101,Rp169.000,169000.0
dress,Giordano Linen Shirt Dress Wanita Natural Green,Rp899.000,899000.0
dress,X8 Zhafirah Dresses - dress wanita lengan panjang,Rp269.900,269900.0
dress,EXP Naira Dress 015.55848SH.71 |Dress Wanita Maxi - Lengan Panjang,Rp203.970,203970.0
dress,OKAIDO OFFICIAL Sandal Jepit Wanita Cewek Kupu-Kupu Butterfly Hitam Silver Model Korea Style Bahan Karet Nyaman Unik Mewah,Rp59.360,59360.0
dress,LTB88 Thirdday Dress daster kaos casual sdi logo Hitam,Rp139.000,139000.0
dress,Polo Dress Wanita Ryusei Polo Dress Amaya Navy,Rp359.000,359000.0
dress,Giordano Sleeveless Viscose Dress Wanita Khaki,Rp209.000,209000.0
dress,Susana ID [ COD ] ROYAL DRESS PRINCESS LONG SLEEVES D016,Rp68.000,68000.0
dress,Malika Everly Dress / Pakaian Wanita,Rp379.000,379000.0
dress,Susana ID[COD] SETELAN MERAH FASHION SU089,Rp150.000,150000.0
dress,Hush Puppies Dress Wanita Vania Camel,Rp210.000,210000.0
dress,Hush Puppies Dress Wanita KK TAMAH Beige,Rp459.500,459500.0
dress,Moria QZ206 Rok Plisket Rok Polos Panjang Terbaru Murah Muslamah Kantor Long Skirt Wanita Motif Polos Maxi Skirt Women Casual Vintage Streetwear Daily Rok Warna Korea/Skirt Rok Wanita Korea Rok A-line Pinggang Elastis Rok Lipit Wanita Kasual Pinggangdress,Rp99.800,99800.0
dress,LLACES Clothing - Jumpsuit Wanita - Cargo Jumpsuit - Black,Rp259.980,259980.0
dress,Geulis.id RAMANI DRESS / MAXY DRESS WANITA (2 warna),Rp461.160,461160.0
dress,Hush Puppies Dress Wanita ALYSSA LDR Black,Rp259.000,259000.0
dress,*Ready Stok* SISTER'S - Dress Brukat Kombi Kaos Y9442 (ZE),Rp743.000,743000.0
dress,Michael's Collection - Maxi Dress Hye Jin,Rp102.000,102000.0
dress,Hush Puppies Dress Wanita Ericka Light Blue,Rp409.500,409500.0
dress,FAME - Satin Fit & Flare Dress Wanita Leher Bulat Silver - 9511013,Rp379.900,379900.0
dress,LLACES Clothing - Dress Wanita - Bella Midi Dress - Black,Rp209.970,209970.0
dress,C2 Yunshu Pink Overall Wanita,Rp179.900,179900.0
dress,FAME - Dress Wanita Fit & Flare Emerald Green - 9511020,Rp249.900,249900.0
dress,FAME - Midi Dress Wanita Detail Ploy & Kantong Sage Green - 9511034,Rp399.900,399900.0
dress,HEYLOCAL GAUN BERLAPIS RENJANA | Gaun Wanita,Rp949.000,949000.0
dress,Moria QZ241 Dress Sexy Casual knit Dress Kotak Kotak Untuk Prom Night Gaun V Neck Sleeveless A-line Maxi Dress Longdress Premium Dress Korea Rok Suspender Hottie Retro Amerika Santai Gaun Perjalanan Kasual Rok Drape Kelas Atas press baju body petticoat,Rp119.800,119800.0
dress,Hush Puppies Dress Wanita VIZYANA Light Blue LG28427LB,Rp409.000,409000.0
dress,EOVEA Lavia Jumpsuit / Jumpsuit Wanita / Jumpsuit Import Korea Kekinian,Rp219.000,219000.0
dress,Okechuku SHALMA Long Dress Natal Baju Natal Gaun Panjang Wanita HIJAU,Rp99.900,99900.0
dress,CLOTIVA - Dress Satin,Rp95.000,95000.0
dress,TDLA LTE29 LD long dress polos wanita navy,Rp129.000,129000.0
dress,Urban Exchange Jasmine Dress Pink - Midi Dress Pink,Rp275.000,275000.0
dress,White Mode Davidya Dresses - Gaun Wanita Dress Cewek,Rp269.950,269950.0
dress,Malika Anelis ShirtDress / Pakaian Wanita,Rp322.050,322050.0
dress,White Mode Hilya Dresses - Pakaian Wanita Dress Gaun Korea,Rp159.950,159950.0
dress,LLACES Clothing - Dress Wanita - Shirt Dress Floral - Maroon,Rp314.965,314965.0
dress,Love Bonito - Dress Wanita - Kamil Contour Knit Fit & Flare Mini Dress - Navy Blue,Rp839.000,839000.0
dress,Susana ID [ COD ] Dress Maxi Satin Silk Arabian Look D167,Rp90.000,90000.0
dress,Little X∙eight Mom Salome Dress - Dress Lengan Pendek Wanita,Rp171.451,171451.0
dress,Love Bonito - Romper Wanita - Halter Neck A-line Romper - Black,Rp639.000,639000.0
dress,Miss Nomi Leeya Set Dress Kondangan Wanita Cantik Formal Elegan Bahan Tile Premium Big Size,Rp403.000,403000.0
dress,Malika Ella Rose Dress / Gaun Wanita Kondangan,Rp783.020,783020.0
dress,LTE81 ld kaos oversize dress wanita positive vibes earth navy,Rp139.000,139000.0
dress,Giordano National Day Polo Dress Wanita Haute Red 102,Rp169.000,169000.0
dress,Rianty Batik Premium Wanita Dress Furing Vencia Vencio,Rp399.000,399000.0
dress,Moria QZ100 Bodycon Dress Slim Polos Korean Dress Long Sleeve Model Elegant Korean V Neck Long Sleeve Collared Tulle Waist Mini Dress BodyCon Dress Sexy Dress Lengan Korean Style Elegan Dress KNITING DUYUNG PANJANG SEDANG MATERIAL COMFORTABLE ELEGANT DRE,Rp79.800,79800.0
dress,Chocochips - Aorin Dress / Dress Lunar Collection Motif Floral / Lunar Dress,Rp625.000,625000.0
dress,Eclaire - Mori Set Normal Grande Midisize Bigsize Xtrasize | Set Atasan Bawahan Casual Work Wanita Korea S-L-XL-XXL Jumbo,Rp378.300,378300.0
dress,MINIMAL - Beatrice - Dress Rimple Wanita Motif Bunga - Beige,Rp337.455,337455.0
dress,MINIMAL - Triny - Gaun Ruffle Bunga Metalik Wanita - Blue,Rp752.077,752077.0
dress,Minimal x Emily in Paris - Jewel - Dress Satin Wanita - Sleeveless - Warna Black / Hitam,Rp329.940,329940.0
dress,C2 Vitara Blue Overall Wanita,Rp179.900,179900.0
dress,Nevada Stripped Sleeveless Midi Dress Wanita 123217171,Rp181.600,181600.0
dress,Honua Dress Bella Cream Sleeveless 7100175CM,Rp223.200,223200.0
dress,MISS NOMI Cherise Dress / Dress Kondangan / Dress Pesta,Rp375.000,375000.0
dress,LLACES Clothing - Dress Wanita - Evelyn Flare Dress - Red,Rp269.970,269970.0
dress,Miss Nomi - Nayeon Dress Vol 2 Wanita Brukat Brokat Murah Simple Mewah Kondangan Jepang Casual Baju Pesta Gaun Natal Midi Dewasa Remaja Busui Maxi Mini Bumil Gamis,Rp299.000,299000.0
dress,N2 Dress - Pakaian Wanita Katun Brukat 29775,Rp853.000,853000.0
dress,*Ready Stok* SISTER'S - Dress Katun Kombi Kaos 7539 (CAP),Rp563.000,563000.0
dress,*Ready Stok* N2 - Dress Katun Jepang 28521,Rp688.000,688000.0
dress,Et Cetera Belted Round Neck Eyelet Maxi Dress KHAKI,Rp799.000,799000.0
dress,COLORBOX Raglan Short Sleeve Midi Dress I-DDKKEY226A096 BLACK,Rp139.930,139930.0
dress,Women Maxi Dress Loose Flowy Sleeveless 1800 (S/M/L),Rp179.000,179000.0
dress,duapola Plisket Overall Dress 8188 - Maroon,Rp169.000,169000.0
dress,Dama Kara Suar Midi Dress,Rp289.000,289000.0
dress,Cardinal Dress Loose Fit D0267P11B,Rp279.000,279000.0
dress,Monellina 601039 Tunik Oversize Wanita Lengan Panjang,Rp85.000,85000.0
dress,SUKAHIJAB - Carol Dress Terbaru x Nada Outher Wanita Dewasa Lengan Pendek Bahan Crinkle Cardigan Remaja Brukat Mix Jersey,Rp230.000,230000.0
dress,LLACES Clothing - Dress Wanita - Revolve Dress - Black,Rp149.500,149500.0
dress,Dress/ Gaun Panjang Franch Vintage Mewah Wanita Dress Motif Retro Floral M137,Rp179.000,179000.0
dress,White Mode Ariana Dresses,Rp199.900,199900.0
dress,First Girl-Dress hitam Aksen Mutiara - F98 Gaun Midi,Rp78.000,78000.0
dress,OKAIDO OFFICIAL STORE Sandal Jepit Wanita Cewek Perempuan Bunga Model Korea Style Anti Air Kekinian Jelly PVC Bahan Karet,Rp39.987,39987.0
dress,FAME - Midi Dress Hitam - 9511065,Rp399.900,399900.0
dress,YESAMALIKA LOVY DRESS | Dress Wanita Bahan Silk Print | Size Reguler Nyaman Soft Tangan Casual Zipper,Rp139.000,139000.0
dress,Hush Puppies Dress Wanita Bestari Light Blue,Rp409.500,409500.0
dress,Otsky x Dazza Sleeves Midi Dress Wanita Premium,Rp81.500,81500.0
dress,Lyne halim Dress Kombinasi Brukat,Rp749.900,749900.0
dress,Ryusei Dress Tshirt Asami Navy,Rp189.000,189000.0
dress,HERFIT dress naura batik kombi,Rp158.000,158000.0
dress,YESAMALIKA EMILY Dress | Baju Gamis Wanita Bahan Toyobo | Varian Warna | All Size Reguler Kerah,Rp189.000,189000.0
dress,【LS】 Two Tone Mesh Panel Mini Bodycon Tube Dress 8673 (S/M/L),Rp299.000,299000.0
dress,This Is April Lizka Long Dress Elegant Gaun Maxi Tanpa Lengan Wanita Bohemian Style White,Rp449.000,449000.0
dress,Ryusei Polo Dress Yuna 2 Tone Blue,Rp359.000,359000.0
dress,Little X∙eight Mom Lucine Dress - Dress Lengan Pendek Wanita (Ladies),Rp195.951,195951.0
dress,Chocochips - Velcro Dress / Dress Wanita,Rp199.000,199000.0
dress,Nusa Kebaya Dres Brukat Gisella Ful Payet Dres Natal Tahun Baru Dres Kondangan Dres Pesta Dres Busui Dres Terbaru,Rp174.000,174000.0
dress,"FOLADY - P157 Dress midi fuchsia ala Korean style dengan desain bodycon, belah samping, dan lengan balon pendek. Warna pink polos memberi kesan mewah, anggun, dan modis. Terbuat dari poliester yang adem, lembut, dan nyaman dipakai.",Rp1.198.000,1198000.0
dress,Suko Jersey Knit Gaun Dress Wanita 120796668,Rp269.900,269900.0
dress,HERFIT 9453 dress congsam unique,Rp175.000,175000.0
dress,Ladies Jumpsuit Golf J Lindeberg Kelly | Golf | Baju Terusan Wanita,Rp2.970.000,2970000.0
dress,【Premium】 Backless Strap Elastic Short Dress 7037 (S/M/L),Rp199.000,199000.0
dress,[MEIN][NEW SERIES] Midi Dress Strapless Motif Garis Siluet 3378,Rp409.900,409900.0
dress,CARDINAL GIRL DRESS 4 (NAVY),Rp109.000,109000.0
dress,MINIMAL - Harriette - Dress Katun Lengan Pendek - Brown,Rp239.920,239920.0
dress,Cikistore - Annchi Midi Dress Wanita Cheongsam Motif Lengan Pendek | Dress pesta | Dress Pendek Imlek,Rp129.999,129999.0
dress,Minimal Echo Dress Wanita White Reguler Fit,Rp549.945,549945.0
dress,MINIMAL - Dingga - Fit & Flare Dress - Black,Rp446.103,446103.0
dress,X8 Nica Dresses - Dress Wanita,Rp159.471,159471.0
dress,C2W Clothtowear Dress Mini Batik Wanita All Size Satin Women's Clothes 703-SKR,Rp109.400,109400.0
dress,Chocochips - Yenka Dress / Dress Wanita,Rp199.000,199000.0
dress,ALTHREE Clothing - ARSYI Dress Shaquilla Premium Casual Wanita,Rp125.000,125000.0
dress,Connexion Pleated Airflow Dress With Inner Maxi Dress Wanita 123410292,Rp181.500,181500.0
dress,Aplomb Midi Dress Seung Grey Navy 7200445GG,Rp259.000,259000.0
dress,Star (ex Rambla) - Blanka Curve Dress Midi Wanita Cokelat Vneck Silk BKC7-11a Baju Casual,Rp245.350,245350.0
dress,Celana Overall Epic Dark Blue 41017D3DL - Ninenty Degrees,Rp229.000,229000.0
dress,OE Lunar 2025 - Red Ming Batik Dress,Rp1.499.000,1499000.0
dress,Alunicorn - Indirha Dress - Dress Plisket Mom's- Dress Lebaran Motif Bunga,Rp557.650,557650.0
dress,Simplyrooms Mercy Dress Wanita Kasual Casual Panjang Rayon,Rp289.000,289000.0
dress,Chocochips - Melora Dress / Dress Wanita / Dress Salur Wanita / Dress Garis Wanita,Rp199.000,199000.0
dress,This Is April Vixen Dress Maxi Wanita Tanpa Lengan Tali Adjustable Gaun Pesta Panjang Korean Style Indigo,Rp379.000,379000.0
dress,JEEL BOUTIQUE | NAYAKA DRESS l DRESS BAHAN SATIN BOTEGA | dress lebaran 2023 elegan mewah. Brokat Butik Kombinasi Payet Ceruty,Rp600.000,600000.0
dress,Geela Official - Maury Dress (G.4382),Rp158.970,158970.0
dress,Jeel Boutique | Laura Dress Casual Balon Karet Wanita,Rp224.900,224900.0
dress,VOLCOM GDS TIMELESS DRESS BLACK,Rp462.000,462000.0
dress,Bodytalk Dress Tanpa Lengan Allude Black Overall Online 71091T5BK,Rp139.000,139000.0
dress,HEYLOCAL GAUN BERMOTIF TENTREM | Dress Wanita,Rp1.189.000,1189000.0
dress,Urban Exchange Moana Green Dress,Rp239.520,239520.0
dress,Hardware Clothing Dress Wanita Hardware Midi Dress 7/8 Sleeve Double Pocket,Rp170.000,170000.0
dress,Malika Gwyneth Dress / Pakaian Wanita,Rp645.050,645050.0
dress,Michael's Collection - Dress Sun Mi Baju Lembut,Rp72.000,72000.0
dress,HIJAB PLAIN ABAYA ( HIJAB ONLY ),Rp55.500,55500.0
dress,Giordano National Day Polo Dress Wanita Haute Red 202,Rp169.000,169000.0
dress,HERFIT 9074 polka dress sexy dress,Rp158.000,158000.0
dress,Dress casey / dress casual / 8809,Rp123.000,123000.0
dress,HERFIT dress batik kombi panjang Slim-fitting,Rp177.000,177000.0
dress,Malika Kara Dress / Dress Wanita Kondangan,Rp665.420,665420.0
dress,Little X∙eight Mom Millie Dress - Dress Lengan Pendek Wanita (Ladies),Rp164.945,164945.0
dress,Logo Jeans Maxi Dress Lulla Olive 74182L9OJ,Rp299.000,299000.0
dress,Hush Puppies Dress Wanita Pl Lakisa Sdr Orange,Rp309.500,309500.0
dress,Seutail Calla Long Dress Wanita Elegan Korean Casual Style - 010175,Rp559.000,559000.0
dress,Little X eight Mom Seina Overall (Ladies),Rp191.061,191061.0
dress,【Ls】Vintage Court Women's Lace Dress Gothic Bustier 8827,Rp249.000,249000.0
dress,Women Dress U-Shaped Hollow Sleeveless 3449,Rp149.900,149900.0
dress,Cardinal Dress Loose Fit Wanita D0253D01A,Rp149.000,149000.0
dress,Auvi Dress Kode 2540 by Tan'eem Muslim Dress,Rp245.000,245000.0
dress,Minimal x Emily in Paris - Silvie Dress - Motif Paisley - Warna Mustard,Rp454.935,454935.0
dress,Noir Sur Blanc Anya Dress Candy Pink,Rp450.000,450000.0
dress,Chocochips - Wibby Dress / Dress Midi Bertingkat Elegan,Rp595.000,595000.0
dress,Geulis.id AMADEA DRESS (3 warna) Dress,Rp200.880,200880.0
dress,Overall Wanita Cardinal G0002F02H,Rp129.000,129000.0
dress,LTE96 long dress kaos t shirt kasual stretch okinawa beach hitam,Rp139.000,139000.0
dress,Lembayung Kebaya Atasan Wanita bahan Rayon Twill Premium dengan Lurik Klaten by Adrie Basuki,Rp1.699.000,1699000.0
dress,C2W Clothtowear Dress Batik Cheongsam Wanita All Size Satin Women's Clothes Imlek CNY 970-TBP,Rp191.950,191950.0
dress,*Ready Stok* N2 - Dress Katun 28471,Rp643.000,643000.0
dress,[SALE] Peach Poppy ADELE Oversized Shirtdress - Dress Wanita Oversized,Rp124.300,124300.0
dress,【LS】Ruched Sleeveless Bodycon Short Dress 8633 ( S/M/L ),Rp279.000,279000.0
dress,"Love, Bonito - Jumpsuit Wanita - Georgette Linen Cut Out Jumpsuit",Rp839.000,839000.0
dress,RiaMiranda x 3 Mongkis - Reveka Sleeveless Dress,Rp879.000,879000.0
dress,Malika Everleigh Jumpsuits / Pakaian Wanita,Rp464.550,464550.0
dress,PLCLXVII - Kemeja Wanita - Kemeja Dress Rayon Kerah Shanghai 5205,Rp197.500,197500.0
dress,AVA SET TOP | SETELAN WANITA ATASAN TWO TONE ASSYMETRIC ONE SHOULDER CUTBRAY KULOT PANTS STRETCH ELEVENBASIC,Rp180.000,180000.0
dress,Love Bonito - Jumpsuit Wanita - BraFree by LB Detachable Ribbon Tie Halter Neck High Waist Jumpsuit - White,Rp1.149.000,1149000.0
dress,FAME - Overall Midi Wanita Kancing Depan Motif Kotak Navy - 9520018,Rp249.900,249900.0
dress,Love Bonito - Jumpsuit Wanita - Chambray Mandarin Collar Wide Leg Jumpsuit in Dark Denim - Dark Denim Washed,Rp1.009.000,1009000.0
dress,Hush Puppies Dress Wanita CLARA Rose,Rp210.000,210000.0
dress,This Is April Natalie Dress Gaun Midi Wanita Tanpa Lengan Black Mini Dress Wanita,Rp269.000,269000.0
dress,Baju Sekar Mekar,Rp2.300.000,2300000.0
dress,Geulis.id SEULGI DRESS / MAXY DRESS / PRINTED DRESS,Rp479.040,479040.0
dress,Hush Puppies Dress Wanita Carlene Mini Khaki,Rp409.500,409500.0
dress,Hush Puppies Dress Wanita Jimna Red,Rp359.500,359500.0
dress,Hush Puppies Dress Wanita Jimna Navy,Rp359.500,359500.0
dress,Hush Puppies Dress Wanita Mojojo Navy,Rp309.000,309000.0
dress,Eclaire - Jisoo Dress Normal Grande Bigsize | Dress Katun Wanita Casual S-L-XL-XXL Jumbo,Rp247.500,247500.0
dress,Eclaire - Alda Dress Normal Grande Bigsize Xtrasize | Dress Polycotton Knit Casual Work Wanita Korea S-L-XL-XXL Jumbo,Rp237.000,237000.0
dress,Eclaire - Rose Dress Normal Grande Bigsize | Dress Linen Wanita Casual Korea S-L XL XXL Jumbo,Rp217.500,217500.0
dress,Minimal Cantika Dress Wanita Warna Ice Ginger,Rp252.945,252945.0
dress,COTTONINK - Dress Wanita Navy Peony Noa #CNYCollection2026,Rp449.000,449000.0
dress,Love Bonito - Romper Wanita - Halter Neck A-line Romper - Maroon,Rp638.900,638900.0
dress,Sukahijab-Charey Overall- Bahan katun madinah premium import-Midi Dress Dewasa Wanita Nyaman Basic Simple Kancing Semi Wanita Nyaman Basic Simple,Rp150.000,150000.0
dress,HERFIT 9128 Flovvy Aeri Mini Dress,Rp133.000,133000.0
dress,【Premium】French Colour Blocking Polo-neck Knit/Summer Bodycon Dress 7001,Rp199.000,199000.0
dress,Chocochips - Melora Dress / Dress Wanita / Dress Salur Wanita / Dress Garis Wanita,Rp199.000,199000.0
dress,This Is April Vixen Dress Maxi Wanita Tanpa Lengan Tali Adjustable Gaun Pesta Panjang Korean Style Indigo,Rp379.000,379000.0
dress,Malika Loana Dress / Dress Wanita Kondangan Mewah,Rp682.950,682950.0
dress,Hush Puppies Lalana Wanita,Rp394.450,394450.0
dress,LTB73 dress daster kaos casual katakana underline Maroon,Rp139.000,139000.0
dress,Urban Exchange Cecilia Green Dress - Gaun Midi Dress Kasual Dress Natal,Rp319.000,319000.0
dress,Monellina 501127 Tunik Batik Oversize Wanita - MD,Rp105.000,105000.0
dress,Minimal Anneke Dress Honey Mustard,Rp199.950,199950.0
dress,Minimal Kanaya Dress Wanita Ice Ginger Reguler Fit,Rp262.465,262465.0
dress,MINIMAL - Litzia - Dress Wanita Motif Bunga - Mustard,Rp239.940,239940.0
dress,MINIMAL - Garina - Dress Maxi Wanita Motif Bunga - Beige,Rp302.445,302445.0
dress,MINEOLA Dress Midi Wanita Polos V-Neck - Beige Casual Crepe Baju Panjang Baju Panjang Basic Simple,Rp269.000,269000.0
dress,HEYLOCAL GAUN LIPIT TENTREM | Dress Wanita,Rp999.000,999000.0
dress,Love Bonito - Dress Wanita - BraFree by LB Cotton Fit & Flare Tiered Midaxi Dress - Black,Rp958.550,958550.0
dress,Isla Nami Long Dress with Long Sleeve - Dress Wanita Lengan Panjang - Pakaian Wanita - Dress Kondangan Wanita - Dress Lebaran,Rp199.900,199900.0
dress,ALTHREE Clothing - CITRA Dress Scuba Kombinasi Brokat Casual Nyaman,Rp99.200,99200.0
dress,C2W Clothtowear Dress Batik Wanita All Size Satin Women's Clothes Tile Arm Span ALT,Rp130.150,130150.0
dress,X8 Lolita Dresses - Dress Wanita,Rp97.972,97972.0
dress,"Love, Bonito - Jumpsuit Wanita - Round Neck Straight Leg Jumpsuit",Rp839.000,839000.0
dress,LTB52F ld bold katakana vert blk,Rp165.000,165000.0
dress,Chocochips - Waleska Dress / Dress Wanita Kerah / Gaun Pendek A-Line / Style Korea Simpel,Rp595.000,595000.0
dress,Love Bonito - Dress Wanita - Detachable Sash Tie Puff Sleeve Cocoon Midaxi Dress - Cocoa,Rp888.900,888900.0
dress,Barli Asmara Lucia Casual Midi Dress in Sand,Rp349.000,349000.0
dress,Monellina 214618 Dress Jumbo Wanita Lengan Pendek,Rp65.000,65000.0
dress,JEEL BOUTIQUE | Kalista dress l DRESS WANITA,Rp600.000,600000.0
dress,"JEEL BOURIQUE | Mikaila Dress Wanita Modern | Varian Warna Baby Blue, Abu, Coklat, Sage, Mouve, Lilac, Dusty | Size M, L, XL Brokat Ceruty",Rp600.000,600000.0
dress,Little X∙eight Mom Afza Tunic - Tunik Lengan Panjang Wanita,Rp259.900,259900.0
dress,Chocochips - Wilette Dress / Dress Wanita,Rp199.000,199000.0
dress,Laskala x IVOR Damar Dress Slit Batik Hitam,Rp449.000,449000.0
dress,Geela Official - Esther Yellow Dress (G.43121) - Dress Wanita,Rp173.970,173970.0
dress,Hush Puppies Lalana Wanita,Rp394.450,394450.0
dress,NZINGA Sunhee | Dress Wanita Polos Sleeveless - Baju Sexy Elegan Body Fit Look Korea | Ukuran S - XXL,Rp169.000,169000.0
dress,Love Bonito - Dress Wanita - Rani Textured Button Down Mini Dress - Ivory,Rp888.900,888900.0
dress,Love Bonito - Dress Wanita - BraFree by LB Mara Panelled A-line Maxi Dress - Aged Sage,Rp1.149.000,1149000.0
dress,Chocochips - Melora Dress / Dress Wanita / Dress Salur Wanita / Dress Garis Wanita,Rp199.000,199000.0
dress,TDLA LTE41 LD long Dress katakana outline ver hitam,Rp139.000,139000.0
dress,CARDINAL FEMME DRESS 17 (HITAM),Rp109.000,109000.0
dress,C2W Clothtowear Dress Wanita All Size Rayon Silk Women's Clothes Fashion 609-BLC,Rp171.350,171350.0
dress,[Anniversary Picks][UPGRADE] Blouse Wanita 2-in-1 Motif Abstrak Monochrome Vest Hitam 2342063C – MEIN,Rp229.900,229900.0
dress,C2W Clothtowear Kaftan Batik Wanita All Size Asymetric Slv Dress Women's Clothes Satin Modern 180-TBP,Rp145.600,145600.0
dress,"Lyne Halim Rosella Cedar Green Lace Button Dress, DRS-8441 - Dress Hijau Brukat Kancing Depan",Rp687.920,687920.0
dress,Malika Brisa Dress / Pakaian Wanita,Rp493.050,493050.0
dress,Moria QZ222 Dress Mini Sexy Tali Serut Ruffle Bodycon Korean Style Kasual off Shoulder Spandek Premium Dress Seksi Satu /Sexy Slash Neck Spaghetti Strap Summer Dress Women Ruched Drawstring Dress Wanita Dress Sexy Korean Mini Dress Pakaian Atasan body,Rp69.800,69800.0
dress,Hush Puppies Dress Wanita YUKAH White LG28271WH,Rp359.500,359500.0
dress,Hush Puppies Dress Wanita Alika Sage,Rp309.500,309500.0
dress,Logo Jeans Dress Gempita Khaki Black 74190L9KB,Rp339.000,339000.0
dress,Lasona Homewear Dress HW-DR001-R,Rp198.000,198000.0
dress,Hush Puppies Dress Wanita Rushly Camel,Rp359.500,359500.0
dress,Hush Puppies Dress Wanita Endari Dusty Pink,Rp309.500,309500.0
dress,Rianty Batik Premium Wanita Dress Furing Hitam Benazira Benaziro,Rp399.000,399000.0
dress,Love Bonito - Dress Wanita - Front Box Pleat Column Midaxi Dress - Oat,Rp844.550,844550.0
dress,"FOLADY - P423Dress panjang ala Korean style tanpa lengan dengan detail full blink-blink yang membuat tampilan terlihat modis dan elegan. Terbuat dari bahan akrilik yang adem, lembut, dan halus sehingga nyaman dipakai.",Rp1.658.000,1658000.0
dress,Eclaire - Elaine Set Normal Grande Bigsize Xtrasize | Baju Set Atasan Bawahan Polycotton Casual Work Wanita Korea S-L-XL-XXL Jumbo,Rp324.000,324000.0
dress,Eclaire - Trisha Dress Normal Grande Big Size | Dress Casual Wanita Korea S-M-L-XL-XXL Jumbo,Rp255.000,255000.0
dress,Rianty Batik Premium Wanita Dress Furing Navy Jihan,Rp249.000,249000.0
dress,COTTONINK - Dress Wanita Green Floral Mai #CNYCollection2026,Rp649.000,649000.0
dress,FAME - Midi Dress Broken White - 9511066,Rp399.900,399900.0
dress,JAYASHREE - - Exclusive Kannan Brown Dress Bahan Cotton Dobby - Batik Wanita Lengan Panjang,Rp210.000,210000.0
dress,HijabChic Anette Butter Dress - Dress Lebaran Flowy Lengan Payet Flower Elegan,Rp1.899.000,1899000.0
dress,Hush Puppies Dress Wanita JIMNA Navy,Rp359.500,359500.0
dress,Beatrice Clothing Lacey Blouse - Atasan Sleeveless Turtleneck - Atasan Wanita | Pakaian Wanita | Baju Atasan Wanita Lengan Pendek,Rp140.000,140000.0
dress,Geela Official - Febina Dress (G.8114),Rp143.970,143970.0
dress,Urban Exchange Moana Olive Dress,Rp229.000,229000.0
dress,Malika Eunice Dress / Dress Wanita,Rp645.050,645050.0
dress,Hush Puppies Dress Wanita Clara Olive,Rp210.000,210000.0
dress,Alunicorn - Indirha Dress - Dress Plisket Mom's- Dress Lebaran Motif Bunga,Rp557.650,557650.0
dress,White Mode Malia Dresses Wanita,Rp164.950,164950.0
dress,Malika Loana Dress / Dress Wanita Kondangan Mewah,Rp682.950,682950.0
dress,Laskala x IVOR Damar Dress Slit Batik Hitam,Rp449.000,449000.0
dress,JEEL BOUTIQUE | NAYAKA DRESS l DRESS BAHAN SATIN BOTEGA | dress lebaran 2023 elegan mewah. Brokat Butik Kombinasi Payet Ceruty,Rp600.000,600000.0
dress,Levi's® Women's Short-Sleeve Surplus Romper (001WI-0000),Rp449.950,449950.0
dress,Minimal Vivian Dress Wanita Warna Lime Green,Rp199.950,199950.0
dress,Minimal - Ribda - Rib Dress Lengan Panjang - Brown Dark - Earthly Allure Collection,Rp374.925,374925.0
dress,C2W Clothtowear Dress Tile Batik Wanita All Size Satin Women's Clothes 643-TBP,Rp130.150,130150.0
dress,ALTHREE Clothing - HERA Long Dress Katun Stretch Batik Casual Motif Outer Pesta,Rp175.200,175200.0
dress,ALTHREE Clothing - LUMI Dress Scuba Premium Casual Wanita Brokat Nyaman,Rp99.200,99200.0
dress,"Love, Bonito - Dress Wanita - Floral Cotton Fit & Flare Midaxi Dress",Rp581.400,581400.0
dress,Barli Asmara Inner Tank Maxi Dress in Nude,Rp249.000,249000.0
dress,ALISKA DRESS ALL COLOUR BY TUBITA KANCING TANGAN ELEGANT BAHAN BIRKIN KNIT FASHION MUSLIMAH,Rp234.500,234500.0
dress,ALTHREE Clothing - AMARA Dress Bahan Brokat Casual,Rp129.200,129200.0
dress,C2W Clothtowear Dress Batik Wanita All Size Satin Women's Clothes 738-SBN,Rp222.850,222850.0
dress,Isla Anya Dress - Dress Wanita Lengan Panjang - Pakaian Wanita - Rib Knit Premium Full Neci - Baju Lebaran,Rp199.900,199900.0
dress,Siselyo Zakiya Tunik Brukat Baju Kondangan Tunik Wanita Jumbo Outfit Bigsize Style Baju Lebaran Terbaru,Rp102.000,102000.0
dress,Cikistore - Magnolia Dress Korean Style Casual Lady Crush | Gaun Pesta | dailywear dress,Rp139.000,139000.0
dress,MINIMAL - Kamelia - Gaun Wanita Motif Paisley - Green,Rp359.960,359960.0
dress,OKAIDO OFFICIAL STORE Sandal Jepit Wanita Cewek Perempuan Gaya Fashion Korea Style Model Ikat Silang Kekinian,Rp39.983,39983.0
dress,Hush Puppies Dress Wanita MENDEZ STRIPE Navy,Rp359.000,359000.0
dress,Polo Dress Wanita Ryusei Polo Dress Miwa Dark Grey,Rp359.000,359000.0
dress,Moria QZ151 Seksi Backless Dress V Neck Slim Fit Bodycon Mini Dress Sexy Dress Wanita Gaun Hitam Korean Manis Sweet Halter Summer Dress Rok Wanita Pakaian Punggung Wanita Gaun Mini Nilon Lembut Tanpa Lengan Party Night Dress Tanpa Lengan,Rp89.800,89800.0
dress,Miss Nomi Ravienna A Line dress BigSize Pesta Wanita Cantik Kondangan Mewah Bridesmaid Feminim Look Bahan Tile Premium Jumbo Best Seller,Rp395.000,395000.0
dress,Urban Exchange Gaia Black Mini Dress - Gaun Mini Dress Hitam,Rp579.000,579000.0
dress,Hush Puppies Dress Wanita MENDEZ SOLID Black,Rp359.000,359000.0
dress,CARDINAL KIDS GIRL TUNIK 4 (TOSCA),Rp109.000,109000.0
dress,Love Bonito - Dress Wanita - Nina Tweed Scoop Neck Fit & Flare Midaxi Dress - Strawberry Gelato,Rp1.149.000,1149000.0
dress,White Mode Berdriah Dresses - Pakaian Wanita Dresses Cewek,Rp599.900,599900.0
dress,LLACES Clothing - Dress Wanita - LL Fitted Dress - Black,Rp449.950,449950.0
dress,Geela Official -Shelomita Yellow Dress (G.43117) - Dress Wanita,Rp173.970,173970.0
dress,Miss Nomi Mlathi Batik Kondangan Ethnic Bahan Viscose Batik Kerja Formal Adem Nyaman Dipakai Jumbo,Rp325.000,325000.0
dress,Miss Nomi Fiona Dress Pesta Wanita Long Dress Kondangan Bahan Brokat Kombinasi,Rp325.000,325000.0
dress,"Seutail Zhi Dress Midi Dress Wanita Motif Floral Elegan Casual & Formal - 010297, 010429",Rp392.000,392000.0
dress,Malika Sandria Dress / Pakaian Wanita,Rp588.050,588050.0
dress,TDLA LTE42 LD long Dress shinjuku 89 hitam,Rp139.000,139000.0
dress,Okechuku JULIA DRESS Pesta Maxi Dress Panjang Wanita Dress Polos- KREM,Rp99.900,99900.0
dress,C2W Clothtowear Dress Batik Wanita All Size Satin Women's Clothes 743-TBP,Rp109.400,109400.0
dress,*Ready Stok* SISTER'S - Dress Linen N501 (ZE),Rp478.000,478000.0
dress,Malika Nikkie Dress / Gaun Wanita Kondangan,Rp1.273.020,1273020.0
dress,Hush Puppies Dress Wanita Rainy Black,Rp359.500,359500.0
dress,Hush Puppies Dress Wanita Rushly Black,Rp359.500,359500.0
dress,OKAIDO OFFICIAL Sandal Flat Heels Wanita Cewek Perempuan Gaya Korea Style Unik Terbaru Kekinian,Rp39.983,39983.0
dress,Hush Puppies Dress Wanita NC ETHIA LDR Off White,Rp459.500,459500.0
dress,Hush Puppies Dress Wanita KK TAMAH Pink,Rp459.500,459500.0
dress,Hush Puppies Dress Wanita Millysa Beige,Rp709.300,709300.0
dress,C2 Ursena Green Set Pieces Dress Wanita,Rp269.900,269900.0
dress,Hush Puppies Dress Wanita Mojojo Purple,Rp309.000,309000.0
dress,Arielle Dress by Sylmibasic Official,Rp379.000,379000.0
dress,Geela Official - Yuri Dress (G.4392) - Dress Wanita,Rp164.970,164970.0
dress,Ryusei Dress Casual Keina Olive Green,Rp289.000,289000.0
dress,Rianty Batik Premium Wanita Dress Prada Gerasya,Rp549.000,549000.0
dress,Geulis.id WAVEY MIDI DRESS / DRESS WANITA (2 warna),Rp287.040,287040.0
dress,First Girl [COD]Mini Dress Sexy Summer Bodycon Cottagecore Dress Hitam Elegant (9080) - G044 Casual Nyaman Panjang Melar Gaun Pendek,Rp79.000,79000.0
dress,"Love, Bonito - Dress Wanita - Katrine Padded Tiered Maxi Dress Casual",Rp719.200,719200.0
dress,Eclaire - Marina Dress Normal Grande Midsize Bigsize Xtrasize | Dress Wanita Casual Korea Pastel S-L XL XXL,Rp367.250,367250.0
dress,Eclaire - Virginia Dress Normal Grande Midsize Bigsize Xtrasize | Dress Midi Wanita Work Casual Korea Pastel S-L XL XXL,Rp273.000,273000.0
dress,Minimal MOC Women by Minimal ARLENE 2 - L/BLUE,Rp109.900,109900.0
dress,MINIMAL - Oussa - Dress Lengan Balon Wanita - Beige,Rp194.935,194935.0
dress,MINIMAL - Tangled - Dress Rayon Motif Bunga - White,Rp259.935,259935.0
dress,MINIMAL - Mashira - Gamis Dengan Vest Lace Wanita - Grey,Rp494.945,494945.0
dress,Minimal Herra Dress Wanita Pink Reguler Fit,Rp314.965,314965.0
dress,Logo Jeans Dress Aisya Purple 74164L8PU,Rp209.000,209000.0
dress,Connexion Lnn Basic Maxi Dress Wanita 123347727,Rp299.900,299900.0
dress,Alunicorn - Indirha Dress - Dress Plisket Mom's- Dress Lebaran Motif Bunga,Rp557.650,557650.0
dress,White Mode Malia Dresses Wanita,Rp164.950,164950.0
dress,Malika Loana Dress / Dress Wanita Kondangan Mewah,Rp682.950,682950.0
dress,Laskala x IVOR Damar Dress Slit Batik Hitam,Rp449.000,449000.0
dress,JEEL BOUTIQUE | NAYAKA DRESS l DRESS BAHAN SATIN BOTEGA | dress lebaran 2023 elegan mewah. Brokat Butik Kombinasi Payet Ceruty,Rp600.000,600000.0
dress,FOLADY - KIW005 Dress Mini Pita Ribbon Hitam Wanita Mini Dress Korean Style Elegant Halter Neck Tanpa Lengan Premium Fashion Kekinian Aesthetic Chic Cute Party Dress Gaun Pendek Wanita Trendy Mewah Casual,Rp188.000,188000.0
dress,HERFIT 9396 Nabilla dress Manis,Rp158.000,158000.0
dress,Logo Dress Lessia Pink Dress 72161L8PK,Rp199.000,199000.0
dress,OCWA VEGA FITTED MINI SHORT SLEEVE KNIT DRESS BLACK,Rp459.900,459900.0
dress,GONEGANI OFFICIAL - Dress Cantik Lengan Panjang Motif Bunga Diana Dress,Rp597.550,597550.0
dress,Cikistore - Giory Dress Wanita midi ceruty with furing | Dress Korean Style Casual,Rp134.000,134000.0
dress,Ninety Degrees Dress Oxy Black 72092D4BK,Rp119.940,119940.0
dress,Epidemic Overall Jumpsuit Renaissance,Rp490.500,490500.0
dress,MINIMAL - Nastira - Dress Katun Wanita Motif Etnik - Red,Rp239.940,239940.0
dress,TDLA LTE40 LD long Dress simple is better hitam,Rp139.000,139000.0
dress,Inner Dalaman Satin Dress Camisole with Zipper Seleting,Rp140.000,140000.0
dress,C2W Clothtowear Dress Batik Wanita All Size Satin Women's Clothes 636-ALT,Rp109.400,109400.0
dress,Alcavella - [New] Fit & Fix | Potong Dress Perfect Length,Rp60.000,60000.0
dress,Okechuku CLOVERIA Dress Modern Dress Kekinian Dress Korean Style PINK,Rp99.900,99900.0
dress,*Ready Stok* N2 - Dress Sifon 28428,Rp793.000,793000.0
dress,*Ready Stok* N2 - Dress Katun Kombi Kaos 28495,Rp763.000,763000.0
dress,Fathufa Inner Dress Yukensi Spandex Jersey Polos Basic Stretch White Series,Rp55.000,55000.0
dress,duapola Plisket Overall Dress 8188 - Black,Rp169.000,169000.0
dress,Malika - Mary Jane Dress / Dress Pesta Gaun,Rp569.050,569050.0
dress,C2 Oktari Red Overall Wanita,Rp120.000,120000.0
dress,Love Bonito - Dress Wanita - Fei Belted Tweed Mandarin Collar Fit & Flare Midaxi Dress - Red,Rp1.278.900,1278900.0
dress,duapola Dress Midi Katun Salur Kantong 3039 - Coklat,Rp499.900,499900.0
dress,LTB73 dress daster kaos casual katakana underline Maroon,Rp139.000,139000.0
dress,Yoenik Apparel Eunha Pocket Midi Dress – Dress Korean Style – Dress Saku Wanita – Dress Waffle Knit Casual,Rp76.900,76900.0
dress,Missoofficial.id DR1581 Gaun Dress Panjang Wanita Baju Long Bodyfit Mini Dress Sleeveless Fashion Korea Casual Spandex Bodycon Midi Basic Simple,Rp67.872,67872.0
dress,[Dare To Be] GIRL POWER Sleeveless Square Neck Vintage Hollow Patchwork Lace-Up Waist Denim Casual Dress 92080 Wanita Midi,Rp559.900,559900.0
dress,OKAIDO OFFICIAL Sandal Jepit Wanita Perempuan Cewek Pita Model Korea Style Kekinian Hitam Pink Anti Air Anti Licin Mewah Elegan,Rp46.360,46360.0
dress,Hush Puppies Dress Wanita KK MADYNA Off White LG28109OW,Rp609.500,609500.0
dress,Nusa Kebaya Setelan Kebaya Tunik Tile Jumbo Kebaya Tunik Big Size Kebaya Jumbo,Rp158.000,158000.0
dress,Ryusei Dress Oversize Misaki CMB Tiramisu,Rp426.000,426000.0
dress,【Premium】Butterfly Backless Deep Cut Sexy Maxi Dress 3091 (S/M/L),Rp299.000,299000.0
dress,Monellina MECCA Tunik Oversize Wanita,Rp80.000,80000.0
dress,Alunicorn Maxi Dress Wanita Keena Pattern Printed Maxi Dress Ceruty Adem Flowy,Rp474.050,474050.0
dress,3H Lorney Midi Dress (PL17),Rp748.000,748000.0
dress,Simplyrooms Emily Dress Linen Casual Panjang Waist Pesta Panjang Waist,Rp450.000,450000.0
dress,ADA - Dress Midi Gigi Plain Full Button Lengan Pendek Casual,Rp129.000,129000.0
dress,Hush Puppies Dress Wanita Kk Konyaku Ldr Navy,Rp459.500,459500.0
dress,Hush Puppies Dress Wanita 955 Kunsa Khaki,Rp509.500,509500.0
dress,HERFIT 9194 Evelyn Pola Dress,Rp158.000,158000.0
dress,Dress Premium Style Royal Dengan Bahan Catton Dan Kotak-Kotak Stretch untuk Wanita Hitam M317,Rp149.000,149000.0
dress,Moria QZ112 Dress Wanita Lengan Pendek Terbaru Pakaian Wanita Desain Longgar Dan Tipis Warna Solid Rok T-shirt Midi-Length Kasual Dress Inner Panjang Fashion Korea Wanita Dress Tanpa Lengan Jumbo Overall Dress Gaun COD Baju Outfit Kekinian Maxi dress,Rp124.900,124900.0
dress,Hush Puppies Dress Wanita Relia Green,Rp210.000,210000.0
dress,Chocochips - Renesme Dress / Dress Wanita Korean Style / Dress Mini Elegan / Dress Tanpa Lengan,Rp495.000,495000.0
dress,"Moria QZ183 Maxi Dress Wanita Gaun Panjang Bertali Tanpa Lengan Gaun Pesta/Gaun Pantai/Gaun Berkobar/Gaun Panjang Gaun Tanpa Punggung, Gaun Seksi, Ukuran Besar Gaun Rompi Tanpa Lengan Longgar Musim Panas, Suspender Musim Panas, Merah Muda Lembut Hitam Cas",Rp99.800,99800.0
dress,Malika Sonete Dress / Dress Wanita,Rp645.050,645050.0
dress,Malika Yugena Dress / Dress Wanita Kondangan,Rp721.050,721050.0
dress,White Mode Nagina Dresses,Rp160.965,160965.0
dress,Alunicorn X Marissya Icha - Lucia Dress - Shimmer Dress - Maxi Dress,Rp664.050,664050.0
dress,White Mode Peony Dresses - Dress DR Flower Daisy - Pakaian Wanita Dresses Cewek,Rp699.900,699900.0
dress,{RANUM} Gaudi Raya. Maxi Dress Lengan Panjang Casual Wanita Allmer Dress,Rp398.000,398000.0
dress,Beatrice Clothing Vinia Dress - Ballon Dress - Pakaian Wanita | Dress Wanita,Rp265.000,265000.0
dress,ADA - Lyna Dress Mini Rib 7/8 #4503,Rp129.000,129000.0
dress,C2 Valken Blue Set Pieces Dress Wanita,Rp637.425,637425.0
dress,Malika Inaya Dress / Dress Wanita,Rp626.050,626050.0
dress,Chocochips - Ravena Dress / Mini Dress Formal Casual / Dress Wanita Elegan Kekinian,Rp495.000,495000.0
dress,MINIMAL - Harriette - Dress Katun Lengan Pendek - Black,Rp239.920,239920.0
dress,[Anniversary Picks] Casual Dress Midi Halter Wanita 6164 - MEIN,Rp279.800,279800.0
dress,Eclaire - Cannes Dress Normal Grande Midsize Bigsize Xtrasize | Dress Midi Wanita Casual Korea Pastel S-L XL XXL,Rp357.500,357500.0
dress,Chocochips - Belvadora Dress | Alaric Top Men / Dress Mini Wanita Cheongsam Style / Atasan Pria Lengan Pendek Motif Oriental / Set Family Lunar Collection,Rp595.000,595000.0
dress,MINIMAL - Daisy - Dress With Puffy Sleeve - Black,Rp509.915,509915.0
dress,This Is April Vixen Dress Maxi Wanita Tanpa Lengan Tali Adjustable Gaun Pesta Panjang Korean Style Indigo,Rp379.000,379000.0
dress,Polo Dress Wanita Ryusei Polo Dress Miwa Dark Grey,Rp359.000,359000.0
dress,LAICA X PATRICIA Tennis Dress Wanita,Rp664.905,664905.0
dress,Hush Puppies Lalana Wanita,Rp394.450,394450.0
dress,LTB73 dress daster kaos casual katakana underline Maroon,Rp139.000,139000.0
dress,Ordinair Dress Wanita Catleya Beige 7200435BE,Rp249.900,249900.0
dress,MINIMAL - Harriette - Dress Katun Lengan Pendek - Black,Rp239.920,239920.0
dress,MINIMAL - Daisy - Dress With Puffy Sleeve - Black,Rp509.915,509915.0
dress,MINIMAL - Eliza - Dress A-Line - Black,Rp446.103,446103.0
dress,ALTHREE Clothing - LIANA Dress Scuba Premium Wanita Brokat Casual,Rp122.700,122700.0
dress,Chocochips - Belvadora Dress | Alaric Top Men / Dress Mini Wanita Cheongsam Style / Atasan Pria Lengan Pendek Motif Oriental / Set Family Lunar Collection,Rp595.000,595000.0
dress,Third Day LTB13D LD outline logo nv T-shirt Navy,Rp139.000,139000.0
dress,Ravienna Dress Vol 2 / Dress Pesta / Dress Kondangan / Dress Cassual / Dress Simple,Rp445.000,445000.0
dress,Susana ID [ COD ] MOSAIC BROKEN FLOWER KNEE DRESS FD018,Rp58.000,58000.0
dress,Missoofficial.id BT2113 Baju Dress Tanktop Mini Wanita Singlet Fashion Koan Style Midi Katuren Adem,Rp68.677,68677.0
dress,*Ready Stok* SISTER'S - Dress Brukat Kombi Kaos C1479 (CAP),Rp823.000,823000.0
dress,*Ready Stok* SISTER'S - Dress Katun Linen Y9410 (ZE),Rp652.000,652000.0
dress,DYD LABEL Lily Dress Wanita Kekinian Bumil & Busui Friendly Bahan Rayon Premium V-Neck Full Kancing Saku Kanan All Size,Rp189.000,189000.0
dress,Benang Jarum Black Label - Basic Maxi Dress - Sweet Corn,Rp395.000,395000.0
dress,HEYTIMMY WOMEN Kana Summer Dress Katun Berkerah,Rp289.000,289000.0
dress,Love Bonito - Dress Wanita - Margie Melange V-neck Fit & Flare Midaxi Dress - Blue Grey,Rp1.009.000,1009000.0
dress,Chocochips - Verneta Dress / Sleeveless Midi Kerah Blazer,Rp550.000,550000.0
dress,Ryusei Polo Dress Yukari 2 Tone Grey,Rp359.000,359000.0
dress,Simplyrooms Paulina Off Shoulder Cantik Casual Motif Polkadot,Rp160.000,160000.0
dress,Jeel Boutique Aurel Dress Casual Bahan Mamba Twill Busui & Wudhu Friendly Size S M L XL XXL Nyaman Dipakai Sehari-hari,Rp249.900,249900.0
dress,LTF48 long dress daster wanita casual instacool pink butterfly hitam,Rp139.000,139000.0
dress,MINIMAL - Gadiel - Gamis Motif Border Ornament - Off White,Rp579.942,579942.0
dress,Giordano National Day Polo Dress Wanita Haute Red 102,Rp169.000,169000.0
dress,[Digdaya] Dress Natalie | Dress Natal Simple - Gaun Pesta Natal | Baju Natal lengan pendek | Dress Katun Bolong Premium - Dress Wanita Korean Style | Dress Midi Casual Formal,Rp315.000,315000.0
dress,Siselyo Marsha List Midi Dress – Dress Oversize Kekinian – Dress Knit Jumbo Lengan Panjang – Gamis Muslim,Rp99.500,99500.0
dress,First Girl-Dress Mini Coat Polos Pinggang Terbuka Dress Hitam Simple - F268 Casual Nyaman,Rp79.000,79000.0
dress,Simplyrooms Isabela Dress Wanita Kasual Casual Panjang Rayon Tie Midi,Rp260.000,260000.0
dress,Siselyo Chava Dress Plisket – Baju Casual Big Size – Simple Tunik Jumbo,Rp89.000,89000.0
dress,Yoenik Haneul Collar Midi Dress – Midi Dress Korean Style – Dress Busui - Dress Kerah Vintage,Rp96.900,96900.0
dress,Moria QZ236 Dress Tanktop Maxi Bodycon Tali Spageti Korean Party Style Longdress Panjang Dress Pantai Press Body Gaun Dress Sexy Wanita Baju Pesta Dress Elegant Casual Dress Wanita Kekinian Dress Biru Muda Tanpa Lengan Beach Dress Cantik ke rok,Rp79.800,79800.0
dress,Moria QZ238 Women's Plain Spaghetti Strap Sleeveless Dresses Long Dress Party Bodycon Tanktop Maxi Dress Body Fit Premium Dress Wanita Tali Big Size Korean Style Baju Women's Pantai Strap Backless Party Club Vacation Outfits for Women Sexy Casual Summer,Rp79.800,79800.0
dress,Rianty Batik Premium Wanita Dress Furing Prada Jevelin Javelino,Rp549.000,549000.0
dress,LTA25W Ld Lds Logo Sketch blk,Rp165.000,165000.0
dress,Malika Carens Dress / Gaun Wanita Kondangan Mewah,Rp881.020,881020.0
dress,First Girl-Mini Dress Buttoned Collar Bludru Long sleeve Dress BodyCon Berkerah - G025 Casual Nyaman,Rp85.000,85000.0
dress,COTTONINK - Dress Wanita Light Blue Gingham Nies #SpringCollection2025,Rp319.000,319000.0
dress,FAME - Tiered Midi Dress Wanita Floral Print Beige - 9511054,Rp399.900,399900.0
dress,"FOLADY - P770 Dress wanita dengan model bunga timbul yang memberi kesan mewah dan anggun saat dikenakan. Terbuat dari bahan renda 3D berkualitas yang adem, lembut, dan nyaman dipakai, cocok untuk acara pesta maupun formal.",Rp1.398.000,1398000.0
dress,Cotton Code Dress Wanita Valerie Slim Fit,Rp149.000,149000.0
dress,FAME - Square Neck Dress Dusty Pink - 9511062,Rp399.900,399900.0
dress,【Gulla】Tech Wear Crew Neck Short Sleeve Buckled Mini Dress 7702 (S/M),Rp99.900,99900.0
dress,Love Bonito - Dress Wanita - Detachable Sash Sweetheart Fit & Flare Midi Dress - Oat,Rp1.044.050,1044050.0
dress,Dama Kara Basic Long Dress,Rp199.000,199000.0
dress,Minimal BB Sierra Dress Mustard,Rp131.945,131945.0
dress,Eclaire - Florine Dress Normal Grande Bigsize Xtrasize | Dress Polycotton Crepe Casual Work Wanita S-L-XL-XXL Jumbo,Rp234.000,234000.0
dress,Eclaire - Asther Scuba Dress Normal Grande Big Size- Baju Pesta Wanita Bodycon Scuba Import Bigsize Jumbo S-L- XL- XXL Jumbo,Rp225.000,225000.0
dress,[Eclaire x Pocca] - Mireya Dress Moms | Dress Couple Ibu dan Anak Casual Anak Perempuan Wanita Korea S-L-XL-XXL Jumbo,Rp292.500,292500.0
dress,Chocochips - Godiva Dress / Dress Mini Lengan Pendek Model A-Line Detail Kerah Mutiara,Rp595.000,595000.0
dress,Minimal Mabella Dress Neutral Gray,Rp192.465,192465.0
dress,Minimal Carmelita Dress Wanita Terracotta,Rp206.955,206955.0
dress,Minimal Amabella Kaftan Wanita Honey Mustard,Rp209.965,209965.0
dress,ALTHREE Clothing - MELY Dress Full Brokat Ready Stock,Rp112.700,112700.0
dress,Mississippi Cupra Midi Dress LIN000621M Hitam,Rp315.000,315000.0
dress,HERFIT 9338 Dress Tribal ( tali + bandana ),Rp158.000,158000.0
dress,Mississippi The Portray Embroidired LIN000598M,Rp445.000,445000.0
dress,Urban Exchange Cecilia Maroon Dress,Rp499.000,499000.0
dress,HERFIT dodyna dress Wanita V-Neck Casual,Rp145.000,145000.0
dress,"Lyne Halim Dress Shanghai Imlek Merah, 3294",Rp695.920,695920.0
dress,N2 Dress - Pakaian Wanita Katun 27053,Rp793.000,793000.0
dress,*Ready Stok* N2 - Dress Katun 29720,Rp613.000,613000.0
dress,White Mode Malia Dresses Wanita,Rp164.950,164950.0
dress,JEEL BOUTIQUE | NAYAKA DRESS l DRESS BAHAN SATIN BOTEGA | dress lebaran 2023 elegan mewah. Brokat Butik Kombinasi Payet Ceruty,Rp600.000,600000.0
dress,LTB73 dress daster kaos casual katakana underline Maroon,Rp139.000,139000.0
dress,Alunicorn - Indirha Dress - Dress Plisket Mom's- Dress Lebaran Motif Bunga,Rp557.650,557650.0
dress,Hush Puppies Dress Wanita RAINY Blue LG28382BL,Rp359.500,359500.0
dress,X8 Sabine Dresses - Dress gamis wanita,Rp299.900,299900.0
dress,*Ready Stok* N2 - Dress Full Brukat 29703,Rp773.000,773000.0
dress,Yoenik Jia Wrap Dress - Dress Lilit - Dress Tali Maxi - Dress Satin Lebaran - Baju Kondangan - Gaun Wanita Panjang,Rp100.500,100500.0
dress,Malika Magnolia Dress / Pakaian Wanita,Rp293.400,293400.0
dress,Malika Clone Dress / Dress Wanita casual,Rp730.550,730550.0
dress,*Ready Stok* N2 - Dress Katun 29708,Rp673.000,673000.0
dress,Rabbani - Over All Dara Lengan Pendek Haira Exclusive,Rp223.610,223610.0
dress,[MEIN][NEW SERIES] Ruffle Mini Dress Wanita Navy 3368,Rp379.900,379900.0
dress,Malika Roseanne Dress / Gaun Wanita Kondangan Mewah,Rp664.050,664050.0
dress,Chocochips - Delphina Dress / Dress Wanita / Dress Midi,Rp495.000,495000.0
dress,LLACES Clothing - Dress Wanita - Sleeveless Dress w/ Pleated Skirt,Rp239.970,239970.0
dress,Malika Annecy Dress / Pakaian Wanita,Rp455.050,455050.0
dress,Hush Puppies Dress Wanita ADRIEL Medium Blue LG29246MBL,Rp409.500,409500.0
dress,Chocochips - Vanity Dress / Gaun Wanita Flare / Dress Square Neck / Tanpa Lengan Casual,Rp595.000,595000.0
dress,Dress - Rora Dress New by INIKAMI HIJAB,Rp264.900,264900.0
dress,ADA - Midi Dress Jessica Long Sleeve,Rp175.000,175000.0
dress,LTC03 ld thirdday&co dress daster kaos casual ladies Navy,Rp139.000,139000.0
dress,LTF02 mls polos green army hijab lengan panjang wanita,Rp149.000,149000.0
dress,LTE98 long dress kaos t shirt oversize ld logo sleeve hitam,Rp139.000,139000.0
dress,Yoenik Apparel Subin Wrap Dress Lilit Kondangan Dress Lebaran Terbaru Maroon,Rp85.500,85500.0
dress,adidas Lifestyle Future Icons Small Logo Dress Women Black JE0199,Rp640.000,640000.0
dress,Cardinal Dress Loose Fit Wanita D0227J08D,Rp179.000,179000.0
dress,MINEOLA Dress Panjang Wanita Salur Baju Casual,Rp219.500,219500.0
dress,Ethica | Elfa Baltic Bloom Sarimbit Keluarga Setelan Lebaran Terbaru 2026,Rp289.900,289900.0
dress,This Is April Iveta Dress Pendek Cantik Eelegan Gaun Mini Knit Lengan Pendek Wanita Basic Casual Outfit Black,Rp339.000,339000.0
dress,Miss Nomi Jasmine Kaftan Motif Wanita Cantik Kondangan Bahan Silk Premium Nyaman Dipakai Jumbo,Rp299.000,299000.0
dress,First Girl -(9280) Gaun Anggun Lengan Panjang Abu-Abu Elegan Gaun Berkelas Model Fit Body Untuk Wanita - G084,Rp159.000,159000.0
dress,ONYCHA - Zipper Fitted Dress In Black,Rp829.000,829000.0
dress,Moria QZ106 Long Dress Wanita leher halter Casual Dress Overall Floral Korean Dress Vintage Dress Sweet Putih French Cute Dress Santai Dress Tidur Korean Maxi Dress Tanpa Lengan Dress Wanita Korea Shifon blus rok perempuan floral sling dress,Rp104.900,104900.0
dress,【Goth】Bodycon Short Dress Gothic Hooded Long Sleeve 8865 (S/M/L),Rp279.000,279000.0
dress,Levi's® Women's Decon Skirtall (005NV-0000),Rp999.900,999900.0
dress,MINIMAL - Indira - Floral Jacquard Dress - Red,Rp292.455,292455.0
dress,Chocochips - Solandis Dress / Dress Wanita,Rp149.000,149000.0
dress,X8 Nikita Dress,Rp219.900,219900.0
dress,X8 Astri Dress - Terusan Wanita,Rp148.467,148467.0
dress,FAME - Overall Wanita Cokelat - 9520004,Rp499.800,499800.0
dress,{RANUM} Gaudi Raya. Maxi Dress Lengan Panjang Casual Wanita Matara Dress,Rp498.000,498000.0
dress,Urban Exchange Celyne Cream Dress - Midi Dress Lengan Pendek,Rp423.200,423200.0
dress,Hush Puppies Dress Wanita Alyssa Ldr Beige,Rp259.000,259000.0
dress,Hush Puppies Dress Wanita Kk Tamah Beige,Rp459.500,459500.0
dress,Hush Puppies Dress Wanita Ralise Navy,Rp599.000,599000.0
dress,Klamby - Fiona Dress Kohl,Rp441.000,441000.0
dress,【LS】Women Glitter Midi Dress V-Neck Spaghetti Straps Bodycon 8666 (S/M/L),Rp199.900,199900.0
dress,【LS】Women's Two Piece Outfit Sleeveless Hollow Out Crop Tops Mini Skirt Set 8675 (S/M/L),Rp249.000,249000.0
dress,【Premium】Sleeveless Plain Slit Cutout Back Tie-Waist Maxi A-Line Dress 3240,Rp299.000,299000.0
dress,Malika Becca Jumpsuit / Tube Jumpsuit Wanita,Rp559.550,559550.0
dress,Hush Puppies Dress Wanita YUKAH Blue LG28271BL,Rp359.500,359500.0
dress,Winggo Ameline Long Dress,Rp210.000,210000.0
dress,Bodytalk Dress Lengan Pendek Wanita Ryn Light Green Online 72095T1LN,Rp325.000,325000.0
dress,Joybasic Timeless Fitted Long Dress,Rp149.000,149000.0
dress,Batik Temu Jodo - Adeline Dress Bunga Biru Nyaman Bumil Busui Friendly,Rp82.500,82500.0
dress,"Love, Bonito - Dress Wanita - Farah Ribbed Knit Midi Dress",Rp839.000,839000.0
dress,Heaven Lights - Basic Sleeveless Dress - Inner Dress Polos Wanita,Rp312.095,312095.0
dress,ALTHREE Clothing - LASNIAR Dress Batik Katun Strech Kancing Aktif Motif Casual,Rp165.100,165100.0
dress,COLORBOX Smocked Off Shoulder Mini Dress I-DIWFCR225H019 Green,Rp149.950,149950.0
dress,Rianty Batik Premium Wanita Dress Irene,Rp319.000,319000.0
dress,Osella Naura Fancy Knit Midi Dress 21575006 | Dress Rajut Wanita Lengan Panjang,Rp164.970,164970.0
dress,Chocochips - Contessa Dress / Dress Wanita,Rp199.000,199000.0
dress,Chocochips - Wembley Dress / Dress Wanita Formal / Gaun Tanpa Lengan A-Line / Style Korea,Rp595.000,595000.0
dress,White Mode Aliza Dresses Wanita,Rp134.970,134970.0
dress,White Mode Malia Dresses Wanita,Rp164.950,164950.0
dress,JEEL BOUTIQUE | NAYAKA DRESS l DRESS BAHAN SATIN BOTEGA | dress lebaran 2023 elegan mewah. Brokat Butik Kombinasi Payet Ceruty,Rp600.000,600000.0
dress,LTB73 dress daster kaos casual katakana underline Maroon,Rp139.000,139000.0
dress,Alunicorn - Indirha Dress - Dress Plisket Mom's- Dress Lebaran Motif Bunga,Rp557.650,557650.0
dress,Hush Puppies Dress Wanita RAINY Blue LG28382BL,Rp359.500,359500.0
dress,"Lyne Halim - Aurelia Red Embroidered Dress, DRS-3359",Rp951.920,951920.0
dress,Osella Naura Fancy Knit Midi Dress 21575006 | Dress Rajut Wanita Lengan Panjang,Rp164.970,164970.0
dress,Rianty Batik Premium Wanita Dress Irene,Rp319.000,319000.0
dress,Chocochips - Wembley Dress / Dress Wanita Formal / Gaun Tanpa Lengan A-Line / Style Korea,Rp595.000,595000.0
dress,Chocochips - Contessa Dress / Dress Wanita,Rp199.000,199000.0
dress,COLORBOX Smocked Off Shoulder Mini Dress I-DIWFCR225H019 Green,Rp149.950,149950.0
dress,[Anniversary Picks] GIRL POWER Color-Block V-Neck Number Print Sporty Mini Casual Dress 92091 Wanita Midi - Dare To Be,Rp429.900,429900.0
dress,White Mode Zoey Dresses,Rp219.960,219960.0
dress,Urban Exchange Nayla White Dress Mini Dress Katun Bahan Katun Lengan Pendek,Rp529.000,529000.0
dress,This Is April Kayden Long Dress Elegant Gaun Maxi Tanpa Lengan Wanita Korean Style Baby Blue,Rp379.000,379000.0
dress,Moria QZ230 Dress Elegant Tanpa Lengan Basic Rib Knit Long Dress Wanita Terusan Maxi Dress Summer Baju Press Body Cantik ke Pantai Wanita Kekinian Kondangan Dress Korean Style Wanita Simple Dress Panjang Wanita Setelan Tanktop Kotak Neck bodycon Party,Rp104.900,104900.0
dress,Beatrice Clothing Myka Dress - Ballon Mini Dress Tanpa Lengan - Pakaian Wanita | Dress Wanita,Rp255.000,255000.0
dress,Bodytalk Dress Wanita Edlin Light Green Dress Online 72098T5LN,Rp259.000,259000.0
dress,HERFIT 8781 Dress Juju + Belt,Rp158.000,158000.0
dress,OKAIDO OFFICIAL Sandal Slide Selop Wanita Cewek Perempuan Fashion Anti Air Model Korea Style Kekinian,Rp39.987,39987.0
dress,COLORBOX Short Sleeve Overlock Midi Dress I-DDKKEY126C037 BLACK,Rp199.900,199900.0
dress,Geela Official - Teresa Cream Dress (G.43111) - Dress Wanita,Rp164.970,164970.0
dress,LLACES Clothing - Jumpsuit Wanita - Cargo Jumpsuit - Brown,Rp259.980,259980.0
dress,This Is April Iriska Dress Denim Wanita Tanpa Lengan Elegant Simple Casual Outfit Summer Indigo 70041100,Rp389.000,389000.0
dress,Eclaire - Juliette Dress Normal Grande Midisize Bigsize Xtrasize | Dress Katun Premium Casual Work Wanita Korea S-L-XL-XXL Jumbo,Rp286.000,286000.0
dress,Minimal Gemini Kaftan Wanita Dark Navy Reguler Fit,Rp297.465,297465.0
dress,MINIMAL - Samantha - Dress Lengan Tulip Motif Etnik - Light Purple,Rp252.945,252945.0
dress,Barli Asmara Kalula Formal Maxi Dress,Rp1.059.000,1059000.0
dress,Love Bonito - Dress Wanita - Broderie Puff Sleeve Trapeze Maxi Dress - White,Rp1.539.000,1539000.0
dress,ALTHREE Clothing - SWIFT Dress Kondangan Tile Mutiara Casual Wanita,Rp129.200,129200.0
dress,Koyu Hijab Midi Dress Maira Wanita Mewah,Rp164.000,164000.0
dress,GONEGANI OFFICIAL - Dress Seribu Kancing Cantik Naomi Dress,Rp573.300,573300.0
dress,CIKISTORE - Noera Dress Wanita Pesta Brukat Tile | Gaun Pesta | Dress Pesta Outfit Bridesmaid Graduation,Rp179.000,179000.0
dress,Eclaire - Sheva Dress Normal Grande Bigsize Xtrasize | Dress Polycotton Casual Work Wanita Korea S-L-XL-XXL Jumbo,Rp267.750,267750.0
dress,MINIMAL - Joseline - Dress Kerah Payet Wanita - Red,Rp324.935,324935.0
dress,Ninety Degrees Dress Seline Sage White 73113D9SW,Rp359.940,359940.0
dress,First Girl-Mini Dress Black Mutiara | Dress Polos | Dress Korean Style- F154 Gaun Pendek,Rp58.000,58000.0
dress,MISS NOMI - Sekar Dress - Dress Pesta / Dress Kondangan,Rp449.000,449000.0
dress,Love Bonito - Dress Wanita - Cupro V-Neck Bias Cut Midaxi Dress - Aged Sage,Rp838.900,838900.0
dress,Ryusei Dress Wanita Iruma CMB Black,Rp189.000,189000.0
dress,Cardinal Dress Wanita D0265P11F,Rp149.000,149000.0
dress,Malika Blakely Dress / Pakaian Wanita,Rp531.050,531050.0
dress,*Ready Stok* N2 - Dress Katun 29716,Rp613.000,613000.0
dress,Moria DQ025 Mini Skirt Rok Pendek Zipper Wanita High Waist Fitted Skirt Leather Fashion Korean Style Kulit Rok Kasual Elegan Pinggang Tinggi Pu Rok Perempuan Pasang Ramping Hot Pants Rok Celana Simple Model A-Line Skirt Semi Slim Bodycon Pencil Rok Pensi,Rp79.800,79800.0
dress,White Mode Primrose Dresses - Gaun Cewek Dresses Wanita Sifon Silk,Rp328.930,328930.0
dress,LLACES Clothing - Dress Wanita - Lite Dress - Black,Rp209.970,209970.0
dress,Cardinal Dress Loose Fit Wanita D0257D06H,Rp279.000,279000.0
dress,Chocochips - Tifara Dress / Dress Wanita,Rp149.000,149000.0
dress,Alunicorn Dress Outer Wanita Farrah LD 96-120cm Organza Dress Silk Flowy,Rp341.050,341050.0
dress,CAROCARA | Orlins Dress Wanita Smock Katun Rayon Maxi Basic Casual Baju Panjang,Rp185.000,185000.0
dress,[EXCLUSIVE HALOFASHION X HDA] Cassie Women Casual Bodycon Dress Wanita Rayon,Rp99.900,99900.0
dress,Chocochips - Wendelina Dress / Dress Wanita,Rp199.000,199000.0
dress,FAME - Square Neck Dress Broken White - 9511061,Rp399.900,399900.0
dress,BATIK TRUSMI Atasan Wanita Blouse Batik Tunik Dress Wanita Batik Sawat Baju Kain Katun Motif Nyaman Printing Casual Panjang,Rp149.000,149000.0
dress,LLACES Clothing - Dress Wanita - Shirt Dress Floral - Pink,Rp314.965,314965.0
dress,Geela Official - Martha White Dress (G.43104) - Dress Wanita,Rp173.970,173970.0
dress,White Mode Zhafirah Dresses Wanita,Rp389.900,389900.0
dress,Seutail Christmas White Midi Dress Korean - 010455,Rp325.000,325000.0
dress,Hush Puppies Dress Wanita Rainy Blue,Rp359.500,359500.0
dress,HERFIT 9367 Dyna Dress Ikat,Rp138.000,138000.0
dress,HERFIT maudy dress pita stretch,Rp112.000,112000.0
dress,Moria QZ111 BodyCon Dress Sexy Dress Korean Style Elegan Dress Knit Material Cknit Wanita BodyCon Comfortable Eelegant Dress Premium Dress Lengan Panjang Dress Set bodycon setelan rok panjang retro dengan belahan samping,Rp89.800,89800.0
dress,Hush Puppies Dress Wanita Vania Navy,Rp210.000,210000.0
dress,Chocochips - Uxia Dress / Mini Dress Wanita / Rajut Korean Style / Dress Knit Casual,Rp450.000,450000.0
dress,Hush Puppies Dress Wanita Zaneta Navy,Rp359.500,359500.0
dress,*Ready Stok* SISTER'S - Dress Brukat Kombi Kaos C1479 (CAP),Rp823.000,823000.0
dress,White Mode Malia Dresses Wanita,Rp164.950,164950.0
dress,LAICA X PATRICIA Tennis Dress Wanita,Rp664.905,664905.0
dress,Malika - Janine Dress / Dress Pesta Gaun Kondangan Elegan Hitam Putih Wanita,Rp569.050,569050.0
dress,JEEL BOUTIQUE | NAYAKA DRESS l DRESS BAHAN SATIN BOTEGA | dress lebaran 2023 elegan mewah. Brokat Butik Kombinasi Payet Ceruty,Rp600.000,600000.0
dress,Atasan Bawahan Wanita - Bobo Tokyo - Neima SET,Rp759.000,759000.0
dress,Susana ID [COD] RED SQUARE DRESS PUFFY SLEEVES D096,Rp80.000,80000.0
dress,Chocochips - Vonney Dress / Dress Wanita,Rp199.000,199000.0
dress,Eclaire - Adrianna Dress Normal Grande Bigsize Xtrasize | Dress Polycotton Wanita Casual Korea S-M-L-XL-XXL-XXXL,Rp235.500,235500.0
dress,[HaloFashion] Sarah Sexy Sabrina Jumpsuit Overall Basic Wanita Casual Cewek Jumpsuit Korean Fashion,Rp199.900,199900.0
dress,Urban Exchange Cecilia Red Dress - Gaun Midi Dress Kasual Dress Merah Natal,Rp309.000,309000.0
dress,Geulis.id MAISSA DRESS / MAXY DRESS / SARIMBIT KELUARGA (4 warna),Rp598.800,598800.0
dress,Levi's® Women's Vest Romper (001WM-0000),Rp449.950,449950.0
dress,ALTHREE Clothing - RIRI Dress Brukat Premium Wanita Brokat Casual,Rp122.700,122700.0
dress,JAYASHREE - Batik Ardhani Grey Dress Wanita - Kemeja Kerah Wanita Casual Warna Grey Motif Batik Abu Bulat Fit Katun,Rp140.000,140000.0
dress,MINIMAL - Quibelle- Gamis Wanita Motif Bunga - Off White,Rp314.965,314965.0
dress,MINIMAL - Mina - Dress Satin Motif Paisley - Green - Earthly Allure Collection,Rp344.925,344925.0
dress,MINIMAL - Eriana - Dress Lipit Wanita Motif Gringsing - Red,Rp299.925,299925.0
dress,MINIMAL - Ayundara - Dress Wanita Motif Burung Sogan - Beige,Rp302.445,302445.0
dress,Evercloth Ming Dress Batik Modern Wanita Gaun Terusan Jumbo,Rp200.000,200000.0
dress,X8 Maritzaa Dresses,Rp70.174,70174.0
dress,GONEGANI OFFICIAL - Dress Wanita Elegance Bahan Soft Silk Bridal HQ Lusiana Dress,Rp489.300,489300.0
dress,NASL by Nagita Slavina Toasted Espresso Dress,Rp639.000,639000.0
dress,Miss Nomi Fluer Dress Kondangan Simple Wanita Cantik Long Dress Bahan Brokat Premium Nyaman Di Pakai,Rp359.000,359000.0
dress,Malika Bailey Dress / Pakaian Wanita,Rp296.450,296450.0
dress,Yoenik Hyekyo Collar Dress – Kemeja Dress Linen Korea,Rp95.000,95000.0
dress,Giordano Linen Cotton Poplin Dress Wanita Ombre Blue,Rp619.000,619000.0
dress,Malika Adeline Shirtdress / Pakaian Wanita,Rp269.400,269400.0
dress,Dress Rajut 2in1 Wanita Outer Lengan Panjang 205030ZZ – MEIN,Rp229.900,229900.0
dress,Lucent Dress // Dress Pesta // Dress Kondangan // Dress Cassual,Rp369.000,369000.0
dress,"Lyne Halim - Dress Classic Flare Stretch, Hitam DRS8404",Rp559.920,559920.0
dress,Dress Pendek Motif Print Cardinal Femme D2051P09,Rp69.000,69000.0
dress,*Ready Stok* SISTER'S - Dress Katun Kombi Kaos C1487 (CAP),Rp763.000,763000.0
dress,Malika Vines Dress / Pakaian Wanita,Rp455.050,455050.0
dress,Malika Laurel Dress / Dress Wanita,Rp664.050,664050.0
dress,Lausboutique-Loose Basic Motif-P Jumput,Rp225.000,225000.0
dress,RiaMiranda - Yury Dress - Dress,Rp725.000,725000.0
dress,This Is April Hermia Dress Gaun Wanita Floral Layered Grey,Rp399.000,399000.0
dress,White Mode Munia Dresses - Gaun wanita Dress Cewek,Rp314.950,314950.0
dress,ONYCHA - Embroidery Cut Dress In Black,Rp879.000,879000.0
dress,Geulis.id EVIRLY DRESS / MAXY DRESS / PRINTED DRESS (3 warna),Rp514.800,514800.0
dress,[Anniversary Picks] GIRL POWER Camouflage Hooded Sleeveless Sporty Mini Casual Dress 1547 Wanita Midi - Dare To Be,Rp299.900,299900.0
dress,Chocochips - Zinnia Dress / Dress Wanita,Rp149.000,149000.0
dress,Midi Dress 5 Susun Busui Kerah Collar - beige cream,Rp150.000,150000.0
dress,Seutail Estella Midi Dress Wanita CNY Edition - 010470,Rp396.000,396000.0
dress,Rianty Batik Premium Wanita Dress Innes Black,Rp769.900,769900.0
dress,RiaMiranda - Fiorela Dress,Rp840.000,840000.0
dress,"Love, Bonito - Jumpsuit Wanita - Georgette Linen Cut Out Jumpsuit",Rp759.200,759200.0
dress,Hush Puppies Dress Wanita Cheynaka Green,Rp409.500,409500.0
dress,Hush Puppies Dress Wanita Adriel Medium Blue,Rp409.500,409500.0
dress,Eclaire - Daicy Dress Normal Grande Big Size | Dress Casual Wanita S-M-L-XL-XXL Jumbo,Rp291.000,291000.0
dress,Hush Puppies Dress Wanita MOJOJO Purple LG29423PPL,Rp309.000,309000.0
dress,Maura Jaguard by Jeel Boutique Limited Edition Gamis Kancing Satin Dress,Rp249.900,249900.0
dress,EXT Mila Dress 106.55096SH.99,Rp269.970,269970.0
dress,MINIMAL - Dhania - Kaftan Wanita Motif Bordir - Beige,Rp259.960,259960.0
dress,Minimal Terrycona Dress Wanita Long Sleeves,Rp109.900,109900.0
dress,MINIMAL - Kirana - Gaun Satin Wanita Motif Etnik - Blue,Rp344.925,344925.0
dress,Cikistore - Alina Midi Dress Korean Style Casual Lady Crush | Gaun Pesta | dailywear dress,Rp129.000,129000.0
dress,Cikistore - Eliza Dress Midi Wanita Korean Style | Dress Busui Friendly,Rp134.000,134000.0
dress,Cikistore - Briell Dress Wanita Square Neck,Rp129.000,129000.0
dress,FREYA DRESS - TOKYO YELLOW - COTTON TREE - DRESS MOTIF,Rp171.600,171600.0
dress,Ordinair Dress Wanita Calaya Black 7200235BK,Rp249.900,249900.0
dress,HERFIT 9284 Tiffany Flowly Casual Karet Waist Crinkle Wanita Linen Baju Panjang Dress Midi,Rp122.000,122000.0
dress,"Enough For Today /KUIY,- Zive Hoodie Dress Wanita Babyterry Hitam Sleeveless Hoodie Mini Dress Casual Silver Foil",Rp163.000,163000.0
dress,CANAVA DRESS - LUNAR - COTTON TREE - DRESS KATUN WANITA,Rp429.000,429000.0
dress,*Ready Stok* SISTER'S - Dress Brukat Kombi Kaos C1479 (CAP),Rp823.000,823000.0
dress,White Mode Malia Dresses Wanita,Rp164.950,164950.0
dress,LAICA X PATRICIA Tennis Dress Wanita,Rp664.905,664905.0
dress,Malika - Janine Dress / Dress Pesta Gaun Kondangan Elegan Hitam Putih Wanita,Rp569.050,569050.0
dress,JEEL BOUTIQUE | NAYAKA DRESS l DRESS BAHAN SATIN BOTEGA | dress lebaran 2023 elegan mewah. Brokat Butik Kombinasi Payet Ceruty,Rp600.000,600000.0
dress,HERFIT 9284 Tiffany Flowly Casual Karet Waist Crinkle Wanita Linen Baju Panjang Dress Midi,Rp122.000,122000.0
dress,HijabChic Pamela Blush Pink Dress - Dress Lebaran Tulle Flowy Payet Shimmering Mewah Elegan,Rp2.719.000,2719000.0
dress,GONEGANI OFFICIAL - Maxi Dress Motif 3D Anthea Dress,Rp509.000,509000.0
dress,[Halofashion] Jenna Long Dress - Dress Basic Wanita Longsleeve Lembut Adem Casual Elegant,Rp335.000,335000.0
dress,Oemah Etnik LUNAR 2026 - Red Bira Batik Dress,Rp1.489.000,1489000.0
dress,Chocochips - Bernicia Dress Lunar Collection / Lunar Dress,Rp595.000,595000.0
dress,COLORBOX Contrast Sleeveless Mini Dress I-DIWKEY225H098-LT. PINK,Rp129.950,129950.0
dress,*Ready Stok* N2 - Dress Katun 28528,Rp725.000,725000.0
dress,*Ready Stok* N2 - Dress Katun Organza 28442,Rp649.000,649000.0
dress,*Ready Stok* SISTER'S - Dress Katun S7596 (JS),Rp860.000,860000.0
dress,Malika Moella Dress / Dress Wanita Kondangan,Rp569.050,569050.0
dress,Moria QZ208 Rok Flare Wanita Rok Mermaid Basic Polos Mermaid Maxi Skirt Rok Panjang Wanita Skirt Rok Panjang Kerja Wanita Kantor Hitam Rok Span Kerja Wanita Jumbo Skirt Midi Skirt Rok Wanita Rok Berkobar Elegan,Rp49.800,49800.0
dress,3Mongkis Dress Panjang Wanita Veronica Dress,Rp565.000,565000.0
dress,LUIGI RICCIO Dress Wanita Model A Line Size Standard Couple Series Acara Pesta Kerja Kantor,Rp226.800,226800.0
dress,Osella Gracia Midi Dress 21575009 | Dress Lengan Panjang Wanita Lebaran,Rp174.900,174900.0
dress,White Mode Malia Dresses Wanita,Rp164.950,164950.0
dress,Hush Puppies Dress Wanita RAINY Blue LG28382BL,Rp359.500,359500.0
dress,Chocochips - Aorin Dress / Dress Lunar Collection Motif Floral / Lunar Dress,Rp625.000,625000.0
dress,Cardinal Dress Loose Fit D0262P08D,Rp279.000,279000.0
dress,White Mode Eiman Dresses - Gaun Cewek Dress Wanita,Rp289.900,289900.0
dress,Hush Puppies Dress Wanita ERICKA Light Blue,Rp409.500,409500.0
dress,Ryusei Polo Dress Amaya Navy,Rp359.000,359000.0
dress,Korean Collar Button Bodycon Pendek Dress Wanita Lengan Pendek 2396,Rp149.000,149000.0
dress,C2W Clothtowear Dress Kaftan Wanita All Size Women's Clothes 796-CLC,Rp212.550,212550.0
dress,OKAIDO OFFICIAL Sandal Mules Wanita Cewek Perempuan Gaya Fashion Model Pita Korea Style Unik Terbaru Kekinian,Rp42.950,42950.0
dress,FAME - Tiered Mini Dress Wanita Detail Kancing Depan Broken White - 9511044,Rp399.900,399900.0
dress,ONYCHA - Lace-Knit Collared Rib-Knit Dress In Dark Mauve,Rp522.000,522000.0
dress,Hush Puppies Dress Wanita ALYSSA LDR Camel,Rp259.000,259000.0
dress,【Premium】Short Dress Sleeveless Bodycon Square Neck 3261 (S/M/L) dress rumahan,Rp173.900,173900.0
dress,Hush Puppies Dress Wanita Clara Mustard,Rp210.000,210000.0
dress,Hush Puppies Dress Wanita Rushly Red,Rp359.500,359500.0
dress,Haura Dress Simple Casual,Rp299.000,299000.0
dress,C2W Clothtowear SBN Center Tied Dress Wanita All Size Satin Women's Clothes - 144 TBP,Rp155.900,155900.0
dress,First Girl-Dress Tali Bodycon Casual - F259,Rp88.000,88000.0
dress,Dress Wanita - Official Bobo Tokyo - Tarumizu Raglan Sleeve Long Dress,Rp679.000,679000.0
dress,JAYASHREE - Batik Radyta Blue Dress Wanita - Tunik Motif Batik Premium Panjang Slim Fit Wanita Warna Biru - Abu Bahan Lembut Abu Biru,Rp165.000,165000.0
dress,​Enami Suns - Manset Gamis Terusan Lengan Panjang Rayon Spandex Premium / Inner Dress Muslimah / Dalaman Gamis High Neck,Rp89.019,89019.0
dress,Minimal Malia Dress Wanita Ice Ginger Casual,Rp292.455,292455.0
dress,Minimal Ikat Monochrom Dress R JET BLACK,Rp224.955,224955.0
dress,Minimal Azina Kaftan Wanita Navy Loose Fit,Rp262.465,262465.0
dress,MINIMAL - Alusya - V Neck Kaftan Wanita - Beige - Manzone & Minimal,Rp314.965,314965.0
dress,HERFIT dress hansol tangan panjang,Rp180.000,180000.0
dress,Annisa Stripe Print Maxi Dress Wanita 123413986,Rp299.900,299900.0
dress,Minimal Everly Dress Sage Leaf,Rp263.473,263473.0
dress,ALTHREE Clothing - DINAR Dress Scuba Premium Kombinasi Brokat Dress Kondangan Casual,Rp129.200,129200.0
dress,"Love, Bonito - Dress Wanita - Aivee Jersey Column Midaxi Dress",Rp899.000,899000.0
dress,Disney Pooh And Friends In Something Red Drees Tidur Wanita 123598206,Rp199.900,199900.0
dress,Bosytalk Dress Panjang Lengan Pendek Mikasa Green Online 72096T9GN,Rp279.000,279000.0
dress,This Is April Marigold Dress Terusan Kutung Premium Elegan Motif Timbul Modern Red dan Navy,Rp184.500,184500.0
dress,This Is April EID Isra Dress Setelan Remaja Lebaran 2026 Katun Bordir Floral Lengan Balon Vintage Aesthetic Dress Raya Grey,Rp219.500,219500.0
dress,Columbia Women's Freezer III Dress - Bluebell Marooned,Rp339.600,339600.0
dress,White Mode Frances Dress - Dress Wanita,Rp90.000,90000.0
dress,[MEIN][NEW SERIES] Midi Dress Wanita Neckline Hitam 676A,Rp369.900,369900.0
dress,EXECUTIVE Printed High Neck Maxi Dress 5-DXWFLR326B322 Dusty Blue,Rp319.960,319960.0
dress,LTF01 long dress kaos t shirt wanita oversize polos green army,Rp129.000,129000.0
dress,Giordano National Day Polo Dress Wanita Haute Red,Rp169.000,169000.0
dress,Michael's Collection - Dress Eun Bi,Rp132.000,132000.0
dress,SISTER'S Dress - Pakaian Wanita Katun Brukat Kombi Kaos C1561 (CAP),Rp823.000,823000.0
dress,*Ready Stok* SISTER'S - Dress Katun C1459 (CAP),Rp690.000,690000.0
dress,EXECUTIVE V-Neck Sleeveless Stripes Jumpsuit 5-JSWSIG226A014 Dark Grey,Rp359.910,359910.0
dress,Malika - Janine Dress / Dress Pesta Gaun Kondangan Elegan Hitam Putih Wanita,Rp569.050,569050.0
dress,[HaloFashion] Nadia Casual Sexy Mini Dress Bodycon Simple Ruffle Sleveless Baju Wanita Fashion Korea,Rp95.000,95000.0
dress,White Mode Malia Dresses Wanita,Rp164.950,164950.0
dress,Hush Puppies Lalana Wanita,Rp394.450,394450.0
dress,LTB73 dress daster kaos casual katakana underline Maroon,Rp139.000,139000.0
dress,Giordano National Day Polo Dress Wanita Haute Red,Rp169.000,169000.0
dress,Monellina ANTIA Tunik Oversize Wanita Lengan Panjang,Rp75.000,75000.0
dress,Chocochips - Belvina Dress / Dress Mini Tanpa Lengan / Detail Kerah Mandarin,Rp450.000,450000.0
dress,Love Bonito - Dress Wanita - Kamil Contour Knit Fit & Flare Mini Dress - Ivory,Rp839.000,839000.0
dress,Gaun V Neck Bodycon Elegant 1684 (S-XL),Rp69.000,69000.0
dress,Urban Exchange Ameena Midi Dress Pink,Rp450.000,450000.0
dress,Love Bonito - Dress Wanita - Boat Neck Swing Mini Dress - Black,Rp839.000,839000.0
dress,Geulis.id BRUNA DRESS / MAXY DRESS (2 warna),Rp574.800,574800.0
dress,LLACES Clothing - Dress Wanita - Melrose Dress - Navy,Rp269.970,269970.0
dress,Love Bonito - Dress Wanita - Sofi V-neck Fit & Flare Midaxi Dress,Rp1.099.000,1099000.0
dress,Moria QZ090 Short Sleeve V-neck Button Mini Dress Kerah Wanita Lengan Pendek Basic Polo Button Up Front Pocket Pakaian Wanita Dress Bodycon Sexy Model Slim Lengan Pendek Warna Polos Dengan Tali Serut Untuk Wanita polo Wanita Gaun Panjang aLine Rok Dress,Rp95.900,95900.0
dress,Zalmore LongSleeve Balloon Long Dress | LUMA Cotton Premium - Dress Lengan Panjang Lembut Ringan Sejuk Anti Nerawang,Rp275.000,275000.0
dress,Rianty Batik Premium Wanita Dress Furing Vencia Vencio,Rp399.000,399000.0
dress,Love Bonito - Dress Wanita - Lyocell Cut Out Toga Fit & Flare Maxi Dress - Soft Daffodil,Rp968.900,968900.0
dress,Love Bonito - Jumpsuit Wanita - Leggy BraFree by LB Keana Kick Flare Jumpsuit - Oat,Rp969.000,969000.0
dress,HERFIT 9260 Congsam Dress,Rp145.000,145000.0
dress,Moria QZ247 Long Maxi Dress Elegant For Party Cantik Jersey Bodycon Lace Brukat Mewah Pesta Wanita Dress Fit Slit Skirt Dress Panjang Wanita Satin Pantai Tube Dress Beach Fit Bodycon Sexy Hot White Korean Ruffle Formal Tank Dress Casual,Rp95.800,95800.0
dress,Miss Nomi Aruni Batik Bahan Viscose Dress Kondangan Elegan Nyaman Dipakai Big Size,Rp325.000,325000.0
dress,"Mona Bunoti Jeel boutique | Dress Casual Maroon, Mouve, Sage, Hitam, Teal Balon Karet Muslim Putih",Rp200.900,200900.0
dress,Miss Nomi Kanaya Kaftan Polos Wanita Kondangan Bahan Silk Premium Nyaman Dipakai Big Size,Rp259.000,259000.0
dress,Nicole Dress Vol.2 - Dress Party - Dress Kondangan - Dress Premium Bordir Casual Panjang Satin Jepang Tile Wanita Pesta Formal Gaun Wisuda Simple Natal Midi Mewah,Rp335.000,335000.0
dress,LLACES Clothing - Dress Wanita - Pocket Dress - Black,Rp269.970,269970.0
dress,"First Girl - Gaun Suspender Berkerah V ala Hepburn, Gaun Pantai Tanpa Lengan Lapis Renda - G088",Rp198.000,198000.0
dress,Michael's Collection - Seri Blazer Dress | Dress Wanita 5682,Rp386.250,386250.0
dress,This Is April Aurynn Dress Gaun Wanita Tanpa Lengan Slim Fit Baju Midi A-Line Casual Look Dark Brown dan Ivory,Rp439.000,439000.0
dress,Love Bonito - Dress Wanita - Nurin Panelled Fit & Flare Midaxi Dress - Oyster Grey,Rp1.009.000,1009000.0
dress,Minimal Firrya Dress Sage,Rp419.965,419965.0
dress,EVONNE Carren Long Dress Fitted Mewah Wanita Cotton Elegan Lembut Simple,Rp250.000,250000.0
dress,C2 Wiliya Navy Overall Dress Wanita casual midi,Rp95.000,95000.0
dress,DANAR HADI Dress/R1 berkancing Lengan 3/4 Motif Lengko Manggar - Sogan,Rp491.970,491970.0
dress,X8 Harriet Dress,Rp113.970,113970.0
dress,Blanka Ladies - Dress Wanita Long Contrast Lining,Rp250.250,250250.0
dress,ADA - Jumpsuit Louisa Short Pants Casual #0692,Rp159.000,159000.0
dress,LLACES Clothing - Dress Wanita - Lite Dress - Navy,Rp699.900,699900.0
dress,Hush Puppies Kk Konyaku Ldr Embroidered Dress Wanita,Rp504.450,504450.0
dress,*Ready Stok* N2 - Dress Brukat Kombi Sifon 29705,Rp788.000,788000.0
dress,White Mode Edelweisss Dresses Wanita,Rp239.900,239900.0
dress,This Is April Skylar Dress Gaun Wanita Tanpa Lengan Midi A-Line Sweet Modern Look Feminine Black dan Yellow,Rp349.000,349000.0
dress,MxM Connexion Monte Gamis Wanita 123260927,Rp120.000,120000.0
dress,FAME - Square Neck Dress Wanita Dusty Pink - 9511049,Rp399.900,399900.0
dress,Hush Puppies Dress Wanita ALIKA Sage,Rp309.500,309500.0
dress,FAME - Dress A Line Wanita Detail Pita Motif Floral Pale Blue - 9510930,Rp249.900,249900.0
dress,Hush Puppies Dress Wanita CLARA Sage,Rp210.000,210000.0
dress,Hush Puppies Dress Wanita Ginevra Dark Blue,Rp409.500,409500.0
dress,LLACES Clothing - Dress Wanita - Kafka Dress - Cream,Rp319.960,319960.0
dress,LTC04 LD simple does it katakana nvy long dress ladies Navy,Rp139.000,139000.0
dress,LTB99 Dress Daster Kaos Casual LD Thirdday&co Ladies Hitam,Rp139.000,139000.0
dress,Malika Sharene Dress / Dress Wanita Kondangan Mewah Elegant Kasual,Rp588.050,588050.0
dress,dress wanita bordir bunga kode 490100,Rp150.000,150000.0
dress,Malika Aira Dress / Pakaian Wanita,Rp506.660,506660.0
dress,【Premium】Korean Crew Neck Short Sleeve Dress 2702 (S/M/L/XL),Rp99.900,99900.0
dress,Nayara Dress Basic Kenna Polos Baju Kerah Casual Kancing,Rp154.000,154000.0
dress,【Premium】Off Shoulder Strapless Short Dress 7525 (S/M/L),Rp129.000,129000.0
dress,OE Oemah Etnik x Wilsen Willim - Black White Hapu Batik Katun Dress,Rp1.839.000,1839000.0
dress,Hush Puppies Dress Wanita Mendez Solid Red,Rp359.000,359000.0
dress,LLACES Clothing - Dress Wanita - Evelyn Dress - Navy,Rp314.965,314965.0
dress,Chocochips - Wyna Dress / Gaun Tweed Wanita / Dress Lengan Pendek Premium / Aksen Pita,Rp550.000,550000.0
dress,Dress Wanita - Bobo Tokyo - Harmoni Dress,Rp593.010,593010.0
dress,C2 Haskia Red Casual Maxi,Rp159.900,159900.0
dress,Moria QZ070-2 Velvet Bodycon Dress Korean Midi Dress Short Sleeves Women Dress Midi Lengan Pendek Korean Long dress / Gaun terusan panjang / Dress Bodycon Elegan Harper sabrina bodycon dress Maxi Dress Long Dress Bodycon Pesta Kondangan One Shoulder dres,Rp99.800,99800.0
dress,Malika - Janine Dress / Dress Pesta Gaun Kondangan Elegan Hitam Putih Wanita,Rp569.050,569050.0
dress,[HaloFashion] Nadia Casual Sexy Mini Dress Bodycon Simple Ruffle Sleveless Baju Wanita Fashion Korea,Rp95.000,95000.0
dress,White Mode Malia Dresses Wanita,Rp164.950,164950.0
dress,Hush Puppies Lalana Wanita,Rp394.450,394450.0
dress,LTB73 dress daster kaos casual katakana underline Maroon,Rp139.000,139000.0
dress,Third Day LTC02 LD simple does it sign nvy long dress ladies Navy,Rp165.000,165000.0
dress,Geela Official - Isabella Cream Dress (G.4399) - Dress Wanita,Rp164.970,164970.0
dress,MANDJHA Aerish By IVAN GUNAWAN - Busana Muslim Modest ORIGINAL,Rp2.499.000,2499000.0
dress,Aqila Dress by Jeel boutique Gamis Wanita,Rp204.900,204900.0
dress,MINIMAL - Valentina - Dress Tweed Lengan Pendek Wanita - Orange,Rp274.945,274945.0
dress,Minimal - Marizza - Dress A Line - Olive - Earthly Allure Collection,Rp374.925,374925.0
dress,Minimal Mitsuko Dress Kawung Geo,Rp199.950,199950.0
dress,X8 Sandrine Dress Wanita Biru Pastel,Rp199.900,199900.0
dress,CAROCARA | Gianna Dress Wanita Body Fit Ribbon Simple Casual Midi,Rp270.000,270000.0
dress,Love Bonito - Dress Wanita - Hera Classic Panelled A-line Mini Dress,Rp759.000,759000.0
dress,Ordinair Dress Wanita Frilinda Navy 7200139NA,Rp249.900,249900.0
dress,[HaloFashion] Atalya Long Dress Turtle Neck Wanita Inner Dress Basic Casual,Rp179.900,179900.0
dress,Ninety Degrees Dress Celline Sage White 73113D9SW,Rp359.940,359940.0
dress,GONEGANI OFFICIAL - Dress Wanita Luxurious & Elegance Bahan Soft Silk Premium Grace Dress,Rp815.150,815150.0
dress,GONEGANI OFFICIAL - Maxi Dress Flowly Button Manik Manik Helia Button Dress,Rp509.000,509000.0
dress,Ninety Degrees Dress Graciela Lilac 73114D5LI,Rp359.940,359940.0
dress,Malika Syila Dress / Dress Wanita,Rp645.050,645050.0
dress,LTF44 long dress daster kaos casual instacool LD slay all day hitam,Rp139.000,139000.0
dress,C2W Clothtowear Dress Batik Cheongsam Batik Wanita All Size Set Satin Women's Clothes Set Baju Imlek 674-SKR,Rp145.600,145600.0
dress,"Lyne Halim Dress Merah Bordir Solo, 3130 Big size",Rp874.930,874930.0
dress,Benang Jarum Black Label - Basic Maxi Dress - Off White,Rp395.000,395000.0
dress,Moria QZ190 Floral Dress Biru Muda Summer Elegant Long Dress Pantai Wanita Korea Party Baju Dress Body Press korean style Beach Backless Dress Premium Beach Vacation Holiday Ddress Vintage Gaun Pesta Dress Daisy Retro Dress Tanpa Lengan Motif Bunga,Rp109.800,109800.0
dress,MxM Connexion Gamis Wanita 123260918,Rp120.000,120000.0
dress,Chocochips - Zolene Dress / Dress Wanita Tanpa Lengan Simple Elegan,Rp595.000,595000.0
dress,Moria QZ280 Long Dress Party Bodycon Tanktop Maxi Dress Body Fit Dress Wanita Party Dress Frill Top Atasan Fashion Korean Style Pesta Women Loose Strapless Ruffle Elegant Gaun Suspender Ramping Pinggang Seksi Dengan Renda Untuk Wanita Tali Dress Panjang,Rp89.800,89800.0
dress,My Aksa Batik Wanita Dress Furing Dobby Azara Azam,Rp649.000,649000.0
dress,[Anniversary Picks] Casual Dress Midi Halter Wanita 6164A - MEIN,Rp279.900,279900.0
dress,Hush Puppies Dress Wanita Dc Eveston Brown,Rp260.000,260000.0
dress,[Anniversary Picks] Athletic Girl Series Hot Girls Contrast Strappy Satin Two Slim Dress 1578 Casual Wanita - Dare To Be,Rp319.900,319900.0
dress,Hush Puppies Dress Wanita CHEYNAKA Green LG28416GR,Rp409.500,409500.0
dress,"Love, Bonito - Dress Wanita - Aria Tweed A-line Mini Dress",Rp759.000,759000.0
dress,Hush Puppies Dress Wanita 955 TWIDY SDR Black LG28338BK,Rp429.300,429300.0
dress,Little M Woven Sleeveless Checks With Tile Midi Dress Bayi 123655635,Rp149.900,149900.0
dress,Miss Nomi Yumi Bodycon Dress Pesta Kondangan Simple Graduation Bridesmaid Kekinian Bahan Tile Premium Nyaman Dipakai,Rp335.000,335000.0
dress,Moria QZ257 Dress Mini Sexy Shoulder Spaghetti - Dress Rempel Dengan Dada Korean Style Dress Gaun Pesta Kasa Suspender Lipit Pinggul Seksi Baju dress off shoulder Bikini Swimsuit Renang Wanita Perut One-Piece Ruched Casual Kasual Bodyfit Dress Slim Fit,Rp129.800,129800.0
dress,TDLA LTE28 LD long dress polos wanita hitam,Rp129.000,129000.0
dress,C2W Clothtowear Kaftan Batik Wanita All Size Asymetric Slv Dress Women's Clothes Satin 180-PTC,Rp150.750,150750.0
dress,TUBITA - Inner Tank Dress Baju Dalaman Tanpa Lengan Manset Wanita Polos Adem Ringan dan Stretchy,Rp111.300,111300.0
dress,Batik Temu Jodo - Adeline Dress Bunga Biru Nyaman Bumil Busui Friendly,Rp79.000,79000.0
dress,SISTER'S Dress - Pakaian Wanita Katun Brukat Kombi Kaos C9564 (CAP),Rp844.000,844000.0
dress,Moria QZ154 Sexy Bodycon Dress Halter Dress Midi Dress Elegant Dress Fashion Korean Dress pesta wanita Slim Side Split Dress Wanita / Dress Bodycon / Dress Panjang Wanita / Long Dress Seksi Gaun Malam Panjang Romantis Party Dress Wanita,Rp69.800,69800.0
dress,Rianty Batik Premium Wanita Dress Furing Dobby Breza Brezo,Rp449.000,449000.0
dress,Hush Puppies Dress Wanita Ralise Red,Rp599.000,599000.0
dress,Urban Exchange Diana Dress Navy - Midi Dress Navy,Rp289.000,289000.0
dress,LLACES Clothing - Dress Wanita - Formal Office Dress - Black,Rp239.970,239970.0
dress,Hush Puppies Dress Wanita ALYSSA LDR Beige,Rp259.000,259000.0
dress,Hush Puppies Dress Wanita RAINY Black LG28382BK,Rp359.500,359500.0
dress,Little M Woven Pique Print Flower Midi Dress Bayi 123443060,Rp149.900,149900.0
dress,"JEEL BOUTIQUE | Mahyra Dress Lebaran 2023 | Bahan Satin mix Brokat dan Tule Premium | Size M, L, XL | Putih, Biru, Lilac, Sage, Dusty, Abu, Cokelat Balon Butik",Rp600.000,600000.0
dress,LLACES Clothing - Dress Wanita - Flowy Wrap Dress - Black,Rp359.960,359960.0
dress,Hush Puppies Dress Wanita Reggie Dark Blue,Rp260.000,260000.0
dress,Geulis.id DOROTHY DRESS / DRESS FLANNEL WANITA (2 warna),Rp215.280,215280.0
dress,*Ready Stok* SISTER'S - Dress Katun Y8592 (ZE),Rp764.000,764000.0
dress,FEFA STYLE -TIFFANI MIDI OVERALL KNIT MOTIF-OVERALL MIDI WANITA,Rp155.000,155000.0
dress,COLORBOX Side Ruched Fitted Mini Dress I-DIKKEY225I042 Grey,Rp139.930,139930.0
dress,Eclaire - Marbelle Dress Normal Grande Midsize Bigsize Xtrasize | Dress Wanita Casual Korea Pastel S-L XL XXL,Rp297.700,297700.0
dress,MINIMAL - Askana - Gamis Lace Wanita Motif Bunga - Navy,Rp659.945,659945.0
dress,Minimal Raisa Dress Casual Midi Batik Wanita,Rp314.955,314955.0
dress,Mirdad Dress,Rp227.465,227465.0
dress,Minimal BB Bunee Dress R White Casual Wanita,Rp289.900,289900.0
dress,Polo Dress Wanita Ryusei Polo Dress Miwa Dark Grey,Rp359.000,359000.0
dress,This Is April Vixen Dress Maxi Wanita Tanpa Lengan Tali Adjustable Gaun Pesta Panjang Korean Style Indigo,Rp379.000,379000.0
dress,Chocochips - Aorin Dress / Dress Lunar Collection Motif Floral / Lunar Dress,Rp625.000,625000.0
dress,JEEL BOUTIQUE | NAYAKA DRESS l DRESS BAHAN SATIN BOTEGA | dress lebaran 2023 elegan mewah. Brokat Butik Kombinasi Payet Ceruty,Rp600.000,600000.0
dress,Malika - Janine Dress / Dress Pesta Gaun Kondangan Elegan Hitam Putih Wanita,Rp569.050,569050.0
dress,X8 Shinta Dresses navy wanita,Rp269.900,269900.0
dress,C2W Clothtowear Dress Batik Wanita All Size Satin Women's Clothes 640-YSY,Rp176.500,176500.0
dress,FOLADY - M595 Aurelia Luxe Textured Rajut Dress dengan Kancing Emas Seri Elegan Premium Lembut Klasik Chic Feminin Modern Tak Lekang oleh Waktu Koleksi Eksklusif Edisi Terbatas untuk Acara Spesial Kantor dan Pesta Siap Pakai 2026,Rp198.000,198000.0
dress,Isla Felica Dress Short Sleeves - Tunik Lengan Pendek Wanita Casual - Midi,Rp149.900,149900.0
dress,"Jeel Boutique | Qiandra Dress Pesta Wanita Casual | Silver, Green Tea, Dusty, Lilac | Size M, L, XL | A-Line Brokat Muslim Mutiara Payet Kondangan",Rp399.900,399900.0
dress,Miss Nomi Hawa Kaftan Motif Wanita Kondangan Cantik Simple Bahan Silk Premium Jumbo,Rp309.000,309000.0
dress,FAME - Dress Wanita Detail Belt Floral Print Terracotta - 9510902,Rp249.900,249900.0
dress,Hush Puppies Dress Wanita JIMNA Red,Rp359.500,359500.0
dress,August Dress Brukat Wanita,Rp205.000,205000.0
dress,Malika Gwyneth Dress / Pakaian Wanita,Rp550.050,550050.0
dress,White Mode Cassiopeia Dresses,Rp265.930,265930.0
dress,Alunicorn Maxi Dress Wanita Kareen Gyda Premium Maxi Dress Cerruty Crepe Busui Ruffle,Rp569.050,569050.0
dress,Alunicorn - Keela Dress - Organza Dress - Maxi Dress - Outer Dress,Rp569.050,569050.0
dress,Alunicorn - Kayla Dress - Organza Dress - Maxi Dress - Outer Dress,Rp569.050,569050.0
dress,Naisha Signature - Serena Tulle Dress | Dress Brukat Tiledot | Dress Kondangan,Rp549.000,549000.0
dress,C2W Clothtowear 640 SKR // Dress batik wanita modern // clothtowear,Rp125.000,125000.0
dress,*Ready Stok* N2 - Dress Brukat Furing Kaos 28508,Rp793.000,793000.0
dress,[Dare To Be] GIRL POWER Dress Rajut Midi Wanita Model Slimfit 92083 Casual Baju,Rp739.900,739900.0
dress,Miss Nomi - Azalea Dress Vol.2 Pesta / Baju Wanita / Gaun Dress / Part,Rp345.000,345000.0
dress,DYD LABEL Medina Midi Dress Baju Bumil & Busui Kekinian Lengan Pendek Bahan Rayon Nyaman Fit to XL Detail Ruffle Hypoallergenic,Rp179.000,179000.0
dress,Malika Hazel Dress / Gaun Wanita Kondangan,Rp675.000,675000.0
dress,Moria QZ114 Sexy Spaghetti Strap Pleated Satin Slit Mini Dress temperamen Sparkly Crystals Glittered Strap Evening Party Midi Dress Solid Color Party Queen Korean with Side Split Fashion Sexy Blink Dress,Rp99.800,99800.0
dress,YESAMALIKA ARUMI DRESS | Dress Kaos Wanita Midi 7/8 Bahan Cotton Combed 24s | Varian Warna | All size reguler,Rp194.900,194900.0
dress,Moria QZ129 Gaun Wanita Slim Long Sleeve Dress Panjang Knit Maxi Dress Korean Fashion Style Kekinian Wanita Pakaian Dress / Dress Duyung Atasan Puffy murni hot girl T-shirt dress wanita musim panas tas pinggul mid-panjang rok pinggang ramping desain rok,Rp99.800,99800.0
dress,Susana ID [ COD ] Europe and America sexy solid color hooded long-sleeved dress woman D159,Rp95.000,95000.0
dress,LLACES Clothing - Dress Wanita - LL Vintage Midi Dress - Navy,Rp399.960,399960.0
dress,【Premium】Dress Short Bodycon One Shoulder Sleeveless 3271 (S/M/L),Rp99.900,99900.0
dress,SIMPLYROOMS Monica Dress Wanita Casual panjang rayon,Rp349.900,349900.0
dress,SIMPLYROOMS Kassandra Dress One Size New Collection,Rp399.000,399000.0
dress,Bodytalk Dress Tanpa Lengan Wanita Sloane Navy Online 71094T9NV,Rp219.000,219000.0
dress,BATIK TRUSMI Atasan Wanita Tunik Dress Batik Hitam Kombinasi SYP CKT Baju Kain Katun Motif Nyaman Panjang,Rp109.000,109000.0
dress,Susana ID [ COD ] KOREAN HEPBURN STYLE HIGH WAIST D129,Rp95.000,95000.0
dress,My Aksa Batik Wanita Dress Furing Anastasya Aditya,Rp549.000,549000.0
dress,Cotton Inch - Dyra Overall Wanita,Rp209.900,209900.0
dress,Cotton Inch - Zarra Overall Dress Wanita,Rp209.900,209900.0
dress,ONYCHA - Zipper Shirt Dress In Light Grey,Rp879.000,879000.0
dress,Hush Puppies Dress Wanita Shanley Khaki,Rp309.500,309500.0
dress,Michael's Collection - Dress with Syal Yun Hee Crepe Muslim,Rp118.000,118000.0
dress,Hush Puppies Dress Wanita Mendez Stripe Navy,Rp359.000,359000.0
dress,Hush Puppies Dress Wanita Cheynaka Red,Rp409.500,409500.0
dress,Chocochips - Whimsical Dress / Dress Wanita,Rp199.000,199000.0
dress,Dress Wanita - Bobo Tokyo - Renya Dress,Rp791.010,791010.0
dress,[HaloFashion] Eiffel Bodycon and Mini Casual Dress Gaun Wanita Basic Dress Korean Fashion,Rp109.000,109000.0
dress,Love Bonito - Dress Wanita - Sitti Belted A-Line Mini Dress - White,Rp839.000,839000.0
dress,Love Bonito - Dress Wanita - Sitti Belted A-Line Mini Dress - Heart Red,Rp839.000,839000.0
dress,Minimal Monya Jumpsuit Wanita Casual Warna Beige,Rp197.945,197945.0
dress,FEFA STYLE - EVA OUTER DRESS - GAMIS OUTER WANITA,Rp185.000,185000.0
dress,Cardinal Dress Wanita D0264P02H,Rp149.000,149000.0
dress,Minimal Azina Kaftan Wanita Terracota Loose Fit,Rp262.465,262465.0
dress,Connexion Basic Linnen Rami Regular Fit Dress Wanita 123833353,Rp227.400,227400.0
dress,ALTHREE Clothing - AYA Dress Wanita,Rp99.600,99600.0
dress,ALTHREE Clothing - YUNI Dress Brukat Premium Wanita Casual Nyaman,Rp109.200,109200.0
dress,X8 Artika Dress - Terusan wanita,Rp133.269,133269.0
dress,PIRA METROPOLIS OX - ARUNA KC WU120G RB Rak Dapur / Rak Gantung Dapur / Kitchen Set Atas 3 Pintu Kaca dengan Rak Bumbu,Rp762.000,762000.0
dress,Cardinal Dress Wanita D0261P02H,Rp149.000,149000.0
dress,Executive Sleeveless Mini Dress with Button 5-DIKKSG224L030 Navy,Rp279.900,279900.0
dress,This Is April Lexington Dress Gaun Maxi Wanita Tanpa Lengan Casual Blue 700305,Rp349.000,349000.0
dress,Daneen Dress Wanita Yamila Cream 7400385CM,Rp239.000,239000.0
dress,Love Bonito - Dress Wanita - Boat Neck Swing Mini Dress - Berry,Rp839.000,839000.0
dress,ONYCHA - Halter Maxi Dress In Mauve Pink,Rp859.000,859000.0
dress,Polo Dress Wanita Ryusei Polo Dress Miwa Dark Grey,Rp359.000,359000.0
dress,This Is April Vixen Dress Maxi Wanita Tanpa Lengan Tali Adjustable Gaun Pesta Panjang Korean Style Indigo,Rp379.000,379000.0
dress,Chocochips - Aorin Dress / Dress Lunar Collection Motif Floral / Lunar Dress,Rp625.000,625000.0
dress,JEEL BOUTIQUE | NAYAKA DRESS l DRESS BAHAN SATIN BOTEGA | dress lebaran 2023 elegan mewah. Brokat Butik Kombinasi Payet Ceruty,Rp600.000,600000.0
dress,Malika - Janine Dress / Dress Pesta Gaun Kondangan Elegan Hitam Putih Wanita,Rp569.050,569050.0
dress,Geela Official - Clara Vanilla Cream Dress (G.4397) - Dress Wanita,Rp164.970,164970.0
dress,ONYCHA - Halter Maxi Dress In Mauve Pink,Rp859.000,859000.0
dress,[HaloFashion] Aubree Long Dress Bodycon Wanita Baju Midi Dress Rayon Kancing Korean Style,Rp179.800,179800.0
dress,This Is April Begonia Dress Terusan Old Money Aesthetic Tanpa Lengan Premium Red dan Black,Rp164.500,164500.0
dress,FAME Fashion Dress 9511009 Navy,Rp469.800,469800.0
dress,Giordano National Day Tee Dress Wanita Signature Black,Rp159.000,159000.0
dress,Keira Dress Embroidery Melayu Modern | Dress Melayu | Dress Bordir | Malay Look by Arasa Hijab Cantik Muslim,Rp295.000,295000.0
dress,This Is April Titania Dress Gaun Mini Lengan Puffy Bordir Classic Romantic Chic Black,Rp329.000,329000.0
dress,Claudy Set Dress Kebaya Atasan dan Rok / Dress Kondangan / Dress Pesta Wanita,Rp279.000,279000.0
dress,LTC01 LD qlogo katakana blk long dress ladies,Rp139.000,139000.0
dress,Lyne Halim - Dress Vest Songket DRS-2945,Rp589.900,589900.0
dress,C2W Clothtowear ALT Center Tied Dress Wanita All Size Satin Women's Clothes - 144 ALT,Rp155.900,155900.0
dress,Moria QZ018 Dress Kemeja Putih Leisis /Cotton Shirt Dress/ Dress Korean Style/Dress Casual Kemeja Panjang,Rp59.800,59800.0
dress,This Is April Breezy Dress Striped Atasan Terusan Rajut Midi Wanita Lengan Pendek Casual Stretchy Black 70040000,Rp359.000,359000.0
dress,Chocochips - Adera Dress / Dress Wanita / Dress Mini,Rp199.000,199000.0
dress,Et Cetera Long Sleeve Collared Midi Dress ECRU,Rp359.000,359000.0
dress,[HaloFashion] Nadia Casual Sexy Mini Dress Bodycon Simple Ruffle Sleveless Baju Wanita Fashion Korea,Rp95.000,95000.0
dress,FAME - Dress Wanita Fit & Flare Black - 9511022,Rp249.900,249900.0
dress,Chocochips - Zorelia Dress / Mini Dress Blazer Lengan Pendek Double Breasted,Rp550.000,550000.0
dress,Love Bonito - Dress Wanita - Linh A-line Mini Dress - Cocoa,Rp758.900,758900.0
dress,ADA - Vania Jumpsuit Linen Wanita Soft Materials #0945,Rp199.000,199000.0
dress,Love Bonito - Dress Wanita - BraFree by LB Sheer Fit & Flare Floor Length Dress - Black,Rp1.462.050,1462050.0
dress,Rianty Batik Premium Wanita Dress Furing Nola Noah,Rp398.000,398000.0
dress,Chocochips - Quinrose Dress / Dress Pendek Wanita / Mini Dress Slim Fit / Outfit Casual Elegan,Rp450.000,450000.0
dress,Susana ID [ COD ] Korean Midi Dress Feminine Luxury Chic With Belt D172,Rp250.000,250000.0
dress,FAME - V-Neck Dress Wanita Merah - 9510694,Rp279.900,279900.0
dress,Hush Puppies Dress Wanita Ericka Dark Blue,Rp409.500,409500.0
dress,Hush Puppies Dress Wanita Clara Sage,Rp210.000,210000.0
dress,Moria QZ217 Fairy Floral Dress Korea Style Princess Dress Pantai Vintage Holiday Sweet Casual Midi Puff Summer Bunga Flower U Neck Longsleeve Lengan Panjang Pastel Korea Chic Style Gaun Cantik Manis Motif Retro Rok Panjang Ruffle Gaun Sifon press body,Rp149.800,149800.0
dress,Moria QZ168 Sexy Backless Long Dress Casual Kasual / Korean Style Pakaian Woman Summer Beach Daisy Dress Motif Bunga Party Dress Vintage Wanita Tanktop Dress Panjang / Fashion Perempuan Fesyen Liburan Pantai Beach Gaun Floral Dress Tali Dress Fit and Fla,Rp109.800,109800.0
dress,Hush Puppies Dress Wanita Maynaka Black,Rp409.500,409500.0
dress,Love Bonito - Dress Wanita - Surisa Shoulder Padded Crepe Drape A-line Mini Dress - Ivory,Rp889.000,889000.0
dress,Gaun Casual Sifon Wanita Midi Dress Pesta Lengan Panjang Kekinian M325,Rp166.000,166000.0
dress,Clavina - 2 - Dress Natal Katbol Katun Bolong Embroidery Cotton Korean Style - Bumil - Busui Friendly - JUMBO Big Size,Rp310.000,310000.0
dress,[Halofashion] Aqila Flowy Dress - Rib Knit Maxi Long Dress Bodycon Dress Wanita Lengan Panjang,Rp219.000,219000.0
dress,Hush Puppies Dress Wanita VIZYANA Dark Blue LG28427DBL,Rp409.000,409000.0
dress,Love Bonito - Dress Wanita - Detachable Sash Sweetheart Fit & Flare Midi Dress - Black,Rp1.044.050,1044050.0
dress,Eclaire - Loryn Scuba Dress Normal Grande Bigsize| Dress Pesta Import Gaun Wanita Scuba Tebal Jumbo XXL Bigsize,Rp270.000,270000.0
dress,M231 Tiered Dress Wanita 2913,Rp104.000,104000.0
dress,OCWA DOJA FITTED SLEEVELESS KNIT DRESS BLACK,Rp399.900,399900.0
dress,Minimal Donda Dress Navy Dark,Rp389.940,389940.0
dress,NEW RILLEY - Overall Nana | Over All Terusan Dress Dres Fashion Muslim Wanita,Rp759.000,759000.0
dress,MINIMAL - Malika - Dress Serut Wanita Motif Tenun Bunga - Navy,Rp143.960,143960.0
dress,MINIMAL - Latvia - Gaun Satin Wanita Motif Bandana - Pink,Rp599.950,599950.0
dress,Lunangoofficial Midi Dress Terbaru Wanita Dewasa Lg.862 Bordir Kancing Katun Muslim,Rp179.000,179000.0
dress,C2W Clothtowear Dress Multiways Wanita All Size SILK Women's Clothes 662-YSY,Rp222.850,222850.0
dress,This Is April Sonni Dress Terusan Pendek Saku Aktif Casual Rapi Nyaman Maroon,Rp124.500,124500.0
dress,Nevada CombinationMaxi Dress Wanita 123297148,Rp181.600,181600.0
dress,Chocochips - Yeppo Dress / Dress Wanita,Rp199.000,199000.0
dress,Wacoal Innerwear Dress - Tanktop IN 5203,Rp225.000,225000.0
dress,Barli Asmara Lena Casual Midi Dress in Grey,Rp449.000,449000.0
dress,HijabChic Estelle Dress - Dress Wanita Satin Premium Motif Floral Modern Elegan,Rp779.000,779000.0
dress,Ryusei Polo Dress Sachi Maroon,Rp279.000,279000.0
dress,White Mode Badriah Blue Dresses,Rp131.572,131572.0
dress,"Lyne Halim – Semi Blazer Layered Midi Dress, Hitam DRS-3400",Rp695.920,695920.0
dress,Eve Baju Pesta Big Size Baju Dress Jumbo Wanita Hyget Premium FDD030,Rp123.690,123690.0
dress,Malika Sabel Dress / Pakaian Wanita,Rp559.550,559550.0
dress,Jumpsuit Gisela Jumpsuit Wanita Gaya Korea Terusan Jamsuit Ala Korean,Rp99.900,99900.0
dress,COLORBOX Ric Rac Details Strap Mini Dress I-DDWKEY225G110 Off White,Rp129.950,129950.0
dress,*Ready Stok* SISTER'S - Dress Brukat Kombi Kaos C1524 (CAP),Rp814.000,814000.0
dress,Malika - Janine Dress / Dress Pesta Gaun Kondangan Elegan Hitam Putih Wanita,Rp569.050,569050.0
dress,Chocochips - Melora Dress / Dress Wanita / Dress Salur Wanita / Dress Garis Wanita,Rp199.000,199000.0
dress,Laskala x IVOR Damar Dress Slit Batik Hitam,Rp449.000,449000.0
dress,[HaloFashion] Nadia Casual Sexy Mini Dress Bodycon Simple Ruffle Sleveless Baju Wanita Fashion Korea,Rp95.000,95000.0
dress,Alunicorn - Indirha Dress - Dress Plisket Mom's- Dress Lebaran Motif Bunga,Rp557.650,557650.0
dress,*Ready Stok* SISTER'S - Dress Brukat Kombi Kaos C1524 (CAP),Rp814.000,814000.0
dress,[MEIN] [NEW SERIES] Mini Dress A-Line Hitam Aksen Trim 7286,Rp319.900,319900.0
dress,Malika Mae Dress / Gaun Wanita Kondangan,Rp743.820,743820.0
dress,Moria QZ216 Mini Dress Long Sleeve Bodycon Hoodie Celah Midi Dress Fit Bodycon Sexy Solid Color Dress Woman Bodycon Dress Gaun Lengan Panjang Kerah Bawahan Pinggang Baru Temperamen Ramping Rok Pendek Pelukan Pinggul Seksi Gaun Off-Shoulder Yang Modis,Rp119.800,119800.0
dress,SSST x Executive Roleplay Coverall,Rp755.100,755100.0
dress,FAME - Overall Wanita Hitam - 9520017,Rp249.900,249900.0
dress,Rianty Batik Premium Wanita Dress Furing Graceva,Rp449.000,449000.0
dress,Gaun /Dress Midi Pesta Mewah Summer New Celebrity Royal M465,Rp155.000,155000.0
dress,Hardware Clothing Dress Wanita Hardware Tunic With Long Side Slit,Rp180.000,180000.0
dress,HERFIT 8882 Beverly Big size Dress,Rp133.000,133000.0
dress,HERFIT 9210 Dress Lace Slit,Rp145.000,145000.0
dress,Hush Puppies Dress Wanita Everly Black,Rp489.200,489200.0
dress,{RANUM} Gaudi Raya. Maxi Dress Lengan Panjang Casual Wanita Altaria Dress,Rp498.000,498000.0
dress,Malika Blahnik Dress / Gaun Wanita Kondangan,Rp881.020,881020.0
dress,Hush Puppies Dress Wanita BRANDIE Blue LG28158BL,Rp359.500,359500.0
dress,Sukahijab-Dress Imperata Cylindrica-Bahan Maxmara Silk Premium Motif-Dress Panjang Muslim Wanita Dewasa Simple Elegant Mewah Nyaman Wudhu Busui Friendly,Rp319.000,319000.0
dress,【Premium】Gaun Pendek Polos Wanita 7500,Rp79.000,79000.0
dress,[Anniversary Picks] GIRL POWER Gray Fitted Long-Sleeve Jumpsuit Wanita 1466 Handsock Koko - Dare To Be,Rp279.900,279900.0
dress,Geela Official - Seraphina Navy Dress (G.43119) - Dress Wanita,Rp173.970,173970.0
dress,"Baju Panjang ""Flora"" Merah Positif",Rp1.450.000,1450000.0
dress,OE Summer 2025 - Blue Bira Batik Rayon Dress,Rp1.099.000,1099000.0
dress,C2 Vionix Green Set Pieces Dress Wanita,Rp269.900,269900.0
dress,Noir Sur Blanc Jen Dress Knit Yellow,Rp499.000,499000.0
dress,Hush Puppies Dress Wanita VIZYANA Blue LG28427BL,Rp409.000,409000.0
dress,RiaMiranda - Wienny Dress,Rp725.000,725000.0
dress,Eclaire - Noir Dress Normal Grande Bigsize Xtrasize | Dress High Twist Wanita Casual Korea S-M-L-XL-XXL-XXXL,Rp288.000,288000.0
dress,Minimal Veronica Dress Lime Green,Rp161.955,161955.0
dress,Minimal Ashka Dress Wanita Midi Motif Green,Rp206.955,206955.0
dress,Eclaire - Agatha Dress Normal Grande Bigsize | Dress Casual Scuba Premium Korea S-L XL XXL,Rp234.000,234000.0
dress,Eclaire - Lyra Dress Normal Grande Midisize Bigsize Xtrasize | Dress Casual Work Wanita Korea S-L-XL-XXL Jumbo,Rp302.900,302900.0
dress,[ ECLAIRE ] Viona Dress Normal Grande Big Size| Dress Ikat Bigsize Casual Katun S-L XL XXL Jumbo,Rp255.000,255000.0
dress,Hardware Clothing Dress Wanita Hardware Tunic Print Long Sleeve,Rp170.000,170000.0
dress,Cikistore - Hailey Dress,Rp146.000,146000.0
dress,FOREVER SWEET Dress Midi Jennie Dress Wanita,Rp130.650,130650.0
dress,Minimal Yirma Dress Wanita Warna Mustard Gold,Rp161.955,161955.0
dress,Lubov Navy White Dress 74081T2NW - Bodytalk,Rp319.000,319000.0
dress,White Mode Bintang Dresses,Rp125.972,125972.0
dress,White Mode Sadiya Dresses - Pakaian Gamis Wanita Elegan,Rp399.900,399900.0
dress,Elevation Mask Sleeves Dark Pink Floral,Rp435.000,435000.0
dress,Peach Poppy BELVIE Set - One Set Setelan Wanita Top With Mini Skort Korean Fashion Style,Rp189.000,189000.0
dress,Malika Kenya Dress / Pakaian Wanita,Rp664.050,664050.0
dress,Malika Mona Dress / Pakaian Wanita,Rp654.550,654550.0
dress,MALIKA X POSU Madden Dress,Rp759.050,759050.0
dress,Miss Nomi Hera Vol 4 Dress A Line Kondangan Cantik Bridesmaid Lamaran Bahan Brokat Premium Nyaman Dipakai,Rp315.000,315000.0
dress,LTF11 long dress kaos t shirt wanita tokyo katakana navy,Rp139.000,139000.0
dress,LTF46 long dress kaos casual instacool LD live laugh love hitam,Rp139.000,139000.0
dress,LTE81 ld kaos oversize dress wanita positive vibes earth navy,Rp139.000,139000.0
dress,Yoenik Apparel Wojin V-neck Dress Vest Bordir Bunga Korean Look Kekinian Maroon,Rp82.500,82500.0
dress,*Ready Stok* N2 - Dress Katun 28434,Rp778.000,778000.0
dress,*Ready Stok* SISTER'S - Dress Brukat Kombi Kaos C1482 (CAP),Rp763.000,763000.0
dress,*Ready Stok* N2 - Dress Full Brukat 28549,Rp875.000,875000.0
dress,Moria QZ122 Dress Panjang Wanita Gaun Wanita Longdress Korean Style Floral Vintage Midi Dress Span Bodycon Sexy Spageti Tali Pantai Pesta Rosy Dress with Cowl Neck Bunga - Dress Casual Kasual/ Summer Party Dress Sexy Seksi / Picnic Piknik Formal Mini,Rp69.800,69800.0
dress,EIGER X WOMEN KADASSA MAXI PINAFORE DRESS,Rp293.300,293300.0
dress,Malika Loana Dress / Dress Wanita Kondangan Mewah,Rp682.950,682950.0
dress,Love Bonito - Dress Wanita - Kimi Contrast Piping Notch A-line Mini Dress - Cream,Rp759.000,759000.0
dress,[EXCLUSIVE HALOFASHION X HDA ] Cherry Casual Bodycon Mini Dress Wanita Rayon,Rp95.000,95000.0
dress,Malika Jaylene Dress / Gaun Wanita Kondangan,Rp685.020,685020.0
dress,Cardinal Dress Slim Fit Wanita D0251P11B,Rp109.000,109000.0
dress,Ryusei Dress Impressive CMB Black,Rp189.000,189000.0
dress,Dress Cardinal Girls G0009P02Z,Rp109.000,109000.0
dress,Malika - Janine Dress / Dress Pesta Gaun Kondangan Elegan Hitam Putih Wanita,Rp569.050,569050.0
dress,Chocochips - Melora Dress / Dress Wanita / Dress Salur Wanita / Dress Garis Wanita,Rp199.000,199000.0
dress,Laskala x IVOR Damar Dress Slit Batik Hitam,Rp449.000,449000.0
dress,[HaloFashion] Nadia Casual Sexy Mini Dress Bodycon Simple Ruffle Sleveless Baju Wanita Fashion Korea,Rp95.000,95000.0
dress,Alunicorn - Indirha Dress - Dress Plisket Mom's- Dress Lebaran Motif Bunga,Rp557.650,557650.0
dress,Hush Puppies Dress Wanita DILNAN Navy LG29122NVY,Rp409.500,409500.0
dress,YESAMALIKA JERSEY DRESS LEKBONG | Dress Gamis Inner Wanita Bahan Jersey Premium Stretch | Size Reguler & Jumbo,Rp139.500,139500.0
dress,FAME - High Neck Dress Wanita Abstract Print - 9510901,Rp249.900,249900.0
dress,This Is April Marquette Dress Midi Denim Wanita Gaya Klasik Timeless Baju Terusan Anggun Elegan Mewah Indigo,Rp339.000,339000.0
dress,Chocochips - Bailee Dress / Dress Cheongsam Wanita / Dress Qipao / Dress Mini,Rp249.000,249000.0
dress,Love Bonito - Dress Wanita - Rani Textured Button Down Mini Dress - Midnight Blue,Rp888.900,888900.0
dress,Shenelin Dress Wanita Prisil - Dress Korean Style Panjang Midi Dress Wanita Premium Nyaman,Rp369.000,369000.0
dress,Oemah Etnik LUNAR 2026- Gold Bira Jacquard Dress,Rp1.149.000,1149000.0
dress,DYD LABEL Kinan Midi Dress Wanita Sematakaki Bahan Rayon Fit to XL Baju Bumil Busui Kancing Depan,Rp179.000,179000.0
dress,Hush Puppies Dress Wanita Kk Shakirat 2 Navy,Rp459.500,459500.0
dress,Moria QZ243 Susana Dress Long Sleevee French Bohemian Style thneed Dress Floral Vintage Baju Pantai Wanita Beach Flowers Dress Press Body Gaun Pesta Daisy knit Dress Tanpa Lengan Motif Bunga Korea Style Lengan Panjang Gaun Bodycon Gaya Cardigan sundress,Rp114.900,114900.0
dress,Long Dress Panjang Santai dan Nyaman Di pakai Khaki Kerah Gamis Retro Coksu Gaun Casual Victorian Vintage M454,Rp152.000,152000.0
dress,HERFIT 7897 fanny dress wedges premium Casual Stretch Wanita Mini Midi Pendek Scuba Hitam Bodycon Baju,Rp123.000,123000.0
dress,FAME - Dress Wanita Print Pale Yellow - 9510931,Rp249.900,249900.0
dress,Urban Exchange Derrys Dress Midi Dress Floral Merah,Rp529.000,529000.0
dress,Baju Kayana Tumbuh,Rp2.600.000,2600000.0
dress,Moria QZ272 Sexy Dress Wanita Lengan Panjang Elegant Maxi Dress Fashion Long Sleeves Waist Fitted Baju Vintage Wanita Gaun Pesta Press Body Simple Dres Pantai Casual Long Dress Santai Panjang Polos Korean Style,Rp89.800,89800.0
dress,Hush Puppies Dress Wanita Everly Camel,Rp489.200,489200.0
dress,Jakarta Selatan,Rp791.010,791010.0
dress,LLACES Clothing - Dress Wanita - Melrose Dress - Maroon,Rp269.970,269970.0
dress,Eclaire - Cherryl Dress Normal Grande Bigsize I Dress Korea Wanita Casual S-L XL XXL Jumbo,Rp285.000,285000.0
dress,Eclaire - Lian Dress Normal Grande Bigsize | Dress Plisket Wanita Casual Korea S-L-XL-XXL Jumbo,Rp217.500,217500.0
dress,[Eclaire x Pocca] - Xena Dress Mom | Baju Dress Couple Mom Kids Ibu Dan Anak Lucu Warna Pastel Basic Dresss,Rp270.000,270000.0
dress,Beatrice Clothing Yuma Knit Dress - Knit Dress Lengan Panjang Korean Style - Pakaian Wanita | Dress Wanita,Rp199.900,199900.0
dress,Eclaire - Aurelle Dress Normal Grande Bigsize Xtrasize | Dress Casual Work Wanita Korea S-L-XL-XXL Jumbo,Rp295.500,295500.0
dress,Minimal Saporo Top Jet Black,Rp161.955,161955.0
dress,Minimal V-Neck Seat Dress R Camel/Pure White,Rp224.955,224955.0
dress,Minimal BB Galena Dress Climbing Ivy Wanita Casual,Rp173.940,173940.0
dress,Minimal Giandra Dress Wanita Warna Red White,Rp239.940,239940.0
dress,MINIMAL - Zhea - Shirt Dress Lengan Pendek Motif Bunga - Green,Rp239.940,239940.0
dress,MINIMAL - Lavoira - Gaun Print Wanita Motif Novelty - Light Green,Rp329.940,329940.0
dress,"Love, Bonito - Dress Wanita - Padded Lace V-Neck Flare Maxi Dress",Rp1.106.100,1106100.0
dress,Connexion V-Neck With Bow Maxi Dress Wanita 123347718,Rp299.900,299900.0
dress,"FOLADY - P288 Dress midi dengan lengan balon pendek serta leher berhias mutiara dan diamond yang membuat tampilan lebih menarik dan modis. Terbuat dari poliester yang adem, halus, lembut, dan nyaman dipakai.",Rp1.358.000,1358000.0
dress,[New Collection] Arielle Dress by Sylmibasic Official,Rp379.000,379000.0
dress,Logo Jeans Dress Aisya Light Blue 74164L8LL,Rp209.000,209000.0
dress,CIKISTORE - Ryabel Dress Wanita Casual Korean | Midi Dress Wanita | Long Dress | Dress wanita Flowy,Rp199.000,199000.0
dress,Evercloth Avery Dress Batik Modern Wanita Gaun Terusan Jumbo,Rp150.000,150000.0
dress,Evercloth Aries / Revi Dress Batik Modern Wanita Gaun Terusan Jumbo,Rp145.000,145000.0
dress,Levi's® Women's Colette Mini Cord Dress (0060M-0002),Rp599.940,599940.0
dress,Malika Rabena Dress / Pakaian Wanita,Rp730.550,730550.0
dress,HERFIT Nicky dress + sleting dress wanita korean style ( dress pendek ),Rp204.000,204000.0
dress,[Anniversary Picks][UPGRADE] Blouse Wanita 2-in-1 Motif Abstrak Monochrome Vest Hitam 2342063ZZ – MEIN,Rp229.900,229900.0
dress,Eclaire - Orchid Dress Normal Grande Midsize Bigsize Xtrasize | Dress Katun Premium Casual Work Wanita Korea S-L-XL-XXL Jumbo,Rp371.800,371800.0
dress,[HaloFashion] Regina Sexy Casual Mini Dress Sleveeless- Gaun Wanita Simple Fashion korea,Rp125.000,125000.0
dress,MINIMAL - Oussa - Dress Lengan Balon Wanita - Black,Rp209.930,209930.0
dress,Simplyrooms Sofia Dress Korean Elegan Motif Garis Panjang Santai Basic Casual,Rp299.000,299000.0
dress,LONGDRES LOWO SIMANIS LD 150 PB 140 rayon tebal pekalongan cantik lembut Terusan Santai Panjang Bumil Motif Pendek Daster Busui Batik,Rp135.000,135000.0
dress,LLACES Clothing - Dress Wanita - Evelyn Dress - Black,Rp314.965,314965.0
dress,[HaloFashion] Yovela Sexy Bodycon Dress Casual Mini Dress Basic Dress Korean Fashion,Rp105.000,105000.0
dress,【Premium】Short Dress Square Neck Sleeveless Cross Strap Slim Bodycon 2789 (S/M/L),Rp49.900,49900.0
dress,Executive Sleeveless Midi Dress with Front Button 5-DDWCAS125A094 Black,Rp98.970,98970.0
dress,Malika Margareth Dress / Pakaian Wanita,Rp521.550,521550.0
dress,【GOTH】 Women's Gothic Black Roses Mini Dress 8554 (S/M/L),Rp339.000,339000.0
dress,Eclaire - Kaela Dress Normal Grande Bigsize Xtrasize | Dress Twill Casual Work Wanita Korea S-L-XL-XXL Jumbo,Rp261.375,261375.0
dress,Zalmore Midi Dress Basic with Slit | LUMA Knit Premium - Dress Wanita Lembut Anti Kusut dan Anti Nerawang,Rp125.900,125900.0
dress,Minimal V-neck Knitted Dress,Rp109.900,109900.0
dress,Minimal Odette Dress Wanita Offwhite Casual,Rp159.960,159960.0
dress,ALTHREE Clothing - ALYA Dress Katun Motif Bunga Wanita Casual Nyaman,Rp129.200,129200.0
dress,[HaloFashion] Catalina Casual Dress Beckless - Square Neck Sleeveless A-line Midi Dress,Rp199.000,199000.0
dress,Chocochips - Aorin Dress / Dress Lunar Collection Motif Floral / Lunar Dress,Rp625.000,625000.0
dress,Alunicorn - Indirha Dress - Dress Plisket Mom's- Dress Lebaran Motif Bunga,Rp557.650,557650.0
dress,Malika - Janine Dress / Dress Pesta Gaun Kondangan Elegan Hitam Putih Wanita,Rp569.050,569050.0
dress,LAICA X PATRICIA Tennis Dress Wanita,Rp664.905,664905.0
dress,Chocochips - Melora Dress / Dress Wanita / Dress Salur Wanita / Dress Garis Wanita,Rp199.000,199000.0
fashion-couple,Jam Tangan Couple Casio MW-240-1E2VDF & MQ-24-1ELDF Analog,Rp482.040,482040.0
fashion-couple,Jam Tangan Couple Alexandre Christie Primo Steel AC 1007 M/LDBIPBASL Black Dial Black Stainless Steel Strap Watches,Rp1.540.000,1540000.0
fashion-couple,ZM Zaskia Mecca - Couple Set 2 Gamis Ibu & Anak | Primadona Series Lilya Senja | Koleksi Ramadan Series,Rp539.100,539100.0
fashion-couple,Jam Tangan Couple Casio M/LTP-V005L-7B Silver Dial Black Leather Strap,Rp700.440,700440.0
fashion-couple,Jam Tangan Couple Casio W-218H-1BVDF & LA-20WH-1BDF Black Digital Resin Original Watches,Rp692.640,692640.0
fashion-couple,Jonas Jasmin - Jam Tangan Couple Analog JJ-3108M/JJ-3108L Watches Include Box Fullset Stainless,Rp167.400,167400.0
fashion-couple,Kaos Croptop Oversize - Kaos Distro Unisex - Kaos Atasan Oblong Cotton Combed 24s - VARIAN BLACK LAGON,Rp45.900,45900.0
fashion-couple,CASIO MW-240-4BVDF & MQ-71-4BDF Jam Tangan Analog Couple / Pasangan,Rp556.920,556920.0
fashion-couple,Jam Tangan Couple Casio MTP-V006GL-7BUDF x LTP-V006GL-7BUDF Watches,Rp918.840,918840.0
fashion-couple,Jam Tangan Couple Casio M/LTP-V004L-7A Silver Dial Black Leather Band,Rp778.440,778440.0
fashion-couple,Jam Tangan Bergaya Cincin Jam Tangan Cincin Digital Emas Jam Tangan Retro Cincin Mini Cincin Pria Dan Wanita Yang Elegan Jam Cincin Impor Retro,Rp47.433,47433.0
fashion-couple,Jam Tangan Couple Alexandre Christie Primo Steel AC 1040 BSSSL Couple Silver Dial Stainless Steel Strap,Rp1.288.000,1288000.0
fashion-couple,"GOHUOS Jam Tangan Couple Original – Stainless Steel, Tahan Air, Kalender Ganda, Fashion Quartz Watches",Rp285.463,285463.0
fashion-couple,"Kaos Couple Pasangan Terbaru Oversize Bahan Tebal Scubalux ""Only He"" Putih MTU26 Hitam MTU27 Navy MTU28 Maroon MTU29",Rp135.000,135000.0
fashion-couple,Jam Tangan Couple Casio MRW-200H-1BVDF x LRW-200H-1BVDF Analog,Rp840.840,840840.0
fashion-couple,Jam Tangan Couple Seiko SRPH92K1 & SUR636P1 Original Stainless,Rp7.720.000,7720000.0
fashion-couple,Jam Tangan Couple Casio MTP-V004L-7AUDF x LTP-V004L-7AUDF,Rp837.020,837020.0
fashion-couple,Jam Tangan Couple Casio M/LTP-V004D-1B2 Black Dial Stainless Steel Strap,Rp918.840,918840.0
fashion-couple,BATIK TRUSMI Set Couple Blouse Batik dan Kemeja Batik Liris ULR Biru BUL Katun Motif,Rp149.000,149000.0
fashion-couple,Jam Tangan Couple Casio MTP-V006L-7BUDF x LTP-V006L-7BUDF,Rp833.220,833220.0
fashion-couple,BATIK TRUSMI Set Couple Blouse Batik dan Kemeja Batik CCNG BUL Cocok Untuk Seragaman Katun Kombinasi Motif Sarimbit,Rp149.000,149000.0
fashion-couple,Jam Tangan Couple Casio General LTP-VT01G-7BUDF_MTP-VT01G-7BUDF White Dial Gold Stainless Steel Band,Rp1.099.000,1099000.0
fashion-couple,Jam Tangan Couple Christophe Arden Classic Steel CA 2003 M/LDLSSSLBO White Dial Brown Leather Strap Watches,Rp720.000,720000.0
fashion-couple,Jam Tangan Alexandre Christie AC 1007 MDBSSSL & AC 1007 LDBSSSL Stainless Steel,Rp825.000,825000.0
fashion-couple,Jam Tangan Alexandre Christie AC 1017 MD & AC 1017 LD Leather Strap,Rp675.000,675000.0
fashion-couple,ZM Zaskia Mecca - Couple Set Kemeja Koko Ayah & Anak | Primadona Series Lilya Senja | Koleksi Ramadan Series,Rp314.100,314100.0
fashion-couple,ZM Zaskia Mecca - Couple Set Blouse & Kemeja Anak | Monogram Series Rupa | Koleksi Ramadhan Series,Rp335.300,335300.0
fashion-couple,GOHUOS Jam Tangan Couple Mewah Bentuk Kotak Berkualitas Tinggi untuk Pria & Wanita Bahan Stainless Steel Merek Original Tahan Air Free Gift,Rp295.082,295082.0
fashion-couple,Jam Tangan Couple Alba AJ6176 & AH7BM6 Dual Tone Stainless Steel,Rp1.180.900,1180900.0
fashion-couple,CASIO MTP-VT01D-2B2UDF & LTP-VT01D-2B2UDF Jam Tangan Couple / Pasangan,Rp1.243.720,1243720.0
fashion-couple,CASIO MTP-V002G-7B2UDF & LTP-V002G-7B2UDF - Jam Tangan Couple,Rp1.379.720,1379720.0
fashion-couple,Jam Tangan Couple G-Shock DW-5600BB-1DR x GMD-S5610BB-1DR Watches,Rp3.454.200,3454200.0
fashion-couple,Kab. Bekasi,Rp129.000,129000.0
fashion-couple,Casio Jam Tangan Couple G-Shock GM-5600LC-7DR & Baby-G GM-S5600LC-7DR Digital,Rp5.178.600,5178600.0
fashion-couple,Hi VABA Oversized Love Couple Tshirt | Kaos Streetwear Unisex Tee Combed Wanita Pendek Baju Panjang Pasangan,Rp105.000,105000.0
fashion-couple,ALBA Jam Tangan COUPLE AS9S24 & AH7CG2 Quartz Hitam Watch,Rp1.154.900,1154900.0
fashion-couple,Jam Tangan Couple Casio MTP-VT01D-1BUDF x LTP-VT01D-1BUDF,Rp1.128.650,1128650.0
fashion-couple,Jam tangan Casio Couple MTP V004L 2BUDF & LTP V004L 2BUDF Dealer Casio Official Store,Rp778.440,778440.0
fashion-couple,Jam Tangan Couple Casio MTP-V004D-2BUDF x LTP-V004D-2BUDF,Rp911.650,911650.0
fashion-couple,Jam Tangan Couple Casio MTP-VT01L-2BUDF x LTP-VT01L-2BUDF,Rp1.070.220,1070220.0
fashion-couple,CASIO MW-240-1BVDF & MQ-71-1BDF Jam Tangan Analog Couple / Pasangan,Rp556.920,556920.0
fashion-couple,OLEVS Jam Tangan Couple Pasangan Anti Air Original Kulit Hitam Biru Terbaru 2023 Luxury Chronograph Watch Couple Multifungsi Analog COD,Rp572.000,572000.0
fashion-couple,Jam Tangan Couple Casio MTP-V005L-7BUDF x LTP-V005L-7BUDF,Rp700.440,700440.0
fashion-couple,Fortuner Jam Tangan Analog Couple Water Resistant Clare,Rp307.000,307000.0
fashion-couple,BATIK TRUSMI Set Couple Leslar Outer Lesty dan Jaket Billar Batik Ekslusif Baju Katun Panjang Kombinasi Panjang Kombinasi Wanita Pasangan Simple Tunik,Rp999.000,999000.0
fashion-couple,Jam Tangan Couple Alexandre Christie Classic Steel AC 8684 BBRBA Couple Black Dial Black Stainless Steel Strap,Rp1.875.000,1875000.0
fashion-couple,BIDEN Jam Tangan Couple Anti Air Original Fashion Multifungsi Kalender Luminous Tali Stainless Steel Jam Tangan Pria Jam Tangan YN0584G,Rp230.000,230000.0
fashion-couple,Box Original Mirage Couple,Rp30.000,30000.0
fashion-couple,Jam Tangan Couple Casio MTP-VT01L-7B1UDF x LTP-VT01L-7B1UDF,Rp1.059.240,1059240.0
fashion-couple,BIDEN Jam Tangan Couple Anti Air Original Pasangan Tali Stainless Steel Kemewahan Kasual Wanita+Pria 2 Buah YNS001,Rp312.000,312000.0
fashion-couple,MCE Jam Tangan Couple Fortune & Fortuna Series | Special untuk Hadiah & Kado,Rp469.000,469000.0
fashion-couple,Jam Tangan Couple Casio MTP-V006L-1B2UDF x LTP-V006L-1B2UDF,Rp833.220,833220.0
fashion-couple,Live tiktok BT batik trusmi Baju Dress Baju Dress Katun Motif Muslim Panjang,Rp115.000,115000.0
fashion-couple,Jam Tangan Casio Couple MW-240-1E2VDF & MQ-24-1ELDF Black Analog Garansi 1 Tahun,Rp482.040,482040.0
fashion-couple,Jam Tangan Couple Casio M/LTP-V004D-7B2 Silver Dial Stainless Steel Strap Watches,Rp918.840,918840.0
fashion-couple,CASIO MTP-V004D-7B2UDF & LTP-V004D-7B2UDF Jam Tangan Couple / Pasangan,Rp1.005.720,1005720.0
fashion-couple,Fortuner Jam Tangan Couple Analog Silver Black Water Resistant Ariel,Rp595.000,595000.0
fashion-couple,Jonas Jasmin - Jam Tangan Couple Analog JJ-3113M/L Watch Include Box Fullset,Rp176.700,176700.0
fashion-couple,Jam Tangan Couple Alexandre Christie AC 8708 Original,Rp1.260.000,1260000.0
fashion-couple,Jam Tangan Couple Alexandre Christie Primo Steel AC 1007 LIPBA ACF-1007 AC 1007 AC1007 Couple Black Dial Black Leather Strap,Rp1.298.000,1298000.0
fashion-couple,Jam tangan Casio Couple MTP V004L 2BUDF & LTP V004L 2BUDF Dealer Casio Official Store,Rp778.440,778440.0
fashion-couple,Jam Tangan Couple G-Shock DW-5600BB-1DR x GMD-S5610BB-1DR Watches,Rp3.454.200,3454200.0
fashion-couple,OLEVS Jam Tangan Couple Pasangan Anti Air Original Kulit Hitam Biru Terbaru 2023 Luxury Chronograph Watch Couple Multifungsi Analog COD,Rp572.000,572000.0
fashion-couple,Gelang Salib Pasangan Mi Amor Edisi Hitam (FREE POUCH) (BLACK EDITION),Rp115.000,115000.0
fashion-couple,Jam Tangan Couple Casio General LTP-1308D-1A2VDF_MTP-1308D-1A2VDF LTP-1308D LTP1308D Couple Enticer Black Dial Stainless Steel Band,Rp1.144.000,1144000.0
fashion-couple,Kalung Spara Moissanite Necklace Diamond Look Lamaran Kawin Tunangan,Rp1.133.000,1133000.0
fashion-couple,Jaket Jeans Couple HD Sandwash Black premium The Bery Benaza Bordir Hoodie,Rp420.000,420000.0
fashion-couple,Jam Tangan Couple Casio F-91WS-7DFxLA-20WHS-7ADF,Rp911.040,911040.0
fashion-couple,Jam Tangan Couple Casio M/LTP-V002L-1B3 Black Dial Black Leather Strap,Rp731.640,731640.0
fashion-couple,Jam Tangan couple Casio MTP-V004L-7AUDF & LTP-V004L-7AUDF Dealer Casio Official Store,Rp778.440,778440.0
fashion-couple,Jam Tangan Casio Couple MTP-V002L-2B3UDF & LTP-V002L-2B3UDF Dealer Casio Official Store Woman Man Watches,Rp731.640,731640.0
fashion-couple,Jam Tangan Couple Casio MTP-1314D-1AVDF x LTP-1314D-1AVDF,Rp1.314.650,1314650.0
fashion-couple,ZM Zaskia Mecca - Couple Set Kemeja Pria & Gamis Anak | Monogram Series Rupa | Koleksi Ramadhan Series,Rp311.350,311350.0
fashion-couple,Jam Tangan Couple Casio M/LTP-V002L-7B3 Silver Dial Black/Brown Leather Strap,Rp731.640,731640.0
fashion-couple,Jam Tangan Couple Casio General LTP-1303L-7BVDF_MTP-1303L-7BVDF White Dial Black Leather Band,Rp986.000,986000.0
fashion-couple,CASIO MTP-V004G-1BUDF & LTP-V004G-1BUDF - Jam Tangan Couple - Original,Rp1.413.720,1413720.0
fashion-couple,CASIO MTP-V002L-7B3UDF & LTP-V002L-7BUDF Jam Tangan Couple / Pasangan,Rp801.720,801720.0
fashion-couple,Jam Tangan Couple Casio G-Shock LOV-21B-7DR LOV-21B LOV21B Presents Lovers Collection Digital Dial White Resin Band,Rp3.503.000,3503000.0
fashion-couple,CASIO MTP-V002D-7B3UDF & LTP-V002D-7B3UDF - Jam Tangan Couple Original,Rp971.720,971720.0
fashion-couple,BATIK TRUSMI Set Couple Dress Batik Wanita dan Kemeja Batik Laki-Laki IKN Navy Baju Gamis Katun Panjang,Rp199.000,199000.0
fashion-couple,Jam Tangan Couple Casio MTP-V002L-7B3UDF x LTP-V002L-7B3UDF,Rp738.420,738420.0
fashion-couple,Casio Jam Tangan Couple MTP VT01L 1BUDF dan LTP VT01L 1BUDF Original Bergaransi Watches,Rp1.059.240,1059240.0
fashion-couple,BORCH & CO. Gelang Couple Genuine Leather - Nappa Butterfly Black Silver,Rp2.599.000,2599000.0
fashion-couple,Jam Tangan Couple Casio General LTP-1215A-7ADF_MTP-1215A-7ADF LTP-1215A LTP1215A Enticer Couple Silver Dial Stainless Steel Band,Rp938.000,938000.0
fashion-couple,Jam Tangan Couple Alexandre Christie Classic Steel AC 8679 BIPBA Couple Black Dial Black Stainless Steel Strap,Rp1.856.000,1856000.0
fashion-couple,ALBA Jam Tangan COUPLE AS9C20 & AH7L74 Quartz Stainless Steel Silver Watch,Rp1.365.900,1365900.0
fashion-couple,Jam Tangan Alexandre Christie Primo Style AC 1008 MD & AC 1008 LD Stainless Steel,Rp790.000,790000.0
fashion-couple,Jam Tangan Couple Casio MTP-V004D-1B2UDF x LTP-V004D-1B2UDF,Rp928.020,928020.0
fashion-couple,"Kaos Couple Pasangan Oversize Bahan Tebal Scubalux ""He's Mine"" Putih MTU17 Navy MTU19 Maroon MTU21",Rp185.000,185000.0
fashion-couple,Jam Tangan Couple Casio MTP-1314D-1AVDF x LTP-1314D-1AVDF,Rp1.314.650,1314650.0
fashion-couple,Jam Tangan Seiko Couple Dress Watch SUR525P1 x SUR531P1 Sapphire Blue,Rp5.684.900,5684900.0
fashion-couple,CASIO MTP-1183Q-7ADF & LTP-1183Q-7ADF Jam Tangan Couple / Pasangan,Rp1.121.320,1121320.0
fashion-couple,Casio Jam Tangan Couple MTP V004L 1AUDF dan LTP V004L 1AUDF Original Bergaransi,Rp778.440,778440.0
fashion-couple,Jam Tangan Couple Casio W-218H-3AVDFxW-218HC-8AVDF,Rp747.240,747240.0
fashion-couple,ZM Zaskia Mecca - Couple Set 1 - Gamis & Kemeja Pria - Jejak Teduh Series Ruma - Koleksi Ramadhan Series,Rp509.150,509150.0
fashion-couple,BIDEN Jam Tangan Couple Anti Air Kuarsa Klasik Mode Tali Kulit Jam Pria+Jam Wanita YN2031G,Rp316.000,316000.0
fashion-couple,Jam Tangan Couple Casio MTP-V002L-7B3UDF x LTP-V002L-7B3UDF,Rp731.640,731640.0
fashion-couple,Jam Tangan Couple G-SHOCK GM-5600-1DRxGM-S5600-1DR,Rp5.136.600,5136600.0
fashion-couple,Jam Tangan Couple Casio MTP-1314L-8AVDF x LTP-1314L-8AVDF,Rp1.206.150,1206150.0
fashion-couple,Jam Tangan Couple Pria Wanita Alba ARX112 & ARX132 Stainless Steel,Rp1.032.900,1032900.0
fashion-couple,Casio Jam Tangan Couple MTP V004D 7B2UDF dan LTP V004D 7B2UDF Original Bergaransi Watches Man Woman,Rp918.840,918840.0
fashion-couple,CASIO MTP-V002L-2B3UDF & LTP-V002L-2B3UDF Jam Tangan Couple / Pasangan,Rp801.720,801720.0
fashion-couple,Grateful - Paar Bracelet (Gelang Couple black/hitam) FREE UKIR 2 SISI & FREE POUCH) STAINLESS STEEL ANTI KARAT,Rp205.000,205000.0
fashion-couple,Jam Tangan Couple Casio M/LTP-V004L-7A Silver Dial Black Leather Band Watches,Rp778.440,778440.0
fashion-couple,Jam Tangan Couple Seiko 50th Anniversary Quartz SXDH04P1 & SGEH92P1 Original,Rp4.758.900,4758900.0
fashion-couple,Jam Tangan SEIKO CLASSIC SWR104P1 & SWR108P1 Tank Leather Strap,Rp3.690.000,3690000.0
fashion-couple,Jam Tangan Couple Casio General LTP-V300D-1A2UDF_MTP-V300D-1A2UDF LTP-V300D LTPV300D Couple Black Dial Stainless Steel Band,Rp1.491.000,1491000.0
fashion-couple,Bonia BNB10553-1697S / 3697S Couple - Rantai Stainless - Sapphire,Rp4.544.000,4544000.0
fashion-couple,Fortuner Jam Tangan Couple Analog Quartz Water Resistant Rantai Pasir Milanese Elois,Rp435.000,435000.0
fashion-couple,Jam Tangan Couple Casio MTP-1302DD-5AVDF x LTP-1302DD-5AVDF Stainless Watches,Rp1.838.000,1838000.0
fashion-couple,Jam Tangan Couple Casio MTP-V006D-7BUDF x LTP-V006D-7BUDF,Rp918.840,918840.0
fashion-couple,Jam Tangan Couple Casio MTP-VT01D-1BUDF x LTP-VT01D-1BUDF,Rp1.137.240,1137240.0
fashion-couple,Fortuner Jam Tangan Couple Analog Quartz Kulit Tahan Air Xandy,Rp219.000,219000.0
fashion-couple,Fortuner Jam Tangan Couple Analog Quartz Water Resistant Rantai Larson,Rp536.000,536000.0
fashion-couple,[New Arrival] Elzatta Baju Sarimbit Al-Sahaba Grey,Rp259.000,259000.0
fashion-couple,Jam Tangan Couple Alexandre Christie Primo Steel AC 1007 M/LDBIPBA Black Dial Black Stainless Steel Strap Watches,Rp1.575.000,1575000.0
fashion-couple,CARDIFF Jam Tangan Couple Analog 7603 Water Resist Anti Karat Stainless Steel Diameter 38mm & 34mm Garansi 1 Tahun Pria Wanita Elegant Design H 7603 Silver HTM,Rp364.000,364000.0
fashion-couple,Jam Tangan Couple Alba ARX121X1 / ARX139X1 Black Dial Black Leather Strap Watches,Rp864.000,864000.0
fashion-couple,CASIO MTP-V004L-7AUDF & LTP-V004L-7AUDF Jam Tangan Couple / Pasangan,Rp849.320,849320.0
fashion-couple,CASIO MTP-1314D-1AVDF & LTP-1314D-1AVDF Jam Tangan Couple / Pasangan,Rp1.447.720,1447720.0
fashion-couple,CASIO MTP-V004D-1B2UDF & LTP-V004D-1B2UDF Jam Tangan Couple / Pasangan,Rp1.005.720,1005720.0
fashion-couple,Jam Tangan Couple Casio General LTP-VT01D-1BUDF_MTP-VT01D-1BUDF LTP-VT01D LTPVT01D Couple Black Dial Stainless Steel Band,Rp1.034.000,1034000.0
fashion-couple,Jam Tangan Couple Alexandre Christie Primo Steel AC 1014 M/LDLRGDG Black Dial Black Leather Strap,Rp1.372.000,1372000.0
fashion-couple,Jam Tangan Casio Couple LTP-V005L-1B & MTP-V005L-1B Dealer Casio Official Store Woman Man Watches,Rp700.440,700440.0
fashion-couple,Vinnatsu Jam Tangan Bergaya Cincin Jam Tangan Cincin Digital Emas Jam Tangan Retro Cincin Mini Cincin Pria Dan Wanita Yang Elegan Jam Cincin Impor Retro,Rp47.433,47433.0
fashion-couple,Jam tangan Casio Couple MTP V004L 2BUDF & LTP V004L 2BUDF Dealer Casio Official Store,Rp778.440,778440.0
fashion-couple,Jam Tangan Couple G-Shock DW-5600BB-1DR x GMD-S5610BB-1DR Watches,Rp3.454.200,3454200.0
fashion-couple,OLEVS Jam Tangan Couple Pasangan Anti Air Original Kulit Hitam Biru Terbaru 2023 Luxury Chronograph Watch Couple Multifungsi Analog COD,Rp572.000,572000.0
fashion-couple,Gelang Salib Pasangan Mi Amor Edisi Hitam (FREE POUCH) (BLACK EDITION),Rp115.000,115000.0
fashion-couple,Jam Tangan Couple Casio General LTP-1308D-1A2VDF_MTP-1308D-1A2VDF LTP-1308D LTP1308D Couple Enticer Black Dial Stainless Steel Band,Rp1.144.000,1144000.0
fashion-couple,Kab. Tangerang,Rp288.000,288000.0
fashion-couple,Jam Tangan Couple Casio MTP-V300D-1AUDF x LTP-V300D-1AUDF,Rp1.667.640,1667640.0
fashion-couple,Jam tangan Couple Casio Analog MTP-VT03D-7BDFxLTP-VT03D-7BDF,Rp1.262.040,1262040.0
fashion-couple,Jam tangan couple Casio MTP-V004GL-9AUDF & LTP-V004GL-9AUDF Dealer Casio Official Store Woman Man Watches,Rp825.240,825240.0
fashion-couple,Jam Tangan Couple Casio M/LTP-V006GL-7B White Dial Brown Leather Band,Rp918.840,918840.0
fashion-couple,PhiLipe Ricci,Rp299.000,299000.0
fashion-couple,WELLEN PRINT - Cetak Kaos Valentines Day / Print Sablon Baju Couple Sablon DTF Bahan Cotton Combed Hadiah Hari Kasih Sayang Desain Unik Exclusive,Rp71.000,71000.0
fashion-couple,CASIO MQ-27-1BDF & LQ-142-1BDF Jam Tangan Analog Couple / Pasangan,Rp441.320,441320.0
fashion-couple,Jonas Jasmin - Jam Tangan Couple Analog JJ-3105M/L Watch Include Box Fullset,Rp167.400,167400.0
fashion-couple,Jam Tangan Couple Seiko 50th Anniversary Quartz SXDH04P1 & SGEH92P1,Rp4.758.900,4758900.0
fashion-couple,Kalung Tridatu Batu Mulia Giok Hijau Mata 1 asli khas Bali,Rp17.500,17500.0
fashion-couple,BIDEN Jam Tangan Couple Anti Air Kuarsa Klasik Mode Tali Kulit Jam Pria+Jam Wanita YN2031G,Rp316.000,316000.0
fashion-couple,Fortuner Arloji Couple Jam Tangan Analog Quartz Tahan Air Water Resistant Rantai Stainless Celestial Hitam,Rp453.000,453000.0
fashion-couple,Jam Tangan Couple Casio G-Shock GM-2100-1A/GM-S2100MF-1A Digital Analog Dial Black/Grey Resin Band,Rp6.487.600,6487600.0
fashion-couple,Jam Tangan Couple Alba AJ6182 & AH7BN2 Dual Tone Stainless Steel,Rp1.154.900,1154900.0
fashion-couple,Jam Tangan Pria Wanita Bisa Couple Analog Stainless Steel CURREN 9090,Rp213.725,213725.0
fashion-couple,Casio Couple MTP-VT01D-1BUDF LTP-VT01D-1BUDF MTPVT01D LTPVT01D Watches,Rp1.137.240,1137240.0
fashion-couple,BATIK TRUSMI Set Couple Viscose Mega Mendung Kombinasi Hijau Atasan Baju Motif Panjang Bawahan Lilit,Rp435.000,435000.0
fashion-couple,ZM Zaskia Mecca - Couple Set Gamis & Kemeja Koko Pria | Primadona Series Lilya Senja | Koleksi Ramadan Series,Rp539.100,539100.0
fashion-couple,"Aouke couple's quartz watches, Women's Quartz Watch,simple markers, small round dial, genuine leather strap, casual wristwatch, analog watch.",Rp99.999,99999.0
fashion-couple,Jam Tangan Couple Alexandre Christie Classic Steel AC 8681 BURBU Couple Blue Dial Blue Stainless Steel Strap,Rp2.004.000,2004000.0
fashion-couple,Jam Tangan Couple Casio General LTP-1308SG-7AVDF_MTP-1308SG-7AVDF LTP-1308SG LTP1308SG Silver Dial Dual Tone Stainless Steel Band,Rp1.731.000,1731000.0
fashion-couple,Casio G-Shock GA-2100-1A1DR & GMA-S2100-1ADR Jam Tangan Couple GA2100,Rp3.875.320,3875320.0
fashion-couple,Jam Tangan Couple Casio MTP-V004GL-9AUDF x LTP-V004GL-9AUDF,Rp825.240,825240.0
fashion-couple,Jam Tangan Couple Casio MTP-1302DD-9AVDF x LTP-1302DD-4A2VDF Watches Stainless,Rp1.838.000,1838000.0
fashion-couple,Orora Kaos Wanita Korea Couple Cats- Baju Atasan Sablon Pria Wanita Warna Hitam Putih Ukuran S M L XL XXL XXXL ORKL 20,Rp120.000,120000.0
fashion-couple,Jam Tangan Couple Casio M/LTP-V004L-1A Black Dial Black Leather Band,Rp778.440,778440.0
fashion-couple,Fortuner Jam Tangan Couple Analog Stainless Tahan Air Rantai Leya,Rp536.000,536000.0
fashion-couple,Fortuner Jam Tangan Couple Analog Quartz Tahan Air Rantai Pasir Avery,Rp380.000,380000.0
fashion-couple,"Kaos Couple Pasangan Oversize Bahan Tebal Scubalux ""She's Mine"" Putih MTU16 Navy MTU18 Maroon MTU20",Rp185.000,185000.0
fashion-couple,Jam Tangan Couple Charles Delon 8114 RP untuk Wanita dan Pria Anti Air dengan Rantai - Box Asli,Rp120.000,120000.0
fashion-couple,charm couple valentine liontin pasangan liontin couple love charm key,Rp12.000,12000.0
fashion-couple,CASIO MTP-V004GL-9AUDF & LTP-V004GL-9AUDF Jam Tangan Couple / Pasangan,Rp903.720,903720.0
fashion-couple,Jam Tangan Couple Casio M/LTP-V005D-1B Black Dial Stainless Steel Strap,Rp794.040,794040.0
fashion-couple,CASIO MW-240-2BVDF & MQ-71-2BDF Jam Tangan Analog Couple / Pasangan,Rp556.920,556920.0
fashion-couple,Jam Tangan Couple Casio MTP-V002L-2B3UDF x LTP-V002L-2B3UDF,Rp725.650,725650.0
fashion-couple,Jam Tangan Couple Casio MTP-VT01L-1BUDF x LTP-VT01L-1BUDF,Rp1.070.220,1070220.0
fashion-couple,KAOSBRO - Kaos Couple Dino Hungry - Premium Katun Combed 30s Kain Baju Wanita Pasangan Distro,Rp72.413,72413.0
fashion-couple,CARTEXBLANCHE - Myboygirl Couple Edition Jaket Hoodie Jumper Bordir Unisex Pria - Wanita Size M - XXL,Rp194.400,194400.0
fashion-couple,Jam Tangan Couple Seiko SUR446P1/SUR454P1 Discover More Silver Dial Dual Tone Stainless Steel Strap,Rp7.470.000,7470000.0
fashion-couple,Jam Tangan Couple Casio M/LTP-V004GL-9A Enticer Dial Brown Leather Strap,Rp825.240,825240.0
fashion-couple,CARTEXBLANCHE - Love Couple Edition Jaket Hoodie Jumper Bordir Unisex Pria - Wanita Size M - XXL,Rp194.400,194400.0
fashion-couple,Jam Tangan Couple Casio General LTP-1215A-1ADF_MTP-1215A-1ADF Couple Black Dial Stainless Steel Band,Rp891.000,891000.0
fashion-couple,Jam Tangan Couple Alexandre Christie Primo Steel AC 1031 BBRBA Couple Black Dial Black Stainless Steel Strap,Rp1.540.000,1540000.0
fashion-couple,BATIK TRUSMI Set Couple Atasan Batik Wanita dan Kemeja Batik Laki-Laki Lengan Pendek Motif Mega Mendung Sekai Abu Baju Katun Panjang Hem Keluarga Pasangan Sarimbit Tunik,Rp270.000,270000.0
fashion-couple,Jam Tangan Couple Casio MRW-200H-7BVDF x LRW-200H-7BVDF,Rp840.840,840840.0
fashion-couple,Jam Tangan Couple Casio W-218H-2AVDFxW-218HC-2AVDF,Rp747.240,747240.0
fashion-couple,Jam Tangan Couple Casio W-218H-1AVDFxW-218HC-4A2VDF,Rp747.240,747240.0
fashion-couple,Fortuner Jam Tangan Couple Analog Quartz Rantai Pasir Tahan Air Evelyn,Rp475.000,475000.0
fashion-couple,Jam Tangan Alexandre Christie AC 1007 MD & AC 1007 LD Stainless Steel,Rp660.000,660000.0
fashion-couple,Jam Tangan Couple Pasangan Miragewatch Original Mewah Rosegold 8752,Rp1.430.000,1430000.0
fashion-couple,Jam Tangan Couple Alba AJ6176 & AN8072 Analog Quartz,Rp1.206.900,1206900.0
fashion-couple,Fortuner Jam Tangan Couple Analog Quartz Original Tahan Air Affascinante,Rp475.000,475000.0
fashion-couple,BIDEN Jam Tangan Couple Pasangan Anti Air Kalender Jam Tangan Pria Wanita,Rp316.000,316000.0
fashion-couple,Jam Tangan Couple Casio M/LTP-VT01L-7B1 Silver Dial Black Leather Strap,Rp996.840,996840.0
fashion-couple,"kaos couple keren oversize scuba ""salt-honey"" putih MTU38 MTU41",Rp185.000,185000.0
fashion-couple,ZM Zaskia Mecca - Couple Set Dress Ibu & Anak | Jejak Teduh Arta Pusaka | Koleksi Ramadhan Series,Rp335.200,335200.0
fashion-couple,Jam Tangan Couple Seiko SWR103P1/SWR107P1 White Dial Brown Leather Strap,Rp7.020.000,7020000.0
fashion-couple,Jonas Jasmin - Jam Tangan Couple Analog JJ-3102M/L Watch Include Box Fullset,Rp167.400,167400.0
fashion-couple,Jam Tangan Couple Casio MQ-24-7ELDFxLQ-139BMV-7ELDF,Rp404.040,404040.0
fashion-couple,Gelang Salib Pasangan Mi Amor Edisi Hitam (FREE POUCH) (BLACK EDITION),Rp115.000,115000.0
fashion-couple,Jam Tangan Couple Casio MTP-VT01L-1BUDF x LTP-VT01L-1BUDF,Rp1.070.220,1070220.0
fashion-couple,OLEVS Jam Tangan Couple Pasangan Anti Air Original Kulit Hitam Biru Terbaru 2023 Luxury Chronograph Watch Couple Multifungsi Analog COD,Rp572.000,572000.0
fashion-couple,Jam Tangan Couple Casio MQ-24-7ELDFxLQ-139BMV-7ELDF,Rp404.040,404040.0
fashion-couple,Jam Tangan Couple Casio M/LTP-VT01L-7B1 Silver Dial Black Leather Strap,Rp996.840,996840.0
fashion-couple,LOFOTEN Jam Tangan Couple Pasangan Sapphire Analog 8106 Kombinasi Gold,Rp1.749.000,1749000.0
fashion-couple,Jam Tangan Couple Casio General LTP-1308D-1A2VDF_MTP-1308D-1A2VDF LTP-1308D LTP1308D Couple Enticer Black Dial Stainless Steel Band,Rp1.144.000,1144000.0
fashion-couple,Jam Tangan Couple Casio MQ-24-7ELDFxLQ-139BMV-7ELDF,Rp404.040,404040.0
fashion-couple,Jam Tangan Couple Casio MTP-V004D-7BUDF x LTP-V004D-7BUDF,Rp918.840,918840.0
fashion-couple,Jam Tangan Couple Casio MTP-V006L-7BUDF x LTP-V006L-7BUDF,Rp825.240,825240.0
fashion-couple,ALBA Jam Tangan COUPLE AS9F83 & AG8J19 Quartz Hitam Watch,Rp2.825.900,2825900.0
fashion-couple,LUIGI RICCIO Dress Wanita Khusus Big Size Motif A Line Couple Keluarga New Arrival,Rp241.200,241200.0
fashion-couple,Jam Tangan Couple Alexandre Christie Primo Steel AC 1039 BIPDG Tank Couple Black Dial Black Stainless Steel Strap,Rp1.540.000,1540000.0
fashion-couple,MUTIF Couple Nagita Naseer Navy Beige,Rp360.000,360000.0
fashion-couple,Casio Jam Tangan Couple MTP V002L 7B3UDF dan LTP V002L 7B3UDF Original Bergaransi Watches Woman,Rp731.640,731640.0
fashion-couple,Casio Jam Tangan Couple MTP 1314L 8AVDF dan LTP 1314L 8AVDF Original Bergaransi Watches Woman Man,Rp1.215.240,1215240.0
fashion-couple,Jam Tangan Couple Alba AJ6198X1/AN8094X1 Silver Dial Brown Leather Strap,Rp1.104.900,1104900.0
fashion-couple,Jam Tangan Couple Casio M/LTP-V006L-7B White Dial Black Leather Band,Rp825.240,825240.0
fashion-couple,Jam Tangan Couple Alexandre Christie Primo Steel AC 1007 M/LDBIPBA Black Dial Black Stainless Steel Strap Strap,Rp1.575.000,1575000.0
fashion-couple,Fortuner Jam Tangan Couple Kulit Tahan Air Edisi Natal Micah,Rp497.000,497000.0
fashion-couple,Jam Tangan Couple Seiko Classic SUR533P1_SUR527P1 Dress Olive Green Dial Stainless Steel Strap,Rp6.371.000,6371000.0
fashion-couple,Jam Tangan Couple Alexandre Christie Primo Steel AC 1038 BIPDG Couple Black Dial Black Stainless Steel Strap,Rp1.540.000,1540000.0
fashion-couple,Jam Tangan Couple Casio General LTP-1308D-1BVDF_MTP-1308D-1BVDF LTP-1308D LTP1308D Enticer Couple Black Dial Stainless Steel Band,Rp1.122.000,1122000.0
fashion-couple,"kaos couple keren oversize scuba ""salt-honey"" hitam MTU39 MTU42",Rp185.000,185000.0
fashion-couple,Fortuner Jam Tangan Couple Analog Quartz Fashion Classic Kaca Tahan Air Stainless Cloudy,Rp387.000,387000.0
fashion-couple,Jam tangan Couple Casio Analog MTP-VT04D-1EDFxLTP-VT04D-1ADF,Rp1.262.040,1262040.0
fashion-couple,Casio Jam Tangan Couple MTP V005D 1B dan LTP V005D 1B Original Bergaransi Women Man Watches,Rp794.040,794040.0
fashion-couple,Jam Tangan Couple Casio M/LTP-V005L-7B Silver Dial Black Leather Strap,Rp700.440,700440.0
fashion-couple,Fortuner Jam Tangan Analog Couple Kulit Water Resistant Tristan Stainless Watches,Rp363.000,363000.0
fashion-couple,Jam Tangan Couple Alexandre Christie AC 8693 RIPBABA Couple Sport Black Dial Black Rubber Strap,Rp1.232.000,1232000.0
fashion-couple,Jam Tangan Couple Casio MTP-V004L-7AUDF x LTP-V004L-7AUDF,Rp837.020,837020.0
fashion-couple,Jam Tangan Couple Casio MTP-V004GL-9AUDF x LTP-V004GL-9AUDF,Rp887.420,887420.0
fashion-couple,Jam Tangan Couple Alexandre Christie Classic Steel AC 8684 BURBU Couple Blue Dial Blue Stainless Steel Strap,Rp1.890.000,1890000.0
fashion-couple,CASIO MTP-TW100D-5AVDF & LTP-TW100D-5 Jam Tangan Couple / Pasangan,Rp2.290.920,2290920.0
fashion-couple,CASIO MDV-107D-1A1VDF & MDV-10D-1A1VDF Jam Tangan Couple / Pasangan Analog MDV-107D-1A1 MDV-10D-1A1 MDV-107D MDV10D,Rp3.079.720,3079720.0
fashion-couple,CASIO MTP-V004D-7BUDF & LTP-V004D-7BUDF - Jam Tangan Couple / Pasangan,Rp1.005.720,1005720.0
fashion-couple,Jam Tangan Couple Seiko 5 Sports SRPE60K1 & SRE004K1 Automatic,Rp8.222.900,8222900.0
fashion-couple,Jam Tangan Couple Casio M/LTP-V004GL-9A Enticer Dial Brown Leather Strap,Rp825.240,825240.0
fashion-couple,Casio Jam Tangan Couple MTP V005L 7BUDF dan LTP V005L 7BUDF Original Bergaransi Watches Man Woman,Rp700.440,700440.0
fashion-couple,Jam Tangan Couple Casio M/LTP-V006L-1B2 Black Dial Black Leather Band,Rp825.240,825240.0
fashion-couple,Kaos bro - Kaos Couple Pacman - Premium Katun Combed 30s Kain Baju Pasangan Distro Atasan,Rp72.413,72413.0
fashion-couple,Jam Tangan Couple Casio MTP-V004L-2BUDF x LTP-V004L-2BUDF,Rp778.440,778440.0
fashion-couple,Jam Tangan Couple Casio MTP-B185D-2A2VDFxLTP-V007D-2EUDF,Rp1.613.040,1613040.0
fashion-couple,Fortuner Jam Tangan Analog Quartz Couple Angka Arab Fashion Tahan Air Rantai Stainless Steel Hitam Water Resistant Watch Almas Jarum Kaca,Rp497.000,497000.0
fashion-couple,Jam Tangan Couple Casio General LTP-1314L-8AVDF_MTP-1314L-8AVDF LTP-1314L LTP1314L Couple Enticer Black Dial Black Leather Band,Rp1.073.000,1073000.0
fashion-couple,Jam Tangan Couple Alba AJ6217X1/AN8129X1 Black Dial Black Leather Strap,Rp1.010.940,1010940.0
fashion-couple,Jam Tangan Couple Casio M/LTP-VT01L-1B Black Dial Black Leather Band Watches,Rp1.059.240,1059240.0
fashion-couple,CASIO MTP-V006L-7BUDF & LTP-V006L-7BUDF - Jam Tangan Couple / Pasangan,Rp903.720,903720.0
fashion-couple,Jam Tangan Couple Casio MQ-24B-3BDF x LQ-24B-3BDF,Rp887.640,887640.0
fashion-couple,AGIAO Gelang Kaki Pasangan Perhiasan Kaki Tali Merah Keberuntungan Bel,Rp35.250,35250.0
fashion-couple,OLEVS Jam Tangan Couple Pasangan Anti Air Original Terbaru Mewah 2025 Multifungsi Stainless Steel Fashion Couple Watches Model 2858,Rp570.000,570000.0
fashion-couple,Alexandre Christie AC 8679 Couple Series,Rp1.820.000,1820000.0
fashion-couple,Jam Tangan Seiko Couple Dress Watch SUR533P1 x SUR527P1 Sapphire Olive Original,Rp5.684.900,5684900.0
fashion-couple,Fortuner Jam Tangan Couple Analog Quartz Water Resistant Rantai Bergen,Rp536.000,536000.0
fashion-couple,Casio G-Shock Baby-G Jam Tangan Couple SLV-19B-1DR Waterproof,Rp3.654.790,3654790.0
fashion-couple,Jam Tangan Couple Alba ARX114 & ARX134 Dual Tone Stainless Steel,Rp1.032.900,1032900.0
fashion-couple,Jam Tangan Couple Christophe Arden Classic Steel CA 2003 M/LDLSSSLBO White Dial Brown Leather Strap,Rp720.000,720000.0
fashion-couple,KAOSBRO - Kaos DORAEMON COUPLE - Cotton Combed 24S - Pria dan Wanita - Best Material,Rp72.413,72413.0
fashion-couple,Jam Tangan Couple Casio MTP-V005L-7BUDF x LTP-V005L-7BUDF,Rp706.820,706820.0
fashion-couple,Jam Tangan Couple Casio MTP-V006D-7BUDF x LTP-V006D-7BUDF,Rp928.020,928020.0
fashion-couple,Jam Tangan Couple Casio MTP-VT01L-7B2UDF x LTP-VT01L-7B2UDF,Rp1.070.220,1070220.0
fashion-couple,Jam Tangan Couple Alexandre Christie Primo Steel AC 1014 LRGDG Couple Black Dial Dark Brown Leather Strap,Rp1.372.000,1372000.0
fashion-couple,ALBA Jam Tangan COUPLE AS9S12 & AH7CF0 Quartz Silver Gold Two Tone Watch,Rp1.171.900,1171900.0
fashion-couple,"【003Harga telah diganti, cepat beli】BIDEN Jam Tangan Couple Anti Air Original Pasangan Tali Stainless Steel Kemewahan Kasual Wanita+Pria 2 Buah YNS001",Rp302.000,302000.0
fashion-couple,ZM Zaskia Mecca - Set Couple Dress Ibu dan Anak | Jejak Teduh Edisi Huta | Dress Muslim Wanita,Rp447.200,447200.0
fashion-couple,Gelang Salib Pasangan Mi Amor Edisi Hitam (FREE POUCH) (BLACK EDITION),Rp115.000,115000.0
fashion-couple,Jam Tangan Couple Casio MTP-VT01L-1BUDF x LTP-VT01L-1BUDF,Rp1.070.220,1070220.0
fashion-couple,OLEVS Jam Tangan Couple Pasangan Anti Air Original Kulit Hitam Biru Terbaru 2023 Luxury Chronograph Watch Couple Multifungsi Analog COD,Rp572.000,572000.0
fashion-couple,Jam Tangan Couple Casio MQ-24-7ELDFxLQ-139BMV-7ELDF,Rp404.040,404040.0
fashion-couple,Jam Tangan Couple Casio M/LTP-VT01L-7B1 Silver Dial Black Leather Strap,Rp996.840,996840.0
fashion-couple,Kab. Tangerang,Rp328.320,328320.0
fashion-couple,Isla Danita Hoodie Couple Set - Baju Couple - Pakaian Set Keluarga,Rp149.900,149900.0
fashion-couple,Jam Tangan Casio Couple MTP-V004L-1AUDF & LTP-V004L-1AUDF Dealer Casio Official Store,Rp778.440,778440.0
fashion-couple,Fortuner Jam Tangan Couple Analog Quartz Deluxe Edition Kaca Tahan Air Rantai Pasir Stainless Elyisa,Rp616.000,616000.0
fashion-couple,Kaosbro - kaos Couple Shinchan Cat - Cotton combed 30s - Baju Skena Style Kain Katun Atasan Distro Wanita Pasangan,Rp72.413,72413.0
fashion-couple,ALBA Jam Tangan Couple AS9S62 & AH7CK6 Quartz Stainless Steel Silver Rose Gold Watch,Rp2.069.900,2069900.0
fashion-couple,Jam tangan Couple Casio Analog MTP-VT03L-1BDFxLTP-VT03L-3BDF,Rp1.168.440,1168440.0
fashion-couple,Jam Tangan Couple Casio MTP-1314L-8AVDF x LTP-1314L-8AVDF,Rp1.215.240,1215240.0
fashion-couple,Casio Jam Tangan Couple MTP V004L 7AUDF dan LTP V004L 7AUDF Original Bergaransi Watches Man Woman,Rp778.440,778440.0
fashion-couple,Fortuner Jam Tangan Couple Silver White Analog Quartz Water Resist Rantai Ary,Rp595.000,595000.0
fashion-couple,Jam Tangan Couple Zinvo Automatic Blade Fusion & Blade Essence,Rp10.432.800,10432800.0
fashion-couple,CASIO MTP-V002G-7BUDF & LTP-V002G-7BUDF - Jam Tangan Couple - Original,Rp1.379.720,1379720.0
fashion-couple,Jam Tangan Couple Casio MTP-V006D-7BUDF x LTP-V006D-7BUDF,Rp928.020,928020.0
fashion-couple,Jam Tangan Analog Couple Casio Vintage Tank MTP-B190D-7BVDF & LTP-V007D-7BUDF Original Stainless Steel Strap,Rp1.631.120,1631120.0
fashion-couple,Casio Jam Tangan Couple MRW-200H-7BVDF & LRW-200H-7BVDF Diameter 49.6 mm & 34.2 mm Garansi Resmi Distributor Indonesia,Rp849.020,849020.0
fashion-couple,Jam Tangan Couple Casio M/LTP-V005L-1B Black Dial Black Leather Band,Rp700.440,700440.0
fashion-couple,Jam Tangan Couple Casio MRW-200H-1BVDF x LRW-200H-1BVDF,Rp849.020,849020.0
fashion-couple,Jam Tangan Pria Wanita Analog Tali Stainless Steel SKMEI 2656,Rp184.164,184164.0
fashion-couple,CASIO MTP-V005L-1BUDF & LTP-V005L-1BUDF - Jam Tangan Couple / Pasangan,Rp767.720,767720.0
fashion-couple,BATIK TRUSMI Set Couple Sarimbit Batik Cap Motif Angkin Kemeja Pria dan Outer Kulot Wanita Baju Celana Hem Panjang Setelan Pasangan,Rp429.000,429000.0
fashion-couple,Jam Tangan Couple Casio M/LTP-VT01L-1B Black Dial Black Leather Band,Rp1.059.240,1059240.0
fashion-couple,Fortuner Jam Tangan Couple Analog Quartz Water Resistant Rantai Lauren,Rp465.000,465000.0
fashion-couple,Kab. Tangerang,Rp288.000,288000.0
fashion-couple,BIDEN Jam Tangan Couple Original Kalender Anti Air Mode Santai Kuarsa,Rp316.000,316000.0
fashion-couple,Fortuner Jam Tangan Couple Analog Stainless Steel Tahan Air 50M Rantai Hitam Kaca Quartz Watch Mena Garansi Resmi,Rp536.000,536000.0
fashion-couple,Kalung Couple Pasangan Sweet Stainless Steel KKCSLS,Rp99.000,99000.0
fashion-couple,LOFOTEN Watch - Jam Tangan Couple - Sapphire - F-8105M/L - 8105,Rp1.749.000,1749000.0
fashion-couple,ALBA Jam Tangan COUPLE AG8384 & AH7A22 Quartz Gold Watch,Rp1.214.900,1214900.0
fashion-couple,Jam Tangan Couple Alexandre Christie AC 8697 BSSOR Couple Sapphire Orange Dial Stainless Steel Strap,Rp1.960.000,1960000.0
fashion-couple,Jam Tangan Digital Couple Casio General W-218H-3AVDF x F-91WM-3ADF Original,Rp659.420,659420.0
fashion-couple,Jam Tangan Analog Couple Casio General MQ-24-7ELDF & LQ-139BMV-7ELDF Original Resin Band,Rp406.620,406620.0
fashion-couple,Kaos 3 Dimensi Distro Premium Couple Dance - Baju Atasan Sablon Pria Wanita,Rp120.000,120000.0
fashion-couple,CASIO MTP-V006D-7BUDF & LTP-V006D-7BUDF - Jam Tangan Couple / Pasangan,Rp1.005.720,1005720.0
fashion-couple,Casio G-Shock Baby-G Couple Series SLV-19B-1DR 5600/560 Limited,Rp3.604.300,3604300.0
fashion-couple,ALBA Jam Tangan Couple AL4325 & AG8M41 Quartz Stainless Steel Silver Watch,Rp2.169.900,2169900.0
fashion-couple,Kaos Couple Pria Wanita SETOR TARIK TUNAI -Kain Katun-Lengan Panjang Pasangan,Rp72.413,72413.0
fashion-couple,Jam Tangan Couple Christophe Arden Classic Steel CA 2003 M/LDLSSSL White Dial Black Leather Strap,Rp720.000,720000.0
fashion-couple,Fortuner Jam Tangan Couple Analog Quartz Fashion Rantai Pasir Tahan Air Yara,Rp475.000,475000.0
fashion-couple,Jam tangan couple Casio MTP-V002L-2B3 & LTP-V002L-2B3 Dealer Casio Official Store,Rp731.640,731640.0
fashion-couple,Jam Tangan Couple Casio G-Shock SLV-22A-9ADR SLV-22A SLV22A Honey-themed Summer Lovers Digital Analog Dial Brown Resin Band,Rp4.139.000,4139000.0
fashion-couple,Jam Tangan Couple ARX106 & ARX126 Dual Tone Stainless Quartz Original,Rp1.102.900,1102900.0
fashion-couple,"Gerai Hawa - Baju Muslim Pasangan Suami & Istri (8) / Couple Set/ Baju Couple Kondangan/ Couple Set Terbaru/ Premium Abaya Set Syar'i Bahan Milwaukee & Kemeja Koko Pria Daily, Polos, & Eegant - Couple Set Edition",Rp659.000,659000.0
fashion-couple,Jam Tangan Couple Alexandre Christie Primo Steel AC 1040 BBRBA Couple Black Dial Black Stainless Steel Strap,Rp1.610.000,1610000.0
fashion-couple,Bonia BR192-1032 / 2037 Jam Tangan Couple Rantai Stainless Black Rose BNR192-1032/2037,Rp3.878.730,3878730.0
fashion-couple,BORCH & CO. Gelang Couple Kulit Pria Wanita - Nappa Butterfly Couple Black PVD,Rp3.559.000,3559000.0
fashion-couple,Jam Tangan Casio Couple MTP-V004D-7B2UDF & LTP-V004D-7B2UDF Dealer Casio Official Store Woman Man Watches,Rp918.840,918840.0
fashion-couple,Jam Tangan Kulit Anti Air Charles Delon CDM 8501 untuk Pasangan Couple Quartz - Watches,Rp105.500,105500.0
fashion-couple,Jonas Jasmin - Jam Tangan Couple Analog JJ-3101M/L Watch Include Box Fullset,Rp158.100,158100.0
fashion-couple,Gelang Tridatu Emoji Smile Besar Tahan Air dan Awet,Rp13.000,13000.0
fashion-couple,Jane Frey Clothing 8175 Kemeja Shanghai Panjang Couple Set Baju Setelan Atasan Katun Keluarga,Rp90.000,90000.0
fashion-couple,"Kaos Couple Keluarga Motif Owl dan Rabbit Bahan Katun Combed 30s Kode 231 232 RVJ Store - Panjang, High Baju Atasan Distro Wanita Cewek",Rp30.000,30000.0
fashion-couple,Jam Tangan Couple Casio MTP-V004D-7B2UDF x LTP-V004D-7B2UDF,Rp918.840,918840.0
fashion-couple,Jam Tangan Alexandre Christie AC 1031 MD & AC 1031 LD Stainless Steel,Rp825.000,825000.0
fashion-couple,Jam Tangan Couple Casio MTP-V006L-7BUDF x LTP-V006L-7BUDF,Rp833.220,833220.0
fashion-couple,Casio Jam Tangan Couple MTP-V001L-1BUDF & LTP-V001L-1BVDF Diameter 37mm & 25mm Garansi Resmi Distributor Indonesia,Rp880.650,880650.0
fashion-couple,Casio Jam Tangan Couple MRW-200H-1BVDF & LRW-200H-1BVDF Diameter 49.6mm & 34.2mm Garansi Resmi Distributor Indonesia,Rp849.020,849020.0
fashion-couple,ZM Zaskia Mecca - Couple Set Kemeja Pria & Gamis Wanita | Jejak Teduh Arta Pusaka | Koleksi Ramadhan Series,Rp319.200,319200.0
fashion-couple,Jam Tangan Couple Casio MTP-V005L-1BUDF x LTP-V005L-1BUDF,Rp706.820,706820.0
fashion-couple,Jam Tangan Couple Casio M/LTP-V005D-1B Black Dial Stainless Steel Strap Watches,Rp794.040,794040.0
fashion-couple,Seiko Jam Tangan Couple Series SUR446P1 & SUR354P1 Quartz White Gold Dial Stainless Strap,Rp7.331.900,7331900.0
fashion-couple,Jam tangan Casio Couple MTP V004L 2BUDF & LTP V004L 2BUDF Dealer Casio Official Store,Rp778.440,778440.0
fashion-couple,Gelang Salib Pasangan Mi Amor Edisi Hitam (FREE POUCH) (BLACK EDITION),Rp115.000,115000.0
fashion-couple,Jam Tangan Alexandre Christie AC 1007 MD & AC 1007 LD Stainless Steel,Rp660.000,660000.0
fashion-couple,Jam Tangan Couple Casio MTP-VT01L-1BUDF x LTP-VT01L-1BUDF,Rp1.070.220,1070220.0
fashion-couple,Jam Tangan Couple Casio MQ-24-7ELDFxLQ-139BMV-7ELDF,Rp404.040,404040.0
fashion-couple,Jam Tangan Couple Casio General LTP-V006G-9BUDF_MTP-V006G-9BUDF Light,Rp1.077.000,1077000.0
fashion-couple,Jam Tangan Couple Analog Alexandre Christie AC 8679 Series Stainless,Rp1.820.000,1820000.0
fashion-couple,CASIO MTP-V002D-2B3UDF & LTP-V002D-2B3UDF Jam Tangan Couple / Pasangan,Rp971.720,971720.0
fashion-couple,Jam Tangan Pria Wanita Analog Tali Stainless Steel SKMEI 2655,Rp250.084,250084.0
fashion-couple,Jam Tangan Analog Couple Alexandre Christie AC 8681 Series,Rp1.820.000,1820000.0
fashion-couple,Jam tangan Casio Couple MTP V002L 1B3 & LTP V002L 1B3 Dealer Casio Official Store,Rp731.640,731640.0
fashion-couple,Piyama Ayah Bunda LEZAHRASIGNATURE Setelan Baju Tidur Katun Lengan Pendek Fit BB 85 kg Couple Goals Material Katun Tenzel Size M sd XXL Celana Pinggang Karet Panjang Celana 100 cm,Rp499.000,499000.0
fashion-couple,Jam Tangan Couple Casio General LTP-1314L-7AVDF_MTP-1314L-7AVDF Couple White Dial Dark Brown Leather Band,Rp1.075.000,1075000.0
fashion-couple,OPK Jam Tangan Couple Pasangan Cewe Cowo Branded Ori Murah Anti Air Terbaru 2024 Cod Hitam Kaca Besi Stainless Watches for Men Women,Rp370.000,370000.0
fashion-couple,Jonas Jasmin - Jam Tangan Couple Analog JJ-3120M/JJ-3120L Watch Include Box Fullset,Rp223.200,223200.0
fashion-couple,Jam Tangan Couple Casio MTP-V004L-7AUDF x LTP-V004L-7AUDF,Rp778.440,778440.0
fashion-couple,Jam Tangan Couple Casio MTP-V002L-2B3UDF x LTP-V002L-2B3UDF,Rp750.400,750400.0
fashion-couple,Jam Tangan Couple Casio MTP-VT01L-7B2UDF x LTP-VT01L-7B2UDF,Rp1.059.240,1059240.0
fashion-couple,"【003 Harga telah diganti, cepat beli】Sunlifex Jam Tangan Couple Tanggal Luminous Tali Stainless Steel Jam Tangan Pria/Wanita Original SL3268-2-M+W",Rp230.000,230000.0
fashion-couple,Jam Tangan Couple Seiko SWR103P1/SWR107P1 White Dial Brown Leather Strap,Rp7.020.000,7020000.0
fashion-couple,ALBA Jam Tangan Couple AS9S67 & AH7CK9 Quartz Stainless Steel Silver Watch,Rp1.549.900,1549900.0
fashion-couple,Casio Jam Tangan Couple MTP-V002L-2B3UDF & LTP-V002L-2B3UDF Tahan Air 100M Baterai 3 Tahun Strap Resin Bio Desain Elegan,Rp725.650,725650.0
fashion-couple,Jam Tangan Couple Casio MTP-1183Q-7ADF x LTP-1183Q-7ADF,Rp1.020.150,1020150.0
fashion-couple,CASIO MTP-V006L-1B2UDF & LTP-V006L-1B2UDF Jam Tangan Couple / Pasangan,Rp903.720,903720.0
fashion-couple,"【003Harga telah diganti, cepat beli】Sunlifex Jam Tangan Couple Tanggal Luminous Tali Stainless Steel Jam Tangan Pria/Wanita Original SL3268-2",Rp230.000,230000.0
fashion-couple,Jam Tangan Couple Casio M/LTP-VT01D-1B Black Dial Stainless Steel Band,Rp1.137.240,1137240.0
fashion-couple,CASIO MTP-V004D-1BUDF & LTP-V004D-1BUDF - Jam Tangan Couple / Pasangan,Rp1.005.720,1005720.0
fashion-couple,LOFOTEN Watch Jam Tangan Couple Pasangan Sapphire Analog 8107 Gold,Rp1.749.000,1749000.0
fashion-couple,Maydee Tunik Sora Couple Atasan Tunik Couple Kasual Premium,Rp135.000,135000.0
fashion-couple,CARTEXBLANCHE Bear Couple Hoodie Zipper (Bordir) Pria & Wanita Size M - XXL,Rp105.400,105400.0
fashion-couple,Jam tangan couple Casio MTP-V004GL-9AUDF & LTP-V004GL-9AUDF Dealer Casio Official Store Woman Watches,Rp825.240,825240.0
fashion-couple,Fortuner Jam Tangan Couple Analog Water Resistant Delaney Stainless Watches,Rp382.000,382000.0
fashion-couple,Fortuner Jam Tangan Couple Analog Quartz Original Tahan Air Kulit Wilmott,Rp385.000,385000.0
fashion-couple,Maydee Tunik Luna Couple Atasan Tunik Couple Kasual Premium,Rp172.000,172000.0
fashion-couple,Setelan Baju Tidur Piyama Couple Pasangan Bunda Ayah Fit L- XXL LEZAHRASIGNATURE SET Piama Lengan Panjang PREMIUM KATUN ADEM,Rp499.000,499000.0
fashion-couple,Casio Couple MTP-V006GL-7BUDF & LTP-V006GL-7BUDF Dealer Casio Official Store Watches Woman,Rp918.840,918840.0
fashion-couple,DABEDA ORIGINAL BRAND dapat 2 pcs couple top kemeja outer semi parka couple set korean style kameja oversize pria wanita,Rp183.679,183679.0
fashion-couple,CASIO MTP-1314L-8AVDF & LTP-1314L-8AVDF - Jam Tangan Couple / Pasangan,Rp1.325.320,1325320.0
fashion-couple,ZM Zaskia Mecca - Set Couple Anak | Jejak Teduh Edisi Huta | Kemeja Koko Anak | Dress Muslim Anak,Rp319.200,319200.0
fashion-couple,Jam tangan couple Casio MTP-VT01L-1BUDF & LTP-VT01L-1BUDF Dealer Casio Official Store Woman Man Watches Wanita,Rp1.059.240,1059240.0
fashion-couple,CASIO MTP-VT01L-7B1UDF & LTP-VT01L-7B1UDF Jam Tangan Couple / Pasangan,Rp1.155.320,1155320.0
fashion-couple,ALBA Jam Tangan COUPLE AS9R06 & AH7BP0 Quartz Genuine Leather Hitam Watch,Rp1.102.900,1102900.0
fashion-couple,Bonia BNB10553-1597S / 3597S Couple - Rantai Stainless - Sapphire,Rp4.686.000,4686000.0
fashion-couple,Jam Tangan Couple Alexandre Christie Primo Steel AC 1007 M/LDBBRBASL Black Dial Black Stainless Steel Strap Watches,Rp1.540.000,1540000.0
fashion-couple,Jam Tangan Couple Casio M/LTP-V006L-7B White Dial Black Leather Band,Rp825.240,825240.0
fashion-couple,Casio G-SHOCK SLV-19B-1DR BABY-G - Couple Series,Rp3.604.300,3604300.0
fashion-couple,Jam Tangan Couple Casio MTP-1183Q-7ADF x LTP-1183Q-7ADF,Rp1.028.040,1028040.0
fashion-couple,Jam Tangan Couple Casio MQ-24B-8BDF x LQ-24B-4BDF Watches,Rp887.640,887640.0
fashion-couple,BIDEN Jam tangan Couple Mode Santai Tahan Air Kuarsa jam tangan pria wanita YN0104-G,Rp247.000,247000.0
fashion-couple,Jam Tangan Couple Alexandre Christie Primo Steel AC 1007 M/LDBBRBA Black Dial Black Stainless Steel Strap Watches,Rp1.610.000,1610000.0
fashion-couple,Jam Tangan Couple Casio General LTP-1303D-7AVDF_MTP-1303D-7AVDF Couple Silver Dial Stainless Steel Band,Rp1.069.000,1069000.0
fashion-couple,Jane Frey Clothing 8157 Kemeja Set Couple M-XL Piyama Dewasa Baju Setelan Keluarga,Rp210.000,210000.0
fashion-couple,Jam Tangan Alexandre Christie Primo Style AC 1008 MD & AC 1008 LD Stainless Steel,Rp790.000,790000.0
fashion-couple,Jam Tangan Couple Analog Alexandre Christie AC 8659 Couple Series Stainless Steel,Rp1.750.000,1750000.0
fashion-couple,Jam Tangan Couple Alexandre Christie Primo Steel AC 1040 BIPBA Couple Black Dial Black Stainless Steel Strap,Rp1.610.000,1610000.0
fashion-couple,Fortuner Jam Tangan Couple/Pasangan Analog Angka Arab Rantai Kulit Tahan Air Shadi,Rp308.000,308000.0
fashion-couple,Calderioz - Kemeja Couple Motif Summer Tropis Lengan Pendek Pria Wanita Outfit Liburan Santai | Harga 1pcs,Rp135.000,135000.0
fashion-couple,ZM Zaskia Mecca - Couple Set Gamis & Kemeja Koko Panjang - Jejak Teduh Edisi Huta | Baju Motif Muslim Pasangan,Rp439.200,439200.0
fashion-couple,Jam Tangan Couple Casio General LTP-1303D-7BVDF_MTP-1303D-7BVDF LTP-1303D LTP1303D Couple Analog White Dial Stainless Steel Band,Rp1.036.000,1036000.0
fashion-couple,Jam Tangan Couple Pria Wanita Alba ARX125 & ARX143 Stainless Steel,Rp1.102.900,1102900.0
fashion-couple,Jam Tangan Couple Casio M/LTP-V005L-1B Black Dial Black Leather Band,Rp700.440,700440.0
fashion-couple,Jam Tangan Couple Casio General LTP-V004G-9BUDF_MTP-V004G-9BUDF LTP-V004G LTPV004G Couple Gold Dial Gold Stainless Steel Band,Rp1.126.000,1126000.0
fashion-couple,Jam Tangan Couple Casio M/LTP-V002D-1B3 Black Dial Stainless Steel Strap,Rp887.640,887640.0
fashion-couple,Moria DX005 Kaos Korean Kaos Oversize Couple Kemeja Kaos Unreal A Tshirt By Atrckee Kaos Couple Unisex Korean Style,Rp59.800,59800.0
fashion-couple,Jam Tangan Couple Casio MTP-VT01L-2BUDF x LTP-VT01L-2BUDF,Rp1.059.240,1059240.0
fashion-couple,Jam tangan Casio Couple MTP V004L 2BUDF & LTP V004L 2BUDF Dealer Casio Official Store,Rp778.440,778440.0
fashion-couple,Gelang Salib Pasangan Mi Amor Edisi Hitam (FREE POUCH) (BLACK EDITION),Rp115.000,115000.0
fashion-couple,Jam Tangan Alexandre Christie AC 1007 MD & AC 1007 LD Stainless Steel,Rp660.000,660000.0
fashion-couple,Jam Tangan Couple Casio MTP-VT01L-1BUDF x LTP-VT01L-1BUDF,Rp1.070.220,1070220.0
fashion-couple,Jam Tangan Couple Casio MQ-24-7ELDFxLQ-139BMV-7ELDF,Rp404.040,404040.0
fashion-couple,Jam Tangan Alexandre Christie AC 1019 MD & AC 1019 LD Stainless Steel,Rp825.000,825000.0
fashion-couple,"Kaos Couple Pasangan Oversize Bahan Tebal Scubalux ""He's Mine"" Putih MTU17 Navy MTU19 Maroon MTU21",Rp185.000,185000.0
fashion-couple,Jam Tangan Couple Alexandre Christie Classic Steel AC 8681 BBRBA Couple Black Dial Black Stainless Steel Strap,Rp1.930.000,1930000.0
fashion-couple,CASIO MTP-V006GL-7BUDF & LTP-V006GL-7BUDF Jam Tangan Couple / Pasangan,Rp1.005.720,1005720.0
fashion-couple,Jam Tangan Couple Casio MRW-200H-7BVDF x LRW-200H-7BVDF,Rp849.020,849020.0
fashion-couple,Casio Jam Tangan Couple MTP V004D 1B2 dan LTP V004D 1B2 Original Bergaransi Watches Man Woman,Rp918.840,918840.0
fashion-couple,Fortuner Jam Tangan Couple Analog Quartz Water Resistant Rantai Pasir Milanese Hemingway,Rp475.000,475000.0
fashion-couple,Casio Jam Tangan Couple MTP VT01L 7B2 dan LTP VT01L 7B2 Original Bergaransi Watches Man Woman,Rp1.059.240,1059240.0
fashion-couple,Jam Tangan Couple Seiko SUR312P1 & SUR636P1 Quartz Silver Gold Stainless Original,Rp5.783.900,5783900.0
fashion-couple,Jam Tangan Couple Alexandre Christie Primo AC 1007 M/LDLIPBA Black Dial Black Leather Strap Watches,Rp1.365.000,1365000.0
fashion-couple,Jam Tangan Couple Casio MTP-V002D-7B3UDF x LTP-V002D-7B3UDF,Rp887.640,887640.0
fashion-couple,Jam Tangan Couple Casio MTP-V002D-1B3UDF x LTP-V002D-1B3UDF,Rp887.640,887640.0
fashion-couple,Jonas Jasmin - Jam Tangan Couple Analog JJ-3103M/L Watch Fullset Box,Rp158.100,158100.0
fashion-couple,Rabbani - Gamis Dress Couple Seriza Exclusive,Rp269.080,269080.0
fashion-couple,Rabbani X MOT Dress Couple Diraya Basic,Rp311.880,311880.0
fashion-couple,Jam Tangan Couple Casio MTP-V004D-7BUDF x LTP-V004D-7BUDF,Rp911.650,911650.0
fashion-couple,Jam Tangan Couple Casio MTP-V004D-2BUDF x LTP-V004D-2BUDF,Rp911.650,911650.0
fashion-couple,Casio Jam Tangan Couple MTP-1314D-1AVDF & LTP-1314D-1AVDF Diameter 44.9mm & 33.1mm Garansi Resmi Distributor Indonesia,Rp1.314.650,1314650.0
fashion-couple,Jam Tangan Casio Couple MTP-V006L-1B2UDF & LTP-V006L-1B2UDF Dealer Casio Official Store Watches Woman,Rp825.240,825240.0
fashion-couple,Jam Tangan Couple Casio MTP-V002D-7B3UDF x LTP-V002D-7B3UDF,Rp896.420,896420.0
fashion-couple,Jam Tangan Couple Casio MTP-1314L-8A/LTP-1314L-8A Black Dial Black Leather Strap,Rp1.215.240,1215240.0
fashion-couple,Jam Tangan Casio Couple LTP-V005L-1B & MTP-V005L-1B Dealer Casio Official Store Man Woman Watches,Rp700.440,700440.0
fashion-couple,Jonas Jasmin - Jam Tangan Couple Analog JJ-3119M/JJ-3119L Watch Include Box Fullset,Rp176.700,176700.0
fashion-couple,Jam Tangan Pasangan Charles Delon Sport Tanggal Stainless 9602GC dengan Bonus Kotak,Rp105.500,105500.0
fashion-couple,(Limited Offer) Naisha - Pesona Raya Mauve Series | Couple Set Pasangan | Set Ibu Ayah,Rp299.000,299000.0
fashion-couple,GREET - FAMILY COUPLE SET KIDS UNISEX SALUR PP,Rp184.000,184000.0
fashion-couple,KAOSAYE - Kaos Bucin Couple Custom T-shirt (Pria & Wanita) Lab,Rp68.500,68500.0
fashion-couple,Jonas Jasmin - Jam Tangan Couple Analog JJ-3121M/JJ-3121L Watch Include Box Fullset,Rp223.200,223200.0
fashion-couple,Kalung Love Couple,Rp160.000,160000.0
fashion-couple,Gelang Salib Pasangan Mi Amor Edisi Hitam (FREE POUCH) (BLACK EDITION),Rp115.000,115000.0
fashion-couple,Jam Tangan Couple Casio MTP-V004D-2BUDF x LTP-V004D-2BUDF Watches Stainless,Rp918.840,918840.0
fashion-couple,Fortuner Jam Tangan Couple Analog Water Resistant Rylan,Rp403.000,403000.0
fashion-couple,Jam Tangan Couple Casio M/LTP-V004L-1A Black Dial Black Leather Band,Rp778.440,778440.0
fashion-couple,Jam Tangan Couple Alexandre Christie AC 8693 RIPSL Couple Sport White Dial Black Rubber Strap,Rp1.232.000,1232000.0
fashion-couple,Jam Tangan Alexandre Christie AC 8679 Original,Rp770.000,770000.0
fashion-couple,Jam Tangan Couple Casio MTP-V004D-1B2UDF x LTP-V004D-1B2UDF,Rp928.020,928020.0
fashion-couple,CASIO MTP-VT01L-7B2UD & LTP-VT01L-7B2UDF Jam Tangan Couple / Pasangan,Rp1.155.320,1155320.0
fashion-couple,Fortuner Jam Tangan Couple Analog Quartz Rantai Anti Air Sojourner,Rp536.000,536000.0
fashion-couple,JAM TANGAN Couple i-SMILE Belleza Pria Wanita Kulit Original ismile Anti Air Quartz + Box Exclusive Watches,Rp299.800,299800.0
fashion-couple,Jam Tangan Couple Alexandre Christie Primo Steel AC 1007 M/LDBBRBA Black Dial Black Stainless Steel Strap,Rp1.610.000,1610000.0
fashion-couple,Fortuner Jam Tangan Couple Analog Quartz Water Resistant Gold Alterio,Rp380.000,380000.0
fashion-couple,OPK Jam Tangan Couple Asli Baru Arloji Anti Air Besi Tahan Karat Analog Terbaru 2024 Branded Ori Kado Ulang Tahun Cowok Hitam Kaca Watches,Rp335.000,335000.0
fashion-couple,Jam Tangan Couple Casio MTP-1314D-1AVDF x LTP-1314D-1AVDF Stainless Watches,Rp1.324.440,1324440.0
fashion-couple,Jam Tangan Couple Casio MQ-24B-1BDF x LQ-24B-1BDF,Rp887.640,887640.0
fashion-couple,HANNAH MARTIN Jam Tangan Pasangan Original Anti Air Analog Kulit Terbaru Cod Watches jam tangan wanita jam tangan pria,Rp198.000,198000.0
fashion-couple,Scentplus Couple Package Pro Player HER - Pro Player Series Best Seller Perfume Scentplus,Rp250.000,250000.0
fashion-couple,CASIO MTP-VT01D-1BUDF & LTP-VT01D-1BUDF Jam Tangan Couple / Pasangan,Rp1.243.720,1243720.0
fashion-couple,Jam Tangan Couple Casio MTP-V004D-7B2UDF x LTP-V004D-7B2UDF,Rp911.650,911650.0
fashion-couple,ELLORA Sandal Couple Mom & Kids EB 350-05,Rp180.000,180000.0
fashion-couple,OLEVS Jam Tangan Pasangan Hadiah Liburan Anti Air Original TaliBergaya Analog Fashion Couple Watch COD,Rp385.000,385000.0
fashion-couple,OLEVS Jam Tangan Couple Pasangan Anti Air Original Kalender Bercahaya Luminous Stainless Steel Analog Couple Watch,Rp658.000,658000.0
fashion-couple,CASIO MTP-V002L-1B3UDF & LTP-V002L-1B3UDF - Jam Tangan Couple Original,Rp801.720,801720.0
fashion-couple,Jaket Pria Dezipp Bahan Taslan Waterproof - Jaket Winbreaker - Jaket Couple size M L XL XXL,Rp180.000,180000.0
fashion-couple,Fortuner Jam Tangan Couple Analog Black Water Resistant Alister,Rp453.000,453000.0
fashion-couple,CASIO MTP-1183Q-9ADF & LTP-1183Q-9ADF Jam Tangan Couple / Pasangan,Rp1.121.320,1121320.0
fashion-couple,Jam Tangan Couple Casio MTP-V005L-1BUDF x LTP-V005L-1BUDF,Rp700.440,700440.0
fashion-couple,ZM Zaskia Mecca - Couple Set Kemeja Ayah & Anak | Jejak Teduh Arta Pusaka | Koleksi Ramadhan Series,Rp319.200,319200.0
fashion-couple,"【003Harga telah diganti, cepat beli】BIDEN Jam Tangan Couple Anti Air Original Fashion Multifungsi Kalender Luminous Tali Stainless Steel Jam Tangan Pria Jam Tangan YN0584G",Rp230.000,230000.0
fashion-couple,Fortuner Jam Tangan Couple Analog Water Resistant Rantai Karmen,Rp285.000,285000.0
fashion-couple,CASIO MTP-V002L-5B3UDF & LTP-V002L-7B3UDF - Jam Tangan Couple Original,Rp801.720,801720.0
fashion-couple,Gelang Salib Pasangan Mi Amor Edisi Hitam (FREE POUCH) (BLACK EDITION),Rp115.000,115000.0
fashion-couple,Hi VABA Oversized Couple Selfie Tshirt | Kaos Streetwear Unisex Tee Combed Wanita Panjang Baju Pasangan Polos Basic Katun Pendek Hitam,Rp105.000,105000.0
fashion-couple,Jam Tangan Couple Casio MQ-24-7ELDFxLQ-139BMV-7ELDF,Rp404.040,404040.0
fashion-couple,KAOSBRO - Kaos Couple Dino Hungry - Premium Katun Combed 30s Kain Baju Wanita Pasangan Distro,Rp72.413,72413.0
fashion-couple,Jam Tangan Couple Casio MTP-VT01L-1BUDF x LTP-VT01L-1BUDF,Rp1.070.220,1070220.0
fashion-couple,OLEVS Jam Tangan Couple Pasangan Original Anti Air Analog Kulit Cod hitam Watches for Women Men kaca,Rp385.000,385000.0
fashion-couple,OLEVS Jam Tangan Couple Pasangan Original Anti Air Terbaru 2023 Cod Hitam Putih Kaca Besi Stainless Men Women Watches with Kotak Ori,Rp483.000,483000.0
fashion-couple,"BSL Paket COUPLE 2 PCS Bisalo T-shirt kaos pria wanita Lengan Pendek cotton Combed printing digital Hitam Putih Polos ""Paket COUPLE "" Katun Santai Atasan Dewasa Oblong Distro Soft Combed Baju Oversize",Rp149.000,149000.0
fashion-couple,Jam Tangan Couple Casio MTP-V004L-1AUDF x LTP-V004L-1AUDF,Rp778.440,778440.0
fashion-couple,Kaos Sablon Custom Foto Bucin Love My Girlfriend Pria Wanita Baju Couple Pasangan,Rp78.800,78800.0
fashion-couple,LEZAHRASIGNATURE Piyama Lengan Pendek Couple Pria Wanita Setelan Baju Tidur Katun Premium Adem Size L-XXL fit 95 Kg Cocok untuk Kado Nikahan,Rp499.000,499000.0
fashion-couple,OPK Jam Tangan Couple Anti Air Original Rantai Simple Couple Watch Model 8105 8108,Rp314.000,314000.0
fashion-couple,Jam Tangan Couple Casio MTP-V004L-2BUDF x LTP-V004L-2BUDF,Rp772.150,772150.0
fashion-couple,KAOSBRO - Kaos Couple Dino - Cotton Combed - New Design,Rp82.413,82413.0
fashion-couple,BIDEN Jam Tangan Couple Original Full Luminous Kuarsa Tali Stainless Steel Fashion Classic Jam Tangan Pria dan Wanita,Rp230.000,230000.0
fashion-couple,HANNAH MARTIN Jam Tangan Anti Air Original Fashion Multifungsi Kalender Luminous Tali Stainless Steel Jam Tangan Pria Jam Tangan WANITA Watches,Rp159.900,159900.0
fashion-couple,CASIO MTP-V004L-1AUDF & LTP-V004L-1AUDF Jam Tangan Couple / Pasangan,Rp849.320,849320.0
fashion-couple,ZM Zaskia Mecca - Couple Set Gamis & Kemeja Pria | Monogram Series Rupa | Baju Motif Monogram Muslim Pasangan,Rp454.300,454300.0
fashion-couple,"【003Harga telah diganti, cepat beli】Sunlifex Jam Tangan Couple Original Kuarsa Anti Air Bisnis Tali Stainless Steel Jam Tangan Pria /Jam Tangan Wanita SL9090 Watches",Rp164.000,164000.0
fashion-couple,Kab. Tangerang,Rp159.900,159900.0
fashion-couple,Coppia Bracelet (Gelang Couple FREE UKIR 2 SISI & FREE POUCH) STAINLES,Rp199.000,199000.0
fashion-couple,CASIO MQ-38-1ADF & LQ-142E-1ADF Jam Tangan Analog Couple / Pasangan,Rp488.920,488920.0
fashion-couple,Biden Brand Top jam tangan couple fashion bisnis tali stainless steel,Rp247.000,247000.0
fashion-couple,Jam Tangan Couple Seven Minute M721 Tanggal Original pasangan tahan air Watches,Rp295.000,295000.0
fashion-couple,Kaos Oversize Distro Anime Naruto 8D Outfit By Cyfersia Kualitas Premium,Rp160.985,160985.0
fashion-couple,ZM Zaskia Mecca - Couple Set 3 - Gamis & Kemeja Koko Pria - Jejak Teduh Series Ruma - Koleksi Ramadhan Series,Rp492.150,492150.0
fashion-couple,FEFA STYLE - Kemeja Laki Overall Zeyn couple set Muslim Panjang,Rp300.000,300000.0
fashion-couple,ZM Zaskia Mecca - Couple Set Gamis & Kemeja Koko Pendek - Jejak Teduh Edisi Huta | Baju Motif Muslim Pasangan,Rp439.200,439200.0
fashion-couple,ELLORA Sandal Couple Mom & Kids EB 350-01,Rp200.000,200000.0
fashion-couple,BIA by Zaskia Mecca - Couple Set - Islamic Journey In Africa - Algiers Edition,Rp559.000,559000.0
fashion-couple,OLEVS Jam Tangan Couple Pasangan Anti Air Besi Tahan Karat Analog Terbaru 2024 Branded Ori Kado Ulang Tahun Cowok Hitam Kaca Watches with Kotak Ori,Rp659.000,659000.0
fashion-couple,ZM Zaskia Mecca - Couple Set Blouse & Kemeja Pria | Monogram Series Rupa | Baju Motif Monogram Muslim Pasangan,Rp335.300,335300.0
fashion-couple,Jakarta Utara,Rp65.000,65000.0
fashion-couple,Jam Tangan Pria Wanita Analog Tali Stainless SKMEI 9071,Rp170.645,170645.0
fashion-couple,Rabbani - Gamis Lengan Panjang Dresslim Couple Jafni Exclusive,Rp267.860,267860.0
fashion-couple,Mirage Watch - Jam Tangan Pasangan Couple Analog Hitam Casual Trendy 8754 / 8893 Anti Air Original,Rp810.000,810000.0
fashion-couple,EDIFIVE Jam tangan Couple Bulat Anti Air Mode Santai Kuarsa Analog Alloy Quartz Tanggal（Free BOX+Baterai）IT8036 COD Watches,Rp123.000,123000.0
fashion-couple,T-shirt Cats Couple Flowystic,Rp85.000,85000.0
fashion-couple,Casio Jam Tangan Couple MTP V002L 1B3 dan LTP V002L 1B3 Original Bergaransi Woman Man Watches,Rp731.640,731640.0
fashion-couple,Hi VABA Oversized Cute Couple Bear Tshirt | Kaos Streetwear Unisex Tee Santai Panjang Baju Sablon Combed Panjang Tangan Wanita Oversize,Rp105.000,105000.0
fashion-couple,Jam tangan couple seven minute classic rantai tanggal tahan air Watches,Rp215.000,215000.0
fashion-couple,ZM Zaskia Mecca - Couple Set 3 - Primadona Series - Lilya Raya | Gamis Wanita & Kemeja Koko Pria | Baju Motif Muslim Pasangan,Rp252.622,252622.0
fashion-couple,HIPSTER Couple Pasangan Sweater Premium Black Stripe Cewek Cowok,Rp350.000,350000.0
fashion-couple,Jam Tangan Couple Seven Minute M720 New pasangan pria wanita tanggal tahan air Watches,Rp295.000,295000.0
fashion-couple,BIDEN Jam Tangan Couple Pasangan Tahan Air Kalender Kasual Couple Jam Tangan,Rp312.000,312000.0
fashion-couple,[New Arrival] Elzatta Baju Sarimbit Al-Sahaba Cream,Rp259.000,259000.0
fashion-couple,[New Arrival] Elzatta Baju Sarimbit Couple,Rp148.000,148000.0
fashion-couple,PhiLipe Ricci,Rp179.000,179000.0
fashion-couple,OPK Jam Tangan Couple Anti Air Original Cowok Luminous Kalender Wanita Fashion Analog Men Women Watch Model 8105,Rp313.900,313900.0
fashion-couple,Jims Honey - JHW 32 - Jam Tangan Couple Pria dan Wanita Kaca Rubber,Rp149.000,149000.0
fashion-couple,SUNLIFEX Jam Tangan Couple Original Bisnis Tali Stainless Steel Anti Air,Rp174.000,174000.0
fashion-couple,Kaos Oversize Couple Beruang Abu Teddy Bear Grey MTM40 Hitam MTL93 Putih Baju Kain Tebal Sablon Simple,Rp185.000,185000.0
fashion-couple,Kab. Tangerang,Rp328.320,328320.0
fashion-couple,Hannah Martin Jam Tangan Stainless Steel Berlian Anti Air Analog Bisnis Kuarsa Jam Tangan Wanita/Pria Watches,Rp198.000,198000.0
fashion-couple,"【003Harga telah diganti, cepat beli】Sunlifex Jam Tangan Couple Stainless Steel Berlian Anti Air Analog Bisnis Kuarsa Jam Tangan Wanita/Pria SL9090",Rp174.000,174000.0
fashion-couple,Kab. Tangerang,Rp99.000,99000.0
fashion-couple,Jam Tangan Couple Casio MTP-V006L-1B2UDF x LTP-V006L-1B2UDF,Rp846.400,846400.0
fashion-couple,PhiLipe Ricci Jam Tangan Couple Besi Analog Original CPR15 Free Box,Rp179.000,179000.0
fashion-couple,PhiLipe Ricci Jam Tangan Couple Besi Analog Terbaru CPR77 Free Box watches,Rp169.000,169000.0
fashion-couple,BIDEN Jam Tangan Couple Original Kuarsa Klasik Mode Tali Kulit Anti Air Jam Pria+Jam Wanita,Rp316.000,316000.0
fashion-couple,Casio Jam Tangan Couple MTP V004L 2BUDF dan LTP V004L 2BUDF Original Bergaransi Watches Man Woman,Rp778.440,778440.0
fashion-couple,ZM Zaskia Mecca - Set Couple Ibu dan Anak | Jejak Teduh Edisi Ruma | Tunik Dress Muslim Wanita | Koleksi Ramadhan Series,Rp424.150,424150.0
fashion-couple,Jims Honey - Jam Tangan Wanita Dan Pria Kode JHW 08,Rp135.000,135000.0
fashion-couple,ZM Zaskia Mecca - Couple Set 1 - White Series - Binar Samudra | Gamis Dress Midi Wanita Kemeja Koko Pria Muslim Baju Panjang,Rp225.130,225130.0
fashion-couple,Fortuner Jam Tangan Couple/Pasangan Analog Quartz Water Resist Taji,Rp413.000,413000.0
fashion-couple,Gelang Salib Pasangan Mi Amor Edisi Hitam (FREE POUCH) (BLACK EDITION),Rp115.000,115000.0
fashion-couple,Hi VABA Oversized Couple Selfie Tshirt | Kaos Streetwear Unisex Tee Combed Wanita Panjang Baju Pasangan Polos Basic Katun Pendek Hitam,Rp105.000,105000.0
fashion-couple,Jam Tangan Couple Casio MQ-24-7ELDFxLQ-139BMV-7ELDF,Rp404.040,404040.0
fashion-couple,KAOSBRO - Kaos Couple Dino Hungry - Premium Katun Combed 30s Kain Baju Wanita Pasangan Distro,Rp72.413,72413.0
fashion-couple,Jam Tangan Couple Casio MTP-VT01L-1BUDF x LTP-VT01L-1BUDF,Rp1.070.220,1070220.0
fashion-couple,Baju Couple Pasangan - Trucker jacket Semi Parka COUPLE - Kemeja Oversize Pria Wanita - Baju Couple Polos Jaket Simple,Rp140.000,140000.0
fashion-couple,Fortuner Jam Tangan Couple/Pasangan Analog Quartz Water Resist Taji,Rp413.000,413000.0
fashion-couple,"【003 Harga telah diganti, cepat beli】BIDEN Jam Tangan Couple Anti Air Original Pasangan Tali Stainless Steel Kemewahan Kasual Wanita+Pria 2 Buah S001",Rp312.000,312000.0
fashion-couple,Lunangoofficial- Gamis Couple katun putih flanel Premium LG 853 & LGA 854 Dewasa Hitam Motif Muslim Panjang Polos Remaja Pasangan Keluarga Dress,Rp197.200,197200.0
fashion-couple,Couple Set Kameja Canvas Couple Sudah 2pcs Baju Couple wanita korean style,Rp187.519,187519.0
fashion-couple,Hi VABA Oversized Couple Playing Together Tshirt | Kaos Streetwear Unisex Tee Combed Oversize Baju Wanita Pendek Katun Panjang Pasangan Tangan Polos,Rp105.000,105000.0
fashion-couple,FYC - Paket Couple 4 Pcs Yessica's Long Hour Parfume,Rp161.200,161200.0
fashion-couple,OLEVS Jam Tangan Couple Pasangan Branded Ori 2024 Anti Air Analog Keren Elegan Murah Ultra-thin Fashion Hitam Watches for Men adn Women Cod,Rp505.000,505000.0
fashion-couple,The Bery Benaza Jaket Hoodie Jeans Couple Slimfit Premium Pasangan,Rp430.000,430000.0
fashion-couple,Jam Tangan Casio Couple LTP-V006L-1B2UDF & MTP-V006L-1B2UDF Dealer Casio Official Store Woman Man Watches,Rp825.240,825240.0
fashion-couple,HANNAH MARTIN Jam Tangan Anti Air Kuarsa Klasik Mode Tali Kulit Jam Pria+Jam Wanita Watches,Rp98.900,98900.0
fashion-couple,OLEVS Jam Tangan Couple Anti Air Besi Tahan Karat Bercahaya Tanggal Jam Tangan Branded Ori Terbaru 2023 Watches for Women Men,Rp657.000,657000.0
fashion-couple,"【003Harga sudah didiskon, cepat beli】Sunlifex Jam Tangan Couple Stainless Steel Berlian Anti Air Analog Bisnis Kuarsa Jam Tangan Wanita/Pria SL9090",Rp174.000,174000.0
fashion-couple,Jam Tangan Couple Casio MTP-V002D-1B3UDF x LTP-V002D-1B3UDF,Rp880.650,880650.0
fashion-couple,PhiLipe Ricci,Rp279.000,279000.0
fashion-couple,ZM Zaskia Mecca - Couple Set 2 - Gamis & Kemeja Pria - Jejak Teduh Series Ruma - Koleksi Ramadhan Series,Rp492.150,492150.0
fashion-couple,Kaos Oversize Tebal Scuba Korea Thirdday Couple Pepper Putih Salt Hitam Baju Sablon Wanita Dewasa Third Day MTM36 MTM37,Rp185.000,185000.0
fashion-couple,Fortuner Jam Tangan Couple Angka Arab Tahan Air Rantai Pasir Zariah,Rp465.000,465000.0
fashion-couple,Jam Tangan Couple Casio M/LTP-V002D-1B3 Black Dial Stainless Steel Strap,Rp887.640,887640.0
fashion-couple,OPK Jam Tangan Couple Pasangan Tahan Air Hitam / Perak Stainless Steel Kalender Kasual Couple Watches,Rp319.000,319000.0
fashion-couple,OLEVS Jam Tangan Couple Pasangan Original Anti Air Analog Kulit Terbaru Cod Watches Kaca Luxury Hitam,Rp384.000,384000.0
fashion-couple,KAOSAYE - Kaos Bucin Couple Custom Love Foto T-shirt (Pria & Wanita),Rp67.500,67500.0
fashion-couple,Hannah Martin Jam Tangan Kuarsa Klasik Mode Tali Kulit Jam Tangan Pria+Jam Tangan Wantia Watches,Rp99.000,99000.0
fashion-couple,KAOSAYE - Kaos Bucin Couple Custom T-shirt (Pria & Wanita) vol.2,Rp68.500,68500.0
fashion-couple,Jakarta Utara,Rp65.000,65000.0
fashion-couple,OLEVS Jam Tangan Couple Pasangan Anti Air Original Keren Elegan Terbaru Hitam Rantai Stainless Watch Cod,Rp484.000,484000.0
fashion-couple,DGCJam Tangan Couple Dewasa dan Remaja Model Gelang Elastis Stainless Simpel Kasual Jam Tangan Wanita C114 Watches,Rp60.000,60000.0
fashion-couple,KAOSAYE - Kaos Bucin Couple Custom Foto & Gambar T-shirt (Pria & Wanita),Rp68.500,68500.0
fashion-couple,PhiLipe Ricci Jam Tangan Couple Kulit Pria dan Wanita Pasangan Analog Strap Tali Leather Model Simpel 4231 Free Box,Rp129.000,129000.0
fashion-couple,Kaos Family Couple Super Mom Dad Kid Lengan Pendek Sablon Print DTF,Rp80.000,80000.0
fashion-couple,PhiLipe Ricci Jam Tangan Couple Rantai Besi Pria Wanita Terbaru Elegan 7501 Free Box,Rp229.000,229000.0
fashion-couple,JIMS HONEY - Jam Tangan Pria dan Wanita - JHW 57,Rp141.000,141000.0
fashion-couple,CASIO MTP-1183A-7ADF & LTP-1183A-7ADF Jam Tangan Couple / Pasangan,Rp1.223.320,1223320.0
fashion-couple,Kaos Distro unisex cowok Cewek Couple Motif Gambar Estetik Gaya Basic Bahan Katun 24S Keren Pria wanita dewasa laki perempuan dewasa remaja anak siswa sekolah lembut elegant aesthetic lengan pendek crew neck adem nyerap keringat Oblong V242 Baju Panjang,Rp67.800,67800.0
fashion-couple,ZM Zaskia Mecca - Couple Set Gamis Wanita & Kemeja Koko Pria | Primadona Series Lilya Senja | Koleksi Ramadan Series,Rp539.100,539100.0
fashion-couple,Jam Saku Mini Portable Gantungan Kunci Perawat Tenaga Medis Pria Wanita Students Minimalist Watches Child Gift,Rp34.988,34988.0
fashion-couple,Kab. Tangerang,Rp96.000,96000.0
fashion-couple,SEVEN MINUTE M761 COUPLE jam tangan couple pasangan kulit tahan air water resistant quartz Watches,Rp295.000,295000.0
fashion-couple,HIPSTER Couple Pasangan Sweater Premium Black Simple Cewek Cowok,Rp350.000,350000.0
fashion-couple,Fortuner Jam Tangan Couple Analog Quartz Kaca Water Resistant Stainless Steel McKenna,Rp382.000,382000.0
fashion-couple,CARTEXBLANCHE - Sun And Moon Couple Edition Basic Sweater Unisex Bordir Unisex Pria - Wanita Size M - XXL,Rp160.400,160400.0
fashion-couple,BIDEN Jam Tangan Couple Anti Air Original Pasangan Tali Stainless Steel Kemewahan Kasual Wanita+Pria 2 Buah YNS001,Rp312.000,312000.0
fashion-couple,"Jam Tangan Pasangan AIYISHI Quartz, Casing Fashion Stainless Steel, Gaya Baru 2026, Gaya Bisnis Kasual",Rp176.960,176960.0
fashion-couple,BIDEN Jam Tangan Couple Anti Air Original Fashion Multifungsi Kalender Luminous Tali Stainless Steel Jam Tangan Pria Jam Tangan YN0584G,Rp230.000,230000.0
fashion-couple,Kaos Oversize Tebal Scuba Korea Thirdday Couple King Queeb Hitam Putih Baju Sablon Dewasa Third Day MTM38 MTM39,Rp185.000,185000.0
fashion-couple,Maydee Kemeja Couple Picery,Rp135.000,135000.0
fashion-couple,BIDEN Jam tangan Couple Mode Santai Tahan Air Kuarsa jam tangan pria wanita YN0104-G,Rp247.000,247000.0
fashion-couple,SANDAL RUMAH HI BEAR CANTIK MURAH UNISEX COUPLE PRIA WANITA KUALITAS GROSIR INDOOR XP118,Rp48.000,48000.0
fashion-couple,ZM Zaskia Mecca - Couple Set Gamis & Kemeja Koko Anak | Primadona Series Lilya Senja | Koleksi Ramadan Series,Rp359.100,359100.0
fashion-couple,OLEVS Jam Tangan Couple Tahan Air Original Asli Cewek Cowok Luminous Kalender Fashion Watch Model 5563,Rp484.000,484000.0
fashion-couple,OPK Jam Tangan Couple Anti Air Original Rantai Simple Couple Watch Model 8105 8108,Rp330.000,330000.0
fashion-couple,"【003Harga telah diganti, cepat beli】Sunlifex Jam Tangan Couple Stainless Steel Berlian Anti Air Analog Bisnis Kuarsa Jam Tangan Wanita/Pria SL9090",Rp174.000,174000.0
fashion-couple,SANDA 1108-9031 Jam Tangan Pasangan Kuarsa Kasual Jimat Temperamen Kepribadian Modis Skala Romawi Baru Jam Tangan Tahan Air Sederhana Tren,Rp225.000,225000.0
fashion-couple,OPK Jam Tangan Couple Anti Air Original Rantai Simple Couple Watch Model 8105 8108,Rp330.000,330000.0
fashion-couple,HANNAH MARTIN Jam Tangan Anti Air Jam Persegi Leather jam tangan Pria Wanita Watches jam tangan wanita + jam tangan pria,Rp198.000,198000.0
fashion-couple,PhiLipe Ricci Jam Tangan Couple Pria Wanita Simple Kekinian Original Terbaru Stylish Modern 7653C,Rp149.900,149900.0
fashion-couple,Mirage Watch - Jam Tangan Analog Pasangan Hitam Mewah Branded Miragewatch Original Garansi 1 Tahun Water Resistant 8708 Couple Kaca Stainless Watches,Rp470.000,470000.0
fashion-couple,OPK Jam Tangan Couple Pasangan Anti Air Original Stainless Steel Terbaru 2024 Model 8151,Rp370.000,370000.0
fashion-couple,Kaos Oversize Couple Kain Tebal Scuba Batik Paisley MTM54 Hitam MTM56 Putih Baju Sablon Dewasa,Rp185.000,185000.0
fashion-couple,Casio Jam Tangan Couple MTP 1183Q 7ADF dan LTP 1183Q 7ADF Original Bergaransi,Rp1.028.040,1028040.0
fashion-couple,Jam Tangan Couple Casio W-218H-3AVDFxW-218HC-8AVDF,Rp747.240,747240.0
fashion-couple,Jam Tangan Couple Casio M/LTP-VT01L-7B1 Silver Dial Black Leather Strap,Rp996.840,996840.0
fashion-couple,Hi VABA Oversized Couple Selfie Tshirt | Kaos Streetwear Unisex Tee Combed Wanita Panjang Baju Pasangan Polos Basic Katun Pendek Hitam,Rp105.000,105000.0
fashion-couple,Jam Tangan Alexandre Christie AC 1007 MD & AC 1007 LD Stainless Steel,Rp660.000,660000.0
fashion-couple,Jam Tangan Couple Casio MQ-24-7ELDFxLQ-139BMV-7ELDF,Rp404.040,404040.0
fashion-couple,Jam Tangan Couple Alexandre Christie Classic Steel AC 8679 BBRBA Couple Black Dial Black Stainless Steel Strap,Rp1.930.000,1930000.0
fashion-couple,Fortuner Jam Tangan Couple Analog Water Resistant Winter Stainless Watches,Rp382.000,382000.0
fashion-couple,Kaos Sablon Custom Foto Bucin Love Mosaic Pria Wanita Baju Couple Pasangan,Rp78.800,78800.0
fashion-couple,CRSL Cyblo Watch Silver I Jam Tangan Digital I Aksesoris Jam I Jam Tangan Formal I Jam Tangan Couple,Rp357.930,357930.0
fashion-couple,Kaos Couple Spongebob Squidward - Pria Wanita - Kain Katun -Kualitas Premium - Baju Pasangan - Distro,Rp72.413,72413.0
fashion-couple,OLEVS Jam Tangan Couple Pasangan Anti Air Original Kulit Hitam Terbaru 2024 Luxury Chronograph Watch Couple Multifungsi Analog COD,Rp571.000,571000.0
fashion-couple,"【003 Harga telah diganti, cepat beli】BIDEN Jam tangan Couple Mode Santai Tahan Air Kuarsa jam tangan pria jam tangan wanita YN0104",Rp247.000,247000.0
fashion-couple,Sunlifex Jam Tangan Couple Stainless Steel Berlian Anti Air Analog Bisnis Kuarsa Jam Tangan Wanita/Pria SL9090,Rp174.000,174000.0
fashion-couple,Fortuner Jam Tangan Couple Analog Quartz Stainless Tahan Air Rantai Leya,Rp488.000,488000.0
fashion-couple,Suke.co Sweater Hoodie Couple Pria Wanita Color Block Size M L XL Premium Polos Pasangan Distro Jaket,Rp129.000,129000.0
fashion-couple,"【003Harga telah diganti, cepat beli】BIDEN Jam Tangan Pria Anti Air Original Full Luminous Kuarsa Jam Couple Jam Tangan Cowok Tali Stainless Steel Fashion Classic YN0584G-M",Rp140.000,140000.0
fashion-couple,Jam Tangan Pria Wanita Digital Analog World Time Anti Air SKMEI 1834 | 1835,Rp141.000,141000.0
fashion-couple,"【003Harga telah diganti, cepat beli】BIDEN Jam tangan Couple Mode Santai Tahan Air Kuarsa jam tangan pria jam tangan wanita YN0104",Rp247.000,247000.0
fashion-couple,KAOSAYE - Kaos Bucin Couple Custom T-shirt (Pria & Wanita) vol.3,Rp68.500,68500.0
fashion-couple,Mirage Watch - Jam Tangan Couple Pasangan Analog Hitam 8624 / 8891 Pasir Dual Jarum Original Kaca Stainless Watches,Rp405.000,405000.0
fashion-couple,Jam Tangan Pria Bisa Couple Analog Tali Stainless SKMEI 2084,Rp182.409,182409.0
fashion-couple,Sunlifex Jam Tangan Couple Original Tanggal Luminous Santai Tali Stainless Steel Jam Tangan Pria/Wanita SL9108,Rp238.000,238000.0
fashion-couple,ZM Zaskia Mecca - Set Couple Ibu dan Anak | Jejak Teduh Edisi Ruma | Dress Muslim Wanita | Koleksi Ramadhan Series,Rp492.150,492150.0
fashion-couple,Suke.co Rugby Sweatshirt Couple Combinasi Basic Halfzip Fleece Tebal Unisex Wanita Baju Pasangan Polos,Rp115.000,115000.0
fashion-couple,Jam Tangan Couple Casio MQ-24B-7BDF x LQ-24B-7BDF,Rp887.640,887640.0
fashion-couple,Vinnatsu Pocket watch Jam Saku Silikon /Jam Tangan Pria Dan Wanita/Jam Analog/ Dokter Dan Mahasiswa/Jam Tangan Gantung Pin,Rp34.298,34298.0
fashion-couple,CASIO MRW-200H-1BVDF LRW-200H-1BVDF Jam Tangan Analog Couple Pasangan,Rp917.320,917320.0
fashion-couple,MANZONE X Minimal Heritage with Love 5 - Sarimbit Couple - Sagara Gyandra,Rp252.945,252945.0
fashion-couple,Mirage Watch - Jam Tangan Couple Pasangan Kasual Klasik Garansi Original 8754 / 8893 Silver,Rp780.000,780000.0
fashion-couple,Jam Tangan Pria Wanita Couple Analog Tali Stainless SKMEI 9272,Rp276.710,276710.0
fashion-couple,Xvlore | FST | Kaos baju Atasan Wanita pria Couple Pasangan Baju Polos Oblong dan Oval nyaman Katun Combed kemeja couple,Rp88.740,88740.0
fashion-couple,Scafusion kaos couple lagu - kaos bucin lagu custom,Rp71.000,71000.0
fashion-couple,Jam Tangan Couple Casio MTP-VT01L-1BUDF x LTP-VT01L-1BUDF,Rp1.059.240,1059240.0
fashion-couple,STREES Sweater Hoodie Couple Strees vol1 Pria & Wanita Keren Berbahan Kain Flecee Lembut nyaman Size M-XXL Jaket Distro Panjang Santai,Rp70.000,70000.0
fashion-couple,KAOSBRO - Kaos Couple Ohgitu Yaudah - Kaos Couple Terlengkap Tiktok - Pria dan Wanita Kain Katun Pasangan Baju Hitam,Rp72.413,72413.0
fashion-couple,ZM Zaskia Mecca - Set Couple Tunik dan Kemeja Koko Pria Wanita | Jejak Teduh Edisi Ruma | Koleksi Ramadhan Series,Rp424.150,424150.0
fashion-couple,Jam Tangan Pria Wanita Digital Analog Anti Air SKMEI 1688 | 1689,Rp157.938,157938.0
fashion-couple,ALBA Jam Tangan Couple AS9S10 & AH7CE8 Quartz Stainless Steel Silver Gold Watch,Rp1.171.900,1171900.0
fashion-couple,KAOSBRO - Kaos Couple Tom And Jerry - Kain Katun -Kualitas Premium Pasangan Baju Cutton Combed 30s,Rp72.413,72413.0
fashion-couple,Moria ZZ066 Kaos Oversize Kemeja Kaos Unreal A Tshirt By Atrckee Kaos Couple Unisex Tshirt Berkualitas Korean Style Basketball Sporty loose sleeveless T-shirt --- Boston Jersey T-shirt Crop Top/Tank Top Rajut Wanita Style Korea,Rp79.800,79800.0
fashion-couple,ELLORA Sandal Couple Mom & Kids EB 350-04,Rp180.000,180000.0
fashion-couple,Kab. Bekasi,Rp72.413,72413.0
fashion-couple,CASIO MQ-38-2ADF & LQ-142E-2ADF Jam Tangan Analog Couple / Pasangan,Rp488.920,488920.0
fashion-couple,EDIFIVE Jam Tangan Couple Tahan Guncangan Anti Air Mode Santai Kuarsa Jam Tangan Pria Wanita Original （Free BOX+Baterai）IT8035 COD Watches,Rp123.000,123000.0
fashion-couple,Kaosbro - kaos Couple Shinchan Dino - Cotton combed 30s - Baju Skena Style Kain Katun Pasangan Wanita Distro,Rp72.413,72413.0
fashion-couple,Jam Tangan Wanita Bisa Couple Analog Tali Stainless SKMEI 2085,Rp178.654,178654.0
fashion-couple,BIDEN Jam Tangan Couple Anti Air Kuarsa Klasik Mode Tali Kulit Jam Pria+Jam Wanita YN2031G,Rp316.000,316000.0
fashion-couple,Kab. Bekasi,Rp72.413,72413.0
fashion-couple,Kab. Bekasi,Rp129.000,129000.0
fashion-couple,Jonas Jasmin - Jam Tangan Couple Analog JJ-3109 M/JJ-3109 L Watch Include Box Fullset,Rp158.100,158100.0
fashion-couple,Lezahrasignature Setelan Couple Sporty Trisya Size M-XXL Oneset Celana Training Olahraga Muslim Pria dan Wanita Panjang Bahan Soft Babyterry,Rp349.000,349000.0
fashion-couple,GREET NIGHT WEAR - Piyama TENCEL Couple Set Model : TC-096 / PP,Rp390.000,390000.0
fashion-couple,BIDEN Jam tangan Couple Mode Santai Tahan Air Kuarsa jam tangan pria jam tangan wanita YN0104,Rp247.000,247000.0
fashion-couple,ZM Zaskia Mecca - Couple Set Kemeja & Dress Anak | Jejak Teduh Arta Pusaka | Koleksi Ramadhan Series,Rp335.200,335200.0
fashion-couple,Jam Tangan Couple Kulit Alba AJ6196 & AN8092 Quartz,Rp1.154.900,1154900.0
fashion-couple,KAOSBRO - Kaos Couple Pria Wanita Sayang Aku Ga? - Kain Katun - Kualitas Premium Pasangan Baju Dewasa Distro Hitam,Rp72.413,72413.0
fashion-couple,Jam Tangan Couple Casio M/LTP-V006L-1B2 Black Dial Black Leather Band Watches,Rp825.240,825240.0
fashion-couple,Cardiff Analog 9389 Tanggal dan Non Tanggal Jam Tangan Cowok Water Resistant Strap Rubber Diameter 23mm Movement Quartz Garansi 12 Bulan Original Stylish Modern Tahan Air 30m,Rp122.500,122500.0
fashion-couple,Kaos Couple Pria Wanita BAPAK IBU NEGARA - Kain Katun-Kualitas Premium,Rp72.413,72413.0
fashion-couple,Jonas Jasmin - Jam Tangan Couple Analog JJ-3110M/JJ-3110L Watch Include Box Fullset,Rp167.400,167400.0
fashion-couple,Kaos Couple Pria Wanita MELAMAR DILAMAR - Kain Katun-Kualitas Premium,Rp72.413,72413.0
fashion-couple,Jam Tangan Pria Wanita Digital Shockproof Chronograph Anti Air SKMEI 1828 | 1829,Rp128.125,128125.0
fashion-couple,Kaos Couple Pria Wanita King Queen - Kain Katun - Kualitas Premium Pasangan Baju,Rp72.413,72413.0
fashion-couple,Jam Tangan Couple Alba AJ6184 & AH7BN4 Dual Tone Stainless Steel,Rp1.154.900,1154900.0
fashion-couple,"Jam Tangan Couple Charles Delon CDM-CDW 8112 C RH Anti Air Tanggal Box Original - Quartz, Stainless",Rp218.000,218000.0
fashion-couple,Jam Tangan Couple Casio W-218H-3AVDFxW-218HC-8AVDF,Rp747.240,747240.0
fashion-couple,Jam Tangan Couple Casio M/LTP-VT01L-7B1 Silver Dial Black Leather Strap,Rp996.840,996840.0
fashion-couple,Hi VABA Oversized Couple Selfie Tshirt | Kaos Streetwear Unisex Tee Combed Wanita Panjang Baju Pasangan Polos Basic Katun Pendek Hitam,Rp105.000,105000.0
fashion-couple,Jam Tangan Alexandre Christie AC 1007 MD & AC 1007 LD Stainless Steel,Rp660.000,660000.0
fashion-couple,Jam Tangan Couple Casio MQ-24-7ELDFxLQ-139BMV-7ELDF,Rp404.040,404040.0
fashion-couple,Jam Tangan Karet Couple Charles Delon 8703 Analog Santai Tahan Air Black,Rp105.500,105500.0
fashion-couple,"Jam Tangan Couple Kulit Tanggal Anti Air Charles Delon CDM-CDW 8106C - Quartz, Watches",Rp125.000,125000.0
fashion-couple,Jam Tangan Rantai Pasir Couple Charles Delon Original Bonus Kotak 6503 Tahan air Santai Analog Watches Hadiah Black,Rp120.000,120000.0
fashion-couple,Crocodile CM-001D24A CF-001D24A Jam Tangan Couple Analog Original CM001 CF001,Rp2.108.700,2108700.0
fashion-couple,Jam Tangan Couple Charles Delon 8116 RP Anti Air Rantai Box Original,Rp120.000,120000.0
fashion-couple,Jam Tangan Couple Casio MTP-1303DD-1AVDFxLTP-1303DD-1AVDF,Rp1.340.040,1340040.0
fashion-couple,Jam Tangan Couple Casio MTP-1303DD-7AVDFxLTP-1303DD-7AVDF,Rp1.340.040,1340040.0
fashion-couple,Jam tangan Couple Casio Analog MTP-VT03D-1BDFxLTP-VT03D-1BDF,Rp1.262.040,1262040.0
fashion-couple,Jam tangan Couple Casio Analog MTP-VT04L-7EDFxLTP-VT04L-7A1DF,Rp1.168.440,1168440.0
fashion-couple,Jam Tangan Charles Delon 0405 RP Anti Air Rantai untuk Pasangan Wanita dan Pria Couple Couple,Rp120.000,120000.0
fashion-couple,Jam Tangan Couple Casio M/LTP-V004D-1B2 Black Dial Stainless Steel Strap Watches,Rp918.840,918840.0
fashion-couple,Jam Tangan Analog Couple Casio General MTP-B185D-2A2VDF & LTP-V007D-2EUDF Original Stainless Steel Strap,Rp1.631.120,1631120.0
fashion-couple,Jam Tangan CHRIST VERRA CV 921548G-13 SLV & CV 921548L-13 SLV Stainless Steel,Rp1.500.000,1500000.0
fashion-couple,Fortuner Jam Tangan Couple Fashion Analog Quartz Tahan Air Rantai Stainless Isra jam couple set Kaca Wanita Watch,Rp453.000,453000.0
fashion-couple,Jam Tangan Couple Alba AN8094X1_AJ6198X1 Couple Silver Dial Brown Leather Strap,Rp1.264.000,1264000.0
fashion-couple,KAOSBRO - Kaos BEAR COUPLE - Cotton Combed 24S- Pria dan Wanita Best Material,Rp69.900,69900.0
fashion-couple,Jam Tangan Digital Couple Casio W-218H-2AVDF & W-218HC-2AVDF Original Resin Band,Rp754.220,754220.0
fashion-couple,Jam Tangan Analog Couple Casio MQ-24B-1BDF & LQ-24B-1BDF Original copy,Rp896.420,896420.0
fashion-couple,Jam Tangan Couple Alexandre Christie Primo AC 1014 M/LDLSSDG Black Dial Black Leather Strap,Rp1.260.000,1260000.0
fashion-couple,Jam Tangan Couple G-SHOCK GA-2200FF-8ADRxGMA-S2200M-7ADR Watches,Rp4.345.600,4345600.0
fashion-couple,Casio Jam Tangan Couple G-Shock GM-2100G-1A9DR & Baby-G GM-S2100GB-1ADR Digital Stainless Watches,Rp6.480.600,6480600.0
fashion-couple,Jam Tangan Couple Casio G-Shock GA-2100-1A/GMA-S2100-4A Digital Dial Black + Beige Resin Band Watches,Rp3.190.600,3190600.0
fashion-couple,Fortuner Arloji Couple Jam Tangan Analog Water Resistant Gold Raynell,Rp497.000,497000.0
fashion-couple,Jam tangan couple Casio MTP-1314L-8AVDF & LTP-1314L-8AVDF Dealer Casio Official Store,Rp1.215.240,1215240.0
fashion-couple,Jam Tangan Couple Expedition Exp E 6402 MCLURBU/E 6402 BFLURBU Blue Dial Brown Leather Strap,Rp3.035.500,3035500.0
fashion-couple,Alba Jam Tangan Couple AS9V69 & AH7EQ1 Green Dial Brown Genuine Leather Strap,Rp1.998.900,1998900.0
fashion-couple,ZM Zaskia Mecca - Set Couple Ayah & Anak - Primadona Series - Lilya Raya - Kemeja Koko Pria,Rp263.200,263200.0
fashion-couple,Jam Tangan Couple Alexandre Christie Primo AC 1014 M/LDLIPDG Black Dial Black Leather Strap,Rp1.330.000,1330000.0
fashion-couple,Q&Q QnQ QQ Original Jam Tangan Couple Analog Rantai Stainless Steel - C08A & C09A Water Resist 3 BAR,Rp580.000,580000.0
fashion-couple,Jam Tangan Couple Alexandre Christie Primo Steel AC 1040 M/LDBBRBA Black Dial Black Stainless Steel Strap,Rp1.610.000,1610000.0
fashion-couple,Fortuner Jam Tangan Couple Analog Deluxe Edition Tahan Air Rantai Pasir Elyisa Kaca Quartz Stainless Watch,Rp616.000,616000.0
fashion-couple,Jam Tangan Pasangan Charles Delon 3404 C dengan Tanggal dan Kotak Bonus Tahan Air Santai - Couple,Rp85.000,85000.0
fashion-couple,Jam Tangan Couple Charles Delon 0402 RH Anti Air Rantai untuk Wanita dan Pria Quartz Stainless Watches,Rp120.000,120000.0
fashion-couple,Charles Delon Jam Tangan Karet Couple Original CDM 8203 Tahan Air Analog Hitam & Merah Bonus Kotak Santai,Rp105.500,105500.0
fashion-couple,Jam Tangan Rantai Pasir Couple Charles Delon Original Bonus Kotak 6505 Tahan air Analog Santai Black Hadiah,Rp120.000,120000.0
fashion-couple,Jam Tangan Rantai Tanggal Couple Charlesdelon Original 6802 Analog Kemewahan Santai Bisnis Tahan air Olahraga Black Silver Watches,Rp120.000,120000.0
fashion-couple,Jam Tangan Karet Couple Charles Delon Original Bonus Kotak 4406 Tahan air Santai Analog Black Watches Blue Gold,Rp105.500,105500.0
fashion-couple,Casio G-SHOCK LOV-25A-7ADR Couple Series GSHOCK LOV-25A-7A LOV 25A 7ADR LOV25A Jam Pasangan,Rp3.982.300,3982300.0
fashion-couple,ALBA Jam Tangan COUPLE AS9C14 & AH7L68 Quartz Gold Watch,Rp1.665.900,1665900.0
fashion-couple,Jam Tangan Analog Couple Casio Stainless Steel MTP-1302DD-9AVDF & LTP-1302DD-4A2VDF Original copy,Rp1.449.420,1449420.0
fashion-couple,Jam Tangan Analog Couple Casio MQ-24B-8BDF & LQ-24B-4BDF Original copy,Rp896.420,896420.0
fashion-couple,Jam Tangan Couple Digital Analog G-Shock GA-2200BB-1ADR & GMA-S2200-1ADR Original,Rp3.787.980,3787980.0
fashion-couple,KAOSBRO - Kaos Scream Couple Cotton Combed 30s - Pria dan Wanita Kain Katun Distro Baju Pasangan Polos,Rp72.413,72413.0
fashion-couple,kameja outer couple set korean style kemeja semi parka oversize pria wanita baju couple terbaru kekinian,Rp183.679,183679.0
fashion-couple,Casio G-Shock Baby-G Jam Tangan Couple SLV-19B-1DR Waterproof,Rp3.654.790,3654790.0
fashion-couple,Jam Tangan Couple Casio G-Shock DW-5600BCE-1D/GMD-S5600CT-4D Digital Dial Black + Light Pink Resin Band,Rp3.218.600,3218600.0
fashion-couple,Jam Tangan Couple Analog Alexandre Christie AC 8659 Series,Rp1.750.000,1750000.0
fashion-couple,BATIK TRUSMI Set Couple Gamis Yunia dan Kemeja Birawa Mega Mendung,Rp785.000,785000.0
fashion-couple,Jam Tangan Couple Casio General LTP-V300G-7AUDF_MTP-V300G-7AUDF LTP-V300G LTPV300G Couple Silver Dial Gold Stainless Steel Band,Rp1.658.000,1658000.0
fashion-couple,Crocodile CM-002A41A CF-002A41A Jam Tangan Couple Analog Original CM002 CF002,Rp2.133.550,2133550.0
fashion-couple,Jam Tangan Couple Seiko SUR553P1/SUR573P1 Silver Dial Stainless Steel Strap,Rp7.425.000,7425000.0
fashion-couple,Jam Tangan Couple Casio G-Shock LOV-25A-7A White Dial White Resin Band Watches,Rp3.982.300,3982300.0
fashion-couple,Jam Tangan Alexandre Christie AC 1017 MD & AC 1017 LD Leather Strap,Rp620.000,620000.0
fashion-couple,Jam Tangan CHRIST VERRA TIMELESS HARMONY CV 10639G-18 BLK & CV 10639L-18 BLK Stainless Steel,Rp825.000,825000.0
fashion-couple,Jam Tangan Karet Couple Charles Delon Original Bonus Kotak 6710 Santai Tahan air Analog Black Rose Watches,Rp105.500,105500.0
fashion-couple,Jam Tangan Rantai Couple Charles Delon Original Bonus Kotak 6808G Analog Santai Tahan air Watches Rose Watches Rose,Rp120.000,120000.0
fashion-couple,Crocodile CM-002A11C CF-002A11C Jam Tangan Couple Analog Original CM002 CF002,Rp2.415.420,2415420.0
fashion-couple,Casio G-Shock GA-110GB-1ADR & BA-110-1ADR Couple Black Gold Original,Rp4.473.720,4473720.0
fashion-couple,Sunlifex Jam Tangan Couple Original Tanggal Luminous Santai Tali Stainless Steel Jam Tangan Pria/Wanita 9108,Rp238.000,238000.0
fashion-couple,X8 Gaby Tops - atasan lengan pendek wanita couple,Rp134.950,134950.0
fashion-couple,OLEVS Jam Tangan Couple Pasangan Anti Air Original Kulit Hitam Biru Terbaru 2023 Luxury Chronograph Watch Couple Multifungsi Analog COD,Rp572.000,572000.0
fashion-couple,ALBA Jam Tangan Couple AL4325 & AG8M41 Quartz Stainless Steel Silver Watch,Rp2.169.900,2169900.0
fashion-couple,Jam Tangan Couple Casio MTP-VT01L-1BUDF x LTP-VT01L-1BUDF,Rp1.070.220,1070220.0
fashion-couple,Jam Tangan Couple Casio MTP-V004D-7BUDF x LTP-V004D-7BUDF,Rp918.840,918840.0
fashion-couple,Jam Tangan Couple G-Shock DW-5600BB-1DR x GMD-S5610BB-1DR Watches,Rp3.454.200,3454200.0
fashion-couple,Kab. Tangerang,Rp328.000,328000.0
fashion-couple,"AURAVIBE-Gelang/Kalung dengan penyambungan bintang, salib, dan hati, serta mutiara reflektif untuk wanita, bergaya hip-hop dan tren Ins, cocok untuk kalung kalung sweater, sebagai aksesori fashion",Rp130.000,130000.0
fashion-couple,Jam Tangan Couple Casio General LTP-1215A-2ADF_MTP-1215A-2ADF Enticer Couple Blue Dial Stainless Steel Band,Rp989.000,989000.0
fashion-couple,Jam Tangan Couple Alexandre Christie Primo Steel AC 1014 LIPDG Couple Black Dial Black Leather Strap,Rp1.330.000,1330000.0
fashion-couple,Couple Baju Sarimbit Pasangan Bahan Sabrina Anti Uv Koko Kameja Gamis Abaya Dres Muslim Desain Sarimbit Benang Timbul Model Terbaru 2026,Rp125.400,125400.0
fashion-couple,Jam Tangan Kulit Anti Air Charles Delon CDM 8505 untuk Pasangan Couple Quartz,Rp105.000,105000.0
fashion-couple,Jam Tangan Couple Charles Delon 0403 RH Anti Air Rantai untuk Wanita dan Pria Quartz Stainless Watches,Rp120.000,120000.0
fashion-couple,Jam Tangan Karet Couple Charles Delon Original Bonus Kotak 6072 Tahan air Analog Black Watches,Rp105.500,105500.0
fashion-couple,Jam Tangan Kulit Tanggal Couple Charles Delon Original Bonus Kotak 3022C Analog Tahan air Santai Watches,Rp125.000,125000.0
fashion-couple,Jam Tangan Rantai Pasir Couple Charles Delon Original Bonus Kotak 6504 Tahan air Santai Analog Black Hadiah Watches,Rp120.000,120000.0
fashion-couple,BIDEN Jam Tangan Couple Anti Air Original Pasangan Tali Stainless Steel Kemewahan Kasual Wanita+Pria 2 Buah YNS001 Watches,Rp312.000,312000.0
fashion-couple,Jam Tangan CHRIST VERRA CLASSIC MEMOIR CV 12452G-21 BLK & CV 12452L-21 BLK Leather Strap,Rp735.000,735000.0
fashion-couple,Jam Tangan Couple Alba AJ6215X1/AN8127X1 Dark Blue Dial Blue Leather Strap,Rp1.010.940,1010940.0
fashion-couple,Jam Tangan Couple Alexandre Christie Primo Steel AC 1014 M/LDLSSDG Black Dial Black Leather Strap,Rp1.260.000,1260000.0
fashion-couple,Jam Tangan Analog Couple Casio MTP-VT03D-7BDF & LTP-VT03D-7BDF Stainless Steel copy,Rp1.275.620,1275620.0
fashion-couple,Jam Tangan Analog Couple Casio MTP-B185G-9AVDF & AQ-230EGL-9ADF Original Stainless Steel Strap,Rp2.689.720,2689720.0
fashion-couple,Jam Tangan Couple Analog Digital G-Shock GM-2100-1ADR & GM-S2110-3ADR Original,Rp6.457.580,6457580.0
fashion-couple,Jam Tangan Couple Casio MTP-V004D-7B2UDF x LTP-V004D-7B2UDF,Rp911.650,911650.0
fashion-couple,Jam Tangan Analog Couple Casio Vintage Tank MTP-B190L-2BVDF & LTP-V007L-1BUDF Original Leather Strap,Rp1.560.020,1560020.0
fashion-couple,Jam Tangan Analog Couple Casio MTP-VT03L-1BDF & LTP-VT03L-3BDF Original Stainless Steel copy,Rp1.180.820,1180820.0
fashion-couple,Jam Tangan Analog Couple Casio MQ-24B-7BDF & LQ-24B-7BDF Original copy,Rp896.420,896420.0
fashion-couple,Jam Tangan Couple Alba ARX132X1_ARX112X1 Couple Silver Dial Dual Tone Stainless Steel Strap,Rp1.131.000,1131000.0
fashion-couple,BOX ONLY Special Valentine Package Couple Aksesories By Emrys,Rp129.500,129500.0
fashion-couple,Sunlifex Jam Tangan Couple Original Tanggal Luminous Santai Tali Stainless Steel Jam Tangan Pria/Wanita SL9108,Rp238.000,238000.0
fashion-couple,Jam Tangan Couple Alexandre Christie AC 8706 BBRMA Couple Sapphire Black MOP Dial Black Stainless Steel Strap,Rp2.520.000,2520000.0
fashion-couple,Jam Tangan Couple Charles Delon 0404 RH Anti Air Rantai untuk Wanita dan Pria,Rp120.000,120000.0
fashion-couple,Jam Tangan Couple Charles Delon 8113 CRH Anti Air Rantai Tanggal Box Original,Rp150.000,150000.0
fashion-couple,Jam Tangan Couple Charles Delon 0402 RP Anti Air Rantai untuk Wanita dan Pria - Watches,Rp120.000,120000.0
fashion-couple,Jam Tangan Couple Charles Delon 3305 C Kotak Bonus Tahan Air Analog,Rp85.000,85000.0
fashion-couple,Jam Tangan Pasangan Charles Delon 0404 RP Anti Air Rantai untuk Wanita dan Pria - Couple Couple,Rp120.000,120000.0
fashion-couple,CASIO MTP-V004G-7BUDF & LTP-V004G-7BUDF - Jam Tangan Couple - Original,Rp1.413.720,1413720.0
fashion-couple,VOLTIVY Kemeja Polo Musim Panas Dua Potong Lengan Pendek Trendi Longgar Pasangan Kasual Serbaguna T-shirt Pria dan Wanita,Rp189.908,189908.0
fashion-couple,"Kaos Couple Wanita Tangan Pendek Gambar Anjing ""Pocket Dogs Cats"" Instacool Hitam LTF56 LTF57",Rp123.000,123000.0
fashion-couple,LOFOTEN Jam Tangan Couple Pasangan Sapphire Analog 8106 Blue Rose,Rp1.749.000,1749000.0
fashion-couple,Jam tangan Couple Casio Analog MTP-VT04L-7EDFxLTP-VT04L-7A2DF,Rp1.168.440,1168440.0
fashion-couple,Jam Tangan Couple Casio MTP-B190D-7BVDFxLTP-V007D-7BUDF,Rp1.613.040,1613040.0
fashion-couple,Fortuner Jam Tangan Couple Analog Pria Wanita Kulit Tahan Air Broda Stainless Watch Waterproof,Rp328.000,328000.0
fashion-couple,Jam Tangan Kulit Tanggal Couple Charles Delon Original Bonus Kotak 1303C Tahan air Santai Analog Watches Black Rose,Rp125.000,125000.0
fashion-couple,Seiko Jam Tangan Couple Series SUR558P1 & SUR550P1 Quartz White Champagne Dial Stainless Strap,Rp8.578.900,8578900.0
fashion-couple,Jam Tangan Casio Couple MTP VT01D 1BUDF & LTP VT01D 1BUDF Dealer Casio Official Store Woman Watches,Rp1.137.240,1137240.0
fashion-couple,Jam Tangan Alexandre Christie AC 1019 MD & AC 1019 LD Stainless Steel,Rp825.000,825000.0
fashion-couple,Casio Jam Tangan Couple MTP-V005D-1BUDF & LTP-V005D-1BUDF Water Resistant Diameter 40mm & 28.2mm Garansi Resmi Indonesia,Rp801.620,801620.0
fashion-couple,Jam Tangan Analog Couple Casio Stainless Steel MTP-V300D-7AUDF & LTP-V300D-7AVDF Original copy,Rp1.607.420,1607420.0
fashion-couple,Jam Tangan Analog Couple Casio MTP-VT03D-3BDF & LTP-VT03D-3BDF Stainless Steel copy,Rp1.275.620,1275620.0
fashion-couple,Jam Tangan Analog Couple Casio General MTP-1303DD-1AVDF & LTP-1303DD-1AVDF Original Stainless Steel Strap,Rp1.354.620,1354620.0
fashion-couple,Jam Tangan Couple Casio MTP-1302DD-5AVDF x LTP-1302DD-5AVDF Ori Analog,Rp1.449.420,1449420.0
fashion-couple,Jam Tangan Analog Couple Casio MTP-VT03D-1BDF & LTP-VT03D-1BDF Stainless Steel copy,Rp1.275.620,1275620.0
fashion-couple,Jam Tangan Analog Couple Casio General MTP-B185G-9AVDF & LTP-V007G-9EUDF Original Stainless Steel Strap,Rp2.184.120,2184120.0
fashion-couple,Jam Tangan Alexandre Christie AC 1039 MD & AC 1039 LD Leather Strap,Rp750.000,750000.0
fashion-couple,Jam tangan couple Casio MTP-1183Q-7ADF & LTP-1183Q-7ADF Dealer Casio Official Store,Rp1.028.040,1028040.0
fashion-couple,Jam Tangan Alexandre Christie AC 1007 MD & AC 1007 LD Stainless Steel,Rp825.000,825000.0
fashion-couple,Jam Tangan Couple Alexandre Christie AC 8713 M/LDFBRBA Black Dial Black Stainless Steel Strap,Rp1.960.000,1960000.0
fashion-couple,Jam Tangan CHRIST VERRA TIMELESS HARMONY CV 10639G-11 BLK & 10639L-11 BLK Stainless Steel,Rp705.000,705000.0
fashion-couple,Jam Tangan Couple Alexandre Christie Primo Steel AC 1014 M/LDLIPDG Black Dial Black Leather Strap,Rp1.330.000,1330000.0
fashion-couple,"Gerai Hawa - Baju Muslim Pasangan Suami & Istri (7) / Couple Set/ Baju Couple Kondangan/ Couple Set Terbaru/ Premium Abaya Set Syar'i Bahan Milwaukee & Kemeja Koko Pria Daily, Polos, & Eegant - Couple Set Edition",Rp659.000,659000.0
fashion-couple,Jam Tangan Lanccelot Couple Paladin Male & Female of Nightfall Pria dan Wanita,Rp1.838.000,1838000.0
fashion-couple,Districtstuff Kaos Custom Couple Keluarga Pentol,Rp70.600,70600.0
fashion-couple,Jam Tangan Couple Casio MTP-V002L-2B3UDF x LTP-V002L-2B3UDF,Rp731.640,731640.0
fashion-couple,Jam Tangan Couple G-SHOCK GM-2100-1ADRxGM-S2110-3ADR,Rp6.368.600,6368600.0
fashion-couple,Fortuner Jam Tangan Couple Korea Anti Air Pria Wanita Rantai Pasir Hem,Rp475.000,475000.0
fashion-couple,OLEVS Jam Tangan Couple Pasangan Anti Air Original Kulit Hitam Biru Terbaru 2023 Luxury Chronograph Watch Couple Multifungsi Analog COD,Rp572.000,572000.0
fashion-couple,ALBA Jam Tangan Couple AL4325 & AG8M41 Quartz Stainless Steel Silver Watch,Rp2.169.900,2169900.0
fashion-couple,Jam Tangan Couple Casio MTP-VT01L-1BUDF x LTP-VT01L-1BUDF,Rp1.070.220,1070220.0
fashion-couple,Jam Tangan Couple Casio MTP-V004D-7BUDF x LTP-V004D-7BUDF,Rp918.840,918840.0
fashion-couple,Jam Tangan Couple G-Shock DW-5600BB-1DR x GMD-S5610BB-1DR Watches,Rp3.454.200,3454200.0
fashion-couple,Jam Tangan Couple Alba AJ6215X1/AN8127X1 Blue Dial Blue Leather Strap,Rp1.010.940,1010940.0
fashion-couple,KAOSBRO - Kaos Couple Nobita Sizuka - Kaos Couple Terlengkap - Cotton Combed 30s Kain Katun Pasangan Baju Pendek Wanita,Rp72.413,72413.0
fashion-couple,Jam Tangan Analog Couple Casio General MTP-1303DD-1AVDF & LTP-1303DD-1AVDF Original Stainless Steel Strap,Rp1.354.620,1354620.0
fashion-couple,Jam Tangan Couple Digital Analog G-Shock GA-2200FF-8ADR & GMA-S2200M-7ADR Original,Rp4.405.680,4405680.0
fashion-couple,Jam Tangan Couple G-Shock GM-5600LC-7DR x GM-S5600LC-7DR Ori Digital,Rp5.250.580,5250580.0
fashion-couple,Fortuner Jam Tangan Couple Fashion Analog Quartz Tahan Air Rantai Stainless Alaia jam couple set Jarum Kaca Watch,Rp595.000,595000.0
fashion-couple,Fortuner Jam Tangan Couple Rantai Pasir Tahan Air Edisi Natal Michael,Rp497.000,497000.0
fashion-couple,Jam Tangan Kulit Anti Air Charles Delon CDM 8104 Couple Quartz untuk Pasangan - Watches,Rp105.000,105000.0
fashion-couple,Jam Tangan Karet Couple Charles Delon 8705 Analog Santai Tahan Air Black,Rp105.500,105500.0
fashion-couple,Jam Tangan Kulit Couple Charles Delon Original Bonus Kotak 3014 Tahan air Analog Santai Watches Rose Black,Rp105.500,105500.0
fashion-couple,Jam Tangan Kulit Couple Charles Delon Original Bonus Kotak 5204 Santai Analog Tahan air Watches,Rp105.500,105500.0
fashion-couple,Naisha - Couple Set by Naisha,Rp334.950,334950.0
fashion-couple,Jam Tangan Pasangan Charles Delon 8301 C Anti Air Rantai Tanggal Box Original Quartz Stainless,Rp145.000,145000.0
fashion-couple,Fortuner Jam Tangan Couple Bundling Digital Tahan Air Karet Rantai Stainless Absinthe jam couple set Kaca Rubber Watch,Rp293.000,293000.0
fashion-couple,Jam Tangan Couple Casio G-Shock GA-2100-1A/GMA-S2100-4A Digital Dial Black + Beige Resin Band,Rp3.190.600,3190600.0
fashion-couple,Fortuner Jam Tangan Couple Analog Quartz Tahan Air Rantai Pasir Leggera,Rp475.000,475000.0
fashion-couple,Bonia BR192-1732 / 2737 Jam Tangan Couple Rantai Stainless Black Rose BNR192-1732/2737,Rp3.878.730,3878730.0
fashion-couple,Jam Tangan Couple Alexandre Christie Primo Steel AC 1007 M/LDBSSSL Silver Dial Silver Stainless Steel Strap,Rp1.260.000,1260000.0
fashion-couple,Alba Jam Tangan Couple AS9J92 & AH8674 Gold Stainless Strap,Rp1.821.900,1821900.0
fashion-couple,Jam Tangan CHRIST VERRA CLASSIC MEMOIR CV 12452G-21 SLV & CV 12452L-21 SLV Leather Strap,Rp735.000,735000.0
fashion-couple,Jam Tangan Couple Alexandre Christie AC 8699 M/LHBRGSL Silver White Dial Rose Gold Stainless Steel Strap,Rp1.960.000,1960000.0
fashion-couple,Jam Tangan Karet Couple Charles Delon Original Bonus Kotak 6715 Analog Olahraga Tahan air Santai Black Rose Watches,Rp105.500,105500.0
fashion-couple,Jam Tangan Karet Couple Charles Delon Original Bonus Kotak 9505 Analog Santai Tahan Air,Rp105.000,105000.0
fashion-couple,Jam Tangan Kulit Couple Tanggal Charles Delon Original Bonus Kotak 3024C Analog Santai Tahan air Watches,Rp125.000,125000.0
fashion-couple,Jam Tangan Karet Couple Charles Delon Original Bonus Kotak 6706 Analog Santai Tahan air Black Rose Watches,Rp105.500,105500.0
fashion-couple,Jam Tangan Karet Couple Charles Delon Original Bonus Kotak 7901 Analog Santai Tahan air Black Watches Rose,Rp105.500,105500.0
fashion-couple,Jam Tangan Charles Delon 8111 C Wanita Pria Couple Anti Air Rantai Tanggal Box Original,Rp145.000,145000.0
fashion-couple,Jam Tangan Karet Couple Charles delon Original 6714 Analog Olahraga Tahan air Santai Black Rose Watches,Rp105.500,105500.0
fashion-couple,Fortuner Jam Tangan Couple Tahan Air Analog Water Resist Rantai Stainless 10801G 10801L Silver,Rp453.000,453000.0
fashion-couple,Jam Tangan Couple Alexandre Christie AC 1039 M/LDBIPDGRG Black Dial Black Stainless Steel Strap,Rp1.540.000,1540000.0
fashion-couple,Fortuner Arloji Couple Jam Tangan Analog Water Resistant Black Raynell,Rp497.000,497000.0
fashion-couple,Jam Tangan Couple Analog Digital G-Shock GBM-2100A-8BDR & GM-S2110PG-1A4DR Original,Rp7.075.280,7075280.0
fashion-couple,Jam Tangan Analog Digital Couple G-Shock GM-2100-1ADR & GM-S2110-2ADR Original Resin Band,Rp6.457.580,6457580.0
fashion-couple,Jam Tangan Analog Couple Casio General MTP-1303DD-7AVDF & LTP-1303DD-7AVDF Original Stainless Steel Strap,Rp1.354.620,1354620.0
fashion-couple,Casio Jam Tangan Couple MTP-V004L-2BUDF & LTP-V004L-2BUDF Diameter 41mm & 30.2mm Garansi Resmi Distributor Indonesia,Rp772.150,772150.0
fashion-couple,Jam Tangan Analog Couple Casio General MTP-B185D-2A2VDF & LTP-V007D-2EUDF Original Stainless Steel Strap,Rp1.631.120,1631120.0
fashion-couple,Jam Tangan Analog Couple Casio MTP-VT03BL-7BDF & LTP-VT03BL-7BDF Original Leather Strap copy,Rp1.275.620,1275620.0
fashion-couple,Jam Tangan Couple Casio G-Shock GA-2100-7A7/GMA-S2100-7A Digital Analog Dial White Resin Band,Rp3.190.600,3190600.0
fashion-couple,Jam Tangan Couple Casio M/LTP-V004D-7B White Dial Stainless Steel Strap,Rp918.840,918840.0
fashion-couple,Jam Tangan CHRIST VERRA TIMELESS HARMONY CV 10639G-1J BLU & CV 10639L-1J BLU Stainless Steel,Rp855.000,855000.0
fashion-couple,Jam Tangan Alexandre Christie AC 1019 MD & AC 1019 LD Stainless Steel,Rp675.000,675000.0
fashion-couple,Jam Tangan Couple Alba AJ6198X1 / AN8094X1 Silver Dial Brown Leather Strap Watches,Rp1.270.000,1270000.0
fashion-couple,Jam Tangan Alexandre Christie AC 8692 MH & AC 8692 LH Stainless Steel,Rp975.000,975000.0
fashion-couple,Jam Tangan Couple Casio M/LTP-VT01L-7B2 Silver Dial Brown Leather Band Watches,Rp1.059.240,1059240.0
fashion-couple,Crocodile CF-001A11B CM-001A11B Jam Tangan Couple Analog Original CM001 CF001,Rp2.415.420,2415420.0
fashion-couple,Jam Tangan Couple Seiko SUR525P1/SUR531P1 Discover More Dress Blue Dial Stainless Steel Strap,Rp5.580.000,5580000.0
fashion-couple,Monalisa Bangle Tennis Moissanite Bracelet Diamond Look Kawin Tunangan,Rp3.941.000,3941000.0
fashion-couple,Q&Q QnQ QQ Original Jam Tangan Couple Fashion - QA20 QA21 Water Resist,Rp640.000,640000.0
fashion-couple,Kab. Tangerang,Rp288.000,288000.0
fashion-couple,Jam Tangan Couple Alexandre Christie Classic AC 8709 M/LDBBRBA Black Dial Black Stainless Steel Strap,Rp2.660.000,2660000.0
fashion-couple,"Jam Tangan Charles Delon Rantai Anti Air Couple Wanita Pria MW 8111 CRH, Merek Asli, Tali Stainless Steel, Garansi 6 Bulan - Quartz",Rp150.000,150000.0
fashion-couple,Jam Tangan Karet Couple Charles Delon Original Bonus Kotak 8001 Analog Santai Tahan air Black Watches Rose,Rp105.500,105500.0
fashion-couple,Kab. Bekasi,Rp129.000,129000.0
fashion-couple,G-Shock Jam Tangan Couple Digital Analog GA-2200NC-7ADR & GMA-S2200-7ADR Original,Rp3.816.380,3816380.0
fashion-couple,Jam Tangan Couple Casio MTP-V004GL-9AUDF x LTP-V004GL-9AUDF,Rp887.420,887420.0
fashion-couple,Jam Tangan Digital Couple Casio ABL-100WE-1BDF & LA680WA-1BDF Original Stainless Steel Strap,Rp1.883.920,1883920.0
fashion-couple,Jam Tangan Analog Couple Casio General MQ-24B-9BDF x MQ-24B-7BDF Original copy,Rp896.420,896420.0
fashion-couple,Jam Tangan Alexandre Christie AC 1031 MD & AC 1031 LD Stainless Steel,Rp825.000,825000.0
fashion-couple,"kaos couple keren oversize scuba ""salt-honey"" navy MTU40 MTU43",Rp185.000,185000.0
fashion-couple,Jam Tangan Wanita Pria Couple Watch Karet Anti Air Box Original Charles Delon 9203,Rp105.000,105000.0
fashion-couple,Kaos Couple Pria Wanita SETOR TARIK TUNAI -Kain Katun-Lengan Panjang Pasangan,Rp72.413,72413.0
fashion-couple,Jam Tangan Couple Casio General LTP-V006G-9BUDF_MTP-V006G-9BUDF Light,Rp1.077.000,1077000.0
fashion-couple,"Kaos Couple Keluarga Motif Owl dan Rabbit Bahan Katun Combed 30s Kode 231 232 RVJ Store - Panjang, High Baju Atasan Distro Wanita Cewek",Rp30.000,30000.0
fashion-couple,Hi VABA Oversized Couple Selfie Tshirt | Kaos Streetwear Unisex Tee Combed Wanita Panjang Baju Pasangan Polos Basic Katun Pendek Hitam,Rp105.000,105000.0
fashion-couple,Jam Tangan Couple Casio MQ-24-7ELDFxLQ-139BMV-7ELDF,Rp404.040,404040.0
fashion-couple,G-Shock Jam Tangan Couple Digital Analog GA-2200NC-7ADR & GMA-S2200-7ADR Original,Rp3.816.380,3816380.0
fashion-couple,Jam Tangan Analog Couple Casio General MQ-24B-9BDF x MQ-24B-7BDF Original copy,Rp896.420,896420.0
fashion-couple,Jam Tangan Couple Casio MTP-V004GL-9AUDF x LTP-V004GL-9AUDF,Rp887.420,887420.0
fashion-couple,Jam Tangan Digital Couple Casio ABL-100WE-1BDF & LA680WA-1BDF Original Stainless Steel Strap,Rp1.883.920,1883920.0
fashion-couple,"kaos couple keren oversize scuba ""salt-honey"" navy MTU40 MTU43",Rp185.000,185000.0
fashion-couple,Jam Tangan Couple Alexandre Christie AC 1007 M/LDBRGLN Rose Gold Dial Rose Gold Stainless Steel Strap,Rp1.575.000,1575000.0
fashion-couple,Jam Tangan Couple Casio MTP-V300D-1AUDF x LTP-V300D-1AUDF,Rp2.138.000,2138000.0
fashion-couple,Crocodile CM-002A41B CF-002A41B Jam Tangan Couple Analog Original CM002 CF002,Rp2.133.550,2133550.0
fashion-couple,Q&Q QnQ QQ Original Jam Tangan Couple Analog Rantai Stainless Steel - Q50B & Q52B Water Resist 3 BAR,Rp740.000,740000.0
fashion-couple,Q&Q QnQ QQ Original Jam Tangan Couple Analog Rantai Stainless Steel - QZ60J & QZ61J Water Resist 3 BAR,Rp580.000,580000.0
fashion-couple,Jam Tangan Couple Alexandre Christie Steel AC 6141 MC/LDBTBBA Black Dial Silver Stainless Steel Strap Watches,Rp2.380.000,2380000.0
fashion-couple,Jam Tangan Couple Alexandre Christie Primo AC 1040 M/LDBSSSL Silver Dial Silver Stainless Steel Strap Watches,Rp1.288.000,1288000.0
fashion-couple,Odza Baju Kaos Unisex Pria Wanita Atasan Couple Kemerdekaan Indonesia Garuda Bendera 17 Agustus Putih Hitam,Rp89.000,89000.0
fashion-couple,Jam Tangan Karet Couple Charles Delon 8701 Analog Santai Tahan Air Black,Rp105.500,105500.0
fashion-couple,CASIO MTP-V004G-7B2UDF & LTP-V004G-7B2UDF - Jam Tangan Couple Original,Rp1.413.720,1413720.0
fashion-couple,Fortuner Jam Tangan Couple Fashion Klasik Original Tahan Air Rantai Pasir Javeline,Rp475.000,475000.0
fashion-couple,Jam Tangan Wanita Pria Couple Watch Kulit Anti Air Box Original Charles Delon 9405,Rp105.000,105000.0
fashion-couple,Jam Tangan Couple Charles Delon 8107 C Kulit Anti Air Tanggal Box Original,Rp125.000,125000.0
fashion-couple,Jam Tangan Sport Couple Tanggal Charles Delon Original Bonus Kotak 4204GC Tahan air Santai Analog Hitam Stainless Watches Black Rose,Rp105.500,105500.0
fashion-couple,Jam Tangan Couple Casio M/LTP-V004D-7B White Dial Stainless Steel Strap Watches,Rp918.840,918840.0
fashion-couple,Kaos Couple TERSANGKA KORBAN - Kaos couple terlengkap - Cotton combed 30s Kain Katun Baju Wanita Distro Pasangan Custom,Rp72.413,72413.0
fashion-couple,Jam Tangan Casio Couple MTP VT01L 7B2 & LTP VT01L 7B2 Dealer Casio Official Store Woman Man Watches,Rp1.059.240,1059240.0
fashion-couple,Jam Tangan Couple Alexandre Christie Classic Steel AC 8348 M/LDBIPBA Black Dial Black Stainless Steel Strap Watches,Rp1.750.000,1750000.0
fashion-couple,Fortuner Jam Tangan Couple Analog Quartz Rantai Pasir Tahan Air Zircon,Rp475.000,475000.0
fashion-couple,Jam Tangan Couple Alba AL4784X1/AL4798X1 Silver Dial Dual Tone Stainless Steel Strap,Rp3.394.740,3394740.0
fashion-couple,Jam Tangan Couple Alexandre Christie Classic Steel AC 8348 BIPBA Couple Black Dial Black Stainless Steel Strap,Rp1.750.000,1750000.0
fashion-couple,Jam Tangan Analog Couple Casio Stainless Steel MTP-1302DD-9AVDF & LTP-1302DD-4A2VDF Original copy,Rp1.449.420,1449420.0
fashion-couple,Jam Tangan Analog Couple Casio General MQ-24B-3BDF x MQ-24B-8BDF Original copy,Rp896.420,896420.0
fashion-couple,Jam Tangan Couple Analog Digital G-Shock GA-2100-1ADR & GMA-P2110-1ADR Original Resin Band,Rp3.731.180,3731180.0
fashion-couple,Jam Tangan Couple Casio MTP-1183Q-7ADF x LTP-1183Q-7ADF,Rp1.020.150,1020150.0
fashion-couple,Jam Tangan Couple G-Shock GM-5600LC-7DR x GM-S5600LC-7DR Ori Digital,Rp5.250.580,5250580.0
fashion-couple,Jam Tangan Analog Couple Casio MTP-VT03L-1BDF & LTP-VT03L-3BDF Original Stainless Steel copy,Rp1.180.820,1180820.0
fashion-couple,Casio Jam Tangan Couple MTP-VT01L-2BUDF & LTP-VT01L-2BUDF Woman Man Watches,Rp1.059.240,1059240.0
fashion-couple,Fortuner Arloji Couple Jam Tangan Analog Water Resistant Kombi Raynell,Rp497.000,497000.0
fashion-couple,Jam Tangan Couple Casio M/LTP-V002L-1B3 Black Dial Black Leather Strap Watches,Rp731.640,731640.0
fashion-couple,Jam Tangan CHRIST VERRA CLASSIC MEMOIR CV 12452G-25 SLV & CV 12452L-25 SLV Leather Strap,Rp825.000,825000.0
fashion-couple,Jam Tangan Couple Alba AJ6219X1/AN8131X1 Silver Dial Black Leather Strap,Rp1.010.940,1010940.0
fashion-couple,Jam Tangan Couple Casio G-Shock DW-5600BCE-1D/GMD-S5600CT-3D Digital Dial Black + Light Green Resin Band Watches,Rp3.218.600,3218600.0
fashion-couple,Jakarta Barat,Rp230.000,230000.0
fashion-couple,Jam Tangan Couple Seiko SUR446P1 / SUR454P1 Silver Dial Dual Tone Stainless Steel Strap,Rp7.470.000,7470000.0
fashion-couple,ZM Zaskia Mecca - Couple Set 2 - Primadona Series - Lilya Raya | Gamis Wanita & Kemeja Koko Pria | Baju Motif Muslim Pasangan,Rp263.200,263200.0
fashion-couple,ZM Zaskia Mecca - Couple Set Kemeja Ayah & Anak | Monogram Series Rupa | Koleksi Ramadhan Series,Rp335.300,335300.0
fashion-couple,"CASS T-Shirt Couple Huruf 3D Unik - Model Unisex, Cocok Couple Goals di Instagram! Baju Hitam Panjang Pendek Kaos Setelan Putih Atasan Pasangan",Rp98.000,98000.0
fashion-couple,Jam Tangan Lanccelot Couple Paladin Male & Female of Midnight Pria dan Wanita,Rp1.638.000,1638000.0
fashion-couple,Jam Tangan Couple Alexandre Christie Primo Steel AC 1039 BIPDGRG Tank Couple Black Dial Black Stainless Steel Strap,Rp1.540.000,1540000.0
fashion-couple,Jam Tangan Couple Alexandre Christie Primo AC 1007 M/LDLIPBA Black Dial Black Leather Strap,Rp1.365.000,1365000.0
fashion-couple,Jam Tangan Couple Alexandre Christie Classic Steel AC 8684 M/LDBURBU Blue Dial Blue Stainless Steel,Rp1.890.000,1890000.0
fashion-couple,Jam Tangan Couple G-SHOCK GM-2100-1ADRxGM-S2110-2ADR Watches,Rp6.368.600,6368600.0
fashion-couple,Jam tangan Couple Casio Analog MTP-VT03BL-7BDFxLTP-VT03BL-7BDF,Rp1.262.040,1262040.0
fashion-couple,Senna Bundling Couple Jam Tangan Kayu Beruang Samudera | MINI Beruang Samudera,Rp1.649.000,1649000.0
fashion-couple,Jam Tangan Rantai Couple Charles Delon Original 0307 RP Analog Santai Kemewahan Tahan air Watch Watches Watch,Rp120.000,120000.0
fashion-couple,Jam Tangan Couple Charles Delon 8116 RH Anti Air Rantai untuk Wanita dan Pria,Rp120.000,120000.0
fashion-couple,ThanksMother Kaos Couple Pasangan Remaja Baju Pacaran Anak Muda Love Cotton Combed 24s Hitam,Rp76.800,76800.0
fashion-couple,"Kaos Couple Pasangan Keren Wanita Lengan Pendek ""Heart Scribble"" Navy MTU30 Hitam MTU31",Rp165.000,165000.0
fashion-couple,Fortuner Jam Tangan Couple Analog Quartz Pria Wanita Rantai Tyler,Rp245.000,245000.0
fashion-couple,Jam Tangan CHRIST VERRA CV 12071G-28 BLK & CV 12071L-28 BLK Leather Strap,Rp885.000,885000.0
fashion-couple,Senna Bundling Couple Jam Tangan Kayu Jaya Maple | MINI Jaya Snowy,Rp1.649.000,1649000.0
fashion-couple,Jam Tangan Couple Alexandre Christie Primo AC 1007 M/LDBRGSL White Dial Rose Gold Stainless Steel Strap,Rp1.575.000,1575000.0
fashion-couple,Jam Tangan Casio Couple MTP-V005D-1BUDF & LTP-V005D-1BUDF Dealer Casio Official Store Women Man Watches,Rp794.040,794040.0
fashion-couple,Jam Tangan CHRIST VERRA CV 10639G-14 SLV & CV 10639L-14 SLV Stainless Steel,Rp840.000,840000.0
fashion-couple,Kaos Couple Pria Wanita SETOR TARIK TUNAI -Kain Katun-Lengan Panjang Pasangan,Rp72.413,72413.0
fashion-couple,Jam Tangan Couple Casio General LTP-V006G-9BUDF_MTP-V006G-9BUDF Light,Rp1.077.000,1077000.0
fashion-couple,"Kaos Couple Keluarga Motif Owl dan Rabbit Bahan Katun Combed 30s Kode 231 232 RVJ Store - Panjang, High Baju Atasan Distro Wanita Cewek",Rp30.000,30000.0
fashion-couple,Hi VABA Oversized Couple Selfie Tshirt | Kaos Streetwear Unisex Tee Combed Wanita Panjang Baju Pasangan Polos Basic Katun Pendek Hitam,Rp105.000,105000.0
fashion-couple,Jam Tangan Couple Casio MQ-24-7ELDFxLQ-139BMV-7ELDF,Rp404.040,404040.0
fashion-couple,Jam Tangan SEIKO CLASSIC SWR103P1 & SWR107P1 Tank Leather Strap,Rp3.510.000,3510000.0
fashion-couple,Jam Tangan Couple Alexandre Christie Classic AC 8712 M/LDFBRBA Black Dial Black Stainless Steel Strap,Rp1.960.000,1960000.0
fashion-couple,Jam Tangan Digital Couple Casio F-91WS-7DF & LA-20WHS-7ADF Original Resin Band,Rp920.120,920120.0
fashion-couple,Jam Tangan Analog Couple Casio MTP-VT04D-1EDF & LTP-VT04D-1ADF Original Stainless Steel copy,Rp1.275.620,1275620.0
fashion-couple,Jam Tangan Couple Casio MTP-1314D-1AVDF x LTP-1314D-1AVDF,Rp1.314.650,1314650.0
fashion-couple,Jam Tangan Couple Alexandre Christie AC 9205 BEPBA Couple Black Dial Black Stainless Steel Strap,Rp3.500.000,3500000.0
fashion-couple,Jam Tangan Couple Casio G-Shock LOV-25A-7A White Dial White Resin Band,Rp3.982.300,3982300.0
fashion-couple,Jam Tangan Couple Casio MTP-V005D-1BUDF x LTP-V005D-1BUDF,Rp801.620,801620.0
fashion-couple,BORCH & CO. Gelang Couple Kulit Pria Wanita - Nappa Butterfly Couple Navy Gold,Rp2.599.000,2599000.0
fashion-couple,Q&Q QnQ QQ Original Jam Tangan Couple Analog Rantai Superior - S396J S397J Water Resist 5 BAR,Rp1.000.000,1000000.0
fashion-couple,Jam Tangan Couple Kulit Tanggal Anti Air Charles Delon 8109 C,Rp125.000,125000.0
fashion-couple,Jam Tangan Karet Couple Charles Delon Original 6713 Analog Santai Olahraga Tahan air Black Rose Watches,Rp105.500,105500.0
fashion-couple,Jam Tangan Sport Tanggal Couple Charles Delon Original Bonus Kotak 4205GC Tahan air Santai Analog Hitam Stainless Watches Black Rose,Rp105.500,105500.0
fashion-couple,Jam Tangan Karet Couple Charles Delon Original Bonus Kotak 4407 Tahan air Santai Analog Black Watches Gold,Rp105.500,105500.0
fashion-couple,Jam Tangan Rantai Couple Charles Delon Original Bonus Kotak 6807G Analog Santai Tahan air Watches Rose,Rp120.000,120000.0
fashion-couple,Jam Tangan Rantai Tanggal Couple Charlesdelon Original 6804 Analog Kemewahan Santai Tahan air Bisnis Black Silver Watches,Rp120.000,120000.0
fashion-couple,X8 Danastri Shirts - kemeja wanita lengan panjang couple,Rp235.960,235960.0
fashion-couple,Fortuner Jam Tangan Couple Analog Quartz Kulit Tahan Air Vinnie,Rp385.000,385000.0
fashion-couple,Jam Tangan Couple Casio G-Shock SLV-19B-1DR Summer Lovers Digital Dial Resin Band,Rp3.767.000,3767000.0
fashion-couple,Jam Tangan Couple Christophe Arden Classic Steel CA 2003 M/LDBIPBARG Black Dial Black Stainless Steel Strap Watches,Rp825.000,825000.0
fashion-couple,Jam Tangan Couple G-Shock SEASONAL PAIR COLLECTION 2025 LOV-25A-7ADR Analog Digital,Rp3.982.300,3982300.0
fashion-couple,"kaos couple pasangan keren wanita lengan pendek instacool ""heart scribble"" navy LTG70 Hitam LTG71",Rp135.000,135000.0
fashion-couple,Jam Tangan Couple Christophe Arden Classic Steel CA 2002MDBSSLG /CA 2002 LDBSSLGRG Analog Dial Silver Stainless Steel Strap Watches Watches,Rp720.000,720000.0
fashion-couple,Jam Tangan Couple Casio G-Shock GA-2100-7A7 / GMA-S2100-7A Digital Analog Dial White Resin Band Watches,Rp3.190.600,3190600.0
fashion-couple,Jam Tangan Couple Seiko SUR446P1/SUR354P1 Neo Classic White/Gold Dial Dual Tone Stainless Steel Strap,Rp7.245.000,7245000.0
fashion-couple,Jam Tangan Analog Couple Casio MTP-VT04D-7EDF & LTP-VT04D-7ADF Original Stainless Steel copy,Rp1.275.620,1275620.0
fashion-couple,Jam Tangan Couple Casio MTP-V002D-7B3UDF x LTP-V002D-7B3UDF,Rp896.420,896420.0
fashion-couple,Jam Tangan Analog Couple Casio MTP-VT03BL-7BDF & LTP-VT03BL-7BDF Original Leather Strap copy,Rp1.275.620,1275620.0
fashion-couple,Jam Tangan Analog Couple Casio MQ-24B-3BDF & LQ-24B-3BDF Original copy,Rp896.420,896420.0
fashion-couple,Kaosbro - Kaos Couple Man Angry - Cotton Combed 30s - Baju Skena Style Kain Katun Pasangan Distro Pendek,Rp72.413,72413.0
fashion-couple,Jam Tangan Couple Expedition Exp EX 6866 M/LDBSSSLRM Silver Dial Silver Stainless Steel Strap,Rp1.235.000,1235000.0
fashion-couple,Jam Tangan Couple Alba Active AL4661X1/AL4671X1 Automatic Black Dial Stainless Steel Strap,Rp3.053.700,3053700.0
fashion-couple,Fortuner Jam Tangan Couple Elegan Original Stainless Water Resist,Rp710.000,710000.0
fashion-couple,Jam Tangan Couple G-Shock GM-2100G-1A9DR x GM-S2100GB-1ADR Ori Analog,Rp6.571.180,6571180.0
fashion-couple,Jam Tangan Couple Seiko SUR527P1/SUR533P1 Discover More Dress Olive Green Dial Stainless Steel Strap,Rp5.580.000,5580000.0
fashion-couple,Jam tangan couple Casio MTP-VT01L-7B2 & LTP-VT01L-7B2 Dealer Casio Official Store,Rp1.059.240,1059240.0
fashion-couple,Kab. Tangerang,Rp358.000,358000.0
fashion-couple,Jam Tangan Couple Alexandre Christie Primo Steel AC 1031 M/LDBBRBA Black Dial Black Stainless Steel Strap,Rp1.540.000,1540000.0
fashion-couple,Jam Tangan Couple Charles delon Rantai 6810G Analog Santai Tahan Air Bonus Kotak,Rp120.000,120000.0
fashion-couple,Jam Tangan Couple Karet Pria Wanita Analog CHARLES DELON M-W 6712 Free Box Original,Rp105.500,105500.0
fashion-couple,Jam Tangan Rantai Tanggal Couple Charles Delon Original Bonus Kotak 3919BC Analog Kemewahan Tahan air Black Stainless Rose Watches,Rp145.000,145000.0
fashion-couple,Jam Tangan Kulit Couple Tanggal Charles Delon Original Bonus Kotak 3025C Analog Santai Tahan air Watches,Rp125.000,125000.0
fashion-couple,Jam Tangan Karet Sport Couple Charles Delon Original Bonus Kotak 1801 Tahan air Santai Analog Blue Watches Black,Rp105.500,105500.0
fashion-couple,Jam Tangan Charlesdelon Rantai Couple Original CDG 0306 Analog Olahraga Tahan air Stainless Watches,Rp120.000,120000.0
fashion-couple,Jam Tangan Couple Zinvo Automatic Blade Spirit & Blade Allure,Rp10.918.800,10918800.0
fashion-couple,DABEDA ORIGINAL BRAND couple set Jaket Jeans couple sudah 2pcs baju couple pria wanita korean style,Rp290.559,290559.0
fashion-couple,Jam Tangan Couple Casio General LTP-V300G-9AUDF_MTP-V300G-9AUDF Light Gold Dial Gold Stainless Steel Band,Rp1.601.000,1601000.0
fashion-couple,Fortuner Jam Tangan Couple Water Resist Analog Pria Wanita Kulit Broda Stainless Watch Waterproof,Rp328.000,328000.0
fashion-couple,Jam Tangan Analog Digital Couple G-Shock GM-5600-1DR & GM-S5600-1DR Original Resin Band,Rp5.207.980,5207980.0
fashion-couple,Casio Jam Tangan Couple MTP-V005L-7BUDF & LTP-V005L-7BUDF Tahan Air 100 Meter Baterai 3 Tahun Strap Resin Bio Desain Elegan,Rp706.820,706820.0
fashion-couple,Fortuner Jam Tangan Couple Analog Quartz RoseGold White Water Resist Astroo,Rp536.000,536000.0
fashion-couple,G-Shock Jam Tangan Couple LOV-25A-7ADR Analog Digital Dial White Resin Strap,Rp3.982.300,3982300.0
fashion-couple,Jam Tangan CHRIST VERRA TIMELESS HARMONY CV 10639G-15 SLV & CV 10639L-15 SLV Stainless Steel,Rp840.000,840000.0
fashion-couple,Jam Tangan Couple Casio M/LTP-V002D-7B3 White/Grey Dial Stainless Steel Strap,Rp887.640,887640.0
fashion-couple,Jam Tangan Couple Casio M/LTP-V004D-7B2 Silver Dial Stainless Steel Strap,Rp918.840,918840.0
fashion-couple,Jam Tangan Analog Couple Alexandre Christie AC 8698 Leather Series,Rp1.680.000,1680000.0
fashion-couple,CARDIFF Jam Tangan 7109 Anti Karat Water Resist Quartz Movement Stainless Steel Tanggal Analog Tahan Air 3ATM Garansi 1 Tahun Kaca Japan Quartz Movement Desain Formal Gaya Casual,Rp364.000,364000.0
fashion-couple,Jam Tangan Couple Analog Digital G-Shock GM-5600-1DR & GM-S5600-1DR Original,Rp5.207.980,5207980.0
fashion-couple,Jam Tangan Analog Couple Casio MTP-VT04L-7EDF & LTP-VT04L-7A2DF Leather Strap copy,Rp1.180.820,1180820.0
fashion-couple,Jam Tangan CHRIST VERRA CLASSIC MEMOIR CV 12452G-25 BLK & CV 12452L-25 BLK Leather Strap,Rp825.000,825000.0
fashion-couple,Jam Tangan Couple Casio MTP-V004D-7BUDF x LTP-V004D-7BUDF,Rp918.840,918840.0
fashion-couple,Jam Tangan Couple G-Shock DW-5600BB-1DR x GMD-S5610BB-1DR Watches,Rp3.454.200,3454200.0
fashion-couple,Jane Frey Clothing 8175 Kemeja Shanghai Panjang Couple Set Baju Setelan Atasan Katun Keluarga,Rp90.000,90000.0
fashion-couple,"Kaos Couple Keluarga Motif Owl dan Rabbit Bahan Katun Combed 30s Kode 231 232 RVJ Store - Panjang, High Baju Atasan Distro Wanita Cewek",Rp30.000,30000.0
fashion-couple,Jam Tangan Couple Casio W-218H-3AVDFxW-218HC-8AVDF,Rp747.240,747240.0
fashion-couple,CARDIFF Jam Tangan 7109 Anti Karat Water Resist Quartz Movement Stainless Steel Tanggal Analog Tahan Air 3ATM Garansi 1 Tahun Kaca Japan Quartz Movement Desain Formal Gaya Casual,Rp364.000,364000.0
fashion-couple,Jam Tangan Analog Couple Alexandre Christie AC 8698 Leather Series,Rp1.680.000,1680000.0
fashion-couple,Jam Tangan Couple Casio M/LTP-V004D-7B2 Silver Dial Stainless Steel Strap,Rp918.840,918840.0
fashion-couple,Jam Tangan Couple Alexandre Christie Primo Steel AC 1007 M/LDBBRBASL Black Dial Black Stainless Steel Strap,Rp1.540.000,1540000.0
fashion-couple,Jam Tangan Alexandre Christie Primo Style AC 1008 MD & AC 1008 LD Stainless Steel,Rp640.000,640000.0
fashion-couple,EYKI Jam Tangan Couple/pasangan Kulit Asli Genuine Leather Original E1162L,Rp899.000,899000.0
fashion-couple,Setelan Baju Olahraga Pria Wanita Couple Size M-XXL Fit 110 Kg Babyterry LEZAHRASIGNATURE Set Sporty Jogger PantsCouple,Rp399.000,399000.0
fashion-couple,Jam Tangan Couple Alexandre Christie AC 8699 M/LHLRGSL Silver White Dial Black Leather Strap,Rp1.820.000,1820000.0
fashion-couple,Jam Tangan Couple Zinvo Automatic Blade Spirit & Blade Rosegold,Rp10.918.800,10918800.0
fashion-couple,Jam Tangan Karet Tanggal Couple Charles Delon Original Bonus Kotak 3106C Tahan air Santai Analog Watches Blue Black,Rp105.500,105500.0
fashion-couple,Jam Tangan Couple Charles Delon CDM 9403 Kulit Anti Air Box Original Pria Wanita,Rp105.000,105000.0
fashion-couple,Jam Tangan Couple Kulit Anti Air Charles Delon CDM 9404,Rp105.000,105000.0
fashion-couple,Jam Tangan Rantai Couple Charles delon Original Bonus Kotak 6806G Analog Santai Tahan air Tahan air Watches Rose,Rp120.000,120000.0
fashion-couple,Jam Tangan Karet Couple Charles Delon 8704 Analog Santai Tahan Air Black,Rp105.500,105500.0
fashion-couple,Sunlifex Jam Tangan Couple Tanggal Luminous Tali Stainless Steel Jam Tangan Pria/Wanita Original 3268-2,Rp230.000,230000.0
fashion-couple,Jam Tangan Couple Seiko SUR558P1/SUR578P1 White Dial Dual Tone Stainless Steel Strap,Rp8.361.000,8361000.0
fashion-couple,"kaos couple keren oversize scuba ""salt-honey"" navy MTU40 MTU43",Rp185.000,185000.0
fashion-couple,Fortuner Jam Tangan Couple Analog Quartz Angka Arab Kulit Kaca Tahan Air Stainless Samar,Rp308.000,308000.0
fashion-couple,"kaos couple keren oversize scuba ""salt-honey"" putih MTU38 MTU41",Rp185.000,185000.0
fashion-couple,Casio Jam Tangan Couple MTP-1314L-8AVDF & LTP-1314L-8AVDF Tahan Air 100M Baterai 3 Tahun Strap Resin Bio Desain Elegan,Rp1.206.150,1206150.0
fashion-couple,Casio Jam Tangan Couple MTP-V002L-7B3UDF & LTP-V002L-7B3UDF Diameter 37mm & 25mm Garansi Resmi Distributor Indonesia,Rp738.420,738420.0
fashion-couple,Jam Tangan Couple Alba AN8082X1_AJ6186X1 Couple Gold Dial Gold Stainless Steel Strap,Rp1.291.000,1291000.0
fashion-couple,Jam Tangan Couple Casio G-Shock GA-2100-1A1/GMA-S2100-7A Digital Analog Dial Black + White Resin Band,Rp3.190.600,3190600.0
fashion-couple,Bonia BR192-1612 / 2617 Jam Tangan Couple Rantai Stainless Rose BNR192-1612/2617,Rp3.578.400,3578400.0
fashion-couple,"kaos couple keren oversize scuba ""salt-honey"" hitam MTU39 MTU42",Rp185.000,185000.0
fashion-couple,Jam Tangan Alexandre Christie AC 1019 MD & AC 1019 LD Stainless Steel,Rp675.000,675000.0
fashion-couple,Jam Tangan Alexandre Christie AC 1008 MD & AC 1008 LD Stainless Steel,Rp790.000,790000.0
fashion-couple,Jam Tangan Couple Christophe Arden Classic Steel CA 2003 M/LDLIPBARG Black Dial Black Leather Strap Watches,Rp750.000,750000.0
fashion-couple,X8 Keth T-Shirt Couple Lengan Pendek,Rp62.475,62475.0
fashion-couple,Jam Tangan Wanita Pria Couple Watch Karet Anti Air Box Original Charles Delon 9204,Rp105.000,105000.0
fashion-couple,Jam Tangan Couple Alexandre Christie Primo Steel AC 1007 M/LDBSSSL Silver Dial Silver Stainless Steel Strap Watches,Rp1.260.000,1260000.0
fashion-couple,Set Baju Tidur Pria Wanita Couple Ayah Bunda LEZAHRASIGNATURE Setelan Piyama Kancing Celana Pendek Katun Rayon Premium Fit L-XXL Short Sleeve Short Pants Sleepwear,Rp429.000,429000.0
fashion-couple,GIFT BOX WEDDING PIYAMA Lezahrasignature Paket Premium Hampers Setelan Piyama Couple Lengan Panjang Pasangan Suami Istri Anniversary Romantis,Rp1.158.000,1158000.0
fashion-couple,Fortuner Jam Tangan Couple Analog Water Resistant Rantai Pasir Blaise Hitam Kaca Quartz Stainless Watch,Rp435.000,435000.0
fashion-couple,Jam Tangan Karet Couple Charles Delon Original Bonus Kotak 9502 Analog Santai Tahan Air Watches,Rp105.500,105500.0
fashion-couple,Jam Tangan Couple Charles Delon 8114 RH Anti Air Rantai Box Original,Rp120.000,120000.0
fashion-couple,Jam Tangan Kulit Anti Air Charles Delon CDM 8504 untuk Pasangan,Rp200.000,200000.0
fashion-couple,Jam Tangan Couple Charles Delon 3912 CRH Anti Air Rantai untuk Wanita dan Pria - Watches,Rp145.000,145000.0
fashion-couple,Jam Tangan Kulit Tanggal Couple Charles Delon Original Bonus Kotak 3021C Analog Santai Tahan air Watches,Rp125.000,125000.0
fashion-couple,Jam Tangan Karet Couple Charles Delon Original Bonus Kotak 6071 Tahan air Analog Black Watches,Rp105.500,105500.0
fashion-couple,Jam Tangan Rantai Pasir Couple Charles Delon Original Bonus Kotak 6501 Tahan air Santai Analog Watches,Rp120.000,120000.0
fashion-couple,Jonas Jasmin - Jam Tangan Couple Analog JJ-3123M/JJ-3123L Watch Include Box Fullset,Rp223.200,223200.0
fashion-couple,KAOSAYE - Kaos Bucin Couple Custom Star Left Foto T-shirt (Pria & Wanita),Rp67.500,67500.0
fashion-couple,Kab. Bekasi,Rp129.000,129000.0
fashion-couple,Jam tangan Couple Casio Analog MTP-VT04D-7EDFxLTP-VT04D-7ADF,Rp1.262.040,1262040.0
fashion-couple,G-Shock Jam Tangan Couple SLV-19B-1DR Waterproof Watches,Rp5.149.000,5149000.0
fashion-couple,Jam Tangan Couple Christophe Arden Classic Steel CA 2002 M/LDBIPBARG Black Dial Black Stainless Steel Strap,Rp810.000,810000.0
fashion-couple,Fortuner Jam Tangan Couple Analog Water Resistant Karson,Rp460.000,460000.0
fashion-couple,"Kaos Couple Pasangan Keren Wanita Lengan Pendek ""Heart Scribble"" Navy MTU30 Hitam MTU31",Rp165.000,165000.0
fashion-couple,ALBA Jam Tangan COUPLE AS9S22 & AH7CG0 Quartz Genuine Leather Hitam Watch,Rp1.154.900,1154900.0
fashion-couple,Jam Tangan Couple Alexandre Christie AC 8713 M/LDFBRBA Black Dial Black Stainless Steel Strap,Rp1.960.000,1960000.0
fashion-couple,Crocodile CF-024E11F CM-024E11F Jam Tangan Couple Analog Original CM024 CF024,Rp2.249.280,2249280.0
fashion-couple,Fortuner Jam Tangan Couple Analog Quartz Water Resistant Rantai Pasir Milanese Blaise,Rp435.000,435000.0
fashion-couple,STREES Sweater Sweatshirt Crewneck Couple Pria & Wanita Keren Berbahan Katun Fleece Lembut Nyaman Size M-XXL Jaket Simple,Rp59.900,59900.0
fashion-couple,KAOSBRO - Kaos Couple Acdc 1980 - Premium Katun Combed 30s Kain Baju Wanita Pasangan Distro,Rp72.413,72413.0
fashion-couple,KAOSBRO - Kaos Couple I'm The One - Premium Katun Combed 30s Kain Baju Wanita Pasangan Distro Pendek,Rp72.413,72413.0
fashion-couple,BATIK TRUSMI Set Couple Setelan Viscose Wanita Dan Hem Pria Hijau Atasan Baju Motif Panjang Bawahan Kombinasi Lilit Pasangan,Rp189.000,189000.0
fashion-couple,Jam Tangan Digital Couple Casio W-218H-3AVDF & W-218HC-8AVDF Original Resin Band,Rp754.220,754220.0
fashion-couple,Jam Tangan Digital Couple Casio General W-218H-3AVDF x F-91WM-3ADF Original,Rp659.420,659420.0
fashion-couple,Jam Tangan Couple S Expedition E 6402 MCLBRBA / E 6402 BFLGRBA Black Dial Brown Leather Strap Watches,Rp2.993.250,2993250.0
fashion-couple,Jam Tangan Couple Casio MTP-V004D-7BUDF x LTP-V004D-7BUDF,Rp918.840,918840.0
fashion-couple,Jam Tangan Couple G-Shock DW-5600BB-1DR x GMD-S5610BB-1DR Watches,Rp3.454.200,3454200.0
fashion-couple,Jane Frey Clothing 8175 Kemeja Shanghai Panjang Couple Set Baju Setelan Atasan Katun Keluarga,Rp90.000,90000.0
fashion-couple,"Kaos Couple Keluarga Motif Owl dan Rabbit Bahan Katun Combed 30s Kode 231 232 RVJ Store - Panjang, High Baju Atasan Distro Wanita Cewek",Rp30.000,30000.0
fashion-couple,Jam Tangan Couple Casio W-218H-3AVDFxW-218HC-8AVDF,Rp747.240,747240.0
fashion-couple,Jam Tangan Digital Couple Casio General W-218H-3AVDF x F-91WM-3ADF Original,Rp659.420,659420.0
fashion-couple,X8 Merlyn Blouse wanita garis-garis couple,Rp189.900,189900.0
fashion-couple,Jam Tangan Couple S Expedition E 6402 MCLBRBA / E 6402 BFLGRBA Black Dial Brown Leather Strap Watches,Rp2.993.250,2993250.0
fashion-couple,Jam Tangan Couple Alexandre Christie AC 8713 M/LDFBRBA Black Dial Black Stainless Steel Strap,Rp1.960.000,1960000.0
fashion-couple,Fortuner Jam Tangan Analog Couple Kulit Water Resistant Ava,Rp435.000,435000.0
fashion-couple,Jam Tangan Analog Couple Casio MQ-24B-1BDF & LQ-24B-1BDF Original copy,Rp896.420,896420.0
fashion-couple,KAOSBRO - Kaos Couple Pink Love - Kaos Couple Terlengkap - Cotton Combed 30s Kain Katun Baju Pasangan Distro Wanita Pendek,Rp72.413,72413.0
fashion-couple,Jam Tangan Couple Seiko SUR527P1 / SUR533P1 Discover More Dress Olive Green Dial Stainless Steel Strap Watches,Rp5.580.000,5580000.0
fashion-couple,Jam Tangan Couple Alba AS9S62X1 / AH7CK6X1 Silver Dial Dual Tone Stainless Steel Strap Watches,Rp1.864.410,1864410.0
fashion-couple,Crocodile CF-024F11C CM-024F11C Jam Tangan Couple Analog Original CM024 CF024,Rp2.249.280,2249280.0
fashion-couple,Jam Tangan Wanita Pria Couple Watch Karet Anti Air Box Original Charles Delon 9201,Rp105.000,105000.0
fashion-couple,Charles Delon Jam Tangan Karet Couple Original CDM 8202 Tahan Air Analog Hitam & Merah Bonus Kotak Santai Watches,Rp105.500,105500.0
fashion-couple,Fortuner Jam Tangan Couple Analog Quartz Chrono Rantai Tahan Air Valery,Rp536.000,536000.0
fashion-couple,Jam Tangan CHRIST VERRA CV 12071G-21 SLV Leather Strap,Rp780.000,780000.0
fashion-couple,Jam Tangan Analog Couple Alexandre Christie AC 8684 Stainless Steel Series,Rp1.820.000,1820000.0
fashion-couple,Jam Tangan Couple Alexandre Christie Classic AC 8712 M/LDFROBO Brown Dial Brown Stainless Steel Strap,Rp1.960.000,1960000.0
fashion-couple,Jam Tangan Couple Alba AS9S62X1/AH7CK6X1 Silver Dial Silver Dual Tone Stainless Steel Strap,Rp1.864.410,1864410.0
fashion-couple,Jam Tangan Couple Alba ARX121X1/ARX139X1 White Dial Black Leather Strap,Rp751.680,751680.0
fashion-couple,Jam Tangan Couple Casio G-Shock DW-5600BCE-1D/GMD-S5600CT-4D Digital Dial Black + Light Pink Resin Band Watches,Rp3.218.600,3218600.0
fashion-couple,Jam Tangan Charles Delon 0403 RP Anti Air Rantai untuk Pasangan Wanita dan Pria - Watches,Rp120.000,120000.0
fashion-couple,Jam Tangan Kulit Couple Tanggal Charles Delon Bonus Kotak 3023C Analog Santai Tahan air Watches,Rp125.000,125000.0
fashion-couple,Jam Tangan Karet Couple Charles Delon Original Bonus Kotak 3203 Tahan air Santai Analog Watches Black,Rp105.500,105500.0
fashion-couple,Jam Tangan Pasangan Wanita dan Pria Charles Delon 8115 RH Anti Air,Rp95.000,95000.0
fashion-couple,Districtstuff Kaos Family Custom Couple Keluarga Nomor Punggung,Rp70.600,70600.0
fashion-couple,Jonas Jasmin - Jam Tangan Couple Analog JJ-3118M/L Watch Include Box Fullset,Rp176.700,176700.0
fashion-couple,Jam Tangan Couple Alba AS9V83X1/AH7ES3X1 Black Dial Stainless Steel Strap,Rp1.985.340,1985340.0
fashion-couple,Jam Tangan Couple Alexandre Christie Primo Steel AC 1040 M/LDBIPBA Black Dial Black Stainless Steel Strap,Rp1.610.000,1610000.0
fashion-couple,Jam Tangan CHRIST VERRA TIMELESS HARMONY CV 10639G-12 SLV & CV 10639L-12 SLV Stainless Steel,Rp810.000,810000.0
fashion-couple,BATIK TRUSMI Set Couple Atasan Batik Wanita dan Kemeja Batik Laki-Laki Lengan Pendek IKN Navy Baju Katun Panjang Hem Motif Keluarga Pasangan Tunik,Rp255.000,255000.0
fashion-couple,Jam Tangan Couple Casio G-Shock GA-2100-1A1 / GMA-P2100BB-1A Digital Analog Dial Black Resin Band Watches,Rp3.190.600,3190600.0
fashion-couple,Jam Tangan Analog Couple Casio Vintage Tank MTP-B190D-7BVDF & LTP-V007D-7BUDF Original Stainless Steel Strap,Rp1.631.120,1631120.0
fashion-couple,Jam Tangan Analog Couple Casio MQ-24B-3BDF & LQ-24B-3BDF Original copy,Rp896.420,896420.0
fashion-couple,BATIK TRUSMI Set Couple Atasan Batik Wanita dan Kemeja Batik Laki-Laki Lengan Pendek IKN Hitam Baju Katun Panjang Hem Motif Pasangan Keluarga Seragam,Rp255.000,255000.0
fashion-couple,Jam Tangan Analog Couple Casio General MQ-24B-3BDF x MQ-24B-8BDF Original copy,Rp896.420,896420.0
fashion-couple,Jam Tangan Digital Couple Casio W-218H-3AVDF & W-218HC-8AVDF Original Resin Band,Rp754.220,754220.0
fashion-couple,Jam Tangan Digital Analog Couple G-Shock GA-2200NC-7ADR & GMA-S2200-7ADR Original Resin Band,Rp3.816.380,3816380.0
fashion-couple,Jam Tangan Couple Casio M/LTP-VT01D-1B Black Dial Stainless Steel Band Watches,Rp1.137.240,1137240.0
fashion-couple,Jam Tangan Couple Alexandre Christie AC 8699 M/LHBRGSL Silver White Dial Rose Gold Stainless Steel Strap Watches,Rp1.960.000,1960000.0
fashion-couple,Jam Tangan Couple Casio G-Shock GA-2100-1A1 / GMA-S2100-7A Digital Analog Dial Black + White Resin Band Watches,Rp3.190.600,3190600.0
fashion-couple,Kab. Tangerang,Rp288.000,288000.0
fashion-couple,Q&Q QnQ QQ Original Jam Tangan Couple Analog Rantai Superior - S398J S399J Water Resist 5 BAR,Rp1.000.000,1000000.0
fashion-couple,Jam Tangan Couple Alexandre Christie Chronograph AC 6141 M/LDBTBBA Black Dial Silver Stainless Steel Strap,Rp2.380.000,2380000.0
fashion-couple,Crocodile CF-024B11B CM-024B11B Jam Tangan Couple Analog Original CM024 CF024,Rp2.249.280,2249280.0
fashion-couple,CASIO MRW-200H-7EVDF LRW-200H-7E1VDF Jam Tangan Analog Couple Pasangan,Rp917.320,917320.0
fashion-couple,Jam Tangan Couple Casio W-218H-1AVDFxW-218HC-4AVDF,Rp747.240,747240.0
fashion-couple,Kab. Bekasi,Rp129.000,129000.0
fashion-couple,Jam Tangan Rantai Tanggal Couple Charles Delon Original Bonus Kotak 3918BC Analog Kemewahan Tahan air Black Stainless Rose Watches,Rp145.000,145000.0
fashion-couple,Jam Tangan Couple Charles Delon 0401 RP Anti Air Rantai untuk Wanita dan Pria - Watches,Rp120.000,120000.0
fashion-couple,Jam Tangan Couple Charles Delon 3915 CRH Anti Air Rantai untuk Wanita dan Pria - Watches,Rp145.000,145000.0
fashion-couple,Jam Tangan Couple Charles Delon 0401 RH Anti Air Rantai untuk Wanita dan Pria Quartz Stainless Watches,Rp120.000,120000.0
fashion-couple,Jam Tangan Rantai Couple Charles Delon Original 0307 RK Analog Kemewahan Santai Tahan air Gold Watches,Rp120.000,120000.0
fashion-couple,Jam Tangan Kulit Couple Charles Delon Original Bonus Kotak 5205 Analog Santai Tahan air Watches,Rp105.500,105500.0
fashion-couple,(Limited Offer) Naisha - Pesona Raya Army Series | Couple Set | Set Ibu Ayah | Set Pasangan,Rp299.000,299000.0
fashion-couple,Kaos Sablon Custom Foto Bucin Love Mosaic Pria Wanita Baju Couple Pasangan,Rp78.800,78800.0
fashion-couple,Jam Tangan Couple Casio M/LTP-V002D-7B3 White/Grey Dial Stainless Steel Strap Watches,Rp887.640,887640.0
fashion-couple,Jam Tangan AIGNER PISA ARWLG0000602 Silver Gold Stainless Strap,Rp5.570.000,5570000.0
fashion-couple,Jam Tangan Couple Alexandre Christie Classic Steel AC 8684 M/LDBURBU Blue Dial Blue Stainless Steel Strap Watches,Rp1.890.000,1890000.0
fashion-couple,Jam Tangan Couple G-Shock LOV-25A-7ADR Analog Digital Dial White Resin Band,Rp3.982.300,3982300.0
fashion-couple,ALBA Jam Tangan Couple AS9S69 & AH7CL1 Quartz Stainless Steel Silver Watch,Rp1.457.900,1457900.0
fashion-couple,Jam Tangan Alexandre Christie AC 1039 MD & AC 1039 LD Leather Strap,Rp790.000,790000.0
fashion-couple,"Kaos Couple Keluarga Motif Owl dan Rabbit Bahan Katun Combed 30s Kode 231 232 RVJ Store - Panjang, High Baju Atasan Distro Wanita Cewek",Rp30.000,30000.0
fashion-couple,Kaos Couple Pria Wanita SETOR TARIK TUNAI -Kain Katun-Lengan Panjang Pasangan,Rp72.413,72413.0
fashion-couple,Jam Tangan Couple G-Shock DW-5600BB-1DR x GMD-S5610BB-1DR Watches,Rp3.454.200,3454200.0
fashion-couple,Jam Tangan Couple Casio MQ-24-7ELDFxLQ-139BMV-7ELDF,Rp404.040,404040.0
fashion-couple,Jam Tangan Couple Casio W-218H-1AVDFxW-218HC-4A2VDF,Rp747.240,747240.0
fashion-couple,Jam Tangan Couple Alexandre Christie AC 1007 M/LDBRGLN Rose Gold Dial Rose Gold Stainless Steel Strap Watches,Rp1.575.000,1575000.0
fashion-couple,Jam Tangan Alexandre Christie AC 1039 MD & AC 1039 LD Full Black Stainless Steel,Rp825.000,825000.0
fashion-couple,Jam Tangan Couple Casio M/LTP-1183Q-7A White Dial Brown Leather Strap Watches,Rp1.028.040,1028040.0
fashion-couple,Jam Tangan Couple Alexandre Christie AC 1007 M/LDBRGSL Silver Dial Rose Gold Stainless Steel Strap,Rp1.575.000,1575000.0
fashion-couple,Jam Tangan Couple Analog Digital G-Shock GA-2100-1ADR & GMA-P2110-1ADR Original,Rp3.731.180,3731180.0
fashion-couple,Jam Tangan Couple Casio MTP-V004D-7BUDF x LTP-V004D-7BUDF,Rp911.650,911650.0
fashion-couple,Jam Tangan Couple Digital Analog G-Shock GA-2200FF-8ADR & GMA-S2200M-7ADR Original Resin Band,Rp4.405.680,4405680.0
fashion-couple,Casio Jam Tangan Couple MTP-V006L-1B2UDF & LTP-V006L-1B2UDF Diameter 38mm & 25mm Garansi Resmi Distributor Indonesia,Rp833.220,833220.0
fashion-couple,Casio Jam Tangan Couple MTP-VT01L-7B2UDF & LTP-VT01L-7B2UDF Diameter 40mm & 34mm Casing Resmi Garansi Baterai Gratis,Rp1.070.220,1070220.0
fashion-couple,Jam Tangan Couple Casio General LTP-VT01L-7B1UDF_MTP-VT01L-7B1UDF LTP-VT01L LTPVT01L Silver Dial Black Leather Band,Rp913.000,913000.0
fashion-couple,Jam Tangan Alexandre Christie AC 1039 MD & AC 1039 LD Stainless Steel,Rp825.000,825000.0
fashion-couple,ZM Zaskia Mecca - Set Couple Anak | Primadona Series | Lilya Raya | Kemeja Anak - Dress Muslim Anak,Rp199.200,199200.0
fashion-couple,Seiko Jam Tangan Couple Series SUR419P1 & SUR425P1 Stainless Steel Dark Blue Dial,Rp5.488.900,5488900.0
fashion-couple,Jam Tangan Couple Casio General LTP-1314SG-1AVDF_MTP-1314SG-1AVDF LTP-1314SG LTP1314SG Black Dial Dual Tone Stainless Steel Band,Rp1.615.000,1615000.0
fashion-couple,Jam Tangan Wanita Pria Couple Watch Kulit Tanggal Anti Air Tanggal Box Original Charles Delon 8110 C Quartz,Rp125.000,125000.0
fashion-couple,Jam Tangan Kulit Couple Charles Delon Original 7503 Analog Santai Tahan air Watches,Rp105.500,105500.0
fashion-couple,Jam Tangan Couple Charles Delon 3911 CRH Anti Air Rantai untuk Wanita dan Pria - Watches,Rp145.000,145000.0
fashion-couple,Jam Tangan Couple Charles Delon 8113 C Anti Air Rantai Tanggal Box Original,Rp145.000,145000.0
fashion-couple,Jam Tangan Kulit Couple Charles Delon Asli Bonus Kotak 3001 Tahan Air Analog Santai Rose Black,Rp105.500,105500.0
fashion-couple,Jam Tangan Wanita Pria Couple Watch Rantai Anti Air Charles Delon 8115 RP Original,Rp120.000,120000.0
fashion-couple,Charles Delon Jam Tangan Karet Couple CDM-CDW 8702 Analog Santai Tahan Air Black-White & Black-Black Garansi 6 Bulan,Rp105.500,105500.0
fashion-couple,Lock And Key Necklace 18K / Kalung Gembok dan Kunci 18K / Diamond Jewelry 416KBD698RY,Rp30.000.000,30000000.0
fashion-couple,CASIO MTP-1302DD-5AVDF & LTP-1302DD-5AVDF Jam Tangan Couple Pasangan,Rp1.563.320,1563320.0
fashion-couple,Kab. Bekasi,Rp129.000,129000.0
fashion-couple,BIDEN Jam Tangan Couple Anti Air Kuarsa Klasik Mode Tali Kulit Jam Pria+Jam Wanita YN2031G,Rp316.000,316000.0
fashion-couple,KAOSBRO - Kaos Couple Never Not Greating - Premium Katun Combed 30s Kain Wanita Baju Pendek Pasangan Distro Atasan,Rp72.413,72413.0
fashion-couple,Maydee Kemeja Nobuki Couple Atasan Couple Kasual Premium,Rp148.000,148000.0
fashion-couple,Jam Tangan Couple Casio M/LTP-1183G-7A Silver Dial Dual Tone Stainless Steel Strap,Rp1.519.440,1519440.0
fashion-couple,Seiko Jam Tangan Couple Series SUR341P1 & SUR353P1 Quartz Sapphire Crystal Dark Blue Dial Stainless Strap,Rp5.840.900,5840900.0
fashion-couple,Jam Tangan Analog Couple Casio MTP-VT04L-7EDF & LTP-VT04L-7A1DF Original Leather Strap copy,Rp1.180.820,1180820.0
fashion-couple,Jam Tangan Couple Casio MTP-V300D-1AUDF x LTP-V300D-1AUDF,Rp1.686.420,1686420.0
fashion-couple,Jam Tangan CHRIST VERRA CV 921548G-11 BLU & CV 921548L-11 BLU Stainless Steel,Rp1.380.000,1380000.0
fashion-couple,Jam Tangan Digital Couple Casio ABL-100WE-1ADF & LA680WA-1DF Original Stainless Steel Strap,Rp1.883.920,1883920.0
fashion-couple,Jam Tangan Analog Couple Casio MTP-VT04L-7EDF & LTP-VT04L-7A2DF Leather Strap copy,Rp1.180.820,1180820.0
fashion-couple,Casio Jam Tangan Couple MTP-V005L-1BUDF & LTP-V005L-1BUDF Tahan Air 100 Meter Baterai 3 Tahun Strap Resin Bio Desain Elegan,Rp706.820,706820.0
fashion-couple,Jam Tangan Analog Couple Casio General MTP-B185G-9AVDF & LTP-V007G-9EUDF Original Stainless Steel Strap,Rp2.184.120,2184120.0
fashion-couple,Jam Tangan Analog Couple Casio MTP-B185G-9AVDF & AQ-230EGL-9ADF Original Stainless Steel Strap,Rp2.689.720,2689720.0
fashion-couple,Jam Tangan Couple Seiko SUR555P1 / SUR575P1 Blue Dial Silver Stainless Steel Strap Watches,Rp8.250.000,8250000.0
fashion-couple,Alba Jam Tangan Couple AS9V09 & AH7EC7 Sapphire Blue Dial Stainless Strap,Rp1.942.900,1942900.0
fashion-couple,Jam Tangan Couple Casio G-Shock / Baby - G SLV-19B-1D Digital Black White Resin Band Watches,Rp3.604.300,3604300.0
fashion-couple,Jam Tangan Analog Couple Alexandre Christie AC 8688 Series,Rp1.820.000,1820000.0
fashion-couple,Q&Q Original Jam Tangan Couple Analog Stainless Steel - QZ48 & QZ49 Water Resist 5 BAR,Rp620.000,620000.0
fashion-couple,"Kaos Couple Pasangan Terbaru Oversize Bahan Tebal Scubalux ""Only He"" Putih MTU26 Hitam MTU27 Navy MTU28 Maroon MTU29",Rp125.000,125000.0
fashion-couple,Casio G-Shock GA-2100WS-7ADR & GMA-S2100WS-7ADR Jam Tangan Couple,Rp4.745.720,4745720.0
fashion-couple,Jam Tangan Karet Couple Charles Delon Original Bonus Kotak 6716 Analog Santai Tahan air Black Rose Watches,Rp105.500,105500.0
fashion-couple,Jam Tangan Rantai Couple Charles Delon Original Bonus Kotak 6810G Analog Santai Tahan air Watches Rose,Rp120.000,120000.0
fashion-couple,Jam Tangan Karet Couple Charles Delon Original Bonus Kotak 9504 Analog Santai Tahan Air,Rp105.000,105000.0
fashion-couple,Jam Tangan Couple Charles Delon 3206 C Bonus Kotak Tahan Air Santai Analog,Rp85.000,85000.0
fashion-couple,Jam Tangan Kulit Anti Air Charles Delon CDM 8503 Couple Quartz,Rp105.000,105000.0
fashion-couple,Jam Tangan Wanita Pria Couple Watch Karet Anti Air Box Original Charles Delon 9202,Rp105.000,105000.0
fashion-couple,Districtstuff Kaos Bucin Couple Finger Print,Rp49.750,49750.0
fashion-couple,Jam Tangan Couple Alba AL4784X1/AL4798X1 Silver Dial Dual Tone Stainless Steel Strap,Rp3.394.740,3394740.0
fashion-couple,"【003 Harga telah diganti, cepat beli】Sunlifex Jam Tangan Couple Tanggal Luminous Tali Stainless Steel Jam Tangan Pria/Wanita Original SL3268-2-M+W",Rp230.000,230000.0
fashion-couple,Jam Tangan Couple Alexandre Christie Classic Steel AC 8699 BSSLE Couple Sapphire Green Dial Mesh Strap,Rp1.680.000,1680000.0
fashion-couple,Jam Tangan Couple Analog Digital G-Shock GM-2100-1ADR & GM-S2110-2ADR Original,Rp6.457.580,6457580.0
fashion-couple,Jam Tangan Couple Casio MTP-1302DD-5AVDF x LTP-1302DD-5AVDF Ori Analog,Rp1.449.420,1449420.0
fashion-couple,Fortuner Jam Tangan Couple/Pasangan Analog Quartz Angka Arab Rantai Kulit Tahan Air Salama,Rp308.000,308000.0
fashion-couple,Jam Tangan CHRIST VERRA CV 921548G-11 SLV & CV 921548L-11 SLV Stainless Steel,Rp1.380.000,1380000.0
fashion-couple,Jam Tangan Analog Couple Casio General W-218H-1AVDF & W-218HC-4AVDF Original Resin Band,Rp754.220,754220.0
fashion-couple,Seiko Jam Tangan Couple Series SUR558P1 & SUR578P1 Quartz Sapphire Crystal White Dial Stainless Strap,Rp7.990.900,7990900.0
fashion-couple,"Kaos Couple Keluarga Motif Owl dan Rabbit Bahan Katun Combed 30s Kode 231 232 RVJ Store - Panjang, High Baju Atasan Distro Wanita Cewek",Rp30.000,30000.0
fashion-couple,Kaos Couple Pria Wanita SETOR TARIK TUNAI -Kain Katun-Lengan Panjang Pasangan,Rp72.413,72413.0
fashion-couple,Jam Tangan Couple G-Shock DW-5600BB-1DR x GMD-S5610BB-1DR Watches,Rp3.454.200,3454200.0
fashion-couple,Jam Tangan Couple Casio MQ-24-7ELDFxLQ-139BMV-7ELDF,Rp404.040,404040.0
fashion-couple,Jam Tangan Couple Casio W-218H-1AVDFxW-218HC-4A2VDF,Rp747.240,747240.0
fashion-couple,Jam Tangan Couple Casio M/LTP-1314L-8A Black Dial Black Leather Strap,Rp1.215.240,1215240.0
fashion-couple,Jam Tangan Couple Casio MTP-V002L-1B3UDF x LTP-V002L-1B3UDF,Rp738.420,738420.0
fashion-couple,Jam Tangan Analog Couple Casio General W-218H-1AVDF & W-218HC-4AVDF Original Resin Band,Rp754.220,754220.0
fashion-couple,Jam Tangan Analog Couple Casio MQ-24B-8BDF & LQ-24B-4BDF Original copy,Rp896.420,896420.0
fashion-couple,Charles Delon Jam Tangan Karet Couple Original CDM 8205 Tahan Air Analog Hitam & Merah Bonus Kotak Santai Black Watches,Rp105.500,105500.0
fashion-couple,Jam Tangan Couple Seiko SUR555P1/SUR573P1 Blue Dial Stainless Steel Strap,Rp7.425.000,7425000.0
fashion-couple,Jam Tangan Couple Seiko SUR558P1 / SUR578P1 White Dial Dual Tone Stainless Steel Strap Watches,Rp9.290.000,9290000.0
fashion-couple,Eyki Jam Tangan Pria Klasik Ori E2099 Pasangan Tali Rantai Kombinasi,Rp805.000,805000.0
fashion-couple,ALBA Jam Tangan COUPLE AS9C12 & AH7L66 Quartz Rose gold Watch,Rp1.714.900,1714900.0
fashion-couple,Jam Tangan Couple Casio M/LTP-V002L-7B3 Silver Dial Black/Brown Leather Strap Watches,Rp731.640,731640.0
fashion-couple,Jam Tangan Couple Casio G-Shock LOV-25A-7AJR LOV-25A LOV25A Presents Lovers Collection Digital Analog Dial White Resin Band (JDM),Rp5.817.000,5817000.0
fashion-couple,Jam Tangan Couple Analog Alexandre Christie AC 8681 Stainless Series,Rp1.820.000,1820000.0
fashion-couple,Jam Tangan CHRIST VERRA TIMELESS HARMONY CV 10639G-13 SLV & CV 10639L-13 SLV Stainless Steel,Rp810.000,810000.0
fashion-couple,Jam Tangan Couple Seiko SUR446P1 / SUR354P1 Silver Dial Dual Tone Stainless Steel Strap,Rp7.245.000,7245000.0
fashion-couple,Kemeja Kotak Unisex Wanita Pria Couple Fit XL Lezahrasignature Flanel Shirt Hima,Rp199.000,199000.0
fashion-couple,Q&Q QnQ QQ Original Jam Tangan Couple Analog Stainless Steel - Q948 Q949 Water Resist,Rp530.000,530000.0
fashion-couple,BATIK TRUSMI Set Couple Outer & Kemeja Batik Mega Mendung Merah Putih,Rp475.000,475000.0
fashion-couple,Jam Tangan Karet Sport Couple Charles Delon Original Bonus Kotak 1802 Tahan air Santai Analog Watches Blue Black,Rp105.500,105500.0
fashion-couple,Jam Tangan Kulit Couple Charles Delon Original Bonus Kotak 1306 Tahan air Santai Analog Watches Black Rose,Rp105.500,105500.0
fashion-couple,Jam Tangan Karet Couple Charles Delon 8004 Analog Santai Tahan Air Black Watches Rose,Rp105.500,105500.0
fashion-couple,Jam Tangan Wanita Pria Couple Watch Kulit Anti Air Box Original Charles Delon 10701,Rp171.000,171000.0
fashion-couple,CASIO MDV-107D-1A3VDF & MDV-10D-1A3VDF Jam Tangan Couple / Pasangan Analog MDV-107D-1A3 MDV-10D-1A3 MDV107D MDV10D,Rp3.079.720,3079720.0
fashion-couple,Sunlifex Jam Tangan Couple Tanggal Luminous Tali Stainless Steel Jam Tangan Pria/Wanita Original 3268-2,Rp230.000,230000.0
fashion-couple,Jam Tangan Couple Casio MTP-B185G-9AVDFxLTP-V007G-9EUDF,Rp2.159.040,2159040.0
fashion-couple,Jam Tangan Analog Couple Alexandre Christie AC 8710 Series,Rp2.800.000,2800000.0
fashion-couple,Jam Tangan Couple Expedition Exp EX 6866 M/LDBSSBARM Black Dial Silver Stainless Steel Strap,Rp1.235.000,1235000.0
fashion-couple,X8 Eri Shirts - kemeja wanita lengan panjang couple,Rp244.950,244950.0
fashion-couple,Fortuner Jam Tangan Couple Analog Quartz Water Resistant Rantai Pasir Milanese Courtney,Rp435.000,435000.0
fashion-couple,Jam Tangan Karet Tanggal Couple Charles Delon 3204 C Bonus Kotak Tahan Air Santai Analog Watches Blue Black,Rp105.500,105500.0
fashion-couple,Jam Tangan Digital Couple Casio F-91WS-7DF & LA-20WHS-7ADF Original Resin Band,Rp920.120,920120.0
fashion-couple,Jam Tangan Couple Casio MTP-V002L-1B3UDF x LTP-V002L-1B3UDF,Rp738.420,738420.0
fashion-couple,Jam Tangan Couple Alexandre Christie Primo Steel AC 1014 LSSSL Couple Silver Dial Black Leather Strap,Rp1.260.000,1260000.0
fashion-couple,SKMEI 9198 Original Arloji Jam Tangan Couple Analog Rantai Tahan Air,Rp191.114,191114.0
fashion-couple,Jam Tangan Couple Alexandre Christie AC 6141 BIPBA Couple Black Dial Black Stainless Steel Strap,Rp2.783.000,2783000.0
fashion-couple,Jam Tangan Couple Analog Alexandre Christie AC 8710 Series,Rp2.800.000,2800000.0
fashion-couple,Jam Tangan Analog Couple Casio General MTP-1303DD-7AVDF & LTP-1303DD-7AVDF Original Stainless Steel Strap,Rp1.354.620,1354620.0
fashion-couple,Jam Tangan Analog Couple Casio General MTP-B190D-1BVDF & LTP-V007D-1BUDF Original Stainless Steel Strap,Rp1.631.120,1631120.0
fashion-couple,Jam Tangan Couple Alba AS9V83X1/AH7ES3X1 Black Dial Silver Stainless Steel Strap,Rp1.985.340,1985340.0
fashion-couple,Jam tangan pria wanita couple Alexandre Christie AC-8699 L/MHLRGSL,Rp910.000,910000.0
fashion-couple,Zephyre Necklace Kalung Moissanite Necklace Diamond Look Lamaran Kawin Tunangan,Rp1.884.000,1884000.0
fashion-couple,Kab. Tangerang,Rp288.000,288000.0
fashion-couple,Q&Q QnQ QQ Original Jam Tangan Couple Analog Rantai Stainless Steel - C10A & C11A Water Resist 3 BAR,Rp580.000,580000.0
fashion-couple,Jam Tangan Pasangan Kulit Anti Air Charles Delon CDM 8502 - Watches,Rp105.000,105000.0
fashion-couple,Jam Tangan Rantai Couple Charles Delon Original Bonus Kotak 6809G Analog Santai Tahan air Watches Rose,Rp120.000,120000.0
fashion-couple,Jam Tangan Karet Couple Charles Delon 9501 Analog Asli Tahan Air dengan Bonus Kotak - Watches,Rp105.000,105000.0
fashion-couple,Jam Tangan Rantai Tanggal Couple Charlesdelon Original 6803 Analog Kemewahan Olahraga Santai Tahan air Bisnis Black Silver Watches,Rp120.000,120000.0
fashion-couple,Jam Tangan Rantai Couple Charles Delon Original 0309 RP Analog Kemewahan Santai Tahan air Blue Watches Watch,Rp120.000,120000.0
fashion-couple,Jam Tangan Charles Delon 9205 Couple Anti Air Karet Original Box - Quartz,Rp105.000,105000.0
fashion-couple,Jam Tangan Karet Couple Charles Delon 8003 Analog Santai Tahan Air Black Watches Rose,Rp105.500,105500.0
fashion-couple,Jam Tangan Alexandre Christie AC 1039 MD & AC 1039 LD Silver Dial White Stainless Steel,Rp675.000,675000.0
fashion-couple,Jam Tangan Analog Alexandre Christie AC 8688 Couple Series Stainless,Rp1.820.000,1820000.0
fashion-couple,Fortuner Jam Tangan Couple Analog Quartz Original Rantai Pasir Tahan Air Yolotli,Rp475.000,475000.0
fashion-couple,KAOSBRO - Kaos Couple Matahari Dan Awan - Premium Katun Combed 30s Kain Baju Wanita Pasangan Distro Pendek Atasan,Rp72.413,72413.0
fashion-couple,(Limited Offer) Naisha - Pesona Raya Black Series | Couple Set | Set Ibu Ayah | Set Pasangan,Rp299.000,299000.0
fashion-couple,Casio G-Shock Baby-G Couple Series SLV-19A-1ADR GA110/BA110 Limited,Rp3.611.300,3611300.0
fashion-couple,Jam Tangan Couple Casio G-Shock GM-2100-1A / GM-S2100MF-1A Digital Analog Dial Black/Grey Resin Band Watches,Rp6.487.600,6487600.0
fashion-couple,Jam Tangan Couple Alba AJ6219X1/AN8131X1 Silver Dial Black Leather Strap,Rp1.010.940,1010940.0
fashion-couple,Jam Tangan Pria Wanita Casio G-Shock Babby-G SLV-19B-1D,Rp3.604.300,3604300.0
fashion-couple,Jam Tangan Couple Casio G-Shock DW-5600BCE-1D/GMD-S5600CT-3D Digital Dial Black + Light Green Resin Band,Rp3.218.600,3218600.0
fashion-couple,Jam Tangan Couple Christophe Arden Classic Steel CA 2003 M/LDLIPBARG Black Dial Black Leather Strap,Rp750.000,750000.0
fashion-couple,Jam Tangan Couple Casio W-218H-3AVDFxW-218HC-8AVDF,Rp747.240,747240.0
fashion-couple,Gelang Salib Pasangan Mi Amor Edisi Hitam (FREE POUCH) (BLACK EDITION),Rp115.000,115000.0
fashion-couple,Kaos Couple Pria Wanita SETOR TARIK TUNAI -Kain Katun-Lengan Panjang Pasangan,Rp72.413,72413.0
fashion-couple,Jam Tangan Couple Casio MTP-V004D-7BUDF x LTP-V004D-7BUDF,Rp918.840,918840.0
fashion-couple,Jam Tangan Couple Casio General LTP-V006G-9BUDF_MTP-V006G-9BUDF Light,Rp1.077.000,1077000.0
fashion-couple,Jam Tangan Digital Couple Casio W-218H-2AVDF & W-218HC-2AVDF Original Resin Band,Rp754.220,754220.0
fashion-couple,Jam Tangan Analog Couple Casio General MQ-24B-3BDF x MQ-24B-7BDF Original copy,Rp896.420,896420.0
fashion-couple,Jam Tangan Analog Couple Casio Vintage Tank MTP-B190L-2BVDF & LTP-V007L-1BUDF Original Leather Strap,Rp1.560.020,1560020.0
fashion-couple,Jam Tangan Analog Couple Casio MTP-VT03D-3BDF & LTP-VT03D-3BDF Stainless Steel copy,Rp1.275.620,1275620.0
fashion-couple,Jam Tangan Analog Couple Casio MTP-VT04D-7EDF & LTP-VT04D-7ADF Original Stainless Steel copy,Rp1.275.620,1275620.0
fashion-couple,Jam Tangan Analog Couple Casio MTP-1302DS-7AVDF & LTP-1302DS-4AVDF Stainless Steel copy,Rp1.876.020,1876020.0
fashion-couple,Jam Tangan Casio Couple MTP-VT01L-2BUDF & LTP-VT01L-2BUDF Analog,Rp1.059.240,1059240.0
fashion-couple,Casio Jam Tangan Couple MTP-VT01L-2BUDF & LTP-VT01L-2BUDF Diameter 40mm & 34mm Casing Resmi Garansi Baterai Gratis,Rp1.070.220,1070220.0
fashion-couple,Jam Tangan Couple Charles Delon 8108 C Kulit Anti Air Tanggal Box Original,Rp125.000,125000.0
fashion-couple,Jam Tangan Casio Couple MTP-V005L-7BUDF & LTP-V005L-7BUDF Dealer Casio Official Store Woman Man Watches,Rp700.440,700440.0
fashion-couple,Jam Tangan Analog Couple Casio General MQ-24-7ELDF & LQ-139BMV-7ELDF Original Resin Band,Rp406.620,406620.0
fashion-couple,Jam Tangan Couple Alexandre Christie AC 8709 M/LDBBRBA Black Dial Black Stainless Steel Strap Watches,Rp2.660.000,2660000.0
fashion-couple,Kab. Tangerang,Rp288.000,288000.0
fashion-couple,LOFOTEN Watch Jam Tangan Couple Pasangan Sapphire Analog 8107 Biru,Rp1.749.000,1749000.0
fashion-couple,LOFOTEN Watch Jam Tangan Couple Pasangan Sapphire Analog 8107 Rosegold,Rp1.749.000,1749000.0
fashion-couple,Jam Tangan Couple Casio MTP-VT04D-7EDFxLTP-VT03D-7BDF,Rp1.262.040,1262040.0
fashion-couple,Vinnatsu Jam Tangan Cincin Digital Emas Jam Tangan Retro Cincin Mini Cincin Pria Dan Wanita Yang Elegan Jam Cincin Impor Retro/jam Cincin Pria Dan Wanita/ Jam Cincin Impor Unik Retro Vintage,Rp43.480,43480.0
fashion-couple,Jam Tangan Couple Alba Active AL4661X1/AL4671X1 Automatic Black Dial Stainless Steel Strap,Rp3.053.700,3053700.0
fashion-couple,Casio Jam Tangan Couple MTP-V004L-1AUDF & LTP-V004L-1AUDF Diameter 41.5 mm & 30.2 mm Garansi Resmi Distributor Indonesia,Rp785.820,785820.0
fashion-couple,Jam Tangan Analog Couple Casio General W-218H-1AVDF & W-218HC-4A2VDF Original Resin Band,Rp754.220,754220.0
fashion-couple,DAY STORE - Kaos Bucin Couple Pasangan Kapel Baju Custom Tshirt Pria & Wanita 36-40,Rp169.000,169000.0
fashion-couple,Jam Tangan Couple Christophe Arden Classic Steel CA 2002 M/LDBSSLGRG Analog Dial Silver Stainless Steel Strap,Rp720.000,720000.0
fashion-couple,Jam Tangan Couple Alexandre Christie AC 8697 BSSYL Couple Sapphire Yellow Dial Stainless Steel Strap,Rp1.960.000,1960000.0
fashion-couple,Jam Tangan Couple G-Shock GM-2100G-1A9DR x GM-S2100GB-1ADR Ori Analog,Rp6.571.180,6571180.0
fashion-couple,Jam Tangan Couple Analog Digital G-Shock GBM-2100A-8BDR & GM-S2110PG-1A4DR Original,Rp7.075.280,7075280.0
fashion-couple,Jam Tangan Analog Couple Casio MTP-VT04L-7EDF & LTP-VT04L-7A1DF Original Leather Strap copy,Rp1.180.820,1180820.0
fashion-couple,Jam Tangan Analog Couple Casio MTP-VT03D-1BDF & LTP-VT03D-1BDF Stainless Steel copy,Rp1.275.620,1275620.0
fashion-couple,Jam Tangan Analog Couple Casio MTP-VT03D-7BDF & LTP-VT03D-7BDF Stainless Steel copy,Rp1.275.620,1275620.0
fashion-couple,Jam Tangan Couple Charles Delon 0405 RH Anti Air Rantai untuk Wanita dan Pria,Rp120.000,120000.0
fashion-couple,Fortuner Jam Tangan Couple Analog Fashion Tahan Air Lamore,Rp475.000,475000.0
fashion-couple,ALBA Jam Tangan Couple AL4323 & AG8M39 Quartz Stainless Steel Silver Watch,Rp2.169.900,2169900.0
fashion-couple,Jam Tangan Kulit Couple Charles Delon Original Bonus Kotak 1304 Tahan air Santai Analog Black Watches,Rp105.500,105500.0
fashion-couple,Jam Tangan Couple Charles Delon Sport Tanggal Stainless 9601GC Bonus Kotak Watches,Rp105.500,105500.0
fashion-couple,Jam Tangan Karet Couple Charles Delon Original 6707 Analog Business Luxury Casual Waterproof Black Rose - CDM-CDW 6707 - Watches,Rp105.500,105500.0
fashion-couple,Crocodile CM-001C24C CF-001C24C Jam Tangan Couple Analog Original CM001 CF001,Rp2.108.700,2108700.0
fashion-couple,Jam Tangan Couple Zinvo Automatic Blade Magic & Blade Allure,Rp10.108.800,10108800.0
fashion-couple,Jam Tangan Couple Casio General LTP-1170N-9ARDF_MTP-1170N-9ARDF Gold Dial Gold Stainless Steel Band,Rp1.151.000,1151000.0
fashion-couple,Jam Tangan Couple Alexandre Christie AC 1042 M/LDFBRBA Black Dial Black Stainless Steel Strap,Rp1.610.000,1610000.0
fashion-couple,Fortuner Jam Tangan Couple Analog Water Resistant Rantai Shenandoah,Rp460.000,460000.0
fashion-couple,Casio G-SHOCK GM-2110SH-2ADR GM-S2110SH-2ADR Couple GSHOCK Jam Pasangan GM-2110SH-2A GM-S2110SH-2A GM2110SH GMS2110SH,Rp7.873.720,7873720.0
fashion-couple,Jam Tangan Couple Alexandre Christie Classic Steel AC 8697 M/LDBSSYL Yellow Dial Silver Stainless Steel Strap Watches,Rp1.820.000,1820000.0
fashion-couple,Jam Tangan Couple S Expedition E 6402 MCLURBU / E 6402 BFLURBU Blue Dial Brown Leather Strap Watches,Rp3.035.500,3035500.0
fashion-couple,Sunlifex Jam Tangan Couple Original Tanggal Luminous Santai Tali Stainless Steel Jam Tangan Pria/Wanita SL9108,Rp238.000,238000.0
fashion-couple,Jam Tangan Couple Alexandre Christie Primo Steel AC 1040 M/LDBSSSL Silver Dial Silver Stainless Steel Strap,Rp1.288.000,1288000.0
fashion-couple,GREET NIGHT WEAR - Piyama TENCEL TM Couple Set Model : TC-096 / H,Rp340.000,340000.0
fashion-couple,Jam Tangan Couple Alexandre Christie Primo Steel AC 1007 BBRBASL ACF-1007 AC 1007 AC1007 Couple Black Dial Black Stainless Steel Strap,Rp1.634.000,1634000.0
fashion-couple,Fortuner Jam Tangan Couple Analog Quartz Tahan Air Original Whitney,Rp453.000,453000.0
fashion-couple,AIYISHI Jam Tangan Unisex Pria/Wanita Model 1658 Anti Air 30m Tahan Air Normal Tampilan Otomatis Garansi 2 Tahun Stainless Steel Luxury Kaca Kristal Keras Hadiah,Rp158.000,158000.0
fashion-couple,Adyatma Senara Grey Couple Kemeja Pendek Slimfit dan Vest Wanita Tricot Katun,Rp499.000,499000.0
fashion-couple,Jam Tangan Charles Delon 3306 C untuk Pasangan dengan Tanggal dan Kotak Bonus Tahan Air Santai - Watches,Rp85.000,85000.0
fashion-couple,Jam Tangan Rantai Tanggal Couple Charlesdelon Original 6801 Analog Analog Kemewahan Santai Tahan air Bisnis Black Silver Watches Watch,Rp120.000,120000.0
fashion-couple,Jam Tangan Karet Tanggal Couple Charles Delon 3205 C Bonus Kotak Tahan Air Santai Analog,Rp105.500,105500.0
fashion-couple,Jam Tangan Sport Tanggal Couple Charles Delon Original Bonus Kotak 4203 GC Tahan air Analog Santai Stainless Watches Black Rose,Rp105.500,105500.0
fashion-couple,Charles Delon Jam Tangan Karet Couple Original CDM 8204 Tahan Air Analog Hitam & Merah Bonus Kotak Santai Black Watches,Rp105.500,105500.0
fashion-couple,Jam Tangan Couple G-SHOCK GA-2200NC-7ADRxGMA-S2200-7ADR,Rp3.764.600,3764600.0
fashion-couple,Kab. Bekasi,Rp129.000,129000.0
fashion-couple,Jam Tangan Couple Alba AJ6204X1/AN8116X1 Gold Dial Dual Tone Stainless Steel Strap,Rp1.292.820,1292820.0
fashion-couple,Jam Tangan Couple Alexandre Christie AC 1007 M/LDBRGSLBA White Dial Rose Gold Stainless Steel Strap,Rp1.540.000,1540000.0
fashion-couple,Jam Tangan Lanccelot Couple Paladin Male & Female of Jade Pria dan Wanita,Rp1.838.000,1838000.0
fashion-couple,Jam Tangan Lanccelot Couple Paladin Male & Female of Legacy Pria dan Wanita,Rp1.638.000,1638000.0
fashion-couple,Jam Tangan Couple Casio W-218H-3AVDFxW-218HC-8AVDF,Rp747.240,747240.0
fashion-couple,Gelang Salib Pasangan Mi Amor Edisi Hitam (FREE POUCH) (BLACK EDITION),Rp115.000,115000.0
fashion-couple,Kaos Couple Pria Wanita SETOR TARIK TUNAI -Kain Katun-Lengan Panjang Pasangan,Rp72.413,72413.0
fashion-couple,Jam Tangan Couple Casio MTP-V004D-7BUDF x LTP-V004D-7BUDF,Rp918.840,918840.0
fashion-couple,Jam Tangan Couple Casio General LTP-V006G-9BUDF_MTP-V006G-9BUDF Light,Rp1.077.000,1077000.0
pakaian-adat-wanita,Lausboutique-Angking Set-Seri Ular-Oneset Batik Pesta,Rp550.000,550000.0
pakaian-adat-wanita,Lausboutique-Angking Set-Seri Tembokan-Oneset Batik Wanita,Rp550.000,550000.0
pakaian-adat-wanita,Lausboutique-Atasan Qipao Liu-Seri Koin-Qipao Batik Wanita,Rp295.000,295000.0
pakaian-adat-wanita,Dama Kara Arunika Kimono Sashiko,Rp394.900,394900.0
pakaian-adat-wanita,Keris Gallery Blouse Batik Lengan Panjang Motif Gurdo Agung Joyo - Milo,Rp265.100,265100.0
pakaian-adat-wanita,Lausboutique-Dress Qipao Liu-Seri Pulau-Dress Qipao Batik,Rp350.000,350000.0
pakaian-adat-wanita,Lausboutique-Set Gamelan-Seri Padi-Oneset Batik Formal,Rp795.000,795000.0
pakaian-adat-wanita,Keris Gallery Blouse Batik Lengan 3/4 Motif Songket Medan - Hijau,Rp200.000,200000.0
pakaian-adat-wanita,Batik Keris Outer Lengan Setali Motif Kapal Berlayar – Hitam,Rp908.000,908000.0
pakaian-adat-wanita,Jane Frey Clothing 8074 EU Kemeja Satu Set Hitam Alva,Rp150.000,150000.0
pakaian-adat-wanita,Keris Gallery Blouse Lengan 3/4 Motif Dwi Pradana - Merah-Putih,Rp260.000,260000.0
pakaian-adat-wanita,C2W Clothtowear Cheongsam Dress Batik Modern CNY 914-ARL,Rp212.550,212550.0
pakaian-adat-wanita,"NONA RARA - Tiara Sembagi Cirebon T5571, Baju kerja batik blouse wanita modern",Rp510.000,510000.0
pakaian-adat-wanita,Keris Gallery Blouse Batik Lengan 3/4 Motif Sajiwa - Hitam Orange,Rp283.500,283500.0
pakaian-adat-wanita,Batik Keris Blouse Lengan 3/4 motif Keris Lereng Puspa Pradapa,Rp602.000,602000.0
pakaian-adat-wanita,Lausboutique-Kebaya Findry-Lengan Pendek-Seri Encim,Rp295.000,295000.0
pakaian-adat-wanita,Batik Keris Blouse Lengan Pendek Kuthu Baru Merak Puri Lestari,Rp421.000,421000.0
pakaian-adat-wanita,Lausboutique-Set Aruna-Seri Klasik-Oneset Batik Wanita,Rp595.000,595000.0
pakaian-adat-wanita,House Of Etern - Atasan Wanita Kebaya Modern Taalea Top,Rp795.000,795000.0
pakaian-adat-wanita,Lausboutique-Mikaela Set-Seri Pulau Tenun-Oneset Batik Wanita Pesta,Rp785.000,785000.0
pakaian-adat-wanita,Lausboutique-Obi zaskia-Seri Koin-Obi Batik Wanita,Rp95.000,95000.0
pakaian-adat-wanita,Lausboutique-Set Kusuma-Seri Seruni-Oneset Batik Pesta,Rp750.000,750000.0
pakaian-adat-wanita,C2W Clothtowear Cheongsam Dress Batik Modern CNY 913-ARL,Rp125.000,125000.0
pakaian-adat-wanita,Torenda kancing Shanghai - Cina Cheongsam Broken White 1 Set / PCS,Rp9.000,9000.0
pakaian-adat-wanita,Torenda kancing Shanghai - Cina Cheongsam Black Gold 1 Set / PCS,Rp18.000,18000.0
pakaian-adat-wanita,Lausboutique-Modela Tenun-Seri Hewan-Atasan Tenun-Baju Tenun Kantoran,Rp225.000,225000.0
pakaian-adat-wanita,Lausboutique-Inner Viscose-Seri 3,Rp125.000,125000.0
pakaian-adat-wanita,*Ready Stok* SISTER'S - Cheongsam Brukat Kombi Kaos C1463 (CAPZ),Rp489.000,489000.0
pakaian-adat-wanita,Lausboutique-Mikaela Set-Seri Beras-Setelan Batik Kondangan,Rp695.000,695000.0
pakaian-adat-wanita,Keris Gallery Batik Blouse Lengan Pendek Motif Ceplok Ponco Kusumo Komb. Mahkuto Kusumo 072BPFSS3KGC,Rp292.500,292500.0
pakaian-adat-wanita,Lausboutique-Outer Cicilia-Outer Pesta-Bolero Wanita,Rp335.000,335000.0
pakaian-adat-wanita,Lausboutique-Selly-Seri Jumputan-Tunik Batik Obi Wanita,Rp355.000,355000.0
pakaian-adat-wanita,Lausboutique-Atasan Qipao Liu- Seri Pulau-Qipao Batik Wanita,Rp295.000,295000.0
pakaian-adat-wanita,Lausboutique-Dress Chantilly-Seri Simfoni-Dress Kebaya Wanita,Rp850.000,850000.0
pakaian-adat-wanita,Lausboutique-Loose Basic Beading-Seri Natal-Hanya atasan,Rp285.000,285000.0
pakaian-adat-wanita,Lausboutique-Kemala-Seri 1-Tunik Wisuda-Tunik Lamaran Kancing Muslim Panjang Wanita Atasan,Rp395.000,395000.0
pakaian-adat-wanita,Lausboutique-Rok Songket-Seri Lizard-Warm Tone,Rp225.000,225000.0
pakaian-adat-wanita,Lausboutique-Dress Kimono-Seri Batu Alam-Long Dress Batik,Rp415.000,415000.0
pakaian-adat-wanita,Lausboutique-Set Aruna-Seri Rang-Oneset Batik Wanita Ramadhan,Rp650.000,650000.0
pakaian-adat-wanita,Lausboutique-Set Abaya Nori-Seri Sekat Jagad-One Set Batik Wanita Kondangan,Rp550.000,550000.0
pakaian-adat-wanita,Lausboutique-Kemeja Batik Pria Lengan Panjang-Seri 1,Rp325.000,325000.0
pakaian-adat-wanita,Lausboutique-Olin Set-Seri Ranting Pohon-Setelan Batik Wanita Ramadhan,Rp550.000,550000.0
pakaian-adat-wanita,*Ready Stok* SISTER'S - Cheongsam Katun Jepang C1517 (CAP),Rp519.000,519000.0
pakaian-adat-wanita,Lausboutique-Ahana Set-Seri Sawung-Setelan Batik Wanita Formal,Rp550.000,550000.0
pakaian-adat-wanita,Kebaya Santai Pagi Sore Bambu Hitam Merah,Rp1.250.000,1250000.0
pakaian-adat-wanita,Lausboutique-Tenun Sano-Atasan Tenun Wanita,Rp195.000,195000.0
pakaian-adat-wanita,Lausboutique-Qipao Mei Hua Motif-Seri Tang Guo-Qipao Batik Imlek,Rp385.000,385000.0
pakaian-adat-wanita,Lausboutique-Kimono Weekuri-Atasan Tenun-Blouse Tenun,Rp255.000,255000.0
pakaian-adat-wanita,Lausboutique-Tunik Olivia-Seri Sibolga,Rp285.000,285000.0
pakaian-adat-wanita,Sewa Kimono rental japan tokyo osaka kyoto jepang yukata rent,Rp396.000,396000.0
pakaian-adat-wanita,Lausboutique-Dress Kimono Tali-Eid 22,Rp415.000,415000.0
pakaian-adat-wanita,Lausboutique-Atasan Malayu Motif-Seri Shibori-Atasan Batik Shibori Baju Loose,Rp350.000,350000.0
pakaian-adat-wanita,Lausboutique-Inner Top Silk-Tanktop Silk Wanita,Rp125.000,125000.0
pakaian-adat-wanita,Lausboutique-Rok Songket-Seri Bajo,Rp275.000,275000.0
pakaian-adat-wanita,Lausboutique-Kusuma Set-Seri Jupri Bintik-Setelan Batik Wanita,Rp595.000,595000.0
pakaian-adat-wanita,Lausboutique-Inner Viscose-Seri 2 Panjang Tank,Rp125.000,125000.0
pakaian-adat-wanita,Lausboutique-Atasan Li Fen-Pagoda Pattern-Atasan Qipao Imlek,Rp595.000,595000.0
pakaian-adat-wanita,Hadinata Batik Dress Wanita Malini Magani,Rp549.000,549000.0
pakaian-adat-wanita,Kebaya Santai Bambu Kunyit Hitam,Rp1.250.000,1250000.0
pakaian-adat-wanita,*Ready Stok* SISTER'S - Cheongsam Sifon Kombi Kaos C1501 (CAP),Rp497.000,497000.0
pakaian-adat-wanita,"NONA RARA - Tetra Encim CNY T5262, Baju kerja batik blouse wanita modern",Rp450.000,450000.0
pakaian-adat-wanita,Kebaya Santai Pagi Sore Bambu Hitam Merah,Rp1.250.000,1250000.0
pakaian-adat-wanita,Lausboutique-Set Aruna-Seri Rang-Oneset Batik Wanita Ramadhan,Rp650.000,650000.0
pakaian-adat-wanita,Keris Gallery Batik Blouse Lengan Pendek Motif Ceplok Ponco Kusumo Komb. Mahkuto Kusumo 072BPFSS3KGC,Rp292.500,292500.0
pakaian-adat-wanita,*Ready Stok* SISTER'S - Cheongsam Brukat Kombi Kaos C1463 (CAPZ),Rp489.000,489000.0
pakaian-adat-wanita,Lausboutique-Obi Zaskia-Seri Rang-Obi Batik Wanita,Rp95.000,95000.0
pakaian-adat-wanita,*Ready Stok* SISTER'S - Cheongsam Sifon Kombi Kaos C1501 (CAP),Rp497.000,497000.0
pakaian-adat-wanita,Lausboutique-Malayu Set-Seri Fruit-Setelan Batik Kondangan,Rp595.000,595000.0
pakaian-adat-wanita,[ Beli 2 Produk Apapun Gratis 1 ] La Vienne - Alifah - Set Perhiasan Titanium Wanita Anti Karat Aesthetic - Perhiasan Elegan Cantik Mewah Simple,Rp223.440,223440.0
pakaian-adat-wanita,*Ready Stok* ELLAMOSS - Cheongsam Kaos 7543 (ZEZ),Rp463.000,463000.0
pakaian-adat-wanita,Lausboutique-Outer Midi-Seri 1023-Outer Batik-Bolero Batik Panjang Wanita Cardigan,Rp250.000,250000.0
pakaian-adat-wanita,IVOR Kartanegara Blue Blouse Shanghai Batik Wanita Casual,Rp499.000,499000.0
pakaian-adat-wanita,Lausboutique-Tunik Todo Sleeveless-Seri Koin-Tunik Batik Wanita,Rp315.000,315000.0
pakaian-adat-wanita,Lausboutique-Kaftan Eliya-Kaftan Lebaran-Kaftan Ramadhan Wanita,Rp950.000,950000.0
pakaian-adat-wanita,Lausboutique-Outer Button-Seri Olea-Outer Batik Wanita,Rp285.000,285000.0
pakaian-adat-wanita,Keris Gallery Blouse Batik Lengan 3/4 Motif Ron Sumebar Komb Kawung - Merah,Rp260.000,260000.0
pakaian-adat-wanita,Lausboutique-Dress Li Fen -Pagoda Pattern-Dress Qipao Imlek,Rp995.000,995000.0
pakaian-adat-wanita,Lausboutique-Camille Dress-Turkiye Series-Dress Brukat Pesta Premium,Rp950.000,950000.0
pakaian-adat-wanita,Aesan - Set Pakaian Anak Ulos Batak Medan,Rp300.000,300000.0
pakaian-adat-wanita,Lausboutique-Set Angking-Seri Porcelain-Oneset Batik Pesta,Rp595.000,595000.0
pakaian-adat-wanita,Lausboutique-Set Kusuma-Seri Rafflesia-Oneset Batik Pesta,Rp650.000,650000.0
pakaian-adat-wanita,"NONA RARA - Tetra Encim CNY T5262, Baju kerja batik blouse wanita modern",Rp450.000,450000.0
pakaian-adat-wanita,Keris Gallery Blouse Batik Lengan 3/4 Kacing Depan Motif Keris Harmoni Karsa - Merah,Rp315.250,315250.0
pakaian-adat-wanita,Lausboutique-Atasan Qipao Liu-Seri Qing Hua-Qipao Batik,Rp345.000,345000.0
pakaian-adat-wanita,Lausboutique-Obi Zaskia-Seri Kemerdekaan-Obi Batik Wanita,Rp75.000,75000.0
pakaian-adat-wanita,Lausboutique-Dania Set-Seri Lilit-Setelan Batik Wanita-Fit Hitam Panjang Viscose,Rp550.000,550000.0
pakaian-adat-wanita,EVERCLOTH Iope Terusan Batik Sincia Couple Sarimbit Cheongsam Dress Batik Modern Qipao Merah CNY Congsam Imlek Natal Setelan Batik Red,Rp200.000,200000.0
pakaian-adat-wanita,Keris Gallery Blouse Batik Lengan Pendek Motif Sekar Asri - Coklat,Rp260.000,260000.0
pakaian-adat-wanita,Adyatma Renjana Green White Putih Blouse Batik Wanita Katun,Rp309.000,309000.0
pakaian-adat-wanita,Lausboutique-Tunik Tafeta Baduy-Tunik Tafeta Polos-Baju Bodo Makassar,Rp295.000,295000.0
pakaian-adat-wanita,Lausboutique-Mikaela Set-Seri Micky-Setelan Batik Formal Kondangan,Rp785.000,785000.0
pakaian-adat-wanita,Lausboutique-Loose Basic Tenun-Seri Sasak-Baju Tenun Wanita Fit Atasan Oversize,Rp275.000,275000.0
pakaian-adat-wanita,Lausboutique-Zanna Set-SerI Kaktus-Setelan Batik Wanita,Rp550.000,550000.0
pakaian-adat-wanita,Lausboutique-Set Angking-Seri Padi- Oneset Batik Pesta,Rp595.000,595000.0
pakaian-adat-wanita,"NONA RARA - Takita Basic Green T5555, Baju kerja batik blouse wanita modern",Rp335.000,335000.0
pakaian-adat-wanita,Lausboutique-Dress Angkola-Dress Tenun Long Sleeve Premium,Rp365.000,365000.0
pakaian-adat-wanita,Lausboutique-Rinjanie Set-Seri Maros-Oneset Batik Kondangan Atasan Fit,Rp650.000,650000.0
pakaian-adat-wanita,Batik Keris Blouse Lengan 3/4 Motif Keris Reflection - Biru,Rp679.000,679000.0
pakaian-adat-wanita,Adyatma Kavindra Mahogany Brown Blouse Batik Wanita Katun Combo,Rp309.000,309000.0
pakaian-adat-wanita,Radia Fashion - One Set Kurung Melayu Pria Baju Teluk Belanga Premium Bahan Katun Toyobo Kualitas Import Ukuran M L XL XXL,Rp235.000,235000.0
pakaian-adat-wanita,*Ready Stok* N2 - Cheongsam Brukat Kombi Kaos 7279,Rp417.000,417000.0
pakaian-adat-wanita,Lausboutique-Iskandar Set-Seri Klasik-Setelan Batik Wanita,Rp650.000,650000.0
pakaian-adat-wanita,Lausboutique-Ringsing-Atasan Batik Cap Kerja Wanita,Rp255.000,255000.0
pakaian-adat-wanita,Eclaire - Huan Cheongsam Dress Normal Grande Bigsize | Dress Scuba Merah Cheongsam S-L-XL-XXL Jumbo,Rp247.500,247500.0
pakaian-adat-wanita,Keris Gallery Blouse Batik Lengan 3/4 Kacing Depan Motif Keris Harmoni Karsa - Biru,Rp315.250,315250.0
pakaian-adat-wanita,Lausboutique-Atasan Maumere-Vol 1-Atasan Wanita Batik Busui Kancing Motif Pendek,Rp255.000,255000.0
pakaian-adat-wanita,Lausboutique-Obi zaskia-Seri Tenun-Obi Tenun Wanita Kerja,Rp75.000,75000.0
pakaian-adat-wanita,Lausboutique-Dress Qipao Liu-Seri Qing Hua-Dress Qipao Batik,Rp385.000,385000.0
pakaian-adat-wanita,Lausboutique-Angking Set-Seri NTT-Set Batik Wanita Sarung,Rp550.000,550000.0
pakaian-adat-wanita,Keris Gallery Blouse Batik Lengan 3/4 Motif Gurdo Manunggal Komb Pradipta - Merah,Rp308.750,308750.0
pakaian-adat-wanita,Evercloth Pira Cresida Aurea Iris Dress Imlek Qipao CNY JAY JUMBO CHEONGSAM DRESS Batik Modern GAUN Batik Baju Cheongsam Murah AUSTIN/DARVIN,Rp165.000,165000.0
pakaian-adat-wanita,Lausboutique-Rok Songket-Seri Wulung,Rp225.000,225000.0
pakaian-adat-wanita,Lausboutique-Abaya Ratiba-Seri Eid 23-Gamis Batik Lebaran,Rp595.000,595000.0
pakaian-adat-wanita,Batik Keris Blouse Batik Lengan Pendek Keris Alas-Alasan Peksi Katon,Rp520.000,520000.0
pakaian-adat-wanita,GRACELIA MELVIANO DRESS BATIK,Rp549.000,549000.0
pakaian-adat-wanita,Lausboutique-Bodo Lontara-Seri Jasmine-Tunik Bordir Raya,Rp395.000,395000.0
pakaian-adat-wanita,Lausboutique-Outer Set-Seri Alam-Setelan Batik Kondangan Celana Kancing,Rp550.000,550000.0
pakaian-adat-wanita,Lausboutique-Outer Set-Seri Pastel-Setelan Batik Kondangan,Rp550.000,550000.0
pakaian-adat-wanita,Elvrist - One Set Naraya Kurung Melayu Katun Toyobo Bordir Bunga Strimin Mix Songket Span,Rp225.000,225000.0
pakaian-adat-wanita,Lausboutique-Tunik Olivia-Serian Nov,Rp285.000,285000.0
pakaian-adat-wanita,Elvrist - One Set Elvina Baju Kurung Melayu Katun Toyobo Bordir Keliling,Rp235.000,235000.0
pakaian-adat-wanita,EVERCLOTH SERAGAM BATIK FAMILY COUPLE MERAH SARIMBIT CHEONGSAM QIPAO DRESS BATIK MODERN ATASAN BLUS KEMEJA NATAL IMLEK / DONI FAM,Rp185.000,185000.0
pakaian-adat-wanita,Lausboutique-Outer Button-Seri Lukis-Outer Batik,Rp285.000,285000.0
pakaian-adat-wanita,Lausboutique-Obi Zaskia Polos-Seri 1-Obi Batik Wanita,Rp65.000,65000.0
pakaian-adat-wanita,Lausboutique-Set Aruna-Jasmine Series Batik Fit,Rp650.000,650000.0
pakaian-adat-wanita,"NONA RARA - Tetra Encim CNY T5262, Baju kerja batik blouse wanita modern",Rp450.000,450000.0
pakaian-adat-wanita,Kebaya Santai Pagi Sore Bambu Hitam Merah,Rp1.250.000,1250000.0
pakaian-adat-wanita,Lausboutique-Set Aruna-Seri Rang-Oneset Batik Wanita Ramadhan,Rp650.000,650000.0
pakaian-adat-wanita,Keris Gallery Batik Blouse Lengan Pendek Motif Ceplok Ponco Kusumo Komb. Mahkuto Kusumo 072BPFSS3KGC,Rp292.500,292500.0
pakaian-adat-wanita,*Ready Stok* SISTER'S - Cheongsam Brukat Kombi Kaos C1463 (CAPZ),Rp489.000,489000.0
pakaian-adat-wanita,Lausboutique-Remboelan Set-Seri Rempah-Setelan Batik Kondangan,Rp650.000,650000.0
pakaian-adat-wanita,Lausboutique-Outer Set-Seri Muana-One Set Batik Wanita,Rp550.000,550000.0
pakaian-adat-wanita,Lausboutique-Tunik Bangli-Motif Bali-Tunik Koko Ramadhan,Rp395.000,395000.0
pakaian-adat-wanita,Lausboutique-Tunik Bangli-Seri Bordirlist-Outfit Bukber Wanita,Rp395.000,395000.0
pakaian-adat-wanita,Lausboutique-Set Aruna-Seri Encim-One Set Batik Pesta Wanita,Rp595.000,595000.0
pakaian-adat-wanita,Lausboutique-Dress Chantilly-Seri Serabut Pohon-Dress Lamaran Panjang Silk Payet Pesta,Rp850.000,850000.0
pakaian-adat-wanita,Lausboutique-Outer Button-Seri Selempad-Outer Batik Wanita,Rp285.000,285000.0
pakaian-adat-wanita,Lausboutique-Baju Bodo Beading-Baju Bodo Makassar,Rp425.000,425000.0
pakaian-adat-wanita,Lausboutique-Atasan Nori-Seri Alam-Atasan Batik,Rp285.000,285000.0
pakaian-adat-wanita,Lausboutique-Dress Kimono-Seri Watu-Long Dress Batik,Rp415.000,415000.0
pakaian-adat-wanita,Lausboutique-Kaftan Watimena-Seri Alam-Kaftan Jumputan Palembang,Rp875.000,875000.0
pakaian-adat-wanita,Lausboutique-Set Aruna-Seri Jupri 3-Setelan Batik Jupri Wanita Fit Lilit Panjang Tunik Loose Viscose,Rp550.000,550000.0
pakaian-adat-wanita,Lausboutique-Outer Button-Red Series-Outer Batik Merah Natal Panjang Wanita Semi Motif Blazer,Rp285.000,285000.0
pakaian-adat-wanita,Lausboutique-Atasan Qipao Liu-Seri Polos-Qipao Batik Wanita,Rp225.000,225000.0
pakaian-adat-wanita,Lausboutique-Set Aruna-Seri Garden-One Set Batik Kondangan,Rp550.000,550000.0
pakaian-adat-wanita,Lausboutique-Selly-Seri Proklamasi-Tunik Batik Merah Putih,Rp355.000,355000.0
pakaian-adat-wanita,Lausboutique-Selly-Seri Bunga Pencar-Tunik Batik Wanita,Rp355.000,355000.0
pakaian-adat-wanita,Fashion Manis Super Peri Lily Of The Valley Lotus Gantungan Telinga Rumbai,Rp41.000,41000.0
pakaian-adat-wanita,MOSSILVER Set Empat Bagian Mewah Ringan Fashionable Dengan Inlay Delima Merah Delapan Hati Delapan Panah Emas Champagne,Rp72.500,72500.0
pakaian-adat-wanita,Batik Keris Blouse Batik Kelelawar Motif Ron Sulur - Biru,Rp714.000,714000.0
pakaian-adat-wanita,Batik Keris Baby Doll Lengan Pendek Celana 7/8 Lereng Ron Seling,Rp668.000,668000.0
pakaian-adat-wanita,Keris Gallery Blouse Lengan 3/4 Krah Hem Motif Merak Kasmaran Komb. Lurik - Maroon,Rp308.750,308750.0
pakaian-adat-wanita,Keris Gallery Blouse Batik Lengan 3/4 Motif Puspa Wijaya Komb Kawung Seling - Hitam,Rp308.750,308750.0
pakaian-adat-wanita,Evercloth Daxia Cheongsam Dress Wanita Qipao Congsam CNY Batik Couple Modern Dress Imlek Premium Brukat,Rp195.000,195000.0
pakaian-adat-wanita,Keris Gallery Blouse Batik Lengan Tali Belah Motif Peisley Wibowo Komb Suryo Suminar - Merah,Rp200.000,200000.0
pakaian-adat-wanita,Keris Gallery Blouse Batik Cap Lengan YCS Motif Bunga Labirin - Random,Rp275.000,275000.0
pakaian-adat-wanita,Lausboutique-Dress A Mei-Dress Qipao Batik Imlek,Rp295.000,295000.0
pakaian-adat-wanita,"NONA RARA - Lilit Remple CNY P0627, Rok lilit batik wanita modern",Rp625.000,625000.0
pakaian-adat-wanita,Keris Gallery Blouse Batik Lengan Pendek Motif Iromo Madyo komb Ceplok Wiwasman - Orange,Rp200.000,200000.0
pakaian-adat-wanita,Keris Gallery Blouse Batik Lengan Pendek Motif Sekar Ambarukmo Komb. - Merah,Rp292.500,292500.0
pakaian-adat-wanita,Evercloth Jialin Dress Cheongsam Wanita Batik Qipao Premium Couple Modern Dress Batik Modern CNY Imlek,Rp225.000,225000.0
pakaian-adat-wanita,Batik Keris Blouse Lengan Panjang Motif Keris Kusuma Paramita - Jungle Green,Rp788.000,788000.0
pakaian-adat-wanita,Lausboutique-Kimono Nayla-Seri Tulip-Kimono Bordir Shimmer [Hanya Atasan],Rp420.000,420000.0
pakaian-adat-wanita,Lausboutique-Obi Zaskia-Seri Dobby-Obi Batik Wanita,Rp75.000,75000.0
pakaian-adat-wanita,Jubah Kancing Wiji Kunyit Hitam,Rp2.500.000,2500000.0
pakaian-adat-wanita,Keris Gallery Blouse Lengan Pendek Motif Sekar Ambarukmo Komb. - Biru,Rp292.500,292500.0
pakaian-adat-wanita,Keris Gallery Blouse Batik Lengan 3/4 Motif Jati Diri - Hitam,Rp260.000,260000.0
pakaian-adat-wanita,Keris Gallery Blouse Batik Lengan 3/4 Motif Prisma Komb Beras Sinebar - Maroon,Rp200.000,200000.0
pakaian-adat-wanita,Evercloth Yilin Dress Imlek Sincia CNY Qipao Flo Cheongsam Dress Wanita Batik Couple Modern Dress Couple,Rp180.000,180000.0
pakaian-adat-wanita,Batik Keris Blouse Kelelawar Motif Ron Sulur - Hitam,Rp714.000,714000.0
pakaian-adat-wanita,*Ready Stok* SISTER'S - Cheongsam Katun S3731 (JSZ),Rp477.000,477000.0
pakaian-adat-wanita,Aesan - Set Pakaian Dodot Pengantin Tari Premium Dewasa Palembang,Rp1.300.000,1300000.0
pakaian-adat-wanita,Keris Gallery Blouse Batik Lengan 3/4 Motif Legawa Komb Tenun Cahya - Kuning,Rp308.750,308750.0
pakaian-adat-wanita,Laskala x IVOR Andari Blouse Shanghai Batik Wanita Casual,Rp499.000,499000.0
pakaian-adat-wanita,Batik Keris Blouse Lengan 3/4 Motif Keris Kusumo Arum,Rp530.000,530000.0
pakaian-adat-wanita,Keris Gallery Blouse Lengan 3/4 Krah Hem Motif Merak Kasmaran Komb. Lurik - Biru,Rp308.750,308750.0
pakaian-adat-wanita,Hadinata Batik Wanita Superfine Dress Furing Rania Raditya,Rp589.000,589000.0
pakaian-adat-wanita,IVOR Maja Blouse Shanghai Batik Wanita Casual,Rp519.000,519000.0
pakaian-adat-wanita,C2W Clothtowear cheongsam Wanita All Size Satin Women's Clothes 380-CNK,Rp134.000,134000.0
pakaian-adat-wanita,Keris Gallery Blouse Batik Lengan 3/4 Motif Laras Sinambung - Merah,Rp379.600,379600.0
pakaian-adat-wanita,Keris Gallery Blouse Batik Lengan Panjang Motif Jaya Prada Komb Purno Aji - Abu Hitam,Rp250.000,250000.0
pakaian-adat-wanita,Keris Gallery Blouse Batik Lengan 3/4 Motif Kembang Asmoro,Rp308.750,308750.0
pakaian-adat-wanita,Keris Gallery Blouse Batik Lengan Pendek Motif Ayaskara Komb Tye Dye - Biru,Rp220.000,220000.0
pakaian-adat-wanita,Keris Gallery Blouse Batik Lengan 3/4 Motif Peisley Serangkai - Hitam,Rp260.000,260000.0
pakaian-adat-wanita,Keris Gallery Blouse Batik Lengan 3/4 Motif Puspa Kartika - Merah,Rp260.000,260000.0
pakaian-adat-wanita,Lausboutique-Kebaya Keraton-Bordir Solo,Rp450.000,450000.0
pakaian-adat-wanita,Lausboutique-Bambu-Atasan Batik Cap Kerja Wanita,Rp255.000,255000.0
pakaian-adat-wanita,Kebaya Pendek Wiji Hitam Sejauh Mata Memandang,Rp1.450.000,1450000.0
pakaian-adat-wanita,Evercloth Aleya Family Cheongsam Dress Batik Modern Qipao Terusan Batik Sincia Couple Sarimbit Merah CNY Congsam Imlek Natal Setelan Batik Red,Rp160.000,160000.0
pakaian-adat-wanita,Keris Gallery Blouse Batik Wanita YCS (Tanpa Lengan) Motif Sekar Nur Asri Komb. Slobok,Rp390.000,390000.0
pakaian-adat-wanita,Lausboutique-Zanna Set-SerI Kaktus-Setelan Batik Wanita,Rp550.000,550000.0
pakaian-adat-wanita,"NONA RARA - Tetra Encim CNY T5262, Baju kerja batik blouse wanita modern",Rp450.000,450000.0
pakaian-adat-wanita,*Ready Stok* SISTER'S - Cheongsam Brukat Kombi Kaos C1463 (CAPZ),Rp489.000,489000.0
pakaian-adat-wanita,Lausboutique-Obi Zaskia-Seri Kemerdekaan-Obi Batik Wanita,Rp75.000,75000.0
pakaian-adat-wanita,Lausboutique-Angking Set-Seri Tembokan-Oneset Batik Wanita,Rp550.000,550000.0
pakaian-adat-wanita,Keris Gallery Blouse Batik Lengan 3/4 Motif Bunga Teratai - Hitam,Rp261.250,261250.0
pakaian-adat-wanita,Keris Gallery Blouse Batik Lengan Panjang Motif Kawung Puspa Ayu - Coklat,Rp303.550,303550.0
pakaian-adat-wanita,Keris Gallery Blouse Batik Lengan Panjang Motif Jaya Prada Komb Purno Aji - Biru Hitam,Rp325.000,325000.0
pakaian-adat-wanita,Batik Keris Blouse Wanita leher V Lengan Pendek Motif Keris Harmoni Alam,Rp547.000,547000.0
pakaian-adat-wanita,Lausboutique-Outer Button-Seri Halloween-Outer Batik Ngantor Panjang Wanita Blazer,Rp285.000,285000.0
pakaian-adat-wanita,Keris Gallery Blouse Batik Lengan Panjang Motif Bunga Dahlia Komb Tirtotejo - Abu,Rp325.000,325000.0
pakaian-adat-wanita,Keris Gallery Blouse Batik Lengan Panjang Motif Keris Anubawa Luhur - Hitam,Rp311.500,311500.0
pakaian-adat-wanita,Cikistore - Hwan Cheongsam Dress Wanita Midi Imlek Cheongsam | Dress China Traditional,Rp210.000,210000.0
pakaian-adat-wanita,Evercloth Aiyu Dress Sincia Baju Imlek CNY Cheongsam Qipao Changsan Merah ECLAT Batik Modern GAUN,Rp195.000,195000.0
pakaian-adat-wanita,Evercloth Laila Maia Cheongsam Batik Couple Qipao Dress Batik Modern Seragam Family Set Merah Pink Putih Natal Imlek CNY,Rp225.000,225000.0
pakaian-adat-wanita,Lausboutique-Rok Sarung Katun Motif-Seri Krakatau,Rp375.000,375000.0
pakaian-adat-wanita,Batik Keris Baby Doll Lengan Pendek Celana Panjang Motif Silang Kawung,Rp675.000,675000.0
pakaian-adat-wanita,Lausboutique-Long Abaya Orin-Seri Titik 7-Abaya Batik,Rp425.000,425000.0
pakaian-adat-wanita,[SAHABAT-MANCING]Bulu Kalkun DIY Renda Warna-warni Aksesoris Kostum Pertunjukan Aksesoris Gaun Pengantin Hiasan Kain Tepi Api,Rp29.900,29900.0
pakaian-adat-wanita,Batik Keris Blouse Batik Cap Wanita Lengan Pendek Motif Sulur Asri,Rp733.000,733000.0
pakaian-adat-wanita,Keris Gallery Blouse Batik Lengan Panjang Motif Bunga Dahlia Komb Pesona Ayu - Hitam,Rp233.750,233750.0
pakaian-adat-wanita,Keris Gallery Blouse Batik Lengan 3/4 Motif Harmoni Komb Bambu - Merah,Rp308.750,308750.0
pakaian-adat-wanita,Halomam - Dress Imlek Richie Dewasa (Dress Imlek Dewasa /Dress Chineese Perempuan),Rp221.000,221000.0
pakaian-adat-wanita,Batik Keris Outer Lengan Setali Motif Kapal Berlayar – Krem,Rp908.000,908000.0
pakaian-adat-wanita,Keris Gallery Blouse Batik Lengan 3/4 Motif Bintang Bahambur Banjarmasin - Coklat,Rp220.000,220000.0
pakaian-adat-wanita,Keris Gallery Blouse Batik Lengan Pendek Motif Kukilo Selaras Komb Polos - Hitam,Rp292.500,292500.0
pakaian-adat-wanita,Evercloth Alena Cheongsam Dress Premium Qipao Wanita Couple Congsam Modern Dress Imlek CNY Chinese New Year Brukat Tile,Rp175.000,175000.0
pakaian-adat-wanita,Cikistore - Jacquard Gwen Cheongsam Dress Wanita Midi Imlek Cheongsam Silk | Dress China Traditional,Rp209.000,209000.0
pakaian-adat-wanita,Lausboutique-Malayu Set-Seri Rang-One Set Batik Formal Wanita,Rp650.000,650000.0
pakaian-adat-wanita,Keris Gallery Blouse Batik Lengan Pendek Motif Kukilo Selaras Komb Polos - Merah,Rp292.500,292500.0
pakaian-adat-wanita,Keris Gallery Blouse Batik Lengan 3/4 Motif Naga Balibur Banjarmasin - Hijau,Rp220.000,220000.0
pakaian-adat-wanita,Keris Gallery Blouse Batik Lengan Pendek Motif Carita Jenggama Komb Tirtamarta - Hitam,Rp247.500,247500.0
pakaian-adat-wanita,Rianty Batik Premium Wanita Estri Collection Setelan Set Blouse Rok Obi Wulan,Rp749.000,749000.0
pakaian-adat-wanita,Lausboutique-Tunik Aruna Motif-Seri Tabur,Rp350.000,350000.0
pakaian-adat-wanita,Lausboutique-Abaya Ratiba-Seri Mata Air-Kaftan Batik Wanita Ramadhan,Rp595.000,595000.0
pakaian-adat-wanita,Hadinata Batik Wanita Dress Furing Cinta Caraka,Rp549.000,549000.0
pakaian-adat-wanita,"NONA RARA - Nyiur Warna Alam T5450, Baju kerja batik blouse wanita modern",Rp630.000,630000.0
pakaian-adat-wanita,Elvrist - One Set AYRA Kurung Melayu Katun Toyobo Bordir Simple Dan Elegan,Rp225.000,225000.0
pakaian-adat-wanita,Keris Gallery Blouse Batik Lengan Panjang Motif Mego Geni - Hijau,Rp275.000,275000.0
pakaian-adat-wanita,Keris Gallery Blouse Batik Lengan Pendek Motif Tye Dye Komb Ayaskara - Orange,Rp260.000,260000.0
pakaian-adat-wanita,Keris Gallery Blouse Batik Lengan 3/4 Motif Gurdo Kinasih - Hitam,Rp286.550,286550.0
pakaian-adat-wanita,Evercloth Elvira Dress Outer Pisah Cheongsam Dress Batik Modern Qipao Mermaid Tanktop Span Bodycon Couple Sarimbit Merah CNY Congsam Imlek Natal Terusan Gaun Organza Batik Rok Red,Rp275.000,275000.0
pakaian-adat-wanita,Evercloth Selene Cheongsam Dress Batik Modern Qipao Terusan Batik Sincia Couple Sarimbit Merah CNY Congsam Imlek Natal Setelan Batik Red,Rp200.000,200000.0
pakaian-adat-wanita,*Ready Stok* SISTER'S - Cheongsam Dress Brukat Kombi Kaos Y8567 (ZE),Rp715.000,715000.0
pakaian-adat-wanita,Batik Keris Blouse Lengan Pendek Motif Keris Reflection - Biru,Rp512.000,512000.0
pakaian-adat-wanita,Keris Gallery Blouse Lengan 3/4 Asimetris Komb Lurik Motif Tenun - Biru,Rp220.500,220500.0
pakaian-adat-wanita,Cikistore - Dress Wanita Midi Imlek Chen Cheongsam Silk | Dress China Traditional,Rp189.000,189000.0
pakaian-adat-wanita,Lausboutique-Lilian Set-Seri Pst-Setelan Batik Kondangan,Rp850.000,850000.0
pakaian-adat-wanita,IVOR Blouse Batik Standcollar Ankara Wanita Casual,Rp499.000,499000.0
pakaian-adat-wanita,Lausboutique-Tunik Pinjung Dobby-Seri Wayang-Tunik Batik Wanita,Rp285.000,285000.0
pakaian-adat-wanita,Keris Gallery Blouse Batik Lengan Pendek Motif Songket Nusantoro Koomb Tye Dye - Hitam,Rp260.000,260000.0
pakaian-adat-wanita,Keris Gallery Dress Batik Lengan YCS Motif Tenun Catur Maneka - Orange,Rp225.000,225000.0
pakaian-adat-wanita,Keris Gallery Blouse Batik Lengan Kecil Motif Ukel Samudro Komb Tenun Tinoto - Biru,Rp220.000,220000.0
pakaian-adat-wanita,Keris Gallery Blouse Batik Lengan Tali Belah Motif Peisley Wibowo Komb Suryo Suminar - Hitam,Rp200.000,200000.0
pakaian-adat-wanita,"NONA RARA - Takita Encim CNY T5247, Baju kerja batik blouse wanita modern",Rp480.000,480000.0
pakaian-adat-wanita,Batik Keris Blouse Lengan Panjang Keris Danaiswara,Rp872.000,872000.0
pakaian-adat-wanita,Laskala x IVOR Mahaga Blouse Shanghai Batik Wanita Casual,Rp499.000,499000.0
pakaian-adat-wanita,Lausboutique-Lembata Set-Seri Rang-Oneset Batik Wanita,Rp550.000,550000.0
pakaian-adat-wanita,Lausboutique-Atasan Qipao Yin Polos,Rp195.000,195000.0
pakaian-adat-wanita,Keris Gallery Blouse Batik Lengan Pendek Motif Burung Hong Komb Banji - Merah,Rp292.500,292500.0
pakaian-adat-wanita,Hanbok Rental Seoul Gyeongbokgung South Korea Adult Child,Rp125.000,125000.0
pakaian-adat-wanita,Kebaya Sundari Bambu Kunyit,Rp2.000.000,2000000.0
pakaian-adat-wanita,Keris Gallery Blouse Batik Lengan Pendek Motif Ron Sumebar Komb Kawung - Hitam,Rp260.000,260000.0
pakaian-adat-wanita,Keris Gallery Blouse Batik Lengan 3/4 Motif Bintang Bahambur Banjarmasin - Merah,Rp220.000,220000.0
pakaian-adat-wanita,Keris Gallery Blouse Batik Lengan 3/4 Motif Songket Medan - Merah,Rp260.000,260000.0
pakaian-adat-wanita,Lausboutique-Zanna Set-SerI Kaktus-Setelan Batik Wanita,Rp550.000,550000.0
pakaian-adat-wanita,"NONA RARA - Tetra Encim CNY T5262, Baju kerja batik blouse wanita modern",Rp450.000,450000.0
pakaian-adat-wanita,*Ready Stok* SISTER'S - Cheongsam Brukat Kombi Kaos C1463 (CAPZ),Rp489.000,489000.0
pakaian-adat-wanita,Lausboutique-Obi Zaskia-Seri Kemerdekaan-Obi Batik Wanita,Rp75.000,75000.0
pakaian-adat-wanita,Lausboutique-Angking Set-Seri Tembokan-Oneset Batik Wanita,Rp550.000,550000.0
pakaian-adat-wanita,Keris Gallery Blouse Batik Lengan 3/4 Motif Keris Aksata - Navy,Rp387.400,387400.0
pakaian-adat-wanita,Keris Gallery Blouse Batik Lengan 3/4 Motif Keris Menjura Kasih - Hijau,Rp441.350,441350.0
pakaian-adat-wanita,Batik Keris Blouse Kelelawar Motif Sekar Ran Ukel - Hitam Sogan,Rp1.037.000,1037000.0
pakaian-adat-wanita,Aesan - Bunga Rampe Kembang Pengantin Palembang Anak Dewasa,Rp10.000,10000.0
pakaian-adat-wanita,Hadinata Batik Wanita Dobby Dress Reny Rui,Rp649.000,649000.0
pakaian-adat-wanita,Evercloth Talitha Cheongsam Tile Rok Tutu Dress Batik Modern Qipao Terusan Batik Sincia Couple Sarimbit Merah CNY Congsam Imlek Natal Setelan Batik Red,Rp250.000,250000.0
pakaian-adat-wanita,Lausboutique-Outer Wewewa-Seri 5-Outer Tenun,Rp375.000,375000.0
pakaian-adat-wanita,"NONA RARA - Vida Garut Betawi T5685, Baju kerja batik blouse wanita modern",Rp395.000,395000.0
pakaian-adat-wanita,C2W Clothtowear Cheongsam Dress Batik Modern CNY 915-ARL,Rp211.000,211000.0
pakaian-adat-wanita,Keris Gallery Blouse Batik Lengan 3/4 Motif Parang Kambangan Komb Nithik - Abu,Rp308.750,308750.0
pakaian-adat-wanita,"NONA RARA - Rumi Kontemporer T5756, Baju kerja batik blouse wanita modern",Rp375.000,375000.0
pakaian-adat-wanita,Keris Gallery Dress Batik Lengan YCS Motif Tenun Catur Maneka - Biru,Rp225.000,225000.0
pakaian-adat-wanita,Keris Gallery Blouse Batik Lengan Pendek Motif Telung Kahuripan Komb - Hitam,Rp200.000,200000.0
pakaian-adat-wanita,Zunika Olive Tortilla Sepatu Mary Jane Velcro Wanita,Rp320.000,320000.0
pakaian-adat-wanita,Cikistore - Pao Yuwen Cheongsam Dress Wanita Midi Imlek Cheongsam Silk | Dress China Traditional,Rp149.000,149000.0
pakaian-adat-wanita,Lausboutique-Kusuma Set-Seri Rang-Oneset Batik Pesta,Rp750.000,750000.0
pakaian-adat-wanita,"NONA RARA - Aling Garut CNY T5219, Baju kerja batik blouse wanita modern",Rp475.000,475000.0
pakaian-adat-wanita,Keris Gallery Blouse Batik Lengan 3/4 Motif Jati Diri - Merah,Rp260.000,260000.0
pakaian-adat-wanita,Evercloth Mevala Dress Imlek Qipao CNY JAY JUMBO CHEONGSAM DRESS Batik Modern GAUN Batik Baju Cheongsam Murah AUSTIN/DARVIN,Rp225.000,225000.0
pakaian-adat-wanita,Keris Gallery Blouse Batik Lengan Panjang Motif Askara Marta - Olive,Rp325.000,325000.0
pakaian-adat-wanita,Universal Traveller Crew Neck Women Fleece FJW25191,Rp890.000,890000.0
pakaian-adat-wanita,BOHOPANNA - YUE MOMMY DRESS - BAJU IMLEK WANITA - BAJU IMLEX IBU - BAJU IMLEK DEWAS - DRESS WANITA - CHEONG SAM WANITA,Rp216.600,216600.0
pakaian-adat-wanita,Promo Cheongsam Setelan Wanita,Rp485.000,485000.0
pakaian-adat-wanita,gelang bulu adat dayak dan papua/cocok untuk pergelangan tangan dan pergelangan kaki (satu pasang),Rp15.000,15000.0
pakaian-adat-wanita,KEBAYA PUTIH BORDIR PANJANG SENADA 400 SERAGAM KEBAYA PUTIH TANGAN PANJANG BORDIR ENCIM KATUN POLY MIKRO TERBAIK,Rp99.000,99000.0
pakaian-adat-wanita,ulos Sadum panoropi,Rp50.000,50000.0
pakaian-adat-wanita,0280 CNY Yunhe Embroidered Cheongsam Blouse Atasan Imlek Sleeveless Bordir Kancing Panjang Wanita Motif Top Oversize Floral,Rp175.000,175000.0
pakaian-adat-wanita,Kamen Jadi Bordir Full strait pinggang karet,Rp140.000,140000.0
pakaian-adat-wanita,Kancing Cheongsam Mewah Unik Bunga Kombinasi Warna Istana Lalisa,Rp74.300,74300.0
pakaian-adat-wanita,Baju Atasan Wanita Cheongsam Xipao Mandarin Imlek Sleeve Less Baju Chongsam Cheong Sam Merah Sincia Red M L XL,Rp165.000,165000.0
pakaian-adat-wanita,Ulos Ragihotang Pelangi,Rp235.000,235000.0
pakaian-adat-wanita,aksesoris dada tari nusantara,Rp90.000,90000.0
pakaian-adat-wanita,Selendang Jumputan Selendang Kondangan Selendang Tari Bahan Katun,Rp56.799,56799.0
pakaian-adat-wanita,Rok moscref selendang / Kamen moscref motif batik bali,Rp69.900,69900.0
pakaian-adat-wanita,Convatec Active Life One Piece #22771/Colostomy Bag/Kantong Kolostomi,Rp75.000,75000.0
pakaian-adat-wanita,"Kamen Sutra paris & selendang kamen lembaran,kain lentur dan adem",Rp185.000,185000.0
pakaian-adat-wanita,ULOS SADUM RAJA WARNA ORANGE ULOS SADUM UNTUK BORU DAN BERE,Rp320.000,320000.0
pakaian-adat-wanita,Kamen Bali Sutra Paris Set Selendang Motif Terbaru Khas Bali Original Quallity Motif Flora Batik Setelan Wanita,Rp102.900,102900.0
pakaian-adat-wanita,Ulos sadum bonggit motif timbul Ulos boru Ulos bere perempuan Holong,Rp130.000,130000.0
pakaian-adat-wanita,Ulos sadum Hande tenunan tangan Ulos melayat Selendang,Rp390.000,390000.0
pakaian-adat-wanita,kamen jadi set selendang jaguar wanita bawahan tradisional wanita kamen rok bali strait Panjang Dewasa,Rp114.900,114900.0
pakaian-adat-wanita,[Atasan- Beskap Kebaya] Atasan Baju Prewedding | Nuansa Maroon,Rp298.000,298000.0
pakaian-adat-wanita,KAMEN/ROK BALI SUPER STRAIT VELVET SERIES,Rp165.000,165000.0
pakaian-adat-wanita,ulos sadum raja / ulos batak,Rp185.000,185000.0
pakaian-adat-wanita,Baju jadi bordiran motif full kerawang model Shanghai,Rp175.000,175000.0
pakaian-adat-wanita,Kamben//kamen jadi katun strait Bordir benang metalik // bawahan tradisional/dress wanita Panjang kamen bali wanita jumbo 5xl rok kebaya,Rp169.900,169900.0
pakaian-adat-wanita,Kaos Oleh-oleh Taiwan Banyak Model - Baju Souvenir Taiwan Taipei China Bisa Request Warna 1,Rp50.000,50000.0
pakaian-adat-wanita,Lotuskebayabali | KAMEN SUTRA PARIS PREMIUM TANAHAN | Set Selendang | Kain Lembaran & Selendang,Rp195.999,195999.0
pakaian-adat-wanita,kamen bordir motif *JUMPUTAN*set selendang/kamen jadi/rok bali/songket/kamen bali,Rp118.500,118500.0
pakaian-adat-wanita,stel sarung sibolang rasta ungu lylac,Rp250.000,250000.0
pakaian-adat-wanita,Ekor chongsam pengantin santily,Rp750.000,750000.0
pakaian-adat-wanita,BAJU PANGSI BAJU ADAT BADUY TENUNAN TANGAN TERMURAH,Rp110.000,110000.0
pakaian-adat-wanita,Ulos simarinjam sisi pakaian adat Batak toba,Rp3.920.000,3920000.0
pakaian-adat-wanita,Ulos Sibolang Ulos Tujung dan Ulos saput,Rp250.000,250000.0
pakaian-adat-wanita,KEBAYA WAYANG JADI SIFON SEMBAHYANG BALI,Rp150.000,150000.0
pakaian-adat-wanita,topi ragihotang + sortali,Rp65.000,65000.0
pakaian-adat-wanita,Kamen jadi katun bordir strait dengan kombinasi benang emas cendana,Rp160.000,160000.0
pakaian-adat-wanita,Kostum komplit busana pakaian tari Cendrawasih bali aksesoris kulit,Rp1.795.000,1795000.0
pakaian-adat-wanita,ATASAN BAJU KURUNG SITI NURBAYA | Baju Kurung Malaysia | Baju Kurung Melayu | Baju Kurung Basibak | Baju Kondangan | Baju Lamaran | Baju Wisuda,Rp137.520,137520.0
pakaian-adat-wanita,indian-kostum-native america-halloween-party-fancy-costume,Rp425.000,425000.0
pakaian-adat-wanita,Lausboutique-Angking Set-Seri NTT-Set Batik Wanita Sarung,Rp550.000,550000.0
pakaian-adat-wanita,Lausboutique-Obi Zaskia-Seri Rang-Obi Batik Wanita,Rp95.000,95000.0
pakaian-adat-wanita,"NONA RARA - Tetra Encim CNY T5262, Baju kerja batik blouse wanita modern",Rp450.000,450000.0
pakaian-adat-wanita,Lausboutique-Set Aruna-Seri Rang-Oneset Batik Wanita Ramadhan,Rp650.000,650000.0
pakaian-adat-wanita,Lausboutique-Atasan Qipao Liu-Seri Qing Hua-Qipao Batik,Rp345.000,345000.0
pakaian-adat-wanita,Baju Ibu Hajat Payet/Polos/Baju Besan,Rp150.000,150000.0
pakaian-adat-wanita,topi ulos sadum,Rp30.000,30000.0
pakaian-adat-wanita,Sortali Pinggang Pakaian Adat Batak Sortali Pengantin - Penari Batak,Rp35.000,35000.0
pakaian-adat-wanita,Ulos Sadum Pelangi Simata 2 Rumbai Halus Dan Padat,Rp65.000,65000.0
pakaian-adat-wanita,tandok 3 liter tandok pesta tandok plastik,Rp30.000,30000.0
pakaian-adat-wanita,Alcare Colostomy Bag Satuan - Kantong Kolostomi Dewasa,Rp43.770,43770.0
pakaian-adat-wanita,ulos sibolang 02,Rp150.000,150000.0
pakaian-adat-wanita,ulos ragihotang cantik,Rp150.000,150000.0
pakaian-adat-wanita,BAJU ORANG MENINGGAL WANITA (WARNA DAN BENTUK RANDOM)HARGA PER PC,Rp18.540,18540.0
pakaian-adat-wanita,Hande hande sadum angkola mandailing sipirok tenun tangan asli,Rp170.000,170000.0
pakaian-adat-wanita,Kebaya Lengan Lonceng Cradenza Silk Motif Dahlia,Rp120.000,120000.0
pakaian-adat-wanita,DRESS CHEONGSAM HIJAU KANCING HIJAU IMPORT IMLEK 2026,Rp388.000,388000.0
pakaian-adat-wanita,Set Busana Adat Bali Kamen Selendang Saput Tenunan Blanket Motif Lobeng Murah LAWAN KATA.CO,Rp139.999,139999.0
pakaian-adat-wanita,kamen jadi bordir katun strait set selendang bawahan tradisional wanita kamen rok bali Setelan,Rp179.900,179900.0
pakaian-adat-wanita,Ulos bintang maratur 7bulanan,Rp125.000,125000.0
pakaian-adat-wanita,Kamen katun twil straight motif truntum koncoro,Rp129.200,129200.0
pakaian-adat-wanita,ulos mangiring ulos parompa ulos utk cucu,Rp200.000,200000.0
pakaian-adat-wanita,sarung stelan sibolang rasta tosca,Rp260.000,260000.0
pakaian-adat-wanita,Kostum tari bali legong keraton bali komplit bahan Kulit sapi kain Metris,Rp2.298.000,2298000.0
pakaian-adat-wanita,Kamen Bali Jadi Bordir Strait Ukir - Maxi Hitam Xl 60cm / 100cm,Rp90.000,90000.0
pakaian-adat-wanita,ulos Sadum tikar Tambunan warna biru keunguan,Rp140.000,140000.0
pakaian-adat-wanita,Songket Tarutung Pucca Toba Kombinasi,Rp430.000,430000.0
pakaian-adat-wanita,BIG SALE Dress Cheongsam Midi Dragon Phoenix Wanita,Rp275.000,275000.0
pakaian-adat-wanita,stagen jumputan angkin instan korset baju adat jawa kartini jogja,Rp75.000,75000.0
pakaian-adat-wanita,ulos passamot atau ulos ragihidup mesin yang sedang,Rp850.000,850000.0
pakaian-adat-wanita,Kamen paris bordir set selendang bahan adem dan lembut.Ukuran kamen 2 meter,Rp325.000,325000.0
pakaian-adat-wanita,Sadum raja pelangi sirat 10,Rp250.000,250000.0
pakaian-adat-wanita,Kain Motif Lotus Mawar Bahan Katun Voil dengan Desain Eksklusif untuk Pakaian Harian dan Casual,Rp221.160,221160.0
pakaian-adat-wanita,Songket TTS Tumtuman tanpa sambung,Rp1.490.000,1490000.0
pakaian-adat-wanita,ulos nujuh bulan ulos bintang maratur tenun tangan,Rp450.000,450000.0
pakaian-adat-wanita,Aksesoris dada dan pinggang # hiasan dada # Kostum Tari # Baju Adat,Rp120.000,120000.0
pakaian-adat-wanita,IKAT KEPALA TENUN ETNIK / TENUNAN ASLI JEPARA,Rp19.500,19500.0
pakaian-adat-wanita,Mahkota Bulu Adat Dayak AS,Rp20.500,20500.0
pakaian-adat-wanita,tandok parboru ukuran besar 1 kaleng,Rp80.000,80000.0
pakaian-adat-wanita,bakiak raksasa,Rp50.000,50000.0
pakaian-adat-wanita,Grave Vaginal Speculum - Cocor Bebek Stainless Steel,Rp89.500,89500.0
pakaian-adat-wanita,Sortali Tangan Rajut Gelang Rajut Adat Batak,Rp9.000,9000.0
pakaian-adat-wanita,Set Baju&Celana Kertas Opp Pria/Wanita untuk Sembahyang Leluhur(Qing Ming),Rp5.700,5700.0
pakaian-adat-wanita,Ulos sadum pakaian penari batak toba,Rp70.000,70000.0
pakaian-adat-wanita,Tapis sanwos siger bordir,Rp285.000,285000.0
pakaian-adat-wanita,Pola Baju instan tang top panjang tersedia size S sampe 4XL (Ld 96 pjng 140+ ld 92 pjng 138)-Pola Baju Firdaus Busana- Pola jiplak sudah di potong sudah berkampuh,Rp25.000,25000.0
pakaian-adat-wanita,TianShun Fresh Bamboo Leaf Printed Modern Cheongsam Summer Traditional Clothing Elegant Women's Midi Dress Casual Cheongsam,Rp320.000,320000.0
pakaian-adat-wanita,Benang Kristal Songket Emas / Palembang / Medan / Lombok / Pekanbaru,Rp58.000,58000.0
pakaian-adat-wanita,JUBAH BAPTIS LENGAN PANJANG Size M- L -XL- XXL- XXXL/jumbo. Chat untuk Update Stok,Rp144.000,144000.0
pakaian-adat-wanita,Kamen Bali Premium Sutra Dobby Baron ATBM Set Slendang Motif Batik Wanita Remaja Setelan Panjang Kain,Rp500.000,500000.0
pakaian-adat-wanita,Kipas Tari Bali kipas kain prada khas penari Bali,Rp9.900,9900.0
pakaian-adat-wanita,Baju Adat Lampung Dewasa,Rp299.900,299900.0
pakaian-adat-wanita,ulos Sadum dimensi simata 7 rumbai halus,Rp100.000,100000.0
pakaian-adat-wanita,Sortali pinggang dan sortali kepala,Rp85.000,85000.0
pakaian-adat-wanita,Benang Kristal Songket Palembang Medan Padang Lombok Lampung Pekanbaru,Rp61.000,61000.0
pakaian-adat-wanita,cardenza slendang silky premium by cecetengeker,Rp45.000,45000.0
pakaian-adat-wanita,Ulos Sadum Full Simata Ulos Sadum Mewah ulos untuk bere dan boru,Rp300.000,300000.0
pakaian-adat-wanita,Endek sidemen motif patra set selendang,Rp425.000,425000.0
pakaian-adat-wanita,sadum raja jumbo 3warna terbaru,Rp290.000,290000.0
pakaian-adat-wanita,Kostum Pakaian Busana tari Rejang Dewa kain metris,Rp550.000,550000.0
pakaian-adat-wanita,"Atasan Tradisional, Beskap Lengkap - Warna Denim / Variasi Warna Lain - Jogja / Solo / Sunda / Hewes | ~bskp",Rp195.400,195400.0
pakaian-adat-wanita,tandok Batak ukuran 5-7 liter bahan bagus,Rp50.000,50000.0
pakaian-adat-wanita,ulos sadum ulos hande hande tenunan Tarutung,Rp220.000,220000.0
pakaian-adat-wanita,Baju Bodo Organza Model Tokko Segiempat Klasik Adat Bugis Makassar Sulawesi Dress Wanita Remaja Dewasa Panjang Seragam Kondangan Pesta,Rp30.500,30500.0
pakaian-adat-wanita,Baju Surjan Lurik Pria & Kebaya Lurik Wanita Dewasa Seragaman Couple Baju Adat Jawa Tradisional Motif Kain Tenun Khas Solo Jogja Corak Klasik Tebal Halus untuk Acara Adat dan Moment Spesial,Rp70.400,70400.0
pakaian-adat-wanita,Lausboutique-Angking Set-Seri NTT-Set Batik Wanita Sarung,Rp550.000,550000.0
pakaian-adat-wanita,Lausboutique-Obi Zaskia-Seri Rang-Obi Batik Wanita,Rp95.000,95000.0
pakaian-adat-wanita,"NONA RARA - Tetra Encim CNY T5262, Baju kerja batik blouse wanita modern",Rp450.000,450000.0
pakaian-adat-wanita,Lausboutique-Set Aruna-Seri Rang-Oneset Batik Wanita Ramadhan,Rp650.000,650000.0
pakaian-adat-wanita,Lausboutique-Atasan Qipao Liu-Seri Qing Hua-Qipao Batik,Rp345.000,345000.0
pakaian-adat-wanita,Benang Kristal Songket Medan Palembang Padang Lombok Lampung Pekanbaru,Rp51.000,51000.0
pakaian-adat-wanita,Laqueens Vaamsi kurta kurti baju India tunik wanita remaja dewasa motif bordir Atasan Cantik Panjang hijau botol dark green burgundy Katun Pesta Dress,Rp304.500,304500.0
pakaian-adat-wanita,Ulos sibolang sirat besar Ulos saput Ulos tujung meninggal,Rp190.000,190000.0
pakaian-adat-wanita,ulos Sadum merah simata 7 pake rumbai halus,Rp140.000,140000.0
pakaian-adat-wanita,Kamen Sutra Dobby Original Batik Pekalongan-kamen bali Lembaran Set Selendang dobby baron,Rp250.000,250000.0
pakaian-adat-wanita,Pakaian Adat Bali Kamben Jadi Bordir Strait Bawahan Tradisional Dewasa - Dress Mewah Panjang kamen,Rp129.900,129900.0
pakaian-adat-wanita,SIGER SUNDA KENCANA ROSEGOLD + 5 KEMBANG GOYANG GOMBYOK ROSEGOLD,Rp850.000,850000.0
pakaian-adat-wanita,songket Palembang motif bunga cina biru pink silver sutra ORI,Rp1.800.000,1800000.0
pakaian-adat-wanita,"cod Stln, baju baduy tenunan suku baduy",Rp210.000,210000.0
pakaian-adat-wanita,0963 CNY Xiaolin Embroidered Mesh Cheongsam Dress Outfit Imlek Sangjit Wanita Baju Katun Pendek Motif Setelan Dewasa Hitam Atasan Panjang,Rp225.000,225000.0
pakaian-adat-wanita,Kamen Bali Gringsing Sutra Paris ATBM Set Selendang Motif Batik viral untuk Kebaya Wanita,Rp84.000,84000.0
pakaian-adat-wanita,SETELAN BAJU SANTRI WANITA 3in1 ( baju + kerudung + sarung batik) NYAMAN DAN SOPAN,Rp224.999,224999.0
pakaian-adat-wanita,ulos sadum Sirat 10 motif bonggit,Rp200.000,200000.0
pakaian-adat-wanita,Kamen Jadi Bordir Bahan Katun Strait Motif Wajik Setelan Kamen Rok Bali Seragam Wisuda Gold Cempaka kebaya kartini,Rp139.900,139900.0
pakaian-adat-wanita,songket Palembang ORI sutra benang permata biru silver,Rp1.950.000,1950000.0
pakaian-adat-wanita,Imlek Series BBB Red Couple /Baju Merah Batik merah/ Baju Imlek,Rp179.900,179900.0
pakaian-adat-wanita,KEBAYA JATIL / jatilan / jaranan / kostum jatil / PRODUK BARU,Rp150.000,150000.0
pakaian-adat-wanita,rumbai selendang songket Palembang warna crem gold,Rp110.000,110000.0
pakaian-adat-wanita,baju adat Aceh/Saman SMP XXL,Rp145.000,145000.0
pakaian-adat-wanita,Ulos sibolang najolo/pamuttari,Rp3.200.000,3200000.0
pakaian-adat-wanita,DRESS CHEONGSAM JEANS MELISSA IMPORT 2026 PREMIUM HIGH QUALITY,Rp768.000,768000.0
pakaian-adat-wanita,ulos tujung dan ulos saput Sari matua,Rp400.000,400000.0
pakaian-adat-wanita,Jakarta Pusat,Rp150.000,150000.0
pakaian-adat-wanita,Atasan tenun jumbo lucu dan unik D0901 navy,Rp230.000,230000.0
pakaian-adat-wanita,LOLITA ANIME PEMBANTU UNISEX,Rp91.300,91300.0
pakaian-adat-wanita,M05D22# CNY Cheongsam 2pcs Set Sincia,Rp199.990,199990.0
pakaian-adat-wanita,Selendang Wanita Hande-hande Tarutung Asli Tenun Tangan Khas Ukuran 40x200cm untuk Pesta Batak & Acara Khusus dengan Aneka Warna Kombinasi SelendangTenun SelendangWanita SelendangEtnik,Rp260.000,260000.0
pakaian-adat-wanita,ulos Sadum tikar tikar mas,Rp125.000,125000.0
pakaian-adat-wanita,Baju Adat Gorontalo SMA Dewasa // Baju Adat Sulawesi Utara,Rp220.000,220000.0
pakaian-adat-wanita,Baju Adat Dayak SMA Dewasa // Baju Adat Kalimantan Timur,Rp220.000,220000.0
pakaian-adat-wanita,Ulos Hande sadum full mote sirat payet Selendang melayat,Rp150.000,150000.0
pakaian-adat-wanita,ulos ragihotang kualitas bagus,Rp150.000,150000.0
pakaian-adat-wanita,SONGKET Tarutung sibolang rasta KW2 warna hijau tosca,Rp260.000,260000.0
pakaian-adat-wanita,songket Palembang motif bunga cina merah marun,Rp1.500.000,1500000.0
pakaian-adat-wanita,Cheongsam Red Merah Kuning Yellow Green Baju Atasan Wanita Blouse Lengan Panjang Imlek Satin,Rp168.800,168800.0
pakaian-adat-wanita,Baju Adat Gorontalo Dewasa Satuan (Laki/Cewek) Dress Panjang,Rp200.000,200000.0
pakaian-adat-wanita,Selendang obi bali bludru,Rp20.000,20000.0
pakaian-adat-wanita,Material Bordir yoryu shimer motif kecil - kecil cantik dan elegant untuk 1 baju,Rp118.000,118000.0
pakaian-adat-wanita,Topi ragihotang hitam rumbai merah etnik batak Sortopi laki laki,Rp43.000,43000.0
pakaian-adat-wanita,ulos ragihotang super benang emas,Rp150.000,150000.0
pakaian-adat-wanita,baju bodo adat Sulawesi size SMP,Rp130.000,130000.0
pakaian-adat-wanita,Sarung sibolang rasta hitam Lis merah,Rp250.000,250000.0
pakaian-adat-wanita,Tandok tulang dari ulos ragihotang isi 10-15 liter,Rp140.000,140000.0
pakaian-adat-wanita,ulos Sadum motif bonggit angkola,Rp175.000,175000.0
pakaian-adat-wanita,Ulos sadum simata ulos untuk boru ulos untuk bere ulos sihuttiappang,Rp200.000,200000.0
pakaian-adat-wanita,Surjan Kembang /Surjan Bunga2,Rp160.000,160000.0
pakaian-adat-wanita,Dress Wanita Cosplay Cheongsam Shanghai Mini Dress Imlek NF207,Rp95.000,95000.0
pakaian-adat-wanita,Set Kostum pakaian tari bali badong bulat busana adat bali,Rp255.000,255000.0
pakaian-adat-wanita,Baju Kaltim Dewasa Dayak Kalimantan Timur,Rp275.000,275000.0
pakaian-adat-wanita,Kamen set selendang doby Baron motip kupu serat nanas,Rp240.000,240000.0
pakaian-adat-wanita,Rok Songket Semi Palembang / Songket Instant Semi Palembang / Rok Instant Songket Orion,Rp160.000,160000.0
pakaian-adat-wanita,cheongsam pengantin dari pinggang,Rp700.000,700000.0
pakaian-adat-wanita,BENDO DAN KALUNG SET PUCCA/RAGI IDUP,Rp80.000,80000.0
pakaian-adat-wanita,kamen plisket set selendang baby touch,Rp100.000,100000.0
pakaian-adat-wanita,topi sombrero meksiko halloween coco,Rp170.000,170000.0
pakaian-adat-wanita,0226 CNY Herona Cheongsam Mesh Top Baju Imlek Wanita Atasan Bunga Tile Kancing Karet Panjang Samping Pendek Cewek Motif Crop,Rp129.000,129000.0
pakaian-adat-wanita,Lace Panel Clara Series Double pinggiran motif cantik dan menarik,Rp126.000,126000.0
pakaian-adat-wanita,tandok tulang tandok batak,Rp55.000,55000.0
pakaian-adat-wanita,"Angkin Instan, motif Jumputan / Warna Lengkap Wanita",Rp60.878,60878.0
pakaian-adat-wanita,Tandok pesta suka dan duka warna warni dari motif batak cerah ceria,Rp85.000,85000.0
pakaian-adat-wanita,Batik Keris Blouse Lengan Pendek Kuthu Baru Merak Puri Lestari,Rp421.000,421000.0
pakaian-adat-wanita,Lausboutique-Set Kusuma-Seri Seruni-Oneset Batik Pesta,Rp750.000,750000.0
pakaian-adat-wanita,Lausboutique-Angking Set-Seri Tembokan-Oneset Batik Wanita,Rp550.000,550000.0
pakaian-adat-wanita,Lausboutique-Set Aruna-Seri Rang-Oneset Batik Wanita Ramadhan,Rp650.000,650000.0
pakaian-adat-wanita,Lausboutique-Loose Basic Beading-Seri Natal-Hanya atasan,Rp285.000,285000.0
pakaian-adat-wanita,Ulos Sibolang Mesin Sirat Tojuk Ulos Tujung dan Ulos Saput,Rp150.000,150000.0
pakaian-adat-wanita,ulos Sadum bonggit Angkola01,Rp250.000,250000.0
pakaian-adat-wanita,ulos ragihotang sirara mas UK 80/210an,Rp135.000,135000.0
pakaian-adat-wanita,Ulos Sadum Sipirok/Ulos Selatan Ulos Sadum Hande Hande Sipirok,Rp175.000,175000.0
pakaian-adat-wanita,KAMEN BORDIR LAKSMI BENANG SILVER,Rp149.600,149600.0
pakaian-adat-wanita,blouse cheongsam wanita korea import T8387,Rp185.000,185000.0
pakaian-adat-wanita,ulos ragihidup hitam Sirat kecil,Rp350.000,350000.0
pakaian-adat-wanita,Ulos Ragihotang Dimensi Ulos Tulang Sirat Besar 87x230 cm,Rp250.000,250000.0
pakaian-adat-wanita,kamen jadi embos free selendang,Rp110.000,110000.0
pakaian-adat-wanita,Setelan Kurung Wanita Nazwa Adinda Viral | Baju Melayu Modern Elegan & Mewah,Rp189.100,189100.0
pakaian-adat-wanita,Sortali Ikat Kepala Penari Adat Batak Motif Silver,Rp11.000,11000.0
pakaian-adat-wanita,ULOS SADUM SIMATA 2 - HANDE HANDE - ULOS HOLONG - ULOS BATAK TOBA,Rp75.000,75000.0
pakaian-adat-wanita,ulos ragihotang atau ulos sirara benang mas,Rp135.000,135000.0
pakaian-adat-wanita,cheongsam wanita shio naga jersey naga kaos imlek gong xi fa cai nw17,Rp110.000,110000.0
pakaian-adat-wanita,Set sortali lempengan emas dan ulos sadum,Rp82.000,82000.0
pakaian-adat-wanita,Assesoris adat Sunting Bali,Rp85.000,85000.0
pakaian-adat-wanita,COSMO MED Alat Speculum Cocor Bebek Wanita,Rp7.900,7900.0
pakaian-adat-wanita,Baju jadi Brokad terbaru Bahan Brokad metalic (kusuma),Rp135.000,135000.0
pakaian-adat-wanita,Kamen Bali ATBM set selendang sutra paris lembaran Batik Setelan Wanita,Rp102.900,102900.0
pakaian-adat-wanita,Atasan wanita korea lengan panjang jeogori modern hanbok polos dewasa,Rp125.000,125000.0
pakaian-adat-wanita,Aliciacouture - RuYi Magnolia Cheongsam Dress - Lunar Beaute Collection - Modern Chinese Style,Rp638.000,638000.0
pakaian-adat-wanita,Ulos Sadum Pelangi - adat batak,Rp280.000,280000.0
pakaian-adat-wanita,98003 CNY Yunxi Chest High Hanfu Dress Tradisional Chinese Fashion Vintage,Rp159.000,159000.0
pakaian-adat-wanita,Dress pendek brokat tile mutiara pesta elegan mewah terbaru/ dress kondangan/ dress natal /dress tahun baru/ kebaya modern wanita,Rp112.000,112000.0
pakaian-adat-wanita,ulos Sadum merah bordir rumbai,Rp50.000,50000.0
pakaian-adat-wanita,Tandok tulang 10 liter tandok pesta bahan plastik mewah,Rp55.000,55000.0
pakaian-adat-wanita,"Atasan Lurik Solo Jogja Motif Garis Garis Kondangan Dewasa Wanita Panjang ABU ABU Katun Kancing - Kebaya Baju Adat Wanita - Dress, Hitam Tunik batik kutubaru",Rp75.000,75000.0
pakaian-adat-wanita,Tandok pandan asli 3Liter Bahul bahul wadah beras adat batak,Rp50.000,50000.0
pakaian-adat-wanita,kamen paris set selendang motif ATBM terbaru merak,Rp99.000,99000.0
pakaian-adat-wanita,tandok tulang takkas bahan bagus ukuran,Rp75.000,75000.0
pakaian-adat-wanita,Hiou tapak catur pakaian adat wanita simalungun,Rp600.000,600000.0
pakaian-adat-wanita,Gaun Seksi/Gaun bahan beludru tangan panjang dada tali serut,Rp210.000,210000.0
pakaian-adat-wanita,Ulos Sadum Simata 7 ulos sadum rumbai halus,Rp170.000,170000.0
pakaian-adat-wanita,Mini Dress Wanita Sexy Model Qipao Cheongsam Baju Imlek Premium NF209 dengan Pilihan Warna Pink Hitam dan Merah,Rp99.000,99000.0
pakaian-adat-wanita,ulos ragihidup/pucca/passamot/besan,Rp400.000,400000.0
pakaian-adat-wanita,Dress Etnik Tenun Ulos Ragihotang Asli Model : Kancing Mutiara,Rp470.000,470000.0
pakaian-adat-wanita,Songket thailand kuning gold emas songket mesin makasar palembang,Rp70.000,70000.0
pakaian-adat-wanita,ulos nujuh bulan (bintang maratur),Rp200.000,200000.0
pakaian-adat-wanita,Yukata Kimono Wanita Blue Peony Chrysanthemum,Rp615.000,615000.0
pakaian-adat-wanita,Baju kurung melayu bludru/baju kurung adat minang terbaru Bordir  Mewah Gold,Rp160.650,160650.0
pakaian-adat-wanita,Kamen jadi knit serat full strait,Rp110.000,110000.0
pakaian-adat-wanita,Kamen Jadi Plisket Set Selendang Motif Grinsing Bawahan tradisional Kame bali setelan kebaya,Rp127.302,127302.0
pakaian-adat-wanita,kamen Set Selandang Bahan Sutra Doby baron lembaran Motif Burung Kasuari Bali Original Kualitas Premium-Kamen Sutra Doby Atbm set selendang,Rp240.000,240000.0
pakaian-adat-wanita,Premium GD082 Set Anarkali Premium Silk Salur,Rp840.000,840000.0
pakaian-adat-wanita,Batik Queen | Shien Qipao Cheongsam Dress,Rp325.000,325000.0
pakaian-adat-wanita,ulos mula gabe(mambosuri),Rp150.000,150000.0
pakaian-adat-wanita,set ulos anak dan sortali anak,Rp70.000,70000.0
pakaian-adat-wanita,WASTRA PELINGGIH BALI ARKLIK KAIN INDIA SUDAH JADI TINGGAL DIPASANG,Rp179.900,179900.0
pakaian-adat-wanita,Laqueens Janasya Tosca baju India kurta kurti tunik Anarkali lidah anar Lidah midi dress panjang pesta lebaran motif remaja dewasa gamis Kondangan Wanita Mewah Muslim Silk Tosca Hijau Maxi,Rp493.200,493200.0
pakaian-adat-wanita,Lingerie sexy set cheongsam qipao shanghai bahan beludru F209,Rp100.000,100000.0
pakaian-adat-wanita,SET ROK LILIT ANAK + SELENDANG/ ROK SONGKET ANAK DAN SELENDANG AKSESORIS WANITA MELAYU SONGKET LILIT DENGAN SELENDANG,Rp92.950,92950.0
pakaian-adat-wanita,ulos ragihotang Sirara full benang mas,Rp130.000,130000.0
pakaian-adat-wanita,Batik Kultur Set - BCQ &WHLS - Jubilant Bouquet and Kawung in Red Plum,Rp1.095.000,1095000.0
pakaian-adat-wanita,aksesoris adat palembang besar baju adat nusantara ( ikat pasangko),Rp125.000,125000.0
pakaian-adat-wanita,Kamen Jadi Bordir katun strait motif alam bawahan tradisional kebaya wanita,Rp149.900,149900.0
pakaian-adat-wanita,Kain Kamen prada emas bali lembaran motif wajik busana pakaian tari,Rp63.000,63000.0
pakaian-adat-wanita,BAJU MINANG BLUDRU/ BAJU KURUNG MELAYU TERBARU BORDIR STIK LIST GOLD WARNA SIZE LENGKAP BAJU KURUNG TRADISIONAL  Wanita Motif Mewah,Rp148.000,148000.0
pakaian-adat-wanita,songket Tarutung sibolang rasta KW2 warna hijau alpukat,Rp300.000,300000.0
pakaian-adat-wanita,rambut rangda bali harga per helai,Rp17.000,17000.0
pakaian-adat-wanita,Topi pucca topi ragidup toba rumbai merah sortopi pucca,Rp40.000,40000.0
pakaian-adat-wanita,Batik Keris Blouse Lengan Pendek Kuthu Baru Merak Puri Lestari,Rp421.000,421000.0
pakaian-adat-wanita,Lausboutique-Set Kusuma-Seri Seruni-Oneset Batik Pesta,Rp750.000,750000.0
pakaian-adat-wanita,Lausboutique-Angking Set-Seri Tembokan-Oneset Batik Wanita,Rp550.000,550000.0
pakaian-adat-wanita,Lausboutique-Set Aruna-Seri Rang-Oneset Batik Wanita Ramadhan,Rp650.000,650000.0
pakaian-adat-wanita,Lausboutique-Loose Basic Beading-Seri Natal-Hanya atasan,Rp285.000,285000.0
pakaian-adat-wanita,BATIK KLEWER SOLO / COD BLUS KARTINI MODANG BESAR ABU BAHAN PARIS ADEM DAN JATUH / BAJU ATASAN KEBAYA KARTINI / BAJU KONDANGAN WANITA,Rp125.000,125000.0
pakaian-adat-wanita,TianShun Modern Improved Cheongsam Fashion Red Dress Women's Short Sleeve Midi Dress Party Casual China New Year Clothes,Rp299.000,299000.0
pakaian-adat-wanita,baju koto gadang modern / pakaian adat Melayu,Rp4.800.000,4800000.0
pakaian-adat-wanita,Kain Kamen prada emas bali lembaran motif wajik busana pakaian tari,Rp63.000,63000.0
pakaian-adat-wanita,BAJU MINANG BLUDRU/ BAJU KURUNG MELAYU TERBARU BORDIR STIK LIST GOLD WARNA SIZE LENGKAP BAJU KURUNG TRADISIONAL  Wanita Motif Mewah,Rp148.000,148000.0
pakaian-adat-wanita,rambut rangda bali harga per helai,Rp17.000,17000.0
pakaian-adat-wanita,Aksesoris Kepala Bulu Adat Papua & Dayak,Rp15.750,15750.0
pakaian-adat-wanita,Selendang songket warna warni,Rp60.000,60000.0
pakaian-adat-wanita,Topi pucca topi ragidup toba rumbai merah sortopi pucca,Rp40.000,40000.0
pakaian-adat-wanita,WASTRA PELINGGIH BALI ARKLIK KAIN INDIA SUDAH JADI TINGGAL DIPASANG,Rp179.900,179900.0
pakaian-adat-wanita,[1Set- Prewedding] Baju Prewedding / Baju Adat - Basahan Motif Semen Romo,Rp694.200,694200.0
pakaian-adat-wanita,Ulos Sadum Raja Besar Ulos Tulang Untuk Bere,Rp320.000,320000.0
pakaian-adat-wanita,Sayap Kerub Belly/Anak Sayap Kerub Belly Dance/Alat Tari Sayap,Rp160.000,160000.0
pakaian-adat-wanita,Kamen Sutra paris set selendang wanita premium bawahan Tradisional kamen bali dewasa panjang kamen lembaran kambennbali,Rp199.900,199900.0
pakaian-adat-wanita,JC GAUN Ching Cheongsam Dress Lace READY STOCK Wanita Elegan Fashion Cewek Lengan Pendek Katun Furing Zipper Belakang Kancing Variasi untuk Pesta Pernikahan Natal Size M-L,Rp149.000,149000.0
pakaian-adat-wanita,Kamen Endek Sugeng Bordir Premium set selendang,Rp165.000,165000.0
pakaian-adat-wanita,Baju cheongsam changsan imlek 2023 cewek kaos shio kelinci air panjang,Rp130.000,130000.0
pakaian-adat-wanita,Ulos Ragihotang Ulos Tulang Ragi Hotang Toba,Rp230.000,230000.0
pakaian-adat-wanita,SW-18015P 18015P Non-direction Spring Vibration Shake Sensor,Rp2.511,2511.0
pakaian-adat-wanita,"Kelengkapan Tari Adat Papua, Dayak, Ikat Kepala Bulu Warna Warni",Rp10.000,10000.0
pakaian-adat-wanita,Badong kalung Tari adat Bali Bahan Karton Rolex,Rp49.900,49900.0
pakaian-adat-wanita,tandok pandan ukuran 3 liter,Rp50.000,50000.0
pakaian-adat-wanita,paes tempel jogja,Rp25.000,25000.0
pakaian-adat-wanita,ulos sadum dimensi rumbai penuh,Rp60.000,60000.0
pakaian-adat-wanita,kamen bordir lembaran motif square full benang prada,Rp130.000,130000.0
pakaian-adat-wanita,Kamen jadi knit set selendang kamen melar kamen twrbaru kamenkamen viral kamen bali bawahan bali,Rp85.016,85016.0
pakaian-adat-wanita,Songket dan selendang sibolang rasta katun premium,Rp250.000,250000.0
pakaian-adat-wanita,Bordir manual di bahan sifon sifon salju kainya lemes dengan bling bling di bagian kain untuk ukuran 1 baju,Rp150.000,150000.0
pakaian-adat-wanita,Ulos Ragihotang sirara JUMBO,Rp150.000,150000.0
pakaian-adat-wanita,tandok 5 liter bahan plastik tandok pesta,Rp40.000,40000.0
pakaian-adat-wanita,Kebaya wisuda anak selendang kebaya kids pesta/setelan dan atasan kebaya modern anak terbaru,Rp129.000,129000.0
pakaian-adat-wanita,Colostomy Bag Kantong Kolostomi Kantung Stoma Stoma Bag Hollister 8631,Rp48.000,48000.0
pakaian-adat-wanita,Vest Ulos / Rompi Dewasa Perempuan / Rompi Ulos Batak / Model Rumbai / toko ulos rogabe,Rp75.000,75000.0
pakaian-adat-wanita,baju adat Betawi /Sunda size XXL/SMP,Rp145.000,145000.0
pakaian-adat-wanita,INNER DRESS SPAN PLISKET LIDI WAVY / INNER SPAN WAVY / INNER SPAN PLISKET LIDI WAVY / DS04,Rp78.000,78000.0
pakaian-adat-wanita,Kamen Sutra Paris Motif Terbaru Burung Bali Original Quallity-Kain Lembaran kamen bali Set Selendang,Rp102.900,102900.0
pakaian-adat-wanita,baju adat palembang # sumatra selatan dewasa m l xl,Rp400.000,400000.0
pakaian-adat-wanita,M05D70# Cheongsam 2pcs Set Sincia Tradisional Fashion,Rp208.990,208990.0
pakaian-adat-wanita,Kamen bordir benang silver premium,Rp150.000,150000.0
pakaian-adat-wanita,Kamen lembaran sutra paris free selendang bahan sutra premium murah,Rp120.000,120000.0
pakaian-adat-wanita,"Satu set kebaya , beskap pengantin & ekor chongsam",Rp2.565.000,2565000.0
pakaian-adat-wanita,ULOS sadum raja jumbo full simata 7 kukusan,Rp350.000,350000.0
pakaian-adat-wanita,kamen bordil full benang cendana motif lotus,Rp115.000,115000.0
pakaian-adat-wanita,ADIVA-- SET KAIN/LURIK/JILBAB/PIN PSR YAYASAN KEMALA BHAYANGKARI LENGKAP,Rp351.000,351000.0
pakaian-adat-wanita,Setelan Sarung Motif Mangiring jugia - sirat toba,Rp225.000,225000.0
pakaian-adat-wanita,Baju Adat Kalimantan Timur PAUD TK SD // Baju Adat Dayak,Rp145.000,145000.0
pakaian-adat-wanita,Kamen Sutra Doby Atbm set selendang Motif Burung Cendrawasih Premium Original,Rp240.000,240000.0
pakaian-adat-wanita,ulos Sadum raja pelangi Sirat 10,Rp310.000,310000.0
pakaian-adat-wanita,Baju adat Betawi None jumbo,Rp190.000,190000.0
pakaian-adat-wanita,Baju Kurung Melayu Hawa Bordir Wanita Dewasa Cantik Premium,Rp309.999,309999.0
pakaian-adat-wanita,Topi batak dari bahan ulos ragihotang merah,Rp50.000,50000.0
pakaian-adat-wanita,Ulos harungguan Tenunan tangan muara Jumbo,Rp2.100.000,2100000.0
pakaian-adat-wanita,Ulos Ragihidup merah Ulos Pucca Toba Mesin,Rp300.000,300000.0
pakaian-adat-wanita,Ulos mangiring tenun ATBM pakaian adat batak toba ulos pahoppu,Rp165.000,165000.0
pakaian-adat-wanita,Kamen wanita KATUN Jumputan tretes mawar Mewah Motif Tebal Kombinasi kamen set selendang bali,Rp199.900,199900.0
pakaian-adat-wanita,songket Tarutung sibolang rasta KW2 warna hijau botol,Rp260.000,260000.0
pakaian-adat-wanita,ULOS MANGIRING TOBA TENUN TANGAN ASLI SIRAT BESAR,Rp375.000,375000.0
pakaian-adat-wanita,ulos sadum raja jumbo orange,Rp325.000,325000.0
pakaian-adat-wanita,baju adat Batak size Dewasa /SMA,Rp180.000,180000.0
pakaian-adat-wanita,KEMEJA CHEONGSAM BUNGA MAWAR BORDIR IMPORT HIGH QUALITY,Rp408.000,408000.0
pakaian-adat-wanita,Lausboutique-Set Angking-Seri Porcelain-Oneset Batik Pesta,Rp595.000,595000.0
pakaian-adat-wanita,Lausboutique-Dania Set-Seri Lilit-Setelan Batik Wanita-Fit Hitam Panjang Viscose,Rp550.000,550000.0
pakaian-adat-wanita,Kebaya Santai Pagi Sore Bambu Hitam Merah,Rp1.250.000,1250000.0
pakaian-adat-wanita,Lausboutique-Angking Set-Seri Tembokan-Oneset Batik Wanita,Rp550.000,550000.0
pakaian-adat-wanita,Keris Gallery Blouse Batik Lengan 3/4 Kacing Depan Motif Keris Harmoni Karsa - Merah,Rp315.250,315250.0
pakaian-adat-wanita,bulang simalungun warna hijau,Rp165.000,165000.0
pakaian-adat-wanita,0285 CNY Yixuan Asymmetric Cheongsam Top Baju Imlek,Rp128.000,128000.0
pakaian-adat-wanita,Bordir selendang Rumbai selendang songket 1pasang 2cs,Rp110.000,110000.0
pakaian-adat-wanita,Topi Ulos Ragihotang Rumbai Emas - topi ragihotang RANDOM,Rp40.000,40000.0
pakaian-adat-wanita,Dress Brokat Pendek Full Furring/Midi dress Kondangan/Dress Natal brukat slim/ Dress Imlek,Rp102.400,102400.0
pakaian-adat-wanita,Baju Bodo Tokko Organza Polos Model Segiempat Klasik Bugis Makassar Mandar Toraja Seragam Pesta Dewasa Remaja Dress Wanita Kondangan Mewah Panjang,Rp30.500,30500.0
pakaian-adat-wanita,Aksesoris Tari Pandan Palembang,Rp75.000,75000.0
pakaian-adat-wanita,"Silky Crush shimer dengan kainya lemes dan motif yang mewah ukuran 1,4 x 1,5 m",Rp92.000,92000.0
pakaian-adat-wanita,Baju Surjan Lurik Pria & Kebaya Lurik Wanita Baju Adat Jawa Khas Solo Jogja Dewasa Motif Kain Tenun Klasik Tebal Halus untuk Acara Adat dan Moment Spesial,Rp70.400,70400.0
pakaian-adat-wanita,1PCS Kantong Kolostomi / Colostomy Bag,Rp29.550,29550.0
pakaian-adat-wanita,Ulos sadum full motif full mote Ulos bere perempuan Ulos boru,Rp145.000,145000.0
pakaian-adat-wanita,Baju adat NTB dewasa satuan Panjang,Rp199.000,199000.0
pakaian-adat-wanita,Gelung Janger/ Mahkota Tari Janger Bali,Rp42.000,42000.0
pakaian-adat-wanita,Kamen Bordir Jadi Motif Baru,Rp150.000,150000.0
pakaian-adat-wanita,Topi ulos ragihotang rumbai mas,Rp75.000,75000.0
pakaian-adat-wanita,CEONGSAM IMLEK DRESS BIG SALE NEW ARRIVAL ALILA MIDI DRESS PANTAI PESTA PARTY SABRINA,Rp119.000,119000.0
pakaian-adat-wanita,[Atasan- Beskap Kebaya] Atasan Prewed Nuansa Hitam Bordir,Rp290.700,290700.0
pakaian-adat-wanita,"Sepatu bakiak wanita ekstra tebal 8,0 cm dengan penyangga lengkung kaki, nyaman dan serbaguna untuk dipakai di luar ruangan, menambah tinggi badan, anti selip, tahan air, dan anti bau hengrun-6016",Rp51.888,51888.0
pakaian-adat-wanita,Kamen jadi katun bordir strait bawahan tradisional rok bali rok size jumbo,Rp149.900,149900.0
pakaian-adat-wanita,ACTION FIGURE HATSUNE MIKU YUKATA KIMONO,Rp950.000,950000.0
pakaian-adat-wanita,Scarf Sabuk Tari Perut/Selendang Belly Dance/Top Tanktop Belly Dance,Rp118.000,118000.0
pakaian-adat-wanita,karnaval aksesoris kostum tari pentas seni gandrung banyuwangi,Rp75.000,75000.0
pakaian-adat-wanita,Laqueens Gosriki Lavender Long kurta chikankari baju India wanita dewasa motif bordir chikankari lavender Dress Panjang,Rp279.000,279000.0
pakaian-adat-wanita,Kamen Jadi Bordir Set Selendang,Rp182.000,182000.0
pakaian-adat-wanita,Lotuskebayabali | KAMEN SUTRA PARIS SET SELENDANG | Kamen Lembaran,Rp190.999,190999.0
pakaian-adat-wanita,BAJU ADAT MINANG PADANG CEWEK BLUDRU TERMURAH,Rp99.900,99900.0
pakaian-adat-wanita,ulos pucca Toba ulos passamot ulos ragihidup,Rp350.000,350000.0
pakaian-adat-wanita,Batik Kultur Set - BFCT & DLDS - Hibiscus Rosa Flowers Ornament,Rp1.395.000,1395000.0
pakaian-adat-wanita,Kamen Katun lembaran set sekendang Sugeng tumpal Setelan kebaya bali Motif Songket,Rp199.900,199900.0
pakaian-adat-wanita,Baju papua dewasa adat nusantara,Rp250.000,250000.0
pakaian-adat-wanita,Satu set Ulos simalungun suri suri simalungun dan gotong,Rp450.000,450000.0
pakaian-adat-wanita,Ragihotang super jumbo motif full Sirara premium,Rp1.100.000,1100000.0
pakaian-adat-wanita,Set ulos sadum lengkap untuk perempuan,Rp250.000,250000.0
pakaian-adat-wanita,Setelan Baju Kurung Melayu Kemala Satin Bordir Tebal Dan Rok Bordir Free Hijab Mewah Kebaya Wanita Kondangan Pesta Panjang Motif Setelan Atasan Tunik Wisuda,Rp315.000,315000.0
pakaian-adat-wanita,Dress Batik 183 Series/ Seragam Batik/ Cheongsam Series/ Cheongsam Batik/ Dress Merah/ Baju Imlek Casual Katun,Rp230.000,230000.0
pakaian-adat-wanita,ulos bintang maratur tenun mesin,Rp150.000,150000.0
pakaian-adat-wanita,Kamen Jadi Lasem Bordir katun strait bawahan wanita tradisional kebaya bali,Rp176.302,176302.0
pakaian-adat-wanita,Ulos sadum raja jumbo simata penuh benang mas,Rp350.000,350000.0
pakaian-adat-wanita,ulos Sadum raja super jumbo pelangi simata penuh,Rp350.000,350000.0
pakaian-adat-wanita,CANDUKU Dress - Pakaian Wanita -Terbaru by Hijab Mamah icis,Rp155.000,155000.0
pakaian-adat-wanita,baju jadi brokad Melia dengan taburan Payet mutiara,Rp160.000,160000.0
pakaian-adat-wanita,kostum Swedia wanita dewasa Sweden Tradisional Scandinavian Costume,Rp495.000,495000.0
pakaian-adat-wanita,topi batak ragihotang / pesta adat batak,Rp35.000,35000.0
pakaian-adat-wanita,Sembahyang leluhur Qing Ming Set Baju Celana Perempuan,Rp12.500,12500.0
pakaian-adat-wanita,Sembahyang Leluhur Qing Ming Set Baju Celana Perempuan,Rp12.500,12500.0
pakaian-adat-wanita,Baju Bodo Wanita Remaja-Dewasa Polos Lengan Pendek Adat Bugis Dress Pesta Kondangan Seragam,Rp30.000,30000.0
pakaian-adat-wanita,Wayang Kulit Shinta (Gaya Surakarta/Solo),Rp59.000,59000.0
pakaian-adat-wanita,Kantong Kolostomi Colostomy Bag Alcare 16771 - Ecer,Rp31.235,31235.0
pakaian-adat-wanita,Ulos Ragi Hidup / Paccamot Pakaian Adat Batak toba,Rp294.000,294000.0
pakaian-adat-wanita,Ulos sadum tenun tarutung pakaian adat batak toba Wanita,Rp850.000,850000.0
pakaian-adat-wanita,Kamen paris motif ATBM Lembaran Batik Cundamani + selendang kamen lembut dan lemes jatuh kalau di pakai,Rp102.900,102900.0
pakaian-adat-wanita,Uis Nipes Original ~ Kain Tenun Tradisional Etnik Karo Premium Wanita,Rp550.000,550000.0
pakaian-adat-wanita,Songket tarutung asli tenunan tangan songket harungguan dan ragihuting,Rp790.000,790000.0
pakaian-adat-wanita,KAMEN KATUN BORDIR DAN EMBOS PUTIH,Rp175.000,175000.0
pakaian-adat-wanita,Ulos Sadum Ulos Holong Ulos Sadum bonggit,Rp135.000,135000.0
pakaian-adat-wanita,baju adat bangka Belitung dewasa,Rp180.000,180000.0
pakaian-adat-wanita,DRESS CHEONGSAM PINK KANCING BUNGA IMPORT IMLEK 2026,Rp388.000,388000.0
pakaian-adat-wanita,"Akita-Tebus Murah Dress Raya Akita Dress Wanita Lebaran, Lamaran, Tunangan, Kondangan Materil Silk & Lace",Rp291.750,291750.0
pakaian-adat-wanita,ulos Sadum raja jumbo marun full Payet,Rp350.000,350000.0
pakaian-adat-wanita,Premium Shanghai red cheongsam dress,Rp145.000,145000.0
pakaian-adat-wanita,Lausboutique-Set Angking-Seri Porcelain-Oneset Batik Pesta,Rp595.000,595000.0
pakaian-adat-wanita,Lausboutique-Dania Set-Seri Lilit-Setelan Batik Wanita-Fit Hitam Panjang Viscose,Rp550.000,550000.0
pakaian-adat-wanita,Kebaya Santai Pagi Sore Bambu Hitam Merah,Rp1.250.000,1250000.0
pakaian-adat-wanita,Lausboutique-Angking Set-Seri Tembokan-Oneset Batik Wanita,Rp550.000,550000.0
pakaian-adat-wanita,Keris Gallery Blouse Batik Lengan 3/4 Kacing Depan Motif Keris Harmoni Karsa - Merah,Rp315.250,315250.0
pakaian-adat-wanita,MELATI SATU SET PAES AGENG,Rp60.000,60000.0
pakaian-adat-wanita,baju kurung motif suji bunga kecil2 dengan belah depan,Rp185.000,185000.0
pakaian-adat-wanita,IMLEK SALE Cheongsam Dress Midi Longfeng Import,Rp275.000,275000.0
pakaian-adat-wanita,GLORY LONGTORSO || LONGTORSO/KAMISOL/KAMBEN,Rp192.500,192500.0
pakaian-adat-wanita,Dress cheongsam batik 9070 / dress cheongsam,Rp189.000,189000.0
pakaian-adat-wanita,Ulos ragihotang sirara merah cabe pakai benang glitter ulos panoropi,Rp120.000,120000.0
pakaian-adat-wanita,Jual Kemben Angkin Jumputan Instan Jumbo Motif Model Karet Belakang Dan Perekat Sehingga Dapat Membentuk Perut Bahan Katun Batik Nyaman Di Pakai,Rp27.987,27987.0
pakaian-adat-wanita,Baju Adat Dayak Dewasa / Baju Adat Kalimantan,Rp285.000,285000.0
pakaian-adat-wanita,Jarik Instan Cewek - Motif Sido Asih Cilik / Motif Lengkap,Rp102.400,102400.0
pakaian-adat-wanita,"Kamen jadi knit motif endek bebali dan polos,bahan adem dan strait Wanita",Rp100.000,100000.0
pakaian-adat-wanita,Ulos Sadum Tikar Simata 7 tingkat Ulos bere boru Ulos boru Ulos holong,Rp100.000,100000.0
pakaian-adat-wanita,kamen jadi katun bordir strait jumputan set selendang bawahan tradisional wanita kamen rok bali,Rp169.900,169900.0
pakaian-adat-wanita,Baju Bodo Tokko Polos Adat Bugis Makassar Organza Remaja Dewasa,Rp30.000,30000.0
pakaian-adat-wanita,Chinese New Year Sale Dress Cheongsam Wanita Gaun Pesta Mini Dress Baju Tradisional China Dress Motif Bunga Sakura,Rp289.100,289100.0
pakaian-adat-wanita,Ghanimi - Farah Prayer Set / Mukena Rayon Polos Nyaman Panjang Dewasa Twill Muslim Lilac Travel,Rp215.000,215000.0
pakaian-adat-wanita,Chinese Traditional Clothing Women Short Sleeve Lace Red Pink Apricot Elegant Wedding Cheongsam Dress Fishtail Hip Midi Dresses Casual Party Summer Qipao Toasting Clothes Wanita Pesta Pengantin Kondangan,Rp235.000,235000.0
pakaian-adat-wanita,Urvashi kurti india gamis India Made in india asli bahan batik india gamis india dress abaya,Rp747.000,747000.0
pakaian-adat-wanita,Kamen sutra paris set selendang Jumbo motif Atbm,Rp165.000,165000.0
pakaian-adat-wanita,Set Sepasang Sortali Lempengan dan Topi Ulos Ragihotang,Rp125.000,125000.0
pakaian-adat-wanita,batik couple katun solo ready sragaman,Rp185.000,185000.0
pakaian-adat-wanita,FK 216 SET DRESS ANARKALI KATUN,Rp750.000,750000.0
pakaian-adat-wanita,ulos sadum biru gold ulos boru,Rp150.000,150000.0
pakaian-adat-wanita,Pucca Siantar Tenun Setelan Songket + Selendang,Rp140.000,140000.0
pakaian-adat-wanita,ulos Sadum tikar tikar,Rp70.000,70000.0
pakaian-adat-wanita,Ulos ragihotang mas sirat tojuk,Rp175.000,175000.0
pakaian-adat-wanita,SELENDANG SILKY SATIN KAMEN SPARKLE,Rp35.000,35000.0
pakaian-adat-wanita,Kamen Bali Sutra Paris Set Selendang Motif Terbaru Khas Bali Original Quallity Motif Merak Kuncung,Rp102.900,102900.0
pakaian-adat-wanita,COD (Bonus Hijab) Setelan Tunik Melayu Belah Samping Vol.3 Baju Kurung Melayu Satin Premium Kombinasi Rok Songket / Set Kebaya Kondangan Elegan / Set Kebaya Modern Melayu Terlaris,Rp225.150,225150.0
pakaian-adat-wanita,Ulos bintang maratur full mote gliter biru dan hitam Ulos nujuhbulan,Rp350.000,350000.0
pakaian-adat-wanita,Ulos ragihotang sirara jumbo full glitter gold sirat besar,Rp300.000,300000.0
pakaian-adat-wanita,KAMEN SEMI SUTRA TRETES TENUN PALEMBANG SEMI SUTRA FULL SUTRA SET SELENDANG ENDEK BALI KAMEN PALEMBANG ATBM,Rp975.000,975000.0
pakaian-adat-wanita,Kamen plisket lukis set selendang,Rp129.000,129000.0
pakaian-adat-wanita,0962 CNY Xiaofang Embroidered Mesh Cheongsam Dress Elegan Gaun Imlek,Rp225.000,225000.0
pakaian-adat-wanita,Ulos sadum raja jumbo pelangi dan polos full simata,Rp325.000,325000.0
pakaian-adat-wanita,Kamen Bali Lembaran Sutra Dobi ATBM Motif Ranting Tanahan Klasik Bali Set Selendang,Rp230.000,230000.0
pakaian-adat-wanita,DRESS CHEONGSAM PINK LINGLING IMPORT IMLEK 2026,Rp458.000,458000.0
pakaian-adat-wanita,Hiasan Gantungan Imlek Tassel Cheongsam Dress,Rp12.000,12000.0
pakaian-adat-wanita,Baju adat Aceh / Baju Tari Saman Aceh,Rp285.000,285000.0
pakaian-adat-wanita,Kamen & Selendang Bahan Linen Prahita / Kain Bali / Kundangan / Kepura,Rp175.000,175000.0
pakaian-adat-wanita,Kamen Lembaran Full Bordir Premium New Magenta 2 Meter x 1 Meter Bordiran 7/8 Cocok untuk Berbagai Kebutuhan Kain Lembaran,Rp150.000,150000.0
pakaian-adat-wanita,Ulos parompa ulos tenun ulos tardidi atau ulos mangiring,Rp325.000,325000.0
pakaian-adat-wanita,songket Palembang ORI motif 3 negri marun kembang mawar hijau,Rp2.300.000,2300000.0
pakaian-adat-wanita,Ulos paroppa Sipirok tenun Tangan 53x220cm dengan Payet Tanam dan Sirat Payet untuk Ulos Paroppa atau Selendang Elegan dan Mewah,Rp650.000,650000.0
pakaian-adat-wanita,KAMEN ENDEK SEKORDI BANYUMAS SELENDANG,Rp310.000,310000.0
pakaian-adat-wanita,Dress Baju Terusan Wanita Setelan Set Baju Maxi Skirt Rok Cheongsam Chongsam Wanita Imlek Chinese New Year Pakaian Sincia Retro Vintage Mandarin Panjang,Rp239.000,239000.0
pakaian-adat-wanita,"Pledoan kecil, sabuk untuk kamen | Kalpika Fashion",Rp195.000,195000.0
pakaian-adat-wanita,Baju Adat Dewasa Nusa Tenggara Barat/NTB Satuan (Laki/Cewek),Rp177.500,177500.0
pakaian-adat-wanita,sepaket sortali rajut / ikat kepala dan ikat pinggang rajut ethnick / sortali rajut / adat batak,Rp55.000,55000.0
pakaian-adat-wanita,Tandok Ulos Batak ukuran 3-5 Liter Tandok Pesta,Rp80.000,80000.0
pakaian-adat-wanita,Sadum anak Sadum kecil Ulos holong,Rp55.000,55000.0
pakaian-adat-wanita,Ulos Sadum bollang warna ungu,Rp60.000,60000.0
pakaian-adat-wanita,Mahkota Bulu Adat Tarian Dayak,Rp18.500,18500.0
pakaian-adat-wanita,Back up/main feed/feed cup/mangkok gigi Mc.Strobel 6112,Rp115.000,115000.0
pakaian-adat-wanita,Topi ulos ragihotang merah gold Topi batak Topi laki laki benang emas,Rp45.000,45000.0
pakaian-adat-wanita,Topi Ragi Hotang Aksesoris Pria Adat Batak Toba Karet Motif Ulos Ragi Hotang Ukuran 30cm Lingkar 36cm Nyaman Cocok Untuk Tarian Adat Kostum Pernikahan,Rp50.000,50000.0
pakaian-adat-wanita,Ulos Sadum Biasa Ulos Sadum Panoropi,Rp55.000,55000.0
pakaian-adat-wanita,Kamen endek sisir 70 ukuran 2.2mtr bahan nyaman dan adem,Rp175.000,175000.0
pakaian-adat-wanita,Sadum akola cantik warna warni,Rp150.000,150000.0
pakaian-adat-wanita,Ulos Sadum pelangi sirat simata Ulos boru Ulos bere perempuan,Rp225.000,225000.0
pakaian-adat-wanita,KEBAYA VATIKA | Klambi Bali,Rp294.400,294400.0
pakaian-adat-wanita,Lausboutique-Outer Cicilia-Outer Pesta-Bolero Wanita,Rp335.000,335000.0
pakaian-adat-wanita,Kebaya Santai Pagi Sore Bambu Hitam Merah,Rp1.250.000,1250000.0
pakaian-adat-wanita,*Ready Stok* SISTER'S - Cheongsam Brukat Kombi Kaos C1463 (CAPZ),Rp489.000,489000.0
pakaian-adat-wanita,Lausboutique-Set Aruna-Seri Rang-Oneset Batik Wanita Ramadhan,Rp650.000,650000.0
pakaian-adat-wanita,Lausboutique-Loose Basic Beading-Seri Natal-Hanya atasan,Rp285.000,285000.0
pakaian-adat-wanita,Elysian Lace Qipao By Aesthete.yourlife,Rp165.000,165000.0
pakaian-adat-wanita,hajut penuh,Rp400.000,400000.0
pakaian-adat-wanita,Dress Etnik Tenun Ulos RAGIHIDUP Asli Model : JOJOR,Rp410.000,410000.0
pakaian-adat-wanita,TianShun Chiffon Modern Cheongsam Printed Mid-length Dress New Chinese Traditional Women's Party Casual New Year Elegant Cheongsam,Rp320.000,320000.0
pakaian-adat-wanita,MiniDress Wanita Kostum Dress Cheongsam Shanghai Gaun Malam Imlek NF126 Elegan dengan Detail Cantik,Rp150.000,150000.0
pakaian-adat-wanita,Topi Pucca Ragihidup - topi Pengantin Adat Ulos Ragihidup,Rp95.000,95000.0
pakaian-adat-wanita,【COD】Pola Kebaya Kurung Dewasa | Pola Baju Wanita Lengkap | Pola Instan Kebaya | Pola Jiplak | Pola Jahitan Lengkap Firdaus Busana,Rp30.000,30000.0
pakaian-adat-wanita,Kamben bordir Strait kombinasi bordir full,Rp135.000,135000.0
pakaian-adat-wanita,kostum-greek-goddes-yunani-dewasa-costume,Rp445.000,445000.0
pakaian-adat-wanita,Kamen + Selendang Katun Tretes,Rp170.000,170000.0
pakaian-adat-wanita,Kemeja Lengan Panjang Cheongsam Chongsam Cheong Sam Wanita Merah Bordir Tassel Gantungan Hiasan Hoki Baju Imlek Sincia Top Mandarin Chinese New Year,Rp170.000,170000.0
pakaian-adat-wanita,"(1set, Cowok) Pakaian Adat Sunda / Beskap + Sapit Urang + Blangkon + Free Benggol | Model Pangestu",Rp389.400,389400.0
pakaian-adat-wanita,ULOS BATAK RAGIHOTANG PURADA BENANG EMAS / ULOS TULANG / BONA TAON,Rp250.000,250000.0
pakaian-adat-wanita,sortali biasa dan topi ulos ragihotang,Rp70.000,70000.0
pakaian-adat-wanita,Angkin Instant/Angkin jumputan Wanita Dewasa,Rp45.000,45000.0
pakaian-adat-wanita,tandok kecil ukuran 3-4 liter,Rp30.000,30000.0
pakaian-adat-wanita,[RAMADAN] Baju Kelinci Bahan Poliester Koko Bunga Tank Series / Baju Kelinci Idul Fitri Size S-XXL,Rp19.800,19800.0
pakaian-adat-wanita,1PC Epaulet Tanda Pangkat Aksen Rivet + Rumbai Panggung Gaya Vintage Punk Bahu Model Rumbai Rivet,Rp24.000,24000.0
pakaian-adat-wanita,SARUNG PANTAI SUPER MOTIF KALTIM 180X120||KAIN PANTAI TANPA RAWIS,Rp36.900,36900.0
pakaian-adat-wanita,ulos sadum pelangi,Rp75.000,75000.0
pakaian-adat-wanita,Rok / Kamen Airflow Stretch dan Selendang Airflow Murah Bali,Rp75.000,75000.0
pakaian-adat-wanita,imlek baju cheongsam kaos jersey cheongsam wanita kaos imlek gong xi fa cai shio ular SH-03a bahan embos topo free custom nama dan logo,Rp135.000,135000.0
pakaian-adat-wanita,Kembang sanggul Bugis Makassar / mandar,Rp45.080,45080.0
pakaian-adat-wanita,ulos utk bere perempuan ulos utk Boru ulos Sadum raja jumbo,Rp300.000,300000.0
pakaian-adat-wanita,Jersey oversize anak karakter/sololeveling /Basseball/skenaoutfit/vintage/rugby/retro/korea/fullprinting/ootd/atasan/usia 2-12 tahun,Rp45.900,45900.0
pakaian-adat-wanita,ulos Sadum merah motif angkola,Rp200.000,200000.0
pakaian-adat-wanita,sarung murah motif mangiring warna kuning,Rp350.000,350000.0
pakaian-adat-wanita,songket murah sibolang rasta k2,Rp260.000,260000.0
pakaian-adat-wanita,"ulos mangiring - ulos paroppa - Ulos mangiring jugia Ulos lahir Ulos pahompu Ulos mangain, babtis",Rp130.000,130000.0
pakaian-adat-wanita,Kain Ulos Sekata Ulos Sadum Si kecil Emas Ulos Holong Tenun tangan asli,Rp28.000,28000.0
pakaian-adat-wanita,tandok batak bahan songket ukuran 5-6 liter,Rp100.000,100000.0
pakaian-adat-wanita,Baju Lurik Wanita Dewasa - Kutubaru Wanita Dewasa / Baju Adat Jogja Solo - Motif Garis Bahan Katun Premium,Rp55.000,55000.0
pakaian-adat-wanita,Tandok pandan asli bahul bahul wadah beras adat batak 10 liter,Rp65.000,65000.0
pakaian-adat-wanita,"Ulos ragihotang ulos tulang ,Bona tulang",Rp250.000,250000.0
pakaian-adat-wanita,ZAMIRA Baju melayu songket polos payet satin Polos Sutra Mewah,Rp525.000,525000.0
pakaian-adat-wanita,ulos Sadum Tarutung simata penuh asli tenun Tarutung,Rp600.000,600000.0
pakaian-adat-wanita,KAMEN JADI JUMBOO SET SELENDANG,Rp115.000,115000.0
pakaian-adat-wanita,ULOS MANGIRING SIRAT BAGUS BUATAN MESIN SIRAT BESAR,Rp200.000,200000.0
pakaian-adat-wanita,Selendang tari oleg adat bali,Rp119.000,119000.0
pakaian-adat-wanita,SETELAN CHEONGSAM IMPORT BL IMLEK,Rp858.000,858000.0
pakaian-adat-wanita,DRESS CHEONGSAM ROMPI 2026 IMPORT PREMIUM HIGH QUALITY,Rp858.000,858000.0
pakaian-adat-wanita,Kamen Bordir katun straight motif wajik/tebal/kamenbali,Rp120.000,120000.0
pakaian-adat-wanita,[Atasan- Beskap Kebaya] Atasan Baju Prewedding | Nuansa Solo Hitam,Rp155.600,155600.0
pakaian-adat-wanita,Set songket mangiring premium,Rp350.000,350000.0
pakaian-adat-wanita,Dress Etnik Tenun Ulos Ragihotang Sadum Asli (Tenun Tangan ) Model Michelle Gaun,Rp740.000,740000.0
pakaian-adat-wanita,Kain Kamen Bali Sutra Paris ATBM Set Selendang Motif Laras Batik viral untuk Kebaya Wanita,Rp100.000,100000.0
pakaian-adat-wanita,Kaos Oleh-oleh Thailand Pattaya Banyak Model - Baju Souvenir Pattaya Thailand Bisa Request Warna 1,Rp50.000,50000.0
pakaian-adat-wanita,Alicia Couture - Alia Cheongsam Dress - Ready Stock Collection - Dress Wanita Korean Style,Rp325.000,325000.0
pakaian-adat-wanita,Meylan Flare Cheongsam Kode 0955 Dress CNY Imlek Red Brokat Maron Casual Zipper Variasi Simple Wanita Pesta Kondangan,Rp205.000,205000.0
pakaian-adat-wanita,BAJU PSR KURUNG BHAYANGKARI,Rp253.000,253000.0
pakaian-adat-wanita,peci paskibra wanita,Rp9.500,9500.0
pakaian-adat-wanita,Sadum raja biru jumbo full mote Ulos boru takkas Ulos bere perempuan,Rp295.000,295000.0
pakaian-adat-wanita,TianShun High-grade Modern Improved Cheongsam Circular Fan Printed Short Sleeve Beige Traditional Chinese Women's Chiffon A- Line Mid-length Dress Party Casual Cheongsam,Rp320.000,320000.0
pakaian-adat-wanita,Renda Bordir Hiasan Dada Tari Ratu Teratai Variasi Payet,Rp65.000,65000.0
pakaian-adat-wanita,Kain khas Aceh motif pucuk rebung bordiran,Rp290.000,290000.0
pakaian-adat-wanita,Baju adat makassar / baju bodo dewasa,Rp159.900,159900.0
pakaian-adat-wanita,Violin Batik Stelan Cheongsam Viscose Cap Tulis Premium Bunga 2561,Rp1.050.000,1050000.0
pakaian-adat-wanita,Buku Antara Ketat Dan Longgar (Heman Elia),Rp15.000,15000.0
pakaian-adat-wanita,Ulos Silima Marsimata Ulos Holong,Rp60.000,60000.0
pakaian-adat-wanita,0009 CNY Goodluck Cheongsam Blouse Baju Imlek New Year Outfit,Rp152.000,152000.0
pakaian-adat-wanita,Lausboutique-Outer Cicilia-Outer Pesta-Bolero Wanita,Rp335.000,335000.0
pakaian-adat-wanita,Kebaya Santai Pagi Sore Bambu Hitam Merah,Rp1.250.000,1250000.0
pakaian-adat-wanita,*Ready Stok* SISTER'S - Cheongsam Brukat Kombi Kaos C1463 (CAPZ),Rp489.000,489000.0
pakaian-adat-wanita,Lausboutique-Set Aruna-Seri Rang-Oneset Batik Wanita Ramadhan,Rp650.000,650000.0
pakaian-adat-wanita,Lausboutique-Loose Basic Beading-Seri Natal-Hanya atasan,Rp285.000,285000.0
pakaian-adat-wanita,Mahkota Bulu Tarian Adat Dayak Kalimantann & Papua Full Set,Rp36.000,36000.0
pakaian-adat-wanita,ulos Sadum merah sisi coklat,Rp50.000,50000.0
pakaian-adat-wanita,"KAIN ROSE SHIMMER SILK PREMIUM QUALITY, BAHAN BAJU SATIN SHIMMER SILK PREMIUM, KAIN SHIMMER MURAH HIGH QUALITY, KAIN SHIMER METERAN, BAHAN SHIMER SILK",Rp25.000,25000.0
pakaian-adat-wanita,ulos Simalungun hatirongga warna merah,Rp100.000,100000.0
pakaian-adat-wanita,Kamen Doby Atbm set selendang Motif Batik Aryaseno Premium Original - kain kamen Lembaran set Selendang,Rp240.000,240000.0
pakaian-adat-wanita,Set kostum pakaian tari cendrawasih bali busana tari bali komplit,Rp1.795.000,1795000.0
pakaian-adat-wanita,Dress Etnik Tenun Ulos SADUM FULL SIMATA Asli BROKAT (Couple Dijual Terpisah),Rp410.000,410000.0
pakaian-adat-wanita,set sortali dan topi ulos ragihotang,Rp150.000,150000.0
pakaian-adat-wanita,Ulos sadum sirat 10 ulos sadum biru ulos untuk bere dan boru,Rp175.000,175000.0
pakaian-adat-wanita,KAMEN JADI MOTIF REMBANGTERBARU SET SELENDANG,Rp110.000,110000.0
pakaian-adat-wanita,ulos mangiring ulos Parompa ulos tardidi asli tenun,Rp325.000,325000.0
pakaian-adat-wanita,Laqueens Sangria Navy pink baju India kurta kurti tunik dewasa remaja full bordir mewah Dress Wanita Panjang Atasan Motif Muslim Rayon Viscose Midi,Rp375.642,375642.0
pakaian-adat-wanita,tandok pesta ukuran 5 liter,Rp50.000,50000.0
pakaian-adat-wanita,Mahkota Tarian Adat Dayak Sule,Rp17.500,17500.0
pakaian-adat-wanita,Tandok 10liter Tandok tulang warna cerah,Rp60.000,60000.0
pakaian-adat-wanita,Angkin Jumputan Tali Premium Best Seller,Rp45.000,45000.0
pakaian-adat-wanita,Bordir pinggiran di bahan yoryu dengan beberapa motif pilihan tersedia ukuran 1 baju,Rp140.000,140000.0
pakaian-adat-wanita,Ulos sadum Akola toba motif orang2 sirat 10 Ulos boru Bere perempuan,Rp275.000,275000.0
pakaian-adat-wanita,ress Etnik Tenun Ulos Pucca Toba Asli Model Rotua,Rp350.000,350000.0
pakaian-adat-wanita,ulos tardidi ulos parompa tenun,Rp325.000,325000.0
pakaian-adat-wanita,pakaian adat Bodo Sulawesi,Rp210.000,210000.0
pakaian-adat-wanita,Rompi kain goni - SIZE XL - Aksesoris adat - unisex,Rp150.000,150000.0
pakaian-adat-wanita,Ulos Sadum Semi Tarutung bordir rumbai Full Simata Ulos Sadum,Rp300.000,300000.0
pakaian-adat-wanita,ulos ragihidup/passamot besar,Rp800.000,800000.0
pakaian-adat-wanita,Nuboutique – Xiang Cheongsam Dress – Terusan Baju Imlek Wanita Qipao Bordir Burung Bahan Katun,Rp192.500,192500.0
pakaian-adat-wanita,Dress Etnik Tenun Ulos Ragihotang Sadum Asli (Tenun Tangan ) Bordir Model Michelle Gaun,Rp710.000,710000.0
pakaian-adat-wanita,Kamen lembaran Premium ATBM Sutra Dobby motif Tanahan Mawar dan selendang Panjang Wanita,Rp250.000,250000.0
pakaian-adat-wanita,Kamen Bali Sutra Paris Set Selendang Motif Terbaru Khas Bali Original Quallity Motif Cumi Batik,Rp105.000,105000.0
pakaian-adat-wanita,Ulos ragidup pucca utk orang meninggal yg sudah punya cucu Tujun Saput,Rp249.000,249000.0
pakaian-adat-wanita,Dress merak merah tricod tenun blangket jepara warna merah,Rp220.000,220000.0
pakaian-adat-wanita,JC Glady Cheongsam Dress Fit Size M-L Fashion Gaun Wanita Bahan Micro Scuba Formal Outfit Etnik Tahun Baru Feminim Elegan Classy Anggun Dres Gladiola Hitam Panjang 105 cm Sleting Belakang,Rp149.000,149000.0
pakaian-adat-wanita,Ulos Sadum Tikar-tikar Dimensi Rambu Padat,Rp48.500,48500.0
pakaian-adat-wanita,Cheongsam Baju Terusan Wanita Chongsam Cheong Sam Dress Imlek Chinese New Year Baju Pesta Mandarin Set Baju Atasan Bawahan Celana,Rp200.000,200000.0
pakaian-adat-wanita,Tandok Ulos 5-7Liter hand made Bahul bahul adat batak,Rp90.000,90000.0
pakaian-adat-wanita,Songket Sadum Sutera Tekstur Warna BIRU TOSCA,Rp900.000,900000.0
pakaian-adat-wanita,Setelan Cheongsam baju Set Atasan Bawahan Wanita Imlek Merah Pink Hitam Black Celana Sincia Chongsam Cheong Sam Chong Sam Premium,Rp220.000,220000.0
pakaian-adat-wanita,HARUNGGUAN TARUTUNG/ASLI TENUN TANGAN TARUTUNG,Rp750.000,750000.0
pakaian-adat-wanita,(Plastik Gantung) Baju Celana Kertas Akong Chongsam Motif Sembahyang Cengbeng Leluhur,Rp18.000,18000.0
pakaian-adat-wanita,topi ulos ragihotang,Rp60.000,60000.0
pakaian-adat-wanita,baju adat aceh saman dewasa adat nusantara,Rp280.000,280000.0
pakaian-adat-wanita,Kain Sarung tenunan Balige asli Katun,Rp65.900,65900.0
pakaian-adat-wanita,Colostomy Bag Kantong Kolostomi Dewasa Suavita 7620,Rp39.000,39000.0
pakaian-adat-wanita,Ragihotang sirara kualitas bagus merah gold,Rp134.000,134000.0
pakaian-adat-wanita,1set pakain tari blibis,Rp1.450.000,1450000.0
pakaian-adat-wanita,kalung baju adat bugis / kalung baju bodo,Rp125.000,125000.0
pakaian-adat-wanita,Ulos Mangiring Tonun Tangan Ulos Pahoppu,Rp300.000,300000.0
pakaian-adat-wanita,"Perhiasan baju adat bugis, set perhiasan baju makasar",Rp200.000,200000.0
pakaian-adat-wanita,Laqueens NEW ARRIVAL anouk striped kurta Tali samping pinggir latkan baju india pink coral cewek panjang kurti atasan Dress Wanita Dewasa Motif Pesta Cantik,Rp268.400,268400.0
pakaian-adat-wanita,topi bulang simalungun,Rp165.000,165000.0
pakaian-adat-wanita,DONAKEBAYABALI | KAMEN LEMBARAN SUTRA PARIS INCLUDE SELENDANG PREMIUM KEKINIAN WANITA,Rp225.000,225000.0
pakaian-adat-wanita,Ulos ragi hidup/ulos paccamot Pestapakaian adat batak toba,Rp900.000,900000.0
pakaian-adat-wanita,Pakaian busana tari manuk rawa komplit kostum tari bali,Rp1.525.000,1525000.0
pakaian-adat-wanita,Sortali Ikat Kepala Penari Adat Batak Motif Segitiga,Rp11.000,11000.0
pakaian-adat-wanita,Baju Bodo Model Segiempat Klasik Adat Bugis Makassar Tokko Organza Seragam Kondangan Dress Wanita Remaja Dewasa Pesta,Rp30.000,30000.0
pakaian-adat-wanita,rumbai songket marun gold,Rp100.000,100000.0
pakaian-adat-wanita,Ulos sadum simata 7 motif angkola sirat,Rp175.000,175000.0
pakaian-adat-wanita,ulos Sadum raja marun pinggiran merah,Rp310.000,310000.0
pakaian-adat-wanita,Tandok ulos ukuran 8 kg perlengkapan adat batak toba Wanita,Rp200.000,200000.0
pakaian-adat-wanita,Sortopi Batak/ Sortali lempengan dan Topi Ulos Ragihotang,Rp150.000,150000.0
pakaian-adat-wanita,Kamen Lembaran Endek TRetes Set Selendang,Rp191.000,191000.0
pakaian-adat-wanita,Lausboutique-Set Angking-Seri Porcelain-Oneset Batik Pesta,Rp595.000,595000.0
pakaian-adat-wanita,Lausboutique-Dania Set-Seri Lilit-Setelan Batik Wanita-Fit Hitam Panjang Viscose,Rp550.000,550000.0
pakaian-adat-wanita,Lausboutique-Atasan Qipao Liu-Seri Qing Hua-Qipao Batik,Rp345.000,345000.0
pakaian-adat-wanita,Keris Gallery Blouse Batik Lengan 3/4 Kacing Depan Motif Keris Harmoni Karsa - Merah,Rp315.250,315250.0
pakaian-adat-wanita,Lausboutique-Outer Cicilia-Outer Pesta-Bolero Wanita,Rp335.000,335000.0
pakaian-adat-wanita,Kamen Jadi Bordir motif Bungga KAMBOJA / bawahan bordir / kamen bali Elegan,Rp139.850,139850.0
pakaian-adat-wanita,Sabuk lilit pengantin Metris 8 meter Pakaian adat Bali warna warni,Rp165.000,165000.0
pakaian-adat-wanita,baju adat dayak kalimantan ukuran dewasa,Rp630.000,630000.0
pakaian-adat-wanita,Ulos ragihotang sirat horas jala gabe / ulos tittimarakkup / pamarai,Rp210.000,210000.0
pakaian-adat-wanita,Paket Kristik Original / Asli SO-3110 The Lovely Sleeping,Rp180.000,180000.0
pakaian-adat-wanita,Kamen sutra paris motip bajra set selendang premium bawahan kebaya kondangan nikahan mewah halus wanita bawahan tradisional,Rp100.000,100000.0
pakaian-adat-wanita,"IS18HB Setelan Cincin Terbuka Berlian Karbon Besar dengan Topas dan Karet Api Baru, Dengan Pengekoran Diamond Premium dan Bahan Jubah Berwarna Warna-warni.",Rp3.858.000,3858000.0
pakaian-adat-wanita,Kamen sutra paris motif cendrawasih merak ATBM plus selendang 1 set,Rp78.000,78000.0
pakaian-adat-wanita,Setelan Kurung Ratu Aulia Viral | Baju Melayu Wanita Elegan Premium,Rp188.299,188299.0
pakaian-adat-wanita,songket pengantin motif bunga cina silver gold benang berlian,Rp2.500.000,2500000.0
pakaian-adat-wanita,Mahkota Bulu Adat Dayak Merah Putih,Rp130.000,130000.0
pakaian-adat-wanita,Ulos Mangiring Tonun Tangan Ulos Pahoppu,Rp300.000,300000.0
pakaian-adat-wanita,Baju tari legong keraton condong bali,Rp175.000,175000.0
pakaian-adat-wanita,Baju adat NTB dewasa satuan panjang,Rp210.000,210000.0
pakaian-adat-wanita,Gelang kana kulit tari adat bali,Rp85.000,85000.0
pakaian-adat-wanita,Isi 10 Kantong Kolostomi Dewasa Colostomy Bags One-Piece Ostomy Pouch,Rp130.000,130000.0
pakaian-adat-wanita,JC GAUN Sian Cheongsam Dress READY STOCK Fit Size M-L Elegan Formal Gaun Wanita Pesta CNY Wedges Chiffon Sleting Belakang Kancing Variasi Maxi Hitam,Rp169.000,169000.0
pakaian-adat-wanita,ulos tardidi ulos Parompa ulos mangiring tenun Tarutung,Rp325.000,325000.0
pakaian-adat-wanita,Baju Adat Kalteng Kalimantan Tengah Dewasa // Pakaian Adat Kalteng,Rp285.000,285000.0
pakaian-adat-wanita,Uis Jongkit Sultan Motif Indung Bayu & Rumah Adat ~ Kain Tenun Tudung Etnik Adat Karo Wanita dan Pria Katun Jukit Kristal Metalik Tudung Syal,Rp600.000,600000.0
pakaian-adat-wanita,Ulos ragi hidup/ulos paccamot Pestapakaian adat batak toba,Rp900.000,900000.0
pakaian-adat-wanita,Batik Kultur Set - BCQ & SFS - Birds in China White Blue,Rp1.045.000,1045000.0
pakaian-adat-wanita,M05D77# CNY Cheongsam Dress 2pcs Set,Rp169.990,169990.0
pakaian-adat-wanita,Baju jadi Brokad Payet Lusia Model bett tangan panjang,Rp210.000,210000.0
pakaian-adat-wanita,stelan sibolang rasta murah orange,Rp260.000,260000.0
pakaian-adat-wanita,Latifa Dress Tenun Dress Tenun Couple Tenun,Rp197.000,197000.0
pakaian-adat-wanita,Pasangko Hiasan Kepala Palembang,Rp77.950,77950.0
pakaian-adat-wanita,Ulos ragi hotang pakaian adat pria Batak Toba,Rp400.000,400000.0
pakaian-adat-wanita,Baju Adat Bali Dewasa // Pakaian Adat Bali,Rp225.000,225000.0
pakaian-adat-wanita,tandok tulang bahan ulos,Rp150.000,150000.0
pakaian-adat-wanita,"Slendang Cradenza Silk Panjang 2,7 Meter | Ikat Pinggang | Selendang Wisuda | Sampur",Rp25.000,25000.0
pakaian-adat-wanita,Renda Bordir Set Aksesoris Tari Motif Prabu,Rp50.000,50000.0
pakaian-adat-wanita,Bundling Kebaya Puff Black dan Songket Hitam Mewah,Rp1.848.000,1848000.0
pakaian-adat-wanita,Set Kostum pakaian tari bali badong bulat busana adat bali,Rp235.000,235000.0
pakaian-adat-wanita,Jarik Instan Cewek + Sapit Urang / Cowok Pendek [Motif Lengkap],Rp184.400,184400.0
pakaian-adat-wanita,Premium Shanghai pink cheongsam dress,Rp145.000,145000.0
pakaian-adat-wanita,aksesoris baju adat kepala sepasang sortali batak tradisional,Rp110.000,110000.0
pakaian-adat-wanita,Topi Saman Aceh untuk Tari Adat Aceh Biasa - Model Terbaru,Rp19.500,19500.0
pakaian-adat-wanita,kebaya Moscrep Tangan Terompet,Rp50.000,50000.0
pakaian-adat-wanita,Sortali lempengan perempuan dewasa Sortali premium murah,Rp22.000,22000.0
pakaian-adat-wanita,ulos Sadum motif bonggit rumbai,Rp90.000,90000.0
pakaian-adat-wanita,Baju Lurik Wanita Bahan Tenun Halus Berkualitas,Rp55.000,55000.0
pakaian-adat-wanita,Ulos sadum Ulos bere perempuan Ulos boru,Rp145.000,145000.0
pakaian-adat-wanita,Kamen Dan Selendang Bali Kamen Sutra Paris ATBM Asli Lokal,Rp102.900,102900.0
pakaian-adat-wanita,ulos tulang ulos ragihotang besar benang silver,Rp300.000,300000.0
pakaian-adat-wanita,Dress midi wanita DEWASA premium batik katun model cheongsam terbaru 2024 baju pesta kondangan,Rp189.000,189000.0
pakaian-adat-wanita,Baju Adat Gorontalo Anak /Kostum Adat Sulawesi,Rp165.000,165000.0
pakaian-adat-wanita,satu set pakaian baju adat baduy khas baduy dalam tenunan asli,Rp230.000,230000.0
pakaian-adat-wanita,Atasan Kebaya fest Wanita Dewasa / Baju Lurik Modern - Baju Adat Jawa Motif Garis,Rp69.000,69000.0
pakaian-adat-wanita,Baju Adat Dewasa Tari Saman Aceh satuan (Laki/Cewek) Pria,Rp205.000,205000.0
pakaian-adat-wanita,renda rumbai selendang untuk songket Palembang,Rp100.000,100000.0
pakaian-adat-wanita,Iket kepala baduy tenunan asli suku baduy,Rp35.000,35000.0
pakaian-adat-wanita,imlek kaos jersey cheongsam wanita kaos imlek gong xi fa cai shio ular UW-01,Rp115.000,115000.0
pakaian-adat-wanita,Kamben hitam putih dewasa kancut jadi dan kamben lembaran putih hitam bahan katun poly mikro adem,Rp90.250,90250.0
pakaian-adat-wanita,Set sibolang rasta hijau sage kualitas bagus,Rp240.000,240000.0
pakaian-adat-wanita,pakaian adat dewasa batak,Rp275.000,275000.0
pakaian-adat-wanita,ULOS BATAK SADUM RAJA JUMBO CANTIK FULL SIMATA,Rp310.000,310000.0
pakaian-adat-wanita,Yukata Kimono Wanita Blue Morning Glory,Rp615.000,615000.0
pakaian-adat-wanita,TianShun Elegant Slim-fit Lace Cheongsam New Chinese New Year Red Wedding Dress Flower Button Midi Women,Rp299.000,299000.0
pakaian-adat-wanita,Ghanimi - Halen Oneset / Oneset Mewah Wanita / Atasan Muslim Elegan / Tunik Kondangan Kekinian,Rp575.900,575900.0
pakaian-adat-wanita,Lausboutique-Set Angking-Seri Porcelain-Oneset Batik Pesta,Rp595.000,595000.0
pakaian-adat-wanita,Lausboutique-Dania Set-Seri Lilit-Setelan Batik Wanita-Fit Hitam Panjang Viscose,Rp550.000,550000.0
pakaian-adat-wanita,Lausboutique-Atasan Qipao Liu-Seri Qing Hua-Qipao Batik,Rp345.000,345000.0
pakaian-adat-wanita,Keris Gallery Blouse Batik Lengan 3/4 Kacing Depan Motif Keris Harmoni Karsa - Merah,Rp315.250,315250.0
pakaian-adat-wanita,Lausboutique-Outer Cicilia-Outer Pesta-Bolero Wanita,Rp335.000,335000.0
pakaian-adat-wanita,topi batak ragihotang dan lempengan,Rp110.000,110000.0
pakaian-adat-wanita,Ulos Sadum Ulos Bonggit Super Jumbo Ulos Tulang Full manik-manik,Rp200.000,200000.0
pakaian-adat-wanita,Violin Batik Dress Katun Merah Red Wing 2488,Rp850.000,850000.0
pakaian-adat-wanita,Kamen Bordir Jadi Songket lasem Gandari Katun Stretch Bawahan Khas Bali,Rp140.000,140000.0
pakaian-adat-wanita,germany-kostum-jerman-oktoberfest-bavarian-party-halloween -costume,Rp395.000,395000.0
pakaian-adat-wanita,ulos parompa mangiring mesin,Rp150.000,150000.0
pakaian-adat-wanita,Gadis bergaya gaun musim panas gaya baru gaya cinta manis kapas bernapas anak-anak putri gaun,Rp124.200,124200.0
pakaian-adat-wanita,Ulos Cantik Hitam Motif Bonggit,Rp100.000,100000.0
pakaian-adat-wanita,"Silky Jaguard Motif Ukuran 1,4 x 1,5 m - Kain Lembut dengan Desain Jaguard yang Menarik",Rp130.000,130000.0
pakaian-adat-wanita,Atasan Tradisional - Beskap Warna Emerald Green / Variasi Warna Lain - Jogja / Solo / Sunda / Hewes | ~bskp,Rp195.400,195400.0
pakaian-adat-wanita,Angkin Jumputan Instan/obi belt instan,Rp42.400,42400.0
pakaian-adat-wanita,Renda Bordir Siger Tari Mahkota Motif Dewi/Hiasan Kepala,Rp20.000,20000.0
pakaian-adat-wanita,imlek cheong sam wanita jersey imlek kaos gong xi fa cai shio kelinci,Rp110.000,110000.0
pakaian-adat-wanita,Ulos Sadum merah Ulos Sadum Biasa,Rp55.000,55000.0
pakaian-adat-wanita,Set sortali dan ulos sadum utk wanita,Rp65.000,65000.0
pakaian-adat-wanita,Gelang baju bodo dewasa // Aksesoris baju bodo,Rp50.000,50000.0
pakaian-adat-wanita,SET COUPLE SEMISONGKET PALEMBANG // SET COUPLE KEPURA // SAPUT KAMEN SELENDANG,Rp290.000,290000.0
pakaian-adat-wanita,Kamen & Selendang Rayon Pulina / Kain Bali / Kundangan / Kepura / Hadiah,Rp150.000,150000.0
pakaian-adat-wanita,Baju Ibu Hajat Semata Kaki,Rp110.000,110000.0
pakaian-adat-wanita,Baju Adat Palembang Dewasa,Rp350.000,350000.0
pakaian-adat-wanita,Topi pucca Sortopi ragidup krem tenun tangan Topi batak toba,Rp68.000,68000.0
pakaian-adat-wanita,Topi Adat Batak Ulos Mangiring Tinggi 31cm Aksesoris Pria Adat Batak Toba Bahan Nyaman Ukuran Bebas Motif Ulos Mangiring Cocok Untuk Tarian Adat Kostum Pernikahan,Rp40.000,40000.0
pakaian-adat-wanita,Surjan lurik pria dewasa Kebaya lurik wanita Baju adat jawa pria dan wanita seragam couple pasangan Katun Sarimbit,Rp70.400,70400.0
pakaian-adat-wanita,Tandok 5-7liter bahan bagus,Rp47.000,47000.0
pakaian-adat-wanita,Kamen Bali set selendang sutra paris lembaran - kamen sutra paris premium free selendang panjangin,Rp102.900,102900.0
pakaian-adat-wanita,ulos bintang maratur ulos nujuh bulan tenunan tangan,Rp500.000,500000.0
pakaian-adat-wanita,Songket sibolang tenun tangan asli Songket dukacita Songket melayat,Rp850.000,850000.0
pakaian-adat-wanita,SONGKET SUTRA ALAM SILVER PALEMBANG MOTIF 4 MEDAN MINANG HITAM PUTIH,Rp1.400.000,1400000.0
pakaian-adat-wanita,DRESS CHEONGSAM DAUN GOLD IMPORT IMLEK 2026,Rp638.000,638000.0
pakaian-adat-wanita,SADUM SUTRA sa Asli sangat lembut,Rp570.000,570000.0
pakaian-adat-wanita,Kebaya Lurik Wanita Dewasa / Baju Lurik Modern - Lengan Panjang / Baju Adat Jawa Jogja Solo,Rp69.000,69000.0
pakaian-adat-wanita,Ulos bintang maratur pakaian adat batak toba,Rp170.000,170000.0
pakaian-adat-wanita,Paper Belt Imlek| Sleeve Sincia| Kertas Sabuk| Segel| Tag| Band| PBSC,Rp1.100,1100.0
pakaian-adat-wanita,Hande hande warna antik ulos sadum hande tenunan tangan cantik,Rp195.000,195000.0
pakaian-adat-wanita,ulos Sadum raja jumbo orange ulos utk bere perempuan ulos utk boru,Rp315.000,315000.0
pakaian-adat-wanita,baju adat batak - kostum menari medan - 5 pcs kostum adat batak,Rp150.000,150000.0
pakaian-adat-wanita,ulos nujuh bulan,Rp450.000,450000.0
pakaian-adat-wanita,ulos ragihotang merah kualitas bagus,Rp150.000,150000.0
pakaian-adat-wanita,Ulos sibolang Tenun Tangan asli Ulos saput Ulos tujung,Rp590.000,590000.0
pakaian-adat-wanita,Ulos Mangiring Mesin Ulos Parompa,Rp140.000,140000.0
pakaian-adat-wanita,ulos Sadum tikar tikar bonggit,Rp145.000,145000.0
pakaian-adat-wanita,Yuan Shanghai Qipao Top / Baju Imlek Lengan Pendek Wanita / Atasan Cheongsam CNY Outfit - Eleonor,Rp129.000,129000.0
pakaian-adat-wanita,kostum Indian Native America dewasa Pocahontas Halloween Party Costume,Rp465.000,465000.0
pakaian-adat-wanita,kostum Rusia wanita dewasa Russian tradisional united nation costume,Rp445.000,445000.0
pakaian-adat-wanita,Baju anak adat maluku TK SD // Pakaian adat maluku,Rp165.000,165000.0
pakaian-adat-wanita,Kalma Oneset,Rp105.000,105000.0
pakaian-adat-wanita,BAJU ETNIK DAYAK KALIMANTAN,Rp34.000,34000.0
pakaian-adat-wanita,Ulos ragihotang sirara Jumbo Ulos hela mesin,Rp420.000,420000.0
pakaian-adat-wanita,baju adat dayak kalimantan ukuran dewasa wanita bahan bludru,Rp630.000,630000.0
pakaian-adat-wanita,ROK CELANA CHEONGSAM MAWAR IMPORT IMLEK 2026 PREMIUM HIGH QUALITY,Rp388.000,388000.0
pakaian-adat-wanita,Meixi Chest High Hanfu Dress Kode 98001 Gaun Tradisional China Biru Panjang Wanita Baju,Rp186.000,186000.0
pakaian-adat-wanita,kalung tari adat / kalung fashion,Rp21.500,21500.0
pakaian-adat-wanita,Sutra mastuli plus selendang,Rp950.000,950000.0
pakaian-adat-wanita,"Sifon Print Babydoll Dasar Putih Motif Daun Kecil Ukuran Kain 1,4 x 1,5 M untuk Desain Fashion",Rp75.000,75000.0
pakaian-adat-wanita,Baju anak imlek shio naga jersey chinese zodiac kaos all shio,Rp100.000,100000.0
pakaian-adat-wanita,Diatix Bali - Sutra Paris Premium Set Selendang,Rp455.000,455000.0
pakaian-adat-wanita,ULOS SADUM BATAK / ULOS SADUM CANTIK,Rp150.000,150000.0
pakaian-adat-wanita,Kamben bordir Strait Kombinasi Benang Silver,Rp135.000,135000.0
pakaian-adat-wanita,ecer satuan disposable colostomy bag / kantung kolostomi sekali pakai,Rp2.500,2500.0
pakaian-adat-wanita,Set songket dan selendang sibolang rasta coklat kualitas bagus,Rp240.000,240000.0
pakaian-adat-wanita,Lausboutique-Obi Zaskia-Seri Rang-Obi Batik Wanita,Rp95.000,95000.0
pakaian-adat-wanita,Lausboutique-Angking Set-Seri Tembokan-Oneset Batik Wanita,Rp550.000,550000.0
pakaian-adat-wanita,Lausboutique-Set Kusuma-Seri Seruni-Oneset Batik Pesta,Rp750.000,750000.0
pakaian-adat-wanita,Lausboutique-Zanna Set-SerI Kaktus-Setelan Batik Wanita,Rp550.000,550000.0
pakaian-adat-wanita,Lausboutique-Loose Basic Beading-Seri Natal-Hanya atasan,Rp285.000,285000.0
pakaian-adat-wanita,Diatix Bali - Sutra Paris Premium Set Selendang,Rp455.000,455000.0
pakaian-adat-wanita,Kamen Sutra Paris Motif Terbaru Khas Bali Original Quallity Motif burung Walet Asli Batik pekalongan,Rp79.900,79900.0
pakaian-adat-wanita,Set songket dan selendang sibolang rasta coklat kualitas bagus,Rp240.000,240000.0
pakaian-adat-wanita,ecer satuan disposable colostomy bag / kantung kolostomi sekali pakai,Rp2.500,2500.0
pakaian-adat-wanita,Kamben bordir Strait Kombinasi Benang Silver,Rp135.000,135000.0
pakaian-adat-wanita,ULOS SADUM BATAK / ULOS SADUM CANTIK,Rp150.000,150000.0
pakaian-adat-wanita,Ulos sibolang buatan mesin bahan bagus Ulos saput Ulos tujung,Rp125.000,125000.0
pakaian-adat-wanita,ulos Hela kualitas bagus Sirat besar,Rp650.000,650000.0
pakaian-adat-wanita,Kamen Jadi Jaguar Embos Dewasa,Rp108.900,108900.0
pakaian-adat-wanita,ulos ragihotang,Rp125.000,125000.0
pakaian-adat-wanita,ulos Sadum tambunan merah sisi marun,Rp150.000,150000.0
pakaian-adat-wanita,Batik Kultur Set - BCQ & SFS - Lotus Flowers in White,Rp545.000,545000.0
pakaian-adat-wanita,"Akita- Kode A Tebus Murah Baju Akita Dress, Koko, Kebaya, & Oneset Material Silk & Lace Premium",Rp132.050,132050.0
pakaian-adat-wanita,Ulos sadum bonggit tikar Tambunan,Rp140.000,140000.0
pakaian-adat-wanita,Aliciacouture - Shisi Flowery Cheongsam Dress - Lunar Beaute Collection - Modern Chinese Style,Rp765.000,765000.0
pakaian-adat-wanita,Colostomy Bag Alcare Dewasa.1 box isi 30pcs,Rp1.065.500,1065500.0
pakaian-adat-wanita,Kamen jadi katun bordir strait motif manggis,Rp160.000,160000.0
pakaian-adat-wanita,kamen lukis+ selendang lasem bj,Rp350.000,350000.0
pakaian-adat-wanita,blouse cheongsam wanita import T8043/atasan cheongsam terbaru,Rp185.000,185000.0
pakaian-adat-wanita,Ulos Sadum Motif tarutung full mote Rumbai halus,Rp280.000,280000.0
pakaian-adat-wanita,Kamen Jadi katun Bordir strait Motif merak bawahan tradisional kamen rok bali jumbo Wanita,Rp149.900,149900.0
pakaian-adat-wanita,uis gara motif kali kali pakaian adat wanita karo tenun Tangan Panjang,Rp700.000,700000.0
pakaian-adat-wanita,Mahkota gelungan tari margapati bali,Rp145.000,145000.0
pakaian-adat-wanita,Promo Chinese New Year Imlek Atasan Cheongsam Wanita Blus Sincia Kerah Shanghai Aplikasi Mote Meily,Rp95.450,95450.0
pakaian-adat-wanita,Baju jadi Brokad full Payet kode full payet,Rp245.000,245000.0
pakaian-adat-wanita,M02D95# CNY Jiahui Embroidered Cheongsam Shirt,Rp178.990,178990.0
pakaian-adat-wanita,(Sakera) Baju Marlena DEWASA Adat Madura 1 Set,Rp300.000,300000.0
pakaian-adat-wanita,ulos ragihotang besar full benang mas ulos untuk bere,Rp260.000,260000.0
pakaian-adat-wanita,Hiou Bulang Pakaian Adat Wanita Simalungun Topi Rayon Berkualitas Tinggi Warna Variatif Tampil Menawan Untuk Acara Spesial,Rp210.000,210000.0
pakaian-adat-wanita,FA CAI DRESS / DRESS CHEONGSAM / DRESS IMLEK / CNY 6020,Rp145.900,145900.0
pakaian-adat-wanita,Kain Ulos Ragihotang Panogu Ulos Hela Ulos Pengantin Adat Batak,Rp350.000,350000.0
pakaian-adat-wanita,Suri Suri Hitam Pakaian Adat Simalungun Selendang 44cm x 190cm Bahan Tenun Tebal Halus & Rapih Cocok untuk Pria Menghargai Detail,Rp100.000,100000.0
pakaian-adat-wanita,Setelan Wanita Alsava Original Chasy Signature Tenun Troso dengan Kancing Depan Full,Rp195.000,195000.0
pakaian-adat-wanita,kostum Meksiko wanita dewasa Mexican tradisional dress Costume,Rp545.000,545000.0
pakaian-adat-wanita,kostum Cleopatra Egyptian princess dewasa Mesir internasional costume,Rp615.000,615000.0
pakaian-adat-wanita,Ulos Ragihotang Silver Glitter Sirat Tojuk Ulos Tulang ulos bona tulang ulos bere laki laki ulos pamarai,Rp250.000,250000.0
pakaian-adat-wanita,Alicia Couture - Arieska - Rayya Wonderland- Dress Wanita Korean Style,Rp538.000,538000.0
pakaian-adat-wanita,ulos sadum raja jumbo pelangi full simata ulos bere dan boru,Rp350.000,350000.0
pakaian-adat-wanita,(8) Kamen Endek Premium Semi Mastuli (Putih Tulang) by Kalpika Fashion,Rp365.000,365000.0
pakaian-adat-wanita,Penari Gereja - Belt/Obi/Ikat Pinggang - Baju Tamborin - Abutay - Jos Miracle Bandung - Miracle - JMB,Rp34.999,34999.0
pakaian-adat-wanita,sibolang rasta tenun atbm sirat tarutung,Rp280.000,280000.0
pakaian-adat-wanita,Kebaya Bordir Kupu-Kupu Kerawang Bahan Sutra Crep India,Rp75.000,75000.0
pakaian-adat-wanita,Tandok Tulang Tandok Bahan Tebal isi 10 liter,Rp75.000,75000.0
pakaian-adat-wanita,Maxi Long Dress Hanfu Chinese Traditional Baju Terusan Wanita Imlek Sincia Merah Green Pink Top Mandarin Chinese New Year Konyen Photoshoot,Rp210.000,210000.0
pakaian-adat-wanita,Kemeja Lengan Panjang Cheongsam Chongsam Cheong Sam Wanita Merah Putih Red White Gold Fish Ikan Hoki Baju Imlek Sincia Top Mandarin Chinese New Year,Rp164.000,164000.0
pakaian-adat-wanita,Angkin prada satin Tari bali kain tutup perut dada penari,Rp75.000,75000.0
pakaian-adat-wanita,Kamen katun set selendang,Rp120.000,120000.0
pakaian-adat-wanita,Atasan Full Kancing Berkerah Dengan Aksen Pita Lepas Pasang Untuk Wanita Dewasa Lengan Pendek Bahan Rajut Premium Import Kaos Kekinian Pakaian Anak Perempuan Brous Blouse Baju Santai Anak Cewek,Rp69.300,69300.0
pakaian-adat-wanita,Baju Kebaya Lurik Wanita Jawa/Baju Adat Jawa Wanita Dewasa/Kebaya Lurik Jogja Bahan Tenun Tradisional Dress Panjang kebaya adat,Rp70.400,70400.0
pakaian-adat-wanita,Baju Adat Kalimantan Barat Dewasa / Baju Adat Kalbar Dewasa,Rp285.000,285000.0
pakaian-adat-wanita,[OO-YY] KIPAS JEPANG ANAK - Motif Bunga - Pelengkap Aksesoris Baju YUK,Rp35.000,35000.0
pakaian-adat-wanita,paket oleh oleh haji dan umroh terdiri dari 10 pcs picut rajut dewasa 10 pcs tasbih 33 BUTIR dan 10 kartu ucapan sudah di kemas plastik satu persatu tinggal di bagikan saja. Muslim Mukena,Rp34.000,34000.0
pakaian-adat-wanita,tandok pesta,Rp60.000,60000.0
pakaian-adat-wanita,HCLL Baju Atasan Import Rajut Premium Orvin - Atasan Lengan Panjang Wanita Terbaru,Rp79.900,79900.0
pakaian-adat-wanita,JARIK PLISKET - ROK PLISKET TERMURAH Seragam Baju,Rp60.000,60000.0
pakaian-adat-wanita,baju adat bali dewasa,Rp250.000,250000.0
pakaian-adat-wanita,Ulos hande hande tenun tangan Ulos sadum tarutung merah,Rp240.000,240000.0
pakaian-adat-wanita,ulos bintang maratur ulos nujuh bulan ulos mambosuri tenun tangan,Rp500.000,500000.0
pakaian-adat-wanita,Ulos Bintang Maratur Tenun Tangan Ulos Nujuh Bulanan,Rp570.000,570000.0
pakaian-adat-wanita,kamen songket jadi vintage set obi songket by lila kebaya,Rp180.000,180000.0
pakaian-adat-wanita,Lausboutique-Obi Zaskia-Seri Rang-Obi Batik Wanita,Rp95.000,95000.0
pakaian-adat-wanita,Lausboutique-Angking Set-Seri Tembokan-Oneset Batik Wanita,Rp550.000,550000.0
pakaian-adat-wanita,Lausboutique-Set Kusuma-Seri Seruni-Oneset Batik Pesta,Rp750.000,750000.0
pakaian-adat-wanita,Lausboutique-Zanna Set-SerI Kaktus-Setelan Batik Wanita,Rp550.000,550000.0
pakaian-adat-wanita,Lausboutique-Loose Basic Beading-Seri Natal-Hanya atasan,Rp285.000,285000.0
pakaian-adat-wanita,BATIK KLEWER SOLO / COD BLUS KARTINI ANGGREK KUNING BAHAN PARIS ADEM DAN JATUH / BAJU ATASAN KEBAYA KARTINI / BAJU KONDANGAN WANITA,Rp125.000,125000.0
pakaian-adat-wanita,ulos Sadum tambunan ungu,Rp150.000,150000.0
pakaian-adat-wanita,"Harga 1 set aksesoris adat bugis makassar, dapat 1 bando+ 1 kalung + 1 pasang anting + 1 pasang gelang",Rp151.800,151800.0
pakaian-adat-wanita,"(1set, Prewed) Baju Prewedding Adat Tradisional - Variasi Broklat | Warna Lengkap",Rp535.700,535700.0
pakaian-adat-wanita,Ulos Mangiring Tenunan Tarutung Pakaian Adat Batak Toba Motif Tradisional Warna Cerah Wanita rok songket,Rp343.000,343000.0
pakaian-adat-wanita,ulos ragihotang sirara,Rp120.000,120000.0
pakaian-adat-wanita,Knit Pro ZING DOUBLE pointed Knitting Needle DPN,Rp102.600,102600.0
pakaian-adat-wanita,Kamen Sutra Paris Motif Terbaru Khas Bali Original Quallity Motif Mawar Ungu,Rp79.900,79900.0
pakaian-adat-wanita,Set sortali kepala sortali pinggang dan 3 ulos utk perempuan remaja,Rp260.000,260000.0
pakaian-adat-wanita,Tandok beras plastik glossy Bahul adat batak,Rp33.000,33000.0
pakaian-adat-wanita,Baju Adat Dewasa Jawa Barat/Sunda Satuan (Laki/Cewek),Rp215.000,215000.0
pakaian-adat-wanita,"Akita-Tebus Murah Oneset & Dress Raya Series Oneset & Dress Wanita Lebaran, Raya, Kondangan, Pesta Material Silk & Lace",Rp150.000,150000.0
pakaian-adat-wanita,Areum Batik Cheongsam - Chinese New Year ( Men Short-Ji ah-Mi Yeon-yi Seul-Aera-Kyung Mi-Kyon ),Rp198.000,198000.0
pakaian-adat-wanita,Ulos sadum motif Angkola bonggit pakaian adat batak toba Motif,Rp400.000,400000.0
pakaian-adat-wanita,KAMEN BORDIR ISWARI FULL BENANG CENDANA,Rp139.000,139000.0
pakaian-adat-wanita,Kamen katun trestes tumpal set selendang,Rp150.000,150000.0
pakaian-adat-wanita,Kebaya Tenun Lurik Wanita Adat Jawa Set Surjan Tradisional Panjang Hitam Motif Kancing Atasan Setelan Dewasa Navy Baju Kebaya Adat Kain Tenun Khas Solo Jogja Corak Klasik Tebal Dan Halus,Rp133.400,133400.0
pakaian-adat-wanita,Tapak Catur Motif Benang Kristal Pakaian Asat Wanita Simalungun Setelan Pesta Dress Panjang untuk Acara Mangulosi Adat Batak Simalungun,Rp900.000,900000.0
pakaian-adat-wanita,[ NONI ] midi DRESS HALTER / DRESS PARTY/DRESS PANTAI / SUMMER DREE KOREAN STYLE,Rp99.960,99960.0
pakaian-adat-wanita,ulos Mandailing ulos Tapsel asli full simata,Rp1.500.000,1500000.0
pakaian-adat-wanita,Feng Qipao Tanpa Lengan Atasan Halter Neck Imlek Wanita Sleeveless Satin - Eleonor.idn,Rp159.000,159000.0
pakaian-adat-wanita,Ulos sadum full simata sirat 10 Ulos boru Ulos bere perempuan,Rp185.000,185000.0
pakaian-adat-wanita,Kamen Stretch Jaguar Premium Set Selendang L XL XXL Desain Eksklusif Wanita Panjang Setelan Mewah Baju Kondangan Dewasa Remaja Dress Pesta Batik Katun Wisuda Lamaran Motif Cantik Size L XL XXL,Rp150.000,150000.0
pakaian-adat-wanita,Set songket dan selendang biru elektrik kualitas bagus,Rp240.000,240000.0
pakaian-adat-wanita,Kostum pakaian tari bali busana adat bali,Rp319.000,319000.0
pakaian-adat-wanita,Mahkota Sunting Bali Mewah,Rp25.000,25000.0
pakaian-adat-wanita,bakiak raksasa isi 4 orang,Rp65.000,65000.0
pakaian-adat-wanita,topi ulos pucca rumbai merah,Rp75.000,75000.0
pakaian-adat-wanita,Hanbok anyeong korea dress (baju anjing kucing),Rp89.000,89000.0
pakaian-adat-wanita,tandok adat ukuran sedang,Rp40.000,40000.0
pakaian-adat-wanita,ulos Sadum merah panoropi,Rp110.000,110000.0
pakaian-adat-wanita,(TERBARU) KAIN ORGANZA GLOSSY POLOS PREMIUM LEBAR 150CM BAHAN GAUN HIASAN BACGROUND ROK MEKROK,Rp15.000,15000.0
pakaian-adat-wanita,dress cheongsam import D7875,Rp265.000,265000.0
pakaian-adat-wanita,Tandok pesta batak uk 3-5 liter tandok ulos ragihotang,Rp95.000,95000.0
pakaian-adat-wanita,rumbai selendang songket Palembang,Rp110.000,110000.0
pakaian-adat-wanita,sortali sirat tenun,Rp50.000,50000.0
pakaian-adat-wanita,tandok tulang bahan bagus,Rp75.000,75000.0
pakaian-adat-wanita,Mahkota gelungan tari legong keraton bali,Rp1.298.000,1298000.0
pakaian-adat-wanita,BIG SALE Cheongsam Midi Dress Bunga Sakura Vintage Bunga,Rp275.000,275000.0
pakaian-adat-wanita,Hiou Tapak Catur Pakaian Adat Wanita Simalungun Setelan Suri-Suri Rayon Songket Motif Halus Tebal Lembut untuk Acara Mangulosi Adat Batak,Rp200.000,200000.0
pakaian-adat-wanita,Lotuskebayabali | KAMEN SUTRA PARIS PREMIUM | Kain Lembaran Set Selendang,Rp185.999,185999.0
pakaian-adat-wanita,ulos mangiring tenun tangan jugia,Rp325.000,325000.0
pakaian-adat-wanita,Kamen semi paris set selendang,Rp175.000,175000.0
pakaian-adat-wanita,M02D96# Shirt Cheongsam Sincia Blouse Korea Style.,Rp178.990,178990.0
pakaian-adat-wanita,Baju dewasa adat gorontalo L / P,Rp275.000,275000.0
pakaian-adat-wanita,tandok pesta adat tandok tulang,Rp150.000,150000.0
pakaian-adat-wanita,Eba anarkali kurti india gamis India Made in india asli bahan batik india gamis india dress abaya,Rp747.000,747000.0
pakaian-adat-wanita,Sadum raja Angkola jumbo pelangi,Rp350.000,350000.0
pakaian-adat-wanita,Batik Queen | Evie Blouse,Rp289.000,289000.0
pakaian-adat-wanita,Batik Queen | Fang Dress Qipao Cheongsam,Rp410.000,410000.0
pakaian-adat-wanita,Baju Prewedding / Baju Prewed / Baju Couole Adat Jawa,Rp575.000,575000.0
pakaian-adat-wanita,kostum hanbok korea dewasa united nation tradisional costume,Rp495.000,495000.0
pakaian-adat-wanita,Sadum raja jumbo full mote ukuran paling besar Ulos boru Ulos ibebere,Rp295.000,295000.0
pakaian-adat-wanita,Baju adat Betawi none size XXL / SMP,Rp145.000,145000.0
pakaian-adat-wanita,Sadum full bonggit ukuran besar Ulos tulang takkas Ulos boru,Rp290.000,290000.0
pakaian-adat-wanita,Tandok pesta 3-5 liter Tandok Etnik dari ulos Ragihotang,Rp95.000,95000.0
pakaian-adat-wanita,(Plastik Gantung) Baju Celana Kertas Akong Chongsam Motif Sembahyang Ceng Beng Leluhur,Rp18.000,18000.0
pakaian-adat-wanita,Longtorso Golden Nick | Kamisol Golden Nick Kebaya,Rp111.500,111500.0
pakaian-adat-wanita,"Atasan Tradisional, Beskap Lengkap - Warna Hitam / Variasi Warna Lain - Jogja / Solo / Sunda / Hewes | ~bskp",Rp195.400,195400.0
pakaian-adat-wanita,Baju Bodo Adat Bugis Makassar Organza Model Tokko Polos Segiempat Klasik Wanita Remaja Dewasa Dress Kondangan Seragam Pesta,Rp30.500,30500.0
pakaian-adat-wanita,Keris Gallery Batik Blouse Lengan Pendek Motif Ceplok Ponco Kusumo Komb. Mahkuto Kusumo 072BPFSS3KGC,Rp292.500,292500.0
pakaian-adat-wanita,Lausboutique-Obi Zaskia-Seri Rang-Obi Batik Wanita,Rp95.000,95000.0
pakaian-adat-wanita,Lausboutique-Atasan Qipao Liu-Seri Qing Hua-Qipao Batik,Rp345.000,345000.0
pakaian-adat-wanita,Lausboutique-Zanna Set-SerI Kaktus-Setelan Batik Wanita,Rp550.000,550000.0
pakaian-adat-wanita,Lausboutique-Loose Basic Beading-Seri Natal-Hanya atasan,Rp285.000,285000.0
pakaian-adat-wanita,Tutup dada tari bali pakaian adat,Rp43.000,43000.0
pakaian-adat-wanita,Longtorso Golden Nick | Kamisol Golden Nick Kebaya,Rp111.500,111500.0
pakaian-adat-wanita,Baju Bodo Adat Bugis Makassar Organza Model Tokko Polos Segiempat Klasik Wanita Remaja Dewasa Dress Kondangan Seragam Pesta,Rp30.500,30500.0
pakaian-adat-wanita,M05D90# CHEONGSAM MODERN 2PCS SET (Dress + Celana – SLIM FIT EDITION,Rp208.990,208990.0
pakaian-adat-wanita,tandok tulang tandok songket,Rp125.000,125000.0
pakaian-adat-wanita,Kamen jadi full strait dengan benang emas dan benang cendana yang super elegan size M L XL XXL,Rp165.000,165000.0
pakaian-adat-wanita,Bordir katun voil lipat dengan motif yang cantik & elegant ukuran 1 baju,Rp150.000,150000.0
pakaian-adat-wanita,ulos tulang titimarakkup tulang takkas,Rp500.000,500000.0
pakaian-adat-wanita,Jarik Pengantin / Jarik Prada Satuan,Rp135.000,135000.0
pakaian-adat-wanita,PakaianAdat Dayak Anak TK SD // Baju Adat Dayak,Rp110.000,110000.0
pakaian-adat-wanita,ulos ragihotang meat jelly pelangi,Rp250.000,250000.0
pakaian-adat-wanita,HANDE HANDE SIBOLANG TENUN TANGAN ASLI,Rp400.000,400000.0
pakaian-adat-wanita,Sorjan Kembang/Baju Adat Jogjakarta Dewasa Atasan Motif,Rp85.000,85000.0
pakaian-adat-wanita,Tandok Tas model ulos sadum etnik,Rp135.000,135000.0
pakaian-adat-wanita,Atasan Tradisional - Beskap Lengkap - Warna Army / Warna Lain - Jogja / Solo / Sunda / Hewes | ~bskp,Rp195.400,195400.0
pakaian-adat-wanita,uis gara sutra pakaian adat karo,Rp800.000,800000.0
pakaian-adat-wanita,Cheongsam Batik 183 BBB Red/ Baju Imlek/ Baju Merah,Rp230.000,230000.0
pakaian-adat-wanita,Aliciacouture - Hua Mei Flowery Cheongsam Dress - Lunar Beaute Collection - Modern Chinese Style,Rp608.000,608000.0
pakaian-adat-wanita,Yukata Kimono Wanita Purple Morning Glory,Rp615.000,615000.0
pakaian-adat-wanita,tandok tulang takkas,Rp60.000,60000.0
pakaian-adat-wanita,Baju Lurik Wanita Dewasa - Kebaya Wanita Dewasa / Baju Adat Jogja Solo - Motif Garis Bahan Katun Premium,Rp55.000,55000.0
pakaian-adat-wanita,"Kamen rayon lembaran, kamen polos lembaran",Rp50.000,50000.0
pakaian-adat-wanita,Topi ulos mangiring anak - topi mangiring - RANDOM,Rp25.000,25000.0
pakaian-adat-wanita,gaun outer cheongsam motip merak,Rp200.000,200000.0
pakaian-adat-wanita,ulos nujuh bulan ulos maratur mesin yang bagus,Rp200.000,200000.0
pakaian-adat-wanita,"Atasan Tradisional, Beskap Lengkap - Warna Hitam / Variasi Warna Lain - Jogja / Solo / Sunda / Hewes | ~bskp",Rp195.400,195400.0
pakaian-adat-wanita,ulos sadum raja jumbo merah marun,Rp325.000,325000.0
pakaian-adat-wanita,Jubah/baju Baptis khusus Pendeta Bhn pSaten Ungu + Selendang saten pth,Rp260.000,260000.0
pakaian-adat-wanita,kamen bordir motif *MERAK* kombinasi silver&gold/kamen jadi/rok bali/songket,Rp121.000,121000.0
pakaian-adat-wanita,Gasper untuk mengikat rok atau Sampur tari,Rp3.000,3000.0
pakaian-adat-wanita,Baju Adat Maluku SMA Dewasa // Pakaian Adat Maluku,Rp165.000,165000.0
pakaian-adat-wanita,Slim dress pengantin & ekor Chongsam,Rp2.327.500,2327500.0
pakaian-adat-wanita,Jakarta Pusat,Rp365.000,365000.0
pakaian-adat-wanita,"kamen jadi bordil benang cendana motif ""TERATAI"" set sldng sifon/kamen jadi/rok bali/songket",Rp118.500,118500.0
pakaian-adat-wanita,Benang Songket Kristal Silver / Palembang / Pekanbaru / lombok / Medan,Rp50.000,50000.0
pakaian-adat-wanita,Renda Bordir Aplikasi Payet Aksesoris Tari Motif Teratai,Rp58.000,58000.0
pakaian-adat-wanita,ulos Sadum tikar mas ulos toba,Rp145.000,145000.0
pakaian-adat-wanita,ulos sadum simata motif Angkola dimensi rumbai,Rp200.000,200000.0
pakaian-adat-wanita,patkua ba kua bakua 9 kaca 22 cm kayu,Rp687.500,687500.0
pakaian-adat-wanita,ulos ragihotang merah terang,Rp130.000,130000.0
pakaian-adat-wanita,Ulos sadum pakaian adat batak toba Wanita Cantik,Rp196.000,196000.0
pakaian-adat-wanita,Baju Terusan Wanita Lengan Panjang Cheongsam Cheong Sam Gaun Dress Midi Wanita Imlek Chinese New Year Mandarin,Rp280.000,280000.0
pakaian-adat-wanita,Colostomy Bag Convatec 22771/ Kantong Kolostomi Dewasa Convatec 22771,Rp90.000,90000.0
pakaian-adat-wanita,"Selendang Mostcreft Polos 2,5M || Selendang Murah",Rp14.850,14850.0
pakaian-adat-wanita,Laqueens Anouk Navy stripe Baju India atasan dewasa kurta India remaja high slit navy stripe Dress Wanita Motif Panjang,Rp305.400,305400.0
pakaian-adat-wanita,Rambu / Sign hati-hati rawan kecelakaan tengok kanan kiri ukuran 40x25cm bahan ACP 3mm,Rp71.000,71000.0
pakaian-adat-wanita,Tandok Ulos ukuran 5-7 liter Tandok Etnik Batak,Rp100.000,100000.0
pakaian-adat-wanita,Baju Barong Bali Motif Yantren Paket Hemat 60rb Dapatkan 3 Pcs Dewasa Unisex Pria Wanita Trendy dengan Desain Unik dan Warna Cerah Dress Atasan Pendek,Rp55.000,55000.0
pakaian-adat-wanita,Kain Angkin Kemben Prada metris Tutup perut Tari adat Bali,Rp99.000,99000.0
pakaian-adat-wanita,songket palembang meteran isi 1 meter harga diatas husus live,Rp50.000,50000.0
pakaian-adat-wanita,Ulos mangiring tenunan tangan ulos pahompu lahir ulos babtis,Rp275.000,275000.0
pakaian-adat-wanita,Ulos sadum kecil Ulos anak Ulos penari Ulos holong,Rp50.000,50000.0
pakaian-adat-wanita,Mahkota gelungan Kulit Tari cendrawasih bali,Rp750.000,750000.0
pakaian-adat-wanita,ulos Sadum anak - ulos Sadum kecil Ulos holong - random,Rp42.000,42000.0
pakaian-adat-wanita,Bordir selendang songket Rumbai selendang 1pasang 2pcs,Rp105.000,105000.0
pakaian-adat-wanita,tandok pesta ukuran 3 - 4 liter,Rp30.000,30000.0
pakaian-adat-wanita,tandok batak 5 liter,Rp50.000,50000.0
pakaian-adat-wanita,DONAKEBAYABALI | KAMEN JADI BATIK STRAIT SET SELENDANG,Rp115.000,115000.0
pakaian-adat-wanita,tandok Batak Tandok kecil,Rp35.000,35000.0
pakaian-adat-wanita,Uis Nipes Penari Pakaian Wanita Adat Karo Rayon 70cm x 190cm untuk Acara Tarian Adat Karo dengan Kultur Penari,Rp160.000,160000.0
pakaian-adat-wanita,Keris Gallery Batik Blouse Lengan Pendek Motif Ceplok Ponco Kusumo Komb. Mahkuto Kusumo 072BPFSS3KGC,Rp292.500,292500.0
pakaian-adat-wanita,Lausboutique-Obi Zaskia-Seri Rang-Obi Batik Wanita,Rp95.000,95000.0
pakaian-adat-wanita,Lausboutique-Atasan Qipao Liu-Seri Qing Hua-Qipao Batik,Rp345.000,345000.0
pakaian-adat-wanita,Lausboutique-Zanna Set-SerI Kaktus-Setelan Batik Wanita,Rp550.000,550000.0
pakaian-adat-wanita,Lausboutique-Loose Basic Beading-Seri Natal-Hanya atasan,Rp285.000,285000.0
pakaian-adat-wanita,Kamen Jadi Katun Strait Songket Bordir Benang Cendana ( Tanpa Selendang),Rp125.000,125000.0
pakaian-adat-wanita,Womaniya kurti india gamis India Made in india asli bahan batik india gamis india dress abaya,Rp747.000,747000.0
pakaian-adat-wanita,ulos sadum cantik,Rp280.000,280000.0
pakaian-adat-wanita,Ulos sadum simata motif Angkola dimensi utk bere/boru,Rp200.000,200000.0
pakaian-adat-wanita,Rumbai selendang songket palembang Marun,Rp110.000,110000.0
pakaian-adat-wanita,ulos Hela jumbo,Rp1.200.000,1200000.0
pakaian-adat-wanita,ulos batak ragihotang merah,Rp125.000,125000.0
pakaian-adat-wanita,Ulos Sadum Untuk Boru atau Bere/Ulos Sadum Raja Jumbo Pelangi,Rp350.000,350000.0
pakaian-adat-wanita,"Baju Adat Marlena Khas Madura Untuk Anak""-Dewasa ""Tindik""",Rp95.999,95999.0
pakaian-adat-wanita,Endek tretes sidemen cantik,Rp484.500,484500.0
pakaian-adat-wanita,Kamen wali metatah kain bawahan tari adat bali lembaran,Rp169.900,169900.0
pakaian-adat-wanita,0007 CNY Longlife Cheongsam Blouse Baju Imlek Oma Nenek Lansia,Rp142.000,142000.0
pakaian-adat-wanita,sarung harungguan kualitan grade A masih bahan,Rp300.000,300000.0
pakaian-adat-wanita,ulos passamot ulos pucca Toba ulos ragihidup tenun,Rp1.250.000,1250000.0
pakaian-adat-wanita,Baju Bali Dewasa Satuan (Laki/Cewek),Rp187.500,187500.0
pakaian-adat-wanita,Set songket dan selendang sibolang rasta premium marun,Rp240.000,240000.0
pakaian-adat-wanita,TianShun Women Short Sleeve Lace Red Pink Apricot Elegant Wedding Cheongsam Dress Fishtail Hip Midi Dresses Chinese Traditional Clothing Casual Party Summer Qipao Toasting Clothes Chinese New Year,Rp235.000,235000.0
pakaian-adat-wanita,Jubah/Baju Baptis Khusus Pendeta Satin Gold + Selendang Satin Bordir,Rp260.000,260000.0
pakaian-adat-wanita,dress cheongsam import merah D7864,Rp295.000,295000.0
pakaian-adat-wanita,Kamben Jadi Premium Butik Grade Double Bordir Wanita Panjang Dress Formal Mewah Nyaman Tebal Batik Katun,Rp209.900,209900.0
pakaian-adat-wanita,JC Ruochan Cheongsam Dress Fit Size M-XL Fashion Gaun Wanita Bahan Micro Scuba Motif Bunga Lengan Pendek Formal Outfit Acara Kondangan Imlek Chinese New Year Sincia Panjang Pesta Casual Hitam Midi,Rp169.000,169000.0
pakaian-adat-wanita,premium code 560 Anarkali single dress navy .,Rp706.000,706000.0
pakaian-adat-wanita,Violin Batik Stelan Cheongsam rok batik katun burung 2692,Rp950.000,950000.0
pakaian-adat-wanita,DONAKEBAYABALI | KAMEN LEMBARAN BALI KLASIK MERAK KEKINIAN FREE SELENDANG,Rp125.000,125000.0
pakaian-adat-wanita,Baju Atasan Blouse Wanita Cheongsam Cheong Sam Mandarin Imlek Baju Sincia Chinese New year Merah Red Hitam Black Green Hijau,Rp188.000,188000.0
pakaian-adat-wanita,Baju Adat Nusa Tenggara Timur/NTT Dewasa Satuan (Laki/Cewek),Rp220.000,220000.0
pakaian-adat-wanita,Prada Sabuk Lilit Pengantin Dop Kain Metris Panjang 8 Meter untuk Pakaian Adat Bali & Acara Adat MadeSukawati,Rp179.000,179000.0
pakaian-adat-wanita,paes solo tempel,Rp18.000,18000.0
pakaian-adat-wanita,Kebaya fest Lurik Wanita Dewasa / Baju Adat Jawa / Motif Garis Bahan Katun Rajut Premium,Rp55.000,55000.0
pakaian-adat-wanita,set ulos dan sortali anak,Rp70.000,70000.0
pakaian-adat-wanita,"Sutra waffel dengan motif abstrak , kainya lemes lembut dan dingin ukuran kain 1,4 x 1,5 m",Rp110.000,110000.0
pakaian-adat-wanita,Tandok atau Bahul Bahul Batak isi 3-5 Liter Tandok Ulos,Rp115.000,115000.0
pakaian-adat-wanita,Mahkota Adat Nias / Aksesoris Adat Nias,Rp69.900,69900.0
pakaian-adat-wanita,"(1set, Cowok) Baju Adat Sunda + Jarik Cowok + Blangkon Sunda | Warna Lengkap",Rp320.700,320700.0
pakaian-adat-wanita,Baju Adat Dewasa Betawi Lame Satuan (Laki/Cewek),Rp240.000,240000.0
pakaian-adat-wanita,Renda Bordir Hiasan Dada Tari Coker Anak Motif Daun,Rp15.000,15000.0
pakaian-adat-wanita,Dress Batik Cheongsam Imlek Cny Sincia Wanita Katun Stretch 478,Rp130.950,130950.0
pakaian-adat-wanita,ulos Sadum pelangi simata 2,Rp75.000,75000.0
pakaian-adat-wanita,Dress Batik Cheongsam Wanita Big Size Imlek CNY Sincia Katun,Rp117.450,117450.0
pakaian-adat-wanita,ulos Sadum raja jumbo merah,Rp325.000,325000.0
pakaian-adat-wanita,Kancing Baju Shanghai Imlek Cheongsam (KS1H6),Rp12.000,12000.0
pakaian-adat-wanita,Kancing Baju Shanghai Imlek Cheongsam (KS2H3),Rp12.000,12000.0
pakaian-adat-wanita,10pcs/Kotak Colostomy Bag Dewasa Kantong Kolostomi Dewasa High Quality,Rp130.000,130000.0
pakaian-adat-wanita,Kamen Sutra Paris Motif Cakra Gringsing - Kain Kamen Set Selendang Original Quallity Asli Batik pekalongan Setelan Wanita Kondangan,Rp102.900,102900.0
pakaian-adat-wanita,Batik Kultur Set - VAT & FRS - Oversized Flowers and V-Parang,Rp1.195.000,1195000.0
pakaian-adat-wanita,BATIK KLEWER SOLO / COD BLUS KARTINI KAWUNG KOMBI HITAM BAHAN PARIS ADEM DAN JATUH / BAJU ATASAN KEBAYA KARTINI / BAJU KONDANGAN WANITA,Rp125.000,125000.0
pakaian-adat-wanita,Sadum simata 2 bahan tebal Ulos boru Ulos bere perempuan,Rp69.000,69000.0
pakaian-adat-wanita,Sadum raja ukuran paling jumbo Ulos bere perempuan Ulos boru takkas,Rp350.000,350000.0
pakaian-adat-wanita,Kamen Sutra Doby Cina Atbm set selendang Motif Aryaseno Premium Original - kain kamen Lembaran set Selendang Setelan Wanita,Rp235.000,235000.0
pakaian-adat-wanita,sarung sibolang rasta ATBM,Rp260.000,260000.0
pakaian-adat-wanita,Alana One Set Baju Kurung Melayu Rok Songket Modern Premium Mewah Termurah Atasan Wanita Terbaru Kekinian Setelan Kondangan Bridesmaid Wisuda Kebaya Pesta Mix Full Payet Bahan Satin silk Lembut Gamis Malaysia Muslim Remaja Dewasa Lebaran Dress Panjang,Rp145.000,145000.0
pakaian-adat-wanita,Hande Hande Tenun Tarutung Selendang Wanita Asli Tenun Tangan Khas Tarutung 40x200cm Motif Etnis Indah untuk Pakaian Adat Batak Toba,Rp260.000,260000.0
pakaian-adat-wanita,ulos Sadum simata motif sipirok rumbai halus,Rp250.000,250000.0
pakaian-adat-wanita,JUBAH BAPTIS LENGAN PANJANG JUMBO SIZE XXXL Bahan Katun,Rp178.000,178000.0
pakaian-adat-wanita,DRESS CHEONGSAM PINK VORA IMPORT WANITA 2026,Rp788.000,788000.0
pakaian-adat-wanita,Kamen sutra paris set slendang,Rp125.000,125000.0
pakaian-adat-wanita,L7808 TRANSISTOR L7808 L 7808,Rp1.500,1500.0
pakaian-adat-wanita,Tandok sekalian Tas motif Kain songket,Rp160.000,160000.0
pakaian-adat-wanita,blouse wanita korea T7935/atasan cheongsam lengan panjang/atasan knit,Rp185.000,185000.0
pakaian-adat-wanita,0295 CNY Jiahui Embroidered Cheongsam Shirt Baju Imlek Bordir Kancing Kerah Panjang Peach Wanita Atasan Pendek,Rp155.000,155000.0
pakaian-adat-wanita,Lausboutique-Obi Zaskia-Seri Rang-Obi Batik Wanita,Rp95.000,95000.0
pakaian-adat-wanita,"NONA RARA - Tetra Encim CNY T5262, Baju kerja batik blouse wanita modern",Rp450.000,450000.0
pakaian-adat-wanita,Lausboutique-Selly-Seri Jumputan-Tunik Batik Obi Wanita,Rp355.000,355000.0
pakaian-adat-wanita,Lausboutique-Angking Set-Seri NTT-Set Batik Wanita Sarung,Rp550.000,550000.0
pakaian-adat-wanita,Batik Keris Blouse Lengan Pendek Kuthu Baru Merak Puri Lestari,Rp421.000,421000.0
pakaian-adat-wanita,Kamen sutra paris set slendang,Rp125.000,125000.0
pakaian-adat-wanita,1 set aksesoris pakaian tari condong bali,Rp2.290.000,2290000.0
pakaian-adat-wanita,0295 CNY Jiahui Embroidered Cheongsam Shirt Baju Imlek Bordir Kancing Kerah Panjang Peach Wanita Atasan Pendek,Rp155.000,155000.0
pakaian-adat-wanita,KAMEN DOBY SUTRA PARIS ATBM SELENDANG ONCER,Rp129.000,129000.0
pakaian-adat-wanita,Tandok sekalian Tas motif Kain songket,Rp160.000,160000.0
pakaian-adat-wanita,DRESS CHEONGSAM PINK VORA IMPORT WANITA 2026,Rp788.000,788000.0
pakaian-adat-wanita,SETELAN CHEONGSAM ROK BALON IMPORT IMLEK 2026,Rp898.000,898000.0
pakaian-adat-wanita,L7808 TRANSISTOR L7808 L 7808,Rp1.500,1500.0
pakaian-adat-wanita,kebaya baduy khas perempuan baduy luar,Rp105.000,105000.0
pakaian-adat-wanita,kamen jadi bordir jumbo motif caturmuka,Rp145.000,145000.0
pakaian-adat-wanita,set sortali dan topi semy songket,Rp150.000,150000.0
pakaian-adat-wanita,sortali Topi batak toba Sartopi ulos pucca dan lempengan,Rp85.000,85000.0
pakaian-adat-wanita,KAMEN JADI BORDIR GAYATRI 2,Rp155.000,155000.0
pakaian-adat-wanita,Kain prada dan baju tari legong keraton condong motif bun bunga bali,Rp390.000,390000.0
pakaian-adat-wanita,Pakaian Adat Karo Wanita Uis Nipes Pesta Selendang Etnik Asli Budaya Karo Cocok Semua Musim Tampil Anggun Dan Elegan,Rp650.000,650000.0
pakaian-adat-wanita,Topi Bulang Adat Simalungun Untuk Wanita Saja,Rp150.000,150000.0
pakaian-adat-wanita,Ulos ragihidup buatan mesin /ulos saput ulos tujung acara saur matua,Rp300.000,300000.0
pakaian-adat-wanita,Hande hande selendang tenunan tangan Selendang melayat warna hitam,Rp210.000,210000.0
pakaian-adat-wanita,Ulos sadum tenunan tangan jumbo premium full mote,Rp700.000,700000.0
pakaian-adat-wanita,Songket Suri-suri Simalungun Setelan Hati Rongga Simalungun,Rp135.000,135000.0
pakaian-adat-wanita,Sortali ikat kepala adat batak Penari dan Pengantin / acara nasional /,Rp14.000,14000.0
pakaian-adat-wanita,Ulos Sadum bonggit angkola Ulos full simata Ulos untuk Boru dan Bere,Rp300.000,300000.0
pakaian-adat-wanita,Mahkota Adat Dayak & Papua,Rp19.500,19500.0
pakaian-adat-wanita,Mahkota Bando Nagin Adat Bugis Makasar,Rp15.000,15000.0
pakaian-adat-wanita,tandok adat tulang 8 liter,Rp55.000,55000.0
pakaian-adat-wanita,KAMEN PLISKET SELENDANG TERBARU,Rp125.000,125000.0
pakaian-adat-wanita,Kamen katun straight motif laba2 set selendang,Rp124.700,124700.0
pakaian-adat-wanita,atasan baju baduy dalam bonus iket kepala telekung,Rp125.000,125000.0
pakaian-adat-wanita,baju adat palembang,Rp120.000,120000.0
pakaian-adat-wanita,set sibolang rasta putih dan brokat semi Prancis motif rumah Batak,Rp550.000,550000.0
pakaian-adat-wanita,songket tenun Palembang motif cantik manis hitam silver,Rp1.500.000,1500000.0
pakaian-adat-wanita,Kamben Jadi Lasem Bordir premium katun strait rok kebaya Dress Motif Panjang Dewasa kamen bali jumbo 5xl,Rp159.900,159900.0
pakaian-adat-wanita,"Kamen batik strait katun , kamen jadi ready free selendang",Rp105.000,105000.0
pakaian-adat-wanita,ulos sadum - ulos sadum batak - ulos sadum adat batak - ulos,Rp185.000,185000.0
pakaian-adat-wanita,Ulos Parompa Ulos mangiring Ulos tarutung,Rp320.000,320000.0
pakaian-adat-wanita,BlackBeauty KebayaBali Kamen Bordir Katun Straight Metalik Full Benang Cendana,Rp110.000,110000.0
pakaian-adat-wanita,tandok ulos batak,Rp80.000,80000.0
pakaian-adat-wanita,Bahan ulos ragi hidup kombinasi dress/kemeja etnik batak toba1,Rp250.000,250000.0
pakaian-adat-wanita,Baju Celana Kertas Cewek Ama Motif Kembang Sembahyang Ceng Beng Leluhur,Rp14.000,14000.0
pakaian-adat-wanita,Kamen Jadi Batik Twill Bahan Lembut Tebal Tidak Transparan 5 pilihan warna,Rp122.000,122000.0
pakaian-adat-wanita,Dress Cheongsam Imlek CNY Sincia Wanita Casual Katun Tanpa Lengan Rd103,Rp132.300,132300.0
pakaian-adat-wanita,renda bordir gaun cheongsam christine,Rp40.000,40000.0
pakaian-adat-wanita,Kebaya Sabrina Moscrep Tangan Kupu - kupu jumbo,Rp62.000,62000.0
pakaian-adat-wanita,Maxi Long Skirt Baju ATasan Dress Wanita Lengan Panjang Rok Merah Putih Cheongsam Mandarin Imlek Setelan Baju Perempuan Cheong Sam Chongsam,Rp240.000,240000.0
pakaian-adat-wanita,ulos sadum sirat 10 simata 7 ulos utk bere dan boru,Rp200.000,200000.0
pakaian-adat-wanita,Ulos sadum motif bonggit motif timbul ulos bere boru,Rp109.000,109000.0
pakaian-adat-wanita,Baju Adat Dewasa Padang Satuan (Laki/Cewek) Dress Panjang Tangan Wanita,Rp195.000,195000.0
pakaian-adat-wanita,Bossexy-kimono poliester KD150 murah dan terjangkau/seserahan/kimono set,Rp107.625,107625.0
pakaian-adat-wanita,Kamen lembaran katun bordir Cakrawala,Rp155.000,155000.0
pakaian-adat-wanita,(EXCLUSIVE 5.5) FREYA Kurung Melayu OneSet Batik & Bross,Rp680.000,680000.0
pakaian-adat-wanita,kamen bordil premium full benang emas/cendanaV1,Rp115.000,115000.0
pakaian-adat-wanita,Set Sepasang Sortali Lempengan dan Topi Ulos Pucca,Rp138.000,138000.0
pakaian-adat-wanita,ulos Sadum bonggit Tambunan simata 2 warna marun,Rp145.000,145000.0
pakaian-adat-wanita,Kamen Jadi Airflow polos,Rp60.000,60000.0
pakaian-adat-wanita,Sembahyang Leluhur Qing Ming Set Baju Celana Perempuan,Rp12.500,12500.0
pakaian-adat-wanita,barang cengbeng SET JAS CELANA cowo cewe kertas sembahyang leluhur,Rp45.500,45500.0
pakaian-adat-wanita,Renda Bordir Mahkota Aksesoris Tari Siger Bulu Merak,Rp42.000,42000.0
pakaian-adat-wanita,Dress Maxi Hanfu Wanita Baju Kostun Tradisional Mandarin Imlek Sincia Photoshoot Baju Ethnic Slik,Rp215.000,215000.0
pakaian-adat-wanita,tari ng buaya kalung etnik,Rp55.000,55000.0
pakaian-adat-wanita,Pakaian tari oleg tamulilingan cewek komplit Kostum tari Oleg bali,Rp2.500.000,2500000.0
pakaian-adat-wanita,Lausboutique-Obi Zaskia-Seri Rang-Obi Batik Wanita,Rp95.000,95000.0
pakaian-adat-wanita,"NONA RARA - Tetra Encim CNY T5262, Baju kerja batik blouse wanita modern",Rp450.000,450000.0
pakaian-adat-wanita,Lausboutique-Selly-Seri Jumputan-Tunik Batik Obi Wanita,Rp355.000,355000.0
pakaian-adat-wanita,Lausboutique-Angking Set-Seri NTT-Set Batik Wanita Sarung,Rp550.000,550000.0
pakaian-adat-wanita,Batik Keris Blouse Lengan Pendek Kuthu Baru Merak Puri Lestari,Rp421.000,421000.0
