kategori,name,price_raw,price
aksesoris-pria,Grey Jack Kacamata Frame Bahan Metal Model Kotak Aviator Ringan Fashion Pria dan Wanita Bisa Minus 8620 (X),Rp559.000,559000.0
aksesoris-pria,Grey Jack Kacamata Frame Bahan Metal Model Kotak Half Frame Ringan Fashion Pria dan Wanita Bisa Minus 8622X,Rp559.000,559000.0
aksesoris-pria,JFR Ikat Pinggang Pria Model Sabuk Gesper JBELT14,Rp74.000,74000.0
aksesoris-pria,Grey Jack Kacamata Antiradiasi Bluerar Tr90 Bentuk Kotak Fashion 81208,Rp299.000,299000.0
aksesoris-pria,RAY-BAN | RB4441D 677287 | Kacamata Hitam | 53mm,Rp2.218.500,2218500.0
aksesoris-pria,Grey Jack Kacamata Antiradiasi Blueray Model Kotak Classic Bahan Metal Bisa Minus Fashion Pria Wanita YQ,Rp799.000,799000.0
aksesoris-pria,Grey Jack Kacamata Antiradiasi Blueray Sinar Biru Model Oval Bahan TR90+Metal Fashion Pria dan Wanita Bisa Minus Photocromic Bluecromic 5620,Rp559.000,559000.0
aksesoris-pria,Grey Jack Kacamata Bahan Titanium IP Bisa Minus Antiradiasi Blueray Bluecromic Pria Wanita 8160,Rp799.000,799000.0
aksesoris-pria,Grey Jack Kacamata Clip On 2in1 Model Kotak Bahan Metal Fashion Pria Wanita Free Lens Polarized Anti Silau Keren Bisa Minus 7021,Rp669.000,669000.0
aksesoris-pria,Grey Jack Kacamata 3in1 Free Clip On Polarized Night Drive Kotak Bisa Minus Bahan Metal Fashion Pria Wanita 7700,Rp669.000,669000.0
aksesoris-pria,Grey Jack Kacamata Sunglasses Polarized Photocromic Anti Silau Uv400 2in1 Metal Rimless Pria Wanita Keren 23016,Rp199.000,199000.0
aksesoris-pria,Grey Jack Set Earhook Anak Pengait Penyangga Tangkai Kacamata Warna Lucu Bahan Silicone Lentur Anti Slip,Rp59.900,59900.0
aksesoris-pria,WOOD Belt 2-BELOTD225L117 BLACK,Rp399.900,399900.0
aksesoris-pria,OAKLEY FROGSKINS HYBRID | OO9289 928901 | Kacamata Hitam | 55mm,Rp3.320.000,3320000.0
aksesoris-pria,KINGSTON IKAT PINGGANG OTOMATIS Ikat pinggang nylon canvas ikat pinggang pria/wanita tactical belt,Rp39.000,39000.0
aksesoris-pria,zonakacamata - Ergonomic Design - Diego Gold - Gratis Lensa Minus/Silinder Anti Radiasi - Frame Kacamata - Pria/Wanita,Rp790.000,790000.0
aksesoris-pria,Kacamata Frame CATEYE Photocromic Bluechromic Demodas Glasses DG6656 Cat Eye Lensa Antiradiasi Biru Blueray Bluecromic Photocromic Eyewear Cewe Cewek Wanita Sunglasses Hitam,Rp264.000,264000.0
aksesoris-pria,DUPON SARUNG TANGAN EDISI SPECIAL 30TH,Rp999.999,999999.0
aksesoris-pria,Bloods Series Kacamata Casual Noral Sunglasses Black,Rp125.000,125000.0
aksesoris-pria,TALOCCO Ikat Pinggang Wanita Dan Pria Vintage Sabuk Kulit PU Premium L 3 cm P 108 cm - 130 cm Anti Slip Desain Elegan,Rp74.250,74250.0
aksesoris-pria,Berrybarton Sunglasses Fashion Kacamata Hitam Model Unisex Frame Square Polarized Lens Eyewear ZS 98160P,Rp129.000,129000.0
aksesoris-pria,Grey Jack Kacamata Sunglasses Polarized Anti Silau UV400 Pria Wanita Bahan TR90 Ringan Fashionable 6803,Rp179.000,179000.0
aksesoris-pria,Hugo Thorch - Ikat Pinggang Pria Kulit - Alvaro X Series,Rp1.189.000,1189000.0
aksesoris-pria,Grey Jack Kacamata Hitam Sunglasses Polarized Anti Silau UV400 Model Kotak Bold Pria Wanita 11101,Rp799.000,799000.0
aksesoris-pria,POLO GODEN 2238TK - Ikat Pinggang Pria Kulit Premium Model Tusuk Gigi / Gesper Pria / Men Belt - 5 Varian,Rp160.200,160200.0
aksesoris-pria,Grey Jack Kacamata Sunglasses Polarized Night Vision 2in1 Sport 3027,Rp225.000,225000.0
aksesoris-pria,Viendo Frame Kacamata Photocromic Anti Radiasi Blue Ray Minus Wanita Pria Cowok Korea Fashion Elastik TR90 Bluecromic Potocromic Fotocromic Cylinder Anti Sinar Matahari UV400 Kaca Mata Optik Hitam Eyewear Glasses Kecamata,Rp264.600,264600.0
aksesoris-pria,Grey Jack Kacamata Sunglasses Anti UV400 Model Kotak Korean Style Fashion Pria Wanita Modis Bahan TR90 M8004,Rp699.000,699000.0
aksesoris-pria,Grey Jack Kacamata Blueray Model Kotak Bahan TR90 Model Pria dan Wanita Bisa Minus Antiradiasi Photocromic Bluecromic 2935,Rp99.000,99000.0
aksesoris-pria,Lensa Essilor Transitions Gen S Orma 1.5 Grey,Rp1.849.000,1849000.0
aksesoris-pria,CONVERSE Kacamata F CO MCV5041A 410 52,Rp1.105.000,1105000.0
aksesoris-pria,Viendo Frame Kacamata Photocromic Cat eye Anti Radiasi Blueray Pria Wanita Pria Kecamata 2 in 1 Besi Wanita Bluecromic Gaya Potocromic terbaru korean style cewek anti radiasi cewek normal silinder -1.00/-2.00/-3.00/-4.00/-5.00/-6.00,Rp139.000,139000.0
aksesoris-pria,Grey Jack Kacamata Clip On Polarized Anti UV400 3in1 Bahan TR90+Metal Model Oval Bisa Minus Antiradiasi Blueray Photocromic Bluecromic 7730,Rp279.000,279000.0
aksesoris-pria,Kacamata Hitam Segi Empat Polarized Korean Style Sunglasses BB Series,Rp199.000,199000.0
aksesoris-pria,zonakacamata-Clip On ZK Siren Black-Frame Kacamata-Pria/Wanita,Rp690.000,690000.0
aksesoris-pria,zonakacamata - Frame Kacamata Fashion Pria/Wanita - The Classic Hariet Honey,Rp590.000,590000.0
aksesoris-pria,Hugo Thorch - Ikat Pinggang Pria Kulit - 569-13,Rp349.000,349000.0
aksesoris-pria,Grey Jack Kacamata Hitam Sunglasses Anti UV400 Silau Bahan TR90 Model Aviator Kokoh dan Ringan 16206,Rp129.000,129000.0
aksesoris-pria,CHAZANDCO Frame Kacamata Photocromic Minus Anti Radiasi Blueray Pria Wanita Pria Kecamata 2 in 1 Besi Wanita Korea Bluecromic Gaya Potocromic -1.00/-2.00/-3.00/-4.00/-5.00/-6.00 Dewasa Eyewear Glasses Lensa,Rp139.000,139000.0
aksesoris-pria,CHAZANDCO Kacamata Baca Plus Anti Radiasi Wanita Pria Korea Kacamata tanpa bingkai Terbaru Fashion Cowok UV400 Besi Frame Komputer HP Anti Blueray Sinar Matahari Kaca Mata Optik +1.00 +1.50 +2.00 +2.50 +3.00 +3.50 +4.00,Rp189.000,189000.0
aksesoris-pria,zonakacamata - Clip On The New Iris Outer Space -Kacamata-Pria/Wanita,Rp690.000,690000.0
aksesoris-pria,Kacamata Lensa Minus Anti Blueray Kotak Pria Wanita Sson Tvte K5013,Rp369.000,369000.0
aksesoris-pria,Kacamata Hitam Pria Wanita Bulat Polarized Aluminium Sson Tvte 8576,Rp239.000,239000.0
aksesoris-pria,Grey Jack Kacamata Hitam Sunglasses Polarized Bahan TR Bentuk Kotak Anti UV400 Pria dan Wanita Trandy Casual Korean Style 012,Rp129.000,129000.0
aksesoris-pria,HSF Eyewear Rogue | HSF x MOKLAR | Kacamata Hitam Pria dan Wanita,Rp399.900,399900.0
aksesoris-pria,Kacamata Hitam Polarized Unisex Aviator Sunglasses Sson Tvte JS8550,Rp199.000,199000.0
aksesoris-pria,Kacamata Hitam Pria Wanita Sunglasses Polarized Kotak Sson Tvte TR3333,Rp159.000,159000.0
aksesoris-pria,LUENX Kacamata Hitam Aviator Sunglasses for Men Women Polarized Driving Classic Shades - UV 400 Protection with Accessories 60MM Original Sunglasses 2610-3,Rp482.500,482500.0
aksesoris-pria,Viendo kacamata Photocromic Anti Radiasi Minus wanita pria cowok Unise hp uv blueray Optik Elastik TR90 Frame kacamata korean fashion Komputer Anti Radiasi kaca Silau Sinar Mata Minus Gaya Korea Sederhana Anti Blueray Silau Sinar Bluecromic Lensa,Rp214.620,214620.0
aksesoris-pria,Grey Jack Kacamata Sunglasses Polarized Anti Silau Uv400 Model Aviator Bahan Metal Fashion Pria Wanita 8526,Rp799.000,799000.0
aksesoris-pria,KACAMATA PHOTOCHROMIC DAN ANTIRADIASI - BRITISH - Minus Pria MIGHTYEYEWEAR Blueray Frame,Rp147.510,147510.0
aksesoris-pria,Kalibre Sabuk Ikat Pinggang Pria 993327040,Rp99.000,99000.0
aksesoris-pria,Kalibre Sabuk Ikat Pinggang Artikel 993224100,Rp119.000,119000.0
aksesoris-pria,(Beli 1 Minus Dapat Ganci Obeng) Kacamata Vida Minus Antiradiasi Cylinder Plus Pria Model Cat Eye Wanita Eyewear Glasses,Rp100.400,100400.0
aksesoris-pria,Kacamata Baca OPTIONS OP006 Reading Glass Stylish Ringan Fashion Executive Muda,Rp109.000,109000.0
aksesoris-pria,Grey Jack Kacamata Sunglasses Polarized Model Kotak TR90 Fashion Pria Wanita Anti Silau UV400 6042,Rp129.000,129000.0
aksesoris-pria,Grey Jack Kacamata Sunglasses Polarized Anti Silau UV400 Model Kotak TR90 Fashion Pria Wanita Simple Modis 280278,Rp159.000,159000.0
aksesoris-pria,Grey Jack Kacamata Hitam Sunglasses Anti UV400 Polarized Bahan Metal Fashion Pria & Wanita Oval Double Bridge Series,Rp179.000,179000.0
aksesoris-pria,Obermain Ikat Pinggang Pria SMITH PIN CASUAL Black OBB0733BK,Rp669.330,669330.0
aksesoris-pria,KACAMATA ANTIRADIASI / PHOTOCHROMIC /Minus Pria HAVANA,Rp147.510,147510.0
aksesoris-pria,sarung tangan wanita pria unisex wool touch screen,Rp24.402,24402.0
aksesoris-pria,+100~+400 Kacamata baca anti radiasi ringan yang modis dansporty wantia pria,Rp14.000,14000.0
aksesoris-pria,Sarung Tangan Motor Untuk Cuaca Panas MTR 564,Rp23.760,23760.0
aksesoris-pria,Kacamata Baca +100 sampai 400 Kacamata Blue Ray Komputer Hp Pria Cahaya Biru,Rp13.750,13750.0
aksesoris-pria,Grey Jack/ tali silicone strape penahan kacamata/ pria dan wanita,Rp29.000,29000.0
aksesoris-pria,Kacamata Hitam Pria Wanita Sunglasses Polarized Kotak Sson Tvte TR3333,Rp159.000,159000.0
aksesoris-pria,zonakacamata-Clip On ZK Siren Black-Frame Kacamata-Pria/Wanita,Rp690.000,690000.0
aksesoris-pria,zonakacamata - Clip On The New Iris Outer Space -Kacamata-Pria/Wanita,Rp690.000,690000.0
aksesoris-pria,zonakacamata - Frame Kacamata Fashion Pria/Wanita - The Classic Hariet Honey,Rp590.000,590000.0
aksesoris-pria,CHAZANDCO Kacamata Baca Plus Anti Radiasi Wanita Pria Korea Kacamata tanpa bingkai Terbaru Fashion Cowok UV400 Besi Frame Komputer HP Anti Blueray Sinar Matahari Kaca Mata Optik +1.00 +1.50 +2.00 +2.50 +3.00 +3.50 +4.00,Rp189.000,189000.0
aksesoris-pria,HSF Eyewear Rogue | HSF x MOKLAR | Kacamata Hitam Pria dan Wanita,Rp399.900,399900.0
aksesoris-pria,Hugo Thorch - Ikat Pinggang Pria Kulit - 569-13,Rp349.000,349000.0
aksesoris-pria,Grey Jack Kacamata Hitam Sunglasses Anti UV400 Silau Bahan TR90 Model Aviator Kokoh dan Ringan 16206,Rp129.000,129000.0
aksesoris-pria,Hush Puppies Ikat Pinggang Pria Walker Pin Khaki,Rp429.300,429300.0
aksesoris-pria,Grey Jack Kacamata Hitam Sunglasses Anti UV400 Polarized Bahan Metal Fashion Pria & Wanita Oval Double Bridge Series,Rp179.000,179000.0
aksesoris-pria,DEMODAS DG8150 Kacamata Kecil Lensa Photocromic Bluecromic Antiradiasi Blueray Minus Normal Silinder,Rp242.000,242000.0
aksesoris-pria,Viendo Frame Kacamata Photocromic Anti Radiasi Blue Ray Minus Wanita Pria Cowok Korea Fashion Elastik TR90 Bluecromic Potocromic Fotocromic Cylinder Anti Sinar Matahari UV400 Kaca Mata Optik Hitam Eyewear Glasses Kecamata,Rp264.600,264600.0
aksesoris-pria,Grey Jack Kacamata Sunglasses Anti UV400 Model Kotak Korean Style Fashion Pria Wanita Modis Bahan TR90 M8004,Rp699.000,699000.0
aksesoris-pria,Lensa Essilor Transitions Gen S Orma 1.5 Grey,Rp1.849.000,1849000.0
aksesoris-pria,KINGSTON IKAT PINGGANG OTOMATIS Ikat pinggang nylon canvas ikat pinggang pria/wanita tactical belt,Rp39.000,39000.0
aksesoris-pria,Grey Jack Kacamata Sunglasses Polarized Night Vision 2in1 Sport 3027,Rp225.000,225000.0
aksesoris-pria,Grey Jack Kacamata Hitam Sunglasses Polarized Anti Silau UV400 Model Kotak Bold Pria Wanita 11101,Rp799.000,799000.0
aksesoris-pria,POLO GODEN 2238TK - Ikat Pinggang Pria Kulit Premium Model Tusuk Gigi / Gesper Pria / Men Belt - 5 Varian,Rp160.200,160200.0
aksesoris-pria,TALOCCO Ikat Pinggang Wanita Dan Pria Vintage Sabuk Kulit PU Premium L 3 cm P 108 cm - 130 cm Anti Slip Desain Elegan,Rp74.250,74250.0
aksesoris-pria,Bloods Series Kacamata Casual Noral Sunglasses Black,Rp125.000,125000.0
aksesoris-pria,Hugo Thorch - Ikat Pinggang Pria Kulit - Alvaro X Series,Rp1.189.000,1189000.0
aksesoris-pria,Kacamata Frame Kotak Skena Trendi Metal PC Lensa Hitam Sunglasses Perlindungan UV400 Fashion Modis Gaya Korea Eyewear Pria Wanita IOOI ZS 98159Sun,Rp129.000,129000.0
aksesoris-pria,Mahameru Sarung Tangan Full Finger St02-03,Rp136.500,136500.0
aksesoris-pria,Kacamata Anti Radiasi Blueray Photocromic Minus Baca Frame Geometric Metal TR 90 Pria Wanita Bluecromic Berrybarton 23042,Rp113.200,113200.0
aksesoris-pria,Kacamata Minus Titanium Bulat Trendy Pria Wanita Sson Tvte PT911,Rp659.000,659000.0
aksesoris-pria,Mollucas - The Professor Grey - Gratis Lensa Minus/Silinder-Kacamata,Rp845.500,845500.0
aksesoris-pria,Grey Jack Kacamata Hitam Sunglasses Perlindungan Anti U400 TR90 58227,Rp799.000,799000.0
aksesoris-pria,Grey Jack Kacamata Hitam Sunglasses Polarized Anti Silau UV400 Acetate Ringan Model Oval Semi Cat Eye Fashion Wanita 58248,Rp225.000,225000.0
aksesoris-pria,Houseofcuff pocket square batik saputangan nusantara,Rp75.000,75000.0
aksesoris-pria,Viendo kacamata Frame photocromic anti radiasi minus Plastik Elastik TR90 Pria poligon Wanita UV400 Kaca Mata Optik Rabun Jauh Silinder hp dan komputer Korean Bluecromic Fashion Terbaru Blueray Lensa Eyewear Glasses -1.00/-2.00/-3.00/-4.00/-5.00/-6.00,Rp119.000,119000.0
aksesoris-pria,Kacamata Lensa Minus Anti Blueray Kotak Pria Wanita Sson Tvte TJ848,Rp339.000,339000.0
aksesoris-pria,Rocco By Rodenstock Kacamata Pria F RR 426 E 50,Rp1.772.250,1772250.0
aksesoris-pria,OUTDO SPORT GT62062 Frame Kacamata Sepeda Gowes Sporty Stylish Premium Free Lensa Minus Berkualitas,Rp2.150.000,2150000.0
aksesoris-pria,Kacamata Lensa Minus Anti Blueray Lentur Pria Wanita Sson Tvte TR5009,Rp159.000,159000.0
aksesoris-pria,Rounn Glasses Case Pouch Kacamata Kulit Sapi Asli,Rp639.000,639000.0
aksesoris-pria,Grey Jack Kacamata Sunglasses Polarized Anti UV/Anti Silau Bahan TR90+METAL Fashion Pria dan Wanita 2342,Rp199.000,199000.0
aksesoris-pria,Grey Jack Kacamata Antiradiasi Blueray Model Kotak Olahraga TR90 Ringan Fashion Sporty Pria 5775,Rp559.000,559000.0
aksesoris-pria,zonakacamata - Clip On Esme Silver - Frame Kacamata - Pria/Wanita - Minus/Silinder/Plus,Rp690.000,690000.0
aksesoris-pria,NAUTICA Kacamata Pria S NA N5000SLB 005 57,Rp1.236.750,1236750.0
aksesoris-pria,Demodas Lensa Hitam Permanen (Pesan dengan Framenya Saja) Normal Minus Silinder Kacamata Eyewear Glasses,Rp200.000,200000.0
aksesoris-pria,Grey Jack Kacamata Hitam Sunglasses Polarized Anti Silau UV400 Model Kotak TR90+Acetate Fashion Laki-laki dan Wanita 58249,Rp339.000,339000.0
aksesoris-pria,Sunset Eyewear - Frame Kacamata Optical - TRAC 9230 C3,Rp90.000,90000.0
aksesoris-pria,Sunset Eyewear - Lensa Kacamata Flat Top Bifocal Blue Control - Lensa Jarak Jauh dan Dekat,Rp325.000,325000.0
aksesoris-pria,Grey Jack Kacamata Hitam Sunglasses Polarized Model Oval TR90 Anti Silau UV400 Style Sport Ringan 6807,Rp179.000,179000.0
aksesoris-pria,Gesper Tactical ENNIU Ikat Pinggang - Krem,Rp155.000,155000.0
aksesoris-pria,KACAMATAMOO - FRame Kacamata Clip On CO6512,Rp269.000,269000.0
aksesoris-pria,Sunset Eyewear - Kacamata Hitam Sunglasses - SG 3688 C4,Rp80.000,80000.0
aksesoris-pria,Sunset Eyewear - Kacamata Hitam Sunglasses - SG 5126 C2,Rp80.000,80000.0
aksesoris-pria,Grey Jack Kacamata Hitam Sunglasses Polarized Kotak Rimless Bahan Metal Ringan Tanpa Bingkai Anti Silau UV400 3186,Rp129.000,129000.0
aksesoris-pria,HSF Eyewear Noa - Clip On | The Clipmate Collection | Frame Kacamata Pria,Rp899.900,899900.0
aksesoris-pria,Viendo Kacamata Photocromic Anti Radiasi Blueray Wanita Pria Cowok Fashion Frame 2 in 1 Bluecromic Komputer Hp Anti Sinar Matahari Kaca Mata Optik UV400 -1/-1.5/-2/-2.5/-3/-3.5/-4/-4.5/-5/-5.5/-6 Lensa Eyewear Glasses Dewasa tipis,Rp169.000,169000.0
aksesoris-pria,Urban State - Black Modern Pin Buckle Reversible Top Grain Leather Belt - Black Brown,Rp328.900,328900.0
aksesoris-pria,Hush Puppies Ikat Pinggang Pria ATHAN AUTOMATIC Black,Rp409.500,409500.0
aksesoris-pria,zonakacamata-SAKA 11540 C6 BLUE Frame Kacamata Anak-Pria/Wanita-Minus,Rp590.000,590000.0
aksesoris-pria,Viendo Frame Magnetis Kacamata Clip On Anti Blueray Radiasi Photocromic Polalrized Minus Wanita Pria Cowok Binis Fotocromic Kecamata Bulat Fashion Kotak Potocromic Gaya Matahari Uv400 Bluecromic Oval Antiradiasi Sinar Besi Eyewear uv 400 Glasses,Rp239.000,239000.0
aksesoris-pria,Prive Revaux Kacamata Unisex F PV HI THINKER EX4 54,Rp854.250,854250.0
aksesoris-pria,zonakacamata - Clip On Paxton Torto - Frame Kacamata - Pria/Wanita,Rp690.000,690000.0
aksesoris-pria,Grey Jack Kacamata Antiradiasi Blueray TR90 Bentuk Bulat Simple Pria dan Wanita Bisa Minus Photocromic Bluecromic 9157,Rp179.000,179000.0
aksesoris-pria,Frame Kacamata Bahan TR90+Metal Fashion Model Terbaru Half Rim 95226,Rp499.000,499000.0
aksesoris-pria,Seeouo Frame Kacamata IP Titanium Plano Model Aviator Simple Stylish Kokoh Ringan Unisex Bisa Minus Antiradiasi Bluecromic 20019,Rp299.000,299000.0
aksesoris-pria,Kacamata Unisex PORSCHE DESIGN S PH P8478 M 66,Rp7.205.000,7205000.0
aksesoris-pria,POLAROID KACAMATA UNISEX S PO PLD6171S J5GUC,Rp1.079.500,1079500.0
aksesoris-pria,Ixoora Derren - Frame Kacamata Minus Photocromic Photochromic Anti Radiasi Pria Wanita Blueray Sinar Biru Bluecromic Bluechromic Bluedrive Progresif One Drive Baca Jalan,Rp125.000,125000.0
aksesoris-pria,AWMN Ikat Pinggang Canvas Army Metal Multicolor - AW21 Gesper Kanvas,Rp43.999,43999.0
aksesoris-pria,Benetton Kacamata Pria F BE 1046-1 127 53,Rp939.250,939250.0
aksesoris-pria,Seeouo Sunglasses Lens Polarized Model Kotak Bold Frame Keren Fashion Unisex Kekinian Anti UV 400 Protection TR90 8302 SZ,Rp166.000,166000.0
aksesoris-pria,Seeouo Kacamata Antiradiasi Blueray Model Kotak Sport Bahan Metal Ringan Fashion Unisex Pria Wanita 0062,Rp449.000,449000.0
aksesoris-pria,Seeouo Kacamata Hitam Sunglasses Polarized Sport Style Anti UV Anti Silau TR90 Ringan 3058,Rp128.000,128000.0
aksesoris-pria,Seeouo Kacamata Hitam Anti UV 400 Style Kotak Fashion Unisex Anti Silau Sunglasses Polarized Frame TR90 Ringan 8305X,Rp166.000,166000.0
aksesoris-pria,Seeouo Kacamata Sunglasses Polarized Kotak Aviator TR90+Metal 9720,Rp339.000,339000.0
aksesoris-pria,Seeouo Sunglasses Anti Silau Matahari Style Olahraga Unisex Model Kotak Sporty Bersepedah TR90 Kacamata UV 400 9337,Rp99.000,99000.0
aksesoris-pria,Kacamata Photocromic Pria Anti radiasi Blueray Fashion Keren 9006,Rp399.000,399000.0
aksesoris-pria,Seeouo Sunglasses Anti UV 400 TR90 Oval Stylish Kacamata Anti Silau Fashionable Pria Wanita Ringan 525,Rp66.000,66000.0
aksesoris-pria,Seeouo Sunglasses Kacamata Hitam Polarized Anti UV 400 Anti Silau Fashion Style Unisex Keren dan Elegant Kotak Aviator Metal 15113,Rp229.000,229000.0
aksesoris-pria,Seeouo Kacamata Clip On 2in1 Oval Stylish Frame Metal Clip Magnetic UV 400 Protection Pria Wanita Bisa Minus Antiradiasi Blueray Bluecromic 9170 Eyewear,Rp229.000,229000.0
aksesoris-pria,Seeouo Kacamata Sunglasses Photocromic Polarized Bentuk Aviator Frameless Lensa Anti UV 400 3098,Rp339.000,339000.0
aksesoris-pria,Seeouo Kacamata Sunglasses Polarized Photocromic Aviator Style Metal UV 400 Protection Anti Silau Fashionable Pria Kokoh Stylish Berkendara 161,Rp166.000,166000.0
aksesoris-pria,Seeouo Kacamata Hitam Sunglasses Kotak Half Rim Polarized Anti Silau Model Kotak Keren Bahan Alumunium Magnesium 6588,Rp299.000,299000.0
aksesoris-pria,Seeouo Kacamata Clip On 4in1 Free Lensa Polarized Night Drive 8135,Rp179.000,179000.0
aksesoris-pria,Seeouo Kacamata Anti Radiasi Blueray Frameless Kotak Kekinian Fashion Unisex Metal 63075,Rp449.000,449000.0
aksesoris-pria,Seeouo Kacamata Sunglasses Anti UV Polarized Bahan TR90 Kotak 3422,Rp99.000,99000.0
aksesoris-pria,NARO Frame Kacamata NR-Hoyin (Beli 1 Free Sunglasses),Rp165.088,165088.0
aksesoris-pria,Prive Revaux Kacamata Unisex F PV HI THINKER EX4 54,Rp854.250,854250.0
aksesoris-pria,Giordano Kacamata Hitam Unisex S GD GA90493 07 55,Rp476.000,476000.0
aksesoris-pria,Hush Puppies Ikat Pinggang Pria DAVION AUTOMATIC Black HPA50974BK,Rp569.300,569300.0
aksesoris-pria,Seeouo Kacamata Antiradiasi Blueray Photocromic 2in1 Model Oval Asian Fit Bisa Minus Bahan Metal Fashionable Pria Wanita 9180,Rp399.000,399000.0
aksesoris-pria,ikat pinggang kanvas pria big size sabuk kanvas kombinasi pria panjang sampai 200 cm,Rp76.000,76000.0
aksesoris-pria,OPTIK SEIS - XYZ TR27020 s52,Rp590.000,590000.0
aksesoris-pria,zonakacamata - Clip On Sher Black - Frame Kacamata - Pria/Wanita - Minus/Silinder/Plus,Rp690.000,690000.0
aksesoris-pria,Kopel Pria Cartenz Tactical Hanteer X 7,Rp495.000,495000.0
aksesoris-pria,Grey Jack Kacamata Antiradiasi Blueray Model Kotak TR90 Fashion Pria Wanita Bisa Minus Antiradiasi Bluecromic 6413,Rp459.000,459000.0
aksesoris-pria,KACAMATA PHOTOCHROMIC ANTIRADIASI - DUBLIN BLACK BESI Pria bulat,Rp147.510,147510.0
aksesoris-pria,KACAMATA ANTIRADIASI / PHOTOCHROMIC /Minus Pria HELSINKY,Rp147.510,147510.0
aksesoris-pria,Purpi Eyewear - Frame Kacamata Pria Wanita PATRIK 8091,Rp75.000,75000.0
aksesoris-pria,Grey Jack Kacamata Clip On 4in1 Free Polarized Lens Bahan TR90 6204,Rp196.000,196000.0
aksesoris-pria,Pocket Square SapuTangan Man REVERSIBLE BLACK BLUE FLORAL,Rp75.000,75000.0
aksesoris-pria,LEATHER CONCEPT Ikat Pinggang Pria Kulit Premium - Gesper Otomatis Elegan - Cowather Original,Rp171.999,171999.0
aksesoris-pria,Grey Jack Frame Kacamata Titanium Model Oval Style Bisnis Ringan Kokoh Fashionable Bisa Minus Antiradiasi Bluray Bluecromic Photocromic Pria 5862,Rp959.000,959000.0
aksesoris-pria,Viendo Kacamata Clip On Hitam Minus Polarized Wanita Pria Cowok UV400 Photocromic Anti Radiasi Bluecromic Komputer HP Kaca Mata Optik AntiBlueray Silau Sinar Fashion Frame Eyewear Stainless Sunglasses Cewek Lensa,Rp239.000,239000.0
aksesoris-pria,Grey Jack Kacamata Hitam Sunglasses Polarized Anti Silau UV400 Model Kotak Aviator Bahan Metal Fashionable Pria dan Wanita 8538,Rp179.000,179000.0
aksesoris-pria,Mollucas-The Experimental-Kanawa Moss-Gratis Lensa Minus/Silinder,Rp990.000,990000.0
aksesoris-pria,TENDENCIES Superior Canvas Black Belt,Rp89.000,89000.0
aksesoris-pria,Suspender Gesper Belt Wedding Best Man RED SUSPENDER,Rp99.000,99000.0
aksesoris-pria,Grey Jack Kacamata Hitam Sunglasses Polarized Model Aviator Anti Silau UV400 Memory Metal Ringan dan Lentur 5066,Rp159.000,159000.0
aksesoris-pria,GREY JACK Kacamata Anak Antiradiasi Blueray Komputer HP TV Bahan TR90 Model Kotak Ringan Lentur Nyaman Style Anak Perepmpuan dan Laki Laki 1601,Rp99.000,99000.0
aksesoris-pria,Grey Jack Kacamata Sunglasses Anti UV400 Protection Bahan TR90 Fashion Pria & Wanita G36,Rp99.000,99000.0
aksesoris-pria,Kacamata Kotak Hitam Lensa Sunglasses Perlindungan UV Aktivitas Luar Ruangan Fashion Modis Gaya Korea Pria Wanita IOOI 238,Rp99.000,99000.0
aksesoris-pria,Grey Jack Kacamata Sunglasses Polarized Lipat Anti Silau/Uv Bulat 614,Rp159.000,159000.0
aksesoris-pria,Grey Jack Kacamata Hitam Sunglasses Anti UV400 Bahan TR90 Model Oval Semi Cat Eye Fashion Wanita dan Pria 1997,Rp99.000,99000.0
aksesoris-pria,MIGHTY kacamata hitam Pria - AUSTIN BLACK SUNGLASS,Rp296.010,296010.0
aksesoris-pria,Northy X Iron Pipe Official Product-Sarung Tangan Motor Kombinasi Kulit+Spandex,Rp249.000,249000.0
aksesoris-pria,SSST Emerge Sabuk Ikat Pinggang Belt Hitam,Rp159.200,159200.0
aksesoris-pria,Bloods Series Kacamata Casual Hobs Sunglasses Black,Rp125.000,125000.0
aksesoris-pria,Grey Jack Kacamata Antiradiasi Blueray Aviator Kotak Bahan Titanium Ringan Stylish Fashion Pria Bisa Minus 7133,Rp999.000,999000.0
aksesoris-pria,Goodr Running Sunglasses POP G Series NEW WAVE RENEGADE,Rp499.000,499000.0
aksesoris-pria,Grey Jack Kacamata Sunglasses Polarized Kotak Ringan TR90 Fashion Pria Wanita Anti Silau UV400 5585,Rp599.000,599000.0
aksesoris-pria,Demodas Nexis Lensa Bluechromic Photochromic Blueray Antiradiasi,Rp352.000,352000.0
aksesoris-pria,Kacamata Lensa Minus Photocromic Anti Blueray Geometric Pria Wanita Titanium TR Sson Tvte T23811,Rp369.000,369000.0
aksesoris-pria,Lensa Kacamata Minus/Silinder Polycore Ecosoft Xtra 3.0 Index 1.5,Rp799.000,799000.0
aksesoris-pria,Mollucas - Manawa Coffee - Gratis Lensa Minus/Plus/Silinder Anti Radiasi - Kacamata Pria/Wanita Elegan Eyewear,Rp1.445.300,1445300.0
aksesoris-pria,Houseofcuff Scarf Syal Bandana Leher Pria Formal X31,Rp150.000,150000.0
aksesoris-pria,Ikat Pinggang Pria Centurio Arei Outdoorgear,Rp95.000,95000.0
aksesoris-pria,Kacamata Hitam Sunglasses Wayfarer Polarized Fashion Berrybarton 985,Rp99.000,99000.0
aksesoris-pria,Hikemore Sarung Tangan Riding Pria Gloves 02 Original,Rp105.000,105000.0
aksesoris-pria,Frame Kacamata - Pria/Wanita - Minus/Silinder/Plus - Mollucas Kaihulu C1 Midnight,Rp1.190.000,1190000.0
aksesoris-pria,Kacamata Unisex PORSCHE DESIGN S PH P8478 M 66,Rp7.205.000,7205000.0
aksesoris-pria,POLAROID KACAMATA UNISEX S PO PLD6171S J5GUC,Rp1.079.500,1079500.0
aksesoris-pria,Ixoora Derren - Frame Kacamata Minus Photocromic Photochromic Anti Radiasi Pria Wanita Blueray Sinar Biru Bluecromic Bluechromic Bluedrive Progresif One Drive Baca Jalan,Rp125.000,125000.0
aksesoris-pria,AWMN Ikat Pinggang Canvas Army Metal Multicolor - AW21 Gesper Kanvas,Rp43.999,43999.0
aksesoris-pria,Benetton Kacamata Pria F BE 1046-1 127 53,Rp939.250,939250.0
aksesoris-pria,zonakacamata - Frame Kacamata Fashion Pria/Wanita - The Cat Eye Klari Black,Rp690.000,690000.0
aksesoris-pria,Skhope Culture Dimitri-Frame Kacamata- Pria/Wanita-Minus/Silinder/Plus,Rp249.500,249500.0
aksesoris-pria,zonakacamata - Frame Kacamata Fashion Pria/Wanita - Oldies Ara Black,Rp390.000,390000.0
aksesoris-pria,zonakacamata-The Classic Kia Black-Frame Kacamata-Pria/Wanita-Minus,Rp590.000,590000.0
aksesoris-pria,Kalibre Kacamata 996270320,Rp439.000,439000.0
aksesoris-pria,Kalibre Kacamata 107 Silver-Revo Blue 996321040,Rp299.000,299000.0
aksesoris-pria,Kacamata Anti Radiasi Photocromic Pria Frame Kotak Berrybarton 647,Rp89.000,89000.0
aksesoris-pria,Grey Jack Kacamata Sunglasses Polarized Anti Silau UV400 Model Kotak Bahan Tr90+Metal Fashion Pria dan Wanita 8603/2113,Rp669.000,669000.0
aksesoris-pria,Grey Jack Kacamata Hitam Sunglasses Polarized Anti Silau UV400 Model Aviator Kotak Keren Bahan Metal Fashion Laki-laki 2113,Rp225.000,225000.0
aksesoris-pria,Grey Jack Kacamata Hitam Sunglasses Polarized Anti Silau UV400 Model Aviator Bahan TR90+Metal Kokoh dan Ringan 744,Rp179.000,179000.0
aksesoris-pria,HSF Eyewear Calera - The Statement Collection | Kacamata Wanita dan Pria,Rp599.900,599900.0
aksesoris-pria,TALOCCO Ikat Pinggang Kulit Fashion Pria Sabuk Aksesoris Full Spike Bahan Kulit Pu,Rp224.250,224250.0
aksesoris-pria,Gesper Pria Original Langky Belt Kklc Deer,Rp85.000,85000.0
aksesoris-pria,The Don's House NEW GLASSES - Kacamata Gaya Tren Style Sunglasses Anti Silau Premium Quality,Rp175.000,175000.0
aksesoris-pria,Grey Jack Kacamata Sunglasses Sport Anti UV400 Polarized Bahan TR Lentur & Ringan 5853,Rp179.000,179000.0
aksesoris-pria,Grey Jack Kacamata Clip On Polarized Anti UV400 2in1 Bahan Metal Model Aviator Bisa Minus Antiradiasi Blueray Photocromic Bluecromic 7041,Rp229.000,229000.0
aksesoris-pria,Kacamata Minus Metal TR90 Frame Bulat Anti Blue Light Fashion Pria Wanita - IOOI 6850,Rp159.000,159000.0
aksesoris-pria,Kacamata Minus Metal TR90 Frame Kotak Anti Blue Light Fashion Pria Wanita - IOOI 6322,Rp118.000,118000.0
aksesoris-pria,Grey Jack/ Kacamata Hitam Pria dan Wanita/ Sunglasses /1234,Rp450.000,450000.0
aksesoris-pria,Grey Jack sunglasses polarized anti uv fashion pria terbaru 0959,Rp699.000,699000.0
aksesoris-pria,Kacamata Hitam Lensa Anti UV400 Sunglasses Anti Silau Matahari Pria Wanita Kacamata Fashion Beach Eyewear Glasses IOOI 98133,Rp99.000,99000.0
aksesoris-pria,Grey Jack Kacamata Sunglasses Polarized photocromic Anti UV Anti radiasi TR90 Model Oval Pria dan Wanita PHTC 801,Rp599.000,599000.0
aksesoris-pria,Hush Puppies Ikat Pinggang Pria Deon Pin Clip Black,Rp569.300,569300.0
aksesoris-pria,Sunglasses Pxg Grilamid Sports Goggles | Aksesoris Pria | Kacamata Golf Pria,Rp1.982.400,1982400.0
aksesoris-pria,Mollucas - Kaihulu Gel - Gratis Lensa Minus/Plus/Silinder Anti Radiasi - Kacamata Pria/Wanita Elegan Eyewear Frame Glasses,Rp1.190.000,1190000.0
aksesoris-pria,Grey Jack Kacamata Sunglasses Polarized Anti UV400 Model Olahraga Sporty Keren TR90 Ringan 16105,Rp129.000,129000.0
aksesoris-pria,Grey Jack Kacamata Sunglasses Polarized Photocromic 2in1 Metal Fashion Pria Anti Silau UV400 Model Aviator Kotak 9109,Rp559.000,559000.0
aksesoris-pria,Grey Jack Kacamata Sunglasses Polarized Kotak Ringan TR90 Fashion Pria Wanita Anti Silau UV400 5602,Rp129.000,129000.0
aksesoris-pria,Grey Jack Kacamata Sunglasses Polarized Style Cat Eye Kotak Anti UV / Anti Silau Lipat Korean Style Wanita Terbaru Fashionable CD017,Rp129.000,129000.0
aksesoris-pria,Grey jack Kacamata Sunglasses Anti UV400 Polarized Style Kotak Overside 31711,Rp199.000,199000.0
aksesoris-pria,Mollucas- Lensa Minus/Cylinder Hoya Nulux Asp 1.67 Full Control,Rp1.756.550,1756550.0
aksesoris-pria,Grey Jack kacamata hitam pria dan wanita terbaru polarized antiuv 1233,Rp450.000,450000.0
aksesoris-pria,Giordano Kacamata Hitam Unisex S GD GA90283 C4 58,Rp382.500,382500.0
aksesoris-pria,Illustro Kacamata Wanita F IR LI 14041 C2 54,Rp374.000,374000.0
aksesoris-pria,OAKLEY Frogskin (A) Prizm | OO9245 924562 | Full Fitting | 54mm,Rp2.890.000,2890000.0
aksesoris-pria,OAKLEY Evzero Path (A) | OO9313 931306 | Asian Fitting | 38mm,Rp4.670.000,4670000.0
aksesoris-pria,Converse Kacamata Unisex S CO MCV540SLB 001 56,Rp1.428.000,1428000.0
aksesoris-pria,Grey Jack Kacamata Antiradiasi Blueray TR90+Metal Style Kotak Fashion Pria 1235,Rp599.000,599000.0
aksesoris-pria,HSF Eyewear Boldist Helene Tortoise | Frame Kacamata Wanita dan Pria,Rp899.900,899900.0
aksesoris-pria,RAY-BAN State Street | RB2186 1292BL | Global | Kacamata Hitam | 41mm,Rp3.612.500,3612500.0
aksesoris-pria,KACAMATA PHOTOCHROMIC / ANTIRADIASI / Blueray besi MONTREAL pria,Rp147.510,147510.0
aksesoris-pria,RAY-BAN VISTA | RX7093D 2000 | Asian Fitting | Kacamata | 54mm,Rp1.629.000,1629000.0
aksesoris-pria,"AURAVIBE-Kacamata Hitam Aviator Pria Oval Klasik Besar – Bingkai Setengah Ganda Jembatan Logam, Stylish Versatil",Rp167.000,167000.0
aksesoris-pria,Ixoora Julia - Frame Kacamata Minus Photocromic Photochromic Anti Radiasi Pria Wanita Blueray Sinar Biru Bluecromic Bluechromic Bluedrive Progresif One Drive Baca Jalan,Rp125.000,125000.0
aksesoris-pria,USEA Tali Ikat Pinggang Kanvas Canvas Sekolah Buckle Belt Student Youth Korean 120cm - Slyz42,Rp69.000,69000.0
aksesoris-pria,Ixoora Danias - Frame Kacamata Minus Photocromic Photochromic Anti Radiasi Pria Wanita Blueray Sinar Biru Bluecromic Bluechromic Bluedrive Progresif One Drive Baca Jalan,Rp90.000,90000.0
aksesoris-pria,AMOS 55x55CM SLAYER segitiga bandana muka scarf sapu tangan masker ikat kepala,Rp32.000,32000.0
aksesoris-pria,Kacamata Hitam Sunglasses Anti UV400 Polarized Kotak Fashion Pria Wanita - IOOI 205Sun,Rp89.000,89000.0
aksesoris-pria,Grey Jack Kacamata Hitam Sunglasses Polarized Anti Silau UV400 Kotak Style Trendy Wanita Modis Keren Fashionable 58243,Rp225.000,225000.0
aksesoris-pria,"Ikat Pinggang Kulit Pu premium Automatic Lebar 3,5 cm Buckel Model Jepit",Rp94.250,94250.0
aksesoris-pria,Mollucas- Lensa Screensafe 1.61,Rp500.000,500000.0
aksesoris-pria,NAUTICA Kacamata Pria S NA N5000SLB 030 57,Rp1.236.750,1236750.0
aksesoris-pria,Mollucas - The Architect - Lombok Midnight - Gratis Lensa Minus/Plus/Silinder Anti Radiasi - Kacamata Pria/Wanita,Rp1.690.000,1690000.0
aksesoris-pria,Kacamata Polarized Pria Wanita Kacamata Hitam Men Sunglasses Women Frame Plastik Lensa Bulat Fashion Eyewear Berrybarton PW 6604,Rp129.000,129000.0
aksesoris-pria,Grey Jack Kacamata Hitam Sunglasses Polarized Anti Silau UV400 Bahan TR90+Acetate Model Oval Kokoh dan Ringan 9192,Rp199.000,199000.0
aksesoris-pria,Ixoora Rountage - Frame Kacamata Minus Photocromic Photochromic Anti Radiasi Pria Wanita Blueray Sinar Biru Bluecromic Bluechromic Bluedrive Progresif One Drive Baca Jalan,Rp105.000,105000.0
aksesoris-pria,Grey Jack Kacamata Antiradiasi Blueray Bahan Titanium Model Kotak Fashionable Pria dan Wanita Bisa Minus 5037,Rp599.000,599000.0
aksesoris-pria,Grey Jack Kacamata Hitam Sunglasses Polarized Anti Silau UV400 Bahan Metal Model Aviator Kokoh dan Ringan 2893,Rp159.000,159000.0
aksesoris-pria,Kacamata Goodr Running Sunglasses OGs HOT ALIEN SUMMER,Rp499.000,499000.0
aksesoris-pria,Kacamata Anti Radiasi Blueray Photocromic Bluechromic Pria Wanita Frame Kotak Berrybarton Model S11968,Rp139.000,139000.0
aksesoris-pria,Grey Jack Kacamata ClipOn Free 3 lens Polarized Style Kotak New 80011,Rp899.000,899000.0
aksesoris-pria,Puma Kacamata Pria F P# PE0089O 007 54,Rp1.032.750,1032750.0
aksesoris-pria,AWMN Ikat Pinggang Canvas Army Metal Multicolor - AW21 Gesper Kanvas,Rp43.999,43999.0
aksesoris-pria,POLAROID KACAMATA UNISEX S PO PLD6171S J5GUC,Rp1.079.500,1079500.0
aksesoris-pria,RAY-BAN CARAVAN | RB3136 181 | Global Fitting | Kacamata Hitam | 58mm,Rp3.410.000,3410000.0
aksesoris-pria,Kacamata Hitam Sunglasses Anti UV400 Polarized Kotak Fashion Pria Wanita - IOOI 205Sun,Rp89.000,89000.0
aksesoris-pria,NAUTICA Kacamata Pria S NA N5000SLB 030 57,Rp1.236.750,1236750.0
aksesoris-pria,"Ikat Pinggang Kulit Pu premium Automatic Lebar 3,5 cm Buckel Model Jepit",Rp94.250,94250.0
aksesoris-pria,Mollucas- Lensa Screensafe 1.61,Rp500.000,500000.0
aksesoris-pria,Kacamata Polarized Pria Wanita Kacamata Hitam Men Sunglasses Women Frame Plastik Lensa Bulat Fashion Eyewear Berrybarton PW 6604,Rp129.000,129000.0
aksesoris-pria,Mollucas - The Architect - Lombok Midnight - Gratis Lensa Minus/Plus/Silinder Anti Radiasi - Kacamata Pria/Wanita,Rp1.690.000,1690000.0
aksesoris-pria,HSF Eyewear Destiny 03 - Sunglasses | HSF X Ira Nandha – The Destiny Collection | Kacamata Hitam Wanita & Pria,Rp799.900,799900.0
aksesoris-pria,KACAMATAMOO - Frame Kacamata Square Titanium SQ-T31009,Rp259.000,259000.0
aksesoris-pria,Kacamata Hitam Pria Wanita Polarized Kotak Sunglasses Sson Tvte 7529,Rp159.000,159000.0
aksesoris-pria,Kacamata Hitam Polarized Bulat Metal Pria Wanita Sson Tvte B9007,Rp239.000,239000.0
aksesoris-pria,Sunset Eyewear - Frame Kacamata Clip On - CO 2245 C2,Rp120.000,120000.0
aksesoris-pria,Sunset Eyewear - Kacamata Hitam Sunglasses - SGM 6186 C1,Rp80.000,80000.0
aksesoris-pria,CHAZANDCO Kacamata Baca Plus Anti Radiasi Blueray Wanita Pria Cowok Terbaru Korea Fashion Frame Komputer HP Anti Sinar Matahari UV400 Kaca Mata Optik +1.00 +1.50 +2.00 +2.50 +3.00 +3.50 +4.00 Lens,Rp239.000,239000.0
aksesoris-pria,KACAMATAMOO - Frame Kacamata Clip On CO6509,Rp269.000,269000.0
aksesoris-pria,KACAMATAMOO - Frame Kacamata Clip On Titanium CO TP2008 (RAMADHAN COLLECTION) Kacamata Frame Ringan Nyaman dan Stylish,Rp309.000,309000.0
aksesoris-pria,Ikat Pinggang Pria Wheels Belt Arei Outdoorgear,Rp125.000,125000.0
aksesoris-pria,Tali Ikat Pinggang Belt Golf Kulit Asli WJD-SWJ2501 #SPOT GOODS#,Rp480.000,480000.0
aksesoris-pria,Grey Jack Kacamata Antiradiasi Blueray Model Kotak Simple Bahan Alumunium Magnesium Ringan Fashionble Pria dan Wanita Bisa Minus 5852,Rp669.000,669000.0
aksesoris-pria,Lensa Kacamata Minus/Silinder Essilor Optifog Orma 1.5,Rp1.380.000,1380000.0
aksesoris-pria,GreyJack Sunglasses Polarized Anti Silau UV400 Kotak Ringan Simple 502,Rp599.000,599000.0
aksesoris-pria,Sabuk Tali Ikat Pinggang Lubang 4CM dengan resleting Kulit Sapi,Rp499.000,499000.0
aksesoris-pria,Grey Jack Kacamata Hitam Sunglasses Polarized Model Kotak TR90 Ringan Fashionble Pria Dan Wanita 3088,Rp599.000,599000.0
aksesoris-pria,Grey Jack Kacamata Sunglasses Anti UV400 Model Aviator Kotak Fashion Pria Wanita Bahan TR+Metal 80808,Rp599.000,599000.0
aksesoris-pria,Grey Jack Kacamata Hitam Sunglasses Polarized Anti Silau UV400 Model Kotak TR90+METAL Fashion Laki-laki dan Wanita 2189,Rp279.000,279000.0
aksesoris-pria,POLAROID KACAMATA HITAM PRIA S PO PLDCN 0085FS 4C3M9,Rp1.572.250,1572250.0
aksesoris-pria,RODENSTOCK Kacamata Pria F RC R9111 B 54,Rp1.844.500,1844500.0
aksesoris-pria,Seeouo Sunglasses Kacamata Hitam Anti UV 400 Protection Design Aviator Asian Fit Bahan TR+Metal Kuat Fashionable Unisex 9826,Rp99.000,99000.0
aksesoris-pria,Seeouo Kacamata Sunglasses Anti UV400 Bahan TR90 Model Kotak 3127,Rp88.000,88000.0
aksesoris-pria,Seeouo Kacamata Clip On 3in1 Anti Bluray Model Bulat Oval Stylish Polarized Night Vision Lens Magnetic Bisa Minus Unisex Simple 7730,Rp599.000,599000.0
aksesoris-pria,Seeouo Kacamata Hitam Sunglasses Polarized Anti Silau UV400 TR90 Fashion Korean Style Wanita dan Laki-laki,Rp99.000,99000.0
aksesoris-pria,Seeouo Sunglasses Kotak Polarized Anti UV 400 Silau Kacamata TR90 Simple Fashionable Pria Wanita Ringan 11109,Rp133.000,133000.0
aksesoris-pria,Seeouo Kacamata Hitam Sunglasses Anti UV 400 Retro Classic Style TR90+Metal Pria Wanita Anti Silau Fashionable 877,Rp99.000,99000.0
aksesoris-pria,Seeouo Kacamata Sunglasses Lens Anti UV 400 Anti Silau Bentuk Bulat Stylish High Quality TR90+Metal Fashion Vintage Unisex 9383X,Rp99.000,99000.0
aksesoris-pria,Seeouo Sunglasses Polarized UV 400 Protection Anti Silau Lens Style Kotak Metal+TR90 Kokoh Ringan Simple Fashionable Praktis Pria Wanita 8634,Rp449.000,449000.0
aksesoris-pria,Grey Jack Kacamata Hitam Sunglassses Anti UV400 Protection Model Aviator Kotak Bahan Metal Fashion Laki-laki dan Wanita 31949,Rp199.000,199000.0
aksesoris-pria,Lombardi Giovanni - Ikat Pinggang Kulit Pria - Automatic Belt Dalio - Belt Pria,Rp405.420,405420.0
aksesoris-pria,CHAZANDCO Frame Kacamata Photocromic Anti Radiasi Blueray Pria Wanita Pria Kecamata 2 in 1 Besi Wanita fashion terbaru korean style Bluecromic Gaya Potocromic anti radiasi cewek silinder normal -1.00/-2.00/-3.00/-4.00/-5.00/-6.00,Rp129.000,129000.0
aksesoris-pria,Grey Jack Kacamata Sunglasses Polarized Kotak Anti Silau UV400 Bahan Metal Ringan Fashionable 5014,Rp129.000,129000.0
aksesoris-pria,Giordano Kacamata Unisex GOLD S GD GA90292 04 58,Rp408.000,408000.0
aksesoris-pria,KODAK Rx 1.56 Asph UVBlue Clean N CleAR,Rp870.000,870000.0
aksesoris-pria,Grey Jack Kacamata Antiradiasi Blueray Bulat TR90+Acetate Ringan Fashion Pria Wanita Bisa Minus Simple 31108,Rp899.000,899000.0
aksesoris-pria,KACAMATA ANTIRADIASI / PHOTOCHROMIC /Minus Pria DUBLIN,Rp147.510,147510.0
aksesoris-pria,Polaroid Kacamata Pria Green S PO PLD2109 4C3M9,Rp1.079.500,1079500.0
aksesoris-pria,Grey Jack Lensa Essilor Elements Transisi Indoor & Outdoor Protection,Rp610.000,610000.0
aksesoris-pria,Ikat Pinggang Pria / Sabuk / Gesper Pria Tali Dari Kanvas Kerja,Rp56.980,56980.0
aksesoris-pria,Grey Jack Frame Kacamata Titanium Aviator Kotak Ringan dan Kokoh 2216,Rp2.500.000,2500000.0
aksesoris-pria,QINA Kacamata Pria F QI QJ7125 B15 50,Rp586.500,586500.0
aksesoris-pria,XENON Size-M Sarung Tangan Latex Karet Kuning Cuci Piring Household Safety Gloves,Rp14.000,14000.0
aksesoris-pria,AWMN Ikat Pinggang Canvas Army Metal - AW26 Gesper Kanvas,Rp47.500,47500.0
aksesoris-pria,Barley Division Belt Rizer Black,Rp73.000,73000.0
aksesoris-pria,Ixoora Attila - Frame Kacamata Minus Photocromic Photochromic Anti Radiasi Pria Wanita Blueray Sinar Biru Bluecromic Bluechromic Bluedrive Progresif One Drive Baca Jalan,Rp105.000,105000.0
aksesoris-pria,RAY-BAN | RB3663 004/71 | Global | Kacamata Hitam | 60mm,Rp3.051.000,3051000.0
aksesoris-pria,Tali Ikat Pinggang Belt Golf Kulit Asli WJD-SW02 #SPOT GOODS#,Rp480.000,480000.0
aksesoris-pria,Ixoora Vergie - Frame Kacamata Minus Photocromic Photochromic Anti Radiasi Pria Wanita Blueray Sinar Biru Bluecromic Bluechromic Bluedrive Progresif One Drive Baca Jalan,Rp125.000,125000.0
aksesoris-pria,MIGHTY kacamata hitam Pria -MICHIGAN LEOPARD SUNGLASS,Rp296.010,296010.0
aksesoris-pria,Rexs Belt - Ikat Pinggang Kulit Asli Hitam Coklat Sabuk Kulit Full Up Gesper Kulit Leather Belt | Pria Wanita,Rp300.000,300000.0
aksesoris-pria,MIGHTY kacamata hitam Pria - OTTO BLACK SUNGLASS,Rp296.010,296010.0
aksesoris-pria,Grey Jack Lensa Essilor Elements Minus Plus Cyl Transisi Indoor & Outdoor Protection,Rp610.000,610000.0
aksesoris-pria,Kacamata Minus Metal PC Bulat Anti Radiasi Pria Wanita - IOOI 4689,Rp79.000,79000.0
aksesoris-pria,Grey Jack Kacamata Clip On 2in1 Polarized Bahan TR90+METAL Model Cat Eye Kotak Fashionble Wanita Bisa Minus 3201,Rp799.000,799000.0
aksesoris-pria,Grey Jack Kacamata ClipOn Free 3 lens Polarized Style Kotak New 80011,Rp899.000,899000.0
aksesoris-pria,Puma Kacamata Pria F P# PE0089O 007 54,Rp1.032.750,1032750.0
aksesoris-pria,AWMN Ikat Pinggang Canvas Army Metal Multicolor - AW21 Gesper Kanvas,Rp43.999,43999.0
aksesoris-pria,POLAROID KACAMATA UNISEX S PO PLD6171S J5GUC,Rp1.079.500,1079500.0
aksesoris-pria,RAY-BAN CARAVAN | RB3136 181 | Global Fitting | Kacamata Hitam | 58mm,Rp3.410.000,3410000.0
aksesoris-pria,Nike Kacamata Pria F NK 7162LB 217 51,Rp1.950.750,1950750.0
aksesoris-pria,Grey Jack Kacamata Hitam Sunglasses Perlindungan Anti U400 Model Kotak Stylish Bahan TR90 Ringan Fashion Laki-laki dan Wanita UV 58227,Rp179.000,179000.0
aksesoris-pria,Grey Jack Kacamata Clip On 3in1 Lens Polarized Night Drive Bahan Metal+TR Ringan Kokoh Bisa Minus Antiradiasi Blueray Photocromic Bluecromic 8135 Perempuan Laki-laki,Rp179.000,179000.0
aksesoris-pria,Ixoora Vergie - Frame Kacamata Minus Photocromic Photochromic Anti Radiasi Pria Wanita Blueray Sinar Biru Bluecromic Bluechromic Bluedrive Progresif One Drive Baca Jalan,Rp125.000,125000.0
aksesoris-pria,KACAMATA ANTIRADIASI / PHOTOCHROMIC /Minus Pria DUBLIN,Rp147.510,147510.0
aksesoris-pria,Grey Jack Kacamata Clip On 2in1 Model Oval Bahan Metal Fashion Pria Wanita Free Polarized Lens Bisa Minus 7035,Rp669.000,669000.0
aksesoris-pria,GIORDANO KACAMATA F GD GA03803 10 52,Rp821.750,821750.0
aksesoris-pria,GIORDANO KACAMATA F GD GA03582 21 48,Rp798.000,798000.0
aksesoris-pria,Grey Jack Kacamata Model Kotak Half Frame Bahan Titanium IP Bisnis Pria dan Wanita Bisa Minus Lensa Plano 88119,Rp339.000,339000.0
aksesoris-pria,Grey Jack Kacamata Clip On 2in1 Free Lens Polarized Model Kotal Bahan TR90+Metal Fashion Pria Wanita Bisa Minus 2187,Rp559.000,559000.0
aksesoris-pria,Houseofcuff Light Blue Pocket Square,Rp75.000,75000.0
aksesoris-pria,MIGHTY Kacamata PhotoChromic AntiRadiasi BlueRay Kotak Pria SAN ANTONIO BROWN,Rp296.010,296010.0
aksesoris-pria,AWMN Ikat Pinggang Canvas Army Metal - AW26 Gesper Kanvas,Rp47.500,47500.0
aksesoris-pria,KACAMATA BLUERAY & ANTIRADIASI - KATEY DOFF - Kacamata Minus Pria,Rp147.510,147510.0
aksesoris-pria,SABUK IKAT PINGGANG BELT STUD PUNK PRIA WANITA HITAM FRIDAY KILLER | TREKOOL,Rp224.000,224000.0
aksesoris-pria,Grey Jack Kacamata Hitam fashion Pria dan Wanita Polarized 1240,Rp299.000,299000.0
aksesoris-pria,Rexs Belt - Ikat Pinggang Kulit Asli Hitam Coklat Sabuk Kulit Full Up Gesper Kulit Leather Belt | Pria Wanita,Rp300.000,300000.0
aksesoris-pria,MIGHTY kacamata hitam Pria - OTTO BLACK SUNGLASS,Rp296.010,296010.0
aksesoris-pria,Grey Jack Lensa Essilor Elements Minus Plus Cyl Transisi Indoor & Outdoor Protection,Rp610.000,610000.0
aksesoris-pria,Kacamata Minus Metal PC Bulat Anti Radiasi Pria Wanita - IOOI 4689,Rp79.000,79000.0
aksesoris-pria,Grey Jack Kacamata Clip On 2in1 Polarized Bahan TR90+METAL Model Cat Eye Kotak Fashionble Wanita Bisa Minus 3201,Rp799.000,799000.0
aksesoris-pria,GIORDANO Kacamata Unisex F GD GA01418 60 51,Rp714.000,714000.0
aksesoris-pria,Grey Jack Kacamata Blueray Clip On 2in1 Polarized Bahan TR90+METAL Model Kotak Keren Fashionble Pria Wanita Bisa Minus 2236,Rp179.000,179000.0
aksesoris-pria,Viendo Kacamata Frame Hitam Wanita Pria Cowok Korea Gaya Keran Elastik TR90 Anti Sinar Matahari UV400 Kaca Mata Optik-17 Dewasa Lensa Perempuan Eyewear Sunglasses,Rp159.000,159000.0
aksesoris-pria,Grey Jack Frame Kacamata Model Kotak Bahan Titanium Ringan Kokoh Fashionble Bisnis Pria Wanita Bisa Minus 1821,Rp779.000,779000.0
aksesoris-pria,Grey Jack Kacamata Anak Sunglasses Polarized Anti UV400 Bahan TR90 Kotak Ringan & Lentur Anak Laki Laki dan Perempuan 1006,Rp299.000,299000.0
aksesoris-pria,Kacamata Frame Kotak Skena PC Ringan Lensa Hitam Sunglasses Perlindungan UV400 Outdoor Fashion Modis Gaya Korea Eyewear Pria Wanita IOOI 9873 Sun,Rp129.000,129000.0
aksesoris-pria,Grey Jack Kacamata Sunglasses Polarized Model Aviator Tr+Metal 3088,Rp699.000,699000.0
aksesoris-pria,Grey Jack Kacamata Clip On Polarized Anti UV400 2in1 Bahan TR90 Model Kotak Bisa Minus Antiradiasi Blueray Photocromic Bluecromic 9009,Rp129.000,129000.0
aksesoris-pria,Grey Jack Kacamata Sunglasses Polarized Photocromic 2in1 Model Aviator Kotak TR90 Transisi Anti Silau UV400 3123,Rp699.000,699000.0
aksesoris-pria,Lensa Hitam Sunglasses ( index 1.56 Min / Plus / Silinder).Satu Pasang,Rp399.000,399000.0
aksesoris-pria,Breakside Belt Laning - Cream Sabuk Pria,Rp94.000,94000.0
aksesoris-pria,Grey Jack Kacamata Antiradiasi Blueray Bahan Metal Model Aviator Retro Style Pria dan Wanita Klasik Keren Bisa Minus New 9012 X,Rp559.000,559000.0
aksesoris-pria,Polaroid Kacamata Unisex S PO PLD 6211SX PEFC3,Rp1.351.500,1351500.0
aksesoris-pria,Molsion Kacamata Pria F MP MJ7357 B70 53,Rp1.311.000,1311000.0
aksesoris-pria,Grey Jack Kacamata Sunglasses Polarized Model Kotak Bold Bahan TR90 Style Pria Wanita Anti Silau UV400 TR90 2981 X,Rp199.000,199000.0
aksesoris-pria,(TGS) Ikat Pinggang Polo Hiero 039 Sabuk Pinggang Pria Belt Kulit,Rp155.000,155000.0
aksesoris-pria,Hugo Thorch - Ikat Pinggang Pria Kulit - 569-44,Rp339.000,339000.0
aksesoris-pria,Kab. Tangerang,Rp242.000,242000.0
aksesoris-pria,Grey Jack Kacamata Hitam Sunglasses Polarized Anti Silau UV400 Acetate Ringan Model Oval Cat Eye Fashion Wanita Korean Style 58248,Rp225.000,225000.0
aksesoris-pria,zonakacamata - Frame Kacamata Fashion Pria/Wanita - The Classic Kana Sage Mix,Rp590.000,590000.0
aksesoris-pria,MIGHTY Kacamata PhotoChromic AntiRadiasi BlueRay Kotak Pria MARCO BLACK GLOSSY Kilap,Rp296.010,296010.0
aksesoris-pria,Lensa Kacamata Minus/Silinder Polycore FSV 1.59 SP LiteAir U-Blue SUP,Rp599.000,599000.0
aksesoris-pria,Mollucas - The Experimental - Kakaban Midnight - Gratis Lensa Minus/Plus/Silinder Anti Radiasi - Kacamata Pria/Wanita Elegan Eyewear Elegan Eyewear Frame Glasses,Rp980.100,980100.0
aksesoris-pria,Kacamata Clip On Pria Wanita Polarized Anti Blueray Sson Tvte CG8802,Rp299.000,299000.0
aksesoris-pria,Kacamata Hitam Bulat Sunglasses Modern Trend Polarized Sson Tvte C3816,Rp159.000,159000.0
aksesoris-pria,Kacamata Goodr RunningSunglasses BFG Mint Julep Electroshocks,Rp649.000,649000.0
aksesoris-pria,Oemah Etnik Black Biu Batik Obi,Rp369.000,369000.0
aksesoris-pria,Grey Jack Kacamata Sunglasses Anti Silau Uv400 Polarized Model Sporty Bahan Alumunium Magnesium Style Keren Fashion Pria 6588,Rp279.000,279000.0
aksesoris-pria,Grey Jack Kacamata Frame Model Kotak Titanium Fashion Bisnis Class Keren Ringan Kokoh Pria Bisa Minus 20246,Rp1.200.000,1200000.0
aksesoris-pria,Grey Jack Kacamata Sunglasses Antiradiasi Photocromic Anti UV Anti Silau Model Aviator Bahan Metal Fashion Wanita 31494,Rp279.000,279000.0
aksesoris-pria,(Beli 1 Minus Dapat Ganci Obeng) Kacamata Vior Minus Antiradiasi Sinar Biru Blueray Pria Wanita Unisex Eyewear Frame Glasses,Rp172.500,172500.0
aksesoris-pria,Sarung Tangan Hikemore Riding Gloves Leather 01 Pria Wanita,Rp115.000,115000.0
aksesoris-pria,Kacamata Hitam Sunglasses Frame Aviator Polarized Rainbow Multicolor Berrybarton 8738,Rp129.000,129000.0
aksesoris-pria,Kacamata Goodr Running Sunglasses OGS IT'S TUESDAY SOMEWHERE,Rp499.000,499000.0
aksesoris-pria,Goodr Running Sunglasses RUNWAY FLAMINGO EYE Gopher a Flamingo!,Rp649.000,649000.0
aksesoris-pria,Grey Jack kacamata polarized anti uv fashion pria terbaru 1199,Rp179.000,179000.0
aksesoris-pria,Grey Jack Sunglasses Polarized Anti Silau UV400 Kotak TR90 Trendy 501,Rp129.000,129000.0
aksesoris-pria,Mollucas - Bengkulu Black - Memory Titanium Series - Gratis Lensa Minus/Plus/Silinder Anti Radiasi - Kacamata Pria/Wanita,Rp863.300,863300.0
aksesoris-pria,Kacamata Minus Titanium Anti Blueray Bulat Stylish Pria Wanita - IOOI 5011 Titan,Rp99.000,99000.0
aksesoris-pria,Kacamata Unisex PORSCHE DESIGN S PH P8478 M 66,Rp7.205.000,7205000.0
aksesoris-pria,Bloods Series Scarf Bandana Felon Black,Rp45.000,45000.0
aksesoris-pria,Ixoora Derren - Frame Kacamata Minus Photocromic Photochromic Anti Radiasi Pria Wanita Blueray Sinar Biru Bluecromic Bluechromic Bluedrive Progresif One Drive Baca Jalan,Rp125.000,125000.0
aksesoris-pria,RAY-BAN CARAVAN | RB3136 181 | Global Fitting | Kacamata Hitam | 58mm,Rp3.410.000,3410000.0
aksesoris-pria,Nike Kacamata Unisex BROWN F NK 6079AF 201 54,Rp2.176.000,2176000.0
aksesoris-pria,Grey Jack Frame Kacamata Titanium Ringan Style Bisnis Vintage Kokoh Fashion Pria Wanita Bisa Minus Antiradiasi Blueray Bluecromic 9717,Rp999.000,999000.0
aksesoris-pria,HSF Eyewear Kyo Black | Frame Kacamata Pria dan Wanita,Rp412.500,412500.0
aksesoris-pria,Grey Jack Frame Kacamata Model Half Bahan Titanium Ringan Fashion Pria Wanita Bisa Minus Style Bisnis 58010,Rp899.000,899000.0
aksesoris-pria,Grey Jack Kacamata Hitam Sunglasses Polarized Anti Silau UV400 Model Kotak TR90+Acetate Fashion Laki-laki dan Wanita 2523,Rp159.000,159000.0
aksesoris-pria,Grey Jack Kacamata Hitam Sunglasses Anti UV400 Polarized Bahan TR90 Model Kotak Oversize Fashion Pria & Wanita 31105,Rp279.000,279000.0
aksesoris-pria,Kacamata / Glasses Exorion 011 Arei Outdoorgear,Rp299.000,299000.0
aksesoris-pria,Hugo Thorch - Ikat Pinggang Pria Kulit - Circle Series,Rp399.000,399000.0
aksesoris-pria,EIGER ROMSDAL SCARF 1989 1.0,Rp208.050,208050.0
aksesoris-pria,"[KHAZER] (Gratis Stiker, Gantungan Kunci, Tas Totebag ) HAND GLOVES LEATHER BLACK HALF FINGER SARUNG TANGAN MOTOR PRIA / sarung tangan motor half finger sarung tangan pria dewasa",Rp166.000,166000.0
aksesoris-pria,Grey Jack Frame Kacamata Bentuk Kotak Sport TR90 Ringan dan Berpegas Bisa Minus Antiradiasi Blueray Photocromic Bluecromic 8106,Rp129.000,129000.0
aksesoris-pria,EIGER LIGERO FULL GLOVES RIDING,Rp170.050,170050.0
aksesoris-pria,Grey Jack Frame Kacamata Half Rim Fashion Bisnis Keren Pria Bisa Minus Antiradiasi Blueray Bluecromic 34080,Rp599.000,599000.0
aksesoris-pria,Grey Jack Kacamata Model Kotak Half Frame Bahan Titanium IP Bisnis Pria dan Wanita Bisa Minus Lensa Plano 88119,Rp339.000,339000.0
aksesoris-pria,Grey Jack Kacamata Clip On 2in1 Model Oval Bahan Metal Fashion Pria Wanita Free Polarized Lens Bisa Minus 7035,Rp669.000,669000.0
aksesoris-pria,Grey Jack Kacamata Clip On 2in1 Free Lens Polarized Model Kotal Bahan TR90+Metal Fashion Pria Wanita Bisa Minus 2187,Rp559.000,559000.0
aksesoris-pria,RAY-BAN | RB4441D 677973 | Kacamata Hitam | 53mm,Rp2.218.500,2218500.0
aksesoris-pria,GIORDANO KACAMATA F GD GA03582 21 48,Rp798.000,798000.0
aksesoris-pria,OAKLEY FROGSKINS (A) | OO9245 924563 | Full Fit | Kacamata Hitam | 54m,Rp2.890.000,2890000.0
aksesoris-pria,Grey Jack Frame Kacamata Titanium Kotak Fashionable Unisex 95013x,Rp999.000,999000.0
aksesoris-pria,Grey Jack Kacamata Antiradiasi Blueray Bulat Titanium Style Simple Kokoh Ringan Pria Wanita Bisa Minus 913,Rp999.000,999000.0
aksesoris-pria,Grey Jack Kacamata Clip On Pria dan Wanita Anti Radiasi Free 3 Lensa Polarized Model Aviators Dengan Bahan Metal Stylish 8150,Rp899.000,899000.0
aksesoris-pria,GIORDANO KACAMATA F GD GA03803 10 52,Rp821.750,821750.0
aksesoris-pria,Houseofcuff Light Blue Pocket Square,Rp75.000,75000.0
aksesoris-pria,MIGHTY Kacamata PhotoChromic AntiRadiasi BlueRay Kotak Pria SAN ANTONIO BROWN,Rp296.010,296010.0
aksesoris-pria,KACAMATA BLUERAY & ANTIRADIASI - KATEY DOFF - Kacamata Minus Pria,Rp147.510,147510.0
aksesoris-pria,KACAMATA PHOTOCHROMIC ANTIRADIASI BENJAMIN BLACK Kotak Pria minus plus,Rp147.510,147510.0
aksesoris-pria,ZHON ARMY - Feldt Belt - Hijau Army Ikat Pinggang Tactical Krem-Beige,Rp99.500,99500.0
aksesoris-pria,SABUK IKAT PINGGANG BELT STUD PUNK PRIA WANITA HITAM FRIDAY KILLER | TREKOOL,Rp224.000,224000.0
aksesoris-pria,Grey Jack Kacamata Hitam fashion Pria dan Wanita Polarized 1240,Rp299.000,299000.0
aksesoris-pria,Grey Jack Kacamata Hitam Sunglasses Perlindungan Anti U400 Model Kotak Stylish Bahan TR90 Ringan Fashion Laki-laki dan Wanita UV 58227,Rp179.000,179000.0
aksesoris-pria,Nike Kacamata Pria F NK 7162LB 217 51,Rp1.950.750,1950750.0
aksesoris-pria,Grey Jack Kacamata Clip On 3in1 Lens Polarized Night Drive Bahan Metal+TR Ringan Kokoh Bisa Minus Antiradiasi Blueray Photocromic Bluecromic 8135 Perempuan Laki-laki,Rp179.000,179000.0
aksesoris-pria,Sunset Eyewear - Frame Kacamata Optical - SG 3669 C2,Rp80.000,80000.0
aksesoris-pria,Sunset Eyewear - Frame Kacamata Optical - TR90 6029 C3,Rp80.000,80000.0
aksesoris-pria,Sunset Eyewear - Kacamata Hitam Sunglasses - SG 3691 C1,Rp80.000,80000.0
aksesoris-pria,HSF Eyewear Vela - Clip On | The Signature Collection | Frame Kacamata Wanita,Rp799.900,799900.0
aksesoris-pria,Sunset Eyewear - Kacamata Hitam Sunglasses - SG 3809 C1,Rp80.000,80000.0
aksesoris-pria,Gesper Tactical ENNIU Ikat Pinggang - Hitam,Rp155.000,155000.0
aksesoris-pria,TARGET MILITARY - Gesper Tactical Metal Nylon Ikat Pinggang,Rp165.000,165000.0
aksesoris-pria,zonakacamata - Frame Kacamata Fashion Pria/Wanita - Clip On Luna Candy,Rp640.000,640000.0
aksesoris-pria,UNIVERSAL TRAVELLER SKI GLOVES GVS24108,Rp531.000,531000.0
aksesoris-pria,KACAMATAMOO - Frame Kacamata Clip On CO1012,Rp300.000,300000.0
aksesoris-pria,Bruno Cavalli Ikat Pinggang Pria SIMs 9.0 Bahan Kulit Asli - Men Belt Gesper Bingkai Gesper Kotak Laki-laki,Rp215.000,215000.0
aksesoris-pria,Kacamata Hitam Lipat Sunglasses Polarized Modern Stylish Kotak TR Pria Wanita Premium Sson Tvte TR7530,Rp179.000,179000.0
aksesoris-pria,Grey Jack Frame Kacamata Model Kotak Half Frame Bahan Titanium Ringan Kokoh Fashion Bisnis Pria Wanita Bisa Minus 7048,Rp999.000,999000.0
aksesoris-pria,Kacmata Lensa Minus Photocromic Pria Wanita Kotak Sson Tvte 8344,Rp99.000,99000.0
aksesoris-pria,Kacamata Lensa Minus Photocromic Anti Blueray Kotak Pria Wanita TR Titanium Sson Tvte T18929,Rp369.000,369000.0
aksesoris-pria,Grey Jack Frame Kacamata Model Cat Eye Modis Ringan TR90 Kokoh Bisa Minus Antiradiasi Blueray Photocromic Bluecromic TR 2012,Rp129.000,129000.0
aksesoris-pria,Ray Ban Meta Wayfarer 2023 New Generation Smart Glasses Black/Green,Rp8.434.000,8434000.0
aksesoris-pria,(TGS) Ikat Pinggang Polo Hiero 216 Sabuk Pinggang Pria Belt,Rp175.000,175000.0
aksesoris-pria,Obermain Viera Ladies L Pin Pria 02,Rp119.950,119950.0
aksesoris-pria,Urban State - Matte Modern Pin Buckle Reversible Top Grain Leather Belt - Black Brown,Rp328.900,328900.0
aksesoris-pria,Urban State - Black Modern Pin Buckle Reversible Top Grain Leather Belt - Black Blue,Rp598.000,598000.0
aksesoris-pria,Grey Jack Antiradiasi Blueray Kacamata Style Oval Bahan TR90 Ringan Lentur Pria Dan Wanita 01150,Rp129.000,129000.0
aksesoris-pria,Grey Jack Kacamata Antiradiasi Blueray TR90+METAL Model Aviator Stylish Pria Wanita Bisa Lensa Minus Antiradiasi Blueray Bluecromic 71069,Rp279.000,279000.0
aksesoris-pria,Grey Jack Kacamata Sunglasses Polarized Kotak Anti Silau UV400 Bahan Tr90 Ringan Pria Wanita Fashionable 11109,Rp699.000,699000.0
aksesoris-pria,Grey Jack Kacamata Hitam Sunglasses Polarized Anti Silau UV400 Model Kotak TR90+Acetate Fashion Laki-laki dan Wanita 2526,Rp599.000,599000.0
aksesoris-pria,Kacamata Kotak Modern Classy Lensa Minus Pria Wanita Sson Tvte 15214T,Rp659.000,659000.0
aksesoris-pria,Mollucas - Aru Gel Turtle - Gratis Lensa Minus/Plus/Silinder Anti Radiasi - Kacamata Pria/Wanita Frame Glasses Eyewear Wanita,Rp990.000,990000.0
aksesoris-pria,Grey Jack Kacamata Blueray Clip On 2in1 Polarized Bahan TR90+METAL Model Oval Keren Fashionble Pria Wanita Bisa Minus 3005x,Rp229.000,229000.0
aksesoris-pria,Kacamata Unisex PORSCHE DESIGN S PH P8478 M 66,Rp7.205.000,7205000.0
aksesoris-pria,Bloods Series Scarf Bandana Felon Black,Rp45.000,45000.0
aksesoris-pria,Ixoora Derren - Frame Kacamata Minus Photocromic Photochromic Anti Radiasi Pria Wanita Blueray Sinar Biru Bluecromic Bluechromic Bluedrive Progresif One Drive Baca Jalan,Rp125.000,125000.0
aksesoris-pria,RAY-BAN CARAVAN | RB3136 181 | Global Fitting | Kacamata Hitam | 58mm,Rp3.410.000,3410000.0
aksesoris-pria,Nike Kacamata Unisex BROWN F NK 6079AF 201 54,Rp2.176.000,2176000.0
aksesoris-pria,Seeouo Kacamata Fashionable Sunglasses Lensa Hitam Polarized Anti UV 400 Anti Silau Frame Kotak Acetate Asian Fit 8301X,Rp166.000,166000.0
aksesoris-pria,"Seeouo Sunglasses Bentuk Kotak Sport Anti UV Protection Frame TR90 Kacamata Bersepedah, Golf, Mendaki Gunung Anti SIlau Matahari 1052",Rp88.000,88000.0
aksesoris-pria,Seeouo Sunglasses Polarized Kacamata Sport Style Anti UV Anti Silau TR90 Ringan Fashion Pria Wanita Running 3058,Rp128.000,128000.0
aksesoris-pria,Seeouo Kacamata Bahan Titanium Frame High Quality Ringan Design Kotak Simple Style Unisex Pria dan Wanita Lensa Bisa Minus 70014,Rp699.000,699000.0
aksesoris-pria,Seeouo Kacamata Sunglasses Polarized Lensa Hitam Anti Silau UV 400 Protection Style Unisex Kotak 7018X,Rp449.000,449000.0
aksesoris-pria,Seeouo Kacamata Antiradiasi Blueray Kotak TR90+Metal Pria Wanita 8310,Rp399.000,399000.0
aksesoris-pria,Seeouo Frame Kacamata ClipOn 2in1 Polarized Model Oval TR90+Metal 2186,Rp499.000,499000.0
aksesoris-pria,Seeouo Frame Clip On 3in1 Bahan Titanium Lensa Polarized Night Vision Model Kotak Half Rim Stylish Bisa Minus Fashionable 8519,Rp999.000,999000.0
aksesoris-pria,Seeouo Kacamata Photocromic Polarized Lens 2in1 Style Glasses Unisex Elegant Frame Bahan Metal Sunglasses Aviator 8692,Rp499.000,499000.0
aksesoris-pria,Seeouo LENSA PROGRESIF | (ADD SPH),Rp246.000,246000.0
aksesoris-pria,Seeouo Kacamata Bentuk Bulat Anti Radiasi Blueray TR90 Ringan Bisa Minus Pria wanita 8382,Rp399.000,399000.0
aksesoris-pria,Seeouo Frame Kacamata Titanium Aviator Fashion Pria Dan Wanita 98434,Rp799.000,799000.0
aksesoris-pria,zonakacamata - The Designer - Soerabaja Midnight - Gratis Lensa Minus/Plus/Silinder Anti Radiasi - Kacamata Pria/Wanita,Rp1.690.000,1690000.0
aksesoris-pria,Houseofcuff ikat pinggang kulit rail hitam belt RL03,Rp99.000,99000.0
aksesoris-pria,Mollucas - Aru Gel Turtle - Gratis Lensa Minus/Plus/Silinder Anti Radiasi - Kacamata Pria/Wanita Frame Glasses Eyewear Wanita,Rp990.000,990000.0
aksesoris-pria,Grey Jack Kacamata Blueray Clip On 2in1 Polarized Bahan TR90+METAL Model Oval Keren Fashionble Pria Wanita Bisa Minus 3005x,Rp229.000,229000.0
aksesoris-pria,Grey Jack Kacamata Sunglasses Polarized Kotak Anti Silau UV400 Bahan Tr90 Ringan Pria Wanita Fashionable 11109,Rp699.000,699000.0
aksesoris-pria,Kacamata Kotak Modern Classy Lensa Minus Pria Wanita Sson Tvte 15214T,Rp659.000,659000.0
aksesoris-pria,Grey Jack Kacamata Hitam Sunglasses Polarized Anti Silau UV400 Model Kotak TR90+Acetate Fashion Laki-laki dan Wanita 2526,Rp599.000,599000.0
aksesoris-pria,OPTIK SEIS - XYZ TR99023 s49,Rp590.000,590000.0
aksesoris-pria,Mollucas - Pangandaran Peanut - Gratis Lensa Minus/Plus/Silinder Anti Radiasi - Kacamata Pria/Wanita Frame Eyewear,Rp980.100,980100.0
aksesoris-pria,OPTIK SEIS - XYZ KBT98C51 C1 s47,Rp590.000,590000.0
aksesoris-pria,OPTIK SEIS - XYZ 6506-2 s52,Rp590.000,590000.0
aksesoris-pria,SARUNG TANGAN KARET TEBAL PANJANG 32 CM Plastic,Rp26.036,26036.0
aksesoris-pria,Nike Kacamata Pria Blue F NK 7137AF 402 56,Rp1.474.750,1474750.0
aksesoris-pria,Giordano Kacamata Unisex Purple F GD GA02613 82 54,Rp663.000,663000.0
aksesoris-pria,OAKLEY Centerboard A | OX8163F 816303 | Full Fit | Kacamata | 42mm,Rp2.460.000,2460000.0
aksesoris-pria,Grey Jack Kacamata Bentuk Kotak Model Bold Ringan Bahan TR90 9102,Rp699.000,699000.0
aksesoris-pria,MIGHTY Kacamata PhotoChromic AntiRadiasi Bulat Pria - Troy Leopard,Rp296.010,296010.0
aksesoris-pria,MIGHTY - KACAMATA PHOTOCHROMIC BLUERAY ANTIRADIASI - MR ASHLEY Pria,Rp147.510,147510.0
aksesoris-pria,RAY-BAN POLARIZED | RB4333D 601/9A | Asian Fit | Kacamata Hitam | 55mm,Rp2.703.000,2703000.0
aksesoris-pria,Ikat Pinggang Pria Sabuk Belt Gesper Cowok Canvas Footage SBK-01,Rp55.000,55000.0
aksesoris-pria,Sabuk Haji Umroh Pria Premium | Belt Ihram Ada Saku | Sabuk Ihram Anti Lepas | Nyaman Ringan Ukuran S-XXL,Rp78.818,78818.0
aksesoris-pria,MOLSION KACAMATA PRIA F MP MJ6171 B12 50,Rp1.296.750,1296750.0
aksesoris-pria,LIBBY Saputangan/Selampai/Lap Motif Unisex (1 pcs) | Zany TreeTops | Hazel Glaze | Lively Vibes | Camp Venture | Playtime Stories | Glowy Pals | Forest Mingle | Work Zone | Hunter Dreamland | Precious Venture | WOW Vibes | Bedtime Valley,Rp13.800,13800.0
aksesoris-pria,Grey Jack Kacamata Sunglasses Polarized Model Kotak Sporty Anti Silau UV400 TR90 Fashionable Olahraga Ringan 5854,Rp179.000,179000.0
aksesoris-pria,Frame Kacamata Pria/Wanita Minus zonakacamata Oldies G90-153 Silver,Rp390.000,390000.0
aksesoris-pria,Lensa Kodak Rx. 1.50 Polarized,Rp1.949.000,1949000.0
aksesoris-pria,Grey Jack Frame Kacamata Model Oval Titanium IP Fashion Pria Wanita Ringan Bisa Minus Antiradiasi Blueray Bluecromic 13003,Rp899.000,899000.0
aksesoris-pria,KODAK Rx. 1.50 Polarized,Rp1.620.000,1620000.0
aksesoris-pria,Grey Jack Kacamata Sunglasses Polarized Anti UV 400 dan Anti Silau Kotak Bold Aesthetic Bahan TR90+Acetate Fashionble Keren Pria dan Wanita New 8303x,Rp159.000,159000.0
aksesoris-pria,Grey Jack Kacamata Hitam Sunglasses Korean Style Polarized Anti Silau UV400 Kotak Pria Wanita Bahan TR90 Terbaru LOCELL 221,Rp99.000,99000.0
aksesoris-pria,Kacamata Demodas DG2001 Cat Eye Lensa Photochromic Bluechromic Minus Normal Silinder Plastik Wanita,Rp264.000,264000.0
aksesoris-pria,Hush Puppies Ikat Pinggang Pria BARNEY FLAT CLIP R Khaki HPA10078KK,Rp509.500,509500.0
aksesoris-pria,Grey Jack Kacamata Sunglasses Polarized Anti Silau UV400 Kotak 1904 X,Rp799.000,799000.0
aksesoris-pria,Grey Jack Kacamata Hitam Sunglasses Anti Silau UV400 Polarized Model Aviator Alumunium Magnesium Fashion Pilot Fashion Laki-laki dan Wanita 161,Rp159.000,159000.0
aksesoris-pria,Grey Jack Frame Kacamata Tr90 Sport Model Oval Adjustable Unisex 1626,Rp399.000,399000.0
aksesoris-pria,Mollucas - Banda Neira Ginger - Gratis Lensa Minus/Plus/Silinder Anti Radiasi - Kacamata Pria/Wanita Elegan Eyewear,Rp1.490.000,1490000.0
aksesoris-pria,Kacamata Kotak Anti Radiasi Blueray Photocromic Minus Baca Frame Fashion Casual Pria Wanita Berrybarton 23026,Rp113.200,113200.0
aksesoris-pria,Grey Jack Kacamata Sunglasses Hitam Anti UV Protection Bahan TR90 Ringan Style Kotak Fashion Pria & Wanita 3293,Rp129.000,129000.0
aksesoris-pria,Grey Jack Kacamata Sunglasses Polarized Photocromic 2in1 Anti Silau UV400 Model Aviator Oval Fashion Pria Wanita 545...................................,Rp199.000,199000.0
aksesoris-pria,HSF Eyewear Grind | HSF x MOKLAR | Frame Kacamata Pria dan Wanita,Rp399.900,399900.0
aksesoris-pria,LUENX Kacamata Hitam Aviator Sunglasses for Men Women Polarized Driving Classic Shades - UV 400 Protection with Accessories 60MM Original Sunglasses 2610-4,Rp482.500,482500.0
aksesoris-pria,Kacamata Clip On Lensa Minus Anti Blueray Polarized Pria Wanita Sunglasses Round Metal Sson Tvte TP11106,Rp239.000,239000.0
aksesoris-pria,Kacamata Hitam Pria Wanita Sunglasses Aviator Polarized Sson Tvte 8776,Rp369.000,369000.0
aksesoris-pria,Kacamata Hitam Mengemudi Sunglasses Casual Polarized Aviator TR Metal Modis Fashion Pria Premium Sson Tvte P28071,Rp269.000,269000.0
aksesoris-pria,Sarung Tangan Riding Rigi Experts,Rp159.000,159000.0
aksesoris-pria,Mollucas - Muna Midnight - Gratis Lensa Minus/Plus/Silinder Anti Radiasi - Kacamata Pria/Wanita Eyewear Elegan,Rp940.500,940500.0
aksesoris-pria,Kacamata Hitam Pria Aviator Sunglasses Polarized Sson Tvte C1780,Rp159.000,159000.0
aksesoris-pria,Kacamata Lensa Minus Anti Blueray Kotak Pria Wanita Sson Tvte ST6912,Rp159.000,159000.0
aksesoris-pria,Puma Kacamata Pria F P# PE0089O 007 54,Rp1.032.750,1032750.0
aksesoris-pria,Grey Jack Earhook Penyangga Kacamata Bahan Silicone Penahan Tangkai Kacamata Lembut Model Unik E,Rp45.000,45000.0
aksesoris-pria,AWMN Ikat Pinggang Canvas Army Metal Multicolor - AW21 Gesper Kanvas,Rp43.999,43999.0
aksesoris-pria,Kacamata Pria/Wanita Mollucas Berlin Clr + Lensa Anti Radiasi Essilor,Rp890.000,890000.0
aksesoris-pria,Nike Kacamata Unisex BROWN F NK 6079AF 201 54,Rp2.176.000,2176000.0
aksesoris-pria,Grey Jack Kacamata Sunglasses Polarized Anti Silau UV400 Kotak 1904 X,Rp799.000,799000.0
aksesoris-pria,Hush Puppies Ikat Pinggang Pria BARNEY FLAT CLIP R Khaki HPA10078KK,Rp509.500,509500.0
aksesoris-pria,Mollucas - Banda Neira Ginger - Gratis Lensa Minus/Plus/Silinder Anti Radiasi - Kacamata Pria/Wanita Elegan Eyewear,Rp1.490.000,1490000.0
aksesoris-pria,Grey Jack Kacamata Sunglasses Hitam Anti UV Protection Bahan TR90 Ringan Style Kotak Fashion Pria & Wanita 3293,Rp129.000,129000.0
aksesoris-pria,Frame Kacamata Pria/Wanita Minus zonakacamata Oldies G90-153 Silver,Rp390.000,390000.0
aksesoris-pria,Kacamata Demodas DG2001 Cat Eye Lensa Photochromic Bluechromic Minus Normal Silinder Plastik Wanita,Rp264.000,264000.0
aksesoris-pria,Grey Jack Kacamata Sunglasses Polarized Model Kotak Sporty Anti Silau UV400 TR90 Fashionable Olahraga Ringan 5854,Rp179.000,179000.0
aksesoris-pria,Grey Jack Kacamata Sunglasses Polarized Photocromic 2in1 Anti Silau UV400 Model Aviator Oval Fashion Pria Wanita 545...................................,Rp199.000,199000.0
aksesoris-pria,Hugo Thorch - Ikat Pinggang Pria Kulit - 569-11,Rp349.000,349000.0
aksesoris-pria,HSF Eyewear Grind | HSF x MOKLAR | Frame Kacamata Pria dan Wanita,Rp399.900,399900.0
aksesoris-pria,Grey Jack Kacamata Clip On Polarized Anti UV400 2in1 Bahan TR90+Acetate Model Aviator Bisa Minus Antiradiasi Blueray Photocromic Bluecromic 104,Rp199.000,199000.0
aksesoris-pria,Coop Design - Foster Gesper Kulit Premium Ikat Pinggang Pria,Rp99.900,99900.0
aksesoris-pria,Kacamata Oval Hitam TR90 Lensa Anti UV Sinar Matahari Sunglasses Polarized Fashion Skena Stylish Eyewear Pria Wanita IOOI 813,Rp75.000,75000.0
aksesoris-pria,Grey Jack Kacamata Sunglasses Anti UV400 Polarized Kotak Aesthetic Model Korean Style Series,Rp225.000,225000.0
aksesoris-pria,Lensa Kacamata Minus/Silinder Polycore Polysoft Standard U-Blue 1.56,Rp1.656.000,1656000.0
aksesoris-pria,Ikat Pinggang Pria Koral Arei Outdoorgear,Rp125.000,125000.0
aksesoris-pria,Grey Jack Kacamata Clip On Polarized Anti UV400 3in1 Bahan Metal Model Kotak Browline Bisa Minus Antiradiasi Blueray Photocromic Bluecromic 7654,Rp279.000,279000.0
aksesoris-pria,Grey Jack Kacamata Sunglasses Polarized Foldable Anti UV / Anti Sialu Lipat Korean Style Terbaru Fashionable Unisex 7501,Rp159.000,159000.0
aksesoris-pria,Kacamata Hitam Pria Wanita Polarized Kotak Sunglasses Sson Tvte ST6902,Rp159.000,159000.0
aksesoris-pria,【Samphorid】Rice Nail Square Sunglasses Fashionable Small Frame Sunglasses Trendy Sunglasses,Rp39.899,39899.0
aksesoris-pria,Kacamata Hitam Sunglasses Anti UV400 Retro Aviator Pria Wanita - IOOI 1002Sun,Rp89.000,89000.0
aksesoris-pria,Urban State - Ironhide Pin Buckle Top Grain Leather Belt - Black,Rp361.900,361900.0
aksesoris-pria,Grey Jack Kacamata Antiradiasi Blueray Photocromic 2in1 Fashion Wanita Pria Kotak Bisa Minus Bahan TR90 Ringan 1037,Rp129.000,129000.0
aksesoris-pria,UNIVERSAL TRAVELLER BASIC WARM GLOVES GVW24210,Rp490.000,490000.0
aksesoris-pria,Ironclad - Sarung Tangan Touchscreen - Impact High Visibility,Rp659.000,659000.0
aksesoris-pria,KACAMATAMOO Premium - Lensa Bluechromic Transmatic 1.56 UV420 (Garansi 12bulan),Rp670.000,670000.0
aksesoris-pria,Berrybarton Kacamata Anti Radiasi Blueray Photocromic Minus Baca Frame Titanium Fashion Pria Wanita Model 2838 Bentuk Geometric Anti Blueray Normal & Photochromic Berubah Warna Gelap di Matahari,Rp129.000,129000.0
aksesoris-pria,Hugo Thorch - Ikat Pinggang Pria Kulit - Xernic,Rp429.000,429000.0
aksesoris-pria,Grey Jack Kacamata Sunglasses Polarized Anti UV400 Kotak Tr90 3010,Rp128.299,128299.0
aksesoris-pria,Bitzen Ikat Pinggang Pria Ganda Warna Gesper Berkualitas Nylon Sabuk Premium,Rp75.999,75999.0
aksesoris-pria,CHAZANDCO Kacamata Baca Plus Anti Radiasi Wanita UV400 Pria Korea Besi Terbaru Fashion Frame Cowok Komputer HP Anti Blueray Sinar Matahari Kaca Mata Optik +1.00 +1.50 +2.00 +2.50 +3.00 +3.50 +4.00 Wajah,Rp239.000,239000.0
aksesoris-pria,Grey Jack Kacamata Hitam Sunglasses Polarized Anti Silau UV400 Model Kotak Vintage Retro Keren Fashion Pria Wanita 3328,Rp129.000,129000.0
aksesoris-pria,IZIPIZI Kacamata Hitam Pria Wanita Sun #JOURNEY - Black Green Lenses Polarized,Rp1.500.000,1500000.0
aksesoris-pria,Ixoora Zesha - Frame Kacamata Minus Photocromic Photochromic Anti Radiasi Pria Wanita Blueray Sinar Biru Bluecromic Bluechromic Bluedrive Progresif One Drive Baca Jalan,Rp81.250,81250.0
aksesoris-pria,UNIVERSAL TRAVELLER SKI GLOVES GVS24112,Rp441.000,441000.0
aksesoris-pria,Sunset Eyewear - Lensa Kacamata Photochromic Grey Berubah Warna Minus / Plus / Cylinder,Rp195.000,195000.0
aksesoris-pria,Sunset Eyewear - Lensa Anti Radiasi Standard SV 1.56 High Range,Rp210.000,210000.0
aksesoris-pria,Obermain Susan Ladies Leather Pin Wanita 02,Rp108.950,108950.0
aksesoris-pria,LUENX Kacamata Hitam Aviator Sunglasses for Men Women Polarized Driving Classic Shades - UV 400 Protection with Accessories 60MM Original Sunglasses 2610-4,Rp482.500,482500.0
aksesoris-pria,Kacamata Demodas KD6324 Lensa Photochromic Bluechromic Minus Normal Silinder Plastik All Size Unisex,Rp264.000,264000.0
aksesoris-pria,Forester STF 06182 Sarung Tangan Olahraga - Sepeda Half Glove,Rp99.000,99000.0
aksesoris-pria,Converse Kacamata Unisex F CO MCV5076LB 001 52,Rp1.428.000,1428000.0
aksesoris-pria,Ixoora Felix - Frame Kacamata Minus Photocromic Photochromic Anti Radiasi Pria Wanita Blueray Sinar Biru Bluecromic Bluechromic Bluedrive Progresif One Drive Baca Jalan,Rp105.000,105000.0
aksesoris-pria,zonakacamata - Frame Kacamata Fashion Pria/Wanita - Clip On Sergio Jet,Rp640.000,640000.0
aksesoris-pria,Hugo Thorch - Ikat Pinggang Pria Kulit - Sein,Rp729.000,729000.0
aksesoris-pria,Kacamata Hitam Pria Aviator Sunglasses Polarized Sson Tvte C1780,Rp159.000,159000.0
aksesoris-pria,Kacamata Clip On Lensa Minus Anti Blueray Polarized Pria Wanita Sunglasses Round Metal Sson Tvte TP11106,Rp239.000,239000.0
aksesoris-pria,Kacamata Lensa Minus Anti Blueray Kotak Pria Wanita Sson Tvte ST6912,Rp159.000,159000.0
aksesoris-pria,Kacamata Hitam Polarized Kotak Sunglasses Sport Pria Sson Tvte 2458,Rp179.000,179000.0
aksesoris-pria,Kacamata Hitam Mengemudi Sunglasses Casual Polarized Aviator TR Metal Modis Fashion Pria Premium Sson Tvte P28071,Rp269.000,269000.0
aksesoris-pria,Kacamata Clip On Lensa Minus Anti Blueray Polarized Pria Wanita Sunglasses Kotak TR Sson Tvte TP1205,Rp239.000,239000.0
aksesoris-pria,ZK-The Classic Kaleb Clear-Frame Kacamata-Pria/Wanita-Minus/Silinder,Rp590.000,590000.0
aksesoris-pria,Lensa Kacamata Minus/Silinder Polycore FSV 1.59 Lite Air U-Blue SUP,Rp599.000,599000.0
aksesoris-pria,Mollucas - Muna Midnight - Gratis Lensa Minus/Plus/Silinder Anti Radiasi - Kacamata Pria/Wanita Eyewear Elegan,Rp940.500,940500.0
aksesoris-pria,Sarung Tangan Riding Rigi Experts,Rp159.000,159000.0
aksesoris-pria,Ikat Pinggang Kulit Kombinas Nylon Sabuk Kanvas Pria dan Wanita By Talocco,Rp87.750,87750.0
aksesoris-pria,Kacamata Hitam Pria Wanita Sunglasses Aviator Polarized Sson Tvte 8776,Rp369.000,369000.0
aksesoris-pria,Grey Jack Kacamata Clip On 2in1 Model Cat Eye TR90 Fashion Wanita Bisa Minus Antiradiasi Bluecromic Ringan 3003,Rp279.000,279000.0
aksesoris-pria,Kalibre Sabuk 993223030 Black-Army,Rp119.000,119000.0
aksesoris-pria,Kacamata Kalibre 135 996383000 Hitam,Rp349.000,349000.0
aksesoris-pria,Puma Kacamata Pria F P# PE0089O 007 54,Rp1.032.750,1032750.0
aksesoris-pria,Grey Jack Earhook Penyangga Kacamata Bahan Silicone Penahan Tangkai Kacamata Lembut Model Unik E,Rp45.000,45000.0
aksesoris-pria,AWMN Ikat Pinggang Canvas Army Metal Multicolor - AW21 Gesper Kanvas,Rp43.999,43999.0
aksesoris-pria,Kacamata Pria/Wanita Mollucas Berlin Clr + Lensa Anti Radiasi Essilor,Rp890.000,890000.0
aksesoris-pria,Nike Kacamata Unisex BROWN F NK 6079AF 201 54,Rp2.176.000,2176000.0
aksesoris-pria,Grey Jack Kacamata Sunglasses Polarized Foldable Anti UV / Anti Sialu Lipat Korean Style Terbaru Fashionable Unisex 7501,Rp159.000,159000.0
aksesoris-pria,Sunset Eyewear - Lensa Anti Radiasi Standard SV 1.56 High Range,Rp210.000,210000.0
aksesoris-pria,Sunset Eyewear - Lensa Kacamata Photochromic Grey Berubah Warna Minus / Plus / Cylinder,Rp195.000,195000.0
aksesoris-pria,UNIVERSAL TRAVELLER SKI GLOVES GVS24112,Rp441.000,441000.0
aksesoris-pria,UNIVERSAL TRAVELLER BASIC WARM GLOVES GVW24210,Rp490.000,490000.0
aksesoris-pria,Ironclad - Sarung Tangan Touchscreen - Impact High Visibility,Rp659.000,659000.0
aksesoris-pria,KACAMATAMOO Premium - Lensa Bluechromic Transmatic 1.56 UV420 (Garansi 12bulan),Rp670.000,670000.0
aksesoris-pria,IZIPIZI Kacamata Hitam Pria Wanita Sun #JOURNEY - Black Green Lenses Polarized,Rp1.500.000,1500000.0
aksesoris-pria,Urban State - Ironhide Pin Buckle Top Grain Leather Belt - Black,Rp361.900,361900.0
aksesoris-pria,Grey Jack Kacamata Antiradiasi Blueray Photocromic 2in1 Fashion Wanita Pria Kotak Bisa Minus Bahan TR90 Ringan 1037,Rp129.000,129000.0
aksesoris-pria,CHAZANDCO Kacamata Baca Plus Anti Radiasi Wanita UV400 Pria Korea Besi Terbaru Fashion Frame Cowok Komputer HP Anti Blueray Sinar Matahari Kaca Mata Optik +1.00 +1.50 +2.00 +2.50 +3.00 +3.50 +4.00 Wajah,Rp239.000,239000.0
aksesoris-pria,Painted Lens Color Lensa Sunglasses Anti Radiasi UV400 Sson Tvte 08,Rp159.000,159000.0
aksesoris-pria,Hugo Thorch - Ikat Pinggang Pria Kulit - Xernic,Rp429.000,429000.0
aksesoris-pria,Grey Jack Kacamata Sunglasses Polarized Anti UV400 Kotak Tr90 3010,Rp128.299,128299.0
aksesoris-pria,Bitzen Ikat Pinggang Pria Ganda Warna Gesper Berkualitas Nylon Sabuk Premium,Rp75.999,75999.0
aksesoris-pria,Grey Jack Kacamata Hitam Sunglasses Polarized Anti Silau UV400 Model Kotak Vintage Retro Keren Fashion Pria Wanita 3328,Rp129.000,129000.0
aksesoris-pria,Seeouo Sunglasses Anti Silau Matahari UV 400 Kacamata Hitam Model Kotak Bahan TR90+Metal Kokoh dan Kuat Pria dan Wanita 8617,Rp177.000,177000.0
aksesoris-pria,Seeouo Kacamata Sunglasses Polarized Lens Anti UV Anti Silau Style Kotak Soft Brown Fashionable Ringan Bahan TR90 Pria Wanita 3223,Rp96.000,96000.0
aksesoris-pria,Seeouo Kacamata Hitam Sunglasses Polarized Lens Anti UV Anti Silau Model Kotak Bahan TR90+Metal Ringan Kokoh 5093,Rp99.000,99000.0
aksesoris-pria,Seeouo Kacamata Clip On 3in1 Polarized and Vision Geometric Metal 7023,Rp499.000,499000.0
aksesoris-pria,Seeouo Sunglasses Kacamata Polarized Photocromic 2in1 Lens Sport Stylish Fashion UV Protection Anti Silau Olahraga Clip Bisa Minus Antiradiasi Bluecromic 3108,Rp177.000,177000.0
aksesoris-pria,Seeouo Kacamata Sunglasses Lensa Anti Silau Anti UV Protection Design Aviator Bulat Full Metal Fashion Pria dan Wanita 2210,Rp99.000,99000.0
aksesoris-pria,Seeouo Frame Clip On Only Polarized Lens Anti UV 400 Protection Model Kotak Lipat Jepit TR90 Pria dan Wanita Sunglasses S12,Rp99.000,99000.0
aksesoris-pria,Seeouo Kacamata Model Aviator Elegant Style Unisex Pria dan Wanita Sunlgasses Photocromic Polarized Lens Bahan Metal 5148,Rp399.000,399000.0
aksesoris-pria,Seeouo Sunglasses Kacamata Anti UV 400 TR90+Metal Kotak Stylish Vintage Pria Kekinian Ringan Browline 1046,Rp229.000,229000.0
aksesoris-pria,Seeouo Kacamata Sunglasses Photocromic Polarized Bentuk Aviator Anti Silau Fashion Unisex 66106,Rp122.000,122000.0
aksesoris-pria,Seeouo Kacamata Clip On 4in1 Stylish Model Aviator Magnetic Free Clip Polarized Anti UV 400 Night Vision Bahan TR90+Metal Simple Anti Silau Bisa Minus Pria CL 210,Rp199.000,199000.0
aksesoris-pria,Grey Jack Kacamata Hitam Sunglasses Model Kotak Bahan TR90+Metal Ringan Fashionble Pria Dan Wanita 9005,Rp129.000,129000.0
aksesoris-pria,Kacamata Lensa Minus Photocromic Pria Wanita Kotak Sson Tvte M3821,Rp129.000,129000.0
aksesoris-pria,Mollucas - The Designer Surakarta Midnight - Gratis Lensa Minus/Silinder Anti Radiasi - Frame Kacamata Pria/Wanita,Rp1.690.000,1690000.0
aksesoris-pria,EIGER LUVA DE MONTAGE HALF GLOVES,Rp132.050,132050.0
aksesoris-pria,KACAMATAMOO - Frame Kacamata Square Titanium SQ-T6103,Rp270.000,270000.0
aksesoris-pria,EIGER SLASH BELT 3.0 IKAT PINGGANG,Rp289.000,289000.0
aksesoris-pria,Belt Nexbelt Agusta - Green Yellow | Aksesoris | Ikat Pinggang Pria,Rp999.000,999000.0
aksesoris-pria,Grey Jack Kacamata Sunglasses Anti UV400 Polarized Bahan Metal Model Kotak Oversize Ringan PS33140,Rp599.000,599000.0
aksesoris-pria,Grey Jack Kacamata Hitam Sunglasses Polarized Anti Silau UV400 Kotak Ringan TR+Metal Fashion Laki-laki Wanita 1904 x,Rp179.000,179000.0
aksesoris-pria,Kacamata Photochromic Bluechromic Demodas Cat Eye DG6073 Anti Radiasi Biru Blueray Bluecromic Eyewear Cewe Cewek Wanita Hitam,Rp264.000,264000.0
aksesoris-pria,ZK-The Classic Kaleb Grey-Frame Kacamata-Pria/Wanita-Minus/Silinder,Rp590.000,590000.0
aksesoris-pria,OPTIK SEIS - XYZ YS9251 C6 s49,Rp690.000,690000.0
aksesoris-pria,Grey Jack Kacamata Sunglasses Polarized Model Kotak Alumunium Magnesium Fashion Pria Stylish Keren Ringan 80081,Rp559.000,559000.0
aksesoris-pria,Grey Jack Frame Kacamata Model Kotak Bahan Titanium Ringan Kokoh Fashion Bisnis Pria Wanita Bisa Minus 9633,Rp1.500.000,1500000.0
aksesoris-pria,EIGER SLASH BELT 2.0 IKAT PINGGANG,Rp299.000,299000.0
aksesoris-pria,OAKLEY Hyperlink (A) | OX8051 805103 | Asian Fit | Kacamata | 39mm,Rp2.460.000,2460000.0
aksesoris-pria,Grey Jack Frame Kacamata Titanium Kotak Elegant Pria Ringan Kokoh 0040,Rp1.040.000,1040000.0
aksesoris-pria,Guy Laroche Kacamata Hitam Pria S GL 6004 C5 61,Rp782.000,782000.0
aksesoris-pria,Grey Jack Kacamata Model Kotak Bahan TR+Acetate Kokoh Unisex 9108,Rp699.000,699000.0
aksesoris-pria,RAY-BAN CLUBMASTER | RB3016F W0366 | Full Fit | Kacamata Hitam | 55mm,Rp3.100.000,3100000.0
aksesoris-pria,Illustro Kacamata Unisex F IR KIFF003657 007 53,Rp382.500,382500.0
aksesoris-pria,RAY-BAN JUSTIN POLARIZED | RB4165F 622/T3 | Kacamata Hitam,Rp3.370.000,3370000.0
aksesoris-pria,RAY-BAN VISTA | RX6418D 2983 | Asian Fitting | Kacamata | 53mm,Rp1.938.000,1938000.0
aksesoris-pria,OAKLEY Frogskin (A) Prizm | OO9245 924575 | Full Fitting | 54mm,Rp2.690.000,2690000.0
aksesoris-pria,Grey Jack Kacamata Sunglasses Polarized Aviator Stylish Anti Uv 1102,Rp599.000,599000.0
aksesoris-pria,Giordano Kacamata Unisex F GD GA02971 03 55,Rp714.000,714000.0
aksesoris-pria,Grey Jack Kacamata Antiradiasi Blueray Model Kotak Metal Unisex 8613,Rp799.000,799000.0
aksesoris-pria,Grey Jack Kacamata Blueray Clip On 2in1 Polarized Bahan TR+Metal 2236,Rp699.000,699000.0
aksesoris-pria,Grey Jack Kacamata Clip On 2in1 Polarized Lens Model Kotak Metal Bisnis 7800,Rp599.000,599000.0
aksesoris-pria,Grey Jack Kacamata Sunglasses Polarized Aviator Metal Fashion Keren Anti Silau UV400 Ringan 2980,Rp799.000,799000.0
aksesoris-pria,Grey Jack Kacamata Sunglasses Anti UV Bersepeda Gowes Model Sporty Bahan TR90 Ringan Olahraga Keren 1052,Rp499.000,499000.0
aksesoris-pria,MIGHTY Kacamata PhotoChromic AntiRadiasi Pria - KAISER BROWN,Rp296.010,296010.0
aksesoris-pria,MIGHTY Kacamata PhotoChromic AntiRadiasi BlueRay Kotak Pria PALERMO BLUE,Rp349.000,349000.0
aksesoris-pria,Grey Jack Earhook Penyangga Kacamata Bahan Silicone Penahan Tangkai Kacamata Lembut Model Unik E,Rp45.000,45000.0
aksesoris-pria,Giordano Kacamata Hitam Unisex S GD GA90323 01 51,Rp416.500,416500.0
aksesoris-pria,Kacamata Pria/Wanita Mollucas Berlin Clr + Lensa Anti Radiasi Essilor,Rp890.000,890000.0
aksesoris-pria,Fossil BLACK Pria F FS 7064 003 55,Rp1.521.500,1521500.0
aksesoris-pria,Grey Jack Kacamata ClipOn Free 3 lens Polarized Style Kotak New 80011,Rp899.000,899000.0
aksesoris-pria,Grey Jack Kacamata Hitam Sunglasses Anti Silau UV 400 Protection Polarized Bisa Di Lipat Foldable Design Keren Fashion Pria dan Wanita 822,Rp129.000,129000.0
aksesoris-pria,Grey Jack Kacamata Sunglasses Polarized Stlye Sport Bahan Tr90 Fashion Pria Wanita Olahraga Keren 3094,Rp559.000,559000.0
aksesoris-pria,Grey Jack Kacamata Sunglasess Anti UV 400 Polarized Bahan Metal Aviator Pria Wanita Fashion PS2142,Rp199.000,199000.0
aksesoris-pria,Grey Jack Kacamata Sunglasses Anti UV 400 Polarized Bahan Metal Style Oval Aviator Fashion Pria & Wanita PS2148,Rp599.000,599000.0
aksesoris-pria,Kacamata Minus Metal TR90 Frame Bulat Anti Blue Light Fashion Pria Wanita - IOOI 7902,Rp129.000,129000.0
aksesoris-pria,Grey Jack Frame Kacamata Model Kotak Bahan TR+Acetate Style Laki-laki dan Wanita Bisa Minus Antiradiasi Blueray Photocromic Bluecromic 21037,Rp699.000,699000.0
aksesoris-pria,HOLO Ikat Pinggang Pria Nylon Fast Unlock Kanvas Tebal Tactical Kepala Gesper Pria Sabuk Keren Belt,Rp29.900,29900.0
aksesoris-pria,Grey Jack Frame Kacamata Model Kotak Bahan Titanium Ringan Kokoh Fashion Bisnis Pria Wanita Bisa Minus 9633,Rp1.500.000,1500000.0
aksesoris-pria,Grey Jack Kacamata Clip On 2in1 Polarized Lens Model Kotak Metal Bisnis 7800,Rp599.000,599000.0
aksesoris-pria,GIORDANO KACAMATA HITAM S GD GA90633 04 64,Rp579.500,579500.0
aksesoris-pria,Grey Jack Kacamata Sunglasses Polarized Aviator Metal Fashion Keren Anti Silau UV400 Ringan 2980,Rp799.000,799000.0
aksesoris-pria,Grey Jack Kacamata Antiradiasi Blueray Model Kotak Metal Unisex 8613,Rp799.000,799000.0
aksesoris-pria,Grey Jack Kacamata Sunglasses Anti UV Bersepeda Gowes Model Sporty Bahan TR90 Ringan Olahraga Keren 1052,Rp499.000,499000.0
aksesoris-pria,Grey Jack Kacamata Frame Model Kotak Titanium Model Kotak Ringan Kokoh Fashion Pria Wanita Bisa Minus 98608,Rp669.000,669000.0
aksesoris-pria,Grey Jack Sunglasses Kacamata Hitam Polarized Anti UV Anti Silau Fashion Pria dan Wanita Bahan TR90 Simple Elegant 9080,Rp179.000,179000.0
aksesoris-pria,JFR Ikat Pinggang Pria Model Sabuk Gesper JBELT13,Rp74.000,74000.0
aksesoris-pria,AWMN Ikat Pinggang Canvas Army Metal - AW34 Gesper Kanvas,Rp77.000,77000.0
aksesoris-pria,Houseofcuff Pocket Square Saputangan Jas Akesoris Jas A13,Rp75.000,75000.0
aksesoris-pria,Audiocore WCM-6440U / WCM6440U / WCM 6440U /WCM 6440 U Conference Mic,Rp9.722.535,9722535.0
aksesoris-pria,Ixoora Jean - Frame Kacamata Minus Photocromic Photochromic Anti Radiasi Pria Wanita Blueray Sinar Biru Bluecromic Bluechromic Bluedrive Progresif One Drive Baca Jalan,Rp196.000,196000.0
aksesoris-pria,Grey Jack/ Kacamata Hitam Pria dan Wanita / Sunglasses / 8878,Rp199.000,199000.0
aksesoris-pria,Grey Jack Kacamata Sunglasses Polarized Style Cat Eye Anti UV / Anti Silau Lipat Bahan TR90 Korean Style Wanita Terbaru Fashionable CD009,Rp179.000,179000.0
aksesoris-pria,Kacamata BRAVO 2429 Frame Square Fashion Pria Simple Free Lensa Minus Berkualitas,Rp299.000,299000.0
aksesoris-pria,Grey Jack Kacamata Sunglasses Polarized Model Semi Kotak Bahan Metal Anti Silau UV400 Fashion Wanita Ringan 31967,Rp199.000,199000.0
aksesoris-pria,Grey Jack Kacamata Hitam Sunglasses Anti Silau UV400 Polarized Model Aviator Bahan Metal Ringan Fashion Pria Wanita 3025,Rp279.000,279000.0
aksesoris-pria,Giordano Kacamata Unisex F GD GA03459 02 51,Rp798.000,798000.0
aksesoris-pria,Grey Jack Kacamata Clip On Aviator Metal 3in1 Free Lens Polarized Night Vision Keren Bisa Minus Fashion Pria dan Wanita 7603,Rp179.000,179000.0
aksesoris-pria,grey Jack Kacamata Sunglasses Anti UV 400 Polarized Bahan TR90 Bulat Oval Fashion Trandy Pria & Wanita 9003,Rp199.000,199000.0
aksesoris-pria,Kacamata Kalibre 117 996365040 Matte Blue-Black,Rp375.000,375000.0
aksesoris-pria,Kacamata Hitam Sunglasses Anti UV400 Retro Aviator Pria Wanita - IOOI SX-S2537,Rp129.000,129000.0
aksesoris-pria,Kacamata Bulat Anti Radiasi Blueray Photocromic Minus Baca Frame Round Fashion Pria Wanita Berrybarton 23036,Rp99.050,99050.0
aksesoris-pria,Grey Jack Kacamata Hitam Sunglasses Polarized Bahan TR Bentuk Oval 025,Rp129.000,129000.0
aksesoris-pria,Mollucas - Kaihulu Gray - Gratis Lensa Minus/Plus/Silinder Anti Radiasi - Kacamata Pria/Wanita Eyewear Elegan,Rp1.190.000,1190000.0
aksesoris-pria,Gozeal | Sunglasses | Rode Bonus Box | Kacamata Tebal | Simple Pria Dan Wanita | Kacamata Kasual,Rp149.000,149000.0
aksesoris-pria,"Ikat Pinggang Clasik Gesper Pria Sabuk Kulit Lebar 3,5 cm",Rp108.750,108750.0
aksesoris-pria,MIGHTY Kacamata PhotoChromic AntiRadiasi Pria - KAISER CLEAR,Rp296.010,296010.0
aksesoris-pria,Mollucas - The Designer - Surakarta Ocean - Gratis Lensa Minus/Plus/Silinder Anti Radiasi - Kacamata Pria/Wanita Elegan Eyewear,Rp1.277.100,1277100.0
aksesoris-pria,Mollucas - The Experimental - Kanawa Moss - Gratis Lensa Minus/Plus/Silinder Anti Radiasi - Kacamata Pria/Wanita Elegan Eyewear Frame Glasses,Rp990.000,990000.0
aksesoris-pria,Kacamata Anti Radiasi Bingkai Multilateral Pria Wanita Sson Tvte TJ822,Rp199.000,199000.0
aksesoris-pria,Grey Jack Kacamata Sunglasses Polarized Bahan TR90 Anti UV400 7507,Rp459.000,459000.0
aksesoris-pria,Kacamata PhotoChromic AntiRadiasi BlueRay Pria MIGHTY SIGNATURE Acetate - PALMA,Rp593.010,593010.0
aksesoris-pria,zonakacamata - Ergonomic Design - Poca Red - Gratis Lensa Minus/Silinder Anti Radiasi - Frame Kacamata - Pria/Wanita,Rp790.000,790000.0
aksesoris-pria,zonakacamata - Frame Kacamata Fashion Pria/Wanita - The Classic Sera Black,Rp590.000,590000.0
aksesoris-pria,Lensa Essilor Blue UV Capture Crizal Rock Super 1.56,Rp1.149.000,1149000.0
aksesoris-pria,CHAZANDCO Kacamata Baca Plus Anti Radiasi Blueray Wanita Pria Cowok Korea Baru Fashion UV400 Anti Blueray Sinar Matahari Kaca Mata Optik +1.00 +1.50 +2.00 +2.50 +3.00 +3.50 +4.00,Rp239.000,239000.0
aksesoris-pria,LUENX Kacamata Hitam Aviator Sunglasses for Men Women Polarized New Shades Large Metal Frame - UV 400 Protection Original Sunglasses 6404-4 Eyewear,Rp479.000,479000.0
aksesoris-pria,Kacamata Goodr RunningSunglasses BFG WOD (Walruses Of The Desert),Rp649.000,649000.0
aksesoris-pria,Lensa Progresif Essilor Varilux Blue UV Comfort Max Crizal Rock 1.5,Rp3.649.000,3649000.0
aksesoris-pria,MIGHTY Kacamata PhotoChromic AntiRadiasi Kotak Pria NASHVILLE LEOPARD,Rp296.010,296010.0
aksesoris-pria,Grey Jack Kacamata Sunglasses Hitam Anti UV400 Polarized Style Pria dan Wanita Kotak Fashion Korea Bahan TR90 58255,Rp225.000,225000.0
aksesoris-pria,Hugo Thorch - Ikat Pinggang Pria Kulit - Hesley,Rp777.000,777000.0
aksesoris-pria,GreyJack Kacamata Hitam Sunglasses Polarized Anti UV400 Bentuk Aviator Kotak Bahan Metal TR 6307,Rp179.000,179000.0
aksesoris-pria,Hush Puppies Ikat Pinggang Pria Decker Flat Clip Black,Rp429.300,429300.0
aksesoris-pria,Grey Jack Anti-Glare Glasses Polarized Sunglasses Anti-Uv400 / Anti-Glare Metal Aviator Shape Lightweight Fashionable G016,Rp199.000,199000.0
aksesoris-pria,BRODO - Brama Synthetic Leather Belt Dark Choco,Rp172.050,172050.0
aksesoris-pria,zonakacamata - Ergonomic Design - Masimo Rose - Gratis Lensa Minus/Silinder Anti Radiasi - Frame Kacamata - Pria/Wanita,Rp790.000,790000.0
aksesoris-pria,Grey Jack Kacamata Sunglasses Polarized Night Vision Drive Model Bulat Foldable Bahan Metal Fashion Pria Wanita 700,Rp159.000,159000.0
aksesoris-pria,Grey Jack Kacamata Anti Silau Kendaraan Malam Hari Ringan Pria & Wanita Night Vision Series,Rp179.000,179000.0
aksesoris-pria,Grey Jack Kacamata Clip On Polarized Anti UV400 2in1 Bahan TR90+Metal Model Semi Oval Bisa Minus Antiradiasi Blueray Photocromic Bluecromic 1023,Rp229.000,229000.0
aksesoris-pria,Grey Jack Frame Kacamata Titanium Kotak Style Bisnis Simple sangat ringan Bisa Minus Antiradiasi/Blueray/Photocromic/Bluecromic Fashion pria dan wanita 20229,Rp339.000,339000.0
aksesoris-pria,Grey Jack Earhook Penyangga Kacamata Bahan Silicone Penahan Tangkai Kacamata Lembut Model Unik E,Rp45.000,45000.0
aksesoris-pria,Giordano Kacamata Hitam Unisex S GD GA90323 01 51,Rp416.500,416500.0
aksesoris-pria,Kacamata Pria/Wanita Mollucas Berlin Clr + Lensa Anti Radiasi Essilor,Rp890.000,890000.0
aksesoris-pria,Fossil BLACK Pria F FS 7064 003 55,Rp1.521.500,1521500.0
aksesoris-pria,Grey Jack Kacamata ClipOn Free 3 lens Polarized Style Kotak New 80011,Rp899.000,899000.0
aksesoris-pria,Kalibre Kacamata Kayu Art 996282999,Rp299.000,299000.0
aksesoris-pria,Hush Puppies Ikat Pinggang Pria Decker Flat Clip Black,Rp429.300,429300.0
aksesoris-pria,Mollucas - Kaihulu Gray - Gratis Lensa Minus/Plus/Silinder Anti Radiasi - Kacamata Pria/Wanita Eyewear Elegan,Rp1.190.000,1190000.0
aksesoris-pria,"Ikat Pinggang Clasik Gesper Pria Sabuk Kulit Lebar 3,5 cm",Rp108.750,108750.0
aksesoris-pria,Kacamata Hitam Sunglasses Anti UV400 Retro Aviator Pria Wanita - IOOI SX-S2537,Rp129.000,129000.0
aksesoris-pria,Gozeal | Sunglasses | Rode Bonus Box | Kacamata Tebal | Simple Pria Dan Wanita | Kacamata Kasual,Rp149.000,149000.0
aksesoris-pria,grey Jack Kacamata Sunglasses Anti UV 400 Polarized Bahan TR90 Bulat Oval Fashion Trandy Pria & Wanita 9003,Rp199.000,199000.0
aksesoris-pria,Grey Jack Kacamata Hitam Sunglasses Polarized Bahan TR Bentuk Oval 025,Rp129.000,129000.0
aksesoris-pria,Kacamata Kalibre 117 996365040 Matte Blue-Black,Rp375.000,375000.0
aksesoris-pria,Hush Puppies Ikat Pinggang Pria Kristen Pin Black,Rp429.300,429300.0
aksesoris-pria,Grey Jack Kacamata Hitam Sunglasses Polarized Anti UV 400 Model Kotak Bahan TR90 Keren dan Fashionble Pria Wanita 726,Rp159.000,159000.0
aksesoris-pria,TALOCCO Ikat Pinggang Kulit Kombinas Nylon Sabuk Kulit Lapis Kanvas Pria dan Wanita,Rp87.750,87750.0
aksesoris-pria,Urban State - Neo Pin Buckle Reversible Top Grain Leather Belt - Black Brown,Rp312.400,312400.0
aksesoris-pria,Urban State - Classic Square Pin Buckle Top Grain Leather Belt - Brown,Rp312.400,312400.0
aksesoris-pria,Urban State - Rugged Pin Buckle Top Grain Leather Belt - Black,Rp328.900,328900.0
aksesoris-pria,Grey Jack Kacamata Anti Radiasi Blueray Photocromic Kotak TR90 Ringan Bisa Minus Pria dan Wanita 6029,Rp129.000,129000.0
aksesoris-pria,CHAZANDCO Frame Kacamata Baca Plus Progresif Anti Blueray Photocromci Jalan Pria Cowok Wanita TR90 Elastik ADD+1.00/1.50/2.00/2.50/3.00 auto focus autofokus otomatis Anti Sinar matahari UV400 Kaca Mata Optik Lensa,Rp269.000,269000.0
aksesoris-pria,Kacamata Hitam SUnglasses Polarized TR Kotak Pria Wanita Premium Sson Tvte P28371,Rp135.150,135150.0
aksesoris-pria,Kacamata Kotak Anti Radiasi Blueray Photocromic Minus Baca Frame Metal Rectangle Pria Wanita Bluecromic Berrybarton 23066,Rp113.200,113200.0
aksesoris-pria,Viendo Frame Kacamata Photocromic cat eye Anti Radiasi Photocromic Minus Wanita Pria Cowok Komputer Hp Kaca Mata Optik 2 in 1 Bluecromic Potocromic Fotocromi Fashion Style Anti Blueray Frame -1/-1.5/-2/-2.5/-3/-3.5/-4/-4.5/-5/-5.5/-6 Lensa Dewasa silinder,Rp116.620,116620.0
aksesoris-pria,Kacamata Hitam Kayu Sunglasses Polarized Modern Stylish Bulat Pria Wanita Premium Sson Tvte 62665,Rp269.000,269000.0
aksesoris-pria,Sunset Eyewear - Frame Kacamata Optical - SG 3755 C1,Rp80.000,80000.0
aksesoris-pria,BRODO - Hiaga Synthetic Leather Belt Dark Brown,Rp185.000,185000.0
aksesoris-pria,EIGER VERTMOUNTRIDE FULL GLOVES,Rp236.550,236550.0
aksesoris-pria,Sunset Eyewear - Kacamata Hitam Sunglasses - SG 3447 C2,Rp80.000,80000.0
aksesoris-pria,Sunset Eyewear - Frame Kacamata Optical - TR90 6006 C2,Rp80.000,80000.0
aksesoris-pria,Ixoora Lily - Frame Kacamata Minus Photocromic Photochromic Anti Radiasi Pria Wanita Blueray Sinar Biru Bluecromic Bluechromic Bluedrive Progresif One Drive Baca Jalan,Rp79.800,79800.0
aksesoris-pria,IZIPIZI Kacamata Hitam Pria Wanita Sun #C Dynamic Green,Rp1.215.000,1215000.0
aksesoris-pria,IZIPIZI Kacamata Hitam Pria Wanita Sun #L Blue Tortoise,Rp1.215.000,1215000.0
aksesoris-pria,UNIVERSAL TRAVELLER WINTER GLOVES GVS24114,Rp405.000,405000.0
aksesoris-pria,zonakacamata - Ergonomic Design Nami Grey - Frame Kacamata - Pria/Wanita - Minus/Silinder/Plus,Rp790.000,790000.0
aksesoris-pria,Grey Jack Kacamata Sunglasses Polarized Anti UV400 Bahan Metal Aviator 6319,Rp179.000,179000.0
aksesoris-pria,Kacamata Lentur Demodas Glasses Frame 98008 Antiradiasi Lensa Photochromic BluechromicPhotocromic Bluecromic blueray biru antiradiasi pria wanita plastik eyewear photocromic Perempuan Laki-laki,Rp264.000,264000.0
aksesoris-pria,Grey Jack Kacamata Sunglasses Polarized Photocromic 2in1 Model Sporty Fashion Pria Keren Anti Silau Transisi 3047,Rp599.000,599000.0
aksesoris-pria,Hush Puppies Ikat Pinggang Pria GARO PIN Dark Brown HPB10121DB,Rp509.500,509500.0
aksesoris-pria,EIGER WITHSTAND 1.0 BELT IKAT PINGGANG,Rp170.050,170050.0
aksesoris-pria,Grey Jack Kacamata Clip On Aviator Free 3 Lens Polarized Bahan Metal Ringan Bisa Minus Pria Wanita 8151,Rp225.000,225000.0
aksesoris-pria,ST LUIS POLO CLUB 1905 Frame Round Kacamata Unisex Fashion Korea Free Lensa Minus Berkualitas,Rp1.100.000,1100000.0
aksesoris-pria,Seeouo Sunglasses Kacamata Lensa Sunglasses Anti Silau Matahari Photocromic Polarized Model Kotak Half Rim Alumunium Magnesium 3121,Rp229.000,229000.0
aksesoris-pria,Seeouo Kacamata Frame Titanium Lensa Plano Bentuk Aviator Premium Fashion Pria Wanita Bisa Minus 2216,Rp989.000,989000.0
aksesoris-pria,Seeouo Kacamata Antiradiasi Blueray Model Kotak Stylish Comfortable Frame TR90 Kekinian Elastis Transparant Pria Wanita Bisa Minus 8315,Rp449.000,449000.0
aksesoris-pria,Seeouo Kacamata Clip On 4in1 Free Lensa Polarized Kotak Unisex 8131,Rp799.000,799000.0
aksesoris-pria,Seeouo Sunglasses Kacamata Lipat Foldable Polarized Lens UV Protedction Model Kotak Stylish Retro Anti Silau TR90 Ringan Praktis Fashionable Pria Wanita 3122,Rp77.000,77000.0
aksesoris-pria,Seeouo Kacamata Hitam Sunglasses Polarized Lens Anti UV Anti Silau Style Bulat Elegan Bahan Metal Pria 8073X,Rp99.000,99000.0
aksesoris-pria,Seeouo Sunglasses Kacamata Hitam Anti Silau Model Kotak Trendy Frame Bahan TR+Metal Kuat dan Kokoh Anti UV 400 9016 X,Rp99.000,99000.0
aksesoris-pria,Kacamata Frame Antiradiasi Blueray Model Kotak Pria Wanita Simple 9012,Rp399.000,399000.0
aksesoris-pria,Seeouo Kacamata Sunglasses Polarized Sport Lensa Hitam Anti Silau Fashion Unisex Trendy 3024,Rp121.390,121390.0
aksesoris-pria,Seeouo Kacamata Fashion Style Unisex Lensa Photocromic Polarized Sunglasses Bahan Alloy Kokoh Model Aviator Trendy 5149,Rp99.000,99000.0
aksesoris-pria,Seeouo Sunglasses Polarized Frame Metal Aviator Kotak Fashion Elegant Pria Lensa Anti UV 400 Protection Anti Silau 7719,Rp122.000,122000.0
aksesoris-pria,Seeouo Sunglasses Kacamata Hitam Sun 400 Protection Style Korean Kotak Frame TR90 Kuat dan Kokoh Lensa Anti Silau 509,Rp77.000,77000.0
aksesoris-pria,Kacamata Hitam Sunglasses Bold Lebar Model Skena Lensa Anti Uv 400 Fashion Pria Wanita Gaya Anak Band Berrybarton 310 Sunglass,Rp129.000,129000.0
aksesoris-pria,Kacamata Polarized Pria Wanita Keren Anti UV PD 1545,Rp115.000,115000.0
aksesoris-pria,Hush Puppies Ikat Pinggang Pria FALCON PIN Black HPB10116BK,Rp409.500,409500.0
aksesoris-pria,Grey Jack Kacamata Hitam Sunglasses Polarized Foldable Metal Kotak Anti UV400 Fashion Pria dan Wanita New Bisa Di Lipat 2360,Rp225.000,225000.0
aksesoris-pria,Lensa Progresif Essilor Essentials Everyday 1.6 Blue Cut UV 420,Rp1.750.000,1750000.0
aksesoris-pria,Mollucas - Kaihulu Midnight - Gratis Lensa Minus/Plus/Silinder Anti Radiasi - Kacamata Pria/Wanita Eyewear Elegan,Rp881.100,881100.0
aksesoris-pria,Frame Kacamata Mollucas Cilacap CK846 C3 Silver,Rp890.000,890000.0
aksesoris-pria,Lensa Minus/Cylinder Hoya Stellify FSV Asp 156 HVP Vision Drive XP UV-420 PhotoGrey,Rp1.044.050,1044050.0
aksesoris-pria,Ixoora Gazel - Frame Kacamata Minus Photocromic Photochromic Anti Radiasi Pria Wanita Blueray Sinar Biru Bluecromic Bluechromic Bluedrive Progresif One Drive Baca Jalan,Rp110.000,110000.0
aksesoris-pria,Obermain Ikat Pinggang Pria EVAN AUTOLOCK Dark Brown OBB0771DBR,Rp679.150,679150.0
aksesoris-pria,POLAROID KACAMATA UNISEX S PO PLD6171S J5GUC,Rp1.079.500,1079500.0
aksesoris-pria,Polaroid Kacamata Pria F PO PLD D494G R80 60,Rp1.296.250,1296250.0
aksesoris-pria,Giordano Kacamata Hitam Unisex S GD GA90323 01 51,Rp416.500,416500.0
aksesoris-pria,Fossil BLACK Pria F FS 7064 003 55,Rp1.521.500,1521500.0
aksesoris-pria,Sarung Tangan Cartenz Tactical Carcol Half,Rp395.000,395000.0
aksesoris-pria,OPTIK SEIS - XYZ 3245 s51,Rp590.000,590000.0
aksesoris-pria,OAKLEY SUTRO LITE SWEEP | OO9465 946505 | Kacamata Hitam | 39mm,Rp3.850.000,3850000.0
aksesoris-pria,EMOLINE Gipsy Cotton Belt - Ikat Pinggang Pria,Rp57.500,57500.0
aksesoris-pria,RAY-BAN | RB4379D 659811 | Asian Design | Kacamata Hitam | 49mm,Rp2.380.000,2380000.0
aksesoris-pria,Nike Junior Kacamata Unisex F NJ 5021AF 225 50,Rp1.394.000,1394000.0
aksesoris-pria,Grey Jack Frame Kacamata Bahan Titanium Model Kotak Aviator Ringan dan Kokoh 9848,Rp999.000,999000.0
aksesoris-pria,Grey Jack Kacamata Antiradiasi Blueray Baahan Titanium Style Kotak Bisnis Fashion Pria & Wanita 2605,Rp1.000.000,1000000.0
aksesoris-pria,RAY-BAN RB3727D | RB3727D 001/9A | Kacamata Hitam | 57mm,Rp2.941.000,2941000.0
aksesoris-pria,OAKLEY EVZERO BLADES (A) | OO9454A 945401 | Asian Fitting | Sun | 38mm,Rp3.850.000,3850000.0
aksesoris-pria,RAY-BAN | RB4441D 678793 | Kacamata Hitam | 53mm,Rp2.218.500,2218500.0
aksesoris-pria,Grey Jack/Kacamata Hitam Polarized Sunglasses Anti UV Anti silau Metal model kotak Fashion Pria/Wanita SA 7521,Rp799.000,799000.0
aksesoris-pria,Grey Jack Kacamata Sunglasses Polarized Photocromic 2in1 Anti Silau UV400 Model Aviator Oval Fashion Pria Wanita 733,Rp499.000,499000.0
aksesoris-pria,Houseofcuff Scarf Syal Bandana Leher Pria Formal X23,Rp150.000,150000.0
aksesoris-pria,Kacamata Terapi - 1 Pcs | Membantu Kesehatan Mata,Rp50.000,50000.0
aksesoris-pria,KACAMATA ANTI RADIASI PHOTOCROMIC BLUECHROMIC BLUERAY LA SPEZIA GOLD,Rp149.000,149000.0
aksesoris-pria,KACAMATA ANTIRADIASI / PHOTOCHROMIC /Minus Pria BEIRUT,Rp147.510,147510.0
aksesoris-pria,KACAMATA PRIA ANTIRADIASI PHOTOCHROMIC BLUERAY Panama Silver,Rp147.510,147510.0
aksesoris-pria,MIGHTY Kacamata PhotoChromic AntiRadiasi BlueRay Kotak Pria AUGUSTA BLACK,Rp296.010,296010.0
aksesoris-pria,Sson Tvte Kacamata Hitam Sunglasses Polarized Modern Stylish Kotak TR Pria Wanita Premium JZCX2104,Rp239.000,239000.0
aksesoris-pria,MOLSION MALE Kacamata Pria F MP MJ3070 B16 52,Rp1.160.250,1160250.0
aksesoris-pria,Grey Jack Frame Kacamata Titanium Model Kotak Fashion Pria Style Bisnis Ringan Kokoh Bisa Minus Antiradiasi Bluecromic 7049,Rp599.000,599000.0
aksesoris-pria,Lensa Kacamata Minus/Silinder Polycore Polysoft U-Blue,Rp1.549.000,1549000.0
aksesoris-pria,POLAROID KACAMATA HITAM PRIA S PO PLDCN 0086FS 09QM9,Rp1.572.250,1572250.0
aksesoris-pria,Kacamata Anti Radiasi Blueray Photocromic Minus Baca Frame Aviator TR90 Fashion Pria Wanita Berrybarton 23008,Rp113.200,113200.0
aksesoris-pria,GREY JACK Kacamata ANAK Antiradiasi Blueray Komputer HP TV Bahan TR90 Model Oval Ringan Lentur Nyaman Style Anak Perepmpuan dan Laki Laki 8456,Rp89.000,89000.0
aksesoris-pria,Grey Jack Kacamata Sunglasses Anti UV Protection TR+Metal Trandy 31848,Rp699.000,699000.0
aksesoris-pria,Demodas Frame Nexa Kacamata Lensa Bluechromic Photochromic Pria Wanita Blueray Antiradiasi,Rp352.000,352000.0
aksesoris-pria,Grey Jack Kacamata Sunglasses Polarized Anti UV400 Style Unisex 28045,Rp899.000,899000.0
aksesoris-pria,Grey Jack Kacamata Hitam Sunglasses Polarized Anti Silau UV400 Kotak Bridge Simple Fashion Pria dan Wanita SA 6313,Rp179.000,179000.0
aksesoris-pria,[SALE] Berrybarton Kacamata Hitam Sunglasses Frame Wayfarer UV400 Pria Wanita 890,Rp99.000,99000.0
aksesoris-pria,POLO GODEN 2249TK - Ikat Pinggang Pria Kulit Premium Model Tusuk Gigi / Gesper Pria / Men Belt - 5 Varian,Rp255.000,255000.0
aksesoris-pria,Grey Jack Kacamata Sunglasses Anti UV400 Model Aviator Kotak TR+Metal Fashion Pria Wanita 80804,Rp599.000,599000.0
aksesoris-pria,Kacamata Hitam Lensa Polarize Sunglasses Fashion Korean Glasses Trend Viral Berrybarton Polarized Series 3,Rp99.000,99000.0
aksesoris-pria,Grey Jack Sunglasses Kacamata Olahraga Polarized Anti Silau Sport Fashion Aktivitas Olahraga Outdoor 5327,Rp599.000,599000.0
aksesoris-pria,Grey Jack Kacamata Frame Model Semi Kotak Titanium Fashion Pria Wanita Ringan Bisa Minus Antiradiasi Bluecromic 1854,Rp339.000,339000.0
aksesoris-pria,Grey Jack sunglasses aviator polarized anti uv fashion terbaru 3922,Rp399.000,399000.0
aksesoris-pria,Grey Jack kacamata sunglasses pria fashion terbaru polarized 3953,Rp399.000,399000.0
aksesoris-pria,Grey Jack Kacamata Sunglasses Polarized Photocromic Transisi Aviator Memory Metal Ringan Anti Silau 729,Rp199.000,199000.0
aksesoris-pria,Obermain Ikat Pinggang Pria ROCKY PIN CLIP REVERSIBLE Black/Navy OBB0728BK/NV,Rp535.330,535330.0
aksesoris-pria,MOLSION MALE Kacamata Pria F MP MJ3055 B19 55,Rp1.007.250,1007250.0
aksesoris-pria,NIKE KACAMATA PRIA F NJ 5054 001 49,Rp1.912.500,1912500.0
aksesoris-pria,Kacamata Lensa Minus Photocromic Pria Kotak Sson Tvte 9610,Rp569.000,569000.0
aksesoris-pria,Obermain Judy Square Wanita 02,Rp218.950,218950.0
aksesoris-pria,Kacamata DG221 Vintage Bahan Titanium Tebal Demodas Glasses Frame Pria Wanita Lensa Photochromic Bluechromic Blueray,Rp150.000,150000.0
aksesoris-pria,NAUTICA Kacamata Pria S NA N6256S 015 51,Rp2.380.000,2380000.0
aksesoris-pria,Kacamata Frame Rectangle PC Skena Terbaru Lensa Hitam Sunglasses Perlindungan UV400 Outdoor Fashion Modis Gaya Korea Eyewear Pria Wanita IOOI 9858 Sun,Rp129.000,129000.0
aksesoris-pria,Kacamata Metal PC Anti Blue Light Frameless Geometric Pria Wanita - IOOI WF 5G34,Rp129.000,129000.0
aksesoris-pria,MOC Accessories Belt Pria FARAMIR-BLACK,Rp229.000,229000.0
aksesoris-pria,Grey Jack Kacamata Hitam Model Cat Eye Sunglasses Bahan Metal Anti Silau UV400 Korean Style Fashion Pria Wanita Kekinian Keren Modis 2580,Rp599.000,599000.0
aksesoris-pria,Grey Jack Frame Kacamata Titanium Model Kotak Lentur Fashion Pria Bisa Minus Antiradiasi Blueray Bluecromic 9164,Rp279.000,279000.0
aksesoris-pria,Mollucas - The Architect - Tanah Lot Olive - Gratis Lensa Minus/Plus/Silinder Anti Radiasi - Kacamata Pria/Wanita,Rp1.690.000,1690000.0
aksesoris-pria,TALOCCO Ikat Pinggang Kulit PU Premium Full Aksesorir Metal Lebar 4 cm Elegan & Stylish untuk Berbagai Gaya Fashion Bahan Kulit PU Premium Lebar 4 cm Aksesorir Metal,Rp217.500,217500.0
aksesoris-pria,Starke Leather Ikat Pinggang Kulit Hitam Pria Reversible Sabuk Gesper Reversible Leather Belt Prim Pere Silver ikat pinggang,Rp849.000,849000.0
aksesoris-pria,Garven dualhide - ikat pinggang pria kulit asli elegan GSB,Rp224.250,224250.0
aksesoris-pria,Grey Jack Frame Kacamata Clip On Free 3 Lens Polarized Kotak Metal Bisa Minus Antiradiasi Blueray Photocromic Pria dan Wanita 80009,Rp225.000,225000.0
aksesoris-pria,Grey Jack Kacamata Sunglasses Polarized Model Kotak Bahan Metal Ringan Anti Silau UV400 Fashion Pria Wanita 869,Rp179.000,179000.0
aksesoris-pria,Rip Curl Men Rando Webbing Belt - Black,Rp249.000,249000.0
aksesoris-pria,Frame Kacamata Pria/Wanita Minus zonakacamata Oldies G90-153 Black,Rp390.000,390000.0
aksesoris-pria,SATURDAYS - Aero Sport Sunglasses Kacamata Hitam Olahraga Pria & Wanita,Rp895.000,895000.0
aksesoris-pria,Grey Jack Kacamata Sunglasses Anti UV400 Polarized Bahan Alloy+TR Style Unisex 10749,Rp159.000,159000.0
aksesoris-pria,POLAROID KACAMATA UNISEX S PO PLD6171S J5GUC,Rp1.079.500,1079500.0
aksesoris-pria,Polaroid Kacamata Pria F PO PLD D494G R80 60,Rp1.296.250,1296250.0
aksesoris-pria,Giordano Kacamata Hitam Unisex S GD GA90323 01 51,Rp416.500,416500.0
aksesoris-pria,Fossil BLACK Pria F FS 7064 003 55,Rp1.521.500,1521500.0
aksesoris-pria,Sarung Tangan Cartenz Tactical Carcol Half,Rp395.000,395000.0
aksesoris-pria,Belt Nexbelt Braided PCD2296 White | Aksesoris | Ikat Pinggang Pria Sabuk,Rp999.000,999000.0
aksesoris-pria,OFFLINE APPAREL Ikat Pinggang Pria Canvas Logo Laser,Rp80.999,80999.0
aksesoris-pria,Grey Jack Kacamata Sunglasses Anti UV Sun Protection Bahan Metal Model Kotak Style Keren Fashionble Pria dan Wanita UV 111,Rp129.000,129000.0
aksesoris-pria,Grey Jack Kacamata Sunglasses Aviator Kotak Anti UV400 Polarized Series DOUBLE BRIDGE,Rp179.000,179000.0
aksesoris-pria,Grey Jack Kacamata Hitam Sunglasses Polarized Anti Silau UV400 Model Aviator Kotak Stylish Keren Fashion Laki-laki dan Wanita Terbaru SA 2112,Rp225.000,225000.0
aksesoris-pria,Grey Jack Kacamata Sunglasses Polarized Bahan TR90 Anti UV400 7560,Rp199.000,199000.0
aksesoris-pria,zonakacamata - Ergonomic Design Ross Black - Frame Kacamata - Pria/Wanita - Minus/Silinder/Plus,Rp790.000,790000.0
aksesoris-pria,Lensa Essilor Transitions Gen S Orma 1.5 Crizal Sapphire,Rp3.899.000,3899000.0
aksesoris-pria,Grey Jack Kacamata Sunglasses Anti UV400 Protection Bahan TR90 Ringan Fashionable G37,Rp99.000,99000.0
aksesoris-pria,Grey Jack Sunglasses Kacamata Olahraga Polarized Anti Silau Sport Fashion Aktivitas Olahraga Outdoor 3089,Rp179.000,179000.0
aksesoris-pria,KODAK FSV 1.56 Asph UVBlue Clean N CleAR,Rp420.000,420000.0
aksesoris-pria,Grey Jack Kacamata Sunglasses Anti UV400 Polarized Bahan Alloy+TR Style Unisex 10749,Rp159.000,159000.0
aksesoris-pria,Grey Jack Kacamata Sunglasses Polarized Anti Silau UV400 Kotak Fashion Pria Wanita TR+Metal Ringan 6904,Rp129.000,129000.0
aksesoris-pria,MOLSION MALE Kacamata Pria F MP MJ3055 B19 55,Rp1.007.250,1007250.0
aksesoris-pria,Obermain Ikat Pinggang Pria ROCKY PIN CLIP REVERSIBLE Black/Navy OBB0728BK/NV,Rp535.330,535330.0
aksesoris-pria,Starke Leather Ikat Pinggang Kulit Hitam Pria Reversible Sabuk Gesper Reversible Leather Belt Prim Pere Silver ikat pinggang,Rp849.000,849000.0
aksesoris-pria,TALOCCO Ikat Pinggang Kulit PU Premium Full Aksesorir Metal Lebar 4 cm Elegan & Stylish untuk Berbagai Gaya Fashion Bahan Kulit PU Premium Lebar 4 cm Aksesorir Metal,Rp217.500,217500.0
aksesoris-pria,Obermain Judy Square Wanita 02,Rp218.950,218950.0
aksesoris-pria,NAUTICA Kacamata Pria S NA N6256S 015 51,Rp2.380.000,2380000.0
aksesoris-pria,Kacamata Frame Rectangle PC Skena Terbaru Lensa Hitam Sunglasses Perlindungan UV400 Outdoor Fashion Modis Gaya Korea Eyewear Pria Wanita IOOI 9858 Sun,Rp129.000,129000.0
aksesoris-pria,Grey Jack Kacamata Sunglasses Polarized Photocromic Transisi Aviator Memory Metal Ringan Anti Silau 729,Rp199.000,199000.0
aksesoris-pria,Kacamata DG221 Vintage Bahan Titanium Tebal Demodas Glasses Frame Pria Wanita Lensa Photochromic Bluechromic Blueray,Rp150.000,150000.0
aksesoris-pria,Garven dualhide - ikat pinggang pria kulit asli elegan GSB,Rp224.250,224250.0
aksesoris-pria,Grey Jack kacamata sunglasses pria fashion terbaru polarized 3953,Rp399.000,399000.0
aksesoris-pria,Grey Jack sunglasses aviator polarized anti uv fashion terbaru 3922,Rp399.000,399000.0
aksesoris-pria,Mollucas - The Architect - Tanah Lot Olive - Gratis Lensa Minus/Plus/Silinder Anti Radiasi - Kacamata Pria/Wanita,Rp1.690.000,1690000.0
aksesoris-pria,Kacamata Lensa Minus Photocromic Pria Kotak Sson Tvte 9610,Rp569.000,569000.0
aksesoris-pria,NIKE KACAMATA PRIA F NJ 5054 001 49,Rp1.912.500,1912500.0
aksesoris-pria,Grey Jack Frame Kacamata Titanium Model Kotak Lentur Fashion Pria Bisa Minus Antiradiasi Blueray Bluecromic 9164,Rp279.000,279000.0
aksesoris-pria,Grey Jack Kacamata Hitam Model Cat Eye Sunglasses Bahan Metal Anti Silau UV400 Korean Style Fashion Pria Wanita Kekinian Keren Modis 2580,Rp599.000,599000.0
aksesoris-pria,MOC Accessories Belt Pria FARAMIR-BLACK,Rp229.000,229000.0
aksesoris-pria,Grey Jack Frame Kacamata Clip On Free 3 Lens Polarized Kotak Metal Bisa Minus Antiradiasi Blueray Photocromic Pria dan Wanita 80009,Rp225.000,225000.0
aksesoris-pria,Grey Jack Kacamata Sunglasses Polarized Model Kotak Bahan Metal Ringan Anti Silau UV400 Fashion Pria Wanita 869,Rp179.000,179000.0
aksesoris-pria,Kacamata Metal PC Anti Blue Light Frameless Geometric Pria Wanita - IOOI WF 5G34,Rp129.000,129000.0
aksesoris-pria,Frame Kacamata Pria/Wanita Minus zonakacamata Oldies G90-153 Black,Rp390.000,390000.0
aksesoris-pria,Sarung Tangan Masak Anti-Panas - Petromax Aramid Pro 300 Gloves,Rp710.000,710000.0
aksesoris-pria,Gino Mariani Eldon Buckle Belt Kulit Pria Black,Rp799.200,799200.0
aksesoris-pria,Sunset Eyewear - Lensa Kacamata Progressive / Progresif Blue Control - Lensa Jarak Jauh dan Dekat,Rp390.000,390000.0
aksesoris-pria,Sunset Eyewear - Kacamata Hitam Sunglasses - SG A8012 C1,Rp80.000,80000.0
aksesoris-pria,Kacamata Anti Cahaya Biru Anak Laki-laki Perempuan Kacamata Silikon Kacamata Pelajar,Rp53.999,53999.0
aksesoris-pria,【Samphorid】Kaca Penerbangan Bingkai Klasik Retro Bingkai UV Besar Untuk Pria Dan Wanita,Rp19.999,19999.0
aksesoris-pria,Ixoora Stella - Frame Kacamata Minus Photocromic Photochromic Anti Radiasi Pria Wanita Blueray Sinar Biru Bluecromic Bluechromic Bluedrive Progresif One Drive Baca Jalan,Rp79.800,79800.0
aksesoris-pria,Sunset Eyewear - Frame Kacamata Optical - PC 22005 C3,Rp80.000,80000.0
aksesoris-pria,HSF Eyewear Destiny 02 - Sunglasses | HSF X Ira Nandha – The Destiny Collection | Kacamata Hitam Wanita dan Pria,Rp699.900,699900.0
aksesoris-pria,SATURDAYS - Deus Extra Wide Eyewear Kacamata Pria & Wanita,Rp1.166.750,1166750.0
aksesoris-pria,Goodr Running Sunglasses OGs Pure Sky Candy,Rp499.000,499000.0
aksesoris-pria,Grey Jack Kacamata Clip On Polarized Anti UV400 2in1 Bahan Metal Bentuk Semi Oval Kotak Bisa Minus Antiradiasi Blueray Photocromic Bluecromic 7902,Rp199.000,199000.0
aksesoris-pria,Berrybarton Kacamata MInus Anti Radiasi Blueray Photocromic Bluecromic Frame Lentur TR90 Wayfarer Pria Wanita GF 581014,Rp129.000,129000.0
aksesoris-pria,Kacamata Kalibre 123 Matte Black-Revo Red 996371006,Rp349.000,349000.0
aksesoris-pria,Kacamata Vintage 1032 – Sunglasses Premium Anti UV400 dengan Tulangan Besi Kuat,Rp137.500,137500.0
aksesoris-pria,Kacamata Anak BRIGHT KIDS BKA 4 Usia 10-12 Tahun Frame Bulat Acetate Free Lensa Minus Berkualitas,Rp399.000,399000.0
aksesoris-pria,Urban State - Admiral Plate Buckle Reversible Top Grain Leather Belt - Black Brown,Rp408.200,408200.0
aksesoris-pria,Grey Jack Kacamata Frame Bahan Titanium Ringan Aviator Fashion Simple Ringan Kokoh Bisa Minus Antiradiasi Blueray Bluecromic 65003,Rp559.000,559000.0
aksesoris-pria,Grey Jack Kacamata Antiradiasi Blueray Model Bulat Fashion Pria Wanita Bahan Metal+TR90 Ringan Bisa Minus Retro Style 263,Rp599.000,599000.0
aksesoris-pria,Hush Puppies Ikat Pinggang Pria AXTON FLAT CLIP R Black,Rp409.500,409500.0
aksesoris-pria,"【Material Rocket】 Kacamata Hitam Photochromic Polarized Dalwa untuk Nyetir Pria - Lensa Fleksibel, UV400, Anti Silau, Cocok untuk Hiking, Fishing & Olahraga Outdoor, Unisex sunglasses, Fashion Eyewear",Rp189.999,189999.0
aksesoris-pria,BITZEN Ikat Pinggang Pria Rekomendasi Nylon Canvas Kepala Zinc Alloy,Rp87.599,87599.0
aksesoris-pria,Kacamata Anti Radiasi Blueray Photocromic Bluechromic Pria Wanita Frame Geometric Eyewear Glasses Berrybarton S11965,Rp139.000,139000.0
aksesoris-pria,Mollucas - The Architect - Toraja Midnight - Gratis Lensa Minus/Plus/Silinder Anti Radiasi - Kacamata Pria/Wanita,Rp1.690.000,1690000.0
aksesoris-pria,Kacamata Frame Bulat Lensa Hitam Sunglasses Perlindungan UV400 Polarized Fashion Modis Korea Eyewear Pria Wanita IOOI W90153,Rp89.000,89000.0
aksesoris-pria,Daiso Side Stitched Belt (100cm),Rp33.000,33000.0
aksesoris-pria,Grey Jack Frame Kacamata Model Kotak Bahan Titanium Ringan Kokoh Fashion Bisnis Pria Wanita Bisa Minus 7048,Rp2.500.000,2500000.0
aksesoris-pria,Fossil BLACK Pria F FS 7064 003 55,Rp1.521.500,1521500.0
aksesoris-pria,Grey Jack/ Kacamata Hitam Pria dan Wanita/ Sunglasses /5955,Rp405.000,405000.0
aksesoris-pria,Qina Kacamata Pria F QI QJ7127 B10 50,Rp684.000,684000.0
aksesoris-pria,Seeouo Kacamata Hitam Sunglasses Polarized Fashion Korea Anti Silau UV 400 Protection Style Pria Terbaru TR Ringan Kuat Kokoh GM 001,Rp99.000,99000.0
aksesoris-pria,Seeouo Kacamata Anti Silau Matahari Lensa Polarized Sunglasses Model Kotak Style Aviator Trendy Bahan Metal Unisex 15111,Rp229.000,229000.0
aksesoris-pria,Seeouo Kacamata Sunglasses Polarized Lensa Hitam Anti UV 400 Protection Fasion Pria Wanita 7515,Rp166.000,166000.0
aksesoris-pria,Seeouo Kacamata Hitam Sunglasses Polarized Lens Style Oversized Anti UV Anti Silau Kotak TR90 Fashion Stylish Unisex RICK 202,Rp77.000,77000.0
aksesoris-pria,Frame Kacamata Pria Model Half Rim Model Kotak Fashion Terbaru 95227,Rp499.000,499000.0
aksesoris-pria,Seeouo Kacamata Sunglasses UV 400 Protection Style Kotak Browline Anti Silau Metal TR90 Unisex Pria Wanita 233X Brown,Rp88.000,88000.0
aksesoris-pria,zonakacamata - Clip On Rafel Grey - Frame Kacamata - Pria/Wanita - Minus/Silinder/Plus,Rp640.000,640000.0
aksesoris-pria,Kacamata Anti Radiasi Blueray Photocromic Bluechromic Pria Wanita Frame Geometric Eyewear Glasses Berrybarton S11965,Rp139.000,139000.0
aksesoris-pria,"【Material Rocket】 Kacamata Hitam Photochromic Polarized Dalwa untuk Nyetir Pria - Lensa Fleksibel, UV400, Anti Silau, Cocok untuk Hiking, Fishing & Olahraga Outdoor, Unisex sunglasses, Fashion Eyewear",Rp189.999,189999.0
aksesoris-pria,BITZEN Ikat Pinggang Pria Rekomendasi Nylon Canvas Kepala Zinc Alloy,Rp87.599,87599.0
aksesoris-pria,Kacamata Vintage 1032 – Sunglasses Premium Anti UV400 dengan Tulangan Besi Kuat,Rp137.500,137500.0
aksesoris-pria,Mollucas - The Architect - Toraja Midnight - Gratis Lensa Minus/Plus/Silinder Anti Radiasi - Kacamata Pria/Wanita,Rp1.690.000,1690000.0
aksesoris-pria,Kacamata Frame Bulat Lensa Hitam Sunglasses Perlindungan UV400 Polarized Fashion Modis Korea Eyewear Pria Wanita IOOI W90153,Rp89.000,89000.0
aksesoris-pria,UNDER ARMOUR Kacamata Pria F UA 5068/F QM4 58,Rp1.963.500,1963500.0
aksesoris-pria,Kacamata Hitam Sunglasses Polarized Modern Stylish Bulat TR Pria Wanita Premium Sson Tvte S31107,Rp179.000,179000.0
aksesoris-pria,Grey Jack Kacamata Sunglasses Polarized Aviator Fashion Pria Wanita Bahan Metal Anti Silau UV400 Ringan Fashionable 8071x,Rp799.000,799000.0
aksesoris-pria,Rokid Ai Glasses Garansi Resmi - Smart Glasses - Kacamta Pintar - Black,Rp7.663.000,7663000.0
aksesoris-pria,Grey Jack Kacamata Sunglasses Polarized Anti UV400 Style Unisex 28045,Rp899.000,899000.0
aksesoris-pria,Giordano Kacamata Unisex S GD GA90280 C2 52,Rp382.500,382500.0
aksesoris-pria,Grey Jack Kacamata Antiradiasi Blueray Bentuk Kotak unisex Tr90 bisa minus Anti Radiasi Bluray Photocromic Bluecromic 1106,Rp399.000,399000.0
aksesoris-pria,Grey Jack Kacamata Antiradiasi Blueray Model Kotak Fashion Pria dan Wanita Bahan Metal Ringan Bisa Minus 0874,Rp399.000,399000.0
aksesoris-pria,Grey Jack Kacamata Model Aviators Bahan Titanium Ringan Kokoh Fashion Pria Wanita Simple Bisa Minus 11023,Rp999.000,999000.0
aksesoris-pria,Grey Jack Frame Kacamata Model Semi Rimless Fashion Pria Bisnis Bahan Titanium Ringan Bisa Minus Antiradiasi Bluecromic 9901,Rp699.000,699000.0
aksesoris-pria,Grey Jack Kacamata Frame Model Kotak Bahan Titanium Fashionable Bisnis Pria Wanita Bisa Minus Ringan Kokoh 98598,Rp669.000,669000.0
aksesoris-pria,Houseofcuff Scarf Syal Bandana Leher Pria Formal X33,Rp150.000,150000.0
aksesoris-pria,Kacamata Sunglasses Hitam Polisi Polarized Pilot Pantai Pria KKPOPO,Rp79.000,79000.0
aksesoris-pria,Kaozelo Kacamata Motor Sporty Dustproof Breathable UV400 - Z5401,Rp43.100,43100.0
aksesoris-pria,Obermain Ikat Pinggang Pria GILBERT CASUAL BELT Black OBB0774BLK,Rp849.150,849150.0
aksesoris-pria,Grey Jack Kacamata Clip On Polarized Anti UV400 2in1 TR90+ACETATE Bentuk Bulat Bisa Minus Antiradiasi Blueray Photocromic Bluecromic 103,Rp199.000,199000.0
aksesoris-pria,Ixoora Heerva - Frame Kacamata Minus Photocromic Photochromic Anti Radiasi Pria Wanita Blueray Sinar Biru Bluecromic Bluechromic Bluedrive Progresif One Drive Baca Jalan,Rp125.000,125000.0
aksesoris-pria,Grey Jack/ Kacamata Sport Pria dan Wanita / Sunglasses /1200,Rp499.000,499000.0
aksesoris-pria,Sabuk Gesper Ikat Pinggang Pria Distro -Began- Canvas Kulit Sintetis,Rp113.400,113400.0
aksesoris-pria,Ixoora Dianova - Frame Kacamata Minus Photocromic Photochromic Anti Radiasi Pria Wanita Blueray Sinar Biru Bluecromic Bluechromic Bluedrive Progresif One Drive Baca Jalan,Rp125.000,125000.0
aksesoris-pria,Kacamata Hitam Pria Wanita Polarized Sunglasses Kotak Sson Tvte BO760,Rp169.150,169150.0
aksesoris-pria,Grey Jack Kacamata Frame Titanium Model Kotak Ringan Fashion Pria Wanita Ringan Style Simple Bisa Minus 2621,Rp899.000,899000.0
aksesoris-pria,Grey Jack Kacamata Pria wanita Model Half Frame Elegant Style Metal bisa minus anti radiasi blueray photocromic Style Bisnis Simple Ringan 8006,Rp179.000,179000.0
aksesoris-pria,Kalibre Kacamata 996298999,Rp339.000,339000.0
aksesoris-pria,Grey Jack Kacamata Hitam Sunglasses Polarized fashion Pria Metal 1636,Rp599.000,599000.0
aksesoris-pria,Kacamata Lensa Minus Anti Blueray Kotak Pria Wanita Sson Tvte TJ833,Rp179.000,179000.0
aksesoris-pria,Grey Jack Kacamata hitam Sunglasses Polarized Anti UV Anti Silau Metal Model Aviator Fashion Pria dan Wanita Style Elegant Unisex SA 746,Rp199.000,199000.0
aksesoris-pria,Grey Jack Kacamata Sunglasses Polarized Oval Half Frame Bahan TR90+Metal Fashion Aesthetic Keren Pria dan Wanita 5093,Rp559.000,559000.0
aksesoris-pria,Grey Jack Kacamata Sunglasses Polarized Anti Silau UV400 Fashion Sporty Anti Silau UV400 Pria Keren 6529,Rp339.000,339000.0
aksesoris-pria,Forester STF 06171 Full Glove Forester,Rp110.000,110000.0
aksesoris-pria,Belt Nexbelt Hamton Navy | Aksesoris | Ikat Pinggang Pria,Rp999.000,999000.0
aksesoris-pria,Goodr Running Sunglasses Circle GS THEY WERE OUT OF BLACK,Rp499.000,499000.0
aksesoris-pria,[ USEA x Rhodey ] Gesper Tali Ikat Pinggang sabuk Pria Military Tactical Nilon 125cm cowok - S2732,Rp103.000,103000.0
aksesoris-pria,Kacamata Goodr RunningSunglasses PHG Need For Seed,Rp649.000,649000.0
aksesoris-pria,"Talocco Sabuk Pinggang Pria Kulit Ikat pinggang kulit Pu Formal Lebar 3,5 cm",Rp74.250,74250.0
aksesoris-pria,(TGS) Ikat Pinggang Polo Hiero 003 Sabuk Pinggang Pria Belt,Rp135.000,135000.0
aksesoris-pria,Kacamata Hitam Frame Pilot Sunglasses Aviator Lensa Anti Uv Fashion Pria Berrybarton JD2801,Rp129.000,129000.0
aksesoris-pria,Kacamata Hitam Sunglasses Anti UV400 Retro Aviator Pria Wanita - IOOI WF-5G53,Rp159.000,159000.0
aksesoris-pria,FRAME KACAMATA BLUERAY / PHOTOCHROMIC - OSLO - Kacamata Minus Pria,Rp147.510,147510.0
aksesoris-pria,Grey Jack Kacamata Lipat Sunglasses Anti UV400 Polarized Model Half 3101,Rp179.000,179000.0
aksesoris-pria,Grey Jack Kacamata Hitam Sunglasses Anti UV400 Polarized Bahan TR90 Fashion Pria & Wanita Overside Series 1,Rp179.000,179000.0
aksesoris-pria,Grey Jack Kacamata Hitam Sunglasses Anti UV400 Protection Model Kotak Bahan Metal Gaya Modis Fashionable Pria Wanita 8098,Rp129.000,129000.0
aksesoris-pria,Grey Jack Kacamata Hitam Sunglasses Polarized Anti Silau UV400 Model Kotak TR90+Acetate Fashion Laki-laki dan Wanita 58291,Rp279.000,279000.0
aksesoris-pria,Grey Jack Kacamata Hitam Sunglasses Polarized Anti Silau UV400 Model Kotak Bahan TR90 Fashion Wanita Pria Trendy D7528,Rp279.000,279000.0
aksesoris-pria,Kalibre Sabuk Ikat Pinggang Pria 993327010,Rp99.000,99000.0
aksesoris-pria,Kacamata Hitam Sunglasses Geometric Anti Uv Berrybarton SL H2417,Rp159.000,159000.0
aksesoris-pria,zonakacamata - Frame Kacamata Fashion Pria/Wanita - Oldies Emma Black,Rp390.000,390000.0
aksesoris-pria,Daiso Side Stitched Belt (100cm),Rp33.000,33000.0
aksesoris-pria,Grey Jack Frame Kacamata Model Kotak Bahan Titanium Ringan Kokoh Fashion Bisnis Pria Wanita Bisa Minus 7048,Rp2.500.000,2500000.0
aksesoris-pria,Fossil BLACK Pria F FS 7064 003 55,Rp1.521.500,1521500.0
aksesoris-pria,Grey Jack/ Kacamata Hitam Pria dan Wanita/ Sunglasses /5955,Rp405.000,405000.0
aksesoris-pria,Qina Kacamata Pria F QI QJ7127 B10 50,Rp684.000,684000.0
aksesoris-pria,J Leather Belt - Ikat Pinggang Kulit Sapi Asli dengan Desain Elegan & Tali Nyaman Garansi Uang Kembali,Rp249.600,249600.0
aksesoris-pria,Kacamata Anti Radiasi Frame Bisnis Vintage Wayfarer Blueray Photocromic Berrybarton 39916,Rp159.000,159000.0
aksesoris-pria,Viendo Kacamata Minus Photocromic Anti Radiasi Wanita Cowok Pria Terbaru Korea Fashion Style Frame Bluecromic 2 in 1 Potocromic Blueray Fotocromi Komputer Hp Kaca Mata Optik Komputer Hp Kaca Mata Optik Lensa Eyewear Glasses Dewasa Antiradiasi Kecamata,Rp189.000,189000.0
aksesoris-pria,Hush Puppies Ikat Pinggang Pria Desmond Automatic Black,Rp569.300,569300.0
aksesoris-pria,Viendo Frame Kacamata Photocromic Anti Blueray Radiasi Wanita Pria Cowok 2 in 1 Bluecromic Potocromic Fotocromic Oval Besi Kecamata Antiradiasi Sinar Matahari UV400 Kaca Mata Optik Lensa Eyewear Glasses,Rp139.000,139000.0
aksesoris-pria,Ixoora Arva - Frame Kacamata Minus Photocromic Photochromic Anti Radiasi Pria Wanita Blueray Sinar Biru Bluecromic Bluechromic Bluedrive Progresif One Drive Baca Jalan,Rp105.000,105000.0
aksesoris-pria,POLAROID KIDS Kacamata Unisex F PK PLKCN 0002F KB7 48,Rp1.109.250,1109250.0
aksesoris-pria,Obermain Autumn Ladies Leather Pin Wanita,Rp134.950,134950.0
aksesoris-pria,Grey Jack Kacamata Hitam Sunglasses Polarized Anti Silau UV400 Fashion Wanita Bahan Metal Model Oversized Ringan 5063,Rp129.000,129000.0
aksesoris-pria,GOODR Kacamata Series VRG - I Have Venus Envy,Rp584.100,584100.0
aksesoris-pria,EIGER TARSIUS METAL THIN SUNGLASSES,Rp227.050,227050.0
aksesoris-pria,Kacamata Hitam Kayu Sunglasses Polarized Modern Stylish Kotak Pria Wanita Premium Sson Tvte 63701,Rp299.000,299000.0
aksesoris-pria,Kacamata Hitam Sunglasses Polarized Modern Skena Stylish Bulat TR Pria Wanita Premium Sson Tvte S31106,Rp179.000,179000.0
aksesoris-pria,KACAMATAMOO - Frame Kacamata Clip On CO1201,Rp289.000,289000.0
aksesoris-pria,Sunset Eyewear - Frame Kacamata Optical - TRAC 9230 C1,Rp90.000,90000.0
aksesoris-pria,Sunset Eyewear - Frame Kacamata Optical - SG 3763 C1,Rp80.000,80000.0
aksesoris-pria,Grey Jack Kacamata Clip On 2IN1 Free Lens Polarized Kotak Bisa Minus Bahan TR90 Fashionable Keren Pria dan Wanita Stylish 8175,Rp179.000,179000.0
aksesoris-pria,UNIVERSAL TRAVELLER ADULT KNITTED GLOVES GVC24138,Rp290.000,290000.0
aksesoris-pria,"AURAVIBE-Kacamata Hitam Gaya Eropa Amerika – Bingkai Besar Anti Angin, Cocok Berkendara Outdoor Pelindung UV",Rp150.000,150000.0
aksesoris-pria,zonakacamata - Frame Kacamata Fashion Pria/Wanita - The Classic Kana Brown,Rp590.000,590000.0
aksesoris-pria,Kacamata Minus Bluecromic Bulat TR Metal Wanita Pria Sson Tvte TJ879,Rp199.000,199000.0
aksesoris-pria,"IZIPIZI - Pouch Adult, Cream",Rp119.000,119000.0
aksesoris-pria,Tali Ikat Pinggang Belt Golf Kulit Asli WJD-SW10 #SPOT GOODS#,Rp480.000,480000.0
aksesoris-pria,Grey Jack Kacamata Sunglasses Polarized Aviator Memory Metal SA1637,Rp199.000,199000.0
aksesoris-pria,Kacamata Goodr Running Sunglasses LFG Series Get On My Level,Rp499.000,499000.0
aksesoris-pria,Kacamata Lensa Minus Photocromic Pria Wanita Kotak Sson Tvte M3717,Rp249.000,249000.0
aksesoris-pria,zonakacamata - Lensa Kacamata SunSafe 1.56 - Transition/Photocromic - Anti Sinar Biru - Anti Radiasi Komputer,Rp849.000,849000.0
aksesoris-pria,Kenes Leather Sabuk Pria Custom Ikat Pinggang BELT Kulit Asli Premium - Free Gravir Nama,Rp351.000,351000.0
aksesoris-pria,Purpi Eyewear - Frame Kacamata Pria Wanita GRIZELE Lensa Minus Photocromic Photochromic Anti Radiasi Blueray Bluecromic,Rp75.000,75000.0
aksesoris-pria,Seeouo Kacamata Polarized Photocromic Sunglasses Lens Anti UV 400 Model Aviator Elegant Full Metal Fashion Glasses Unisex 545,Rp559.000,559000.0
aksesoris-pria,Grey Jack Kacamata Hitam Sunglasses Polarized Anti Silau UV400 Bahan TR90 Model Kotak Kokoh dan Ringan 1004,Rp129.000,129000.0
aksesoris-pria,Viendo Frame Kacamata Baca Plus Progresif Wanita Pria Cowok Photocromic Anti Radiasi Blue Ray Multifocal Sinar Matahari UV400 Kaca Mata Optik Eyewear Glasses Lensa,Rp269.000,269000.0
aksesoris-pria,Viendo Frame Kacamata Photocromic cat eye Anti Radiasi Photocromic Minus Wanita Pria Cowok Komputer Hp Kaca Mata Optik 2 in 1 Bluecromic Potocromic Fotocromi Fashion Style Anti Blueray Cat Eye Frame -1/-1.5/-2/-2.5/-3/-3.5/-4/-4.5/-5/-5.5/-6,Rp119.000,119000.0
aksesoris-pria,Kacamata Hitam Sunglasses Wayfarer Fashion UV400 Berrybarton 928 TAM,Rp83.000,83000.0
aksesoris-pria,Grey Jack Kacamata Hitam Sunglasses Polarized Anti Silau UV400 Kotak Ringan TR+Metal Fashion Laki-laki Wanita 1904 x,Rp799.000,799000.0
aksesoris-pria,Ixoora Tervy - Frame Kacamata Minus Photocromic Photochromic Anti Radiasi Pria Wanita Blueray Sinar Biru Bluecromic Bluechromic Bluedrive Progresif One Drive Baca Jalan,Rp125.000,125000.0
aksesoris-pria,OAKLEY BXTR | OO9280 928003 | Global | Sun | 39mm,Rp3.000.500,3000500.0
aksesoris-pria,Levi's Kacamata Unisex F LVS 7076/F 807 51,Rp1.904.000,1904000.0
aksesoris-pria,OAKLEY CORRIDOR A | OO9248A 924802 | Kacamata Hitam | 42mm,Rp3.850.000,3850000.0
aksesoris-pria,Grey Jack Kacamata Titanium Kotak Ringan Kokoh Fashionable Bisnis Class Bisa Lensa Minus 98371,Rp999.000,999000.0
aksesoris-pria,Giordano Kacamata Unisex S GD GA90485 03 60,Rp459.000,459000.0
aksesoris-pria,OAKLEY THURSO (A) | OO9286A 928602 | Asian | Kacamata Hitam | 54mm,Rp5.210.000,5210000.0
aksesoris-pria,Montblanc Kacamata Pria F MB K 0315OA 003 54,Rp7.196.250,7196250.0
aksesoris-pria,Benetton Kacamata Pria F BE 1046-1 127 53,Rp939.250,939250.0
aksesoris-pria,Nosepad/Bantalan Hidung Mollucas Kacamata Silver/Gold,Rp40.000,40000.0
aksesoris-pria,OAKLEY SYLAS (A) PRIZM POLARIZED - OO9448F 944804 | Full Fitting| 58mm,Rp3.920.000,3920000.0
aksesoris-pria,RAY-BAN WAYFARER POLARIZED | RB2140F 901/58 | Full Fitting,Rp4.450.000,4450000.0
aksesoris-pria,OAKLEY Hydra | OO9229 922904 | Global | Kacamata Hitam | 53mm,Rp3.000.500,3000500.0
aksesoris-pria,RAY-BAN | RB4387F 901/71 | Full Fitting | Kacamata Hitam | 47mm,Rp2.349.000,2349000.0
aksesoris-pria,Ixoora Arabell - Frame Kacamata Minus Photocromic Photochromic Anti Radiasi Pria Wanita Blueray Sinar Biru Bluecromic Bluechromic Bluedrive Progresif One Drive Baca Jalan,Rp125.000,125000.0
aksesoris-pria,KACAMATA PHOTOCHROMIC ANTIRADIASI - BERLIN GLOSS hitam Kotak Pria,Rp147.510,147510.0
aksesoris-pria,JFR Ikat Pinggang Pria Model Sabuk Gesper JBELT19,Rp74.000,74000.0
aksesoris-pria,Kab. Banyumas,Rp899.100,899100.0
aksesoris-pria,Grey Jack Kacamata Sunglasses Anti UV 400 Polarized Bahan TR90 Kotak Ringan Fashion Pria & Wanita 31101,Rp229.000,229000.0
aksesoris-pria,Buckle Ikat Pinggang Pria Casual 35mm,Rp79.000,79000.0
aksesoris-pria,HOLO Ikat Pinggang Pria Nylon Weaving Sabuk Taktik Serap Magnetik Belt,Rp23.900,23900.0
aksesoris-pria,Mollucas - Obi Gel Turtle - Gratis Lensa Minus/Plus/Silinder Anti Radiasi - Kacamata Pria/Wanita Frame Eyewear Glasses,Rp990.000,990000.0
aksesoris-pria,Grey Jack Kacamata Sunglasses AntiUV 400 Metal Style KotakUnisex 31949,Rp699.000,699000.0
aksesoris-pria,Grey Jack Kacamata Sunglases Polarized Foldable TR90 Anti Silau CD009,Rp799.000,799000.0
aksesoris-pria,Viendo kacamata Anti Radiasi Wanita Clip On Minus Photocromic Anti Radiasi Wanita 2 in 1 Bluecromic Potocromic Fotocromi Eyewear Frame Sunglasses kacamata hitam bulat oval Lensa,Rp239.000,239000.0
aksesoris-pria,Nike Junior Kacamata Unisex F NJ 5021AF 225 50,Rp1.394.000,1394000.0
aksesoris-pria,Nike Kacamata Unisex BROWN F NK 6079AF 201 54,Rp2.176.000,2176000.0
aksesoris-pria,Ixoora Raisel - Frame Kacamata Minus Photochromic Anti Radiasi Pria Wanita Blueray Sinar Biru Bluecromic Bluechromic Bluedrive Progresif One Drive Baca Jalan,Rp125.000,125000.0
aksesoris-pria,Daiso Glasses For Show SQUARE 2,Rp5.500,5500.0
aksesoris-pria,SCVCN Polarized Kacamata Fashion Pria Wanita Bersepeda Kacamata Olahraga Luar Ruangan UV400 Desain Kacamata Hitam Tahan debu Tahan Angin Sepeda Motor MTB Perjalanan Berlari Lintas Alam,Rp70.800,70800.0
aksesoris-pria,Sarung Tangan Velocity 01 Riding Gloves Motor,Rp89.000,89000.0
aksesoris-pria,Kacamata Frame Oval List Gold Trendi Ringan Metal PC Lensa Hitam Sunglasses Perlindungan UV400 Fashion Modis Gaya Korea Eyewear Wanita IOOI 26 S,Rp129.000,129000.0
aksesoris-pria,MIGHTY Kacamata PhotoChromic AntiRadiasi BlueRay Pria SKENA BROWN,Rp296.010,296010.0
aksesoris-pria,Kacamata Frame Bulat TR90 Ringan Lensa Hitam Sunglasses Polarized Perlindungan UV400 Outdoor Fashion Modis Trendi Gaya Korea Eyewear Pria Wanita IOOI 2025 Sun,Rp89.000,89000.0
aksesoris-pria,Grey Jack Frame Kacamata Bahan Titanium Sangat Ringam Model Kotak Aviator Keren Bisa Minus Antiradiasi Blueray Photocromic Bluecromic 7518,Rp950.000,950000.0
aksesoris-pria,KAHASIL Kacamata Photochromic Anti Radiasi Wanita Pria Fashion Gaya KHSPTC001,Rp60.000,60000.0
aksesoris-pria,Grey Jack Kacamata Sunglasses Polarized Gaya Classic Terbaru 1254,Rp299.000,299000.0
aksesoris-pria,Cardinal Sabuk Pria Single Pin V0074F03C,Rp314.500,314500.0
aksesoris-pria,Kacamata Minus Metal TR90 Frame Oval Anti Blue Light Fashion Pria Wanita - IOOI 10214,Rp118.000,118000.0
aksesoris-pria,Demodas VERTA Lensa Bluechromic Photochromic Blueray Antiradiasi,Rp128.000,128000.0
aksesoris-pria,Grey Jack Kacamata Sunglasses Hitam Sport Polarized TR90 Ringan Fashion Pria Wanita Anti Silau UV400 Stylish New 1801,Rp129.000,129000.0
aksesoris-pria,Grey Jack Kacamata Sunglasses Polarized Model Aviator Kotak Bahan Metal Fasion Pria Anti Silau UV400 15109,Rp199.000,199000.0
aksesoris-pria,AWMN Ikat Pinggang Canvas Army Metal - AW101 Gesper Kanvas,Rp89.500,89500.0
aksesoris-pria,Seeouo Kacamata Sunglasses Hitam Polarized Anti Silau UV400 HD Outdoor Ringan TR90 Fashion Pria Wanita Modis 2140,Rp89.000,89000.0
aksesoris-pria,Seeouo Kacamata Clip On 2in1 Lensa Polarized Model Kotak TR90 8179,Rp559.000,559000.0
aksesoris-pria,Seeouo Kacamata Sunglasses Sporty Anti Silau Matahari Sun Protection Model Kotak Stylish TR90 Ringan dan Kokoh Unisex 9335,Rp99.000,99000.0
aksesoris-pria,Seeouo Kacamata Sunglasses Anti UV 400 Bentuk Aviator Kotak Metal Fashion Pria Dan Wanita 001-1854,Rp99.000,99000.0
aksesoris-pria,Seeouo Kacamata Hitam Sunglasses Polarized Lens Model Kotak Simple Fashion Stylish Unisex Anti Silau UV Protection TR90+Acetate Kokoh 31239,Rp229.000,229000.0
aksesoris-pria,Seeouo Kacamata Anti Radiasi Blueray Clip ON Polarized Bentuk Kotak Fashion Pria Wanita Bisa Minus 922,Rp499.000,499000.0
aksesoris-pria,Seeouo Kacamata Sunglasses Hitam Polarized Anti UV Style Kotak Fashion Stylish Pria Anti Silau Metal 5081,Rp99.000,99000.0
aksesoris-pria,Seeouo Kacamata Bulat Anti Radiasi Blueray Bisa Minus Bahan TR90 Ringan Bisa Minus 7112,Rp449.000,449000.0
aksesoris-pria,Seeouo Kacamata IP Titanium Model Kotak Rimless Stylish Anti Blueray Light Frame Pria Wanita Bisa Minus Photocormic 25086,Rp499.000,499000.0
aksesoris-pria,Seeouo Kacamata Anti Radiasi Blueray Bentuk Bulat Retro Kekinian Fashion Pria Wanita Bisa Minus 3664,Rp339.000,339000.0
aksesoris-pria,Seeouo Kacamata Sunglasses Lens Anti UV 400 Style Aviator High Quality Frame Metal Anti Silau Matahari Fashion Unisex 3177,Rp99.000,99000.0
aksesoris-pria,Seeouo Kacamata Anti Radiasi Blueray Bentuk Kotak Metal Bisa Minus Style Pria Wanita 8604,Rp499.000,499000.0
aksesoris-pria,Grey Jack Kacamata Sunglasses Polarized Model Oval Fashion Pria Wanita TR90+Metal Anti Silau UV400 8601,Rp99.000,99000.0
aksesoris-pria,IVARON Lens Cleaner Pembersih Lensa Kacamata Kamera HP Jam Tangan Cepat Kering Tanpa Residu 100ML,Rp19.999,19999.0
aksesoris-pria,Kacamata Goodr Running Sunglasses LFG Series SHORT WITH BENEFITS,Rp499.000,499000.0
aksesoris-pria,NAUTICA KACAMATA HITAM PRIA S NA N6006SLB 005 56,Rp1.572.250,1572250.0
aksesoris-pria,Kacamata Anti Radiasi Frame Bulat Vintage Metal Fashion Bisnis Berrybarton 6326,Rp140.000,140000.0
aksesoris-pria,LEVI'S KACAMATA PRIA F LVS 7054F PJP 53,Rp1.253.750,1253750.0
aksesoris-pria,OPTIK SEIS - XYZ TR6907 s52,Rp590.000,590000.0
aksesoris-pria,OPTIK SEIS - XYZ YS9305 s52,Rp590.000,590000.0
aksesoris-pria,OPTIK SEIS - XYZ 24014 s50,Rp590.000,590000.0
aksesoris-pria,OPTIK SEIS - XYZ YS9252 s47,Rp590.000,590000.0
aksesoris-pria,Illustro Kacamata Pria F IR TY 15029 C2 54,Rp374.000,374000.0
aksesoris-pria,POLAROID KACAMATA WANITA S PO PLD6177GS 807M9,Rp1.105.000,1105000.0
aksesoris-pria,Ironclad - Sarung Tangan Touchscreen - Pro Reinforced,Rp549.000,549000.0
aksesoris-pria,RAY-BAN HEXAGONAL | RB3548N 1 | Global Fitting | Kacamata Hitam | 51mm,Rp3.410.000,3410000.0
aksesoris-pria,OAKLEY Sutro (A) Prizm | OO9406A 940604 | Asian | Kacamata Hitam| 37mm,Rp3.650.000,3650000.0
aksesoris-pria,Grey Jack Earhook Silicone Pengait Penyangga Kacamata Telinga Earhok F,Rp89.000,89000.0
aksesoris-pria,Grey Jack Essilor Elements Transisi Indoor & Outdoor Protection 1.6,Rp860.000,860000.0
aksesoris-pria,Guess Kacamata Pria F GS 50085 026 54,Rp1.810.500,1810500.0
aksesoris-pria,AWMN Ikat Pinggang Canvas Army Metal - AW75 Gesper Kanvas,Rp90.000,90000.0
aksesoris-pria,Deus Ex Machina Indonesia - Dirt Glove,Rp788.000,788000.0
aksesoris-pria,AWMN Ikat Pinggang Canvas Army Metal - AW2,Rp50.000,50000.0
aksesoris-pria,Grey Jack Kacamata Sunglasses Anti UV400 Polarized TR90 Style Kotak 6803,Rp179.000,179000.0
aksesoris-pria,RAY-BAN | RB4439D 901/9A | Kacamata Hitam | 54mm,Rp2.862.000,2862000.0
aksesoris-pria,Molsion Kacamata Pria F MP MJ6180 B90 53,Rp1.311.000,1311000.0
aksesoris-pria,Grey Jack Kacamata Anti Radiasi Blueray Bahan TR+Metal Rim Less Kotak Pria Wanita Bisa Minus 82,Rp129.000,129000.0
aksesoris-pria,Grey Jack Kacamata Blueray Clip On 2in1 Polarized Bahan TR+Metal 3201,Rp499.000,499000.0
aksesoris-pria,OAKLEY HOLBROOK (A) | OO9244 924427 | Full Fit | Kacamata Hitam | 56mm,Rp3.320.000,3320000.0
aksesoris-pria,POLAR KACAMATA HITAM PRIA S PLR GOLD 301 02/G 60,Rp556.750,556750.0
aksesoris-pria,Grey Jack Frame Kacamata Model Kotak Titanium Fashion Pria Bussiness Class Klasik Bisa Minus Antiradiasi Blueray Bluecromic 8369,Rp999.000,999000.0
aksesoris-pria,Grey Jack Frame Kacamata Model Kotak Bahan Titanium Ringan Kokoh Fashion Bisnis Pria Wanita Bisa Minus 9634,Rp1.500.000,1500000.0
aksesoris-pria,Grey Jack Kacamata Sunglasses Polarized Anti Silau/ UV400 Metal Style Semi Bulat Simple dan Elegant Fashion Unisex Terbaru 6076,Rp179.000,179000.0
aksesoris-pria,HSF eyewear Travel Microfiber Cloth Frame Kacamata Glasses,Rp20.000,20000.0
aksesoris-pria,Hoseofcuff Yellow Pocket Square,Rp75.000,75000.0
aksesoris-pria,Pocket Square Saputangan Jas Wedding Best Man BLACK PALM POCKET SQUARE,Rp75.000,75000.0
aksesoris-pria,Kacamata Hitam Sunglasses Polarized UV Protection Oval Pria Wanita - IOOI 1077Sun,Rp79.000,79000.0
aksesoris-pria,Nike Junior Kacamata Unisex F NJ 5021AF 225 50,Rp1.394.000,1394000.0
aksesoris-pria,Nike Kacamata Unisex BROWN F NK 6079AF 201 54,Rp2.176.000,2176000.0
aksesoris-pria,Ixoora Raisel - Frame Kacamata Minus Photochromic Anti Radiasi Pria Wanita Blueray Sinar Biru Bluecromic Bluechromic Bluedrive Progresif One Drive Baca Jalan,Rp125.000,125000.0
aksesoris-pria,Daiso Glasses For Show SQUARE 2,Rp5.500,5500.0
aksesoris-pria,SCVCN Polarized Kacamata Fashion Pria Wanita Bersepeda Kacamata Olahraga Luar Ruangan UV400 Desain Kacamata Hitam Tahan debu Tahan Angin Sepeda Motor MTB Perjalanan Berlari Lintas Alam,Rp70.800,70800.0
aksesoris-pria,Kasus Kacamata Lipat Segitiga Kacamata Hitam Miopia Portabel Bahan Kulit Butir Silang Tiga Dimensi Hitam Kayu Glasses,Rp36.199,36199.0
aksesoris-pria,Ixoora Lensa Photobrown Coklat Responsif Cahaya untuk Aktivitas Outdoor,Rp160.000,160000.0
aksesoris-pria,Daiso Binocular Magnifying Eyeglasses 1.6x,Rp33.000,33000.0
aksesoris-pria,CHAZANDCO Kacamata Frame Baca Plus Progresif Anti Blueray Photocromci TR90 Pria Retro Wanita Jalan Elastik Cowok ADD +1.00/1.50/2.00/2.50/3.00 auto focus autofokus otomatis Anti Sinar matahari UV400 Kaca Mata Optik-93 Lensa,Rp269.000,269000.0
aksesoris-pria,Converse Kacamata Pria F CO MCV1024LB 045 56,Rp1.436.500,1436500.0
aksesoris-pria,DEMODAS DG2182 Kacamata Lentur Lensa Photocromic Bluecromic Antiradiasi Blueray Photochromic Bluechromic Minus Normal Silinder Pria Wanita,Rp352.000,352000.0
aksesoris-pria,Grey Jack Kacamata Sunglasses Polarized Model Oval Unik Bahan Metal Anti Silau UV400 Fashion Pria Wanita 8652,Rp199.000,199000.0
aksesoris-pria,Viendo Kacamata Minus Anti Radiasi Photocromic Wanita Cowok Pria Korea Terbaru Bulat Oval Besi Frame UV400 2 in 1 Bluecromic Anti Silau Blueray HP dan Komputer Kaca Mata Optik Potocromic Fotocromi Eyewear Lensa Dewasa -1.00/-2.00/-3.00/-4.00/-5.00/-6.00,Rp189.000,189000.0
aksesoris-pria,Arlojijaya Kacamata Polarized Anti Silau Anti UV400 Sunglasess Outdoor Penampilan Stylish COD Best Seller,Rp100.000,100000.0
aksesoris-pria,Grey Jack Kacamata Frame Model Aviator Kotak Bahan Titanium Ringan Fashion Pria Wanita Bisa Minus Antiradiasi Bluecromic 2015,Rp999.000,999000.0
aksesoris-pria,Kacamata Frame Round TR90 Fashion Anti Radiasi Blueray Photocromic Bluecromic Berrybarton QQ7006,Rp159.000,159000.0
aksesoris-pria,Grey Jack Sunglasses Kacamata Hitam Polarized Anti UV 400 Anti Silau Model Kotak Bahan TR90 Fashion Pria dan Wanita 3121x,Rp179.000,179000.0
aksesoris-pria,Kacamata Goodr Running Sunglasses Circle GS Fade-er-ade Shades,Rp499.000,499000.0
aksesoris-pria,Kacamata Hitam Skena Model Bold Sunglasses Bulat Lensa Anti Uv 400 Fashion Pria Wanita Viral Trendy Band Berrybarton 332 Sunglass,Rp129.000,129000.0
aksesoris-pria,Grey Jack Kacamata Sunglasses Anti UV Polarized Model Kotak 1610,Rp399.000,399000.0
aksesoris-pria,Grey Jack Kacamata Hitam Sunglasses Polarized Anti Silau UV400 Model Aviator Kotak Unik Keren Bahan Metal Fashion Pria Fashion Trendy SA PS 2128,Rp599.000,599000.0
aksesoris-pria,Boss Kacamata Pria F HB 1487 0AN 58,Rp3.635.000,3635000.0
aksesoris-pria,Kacamata Hitam Sunglasses Anti UV400 Retro Aviator Pria Wanita - IOOI HJ-98192,Rp159.000,159000.0
aksesoris-pria,VICLOOK Smart Glasses Wireless Bluetooth V5.4 Sunglasses Sport IPX4 Wateroof Outdoor Kacamata Anti-Blue,Rp229.800,229800.0
aksesoris-pria,Converse Kacamata Unisex F CO MCV5103 263 49,Rp1.292.000,1292000.0
aksesoris-pria,Lensa Kacamata Aqua Drive Bening Anti Silau Lampu Kendaraan Anti Radiasi UV 420 - IOOI 0008,Rp449.000,449000.0
aksesoris-pria,Demodas Frame Harmona Kacamata Lensa Bluechromic Photochromic Pria Wanita Blueray Antiradiasi,Rp352.000,352000.0
aksesoris-pria,Ikat Pinggang Kulit Asli Pria Bruno Cavalli SIMs 4.0 - Men Belt,Rp215.000,215000.0
aksesoris-pria,"TALOCCO Sabuk Kulit Kasual Pria Ikat Pinggang Cowok Lebar 3,5 cm",Rp87.000,87000.0
aksesoris-pria,LUENX Kacamata HitamAviator Sunglasses for Women Men Polarized Lens Trendy Sun Glasses - UV 400 Protection 60MM with Accessories Driving Original Sunglasses 1503-3,Rp476.000,476000.0
aksesoris-pria,Grey Jack Kacamata Antiradiasi Blueray Clip On Polarized Cat Eye 2in1 Photocromic Bluecromic 7002,Rp159.000,159000.0
aksesoris-pria,Lensa Kacamata Minus/Silinder Essilor Eyezen Start Gosok Crizal Sapphire with Blue UV Capture,Rp2.149.000,2149000.0
aksesoris-pria,Grey Jack Kacamata Antiradiasi Blueray Kotak TR90 Ringan Pria Wanita Bisa Minus Lentur Sporty 8411,Rp399.000,399000.0
aksesoris-pria,Grey Jack Kacamata Dewasa Clip On 4in 1 Free 3 Lens Sunglasses Metal Aviator Pria dan Wanita 8148,Rp225.000,225000.0
aksesoris-pria,Grey Jack Kacamata Sunglasses Photocromic Polarized Bahan TR90+Metal Bentuk Aviator Pria dan Wanita Stylish 744,Rp199.000,199000.0
aksesoris-pria,zonakacamata - Frame Kacamata Fashion Pria/Wanita - The Classic Hilda Black,Rp1.280.000,1280000.0
aksesoris-pria,zonakacamata - Oldies Karl G90-289 Black Silver - Frame Kacamata - Pria/Wanita,Rp390.000,390000.0
aksesoris-pria,EIGER IPSC RIGGER CARBON BELT,Rp521.550,521550.0
aksesoris-pria,EIGER TRAVER BELT MOUNTAINEERING,Rp312.550,312550.0
aksesoris-pria,Kacamata Lensa Minus Anti Blueray Kotak Pria Wanita Sson Tvte ST5927,Rp159.000,159000.0
aksesoris-pria,PULL & BEAR KACAMATA F PG PBG5520 13 50,Rp1.192.250,1192250.0
aksesoris-pria,Grey Jack Kacamata Anti Radiasi Blueray Anti uv model kotak Bisa minus Fashion pria dan wanita /photocromic/Bluecromic FA 29233,Rp499.000,499000.0
aksesoris-pria,Grey Jack Kacamata Hitam Sunglasses Polarized Anti Silau UV400 Bahan TR90 Model Kotak Kokoh dan Ringan 919 MONDO,Rp129.000,129000.0
aksesoris-pria,Grey Jack Kacamata Sunglasses Polarized Photocromic 2in1 Transisi Model Aviator Kotak TR90 Ringan Anti Silau UV400 3125,Rp159.000,159000.0
aksesoris-pria,Ikat Pinggang Pria Tracker Armor 05,Rp125.000,125000.0
aksesoris-pria,Kalibre Sabuk Ikat Pinggang Artikel 993186000,Rp99.000,99000.0
aksesoris-pria,Sarung Tangan Kalibre 992262 Navy,Rp129.000,129000.0
aksesoris-pria,Bitzen 3.8cm Sabuk Pria Thickened Hardened Double-layer Tactical Ikat Pinggang Automatic Buckle Casual Simple Canvas Belt,Rp150.000,150000.0
aksesoris-pria,Grey Jack Kacamata Sunglasses Hitam Polarized Anti Silau UV400 Model Oval Bahan Metal Fashion Wanita 31943,Rp279.000,279000.0
aksesoris-pria,Kacamata Hitam Retro Aviator Model Pilot Lensa Anti UV Sinar Matahari Fashion Pria Wanita Vintage Glasses IOOI 2350,Rp129.000,129000.0
aksesoris-pria,Mollucas - Manawa Milky - Gratis Lensa Minus/Plus/Silinder Anti Radiasi - Kacamata Pria/Wanita Elegan Eyewear,Rp990.000,990000.0
aksesoris-pria,Kacamata Pria/Wanita Minus Cyl zonakacamata Hiro FD6007 C3 Brown Gold,Rp590.000,590000.0
aksesoris-pria,zonakacamata - Frame Kacamata Fashion Pria/Wanita - The Classic Moor Black,Rp590.000,590000.0
aksesoris-pria,"Kacamata Goodr RunningSunglasses PHG DR. RAY, STING",Rp649.000,649000.0
aksesoris-pria,Grey Jack Kacamata Hitam Sunglasses Polarized Anti Silau UV400 Acetate TR90 Kotak Style Trendy Wanita Modis Keren Fashionable 9106 X,Rp199.000,199000.0
aksesoris-pria,Groovy Eyewear - Aksesories Lap Anti Fog Anti embun Frame Kacamata Glasses,Rp7.000,7000.0
aksesoris-pria,Kacamata Style Pria Polarized UV400 Tanpa Bonus,Rp200.000,200000.0
aksesoris-pria,CONVERSE KACAMATA HITAM S CO MCV571SLB 442 51,Rp1.258.000,1258000.0
aksesoris-pria,Grey Jack Kacamata Hitam Sunglasses Anti UV 400 polarized Bahan Metal Pria dan Wanita 3447,Rp599.000,599000.0
aksesoris-pria,TARGET MILITARY - Gesper Tactical 5.11 Besi Ikat Pinggang Tactical Nylon Import Terbaik,Rp175.000,175000.0
aksesoris-pria,KACAMATAMOO - Frame Kacamata Aviator AV 2199 | Kacamata Pria Wanita | Model Retro Stylish | Ringan & Nyaman,Rp289.000,289000.0
aksesoris-pria,Sunset Eyewear - Kacamata Hitam Sunglasses - SG 3624 C1,Rp80.000,80000.0
aksesoris-pria,Kacamata Hitam Olahraga Luar Ruangan Kacamata Hitam Bersepeda Bingkai Besar Satu Bagian Kacamata Hitam Berwarna-warni,Rp40.999,40999.0
aksesoris-pria,Sunset Eyewear - Kacamata Hitam Sunglasses - SGM 2272 C3,Rp100.000,100000.0
aksesoris-pria,Sunset Eyewear - Kacamata Hitam Sunglasses - SG 3755 C1,Rp80.000,80000.0
aksesoris-pria,Ixoora Raisel - Frame Kacamata Minus Photochromic Anti Radiasi Pria Wanita Blueray Sinar Biru Bluecromic Bluechromic Bluedrive Progresif One Drive Baca Jalan,Rp125.000,125000.0
aksesoris-pria,Grey Jack Kacamata Frame Bahan Metal Model Kotak Half Frame Ringan Fashion Pria dan Wanita Bisa Minus 8622X,Rp559.000,559000.0
aksesoris-pria,OAKLEY LATCH (A) | OO9349 934957 | Sunglasses | 53mm,Rp4.350.000,4350000.0
aksesoris-pria,Daiso Side Stitched Belt (100cm),Rp33.000,33000.0
aksesoris-pria,Grey Jack Kacamata Hitam Sunglasses Polarized UV400 Model KOTAK 31760,Rp279.000,279000.0
aksesoris-pria,Classic Retro Sunglasses Fashionable Oval Sunglasses Sunshade Glasses Women,Rp27.999,27999.0
aksesoris-pria,Kacamata Frame Kotak Skena Tebal PC Lensa Hitam Sunglasses Perlindungan UV400 Outdoor Fashion Modis Gaya Korea Eyewear Pria Wanita IOOI 6084,Rp69.999,69999.0
aksesoris-pria,Grey Jack Kacamata Hitam Sunglasses Polarized Fashion Kotak Aviator Casual Trendy Style Terbaru Ringan dan Stylish 15107,Rp599.000,599000.0
aksesoris-pria,GOODR Kacamata Series BLG - The Tingle Means Its Working,Rp584.100,584100.0
aksesoris-pria,【Samphorid】Fashion Square Frame Sunglasses Personalized Sunglasses Women Light Sunglasses,Rp33.899,33899.0
aksesoris-pria,Grey Jack Kacamata Hitam Sunglasses Anti UV 400 Polarized Bahan Metal Aviator Fashion Pria & Wanita 8075,Rp179.000,179000.0
aksesoris-pria,Grey Jack Frame Kacamata Titanium Fashion Oval Keren Bisa Minus Antiradiasi Blueray Photocromic Bluecromic Pria dan Wanita 98304,Rp339.000,339000.0
aksesoris-pria,Grey Jack Kacamata Fashion Sport Bentuk Kotak Bahan TR+Silicone Bisa Minus Pria dan Wanita Stylish 203,Rp279.000,279000.0
aksesoris-pria,Grey Jack Frame Kacamata Model Kotak Acetate+TR90 Fashion Pria Wanita Bisa Minus Ringan Antiradiasi Bluecromic 71016,Rp199.000,199000.0
aksesoris-pria,Dompet Minimalis Kulit Asli Artikel CrazyHorse,Rp166.750,166750.0
aksesoris-pria,Mollucas - Kendari Gold - Memory Titanium Series - Gratis Lensa Minus/Plus/Silinder Anti Radiasi - Kacamata Pria/Wanita,Rp863.300,863300.0
aksesoris-pria,MKTRIZZ Kacamata UV Protection Anti Radiasi Bluray TR90 Retro Ringan 11g - Bisa Ganti Lensa-31110,Rp93.800,93800.0
aksesoris-pria,Lensa Progresif Essilor Varilux Start Orma 1.50 Crizal Rock,Rp1.849.000,1849000.0
aksesoris-pria,Grey Jack Kacamata Hitam Sunglasses Polarized Anti Silau UV400 Model Kotak TR90+Acetate Fashion Laki-laki dan Wanita 2527,Rp599.000,599000.0
aksesoris-pria,Grey Jack Frame Kacamata Model Kotak Bahan Titanium Ringan Kokoh Fashion Bisnis Pria Wanita Bisa Minus 37076,Rp279.000,279000.0
aksesoris-pria,BOLON MALE Kacamata Pria F BH BT1516 B90 56,Rp2.023.000,2023000.0
aksesoris-pria,KODAK FSV 1.60 Asph EvoBlue Clean N CleAR,Rp1.140.000,1140000.0
aksesoris-pria,Kacamata Lensa Minus Photocromic Anti Blueray Aviator Pria Wanita TR Metal Sson Tvte M2501,Rp179.000,179000.0
aksesoris-pria,Grey Jack Frame Kacamata Bahan Titanium Ringan Kokoh Fashion Simple Style Pria Wanita Bisa Minus Antiradiasi Bluecromic 95007,Rp339.000,339000.0
aksesoris-pria,Kacamata Hitam Sunglasses Rectangle Polarized Fashion Berrybarton 812,Rp79.100,79100.0
aksesoris-pria,Ixoora Gavya - Frame Kacamata Minus Photocromic Photochromic Anti Radiasi Pria Wanita Blueray Sinar Biru Bluecromic Bluechromic Bluedrive Progresif One Drive Baca Jalan,Rp125.000,125000.0
aksesoris-pria,Seeouo Kacamata Sunglasses Anti UV 400 Protection Style Fashionable TR90+Metal Clear Vision Pria Wanita 2428,Rp99.000,99000.0
aksesoris-pria,Seeouo Kacamata Sunglasses Hitam Bulat Retro Asian Fit TR+Metal Kokoh Anti UV Anti Silau Fashionable Unisex 9012,Rp98.010,98010.0
aksesoris-pria,Seeouo Kacamata Hitam Sunglasses Anti UV Protection Bentuk Oval Stylish Polarized Lens High Quality TR+Metal Frame 62986,Rp133.000,133000.0
aksesoris-pria,Seeouo Sunglasses Polarized Lens Aviator Style Vintage Kacamata Hitam Anti UV Anti Silau Metal Kokoh Pria Man 346,Rp133.000,133000.0
aksesoris-pria,Seeouo Kacamata Sunglasses Polarized Anti UV Kotak Fashion Trendy TR90 Anti Silau Unisex Pria Wanita 631,Rp88.000,88000.0
aksesoris-pria,Seeouo Frame Kacamata Clip On 2in1 Clip Lensa Polarized Model Bulat Oval TR90 Ringan Pria Wanita Bisa Minus 2221,Rp559.000,559000.0
aksesoris-pria,Seeouo Kacamata Hitam Sunglasses Polarized Anti UV Anti Silau Model Kotak Simple TR90+Metal Unisex 2230,Rp128.000,128000.0
aksesoris-pria,Seeouo Kacamata Clip On Series 3in1 Antiradiasi Blueray Lensa Polarized Night Vision Bentuk Aviator Frame Metal Bisa Minus 7603,Rp499.000,499000.0
aksesoris-pria,Seeouo Sunglasses Polarized Lens Aviator Style Bahan Metal Pria 329,Rp319.000,319000.0
aksesoris-pria,Seeouo Kacamata Plano Style Oval TR90+Metal Unisex New Bisa Minus 2699,Rp539.000,539000.0
aksesoris-pria,Seeouo Kacamata Clip On Anti Radiasi Blueray Style Rimless Free 1 Lensa Clip Polarized Fashion Pria Wanita Bisa Lensa Minus 7201X,Rp599.000,599000.0
aksesoris-pria,Seeouo Sunglasses Model Oval Aviator Full Metal Kuat Kokoh Kacamata Hitam Stylish Fashion Unisex Sun Protection Polarized 6001X,Rp499.000,499000.0
aksesoris-pria,Seeouo Kacamata Sunglasses Polarized Bentuk Bulat Metal Fashion Pria Wanita Lensa Hitam Anti UV 9202,Rp122.000,122000.0
aksesoris-pria,SSST Dormant Sabuk Ikat Pinggang Belt Hitam,Rp159.200,159200.0
aksesoris-pria,Seeouo Tali Penahan Kacamata Motif Sport Adjustable Bahan Kain Lembut,Rp11.900,11900.0
aksesoris-pria,Seeouo Frame Kacamata Clip On 2in1 Polarized Model Kotak TR90 8810,Rp499.000,499000.0
aksesoris-pria,Seeouo Sunglasses Polarized AntiUV Silau Alumunium Magnesium Kokoh 557,Rp399.000,399000.0
aksesoris-pria,Seeouo Kacamata Clip On 4in1 Polarized Model Kotak Unisex 6205,Rp158.000,158000.0
aksesoris-pria,KACAMATA FRIDAY KILLER | OVERY BLACK PURPLE Eyewear,Rp198.400,198400.0
aksesoris-pria,Houseofcuff ikat pinggang kulit rail hitam belt RL05,Rp99.000,99000.0
aksesoris-pria,Lensa Progresif Essilor Varilux Start Orma 1.50 Crizal Rock,Rp1.710.000,1710000.0
aksesoris-pria,Ixoora Levi - Frame Kacamata Minus Photocromic Anti Radiasi Pria Wanita Blueray Sinar Biru Bluecromic Bluechromic Bluedrive Progresif One Drive Baca Jalan Lensa Plastik Hitam Merah,Rp125.000,125000.0
aksesoris-pria,Grey Jack Kacamata Hitam Sunglasses Polarized Anti Silau UV400 Model Sport Outdoor Stylish Ringan TR90 Fashion Laki-laki Wanita 1806,Rp159.000,159000.0
aksesoris-pria,OPTIK SEIS - XYZ YS9352 s51,Rp590.000,590000.0
aksesoris-pria,OPTIK SEIS - XYZ TR83072 s49,Rp390.000,390000.0
aksesoris-pria,OPTIK SEIS - XYZ 26015 s54,Rp590.000,590000.0
aksesoris-pria,Grey Jack Kacamata Sunglasses Hitam Anti UV400 Protection Model Geometric Bahan Metal Ringan Fashionable Pria Wanita 9331,Rp399.000,399000.0
aksesoris-pria,Rokid Glasses Charging Case Box Accessories,Rp1.728.000,1728000.0
aksesoris-pria,Ted Baker Kacamata Pria F TB 4319-1 105 53,Rp1.347.250,1347250.0
aksesoris-pria,POLAR Kacamata Unisex S PLR MISTRAL 77 50,Rp433.500,433500.0
aksesoris-pria,Under Armour Kacamata Wanita F UA 5072 08A 52,Rp1.683.000,1683000.0
aksesoris-pria,Grey Jack Kacamata Clip On 4in 1 Free 3 Lensa Polarized Bahan Metal Model Aviator Bisa Minus Pria dan Wanita Fashionable 8145,Rp799.000,799000.0
aksesoris-pria,GIORDANO KACAMATA HITAM S GD GA90610 04 60,Rp518.500,518500.0
aksesoris-pria,GIORDANO KACAMATA HITAM S GD GA90639 04 56,Rp518.500,518500.0
aksesoris-pria,MIGHTY Kacamata PhotoChromic AntiRadiasi BlueRay Kotak Pria HECTOR,Rp296.010,296010.0
aksesoris-pria,KACAMATA PHOTOCHROMIC ANTIRADIASI - MIAMI SILVER Kaca mata besi Pria,Rp147.510,147510.0
aksesoris-pria,Ixoora Luffy - Frame Kacamata Minus Photocromic Photochromic Anti Radiasi Pria Wanita Blueray Sinar Biru Bluecromic Bluechromic Bluedrive Progresif One Drive Baca Jalan,Rp110.000,110000.0
aksesoris-pria,Daiso Side Stitched Belt (100cm),Rp33.000,33000.0
aksesoris-pria,OAKLEY Ophthalmic Crosslink Zero (A) | OX8080 808004 | Size 58mm,Rp2.460.000,2460000.0
aksesoris-pria,Ixoora Raisel - Frame Kacamata Minus Photochromic Anti Radiasi Pria Wanita Blueray Sinar Biru Bluecromic Bluechromic Bluedrive Progresif One Drive Baca Jalan,Rp125.000,125000.0
aksesoris-pria,Grey Jack Kacamata Frame Bahan Metal Model Kotak Half Frame Ringan Fashion Pria dan Wanita Bisa Minus 8622X,Rp559.000,559000.0
aksesoris-pria,OAKLEY LATCH (A) | OO9349 934957 | Sunglasses | 53mm,Rp4.350.000,4350000.0
aksesoris-pria,Daiso Side Stitched Belt (100cm),Rp33.000,33000.0
aksesoris-pria,Grey Jack Kacamata Hitam Sunglasses Polarized UV400 Model KOTAK 31760,Rp279.000,279000.0
aksesoris-pria,Mollucas - The Experimental - Nusa Dua Turtle - Gratis Lensa Minus/Plus/Silinder Anti Radiasi - Kacamata Pria/Wanita Eyewear Elegan,Rp990.000,990000.0
aksesoris-pria,Grey Jack Frame Kacamata Model Aviator Kotak Bahan Metal Modis Pria Wanita Simple Bisa Minus Antiradiasi Bluecromic 8629,Rp599.000,599000.0
aksesoris-pria,Hush Puppies Ikat Pinggang Pria ALDIS AUTOMATIC Black,Rp409.500,409500.0
aksesoris-pria,Kacamata Minus Metal TR90 Frame Bulat Anti Blue Light Fashion Pria Wanita - IOOI 6843,Rp159.000,159000.0
aksesoris-pria,[ USEA x Rhodey ] Tali Ikat Pinggang Gesper Sabuk Kulit Style Korea 110 - 120 cm cowok - B1033,Rp284.050,284050.0
aksesoris-pria,Grey Jack Sunglasses Kacamata Olahraga Polarized Anti Silau Sport Fashion Aktivitas Olahraga Outdoor 5327,Rp159.000,159000.0
aksesoris-pria,Brandluxid Monogram Grey Reversible Belt Set with Two Buckle in Black,Rp2.950.000,2950000.0
aksesoris-pria,Ixoora Taylor - Frame Kacamata Minus Photocromic Photochromic Anti Radiasi Pria Wanita Blueray Sinar Biru Bluecromic Bluechromic Bluedrive Progresif One Drive Baca Jalan,Rp105.000,105000.0
aksesoris-pria,Grey Jack Frame Kacamata Olahraga Model Aviator Kotak Sporty Ringan Bahan TR90 Fashion Pria Bisa Minus Kokoh YD 209,Rp599.000,599000.0
aksesoris-pria,Grey Jack Kacamata Sunglasses HItam Anti UV 400 Polarized Bahan Metal Style Kotak Fashionable Pria & Wanita 1065,Rp559.000,559000.0
aksesoris-pria,Jayuwan Ratchet Belt Genuine Leather – Sabuk Pria Premium JRC,Rp252.500,252500.0
aksesoris-pria,OAKLEY Ophthalmic Holbrook RX | OX8156 815603 | Global Fitting | 54mm,Rp2.700.000,2700000.0
aksesoris-pria,GIORDANO KACAMATA UNISEX F GD GA02721 03 54,Rp663.000,663000.0
aksesoris-pria,Grey Jack Kacamata ClipOn Free 3 lens Polarized Style Kotak New 80011,Rp899.000,899000.0
aksesoris-pria,Giordano Kacamata Hitam Unisex S GD GA90323 01 51,Rp416.500,416500.0
aksesoris-pria,Puma Kacamata Pria F P# PE0089O 007 54,Rp1.032.750,1032750.0
aksesoris-pria,RAY-BAN CARAVAN | RB3136 181 | Global Fitting | Kacamata Hitam | 58mm,Rp3.410.000,3410000.0
aksesoris-pria,Grey Jack Kacamata Clip On 4in 1 Free 3 Lensa Polarized Bahan Metal Model Aviator Bisa Minus Pria dan Wanita Fashionable 8145,Rp799.000,799000.0
aksesoris-pria,MIGHTY Kacamata PhotoChromic AntiRadiasi BlueRay Kotak Pria HECTOR,Rp296.010,296010.0
aksesoris-pria,Ixoora Luffy - Frame Kacamata Minus Photocromic Photochromic Anti Radiasi Pria Wanita Blueray Sinar Biru Bluecromic Bluechromic Bluedrive Progresif One Drive Baca Jalan,Rp110.000,110000.0
aksesoris-pria,AWMN Ikat Pinggang Canvas Army Metal - AW23 Gesper Kanvas,Rp60.999,60999.0
aksesoris-pria,Kacamata Bersepeda Dan Lari Dengan Lensa Polarized Melindungi Dari Sinar UV400 Sunset Eyewaer Sunglasses COD,Rp28.000,28000.0
aksesoris-pria,Kacamata Hitam Pria Vintage Sunglasses Retro Bulat Pria Wanita KKVSIL Black Eyewear,Rp99.000,99000.0
aksesoris-pria,MIGHTY Kacamata PhotoChromic AntiRadiasi Kotak Pria MICHIGAN LEOPARD,Rp296.010,296010.0
aksesoris-pria,Grey Jack Kacamata Frame Titanium Kotak Ringan Style Bisnis Simple 903,Rp559.000,559000.0
aksesoris-pria,Grey Jack Kacamata Sunglasess Polarized Fashion Pria Wanita Bahan Metal Bentuk Kotak SA2170,Rp339.000,339000.0
aksesoris-pria,Grey Jack Kacamata Sunglasses Polarized Anti Silau UV400 Model Aviator Kotak Metal Fashionable Pria 7719,Rp129.000,129000.0
aksesoris-pria,Grey Jack Kacamata Sunglasses Anti UV 400 Polarized Bahan TR+Metal Syle Vintage 1017,Rp159.000,159000.0
aksesoris-pria,Houseofcuff Frame Kacamata Sun Glasses Pria Wanita Unisex Hitam A10,Rp79.000,79000.0
aksesoris-pria,Hush Puppies Ikat Pinggang Pria Wayne Flat Navy,Rp429.300,429300.0
aksesoris-pria,Grey Jack Kacamata Sunglasses Anti UV400 Polarized Bahan Metal 2359,Rp339.000,339000.0
aksesoris-pria,Kacamata Minus Metal TR90 Frame Bulat Anti Blue Light Fashion Pria Wanita - IOOI 6846,Rp159.000,159000.0
aksesoris-pria,Familias - Belt - Lade Br,Rp165.000,165000.0
aksesoris-pria,Hush Puppies Ikat Pinggang Kendra Flat Reversible Black,Rp429.300,429300.0
aksesoris-pria,Grey Jack Kacamata Hitam Sunglasses Anti UV400 Foldable Kotak TR+Metal Fashionble Pria Wanita Bisa Di Lipat Ringan 200,Rp129.000,129000.0
aksesoris-pria,Grey Jack Kacamata Hitam Sunglasses Polarized Style Aviator 6313,Rp179.000,179000.0
aksesoris-pria,Kacamata Minus Metal PC Cat Eye Stylish Anti Blueray Fashion Pria Wanita - IOOI K9128,Rp128.000,128000.0
aksesoris-pria,Grey Jack Kacamata Hitam Sunglasses Polarized Anti Silau UV400 Model Korean Style Semi Cat Eye Fashion Pria Wanita Kekinian Keren Modis 58257,Rp225.000,225000.0
aksesoris-pria,zonakacamata - Frame Kacamata Fashion Pria/Wanita - The Classic Kana Black,Rp590.000,590000.0
aksesoris-pria,Grey Jack Kacamata Hitam Sunglasses Anti UV Protection Model Kotak Stylish Ringan Keren Fashion Laki-laki dan Wanita UV 31455,Rp179.000,179000.0
aksesoris-pria,Grey Jack Kacamata Hitam Sunglasses Polarized Anti Silau UV400 Model Kotak Simple Keren TR90 Laki-laki dan Wanita 6152,Rp159.000,159000.0
aksesoris-pria,Grey Jack Kacamata Hitam Sunglasses Polarized Anti Silau UV400 Bahan TR90 Model Aviator Kokoh dan Ringan 16202,Rp129.000,129000.0
aksesoris-pria,Ixoora Wesley - Frame Kacamata Minus Photocromic Photochromic Anti Radiasi Pria Wanita Blueray Sinar Biru Bluecromic Bluechromic Bluedrive Progresif One Drive Baca Jalan,Rp125.000,125000.0
aksesoris-pria,zonakacamata - Frame Kacamata Fashion Pria/Wanita - The Cat Eye Klari Grey,Rp690.000,690000.0
aksesoris-pria,Berrybarton - Kacamata Hitam Wayfarer Polycarbonate Sunglasses Pria Wanita Anti UV400 925 HEIZER,Rp79.000,79000.0
aksesoris-pria,LUENX Kacamata Hitam Aviator Sunglasses for Men Women Polarized New Shades Large Metal Frame - UV 400 Protection Original Sunglasses 6404-7 Eyewear,Rp479.000,479000.0
aksesoris-pria,Kacamata Hitam Aviator Sunglasses Pria Polarized Sson Tvte 8678,Rp239.000,239000.0
aksesoris-pria,Kacamata Goodr RunningSunglasses PHG FOSSIL FINDING FOCALS,Rp649.000,649000.0
aksesoris-pria,Mollucas-Ternate Crystal Amber-Gratis Lensa Minus Anti Radiasi-Kacamat,Rp990.000,990000.0
aksesoris-pria,Mollucas - Manawa Milky - Gratis Lensa Minus/Silinder Anti Radiasi - Frame Kacamata Pria/Wanita,Rp990.000,990000.0
aksesoris-pria,zonakacamata - Ergonomic Design - Sora Torto - Gratis Lensa Minus/Silinder Anti Radiasi - Frame Kacamata - Pria/Wanita,Rp790.000,790000.0
aksesoris-pria,Grey Jack Kacamata Clip On 2in1 Model Cat Eye TR90 Fashion Wanita Bisa Minus Antiradiasi Bluecromic Ringan 3002,Rp279.000,279000.0
aksesoris-pria,Kacamata Minus Metal TR90 Frame Bulat Anti Blue Light Fashion Pria Wanita - IOOI 6326,Rp118.000,118000.0
aksesoris-pria,Kacamata Hitam Kotak Sunglasses Trendy Polarized Sson Tvte A0712,Rp239.000,239000.0
aksesoris-pria,Grey Jack Kacamata Clip On Polarized Anti UV400 4in1 Bahan TR90+Metal Model Aviator Bisa Minus Antiradiasi Blueray Photocromic Bluecromic 205,Rp199.000,199000.0
aksesoris-pria,SCVCN Kacamata Sepeda Penawaran Khusus Lensa Berwarna Fashion Pria Wanita Olahraga Luar Ruangan Maraton Sepeda Memancing Mendaki Berlari Kacamata,Rp77.769,77769.0
aksesoris-pria,Kacamata Frame Kotak Crystal List Gold TR90 Ringan Lensa Hitam Grey Sunglasses Polarized Perlindungan UV400 Fashion Trendi Modis Korea Eyewear Pria Wanita IOOI 268,Rp99.000,99000.0
aksesoris-pria,Hush Puppies Ikat Pinggang Pria ALLY AUTOMATIC Black,Rp409.500,409500.0
aksesoris-pria,Grey Jack Kacamata Clip On 2in1 Free Lens Polarized Model Oval Bahan TR90+Metal Fashion Pria Wanita Bisa Minus 2210,Rp179.000,179000.0
aksesoris-pria,Grey Jack Kacamata Sunglasses anti UV400 Protection Model Kotak Korean Style Fashion Pria Wanita Modis M925,Rp199.000,199000.0
aksesoris-pria,Nike Junior Kacamata Unisex F NJ 5021AF 225 50,Rp1.394.000,1394000.0
aksesoris-pria,SCVCN Polarized Kacamata Fashion Pria Wanita Bersepeda Kacamata Olahraga Luar Ruangan UV400 Desain Kacamata Hitam Tahan debu Tahan Angin Sepeda Motor MTB Perjalanan Berlari Lintas Alam,Rp70.800,70800.0
aksesoris-pria,Grey Jack/ Kacamata Hitam Pria dan Wanita/ Sunglasses /5955,Rp405.000,405000.0
aksesoris-pria,Grey Jack Frame Kacamata Model Kotak Bahan Titanium Ringan Kokoh Fashion Bisnis Pria Wanita Bisa Minus 7048,Rp2.500.000,2500000.0
aksesoris-pria,Ixoora Dylan - Frame Kacamata Minus Photocromic Photochromic Anti Radiasi Pria Wanita Blueray Sinar Biru Bluecromic Bluechromic Bluedrive Progresif One Drive Baca Jalan,Rp125.000,125000.0
atasan-pria,Third Day MTB41Y s-s Men Logo3 cst tori navy Digital Kain Kaos Printing Sablon Spandex Tangan Light Nyaman,Rp119.000,119000.0
atasan-pria,Third Day MTF36 dj rock belly wht kaos pria Putih,Rp129.000,129000.0
atasan-pria,Third Day MTF77 tido wee logo hitam kaos pria,Rp119.000,119000.0
atasan-pria,Third Day MTE64 logo seoul mr T-shirt Merah,Rp119.000,119000.0
atasan-pria,HEMMEH Kaos Pria Hitam Mountain T-Shirt Hitam,Rp330.000,330000.0
atasan-pria,OOTDSUPPLY Oversized Tshirt Remember Blue Mint & Stabilo l Kaos Oversize Pria dan Wanita OVZ192,Rp79.200,79200.0
atasan-pria,"Kaos Kutung Pria Casual SVN ""Icon Logo Liver"" hitam MTT15 Navy MTT16",Rp123.000,123000.0
atasan-pria,MARGARIA BATIK - Kemeja Batik Pria Lengan Panjang - Bahan Katun Premium - Kemeja Cahyadi,Rp345.000,345000.0
atasan-pria,Seishin Kaos Boxy Superiots Tshirt musik Oversize fit Short Sleve unisex,Rp100.000,100000.0
atasan-pria,Osella Solid Shanghai Collared Short Sleeve Shirt 2032520 | Kemeja Pria Lengan Pendek,Rp139.900,139900.0
atasan-pria,Arvos - Skate Heavyweight Tee Black / Kaos Pria Unisex Hitam,Rp320.000,320000.0
atasan-pria,EXECUTIVE Slim Fit Long Sleeve Knit Shirt 1-LSICRO126B101 White,Rp314.910,314910.0
atasan-pria,Giordano (Online Exclusive) Korea Collection Long Sleeve Cotton Shirt Pria [0104549001],Rp399.000,399000.0
atasan-pria,Giordano Men's Liquid Touch Polo Pria,Rp521.100,521100.0
atasan-pria,Giordano Men's (Online Exclusive) Beau Monde Embroidery Polo 1301531666,Rp224.550,224550.0
atasan-pria,Giordano (Online Exclusive) Korea Collection Polo Shirt Pria [0101551409],Rp279.000,279000.0
atasan-pria,Giordano Men's WWT Tee Pria [0108505021],Rp129.000,129000.0
atasan-pria,Jakarta Pusat,Rp73.800,73800.0
atasan-pria,Benidson Oversized Tshirt Paraffin,Rp104.000,104000.0
atasan-pria,Predecessors Taf Atasan Kaos Pria Lengan Pendek Bahan Waffle Kerah V Neck Warna Abu-Abu  Baju  Casual,Rp105.000,105000.0
atasan-pria,Rizgo - Kaos Distro Pendek Mslo New Hitam Casual Bahan Catton 24s T Shirt Tebal Nyaman Oblong Unisex Regular Sablon Cotton Combed 24s,Rp68.370,68370.0
atasan-pria,HLPD WeirdWorld | Baju Kaos | T shirt | Boxy Tee - Daily,Rp104.000,104000.0
atasan-pria,Urbanstrict - T-Shirt Kaos Panjang Polos Combed 30s - Merah,Rp51.600,51600.0
atasan-pria,Santrinesia Kaos Santri Alumni Pondok Pesantren Sablon Bisa Menyala Bahan Combed 24s Tebal,Rp89.999,89999.0
atasan-pria,HLPD WeirdWorld | Baju Kaos | T shirt | Boxy Tee - Issue,Rp104.000,104000.0
atasan-pria,MEGABLAST - SPORTS TSHIRT OVERSIZE COTTON 24S UNISEX,Rp99.900,99900.0
atasan-pria,Kaos Distro Premium T Shirt Pria/Wanita ConnectIT B Babi - Timeless Charm ( Combed Unisex Sablon Katun Keren ),Rp54.000,54000.0
atasan-pria,Monexo-Polo sleting Lengan pendek Pria Gaya- variasi seleting bahan lakos Kaos Keren Polo Distro Baju Dewasa,Rp58.500,58500.0
atasan-pria,Benidson Kaos Boxy Oversized Exsodus Hitam Katun 16s,Rp119.000,119000.0
atasan-pria,Runks Pride T-Shirt Reguler Cotton Combed 24s Raw White,Rp119.500,119500.0
atasan-pria,RBJ T-Shirt Cotton Pria 207430211,Rp69.000,69000.0
atasan-pria,Kickchick Reguler Shoulder 24 Streak Black & White | Kaos Lengan Pendek | KCSC004,Rp85.000,85000.0
atasan-pria,Kemeja Pria Lengan Pendek Short Coksu 5213 Kasual Murah Distro,Rp105.470,105470.0
atasan-pria,Rizgo - Kerah Polo Rzg Segitiga Putih Shirt polos Terkeren Premium Quality Kaos Katun Pria Unisex Tebal Wanita Silver Gold Distro Gold Distro,Rp44.000,44000.0
atasan-pria,HLPD WeirdWorld | Baju Kaos | T shirt | Boxy Tee - 427,Rp104.000,104000.0
atasan-pria,Harigami Kaos Polos Katun Bambu Mustard (Tshirt Bamboo Fibre Cotton),Rp90.000,90000.0
atasan-pria,HLPD Weirdworld 16S Heavyweight Boxy Tee - Great,Rp114.000,114000.0
atasan-pria,Districtstuff T-shirt - Justice Has Fallen,Rp59.500,59500.0
atasan-pria,Kemeja Batik Pria ARUNARAI Full Furing Bahan Katun Halus Premium High Quality Katun Katun,Rp178.888,178888.0
atasan-pria,Benidson Singlet Sleeveless Oversized Tshirt Hitam Bloody,Rp95.000,95000.0
atasan-pria,Ashall.sky Kaos Pria Distro Lengan Pendek Vacation Great Times Grey | Baju T-Shirt Keren,Rp59.000,59000.0
atasan-pria,Ashall.sky Kaos 30s Warna Motif Abstract Hitam Pria Lengan Pendek Atasan Tshirt Distro Cowok Kaos Pria,Rp59.000,59000.0
atasan-pria,Ashall.sky Kaos Unisex Pria Wanita Dewasa Warna Hitam Motif Lose Heart Katun Combed 24s,Rp69.000,69000.0
atasan-pria,BELIEVEDIAGEMSAE – Polo Shirt Regular Braccio,Rp119.000,119000.0
atasan-pria,Ashall.sky Kaos Distro Dewasa Depan Belaka ng Great Vibes Cream Cotton Combed 30S Unisex Lengan Pendek,Rp59.000,59000.0
atasan-pria,Kickchick Doublesleeve Boxy Witch Cat Navy White | Kaos Atasan | Lengan Panjang Unisex | KC-LS-BXM002,Rp129.000,129000.0
atasan-pria,SWAVIEE Oversize Tshirt Feature Bill,Rp101.010,101010.0
atasan-pria,Ashall.sky Baju Kaos Distro Pria Warna Putih Journey Kaos Oblong Katun Combed 30s,Rp59.000,59000.0
atasan-pria,GNTX MUAYTHAI Performance Tshirt PT1 Kaos Atasan Olahraga Pria,Rp140.000,140000.0
atasan-pria,RBJ T-Shirt Cotton Lengan Panjang Pria 43036,Rp79.000,79000.0
atasan-pria,HLPD WeirdWorld | Baju Kaos | T shirt | Oversize Tee - Terminal,Rp104.000,104000.0
atasan-pria,BELIEVE OversizeTshirt | TWINS STAR 2 | Kaos Oversize Pria dan Wanita,Rp80.000,80000.0
atasan-pria,Ashall.sky Kaos Pria Wanita Motif Adven Begin Warna Putih Katun Combed 30s,Rp59.000,59000.0
atasan-pria,Executive Long Sleeve Basic Shirt with Pocket 1-LSRBSC524O107 Beige,Rp314.910,314910.0
atasan-pria,Rizgo - Kerah Polo Rzg Force Sky Blue Shirt polos Terkeren Premium Quality Kaos Katun Pria Unisex Tebal Wanita Silver Distro Gold Baju Sablon Logo,Rp44.000,44000.0
atasan-pria,Kab. Banyumas,Rp259.000,259000.0
atasan-pria,Ry Lifestyle - Kaos Pria Lengan Pendek Light And Butterflie - Kaos Distro,Rp69.700,69700.0
atasan-pria,RJ SKAY - Polo Shrit Distro Polos Quality Hitam Lengan Panjang Polo Kerah Premium Unisex Pria Wanita Baju Keren Dewasa,Rp73.500,73500.0
atasan-pria,HLPD Weirdworld Kaos Tshirt Boxy Oversize Pecah Pola Cirs Benhur - Orbit,Rp114.000,114000.0
atasan-pria,5988 Atasan Pria Kemeja Lengan Panjang Kerah Six Long Shanghai Navy Mu,Rp114.000,114000.0
atasan-pria,Third Day MTK42 Kaos Oversize Distro Pria Instacool Slash Hitam Maroon,Rp75.000,75000.0
atasan-pria,MANZONE Polo Pria Lengan Pendek Slim Fit Polis-Navy,Rp139.900,139900.0
atasan-pria,Third Day MTG11 ls evo kata maroon kaos tangan panjang,Rp89.400,89400.0
atasan-pria,Third Day MTI34 Kaos T-Shirt Pria Instacool Byic Waist Label Hitam,Rp125.000,125000.0
atasan-pria,Skelly Kaos Pria Wanita Ace Much Tee Orange,Rp99.000,99000.0
atasan-pria,Kaos T-Shirt DB Lengan Panjang Security Reguler Fit Unisex Pria Wanita,Rp74.900,74900.0
atasan-pria,HLPD Weirdworld Pocket Boxy Oversize Baju Kaos Distro Basic T Shirt Cotton Combad 24S - White,Rp84.900,84900.0
atasan-pria,HLPD WeirdWorld | Baju Kaos | T shirt | Boxy Tee - Flow,Rp104.000,104000.0
atasan-pria,HLPD Weirdworld 16S Heavyweight Oversized Tee - Compassion,Rp114.000,114000.0
atasan-pria,Ashall.sky Kaos Distro Pria Wanita Motif Durcotta Warna Denim Bahan Katun Combed 30s,Rp59.000,59000.0
atasan-pria,Benidson Oversized Tshirt Well Son,Rp104.000,104000.0
atasan-pria,HLPD WeirdWorld | Baju Kaos | T shirt | Oversize Tee - Opposition,Rp104.000,104000.0
atasan-pria,HLPD WeirdWorld | Baju Kaos | Lekbong SleeveLess Tanktop Oversize - Walk,Rp99.000,99000.0
atasan-pria,HLPD WeirdWorld | Baju Kaos | T shirt | Oversized Tee - Basic Polos Maple Brown,Rp79.000,79000.0
atasan-pria,HLPD WeirdWorld | Baju Kaos | T shirt | Oversize Tee - Starving,Rp104.000,104000.0
atasan-pria,Predecessors Taf Atasan Kaos Pria Lengan Pendek Bahan Waffle Kerah V Neck Warna Biru Keunguan Baju,Rp105.000,105000.0
atasan-pria,Ashall.sky Kaos Pria Wanita Distro Dewasa Enjoy Waves Hijau Army DB Bahan Katun Combet 30s,Rp59.000,59000.0
atasan-pria,X8 Hendri T-Shirt - Kaos pria lengan panjang,Rp179.900,179900.0
atasan-pria,Indostreet - Kaos Lengan Pendek Logo One Samping Putih Unisex Pria Wanita Bahan Katun Combed 24s Premium,Rp68.000,68000.0
atasan-pria,BELIEVE OversizeTshirt | HIDE & SEEK | Kaos Oversize Pria dan Wanita,Rp80.000,80000.0
atasan-pria,Kemeja Embos Sultan Lengan Panjang Pria Mocca Diamond Casual Slim-fit,Rp129.900,129900.0
atasan-pria,EIGER MENS VANASEEKER 1.0 SS SHIRT,Rp287.200,287200.0
atasan-pria,Peternation kemeja kerah basic pure linen regular fit PR030,Rp315.000,315000.0
atasan-pria,Peternation kemeja kerah basic pure linen regular fit PR029,Rp315.000,315000.0
atasan-pria,Kemeja Pria Short Sleeve Shanghai Detak Original,Rp119.900,119900.0
atasan-pria,Third Day MTH88 Kaos Distro Pria Katakana Kerning Hitam Digital Nyaman Printing Sablon Spandex Tangan,Rp125.000,125000.0
atasan-pria,Baju Kaos Distro Pria MTH69 Third Day Osaka 1Line Kaos White,Rp119.000,119000.0
atasan-pria,Kemeja Pendek Soldierside Blue Rose on Cream,Rp215.000,215000.0
atasan-pria,Third Day MTK42 Kaos Oversize Distro Pria Instacool Slash Hitam Maroon,Rp75.000,75000.0
atasan-pria,MTN70 kaos oversize basket scuba tebal Third Day katakana 23 navy,Rp135.000,135000.0
atasan-pria,Third Day MTL54 Kaos TShirt Pria Instacool Logo Shoulders Hitam Digital Kain Printing Sablon Spandex,Rp125.000,125000.0
atasan-pria,Third Day MTL56 Kaos TShirt Pria Instacool thirdday Hitam Digital Nyaman Printing Sablon Spandex,Rp125.000,125000.0
atasan-pria,Third Day MTM56 kaos oversize couple scuba batik paisley putih,Rp135.000,135000.0
atasan-pria,Third Day MTO16 Kaos T Shirt Pria Oversize Thirdday Italia Hitam,Rp135.000,135000.0
atasan-pria,Third Day Kaos Baseball Distro Pria Td Dakir Hitam Putih MTL17 MTL23 MTL20 Bulat Fit Kancing Logo Motif,Rp185.000,185000.0
atasan-pria,Third Day MTE98 long sleeve world thdy dakir navy,Rp139.000,139000.0
atasan-pria,kaos rohani oversize fear not pray often MTP63 MTP64,Rp135.000,135000.0
atasan-pria,Semi Parka Kemeja Parka Panjang Original Pria Casual Maroon,Rp209.800,209800.0
atasan-pria,Rockstended T-shirt baseball Pria-Wanita Unisex bahan cotton,Rp139.900,139900.0
atasan-pria,Third Day MTJ71 Kaos Oversize Distro Pria Thdy Dateng Navy,Rp185.000,185000.0
atasan-pria,Rizgo - Kaos Distro Pendek Bul Bear Hitam Casual Bahan Catton 24s T Shirt Tebal Nyaman Oblong Regular Sablon Cotton Combed Unisex,Rp68.370,68370.0
atasan-pria,HLPD Weirdworld 16S Heavyweight Oversized Tee - Basic Polos Hijau Botol,Rp89.000,89000.0
atasan-pria,DS Kaos Band - Mayhem,Rp187.500,187500.0
atasan-pria,HLPD Weirdworld Double Sleeve Boxy Tee - Auda,Rp119.500,119500.0
atasan-pria,Rizgo - T-Shirt Kaos Panjang London Quality Unisex Combed Fit,Rp69.900,69900.0
atasan-pria,Stupidinside Tshirt Nedys Hitam & Putih Reguler,Rp129.000,129000.0
atasan-pria,Kaos Polos Lengan Pendek Putih Unisex Pria Wanita Leher O-Neck Roud Neck 24s Baju Fit Lembut Nyaman Soft Pria TROPHIS,Rp200.000,200000.0
atasan-pria,RyLifestyle T-Shirt Kaos Pria Panjang RY LIFESTYLE SAMBUNG PUTIH Kaos Cewek Cowok Distro RY Apparel Baju Santai Baju Kerja,Rp73.800,73800.0
atasan-pria,HLPD Weirdworld 16S Heavyweight Boxy Tee - Conqueror,Rp114.000,114000.0
atasan-pria,Madless | Kemeja Lengan Pendek Stripe Boxy | Crop | Stripe Maroon,Rp118.000,118000.0
atasan-pria,HLPD Weirdworld Kaos Tshirt Boxy Oversize Pecah Pola Chiv Hijau Botol - Format,Rp114.000,114000.0
atasan-pria,Detak Original Kemeja Embos Sultan Lengan Pendek Pria Hijau Army Etnik Slim-fit,Rp119.900,119900.0
atasan-pria,Rider Sleeveless - Tanktop Pria V-Neck R226BWH Warna Hitam isi 1 Pcs,Rp71.920,71920.0
atasan-pria,Benidson Oversized Tshirt Keep On Benidson,Rp104.000,104000.0
atasan-pria,Jakarta Pusat,Rp68.000,68000.0
atasan-pria,Monexo - Kaso Pria T-shirt Lengan Pendek Kaos Distro Pria Katun Kombed 24s DT23,Rp60.500,60500.0
atasan-pria,Kemeja Embos Sultan Lengan Pendek Pria Ash Grey Kunai Casual Slimfit,Rp119.900,119900.0
atasan-pria,Moutley Kaos Pria Lengan Pendek Oversized Fit Katun 16s Temptation OL-M080725,Rp125.000,125000.0
atasan-pria,"Kaos Baju Distro Murah Motif ""CEWE PAKAI PAYUNG"" Original Premium Tebal Unisex Katun 24S Cewek Cowok Pasangan Nyaman Atasan Keren Simple Dewasa Couple Oblong Panjang Wanita Lembut Pendek pria",Rp67.800,67800.0
atasan-pria,MEGABLAST - BROCOZILA TSHIRT OVERSIZE COTTON 24S UINISEX,Rp99.900,99900.0
atasan-pria,T-Shirt Boxy Twelve-eyes | Black | Brainsgland,Rp79.000,79000.0
atasan-pria,HLPD WeirdWorld | Baju Kaos | Lekbong SleeveLess Tanktop Oversize - Basic Polos Dark Grey,Rp79.000,79000.0
atasan-pria,Ry Lifestyle - Kaos Lengan Panjang R Splas Logo Silver Unisex | Kaos Panjang Pria Dan Wanita | Kaos Keren Katun Combet 24s Size M L XL XXL Tesedia Banyak Warna Tshirt Distro,Rp73.800,73800.0
atasan-pria,Rocketman - Poloshirt Pendek Roket Miring DB Tulisan Putih Baju Pria Wanita Distro Cewek Cowok,Rp49.600,49600.0
atasan-pria,Rizgo - Polo Shirt pendek Rzg Segi Putih Terkeren T-Shirt Baju Santai Baju Kerja Unisex,Rp68.000,68000.0
atasan-pria,Third Day MTK42 Kaos Oversize Distro Pria Instacool Slash Hitam Maroon,Rp75.000,75000.0
atasan-pria,MANZONE Polo Pria Lengan Pendek Slim Fit Polis-Navy,Rp139.900,139900.0
atasan-pria,Third Day MTG11 ls evo kata maroon kaos tangan panjang,Rp89.400,89400.0
atasan-pria,Third Day MTI34 Kaos T-Shirt Pria Instacool Byic Waist Label Hitam,Rp125.000,125000.0
atasan-pria,Skelly Kaos Pria Wanita Ace Much Tee Orange,Rp99.000,99000.0
atasan-pria,STARCROSS Kaos Pria - SHADOW SHAPE - White,Rp112.800,112800.0
atasan-pria,Breakside T-Shirt Thunder Black Kaos Baju Hitam Pria,Rp95.500,95500.0
atasan-pria,Kaos Pdk Cartenz Tactical Spider Reguler 02,Rp199.000,199000.0
atasan-pria,Corner Concept Tshirt Oversized - Whitout Dinner - First Gaming Distro,Rp94.733,94733.0
atasan-pria,New Kaos / Jersey Yonex Tru Breeze Indo Master Landmark 2476 Jet Black,Rp165.000,165000.0
atasan-pria,KAOS BAJU PRIA KATUN HITAM LENGAN PENDEK FRIDAY KILLER | OG BLACK,Rp172.800,172800.0
atasan-pria,Kaos Pria Casual Horse Club Impor T-shirt Lengan Pendek Distro Harian Premium Brand Quality Terbaru Pria Wanita,Rp87.500,87500.0
atasan-pria,Paramerch Tshirts Kaos Romantic Rose Bunga Mawar Katun Cotton Combed 24s Streetwear Unisex 3D Dimensi Pria Wanita Distro Cewek Cowok Hitam Terbaru Big Size Jumbo Kekinian Unik Viral Keren Bergaransi XXL Autentik Kata-kata Modern Premium,Rp125.060,125060.0
atasan-pria,Corner Concept Tshirt Oversized - Silence Is Luxurious - First Gaming Distro,Rp94.733,94733.0
atasan-pria,LGS - Regular Fit - Kaos Polo - Warna Motif - Merah,Rp173.950,173950.0
atasan-pria,Raden Skygo Welder Workshirt Jumbo Big Size 3XL 4XL 5XL Hijau Army,Rp150.070,150070.0
atasan-pria,Hush Puppies Kaos Polo Pria Limoges 3 White,Rp210.000,210000.0
atasan-pria,"kaos oversize gym bodybuilding ""let's go to the bar"" MTP46 MTP47",Rp155.000,155000.0
atasan-pria,DICKIES - New York Stripes Tee SS - Kaos Lengan Pendek,Rp531.790,531790.0
atasan-pria,OE Summer 2025 - Blue Genta Batik Shirt,Rp949.000,949000.0
atasan-pria,Kemeja Pria Cardinal C2492P06A,Rp209.000,209000.0
atasan-pria,"Lite Tees seri Petruk Basket , Voice of Jogja",Rp171.750,171750.0
atasan-pria,Mahameru Tshirt Kaos Polos Pria Wanita Keren K01-42,Rp126.000,126000.0
atasan-pria,PURPOSE - Kaos Pria Simpel Splash Skull Black Baju Combed,Rp100.000,100000.0
atasan-pria,LARUSSO Dawn of Time - Kemeja Koko Printing Pria Lengan Panjang - QIYUT,Rp459.900,459900.0
atasan-pria,Voust T-shirt Divine Heavens White Tees,Rp199.000,199000.0
atasan-pria,[ADLV] 3D Ac Bear Face Short Sleeve T-Shirt Cream - Kaos Oversized Fit Unisex Acme De La Vie,Rp949.000,949000.0
atasan-pria,Breakside Shirt Edzard - White Kemeja Pendek Distro Pria,Rp114.900,114900.0
atasan-pria,Clote Kaos Boxy Crop Fit Oversize Pria Dan Wanita 91 Full Fit Cotton 20s,Rp106.900,106900.0
atasan-pria,Delibra Kaos Polos Oversize Black,Rp125.125,125125.0
atasan-pria,Troy Company Neck Stripe Tshirt Navy Tenebris - Kaos Lengan Pendek Kaos Navy KST 3544-2N2O,Rp99.900,99900.0
atasan-pria,"Way Cloth Baju Kaos Distro Series Reflective Rainbow Unisex Pria Wanita Hitam Cotton Combed - Katun, Oblong - Sablon",Rp88.000,88000.0
atasan-pria,Way Kaos Dewasa Unisex - Tshirt Distro Motif Simpel - ASTRONAUT LONELY,Rp88.000,88000.0
atasan-pria,STARCROSS Kaos Pria - SDM YOUTH FONT 09 - White,Rp112.800,112800.0
atasan-pria,Hi VABA Oversized In The End We Same Tshirt | Kaos Streetwear Unisex Tee Combed Pria Baju Distro Printing Pendek Oversize Panjang,Rp105.000,105000.0
atasan-pria,MANZONE - Kaos Pima Cotton Lengan Pendek Pria Jesper 5 Slim Fit - Green,Rp122.332,122332.0
atasan-pria,Hush Puppies Kemeja Pria KK DOHA Off White,Rp339.500,339500.0
atasan-pria,[ADLV] 3D Logo Standard Short Sleeve T-Shirt Charcoal - Kaos Standard Fit Unisex Acme De La Vie,Rp749.000,749000.0
atasan-pria,MANZONE kemeja formal lengan panjang ECLIPSE-LIGHT BLUE,Rp209.900,209900.0
atasan-pria,Kaos Oblong Pria Saku Bahan Adem untuk Haji dan Umroh Material Menyerap Keringat Model Standard Fit Nyaman dan Ringan,Rp87.500,87500.0
atasan-pria,Peternation kemeja pria flanel wool basic panjang regular fit Casual Kerah High Distro Navy Formal,Rp236.500,236500.0
atasan-pria,ORORA Baju Kaos Oversize pria wanita unisex Premium cotton 16s Korea Hwaiting OV NORKL 37,Rp174.000,174000.0
atasan-pria,Cardinal Kemeja Lengan Panjang Pria C2893J06D,Rp412.500,412500.0
atasan-pria,BLUELINE by X EIGHT Arlo T-Shirt - Kaos Lengan Pendek Hitam Pria,Rp124.950,124950.0
atasan-pria,Cardinal T-Shirt Pria C2502P02A,Rp202.500,202500.0
atasan-pria,Kaos Lite Tees seri Sepeda Setengah bahan bamboo cotton Voice of Jogja,Rp169.000,169000.0
atasan-pria,Districtstuff T-shirt - Existence,Rp59.500,59500.0
atasan-pria,Deus Ex Machina Indonesia - Chinook Muscle,Rp525.000,525000.0
atasan-pria,Zarventure Altair Kemeja Lengan Pendek quickdry Stretch,Rp104.000,104000.0
atasan-pria,Kaos Lengan Pendek Desain Niche Berat Cetak Serbaguna Santai Musim Panas Atasan OKECHUKU hala Katun Unisex T-Shirt,Rp128.000,128000.0
atasan-pria,MANZONE - Kaos Polo Lengan Pendek Pria Grom 03 Slim Fit - Dark Grey,Rp259.900,259900.0
atasan-pria,XLUNO Ethical Polo Wash Denim Baju Polo Pria Jumbo Knit Big Size Lengan Pendek,Rp349.000,349000.0
atasan-pria,Kemeja Lengan Pendek Siguguk Tapak Besar,Rp1.460.000,1460000.0
atasan-pria,Manzone Kaos Lengan Pendek Pria Akino - White,Rp129.900,129900.0
atasan-pria,Kemeja Pria Atasan Pria Kemeja Printing Lengan Pendek Hitam OLR101,Rp115.000,115000.0
atasan-pria,Cardinal Kemeja Lengan Pendek Pria E0067P04B,Rp363.500,363500.0
atasan-pria,keepfs.id | t-shirt heavyweight 16s polos | floral blue stone,Rp130.000,130000.0
atasan-pria,Johnson | T-shirt Ancient1 Black,Rp99.000,99000.0
atasan-pria,Moutley Kaos Pria Katun Lengan Pendek Hand Skull OL-M30324,Rp99.000,99000.0
atasan-pria,"Kemeja Flanel Wool PETER NATION Basic Kerah High Panjang Regular Fit Pria - Motif, Formal",Rp236.500,236500.0
atasan-pria,Kab. Sleman,Rp299.000,299000.0
atasan-pria,Otsky Kaos Pria Plus Buring Katun 24s Kualitas Jahitan Terbaik Sablon Premium,Rp91.900,91900.0
atasan-pria,6054 Kemeja Pria Lengan Panjang Shanghai Six Long Dark Abu Shanghai,Rp114.000,114000.0
atasan-pria,MGee Kaos Pria Warna Sage toffe Khaky Lengan Pendek Oblong T-Shirt Oasis,Rp222.800,222800.0
atasan-pria,tshirt tshirt tshirt - kaos distro downhill sepeda mtb bmx gunung cross gratis ongkir kaosbos [COD],Rp198.000,198000.0
atasan-pria,Third Day MTB41Y s-s Men Logo3 cst tori navy Digital Kain Kaos Printing Sablon Spandex Tangan Light Nyaman,Rp119.000,119000.0
atasan-pria,MANZONE Polo Pria Lengan Pendek Slim Fit Polis-Navy,Rp139.900,139900.0
atasan-pria,Benidson Reguler Tshirt Shark Fin,Rp90.000,90000.0
atasan-pria,Skelly Kaos Pria Wanita Ace Much Tee Orange,Rp99.000,99000.0
atasan-pria,Third Day MTI34 Kaos T-Shirt Pria Instacool Byic Waist Label Hitam,Rp125.000,125000.0
atasan-pria,CYFCLO Kaos Polos Reguler Lengan Panjang Katun Combed 24S | Plain Long Sleeve T Shirt,Rp106.350,106350.0
atasan-pria,Jack Nobel Kemeja Formal Pria Lengan Pendek Slim Fit Viscose Premium 20 Warna Eksklusif Point Collar Manset Kancing Satu,Rp120.650,120650.0
atasan-pria,Ashall.sky Kaos Pria Wanita | T-shirt Distro Premium Bahan Katun 30s | Kaos Polos Pria Wanita | Kaos Pria Wanita Motif The Forest Navy,Rp59.000,59000.0
atasan-pria,MORWICK - Kaos Polo Shirt Short Sleeve Lengan Pendek Pria - Reaper - Putih,Rp132.500,132500.0
atasan-pria,[TERBARU] Arjuna Weda Hem Premium Batik Pria Motif Pasung Keris - Regular Fit | Lapis Trikot,Rp389.480,389480.0
atasan-pria,Wrangler T-Shirt Short Sleeve Regular EDMUN E001 Charcoal,Rp199.900,199900.0
atasan-pria,EXECUTIVE Short Sleeve Waffle T-Shirt 1-TSRCRT126C226 Ochre,Rp179.900,179900.0
atasan-pria,"HEGDER - Kemeja Pria Lengan Pendek Oversize Hitam ""VORTEX"" Kemeja Boxy",Rp216.000,216000.0
atasan-pria,Kelme T-Shirt Timnas Indonesia 2026 Official Home Navy,Rp399.000,399000.0
atasan-pria,EXECUTIVE Oversized Textured T-Shirt 1-TSOCRT226A427 Taupe,Rp179.910,179910.0
atasan-pria,Way Kaos Polo Shirt Pria Logo Font Red Size M-XXL Baju Distro,Rp65.000,65000.0
atasan-pria,ALMANO Devin Shirt LS Maroon / Kemeja Pria Slim Fit Polos Panjang Katun Maroon,Rp159.000,159000.0
atasan-pria,Dickies Big League T-Shirts DM323-SS07 WH,Rp465.000,465000.0
atasan-pria,Kaos Dagadu 1994 Original Lengan Pendek Navy Brown Cut & Sew,Rp250.000,250000.0
atasan-pria,Rip Curl Men Bali 25 Muscle Tee - Washed Black,Rp331.000,331000.0
atasan-pria,Galeri Batik Ardev Loka Kemeja Pria Lengan Panjang Reguler Lapis Furing Warna Hitam,Rp160.000,160000.0
atasan-pria,"MBD035 kaos distro pria fashion PANTHERA LEO HITAM unisex tshirt (FREE STIKER,MASKER) Combed",Rp70.000,70000.0
atasan-pria,Giordano Cotton Lycra Polo Pria Signature Black [0101411801],Rp199.000,199000.0
atasan-pria,Ry Lifestyle - Kaos Lengan Pendek Polos Unisex Bahan Katun Combad 24s Quality Premium Pria Dan Wanita Navy,Rp66.300,66300.0
atasan-pria,Indostreet - Kaos Lengan Pendek Polos Ids Blue Unisex korea Regular Shirt hdgd,Rp62.700,62700.0
atasan-pria,XTRAORDINARY T-Shirt Cotton Combed Sablon Discharge Pria 2073290181,Rp49.000,49000.0
atasan-pria,Wrangler T-Shirt Short Sleeve Regular EDMUN S/S B016 Black,Rp199.900,199900.0
atasan-pria,Seigneur Kaos Polos Pria Green Army Cotto Combed 24s Tebal Kaos Casual,Rp56.700,56700.0
atasan-pria,Zarventure Kaos TShirt 1037 Adventure,Rp62.400,62400.0
atasan-pria,Zarventure Kaos TShirt 1057 Adventure,Rp62.400,62400.0
atasan-pria,Cressida The Next Level Kaos Striped Printed Unisex T-Shirt J150N - Navy,Rp79.900,79900.0
atasan-pria,New Kaos / Jersey Yonex Tru Breeze Indo Master Landmark 2476 Jet Black,Rp165.000,165000.0
atasan-pria,Aos Wb Theme We Bare Bears Kaos Pria 122877915,Rp99.900,99900.0
atasan-pria,Hi VABA Oversized Cyber Puppy Tshirt | Kaos Streetwear Unisex Tee Combed Pria Printing Baju Distro Wanita Panjang Digital Oversize,Rp105.000,105000.0
atasan-pria,Waveblast Oversize T-Shirt - Plushie,Rp119.000,119000.0
atasan-pria,Hush Puppies Kemeja Pria BSC DILLION 3 Light Grey MB29504LGY,Rp289.000,289000.0
atasan-pria,Kab. Bekasi,Rp72.413,72413.0
atasan-pria,OOTDSUPPLY Oversized Tshirt 898 Luminos Black & White l Kaos Oversize Pria dan Wanita OVZ174,Rp79.200,79200.0
atasan-pria,Clustercool Kemeja Pantai Unisex Pria Wanita Bahan Rayon Lembut Motif Nyaman Panjang Pendek Santai,Rp45.500,45500.0
atasan-pria,Waniqlo - Polo Shirt Kerah Polos Unisex Pria Wanita Cokelat M L XL XXL,Rp55.500,55500.0
atasan-pria,Kale Waffle T-shirt Cotton Viscose Waffle Asian Fit | Dark Mustard,Rp91.750,91750.0
atasan-pria,KAOS BAJU PRIA KATUN HITAM LENGAN PENDEK FRIDAY KILLER | OG BLACK,Rp172.800,172800.0
atasan-pria,HOUSE OF TAMBIYU T-SHIRT BRAND HOUSE KAOS TANGTOP / SINGLET PRIA SIZE M L XL XXL Hitam,Rp89.550,89550.0
atasan-pria,"""CEISTEN"" OVERSIZE 20s T-SHIRT / BAJU KAOS OVERSIZE PRIA DISTRO ALBERT EINSTEN Keren Katun Sablon Combed Atasan",Rp87.900,87900.0
atasan-pria,Hush Puppies Kaos Polo Pria KURINAI Navy MK29509NVY,Rp289.000,289000.0
atasan-pria,Bespoke Project - Nora Linen Embroidery,Rp399.000,399000.0
atasan-pria,RBJ T-Shirt Cotton Spandex Pria 247101,Rp179.000,179000.0
atasan-pria,Breakside T-Shirt Thunder Black Kaos Baju Hitam Pria,Rp95.500,95500.0
atasan-pria,Kaos Pdk Cartenz Tactical Spider Reguler 02,Rp199.000,199000.0
atasan-pria,Corner Concept Tshirt Oversized - Whitout Dinner - First Gaming Distro,Rp94.733,94733.0
atasan-pria,Hush Puppies Tank Top Pria MUSCLE TEE QD Black UGN25001BK,Rp209.500,209500.0
atasan-pria,STARCROSS Kaos Pria - GOROVE 2 - Black T-Shirt,Rp94.000,94000.0
atasan-pria,Hush Puppies Kaos Polo Pria GIANCARLO Light Brown MK29747LBR,Rp401.300,401300.0
atasan-pria,Voust Oversize T-shirt Saint Legalicy Black Tees,Rp259.000,259000.0
atasan-pria,STARCROSS Kaos Pria - SHADOW SHAPE - White,Rp112.800,112800.0
atasan-pria,Cressida The Next Level Kemeja Koko Casual Regular Fit Shirt A179G - Green,Rp399.920,399920.0
atasan-pria,Kemeja Batik Pria PARIKESIT Full Furing Bahan Katun Premium High Quality,Rp206.000,206000.0
atasan-pria,Otsky Kaos Pria Plus Buring Katun 24s Kualitas Jahitan Terbaik Sablon Premium,Rp91.900,91900.0
atasan-pria,"Kemeja Flanel Wool PETER NATION Basic Kerah High Panjang Regular Fit Pria - Motif, Formal",Rp236.500,236500.0
atasan-pria,[DO NOT ORDER] FREE GIFT T-SHIRT OFFICIAL HIKVISION,Rp999.999,999999.0
atasan-pria,6054 Kemeja Pria Lengan Panjang Shanghai Six Long Dark Abu Shanghai,Rp114.000,114000.0
atasan-pria,Wellborn Manipulative Washed T-shirt Black.,Rp140.000,140000.0
atasan-pria,Wellborn Fabula Oversized White LS T-shirt,Rp165.000,165000.0
atasan-pria,Osella Zain Short Sleeve Shirt With Welt Pocket 20326601 | Kemeja Lengan Pendek Pria,Rp248.127,248127.0
atasan-pria,Third Day MTB41Y s-s Men Logo3 cst tori navy Digital Kain Kaos Printing Sablon Spandex Tangan Light Nyaman,Rp119.000,119000.0
atasan-pria,MANZONE Polo Pria Lengan Pendek Slim Fit Polis-Navy,Rp139.900,139900.0
atasan-pria,Benidson Reguler Tshirt Shark Fin,Rp90.000,90000.0
atasan-pria,Skelly Kaos Pria Wanita Ace Much Tee Orange,Rp99.000,99000.0
atasan-pria,Third Day MTI34 Kaos T-Shirt Pria Instacool Byic Waist Label Hitam,Rp125.000,125000.0
atasan-pria,KAOSBRO - Semua Akan Mumet Pada Waktunya - Pria dan Wanita - Kain Katun - Kualitas Premium,Rp72.413,72413.0
atasan-pria,Platini Kemeja Pria Lengan Panjang Polos Polinosic Sky Blue 66105,Rp158.900,158900.0
atasan-pria,POLICE Kemeja Kotak Cotton Twill Slub Regular Fit Lengan Panjang Pria,Rp199.000,199000.0
atasan-pria,Brill Eighty Eight - Kemeja Flanel Panjang Super Premium Blk Mst Wht 88 L3569,Rp155.500,155500.0
atasan-pria,RAIKENI Kemeja Oreo | Kemeja Oversized | Kemeja Rayon | Koko Rayon,Rp99.900,99900.0
atasan-pria,Brill Eighty Eight - Kemeja Flanel Panjang Premium Varian 88 L3876-L3881,Rp155.500,155500.0
atasan-pria,Peternation kemeja flanel wool basic panjang regular fit PT27 Casual Pria Atasan Kerah,Rp236.500,236500.0
atasan-pria,ARWEAR T-Shirt DON'T CARE Black,Rp99.000,99000.0
atasan-pria,HLPD WeirdWorld Baju Kaos Lengan Panjang T shirt Long Sleeve Boxy Tee - Siast,Rp114.000,114000.0
atasan-pria,Animous Kaos Tshirt Kastela Katun Nyaman Nyaman,Rp139.400,139400.0
atasan-pria,Calderioz - Kemeja Summer Motif Daun Tropis Hitam Lengan Pendek Pria Wanita Outfit Santai,Rp135.000,135000.0
atasan-pria,Calderioz - Kemeja Tropis Motif Floral Burgundy Blue Outfit Liburan Santai Pria Wanita Vibes,Rp135.000,135000.0
atasan-pria,Hi VABA Oversized Angels Moro Tshirt | Kaos Streetwear Unisex Te Combed Pria Baju Distro Katun Oversize Pendek Printing Oblong Panjang,Rp99.750,99750.0
atasan-pria,Kaos Pria Wanita Premium Distro Cute Pink Pig - Baju Atasan Sablon Pria Wanita,Rp120.000,120000.0
atasan-pria,Jakarta Utara,Rp98.600,98600.0
atasan-pria,Kemeja Lengan Pendek Pria Rigi River Road,Rp190.800,190800.0
atasan-pria,Brandluxid De Coeur Polo Shirt Grey White,Rp3.950.000,3950000.0
atasan-pria,Brill Eighty Eight - Kemeja Polos Pin TL S2 Panjang Suprem Silver 88 P4123,Rp155.500,155500.0
atasan-pria,Rianty Batik Premium Pria Kemeja Pendek Slimfit Geinko Geinka,Rp299.000,299000.0
atasan-pria,Rip Curl Men Vaporcool Search Stack Tee - Light Navy,Rp419.000,419000.0
atasan-pria,LGS - Kaos Casual Pria - Kaos Kerah Wangky - Lengan Pendek - Maroon - JWS.324.L3128F.01,Rp305.370,305370.0
atasan-pria,MILLS POLO SHIRT ENVER 2.0 POLO SHIRT 17150,Rp249.000,249000.0
atasan-pria,Corner Concept Tshirt Oversized - I'M Not Perfect But I'M Always Myself - First Gaming Distro,Rp94.733,94733.0
atasan-pria,Kemeja Polos Pria Lengan Panjang Grey Oxford Slim-fit,Rp129.900,129900.0
atasan-pria,Kaos Polo Shirt Pria Lengan Pendek Warna Hijau Sage Green Knit Garis,Rp99.999,99999.0
atasan-pria,Breakside T-Shirt Demeter Black Kaos Pria,Rp84.900,84900.0
atasan-pria,Animous Kaos Tshirt Kappu,Rp139.400,139400.0
atasan-pria,Zalmore Men T-Shirt Wide Stripe Series | LUMA Cotton - Kaos Pria Motif Salur Garis Klasik Putih-Maroon,Rp146.370,146370.0
atasan-pria,Kab. Bekasi,Rp72.413,72413.0
atasan-pria,MANZONE Kemeja Shanghai Lengan Panjang Pria NABEEL-Black Grey,Rp159.900,159900.0
atasan-pria,Hellfrog Tshirt Longsleeve Ophira Black Tees,Rp99.000,99000.0
atasan-pria,Kemeja Lengan Pendek Pria Rayon Motif Vintage Hawai Santai Pantai,Rp94.999,94999.0
atasan-pria,Kemeja Pantai Pria Kemeja Hawai Kemeja Motif Hawaiian Shirt Rayon,Rp94.999,94999.0
atasan-pria,The Don's House ATHLETE BOXY - T-shirt Kaos Baju Lengan Pendek Motif Sablon Bahan Cotton 24s Pria Wanita,Rp135.000,135000.0
atasan-pria,Kemeja Batik Pria BINTANG NAVY Full Furing Bahan Katun Halus High Quality,Rp190.000,190000.0
atasan-pria,MANZONE- Kemeja Koko Lengan Panjang Pria Arash Modern Fit - Light Brown,Rp209.900,209900.0
atasan-pria,Peternation kemeja flanel wool basic panjang regular fit F417 Pria Kerah Kotak,Rp236.500,236500.0
atasan-pria,MGEE Kemeja Lengan Pendek Kotak Kotak Shirt Pria M.GEE Original ALTO C131 Green,Rp179.900,179900.0
atasan-pria,Ereste269 T-Shirt Short Sleeve Colors Brown,Rp89.000,89000.0
atasan-pria,Onanzoe Kaos Batak UNANG GANGGU CAFFEINE LOADING Desain Unik dan Trendy untuk Pria dan Wanita Bahan Nyaman Cocok Sehari-hari,Rp135.000,135000.0
atasan-pria,Cressida The Next Level Kaos Regular Fit Graphic T-Shirt B011H - Hitam,Rp181.930,181930.0
atasan-pria,RBJ T-Shirt Cotton Combed Oversized Pria 2079250251,Rp85.000,85000.0
atasan-pria,Kalibre T shirt 980680 Black,Rp179.000,179000.0
atasan-pria,Kalibre T shirt 980717 Black,Rp165.000,165000.0
atasan-pria,Kalibre T-Shirt Turquoise Blue 980941,Rp175.000,175000.0
atasan-pria,Kemeja Pria Lengan Pendek Rayon Motif Kemeja Pantai Santai Vintage 819,Rp94.999,94999.0
atasan-pria,Td Friends MTF34 dj rock back wht kaos pria Putih Bulat Fit Spandex Pendek Tshirt,Rp165.000,165000.0
atasan-pria,Hi VABA Oversized Clown Invashion Tshirt | Kaos Streetwear Unisex Tee Combed Sablon Baju Pria Wanita Atasan Distro Pendek Panjang Printing,Rp105.000,105000.0
atasan-pria,Scommer T-Shirt Heal Times Black - Cotton Combed 24s,Rp99.900,99900.0
atasan-pria,Tangerang Selatan,Rp88.000,88000.0
atasan-pria,Delibra Kemeja Flanel Pria 16,Rp147.000,147000.0
atasan-pria,MANZONE Kemeja Shanghai Lengan Pendek BARRA-NAVY,Rp159.900,159900.0
atasan-pria,Animous Kaos Pria Tshirt Farkas Unisex Simple,Rp110.000,110000.0
atasan-pria,Corner Concept Tshirt Oversized - Couple Goals - First Gaming Distro,Rp94.733,94733.0
atasan-pria,Santa Cruz Os Delfino Tarot Mono T-Shirt Sm223-Ss14,Rp499.900,499900.0
atasan-pria,Obermain Kaos Polo Pria DANNY Black OPA25007BK,Rp199.000,199000.0
atasan-pria,Kaos Cowok Distro Korea 3D Panda – Kaos Baju Pria Dewasa Sablon 3D KR OR3D 95 T-Shirt Unisex Cotton Combed 24s Atasan Nyaman Printing Motif Keren Katun Tulisan,Rp120.000,120000.0
atasan-pria,MAGNESIUM137 KAOS l GUNS | ARTWORK SERIES,Rp70.000,70000.0
atasan-pria,Lilac Gama Batik Shirt - OE x Wilsen Willim,Rp899.000,899000.0
atasan-pria,Kaos Basket Pria Jordan Rare Air WSH 84 SS Crew IB3130-673,Rp339.500,339500.0
atasan-pria,EPIDEMIC PRM T-shirt & Longsleeve ( D*FF*CT ),Rp140.000,140000.0
atasan-pria,RJ SKAY Polo Shrit Polos Maroon Kaos Kerah Unisex Keren Premium Quality Baju Brand Pria Wanita,Rp63.570,63570.0
atasan-pria,MANZONE Polo Pria Lengan Pendek Slim Fit Polis-Navy,Rp139.900,139900.0
atasan-pria,MTG91 thirdday kaos pria unisex katakana dateng list katakana navy,Rp119.000,119000.0
atasan-pria,Benidson Reguler Tshirt Shark Fin,Rp90.000,90000.0
atasan-pria,LGS - Kaos Casual Pria - Lengan Pendek - Slim Fit - Hitam - Gambar Sablon Belakang - JTS.322.S3199F.33.C,Rp259.870,259870.0
atasan-pria,Kaos Oversize SANTA SKATE T-Shirt Cowo Premium Kaos Big Size Pria Panjang Lembut Variasi Distro,Rp92.000,92000.0
atasan-pria,Rianty Batik Premium Pria Kemeja Panjang Navy Hem Mahveen Mahveena,Rp249.000,249000.0
atasan-pria,Santa Cruz Os Delfino Tarot Mono T-Shirt Sm223-Ss14,Rp499.900,499900.0
atasan-pria,CDL T-Shirt Pria H0163P01A,Rp95.000,95000.0
atasan-pria,MANZONE Kemeja Shanghai Lengan Pendek BARRA-NAVY,Rp159.900,159900.0
atasan-pria,Hi VABA Oversized Clown Invashion Tshirt | Kaos Streetwear Unisex Tee Combed Sablon Baju Pria Wanita Atasan Distro Pendek Panjang Printing,Rp105.000,105000.0
atasan-pria,Kaos Polo Shirt Sleting Zipper Pria Lengan Pendek Warna Putih Broken White Knit Motif Garis,Rp109.999,109999.0
atasan-pria,Cardinal Jaket Pria E0436J02H,Rp559.500,559500.0
atasan-pria,Kalibre T shirt 980680 Black,Rp179.000,179000.0
atasan-pria,Kalibre T shirt 980717 Black,Rp165.000,165000.0
atasan-pria,Kalibre T-Shirt Turquoise Blue 980941,Rp175.000,175000.0
atasan-pria,Brill Eighty Eight - Kemeja Kahfi Pendek Misty Sgry Gry Wht 88 FK-S2273,Rp115.000,115000.0
atasan-pria,Corner Concept Tshirt Oversized - Couple Goals - First Gaming Distro,Rp94.733,94733.0
atasan-pria,Kemeja Pria Lengan Pendek Rayon Motif Kemeja Pantai Santai Vintage 819,Rp94.999,94999.0
atasan-pria,Kaos Basket Pria Jordan Rare Air WSH 84 SS Crew IB3130-673,Rp339.500,339500.0
atasan-pria,Lilac Gama Batik Shirt - OE x Wilsen Willim,Rp899.000,899000.0
atasan-pria,Scommer T-Shirt Heal Times Black - Cotton Combed 24s,Rp99.900,99900.0
atasan-pria,Miracle Mates - Heavycotton Oversized T Shirt White I Kaos Polos Oversized I Heavyweight Cotton,Rp105.000,105000.0
atasan-pria,MAGNESIUM137 KAOS l GOREA BK | BASIC SERIES,Rp70.000,70000.0
atasan-pria,Td Friends MTF34 dj rock back wht kaos pria Putih Bulat Fit Spandex Pendek Tshirt,Rp165.000,165000.0
atasan-pria,(NEW)Omidoki Tshirt Gabriel Reguler Putih Kaos Pria Distro Original Baju Oblong Keren Combed Katun Cowok Dewasa Branded Nyaman,Rp69.960,69960.0
atasan-pria,Matsuda Kemeja Pria Polos Lengan pendek Kasual Tachikawa Indigo,Rp119.900,119900.0
atasan-pria,EIGER ACT AIRYLIGHT MEN T-SHIRT,Rp299.000,299000.0
atasan-pria,Brandluxid Tee 3 Stretch Cotton T-Shirt With Graphic Logo Print Red & Blue,Rp1.850.000,1850000.0
atasan-pria,MAGNESIUM137 KAOS l DRAGOWN l ARTWORK SERIES,Rp70.000,70000.0
atasan-pria,PAKAJI Kemeja Flanel Pria Lengan Panjang Merah Garis HIjau Kemeja Pria Flanel Pria Kemeja Panjang 1054,Rp159.000,159000.0
atasan-pria,RBJ T-Shirt Cotton Pria 43040,Rp69.000,69000.0
atasan-pria,MAGNESIUM137 KAOS l HYPEBEACH | LOGO SERIES,Rp70.000,70000.0
atasan-pria,KAOS PILOTTER LEAK ORIGINAL FREE STICKER - PLTR-424,Rp99.000,99000.0
atasan-pria,Rip Curl Men Vaporcool Search Stack Tee - Light Navy,Rp419.000,419000.0
atasan-pria,LGS - Kaos Casual Pria - Kaos Kerah Wangky - Lengan Pendek - Maroon - JWS.324.L3128F.01,Rp305.370,305370.0
atasan-pria,Kab. Bekasi,Rp72.413,72413.0
atasan-pria,Kemeja Batik Pria BINTANG NAVY Full Furing Bahan Katun Halus High Quality,Rp190.000,190000.0
atasan-pria,MANZONE- Kemeja Koko Lengan Panjang Pria Arash Modern Fit - Light Brown,Rp209.900,209900.0
atasan-pria,Platini Kemeja Pria Lengan Panjang Polos Polinosic Sky Blue 66105,Rp158.900,158900.0
atasan-pria,Kaos Pria Wanita Premium Distro Cute Pink Pig - Baju Atasan Sablon Pria Wanita,Rp120.000,120000.0
atasan-pria,Jakarta Utara,Rp98.600,98600.0
atasan-pria,Kemeja Lengan Pendek Pria Rigi River Road,Rp190.800,190800.0
atasan-pria,Brandluxid De Coeur Polo Shirt Grey White,Rp3.950.000,3950000.0
atasan-pria,Ereste269 T-Shirt Short Sleeve Colors Brown,Rp89.000,89000.0
atasan-pria,The Don's House ATHLETE BOXY - T-shirt Kaos Baju Lengan Pendek Motif Sablon Bahan Cotton 24s Pria Wanita,Rp135.000,135000.0
atasan-pria,Kemeja Lengan Pendek Pria Rayon Motif Vintage Hawai Santai Pantai,Rp94.999,94999.0
atasan-pria,Kemeja Pantai Pria Kemeja Hawai Kemeja Motif Hawaiian Shirt Rayon,Rp94.999,94999.0
atasan-pria,Delibra Kemeja Flanel Pria 16,Rp147.000,147000.0
atasan-pria,Peternation kemeja flanel wool basic panjang regular fit F417 Pria Kerah Kotak,Rp236.500,236500.0
atasan-pria,Calderioz - Kemeja Summer Motif Daun Tropis Hitam Lengan Pendek Pria Wanita Outfit Santai,Rp135.000,135000.0
atasan-pria,Rianty Batik Premium Pria Kemeja Pendek Slimfit Geinko Geinka,Rp299.000,299000.0
atasan-pria,Rianty Batik Premium Pria Kemeja Panjang Hem Rafiq Rafiqa,Rp249.000,249000.0
atasan-pria,Rianty Batik Premium Pria Kemeja Pendek Slimfit Hem Kuzain,Rp299.000,299000.0
atasan-pria,KAOSBRO - Semua Akan Mumet Pada Waktunya - Pria dan Wanita - Kain Katun - Kualitas Premium,Rp72.413,72413.0
atasan-pria,Unionwell T-shirt Moto Frame Green,Rp315.000,315000.0
atasan-pria,ARWEAR T-Shirt DON'T CARE Black,Rp99.000,99000.0
atasan-pria,Brill Eighty Eight - Kemeja Flanel Panjang Premium Varian 88 L3876-L3881,Rp155.500,155500.0
atasan-pria,Brill Eighty Eight - Kemeja Polos Pin TL S2 Panjang Suprem Silver 88 P4123,Rp155.500,155500.0
atasan-pria,Brill Eighty Eight - Kemeja Flanel Panjang Super Premium Blk Mst Wht 88 L3569,Rp155.500,155500.0
atasan-pria,Peternation kemeja flanel wool basic panjang regular fit PT27 Casual Pria Atasan Kerah,Rp236.500,236500.0
atasan-pria,POLICE Kemeja Kotak Cotton Twill Slub Regular Fit Lengan Panjang Pria,Rp199.000,199000.0
atasan-pria,Unionwell T-shirt Lancelot White,Rp315.000,315000.0
atasan-pria,Kab. Bekasi,Rp72.413,72413.0
atasan-pria,EPIDEMIC PRM T-shirt & Longsleeve ( D*FF*CT ),Rp140.000,140000.0
atasan-pria,RJ SKAY Polo Shrit Polos Maroon Kaos Kerah Unisex Keren Premium Quality Baju Brand Pria Wanita,Rp63.570,63570.0
atasan-pria,MANZONE Polo Pria Lengan Pendek Slim Fit Polis-Navy,Rp139.900,139900.0
atasan-pria,MTG91 thirdday kaos pria unisex katakana dateng list katakana navy,Rp119.000,119000.0
atasan-pria,Benidson Reguler Tshirt Shark Fin,Rp90.000,90000.0
atasan-pria,Rocketman - Poloshirt Pendek Roket Miring DB Tulisan Putih Baju Pria Wanita Distro Cewek Cowok,Rp49.600,49600.0
atasan-pria,Rizgo - Polo Shirt pendek Rzg Segi Putih Terkeren T-Shirt Baju Santai Baju Kerja Unisex,Rp68.000,68000.0
atasan-pria,Moutley Kaos Pria Lengan Pendek Oversized Fit Katun 16s Temptation OL-M080725,Rp125.000,125000.0
atasan-pria,Crocodile Singlet Dropneddle Pria - Putih,Rp79.900,79900.0
atasan-pria,BELIEVE OversizeTshirt | TIME DOLL | Kaos Oversize Pria dan Wanita,Rp80.000,80000.0
atasan-pria,Waniqlo - Kaos Polos T-shirt Cotton Combed 30s Unisex - Navy,Rp56.940,56940.0
atasan-pria,Predecessors Taf T-shirt Kaos Grafis Lengan Pendek Unisex Oversized Heavyweight Tee Runner Hitam Combed Fit Putih Sablon,Rp105.000,105000.0
atasan-pria,SWAVIEE Oversize Tshirt Flowlies White,Rp98.420,98420.0
atasan-pria,HLPD Weirdworld 16S Heavyweight Boxy Tee - Wrong,Rp114.000,114000.0
atasan-pria,Ashall.sky Baju Kaos Distro Pria Warna Army Motif Great Vibes Kaos Oblong Katun Combed 30s,Rp58.000,58000.0
atasan-pria,Kickchick Longsleeve Top Spray Black | Kaos Pria Lengan Panjang,Rp115.000,115000.0
atasan-pria,OFFLINE tshirt reguler unisex pria dan wanita vol 1 bahan cotton combed 24s tebal distro kain Standar Kaos Baju Hitam,Rp67.600,67600.0
atasan-pria,MAGNESIUM137 KAOS l RELG | LOGO SERIES,Rp70.000,70000.0
atasan-pria,Ashall.sky Kaos distro Pakaian pria wanita distro Unisex Merah Maron Terbaru Katun Combed 30s,Rp59.000,59000.0
atasan-pria,Thesilversky Victory Renaissance Shirt Boxy Oversized | Kemeja Linen Premium Men Pria,Rp185.900,185900.0
atasan-pria,Executive Slim Fit Basic Short Sleeve T-Shirt 1-TSIBSC525O132 Charcoal,Rp134.910,134910.0
atasan-pria,Ashall.sky Baju Kaos Distro Warna Putih Pria Wanita Motif Hamberder Katun Combed 30s,Rp58.000,58000.0
atasan-pria,MTP59 Kaos Rohani Oversize Bahan Tebal Scuba Just Pray Hitam Baju Digital Nyaman Printing Sablon Unisex Pria,Rp185.000,185000.0
atasan-pria,Madless | Kemeja Lengan Pendek Stripe Boxy | Crop | Stripe Sky,Rp118.000,118000.0
atasan-pria,RBJ T-Shirt Cotton Pria 43054,Rp69.000,69000.0
atasan-pria,Kaos Cuma Istriku Tersayang Combed Kaos Kata-Kata Tulisan Unik Baju Kaos Pria Dewasa Unisex,Rp68.000,68000.0
atasan-pria,BREY Kaos Polos Pria Wanita Baju Lengan Pendek Basic Tee Tees Simple Premium Navy White Putih Black Hitam Olive Hijau Army Grey Abu Cream Khaki Cotton Katun Combed 30s Premium T Shirt Oblong Distro Comfort Nyaman,Rp350.000,350000.0
atasan-pria,Reckblud - Kaos Polo Lengan Panjang Polos Elegan Unisex Biru,Rp75.600,75600.0
atasan-pria,Peternation kemeja kerah basic pure linen regular fit PR010,Rp315.000,315000.0
atasan-pria,MAGNESIUM137 KAOS l STEN WT | GRAFITI SERIES,Rp70.000,70000.0
atasan-pria,Raden Skygo T-shirt Get The Game R023 Jet Black,Rp74.500,74500.0
atasan-pria,V4 KAOS MOTOR NINJA SS TSHIRT RIDER MOTOR DISTRO SUNMORI MODIFIKASI OUTFIT RIDER PRIA WANITA BAJU OTOMOTIF HASUNA DISTRO KAOS RACING,Rp65.000,65000.0
atasan-pria,Seishin T-shirt long sleeve Double layer logo anarcy love kaos vintage kualitas distro varian warna bahan katun 24s adem nyaman,Rp105.000,105000.0
atasan-pria,Jakarta Pusat,Rp73.800,73800.0
atasan-pria,T-Shirt Oversize Unisex Skinarma Hyperion,Rp1.139.000,1139000.0
atasan-pria,Madless | Longshirt Kemeja Lengan Panjang Stripe Pria | Long BW,Rp139.000,139000.0
atasan-pria,Kemeja Flanel Lengan Panjang Unisex Model Kotak-Kotak Kemeja Pria Wanita Unisex Allsize M Jeans Kain Lembut Nyaman,Rp55.000,55000.0
atasan-pria,Kemeja Batik Pria Lengan Panjang Dewasa Baju Seragam Murah Modern Kondangan Kerja Mewah,Rp65.599,65599.0
atasan-pria,Ashall.sky Kaos Unisex Pria Wanita Dewasa Warna Navy Motif Addict Katun Combed 30s,Rp59.000,59000.0
atasan-pria,MANZONE Kaos lengan pendek TEXAS-BEIGE,Rp79.900,79900.0
atasan-pria,POLO Shirt Hitam / Black Kaos Kerah Strip Pria Dewasa Katun Premium Aplikasi List Gentsy,Rp112.500,112500.0
atasan-pria,Kickchick Oversize Triple Line Kchck Japan Army & White | Kaos Lengan Pendek | Atasan Unisex | SKU,Rp95.000,95000.0
atasan-pria,Obermain Kaos Pria FRANKIE Brown OPC25031BR,Rp330.330,330330.0
atasan-pria,CYFCLO Kemeja Flanel Long Sleeve Basic Unisex-Motif Kotak-Kotak Klasik,Rp218.700,218700.0
atasan-pria,Voust T-shirt Kaos Pria Wanita SOLITUDE Hitam Combed 24s Regular Size Distro Tshirt,Rp199.000,199000.0
atasan-pria,Indostreet - Baju Kaos Lengan Pendek New Motif Logo Hitam Unisex Casual Dan Formal Katun 24s Pria Wanita kaos boxy oversize billion stars shirt paps shirt kaos biru skena,Rp66.000,66000.0
atasan-pria,Seishin Tshirt Lekbong Doom Ae Punk tribe presents Kaos singlet Tanktop musik unisex Trendy Oblong Distro Kekinian,Rp78.500,78500.0
atasan-pria,Deus Ex Machina Indonesia - Momento Ls Tee,Rp785.000,785000.0
atasan-pria,Runks Pride T-Shirt Reguler Cotton Combed 24s Love & Anarchy Black,Rp114.500,114500.0
atasan-pria,Seishin Tshirt Lengan Panjang Rib Bad Religion logo Kaos Long Sleeve Musik Metal unisex,Rp115.000,115000.0
atasan-pria,Giordano Men's Short Sleeve Wrinkle Free Shirt Pria,Rp599.000,599000.0
atasan-pria,Indostreet - Kaos Polo Idst Shirt Lengan Panjang Polos IS Merah Putih Blok Hitam Unisex,Rp74.800,74800.0
atasan-pria,CYFCLO Kaos Polos Reguler Lengan Panjang Katun Combed 24S | Plain Long Sleeve T Shirt,Rp106.350,106350.0
atasan-pria,Jack Nobel Kemeja Formal Pria Lengan Pendek Slim Fit Viscose Premium 20 Warna Eksklusif Point Collar Manset Kancing Satu,Rp120.650,120650.0
atasan-pria,Giordano Cotton Lycra Polo Pria Signature Black [0101411801],Rp199.000,199000.0
atasan-pria,Indostreet - Kaos Lengan Pendek Polos Ids Blue Unisex korea Regular Shirt hdgd,Rp62.700,62700.0
atasan-pria,Galeri Batik Ardev Loka Kemeja Pria Lengan Panjang Reguler Lapis Furing Warna Hitam,Rp160.000,160000.0
atasan-pria,"MBD035 kaos distro pria fashion PANTHERA LEO HITAM unisex tshirt (FREE STIKER,MASKER) Combed",Rp70.000,70000.0
atasan-pria,Kaos Dagadu 1994 Original Lengan Pendek Navy Brown Cut & Sew,Rp250.000,250000.0
atasan-pria,Dickies Big League T-Shirts DM323-SS07 WH,Rp465.000,465000.0
atasan-pria,Ry Lifestyle - Kaos Lengan Pendek Polos Unisex Bahan Katun Combad 24s Quality Premium Pria Dan Wanita Navy,Rp66.300,66300.0
atasan-pria,Wrangler T-Shirt Short Sleeve Regular EDMUN S/S B016 Black,Rp199.900,199900.0
atasan-pria,Seigneur Kaos Polos Pria Green Army Cotto Combed 24s Tebal Kaos Casual,Rp56.700,56700.0
atasan-pria,EXECUTIVE Oversized Textured T-Shirt 1-TSOCRT226A427 Taupe,Rp179.910,179910.0
atasan-pria,ALMANO Devin Shirt LS Maroon / Kemeja Pria Slim Fit Polos Panjang Katun Maroon,Rp159.000,159000.0
atasan-pria,Kemeja Pria Shanghai Short Sleeve Black Yellow Line,Rp119.900,119900.0
atasan-pria,Firsthand Kaos Kerah Polo Shirt Pria Switch Toffee,Rp184.000,184000.0
atasan-pria,KEMEJA LENGAN PENDEK LINEN PRIA PREMIUM - HITAM - UREKI LINEN SHIRT,Rp479.000,479000.0
atasan-pria,MTG91 thirdday kaos pria unisex katakana dateng list katakana navy,Rp119.000,119000.0
atasan-pria,EPIDEMIC PRM T-shirt & Longsleeve ( D*FF*CT ),Rp140.000,140000.0
atasan-pria,Way Kaos Polo Shirt Pria Logo Font Red Size M-XXL Baju Distro,Rp65.000,65000.0
atasan-pria,Rip Curl Men Bali 25 Muscle Tee - Washed Black,Rp331.000,331000.0
atasan-pria,MORWICK - Kaos Polo Shirt Short Sleeve Lengan Pendek Pria - Reaper - Putih,Rp132.500,132500.0
atasan-pria,Ashall.sky Kaos Pria Wanita | T-shirt Distro Premium Bahan Katun 30s | Kaos Polos Pria Wanita | Kaos Pria Wanita Motif The Forest Navy,Rp59.000,59000.0
atasan-pria,[TERBARU] Arjuna Weda Hem Premium Batik Pria Motif Pasung Keris - Regular Fit | Lapis Trikot,Rp389.480,389480.0
atasan-pria,Kelme T-Shirt Timnas Indonesia 2026 Official Home Navy,Rp399.000,399000.0
atasan-pria,"HEGDER - Kemeja Pria Lengan Pendek Oversize Hitam ""VORTEX"" Kemeja Boxy",Rp216.000,216000.0
atasan-pria,Wrangler T-Shirt Short Sleeve Regular EDMUN E001 Charcoal,Rp199.900,199900.0
atasan-pria,EXECUTIVE Short Sleeve Waffle T-Shirt 1-TSRCRT126C226 Ochre,Rp179.900,179900.0
atasan-pria,XTRAORDINARY T-Shirt Cotton Combed Sablon Discharge Pria 2073290181,Rp49.000,49000.0
atasan-pria,Erspo 2025 Short Sleeve Shirt Classic Nothern Droplet,Rp199.500,199500.0
atasan-pria,Hush Puppies Kaos Polo Pria Blizzard Maroon,Rp401.300,401300.0
atasan-pria,Epidemic T-Shirt American Cotton 24s To Survive,Rp119.000,119000.0
atasan-pria,Brill Eighty Eight - Kemeja Flanel Panjang Super Premium Brown-Grn 88 L3384,Rp155.500,155500.0
atasan-pria,Jagomuda Terate Kaos Lekbong Psht Shiningheart Atribut Perguruan Setia Hati Terate Bahan Katun Tebal Free Sticker,Rp65.000,65000.0
atasan-pria,Kaos Tangan Api Psht Desain Terbaru Distro Cotton Combed 24S,Rp75.000,75000.0
atasan-pria,adidas Gym & Training WORKOUT ESSENTIALS BASE T-SHIRT Men Red KD5456,Rp300.000,300000.0
atasan-pria,Houseofcuff Kaos Polos Pria Premium Katun Combed LenganPendek UnguMuda,Rp89.000,89000.0
atasan-pria,Ashall.sky T-shirt Distro Premium Bahan Katun l Kaos Pria Wanita Motif Comfort Zone Unisex,Rp59.000,59000.0
atasan-pria,KAOS SH TERATE SIMPEL TERBARU DISTRO KAOS PSHT,Rp75.000,75000.0
atasan-pria,JERSEY GARUDA PANCASILA DRYFIT FULLPRINT / JERSEY WARSAN GARUDA PANCASILA,Rp75.000,75000.0
atasan-pria,Hush Puppies Kaos Polo Pria Holmes Camel,Rp289.500,289500.0
atasan-pria,Reckblud - Bundling 3 Pcs Polo LIST Kerah Polos Unisex Paket Hemat Coksu Putih Army Panjang Pria,Rp318.000,318000.0
atasan-pria,Hadinata Embroidery Batik Kemeja Panjang Partha Prina,Rp1.799.000,1799000.0
atasan-pria,STARCROSS Kaos Pria - TABBY STAR - Black,Rp150.400,150400.0
atasan-pria,AMK Kemeja Pria Lengan Pendek SHG ITO S/S Tosca,Rp99.990,99990.0
atasan-pria,Anchorage Bear T-shirt Haagen Breakfast Kaos Oversize Limited Edition Mid Range,Rp129.000,129000.0
atasan-pria,CLOWOR Luffy Warrior of Liberation Sun God Nika Gear 5 Hito Hito no Mi Strawhat Pirates One Piece Anime Kaos T-Shirt,Rp100.000,100000.0
atasan-pria,Popsicles Kaos Boxy Oversized Obsidian Putih - Katun Combed 20s T-Shirt Distro Printing Tee,Rp105.000,105000.0
atasan-pria,Hi VABAd Spooky Tshirt | Kaos Streetwear Unisex Tee Combed Pria Baju Oversize Distro Printing Panjang Pendek Band Digital Vintage,Rp105.000,105000.0
atasan-pria,BAIHAQI - Oxford Long Shirt N Grey | Kemeja Abu Lengan Panjang Bahan Oxford | Kemeja Abu Basic Formal BKK50A,Rp189.000,189000.0
atasan-pria,Way Kaos Dewasa Unisex - Kaos Distro - Imagination Black,Rp88.000,88000.0
atasan-pria,Oversized T-shirt Sandwash F*CK YOU Anchorage Bear Washed Color shirt kaos misfits crew neck baju kaos menyala saat gelap baju sh,Rp209.000,209000.0
atasan-pria,M231 Kemeja Pria Batik Panjang Abu 1091,Rp199.000,199000.0
atasan-pria,Hi VABA Oversized You Know Better Tshirt | Kaos Streetwear Unisex Tee Combed Pria Baju Wanita Printing Distro,Rp105.000,105000.0
atasan-pria,Mnst | Jersey Football Oversize | Nakata,Rp145.000,145000.0
atasan-pria,Batik Pria JAYASHREE - Batik Slimfit Kiran Brown Kemeja Batik Pria Lengan Pendek - Kemeja Formal Kerah Motif Batik Bahan Lembut Warna Coklat - Batik Pria Dewasa - Batik Premium - Batik Kerja Cowok,Rp220.500,220500.0
atasan-pria,Hush Puppies Kaos Polo Pria CAMPO Navy MK29632NVY,Rp289.500,289500.0
atasan-pria,Heyfreak S-shirt Larry Series,Rp100.000,100000.0
atasan-pria,AMK Kemeja Motif Pria Lengan Pendek SHP Basel S/S Black,Rp119.000,119000.0
atasan-pria,FortKlass Kaos Oversize MATEOV Polos Fit Forterry T-Shirt Cowok Premium Kaos Pria Lengan Pendek Jumbo Oblong Baju,Rp119.000,119000.0
atasan-pria,Hush Puppies Kaos Pria LEVIERO 4 Dark Blue ML26507DBL,Rp209.000,209000.0
atasan-pria,KAOS PILOTTER BRAIN ORIGINAL FREE STICKER - PLTR-325,Rp99.000,99000.0
atasan-pria,Kalibre T-Shirt Red 981079,Rp129.000,129000.0
atasan-pria,MGee Kaos Pria Lengan Pendek Polos M Gee Oliver C148 White,Rp246.800,246800.0
atasan-pria,Moutley Kaos Pria Lengan Pendek Oversized Fit Katun 20s House OL-C240125,Rp107.550,107550.0
atasan-pria,Kaos cotton combed lengan panjang pria putih houseofcuff wave surf,Rp110.000,110000.0
atasan-pria,Rianty Batik Premium Pria Kemeja Panjang Furing Navy Hem Aleric,Rp499.000,499000.0
atasan-pria,FortKlass CREW Kaos Pria Lengan Pendek Catton Combed 30s Baju Fit,Rp72.270,72270.0
atasan-pria,RBJ T-Shirt Cotton Pria 43040,Rp69.000,69000.0
atasan-pria,FortKlass Kaos INDEPENDENCE Reguler FortKlass Kaos Regular Fit Kaos Sablon Kaos Lengan Pendek Atasan Tshirt Distroar,Rp83.000,83000.0
atasan-pria,LGS - Kaos Casual Pria - Lengan Pendek - Slim Fit - Hitam - Gambar Sablon Belakang - JTS.322.S3199F.33.C,Rp259.870,259870.0
atasan-pria,EIGER ACT AIRYLIGHT MEN T-SHIRT,Rp299.000,299000.0
atasan-pria,Brandluxid Tee 3 Stretch Cotton T-Shirt With Graphic Logo Print Red & Blue,Rp1.850.000,1850000.0
atasan-pria,Hush Puppies Kemeja Pria Dillion Ls Khaki,Rp359.000,359000.0
atasan-pria,Hush Puppies Kaos Polo Pria Halulu Blue,Rp289.000,289000.0
atasan-pria,Kaos Oversize RABBIT YEAR T-Shirt Cowo Premium Kaos BigSize Pria Lembut Panjang Variasi Distro,Rp92.000,92000.0
atasan-pria,Hush Puppies Kemeja Pria Dillion 3 Olive,Rp559.000,559000.0
atasan-pria,VIBES APPAREL | Lousy Kisser Oversize | Kaos Oversize,Rp89.000,89000.0
atasan-pria,Kaos Oversize SANTA SKATE T-Shirt Cowo Premium Kaos Big Size Pria Panjang Lembut Variasi Distro,Rp92.000,92000.0
atasan-pria,Kemeja Pria Shanghai Short Sleeve Black Yellow Line,Rp119.900,119900.0
atasan-pria,Firsthand Kaos Kerah Polo Shirt Pria Switch Toffee,Rp184.000,184000.0
atasan-pria,KEMEJA LENGAN PENDEK LINEN PRIA PREMIUM - HITAM - UREKI LINEN SHIRT,Rp479.000,479000.0
atasan-pria,MTG91 thirdday kaos pria unisex katakana dateng list katakana navy,Rp119.000,119000.0
atasan-pria,EPIDEMIC PRM T-shirt & Longsleeve ( D*FF*CT ),Rp140.000,140000.0
atasan-pria,Hadinata Embroidery Batik Kemeja Panjang Partha Prina,Rp1.799.000,1799000.0
atasan-pria,Hi VABAd Spooky Tshirt | Kaos Streetwear Unisex Tee Combed Pria Baju Oversize Distro Printing Panjang Pendek Band Digital Vintage,Rp105.000,105000.0
atasan-pria,Brill Eighty Eight - Kemeja Flanel Panjang Super Premium Brown-Grn 88 L3384,Rp155.500,155500.0
atasan-pria,Hush Puppies Kaos Polo Pria Blizzard Maroon,Rp401.300,401300.0
atasan-pria,FortKlass Kaos Wash DARKSIDE Kaos IMLEK / CHINESE YEAR Oversize Snow Pria Lengan Pendek Atasan Tshirt Distro Cowok Kaos Pria Kaos Polos Bigsize,Rp102.960,102960.0
atasan-pria,Houseofcuff T-shirt Kaos Abu Motif The Future Tersedia Size S - 4XL,Rp99.000,99000.0
atasan-pria,Ashall.sky T-shirt Distro Premium Bahan Katun l Kaos Pria Wanita Motif Comfort Zone Unisex,Rp59.000,59000.0
atasan-pria,JERSEY GARUDA PANCASILA DRYFIT FULLPRINT / JERSEY WARSAN GARUDA PANCASILA,Rp75.000,75000.0
atasan-pria,Erspo 2025 Short Sleeve Shirt Classic Nothern Droplet,Rp199.500,199500.0
atasan-pria,CLOWOR Monkey D. Luffy Gear 5 Toon Force Sun God Nika Strawhat Pirates Anime One Piece Kaos T-Shirt Combed Hitam,Rp150.000,150000.0
atasan-pria,Calderioz - Kemeja Pantai Hawaii Tropis Rust Floral Lengan Pendek Unisex Outfit Summer Santai,Rp135.000,135000.0
atasan-pria,Cressida The Next Level Brown Regular Fit One Button Polo Shirt - K070C,Rp271.920,271920.0
atasan-pria,Peternation kemeja flanel wool basic panjang regular fit PT21 Casual Pria Atasan Kerah Cowok,Rp236.500,236500.0
atasan-pria,Emba Classic - Marshaller Sweatshirt Lengan Panjang Pria Regular Fit,Rp244.900,244900.0
atasan-pria,adidas Gym & Training WORKOUT ESSENTIALS BASE T-SHIRT Men Red KD5456,Rp300.000,300000.0
atasan-pria,Kaos Tangan Api Psht Desain Terbaru Distro Cotton Combed 24S,Rp75.000,75000.0
atasan-pria,"HEGDER - Kemeja Workshirt Pria Lengan Pendek Bordir ""SKYLINE"" kemeja pdh casual reguler fit hitam",Rp179.400,179400.0
atasan-pria,Troy Company Wangky Polo Shirt Black White Luxuria - Kaos Polo Wangki Pria Hitam Putih WKD 2900,Rp129.900,129900.0
atasan-pria,Kemeja Polos Kemeja Formal Lengan Pendek Warna Maroon Unisex OLR148,Rp119.000,119000.0
atasan-pria,KAOS CASUAL ORTUSEIGHT SPIRIT T-SHIRT - TOSCA,Rp160.550,160550.0
atasan-pria,Heyfreak T-shirt Oversize Realize,Rp99.000,99000.0
atasan-pria,"Aditya By Lakhsana Batik - Kemeja Batik Premium Slimfit Lengan Panjang Full Furing Ero Bahan Katun Primissima Lembut, Halus dan Adem Ready Size S - 2XL Baju Motif Pria",Rp266.000,266000.0
atasan-pria,ENAMI SUNS - Kaos Polos Oversize Cotton 20s Premium / T-Shirt Oversize Tebal Dan Lembut,Rp74.428,74428.0
atasan-pria,Jagomuda Terate Kaos Lekbong Psht Shiningheart Atribut Perguruan Setia Hati Terate Bahan Katun Tebal Free Sticker,Rp65.000,65000.0
atasan-pria,KAOS SH TERATE SIMPEL TERBARU DISTRO KAOS PSHT,Rp75.000,75000.0
atasan-pria,Houseofcuff Kaos Polos Pria Premium Katun Combed LenganPendek UnguMuda,Rp89.000,89000.0
atasan-pria,Breakside T-shirt Photopia Flash Black,Rp98.000,98000.0
atasan-pria,Hi VABA Oversized Wings Tshirt | Kaos Streetwear Unisex Tee Combed Pria Baju Pendek Distro Katun Oversize Panjang Polos,Rp105.000,105000.0
atasan-pria,Familias - Shorts Shirt - Sequi,Rp320.000,320000.0
atasan-pria,OCWA YE OVERSIZED RAW CUT TEE WHITE MEN,Rp289.000,289000.0
atasan-pria,RBJ Kemeja Denim Printing Biru Regular Fit Pria,Rp158.000,158000.0
atasan-pria,CDL Kemeja Lengan Panjang Semi Fit Pria I0100J01A,Rp205.000,205000.0
atasan-pria,Voilaid Oxford Chest Pocket Logo Short Sleeves Shirt Navy,Rp2.712.000,2712000.0
atasan-pria,Unfollow - Kaos Polo Kerah Basic Polos Casual Lengan Pendek Tshirt Keren Ukuran S M L XL XXL Full Warna Merah Unisex Dewasa Navy Cowok Distro Wanita Katun Baju Pria Tebal Sablon Panjang Silver Gold,Rp68.800,68800.0
atasan-pria,CLOWOR Gojo Satoru vs Ryomen Sukuna Strongest Sorcerer King of Curses Jujutsu Kaisen Anime Kaos T-Shirt,Rp150.000,150000.0
atasan-pria,Aos Theme Rockstar Classic Car Heritage Kaos Pria 123184528,Rp99.900,99900.0
atasan-pria,FortKlass Kaos Oversize TOYS T-Shirt Cowok Cewek Premium Kaos Lengan Pendek Jumbo,Rp91.080,91080.0
atasan-pria,X8 Ilman T-Shirt - Kaos Pria Lengan Pendek,Rp86.368,86368.0
atasan-pria,Dobujack Tshirt Boxy Kamba White Tees,Rp120.000,120000.0
atasan-pria,DICKIES - Nashport Pit Crew SS Tee - Kaos Lengan Pendek,Rp545.090,545090.0
atasan-pria,Anchorage Bear T-shirt Graffiti Flick V2 Kaos Oversize,Rp179.000,179000.0
atasan-pria,Troy Company Double Sleeve Double Layer Longsleeve Tshirt White Black Loud Meow - Kaos Putih Lengan Panjang DSD 3232,Rp134.000,134000.0
atasan-pria,CLOWOR Chibi Akatsuki Zetsu Kisame Hidan Tobi Kakuzu Konan Sasori Itachi Pain Deidara Naruto Anime Kaos T-Shirt,Rp150.000,150000.0
atasan-pria,CLOWOR ARISE Sung Jinwoo The Shadow Monarch Solo Leveling Anime Manhwa Kaos T-Shirt 24s 185GSM,Rp150.000,150000.0
atasan-pria,Nevada Graphic Riding Theme Kaos Pria 123351178,Rp99.900,99900.0
atasan-pria,Star Wars Poster Aop Kaos Pria 123542686,Rp119.900,119900.0
atasan-pria,Nevada Textured Stripes Kaos Oversize Pria 123180264,Rp149.900,149900.0
atasan-pria,Greenlight Kaos Pria Lengan Pendek Relaxed Fit Katun Springfield C020125,Rp191.200,191200.0
atasan-pria,Capmart Kaos Pria Lengan Pendek Oversized Fit Katun Music Yellow C121224,Rp79.500,79500.0
atasan-pria,Batik Handara - Mulyawarman Coksu Kemeja Pria Furing Erro,Rp229.000,229000.0
atasan-pria,EIGER X-FILONE SS TEES,Rp189.050,189050.0
atasan-pria,Nevada Washing - Wide Awake Kaos Oversize Pria 123180068,Rp147.900,147900.0
atasan-pria,BC Man x Beatrice Clothing Liam Shirt - Shirt Pria V-neck,Rp290.000,290000.0
atasan-pria,INFILESS T-shirt Vintage No More Love Shadow,Rp24.000,24000.0
atasan-pria,T-shirt Pakaian Atasan Baju Kaos Pria Wanita Hitam Dewasa Terkini Distro Original Keren Lengan Pendek Premium Bahan Cotton Combed Sablon DTF Printing Digital,Rp98.000,98000.0
atasan-pria,BAJU KAOS T-SHIRT DISTRO KEREN PRIA WANITA ENJOY THE LITTLE THING PUTIH PRIA WANITA COTTON COMBED 30s,Rp59.000,59000.0
atasan-pria,Johnwin - Kemeja Formal - Motif Polos - Lengan panjang - Regular Fit - Putih - FSH.650.K249.991.C-L/S,Rp274.800,274800.0
atasan-pria,Keris Gallery T-Shirt Dewasa Motif Semarang Lawang Sewu - Navy,Rp60.000,60000.0
atasan-pria,Johnwin - Slim Fit - Kemeja Formal - Coklat - Kotak kotak - JFSH.650.W471.466.7C L/S,Rp154.800,154800.0
atasan-pria,KALE Kemeja III - BUY MORE SAVE MORE - Atasan Kemeja Lengan Panjang Pria - Atasan Kemeja Pria,Rp185.000,185000.0
atasan-pria,Kemeja Pendek Soldierside Blue Rose on Cream,Rp215.000,215000.0
atasan-pria,MTG91 thirdday kaos pria unisex katakana dateng list katakana navy,Rp119.000,119000.0
atasan-pria,RJ SKAY Polo Shrit Polos Maroon Kaos Kerah Unisex Keren Premium Quality Baju Brand Pria Wanita,Rp63.570,63570.0
atasan-pria,EPIDEMIC PRM T-shirt & Longsleeve ( D*FF*CT ),Rp140.000,140000.0
atasan-pria,Firsthand Kaos Kerah Polo Shirt Pria Switch Toffee,Rp184.000,184000.0
atasan-pria,"ARKANA BATIK Slimfit Mahagaruda - Batik Eksklusif Hitam Kuning, Bahan Premium Katun, Motif Burung Garuda, Ukuran S-XXL, Packaging Elegan",Rp309.380,309380.0
atasan-pria,Arkana Batik Slimfit Motif Merak Coklat - Cocok Untuk Kerja Lamaran Dan Acara Santai Semi Formal,Rp309.380,309380.0
atasan-pria,Johnwin - Kemeja Casual - Pria - SS - Navy - White Dot - Slim Fit - ASH.670.S880.628.C S/S,Rp163.000,163000.0
atasan-pria,Johnwin - Slim Fit - Kemeja Casual - Kemeja Pria - Polkadot - Logo Dada - Merah - FSH.650.K380.678.C S/S,Rp152.800,152800.0
atasan-pria,Slim Fit - Kaos Casual Active - Motif Loreng Biru - Hitam,Rp133.000,133000.0
atasan-pria,BG Kaos Distro Pria Wanita Unisex Baju Sablon Hitol Never Stop | Tshirt Keren kekinian Reguler Fit,Rp59.000,59000.0
atasan-pria,BG Baju Tshirt Kaos Distro Terbaru Lengan Pendek Motif Be Like Navy Pria Wanita Cotton Combed 30s,Rp58.000,58000.0
atasan-pria,Rizgo - Kaos Polo Shirt Polos Pria Wanita Bahan Katun Pique Distro Ukuran S M L XL XXL Banyak Pilihan Warna Red Premiun Quality Size Lokal Nyaman Adem Tebal Casual Kerah Keren Unisex,Rp68.000,68000.0
atasan-pria,BG Bujang Gadis Kaos Terbaru Tshirt Unisex Sablon Dont Vibes Warna Hitam Katun 30s,Rp58.000,58000.0
atasan-pria,Huskey Clothing - Tshirt Bloodbound Queen BLK - Kaos Pria keren kece kaos distro pria,Rp175.000,175000.0
atasan-pria,Johnwin - Slim Fit - Kemeja Formal - Motif Diamond Full Corak - Biru - FSH.650.K380.755.C-S/S,Rp179.800,179800.0
atasan-pria,BG Baju Kaos Distro Dewasa Lengan Pendek Pria Wanita Unisex New World Sage Green Terbaru Katun Combet 30s,Rp58.000,58000.0
atasan-pria,Johnwin - Kemeja Formal - Kemeja Pria - Lengan Pendek - Motif Salur Merah - Putih - JFSH.650.WD375.337.7C S/S,Rp159.800,159800.0
atasan-pria,Johnwin - kemeja Formal - Regular Fit - Hitam - FSH.650.K250.851.CSS,Rp179.800,179800.0
atasan-pria,CASSKaos Warna Leher Bulat Unisex Logo Kecil One Piece Populer,Rp98.000,98000.0
atasan-pria,Johnwin - Slim Fit - Kemeja Casual - Kemeja Pria - Kerah Koko - Putih,Rp183.000,183000.0
atasan-pria,SUDJIWOBATIK Motif MAHAPRANA Kemeja Batik Pria Solo Slimfit Premium Katun Premium Lapis Furing,Rp200.000,200000.0
atasan-pria,KAOS PCX NEW DSAIN SPECIAL RED 2025 DRIVER PCX NUSANTARA,Rp83.230,83230.0
atasan-pria,Johnwin - Kemeja Casual - Kemeja Pria - Hitam - Polkadot Merah - ASH.670.K871.726.C-L/S,Rp183.000,183000.0
atasan-pria,JAYASHREE - Exclusive Regfit Vyra Black Kemeja Batik Pria Dewasa Lengan Pendek,Rp375.000,375000.0
atasan-pria,Johnwin - Kaos Casual Pria - Lengan Pendek - Putih - Record of Life - Slim-fitting - ATS.622.M348.32.C S/S,Rp133.000,133000.0
atasan-pria,SUDJIWOBATIK Motif BANOWATI Kemeja Batik Pria Solo Slimfit Premium Katun Premium Lapis Furing PL,Rp200.000,200000.0
atasan-pria,Johnwin - Polo Sweater - Polo Shirt - Kaos Polo - Polos - Navy - ASW.663.D050.001.C,Rp339.800,339800.0
atasan-pria,Johnwin - Regular Fit - Kemeja Formal - Bertekstur - Abu - FSH.650.K241.657.C S/S,Rp179.800,179800.0
atasan-pria,Johnwin - Slim Fit - Kemeja Casual Active - Motif Kotak - Hitam - ASH.670.K880.752.C S/S,Rp163.000,163000.0
atasan-pria,Keris Gallery T-Shirt Dewasa Motif Angsa Duo - Tosca,Rp60.000,60000.0
atasan-pria,"Kaos Lengan Panjang Bengkel Mekanik Montir Gratis Nama Bengkel Terbaru 2025-Kaosilogis, Bahan Cotton Combed 30s Premium - Biru",Rp89.380,89380.0
atasan-pria,Kaos Lengan Panjang Pelaut Indonesia Seafarers Terbaru -Kaosilogis,Rp89.380,89380.0
atasan-pria,Kab. Tangerang,Rp93.000,93000.0
atasan-pria,Johnwin - Kemeja Casual - Biru - Motif Kotak - JCSH.670.W880.509,Rp163.000,163000.0
atasan-pria,Huksey Clothing Lord Dark Black And White Kaos Cotton Combed 24s Pria Wanita T-Shirt Unisex Premium Berkualitas,Rp175.000,175000.0
atasan-pria,M231 Kemeja Pria Batik Panjang 0710 Motif Kerja,Rp199.000,199000.0
atasan-pria,EIGER CUSTOM MACHINE S/S TEES RD T-SHIRT,Rp198.550,198550.0
atasan-pria,M231 Kemeja Pria Printing Hawaii Pendek 0152,Rp104.000,104000.0
atasan-pria,CDL Kemeja Lengan Panjang Slim Fit Pria I0250J03G,Rp205.000,205000.0
atasan-pria,INKCHANTRESS - HAMSTER SKATE ANIMATION - IC-127 - KAOS HITAM POLOS PREMIUM Cotton Combed 24s Katun Black Minimalist Casual Unisex Fit Lembut Pria Kerah Distro Basic Anime Baju Wanita T-Shirt Jepang Keren High,Rp94.000,94000.0
atasan-pria,Workshirt AUFCO Vol 5 -Kemeja,Rp165.000,165000.0
atasan-pria,keepfs.id l t-shirt black 16s l girmose,Rp135.000,135000.0
atasan-pria,Levi's Banded Collar 1 Pkt White X2 Oxford (47784-0019),Rp399.000,399000.0
atasan-pria,Cole Mandarin Collar Texture Waffle Kemeja Pria 123249048,Rp229.900,229900.0
atasan-pria,[3-4-7] Paket Hemat 3 pcs Kaos Oblong Sablon Keren Forester Katun 24S Bahan Adem,Rp250.000,250000.0
atasan-pria,Bombboogie Hedley Dark Navy Koko Shirt 24847B5DI,Rp269.000,269000.0
atasan-pria,Bombboogie Kemeja Pria Croco Regular 22965B5AR,Rp299.000,299000.0
atasan-pria,Schoeller Kemeja Flannel Pria Lengan Panjang Reguler Fit Kotak-Kotak – Nyaman & Stylish,Rp119.900,119900.0
atasan-pria,EXECUTIVE Long Sleeve Buttoned Down Collar Shirt 1-LSRCRO225L418 Navy,Rp244.930,244930.0
atasan-pria,X8 Hastanta Shirt,Rp269.900,269900.0
atasan-pria,Anggur - Mandalas Kemeja Batik Pria Premium Lengan Pendek,Rp369.000,369000.0
atasan-pria,Coop Design - Arlo Kaos Turtleneck Pria Lengan Pendek,Rp189.900,189900.0
atasan-pria,WHSTL. Shortsleeve T-shirt Highschool - Navy Blue,Rp160.000,160000.0
atasan-pria,Vearst Tshirt Short Sleeve Kratzer Unisex,Rp119.400,119400.0
atasan-pria,Raden Skygo Motorcycle Enthusiast Workshirt Ride & Tour Black,Rp128.570,128570.0
atasan-pria,Samudera Batik - Kemeja Batik Pria Lengan Panjang dan Pendek Motif Lemahteles,Rp79.998,79998.0
atasan-pria,Cardinal Kemeja Lengan Pendek Pria E1207P04H,Rp336.000,336000.0
atasan-pria,XLUNO Ethical Polo Clover Baju Polo Pria Jumbo Knit Big Size Lengan Pendek,Rp349.000,349000.0
atasan-pria,Animous Kaos Tshirt Speed Limit,Rp139.400,139400.0
atasan-pria,Kaos Pria Lengan Pendek Savana Orange Arei Outdoorgear,Rp199.000,199000.0
atasan-pria,GOOD BYE EX - Tshirt Cotton 24s Freedom Black,Rp84.900,84900.0
atasan-pria,Cressida The Next Level Kemeja Regular Fit Long Sleeves Plaid Shirt A251H - Black,Rp349.930,349930.0
atasan-pria,Kemeja Pendek Soldierside Blue Rose on Cream,Rp215.000,215000.0
atasan-pria,MTG91 thirdday kaos pria unisex katakana dateng list katakana navy,Rp119.000,119000.0
atasan-pria,RJ SKAY Polo Shrit Polos Maroon Kaos Kerah Unisex Keren Premium Quality Baju Brand Pria Wanita,Rp63.570,63570.0
atasan-pria,EPIDEMIC PRM T-shirt & Longsleeve ( D*FF*CT ),Rp140.000,140000.0
atasan-pria,Firsthand Kaos Kerah Polo Shirt Pria Switch Toffee,Rp184.000,184000.0
atasan-pria,Familias - Shorts Shirt - Sequi,Rp320.000,320000.0
atasan-pria,CLOWOR Gojo Satoru vs Ryomen Sukuna Strongest Sorcerer King of Curses Jujutsu Kaisen Anime Kaos T-Shirt,Rp150.000,150000.0
atasan-pria,Hi VABA Oversized Wings Tshirt | Kaos Streetwear Unisex Tee Combed Pria Baju Pendek Distro Katun Oversize Panjang Polos,Rp105.000,105000.0
atasan-pria,CLOWOR Monkey D. Luffy Gear 5 Toon Force Sun God Nika Strawhat Pirates Anime One Piece Kaos T-Shirt Combed Hitam,Rp150.000,150000.0
atasan-pria,Kemeja Polos Kemeja Formal Lengan Pendek Warna Maroon Unisex OLR148,Rp119.000,119000.0
atasan-pria,Dobujack Tshirt Boxy Kamba White Tees,Rp120.000,120000.0
atasan-pria,KAOS CASUAL ORTUSEIGHT SPIRIT T-SHIRT - TOSCA,Rp160.550,160550.0
atasan-pria,DICKIES - Nashport Pit Crew SS Tee - Kaos Lengan Pendek,Rp545.090,545090.0
atasan-pria,Peternation kemeja flanel wool basic panjang regular fit Kerah Pria Casual Baju,Rp236.500,236500.0
atasan-pria,Kaos Lengan Panjang Pria Wanita Premium Distro Korean 3D Games Pacman - Baju Atasan Lengan Panjang Sablon Pria Wanita,Rp125.000,125000.0
atasan-pria,Troy Company Double Sleeve Double Layer Longsleeve Tshirt White Black Loud Meow - Kaos Putih Lengan Panjang DSD 3232,Rp134.000,134000.0
atasan-pria,Anchorage Bear T-shirt Graffiti Flick V2 Kaos Oversize,Rp179.000,179000.0
atasan-pria,FortKlass Kaos Oversize TOYS T-Shirt Cowok Cewek Premium Kaos Lengan Pendek Jumbo,Rp91.080,91080.0
atasan-pria,DOMINATE - MIDWEIGHT PLAIN T-SHIRT WHITE,Rp267.000,267000.0
atasan-pria,Wrangler T-Shirt Short Sleeve Regular EDMUN E002 Brown,Rp199.900,199900.0
atasan-pria,Troy Company Wangky Polo Shirt Black White Luxuria - Kaos Polo Wangki Pria Hitam Putih WKD 2900,Rp129.900,129900.0
atasan-pria,Rianty Batik Premium Pria Kemeja Panjang Slimfit Putih White Geinko Geinka,Rp349.000,349000.0
atasan-pria,WHSTL. Shortsleeve T-shirt Highschool - Navy Blue,Rp160.000,160000.0
atasan-pria,keepfs.id l t-shirt black 16s l girmose,Rp135.000,135000.0
atasan-pria,Jakarta Utara,Rp98.600,98600.0
atasan-pria,EIGER CUSTOM MACHINE S/S TEES RD T-SHIRT,Rp198.550,198550.0
atasan-pria,M231 Kemeja Pria Batik Panjang 0710 Motif Kerja,Rp199.000,199000.0
atasan-pria,Kemeja Panjang Cartenz Tactical Delta 02,Rp425.000,425000.0
atasan-pria,Coop Design - Arlo Kaos Turtleneck Pria Lengan Pendek,Rp189.900,189900.0
atasan-pria,LARUSSO Dawn of Time - Kemeja Koko Printing Pria Lengan Panjang - FUGO,Rp459.900,459900.0
atasan-pria,Gloaming T-shirt Design Always Learn Bicycle Regular Fit Hitam | Unisex,Rp130.000,130000.0
atasan-pria,CDL Kemeja Lengan Panjang Slim Fit Pria I0250J03G,Rp205.000,205000.0
atasan-pria,INKCHANTRESS - HAMSTER SKATE ANIMATION - IC-127 - KAOS HITAM POLOS PREMIUM Cotton Combed 24s Katun Black Minimalist Casual Unisex Fit Lembut Pria Kerah Distro Basic Anime Baju Wanita T-Shirt Jepang Keren High,Rp94.000,94000.0
atasan-pria,Kaos Pria Hitam T Shirt Lengan Pendek Distro Premium 24s Cotton Baju Wanita Flower Monochrome,Rp120.000,120000.0
atasan-pria,Hush Puppies Kaos Polo Pria IRELAND Off White MK29633OWH,Rp289.500,289500.0
atasan-pria,Cressida The Next Level Kemeja Regular Fit Long Sleeves Plaid Shirt A251H - Black,Rp349.930,349930.0
atasan-pria,Brill Eighty Eight - Kemeja Polos Pendek Kahfi Navy 88 P4405,Rp149.500,149500.0
atasan-pria,Workshirt AUFCO Vol 5 -Kemeja,Rp165.000,165000.0
atasan-pria,M231 Kemeja Pria Printing Hawaii Pendek 0152,Rp104.000,104000.0
atasan-pria,Cole Mandarin Collar Texture Waffle Kemeja Pria 123249048,Rp229.900,229900.0
atasan-pria,Levi's Banded Collar 1 Pkt White X2 Oxford (47784-0019),Rp399.000,399000.0
atasan-pria,[BELI 2 LEBIH HEMAT] Gloaming Kemeja Panjang Rayon Shanghai Navy,Rp134.900,134900.0
atasan-pria,Kaos Pria Lengan Panjang Artic Horizon Arei Outdoorgear,Rp229.000,229000.0
atasan-pria,Followme - Kaos Pendek Followme Panda Silver Premium Quality Unisex Distro Pria Baju Sablon Tebal Nyaman,Rp67.200,67200.0
atasan-pria,Followme - Tshirt Keren Lengan Pendek Cool Dude Unisex Kaos Rehuler Katun Combet 24s Basic Nyaman Baju Distro Hitam Merah,Rp68.000,68000.0
atasan-pria,Hi VABA Oversized & Standard Ride and Play Tshirt Cotton 20s | Kaos Streetwear Unisex Tee Combed Pria,Rp128.250,128250.0
atasan-pria,Platini Kemeja Flanel Pria Lengan Panjang Navy 76476,Rp178.900,178900.0
atasan-pria,Vearst Tshirt Short Sleeve Kratzer Unisex,Rp119.400,119400.0
atasan-pria,Samudera Batik - Kemeja Batik Pria Lengan Panjang dan Pendek Motif Lemahteles,Rp79.998,79998.0
atasan-pria,Raden Skygo Motorcycle Enthusiast Workshirt Ride & Tour Black,Rp128.570,128570.0
atasan-pria,INFILESS T-shirt Angka Vintage No 246,Rp26.000,26000.0
atasan-pria,Kaos Cowok Distro Cute Lion – Kaos Pria Dewasa Unisex Sablon 3D NORCAT 12 T-Shirt Unisex Cotton Combed 24s,Rp120.000,120000.0
atasan-pria,Kemeja Batik Pria JODIPATI MERAH Panjang Full Furing Bahan Katun Halus High Quality,Rp203.000,203000.0
atasan-pria,Kemeja Panjang Pria Halimun Arei Outdoorgear,Rp349.000,349000.0
atasan-pria,Platini Kemeja Pria Polos Lengan Panjang Polinosic Royal Blue 66102,Rp179.000,179000.0
atasan-pria,Breakside T-Shirt Oversize Prazz - Black Kaos Pria,Rp112.500,112500.0
atasan-pria,Kaos Lengan Pendek Pria Sagara Arei Outdoorgear,Rp199.000,199000.0
atasan-pria,Vearst Boxy Long Sleeve Lefty Black,Rp129.580,129580.0
atasan-pria,STARCROSS Kaos Pria - GLITTER 2 - White,Rp94.000,94000.0
atasan-pria,Skaters Arc Boxy T-Shirt – Kaos Oversize Pria Wanita Streetwear,Rp149.900,149900.0
atasan-pria,The Don's House PHANTOM LS - Kemeja Linen Lengan Panjang Polos Slimfit Pria Wanita,Rp195.000,195000.0
atasan-pria,LGS - Kaos Polo Pria - Katun Polos - Biru Navy - Slim Fit - JWS.325.S3666F.01.C,Rp299.850,299850.0
atasan-pria,Kab. Bekasi,Rp72.413,72413.0
atasan-pria,Animous Kaos Tshirt Speed Limit,Rp139.400,139400.0
atasan-pria,Benidson Reguler Tshirt Shark Fin,Rp90.000,90000.0
atasan-pria,Toms Project Boxy Oversized Tshirt Frame White Unisex - Cotton Combed 20s vintage Pria Wanita Keren Katun Tee leng an pendek y2k Kaos Nyaman,Rp89.000,89000.0
atasan-pria,Skelly Kaos Pria Wanita Ace Much Tee Orange,Rp99.000,99000.0
atasan-pria,Jemssky Kaos Polo Shirt Pria Kerah Logo Jemssky Kanan JS Kiri Gold Sablon Print Quality Unisex,Rp64.600,64600.0
atasan-pria,Kemeja Pria Shanghai Short Sleeve Black Yellow Line,Rp119.900,119900.0
atasan-pria,Baju Kaos Pria Polo Exchange Basic Casual Poly Katun TC 24s Distro Lengan Pendek Nyaman 10166,Rp63.680,63680.0
atasan-pria,Baju Kaos Branded Terlaris Untuk Pria Nongkrong Wanita Santai Sablon Point 8 Focus Distro Oblong Keren,Rp37.441,37441.0
atasan-pria,Polo Exchange Kemeja Pria Casual Lengan Pendek Kerah Basic Premium Hitam Cowok Formal,Rp130.222,130222.0
atasan-pria,Baju Kaos Cowok Cewek Distro Keren Lengan Pendek Polo Exchange Branded Murah - 330038,Rp37.441,37441.0
atasan-pria,"Baju Kaos Pria Wanita Dewasa Distro Estetik Baju Cowok kekinian Polo Exchange Oblong Keren Sablon Lengan Tangan Pendek Bahan PE Tuton M, L, XL, XXL 10078",Rp45.797,45797.0
atasan-pria,Unisex Oversized T-Shirt Be Like An Eagle Pearl Print - Polo Exchange 10142,Rp85.505,85505.0
atasan-pria,"Point 8 Kaos Unisex Reguler PE 24s – Adem, Stylish & Sablon ESTD 1988 Model - 30019",Rp35.792,35792.0
atasan-pria,Kaos Distro Polo Exchange Midnight Katun Premium Unisex - 10133,Rp67.049,67049.0
atasan-pria,PAKAJI Kemeja Pria Kemeja Polos Pria Lengan Panjang Pria Lengan Panjang Cigarette Sanghai 065,Rp149.000,149000.0
atasan-pria,FortKlass Store Kaos TENNIS Regular Fit Kaos Sablon 24S 30S Kaos Pria Lengan Pendek Atasan Tshirt Distro Combed Kain,Rp82.170,82170.0
atasan-pria,Hush Puppies Kemeja Pria DILLION 2 Light Blue MB25503LB,Rp289.500,289500.0
atasan-pria,Pojok Busana Alisan Kemeja Lengan Panjang Batik Pria - Baju Batik Pesta Acara Formal Bisnis,Rp269.999,269999.0
atasan-pria,"ORORA T-shirt Cats | ORC-05 | Kaos Distro | Baju Atasan Pria-Wanita Ukuran S, M, L, XL, XXL, XXXL Nyaman Untuk Segala Aktivitas Combed Motif",Rp120.000,120000.0
atasan-pria,Kemeja Flannel Merah Hemmeh,Rp444.000,444000.0
atasan-pria,VSYMBOL BIG SIZE Vora Oversized Tee / KAOS OVERSIZE,Rp338.000,338000.0
atasan-pria,Barley Division,Rp152.000,152000.0
atasan-pria,ANCSTR Kemeja Pria Shanghai Aplikasi Motif Premium - Onyx,Rp189.000,189000.0
atasan-pria,REMEDY | Paphos Kemeja Linen Lengan Panjang Pria Biru | Linen Long Sleeve Shirt Men Blue,Rp329.400,329400.0
atasan-pria,"SMOKE Workshirt Kemeja ""THROTTLE"" Hijau Army Katun Slim-fitting Nyaman casual pria slim fit motor outdoor Kerah Kerja Formal Kantor Basic Tangan Cowok Hijau Baju Bordir Hem Retro Panjang Santai",Rp220.000,220000.0
atasan-pria,iNeat Kemeja Pria Linen Lengan Panjang Kerah Shanghai Collarless Cream - Kemeja Kantor Basic Slimfit Casual Semi Formal Koko Muslim Peach Pink Cream,Rp390.000,390000.0
atasan-pria,LGS - Slim Fit - Kemeja Casual - Biru - JSH.391.S904F.707.C,Rp194.900,194900.0
atasan-pria,ARC'TERYX FLORA Unisex Casual T-Shirt，Soft Breathable Cotton Short Sleeve Top,Rp699.300,699300.0
atasan-pria,JERSEY WANGKI PASKIBRA FULL PRINTING / KAOS POLO PASUKAN PENGIBAR BENDERA PUSAKA / PASKIBRA DRYFIT,Rp109.999,109999.0
atasan-pria,Columbia Men's Pfg Tarpon Rise Tech Tee Ss,Rp424.500,424500.0
atasan-pria,Odza Kemeja Polos Pria Lengan Panjang Slim Fit Modern Biru Muda Light Blue,Rp380.000,380000.0
atasan-pria,Livehaf - Oversized Twine Shirts Milo,Rp169.900,169900.0
atasan-pria,MCB Sweatshirt Man Kombinasi Cut n Sew Long Sleeve Misty Muda / Sea Port | 0703035.04035,Rp201.558,201558.0
atasan-pria,"Soldierside Familia Baju Pria Workshirt Pendek Distro Simple ""MUSA"" Hitam Bordir Logo Rapi Kantong kancing Keren WS155 kemeja simply jumbo",Rp178.800,178800.0
atasan-pria,EVERNEXT Kaos Polos Pria Edge Tee Kaos Santai Oversized T-shirt Unisex Kaos Garis Pria Wanita,Rp125.000,125000.0
atasan-pria,Troy Company Tshirt Latte Night Watch - Kaos Pria Coklat Latte Lengan Pendek MTD 2708,Rp96.900,96900.0
atasan-pria,Troy Company Kaos Pria Lengan Pendek Hitam - Hill Wolf Tshirt Black MTD 3600,Rp102.900,102900.0
atasan-pria,Troy Company Tshirt Black Ropes - Kaos Hitam Lengan Pendek MTD 3555,Rp96.900,96900.0
atasan-pria,Troy Company T-shirt Maple Brown Pirate Owl - Kaos Pria Wanita Coklat Maple MT 2743,Rp102.900,102900.0
atasan-pria,Troy Company Kaos Pria Lengan Pendek Hitam - Mask Helmet Tshirt Black MTD 2178,Rp96.900,96900.0
atasan-pria,Troy Company Tshirt White Good Life - Kaos Pria Lengan Pendek Putih MT 3148,Rp96.900,96900.0
atasan-pria,Troy Company Tshirt Kaos Distro Hijau Keep Going MT 2465,Rp96.900,96900.0
atasan-pria,Ashall.sky Longsleeve Stay Wild Cactus Putih Kaos Distro Lengan Panjang Pria Wanita Cotton Combed 24s,Rp88.000,88000.0
atasan-pria,Barley Division Swamp BlackTshirt,Rp152.000,152000.0
atasan-pria,Rianty Batik Premium Pria Kemeja Panjang Slimfit Hitam Hem Renvio Renvia,Rp299.000,299000.0
atasan-pria,Kaos Distro Premi Kucing King Cat Atasan Pria Wanita,Rp120.000,120000.0
atasan-pria,Bespoke Project - Tshirt Queen Embroidery Black,Rp250.000,250000.0
atasan-pria,Metaphores Heavyweight T-shirt 16s Apocalyptic - White,Rp149.900,149900.0
atasan-pria,Troy Company Longsleeve Tshirt Black Scared - Kaos Hitam Lengan Panjang LS 3200,Rp129.900,129900.0
atasan-pria,Matsuda Nagai 3XL Kaos Rugby Polo Shirt Katun Pria Lengan Panjang,Rp144.885,144885.0
atasan-pria,Waveblast Oversize T-Shirt Basic Brown,Rp119.000,119000.0
atasan-pria,ARC'TERYX VERITAS Short Sleeved Tshirt – Kaos Pria Outdoor Breathable,Rp1.259.300,1259300.0
atasan-pria,Kaos Premium IEBE Lengan Panjang Grafis K1HL6003,Rp109.000,109000.0
atasan-pria,Batik Handara - Jaladara Kemeja Pria Furing Erro,Rp219.800,219800.0
atasan-pria,Troy Company Tshirt White Bluish Paradise - Kaos Putih Lengan Pendek MT 3332,Rp96.900,96900.0
atasan-pria,XLUNO Marco Shirt Grey Kemeja Pria Jumbo Katun Big Size Lengan Panjang,Rp249.000,249000.0
atasan-pria,Third Day MTM88 Kaos Pria Adem Distro Instacool Katakana Arc Hitam Digital Kain Nyaman Printing Sablon Spandex,Rp165.000,165000.0
atasan-pria,Obermain Kemeja Pria BALDWIN Blue OPD24009BL,Rp179.000,179000.0
atasan-pria,Moutley Kaos Pria Lengan Pendek Oversized Fit Katun 16s No Mood C031224,Rp125.550,125550.0
atasan-pria,KEMEJA FORMAL TANGAN PANJANG 2 (BIRU),Rp293.500,293500.0
atasan-pria,Arkanza Signature Motif Prameswara Navy Kemeja Batik Pria Lengan Pendek Eksklusif Curved Hem Jahitan Presisi Hidden & Emboss Button Lapisan Tricot Breathable PRM,Rp315.000,315000.0
atasan-pria,ARKANZA EXCLUSIVE CAKRA TEJA Kemeja Batik Pria Lengan Panjang Slim Fit Elegan Formal Casual Keren Katun Primissima Jahitan Presisi Kemeja Kerja Pria Modern EXC,Rp255.000,255000.0
atasan-pria,Peternation kemeja kerah basic pure linen regular fit PR023,Rp315.000,315000.0
atasan-pria,Hush Puppies Kaos Polo Pria FOLIO Brown MK28519BR,Rp401.300,401300.0
atasan-pria,Aerostreet Dean Hitam Kaos Pria Black Series Sablon Cotton Combed T-Shirt Premium Unisex Casual,Rp99.900,99900.0
atasan-pria,Hadinata Batik Premium Kemeja Batik Pria Lengan Panjang Superfine Furing Centana Centani Blue,Rp569.000,569000.0
atasan-pria,Benidson Reguler Tshirt Shark Fin,Rp90.000,90000.0
atasan-pria,Toms Project Boxy Oversized Tshirt Frame White Unisex - Cotton Combed 20s vintage Pria Wanita Keren Katun Tee leng an pendek y2k Kaos Nyaman,Rp89.000,89000.0
atasan-pria,Skelly Kaos Pria Wanita Ace Much Tee Orange,Rp99.000,99000.0
atasan-pria,Jemssky Kaos Polo Shirt Pria Kerah Logo Jemssky Kanan JS Kiri Gold Sablon Print Quality Unisex,Rp64.600,64600.0
atasan-pria,Kemeja Pria Shanghai Short Sleeve Black Yellow Line,Rp119.900,119900.0
atasan-pria,Johnwin - Regular Fit - Kemeja Formal - Bertekstur - Abu - FSH.650.K241.657.C S/S,Rp179.800,179800.0
atasan-pria,BAJU KAOS T-SHIRT DISTRO KEREN PRIA WANITA ENJOY THE LITTLE THING PUTIH PRIA WANITA COTTON COMBED 30s,Rp59.000,59000.0
atasan-pria,"Kaos Lengan Panjang Bengkel Mekanik Montir Gratis Nama Bengkel Terbaru 2025-Kaosilogis, Bahan Cotton Combed 30s Premium - Biru",Rp89.380,89380.0
atasan-pria,Kaos Lengan Panjang Pelaut Indonesia Seafarers Terbaru -Kaosilogis,Rp89.380,89380.0
atasan-pria,Rizgo - Kaos Polo Shirt Polos Pria Wanita Bahan Katun Pique Distro Ukuran S M L XL XXL Banyak Pilihan Warna Red Premiun Quality Size Lokal Nyaman Adem Tebal Casual Kerah Keren Unisex,Rp68.000,68000.0
atasan-pria,BG Bujang Gadis Kaos Terbaru Tshirt Unisex Sablon Dont Vibes Warna Hitam Katun 30s,Rp58.000,58000.0
atasan-pria,Huskey Clothing - Tshirt Bloodbound Queen BLK - Kaos Pria keren kece kaos distro pria,Rp175.000,175000.0
atasan-pria,BG Baju Kaos Distro Dewasa Lengan Pendek Pria Wanita Unisex New World Sage Green Terbaru Katun Combet 30s,Rp58.000,58000.0
atasan-pria,Johnwin - Kemeja Formal - Kemeja Pria - Lengan Pendek - Motif Salur Merah - Putih - JFSH.650.WD375.337.7C S/S,Rp159.800,159800.0
atasan-pria,KALE Kemeja III - BUY MORE SAVE MORE - Atasan Kemeja Lengan Panjang Pria - Atasan Kemeja Pria,Rp185.000,185000.0
atasan-pria,Arkana Batik Slimfit Motif Merak Coklat - Cocok Untuk Kerja Lamaran Dan Acara Santai Semi Formal,Rp309.380,309380.0
atasan-pria,Johnwin - Kaos Casual Pria - Lengan Pendek - Putih - Record of Life - Slim-fitting - ATS.622.M348.32.C S/S,Rp133.000,133000.0
atasan-pria,[3-4-7] Paket Hemat 3 pcs Kaos Oblong Sablon Keren Forester Katun 24S Bahan Adem,Rp250.000,250000.0
atasan-pria,X8 Hastanta Shirt,Rp269.900,269900.0
atasan-pria,EXECUTIVE Long Sleeve Buttoned Down Collar Shirt 1-LSRCRO225L418 Navy,Rp244.930,244930.0
atasan-pria,X8 Abyaz T-Shirt - Kaos pria santai,Rp139.900,139900.0
atasan-pria,Schoeller Kemeja Flannel Pria Lengan Panjang Reguler Fit Kotak-Kotak – Nyaman & Stylish,Rp119.900,119900.0
atasan-pria,Anggur - Mandalas Kemeja Batik Pria Premium Lengan Pendek,Rp369.000,369000.0
atasan-pria,Baju Kaos Pria Polo Exchange Basic Casual Poly Katun TC 24s Distro Lengan Pendek Nyaman 10166,Rp63.680,63680.0
atasan-pria,Baju Kaos Branded Terlaris Untuk Pria Nongkrong Wanita Santai Sablon Point 8 Focus Distro Oblong Keren,Rp37.441,37441.0
atasan-pria,Polo Exchange Kemeja Pria Casual Lengan Pendek Kerah Basic Premium Hitam Cowok Formal,Rp130.222,130222.0
atasan-pria,Baju Kaos Cowok Cewek Distro Keren Lengan Pendek Polo Exchange Branded Murah - 330038,Rp37.441,37441.0
atasan-pria,"Baju Kaos Pria Wanita Dewasa Distro Estetik Baju Cowok kekinian Polo Exchange Oblong Keren Sablon Lengan Tangan Pendek Bahan PE Tuton M, L, XL, XXL 10078",Rp45.797,45797.0
atasan-pria,Unisex Oversized T-Shirt Be Like An Eagle Pearl Print - Polo Exchange 10142,Rp85.505,85505.0
atasan-pria,"Point 8 Kaos Unisex Reguler PE 24s – Adem, Stylish & Sablon ESTD 1988 Model - 30019",Rp35.792,35792.0
atasan-pria,Kaos Distro Polo Exchange Midnight Katun Premium Unisex - 10133,Rp67.049,67049.0
atasan-pria,Hemdev Tshirt Cultured Rustic Green Tees Katun,Rp79.000,79000.0
atasan-pria,PAKAJI Kemeja Pria Kemeja Polos Pria Lengan Panjang Pria Lengan Panjang Cigarette Sanghai 065,Rp149.000,149000.0
atasan-pria,NUEFELT Kemeja Flanel Pria Lengan Panjang Brescia,Rp247.380,247380.0
atasan-pria,NUEFELT Kemeja Flanel Pria Lengan Panjang Saitama,Rp247.380,247380.0
atasan-pria,NEU MEN Kemeja Pria Nerala Shirt BW Kemeja Pria Premium,Rp399.000,399000.0
atasan-pria,NEU MEN Kemeja Pria Rava Shirt Long Kemeja Pria Lengan Panjang Bahan Premium,Rp489.000,489000.0
atasan-pria,INFILESS T-shirt Vintage No More Love Shadow,Rp24.000,24000.0
atasan-pria,Bombboogie Hedley Dark Navy Koko Shirt 24847B5DI,Rp269.000,269000.0
atasan-pria,Bombboogie Kemeja Pria Croco Regular 22965B5AR,Rp299.000,299000.0
atasan-pria,Cardinal Kemeja Lengan Pendek Pria E1856P02H,Rp377.500,377500.0
atasan-pria,Hush Puppies Kemeja Pria DILLION 2 Light Blue MB25503LB,Rp289.500,289500.0
atasan-pria,Cardinal Kemeja Lengan Panjang Slim Fit Pria C2656J04C,Rp342.500,342500.0
atasan-pria,JB - Polo Scuba Buttonless Brown - Kaos Kerah Lengan Pendek - Oversize Polo Shirt Pria 280 GSM,Rp139.000,139000.0
atasan-pria,"ORORA T-shirt Cats | ORC-05 | Kaos Distro | Baju Atasan Pria-Wanita Ukuran S, M, L, XL, XXL, XXXL Nyaman Untuk Segala Aktivitas Combed Motif",Rp120.000,120000.0
atasan-pria,Voilaid Team Regular T-Shirt White,Rp1.107.000,1107000.0
atasan-pria,FortKlass Store Kaos TENNIS Regular Fit Kaos Sablon 24S 30S Kaos Pria Lengan Pendek Atasan Tshirt Distro Combed Kain,Rp82.170,82170.0
atasan-pria,T-Shirt Pria Regular Cardinal F0131P01A,Rp216.500,216500.0
atasan-pria,Zerone Need Money For Diesel Party Hitam Size M Kaos Dewasa Cotton Combed,Rp225.750,225750.0
atasan-pria,Kaos Cowok Distro Korea Orange Style Art Keren – Kaos Baju Pria Dewasa Sablon 3D KR ORKL 05 T-Shirt Unisex Cotton Combed 24s Atasan Motif,Rp120.000,120000.0
atasan-pria,Rider Batik Shirt - Kemeja Batik Reguler Fit RB502B isi 1 Pcs,Rp462.482,462482.0
atasan-pria,FortKlass Store Kaos FAMOUS Reguler Fit Kaos T-Shirt 24s Cowok Premium Katun Combed 24S unisex,Rp82.170,82170.0
atasan-pria,Baju Kaos Distro Cowok Omidoki Putih CYBU Tshirt Pria Keren - Combed - Oblong Katun Dewasa Atasan Nyaman Pendek,Rp69.960,69960.0
atasan-pria,Greenlight Voyager Kaos Pria Lengan Pendek Regular Fit Katun Logo Script Camo CG101024,Rp113.400,113400.0
atasan-pria,keepfs.id | t-shirt black 16s | lines,Rp130.000,130000.0
atasan-pria,Kickchick Doublesleeve Boxy Meowmotion Steel Blue Black | Kaos Atasan | Lengan Panjang Unisex | KC-LS-BXM003,Rp129.000,129000.0
atasan-pria,No Void Minds Mickey Mouse Edition Office is Fun Regular T-Shirt,Rp149.900,149900.0
atasan-pria,[BELI 2 LEBIH HEMAT] Gloaming Kemeja Pendek Polos Rayon Collar Caramel,Rp124.900,124900.0
atasan-pria,VENGOZ Kemeja Pria Slim fit - Vicente Stripe Black SS Nyaman,Rp219.000,219000.0
atasan-pria,Cardinal T-Shirt Pria E2390X02H,Rp95.000,95000.0
atasan-pria,MANZONE X Hermanto Tanoko - Kaos Knit Lengan Pendek Pria Nobel 04 - Dark Grey,Rp499.900,499900.0
atasan-pria,"(Gratis Goodie Bag & Sticker) Bundling Buy 1 Get 3 Kaos Distro Unisex Pria & Wanita, Cotton Combed Premium Keren - Exclusive Bundle 08 Baju Oblong",Rp300.000,300000.0
atasan-pria,Aerostreet T Shirt Boxy Fit Heavyweight Variasi Veyron Terracotta Man Kaos Tshirt FC1AA,Rp109.900,109900.0
atasan-pria,OCWA KEV TWOTONE BLACK AND ASPHALT GREY OVERSIZED TEE MEN,Rp289.900,289900.0
atasan-pria,Wangky Pria Cardinal F0189P04C,Rp258.500,258500.0
atasan-pria,EPIDEMIC PRM T-shirt & Longsleeve ( D*FF*CT ),Rp140.000,140000.0
atasan-pria,Benidson Reguler Tshirt Shark Fin,Rp90.000,90000.0
atasan-pria,Third Day MTK42 Kaos Oversize Distro Pria Instacool Slash Hitam Maroon,Rp75.000,75000.0
atasan-pria,NOTBADCLUB - NBC-S Eclipse Tee - Tshirt Cotton Combed 24s Short Sleeve,Rp89.500,89500.0
atasan-pria,Kemeja Pria Shanghai Short Sleeve Black Yellow Line,Rp119.900,119900.0
atasan-pria,Kalibre | Coca-Cola T-Shirt White 980972,Rp139.300,139300.0
atasan-pria,Amspro Kemeja Pria atasan pria Kemeja flanel Putih,Rp93.600,93600.0
atasan-pria,Kalibre Kemeja Grey 980927,Rp299.000,299000.0
atasan-pria,RIZZBEAR Kaos Distro Lengan Pendek Original Brand Baju Solatip T-Shirt Black,Rp499.000,499000.0
atasan-pria,Osella Basic T-Shirt 3072660350 | Kaos Basic Lengan Pendek Pria,Rp154.900,154900.0
atasan-pria,Bonsoir Oxford long sleeve shirt ( men ),Rp3.180.000,3180000.0
atasan-pria,keepfs.id | longsleeve shirt dark grey | steal,Rp215.000,215000.0
atasan-pria,Dobujack Kemeja Short Shirt Vergo Green Milton,Rp129.000,129000.0
atasan-pria,Lee Cooper Long Shirt Orton Black,Rp529.500,529500.0
atasan-pria,Kemeja Polos Pria WOODCUTTER Royal Slub Basic Shirt Longsleeve - Cream Khaki Lengan Panjang Kerja,Rp219.000,219000.0
atasan-pria,WORKSHIRT RTSDVSN 003 | KEMEJA WORKSHIRT SHORT SLEEVE | KEMEJA PRIA | FREE STIKER DAN GANTUNGAN KUNCI,Rp210.000,210000.0
atasan-pria,Kaos AdheMax Active - Off White,Rp210.000,210000.0
atasan-pria,Cole Re Yarn Dyed Stripe Kemeja Pria 123789581,Rp132.100,132100.0
atasan-pria,Cardinal T-Shirt Pria C2636P08A,Rp202.500,202500.0
atasan-pria,Baju Kaos Atasan Psht Lambang Besar Dipunggung Hati Bersinar Lawasan Kualitas Distro Bahan Katun Adem Lembut,Rp75.000,75000.0
atasan-pria,Hicks Asiv T-shirt Black,Rp170.000,170000.0
atasan-pria,Tshirt Buzztard Fakk Mike Clown,Rp85.000,85000.0
atasan-pria,Buzztard Records Kaos Band Original Superiots Bangga di Barisan License by Buzztard Records Bahan Cotton Combed 24s Sablon Discharge Tag Buzztard,Rp215.000,215000.0
atasan-pria,Cardinal Wangky Pria E0401P06A,Rp238.000,238000.0
atasan-pria,Hush Puppies Kaos Polo Pria PICARD Black,Rp233.600,233600.0
atasan-pria,Maxskill T-shirt Hitam Kaos Distro WOVEN MXKL tshirt Cewek Combed Cowok Nyaman Panjang Pria Unisex,Rp104.000,104000.0
atasan-pria,Hush Puppies Kemeja Pria BREADY Olive MB28514OL,Rp249.600,249600.0
atasan-pria,House of Smith T Shirt Ouvstar Tshirt Black - Kaos Pria Lengan Pendek,Rp105.000,105000.0
atasan-pria,Kaos Anchorage Bear Basic - Tshirt with Logo,Rp119.000,119000.0
atasan-pria,SIBUEA Premium T-shirt KAOS MARGA Sibuea Onanzoe Batak Nyaman Pria Distro Katun Casual Keren Motif,Rp91.250,91250.0
atasan-pria,Lee Cooper T-Shirt Logo Diamond White Black,Rp239.500,239500.0
atasan-pria,Hush Puppies Twig Polo Shirts Pria,Rp234.550,234550.0
atasan-pria,Hush Puppies Saber Stripe Collar Polo Pria,Rp234.550,234550.0
atasan-pria,HLPD Weirdworld Kaos Tshirt Boxy Oversize Pecah Pola Glax Dark Grey - Grit,Rp114.000,114000.0
atasan-pria,Peternation kemeja pria flanel wool basic panjang regular fit Kerah High Distro Casual,Rp236.500,236500.0
atasan-pria,Cardinal T-Shirt Pria E2277P01A,Rp208.900,208900.0
atasan-pria,Cotton Well Long Sleeve Flannel Shirt Collection | Kemeja Lengan Panjang Kotak Flanel,Rp209.000,209000.0
atasan-pria,Kaos Basic Katun TENCEL (ALMOND BROWN),Rp110.500,110500.0
atasan-pria,Hush Puppies Tangerine Pria,Rp283.950,283950.0
atasan-pria,MOC Kemeja Lengan Pendek Slim Fit Balleo 1 Bestbuy-Brown,Rp99.000,99000.0
atasan-pria,Runks Pride Longsleeve Cotton Combed 24s Betrayel Black,Rp130.000,130000.0
atasan-pria,Cardinal Kemeja Lengan Panjang Slim Fit Pria C2878J01A,Rp249.000,249000.0
atasan-pria,MANZONE - Kaos Jersey Lengan Pendek Pria Shiloh 07 Relaxed Fit - Black,Rp108.732,108732.0
atasan-pria,Winkowski Eighth Planet Short Sleeve Box Fit Tee SM126-SS17,Rp449.900,449900.0
atasan-pria,(LAST CALL) Platini Kemeja Polos Pria Lengan Pendek Katun Twill Krem 73398,Rp129.000,129000.0
atasan-pria,Kaos Kerah Polo Shirt Pique Kwitan BURGUNDY,Rp160.915,160915.0
atasan-pria,TENUE Kemeja Camp Collar Kotak Kotak Lengan Pendek Green Navy Yellow - By The Hours,Rp199.286,199286.0
atasan-pria,Peternation kemeja pria flanel wool basic panjang regular fit High Kerah Casual Distro,Rp236.500,236500.0
atasan-pria,Levi's® Men's Original Polo (005FM-0005),Rp499.900,499900.0
atasan-pria,Nayara Batik Kemeja Sodia / Kemeja Pria Batik / Batik Pria Lengan Pendek Baju Kerah Katun,Rp190.000,190000.0
atasan-pria,Omidoki Kaos Distro Pria Parpel Hitam T-shirt Katun Combed Nyaman Combed 24s Tebal Baju Cowok Keren Pendek Dewasa Basic Oblong Ootd Atasan Simple Keren Branded Lembut Unik,Rp73.458,73458.0
atasan-pria,"Baju Kaos Lengan Pendek Instacool ""stay calm"" navy MTU85 hitam MTU86",Rp165.000,165000.0
atasan-pria,Hi VABAd The Pugs Tshirt | Kaos Streetwear Unisex Tee Combed Pria Baju Distro Oversize Printing Band Pendek Panjang Vintage Digital,Rp105.000,105000.0
atasan-pria,EIGER ACT AIRY LIGHT SIGNATURE MEN'S LS T-SHIRT,Rp349.000,349000.0
atasan-pria,Gozeal | Reguler T-Shirt | Fished | Pria Wanita Unisex | Bermotif,Rp129.999,129999.0
atasan-pria,HKGN Heavyweight Tshirt 230g16s Tolak Perang Kaos Nyaman Ketebalan Oblong Crewneck Unisex Couple,Rp169.000,169000.0
atasan-pria,Rabbani - Over All Dara Lengan Pendek Farellea Exclusive,Rp216.380,216380.0
atasan-pria,Badger T-shirt Khaki Human Greatness,Rp90.000,90000.0
atasan-pria,Kaos IEBE J1BO8020 Kerah Shanghai Casual Lengan Pendek,Rp199.000,199000.0
atasan-pria,MANZONE - Kemeja Lengan Panjang Pria Cassius 02 Comfort Fit - Black,Rp359.900,359900.0
atasan-pria,Kaos RACERTEES Curve Racer - RCT.1480,Rp129.000,129000.0
atasan-pria,JAYASHREE - Edha Maroon Bahan Katun Premium - Kemeja Kerja Batik Pria Slimfit Lengan Pendek,Rp192.500,192500.0
atasan-pria,Waveblast Oversize T-Shirt Role Black,Rp119.000,119000.0
atasan-pria,GENTIL - T-Shirt Oversize On Fear The Future Unisex,Rp58.410,58410.0
atasan-pria,Waffle Wimbledon Steel Blue Shirt Human Greatness,Rp150.000,150000.0
atasan-pria,EPIDEMIC PRM T-shirt & Longsleeve ( D*FF*CT ),Rp140.000,140000.0
atasan-pria,Benidson Reguler Tshirt Shark Fin,Rp90.000,90000.0
atasan-pria,Third Day MTK42 Kaos Oversize Distro Pria Instacool Slash Hitam Maroon,Rp75.000,75000.0
atasan-pria,NOTBADCLUB - NBC-S Eclipse Tee - Tshirt Cotton Combed 24s Short Sleeve,Rp89.500,89500.0
atasan-pria,Kemeja Pria Shanghai Short Sleeve Black Yellow Line,Rp119.900,119900.0
atasan-pria,keepfs.id | t-shirt mineral blue 16s | dizzy,Rp130.000,130000.0
atasan-pria,MOC - Kemeja Lengan Panjang DUSTIN - BLACK,Rp169.000,169000.0
atasan-pria,T-SHIRT RTSDVSN 194 | LENGAN PENDEK MOTIF LADDER,Rp125.000,125000.0
atasan-pria,TENUE Kemeja Flannel Camp Collar Lengan Pendek - College - Navy Brown,Rp149.885,149885.0
atasan-pria,MOC - Kemeja Batik Pria Lengan Panjang Kertawijaya - Blue,Rp399.900,399900.0
atasan-pria,PIERROX Shirts - 3112323KA,Rp799.000,799000.0
atasan-pria,Kickchick Longsleeve Bless Black & White | Kaos Lengan Panjang | Atasan Unisex | KC-LS155,Rp115.000,115000.0
atasan-pria,HKGN Heavyweight Tshirt 230g16s Kaos Pria Style Kece Kaos Oversize Tebal Oblong Crewneck Unisex Couple,Rp159.000,159000.0
atasan-pria,Rianty Batik Premium Pria Kemeja Panjang Slimfit Cream Hem Prada Emas Gevariel Gevara,Rp299.000,299000.0
atasan-pria,Oxygen Denim Evolve Wanderlust Oversized T-shirt (101-3328),Rp319.920,319920.0
atasan-pria,KAOS KATUN PRIA WANITA CASUAL SIMPLE LENGAN PANJANG HITAM FRIDAY KILLER | CORE LONG ACID LS,Rp211.200,211200.0
atasan-pria,[ADLV] Simple Border Line Short Sleeve T-Shirt Black - Kaos Oversized Fit Unisex Acme de da vie,Rp749.000,749000.0
atasan-pria,Kaos Pendek Pria Cartenz Tactical Flash Merah,Rp195.000,195000.0
atasan-pria,DANAR HADI - Kemeja Batik Lengan Pendek Gurdo Cemukiran - 5GDCM.78.0525 - Hitam,Rp360.050,360050.0
atasan-pria,DGM Kemeja Flanel Pria Kerah Sanghai Koko Lengan Panjang Merah Navy Hitam Abiyan Series 2994,Rp169.000,169000.0
atasan-pria,Kemeja Flanel Lengan Panjang 1700,Rp159.000,159000.0
atasan-pria,DGM Fashion Kemeja Pria Batik Songket Motif Tenun Hitam Panjang 2191,Rp149.000,149000.0
atasan-pria,Dgm batik pria lengan panjang premium 1373,Rp179.000,179000.0
atasan-pria,Dgm kemeja pria polos lengan panjang Brown cigarette 1990,Rp149.000,149000.0
atasan-pria,DGMID Kemeja Batik Pria Slim Fit Premium Pendek Diamond Biru 6126,Rp145.000,145000.0
atasan-pria,DGM Kemeja Pria Kerah Sanghai Koko Lengan Pendek Polos Dark Green 1413,Rp135.000,135000.0
atasan-pria,Dgm Tshirt pria wanderlust lengan pendek hitam 1469,Rp162.500,162500.0
atasan-pria,DGM Kemeja Pria Flanel Panjang Navy-Coklat 7002,Rp159.000,159000.0
atasan-pria,Dgm Kemeja Polos Pria Lengan Panjang Premium Fischeri Silk 2178 Katun,Rp149.000,149000.0
atasan-pria,DGM Kemeja Pria Flanel Lengan Panjang Hitam List Cream 2253,Rp159.000,159000.0
atasan-pria,DGM Kemeja Pria Salur Premium Pendek Premium Kemeja Stripe Pria Kemeja Garis Pria Slimfit Garis Navy Dan Putih Garis Kecil 2841,Rp165.000,165000.0
atasan-pria,DGM Fashion Flanel Premium Lengan Panjang Kemeja Pria 1533,Rp159.000,159000.0
atasan-pria,Dgm T-Shirt Grafis Pendek Hitam 1560,Rp75.000,75000.0
atasan-pria,DGM Kemeja Pria Kotak Yarndyed Pendek Kotak Putih Garis Hijau Besar Yarn Dyed 2517,Rp169.000,169000.0
atasan-pria,DGM Kemeja Pria Flanel Jumbo Lengan Pendek Hitam Coklat 2224,Rp175.000,175000.0
atasan-pria,DGM Fashion Kemeja Flanel Casual Kemeja Lengan Panjang 1937,Rp159.000,159000.0
atasan-pria,DGM Fashion Kemeja Pria Flanel Kantong Dua Premium Flanel kantong dua 1880,Rp175.000,175000.0
atasan-pria,DGM Kemeja Flanel Pria Lengan Panjang Abu Kotak Navy Hitam Kemeja Pria Flanel Pria Kemeja Panjang 1694,Rp159.000,159000.0
atasan-pria,DGM Kemeja Flanel Pria Lengan Pendek Hitam Garis Abu Besar Kemeja Pria Flanel Pria Kemeja Pendek 2942,Rp155.000,155000.0
atasan-pria,DGM Kaos Polo Shirt Pria Premium Knit Brown 2453,Rp110.000,110000.0
atasan-pria,Mortegoclub Kaos Tshirt PLEASURE Cotton Combed,Rp124.380,124380.0
atasan-pria,WOOD Regular Fit Long Sleeve Stripe Shirt 2-LSXLXC225J105 Taupe,Rp259.900,259900.0
atasan-pria,Bombboogie Kaos Pria Slimfit Alma 12F90B4MA,Rp195.000,195000.0
atasan-pria,WOOD Buttoned Down Short Sleeve Shirt 2-SSXLXC126B037 SAND,Rp359.910,359910.0
atasan-pria,FortKlass Kaos Oversize TSUKUYOMI T-Shirt Cowok Premium Kaos Pria Lengan Pendek Jumbo,Rp91.080,91080.0
atasan-pria,Wrangler T-Shirt Short Sleeve Oversized BILLY 06A25 Off White,Rp224.910,224910.0
atasan-pria,Familias - T Shirt Black - Rick Bc,Rp165.000,165000.0
atasan-pria,OOTDSUPPLY Longsleeve Boxy 20s Crysta Black l Oversize T-Shirt Lengan Panjang l Kaos Panjang I Atasan Unisex | LS-BX-001,Rp125.000,125000.0
atasan-pria,Animous Kaos Tshirt Pria Pizza,Rp170.000,170000.0
atasan-pria,FortKlass Store Kaos NEON Regular Fit Kaos Sablon 24S 30S Kaos Pria Lengan Pendek Atasan Tshirt Distro,Rp83.000,83000.0
atasan-pria,Omidoki Kaos FLOCK BLUDRU Tshirt Oby Mineral Green Baju Distro Original Pria Oblong Keren Combed Katun Cowok Dewasa Branded Nyaman,Rp71.709,71709.0
atasan-pria,MOC - Sweater Pria Lengan Panjang Ford - Olive,Rp230.000,230000.0
atasan-pria,Jakarta Utara,Rp98.600,98600.0
atasan-pria,RICARDO kemeja batik pria lengan panjang COKLAT 32418,Rp179.900,179900.0
atasan-pria,T-SHIRT LOCAL SIZE RTSDVSN 422 | LENGAN PENDEK MOTIF MYSTIC STEEL | Combed Kaos,Rp129.000,129000.0
atasan-pria,MOC - Kemeja Pria Lengan Pendek Polos Woodie - Brown,Rp329.900,329900.0
atasan-pria,Kemeja Batik Pria KEMBANG LOMBOK NAVY PANJANG Full Furing Bahan Katun Halus High Quality,Rp209.000,209000.0
atasan-pria,Anchorage Bear T-shirt Joker Haagen Kaos Oversized Limited Edition,Rp179.000,179000.0
atasan-pria,Metaphores Longsleeve Heavyweight T-shirt 16s Sense - White,Rp173.900,173900.0
atasan-pria,DANAR HADI - Kemeja Batik Lengan Panjang Motif Arak-arakan Pecinaan - 2.AAPC.78.0126 - Hitam Putih,Rp426.550,426550.0
atasan-pria,MANZONE - Atheer SS Junior - Kemeja Koko Shanghai Anak Lengan Pendek - Green Dark - Manzone & Minimal,Rp169.900,169900.0
atasan-pria,Kaos Distro unisex cowok Cewek Motif The Season Gaya Biasa Bahan Katun 24S Pria wanita dewasa laki perempuan dewasa remaja anak siswa sekolah lembut elegant aesthetic lengan pendek crew neck o neck adem nyerap keringat Oblong V206 Baju High Nyaman Kerah,Rp76.680,76680.0
atasan-pria,MCB T-shirt Man Full Print Reguler Fit Experience X99 Kaos Castle Wall Riffle Green | 0103014.04014,Rp159.950,159950.0
atasan-pria,Troy Company Tshirt Boxy Oversize Black Work - Kaos Boxy Oversize Hitam MB 3109,Rp132.000,132000.0
atasan-pria,WOOD Textured Polo Shirt with Button 2-PSILXC225K046 OLIVE,Rp199.900,199900.0
atasan-pria,EPIDEMIC PRM T-shirt & Longsleeve ( D*FF*CT ),Rp140.000,140000.0
atasan-pria,Third Day MTC55C logo JPN blk T-shirt Hitam,Rp119.000,119000.0
atasan-pria,Baju Kaos Distro Pria MTH69 Third Day Osaka 1Line Kaos White,Rp119.000,119000.0
atasan-pria,Skelly Kaos Pria Wanita Ace Much Tee Orange,Rp99.000,99000.0
atasan-pria,Kemeja Pendek Soldierside Blue Rose on Cream,Rp215.000,215000.0
atasan-pria,Anchorage Bear T-shirt Haagen Googen Kaos Oversize Limited Edition Mid Range,Rp129.000,129000.0
atasan-pria,Casella Kemeja Pria Lengan Pendek Sinclair Stripe Design,Rp159.950,159950.0
atasan-pria,Familias - T Shirt Black - Rick Bc,Rp165.000,165000.0
atasan-pria,WOOD Regular Fit Long Sleeve Stripe Shirt 2-LSXLXC225J105 Taupe,Rp259.900,259900.0
atasan-pria,Bombboogie Kaos Pria Slimfit Alma 12F90B4MA,Rp195.000,195000.0
atasan-pria,DANAR HADI - Kemeja Batik Lengan Panjang Motif Arak-arakan Pecinaan - 2.AAPC.78.0126 - Hitam Putih,Rp426.550,426550.0
atasan-pria,CYFCLO Baju Kaos Oblong Distro C208 Bear Series Atasan Lengan Pendek Pria Wanita Warna Hitam Putih Coksu Sablon DTF Tahan Lama Combed Dewasa Surfing Katun,Rp118.500,118500.0
atasan-pria,Houseofcuff Kemeja Kerja Formal Pria Model French Cuff / Double Cuff Dengan Cufflinks Warna Dusty Blue,Rp300.000,300000.0
atasan-pria,CLOWOR Rocks D. Xebec Davy D. Xebec Rock Pirates One Piece Anime Kaos T-Shirt 24s 185GSM,Rp150.000,150000.0
atasan-pria,Kaos Lite Tees seri Sepeda Setengah bahan bamboo cotton Voice of Jogja,Rp169.000,169000.0
atasan-pria,MOC Kaos Polo Lengan Pendek Pria Leo - Maroon,Rp249.900,249900.0
atasan-pria,Cardinal Kemeja Lengan Panjang Slim Fit Pria Big Size C2672N10A,Rp229.000,229000.0
atasan-pria,Kaos Tshirt Dragon Ball Baju Distro CA1 Bahan Katun Combed Premium,Rp115.005,115005.0
atasan-pria,GENTIL - T-Shirt Oversize FRIDAY Unisex,Rp59.301,59301.0
atasan-pria,Broodis Kemeja Bowling Pria BONDEE Series Cloud Blue Lengan Pendek Casual Relax Fit Anti Kusut,Rp129.110,129110.0
atasan-pria,Fadsan Baju Couple Ayah Anak Polos Katun Kerah Rebah Lengan Pendek Tampilan Rapi Greece Series,Rp216.500,216500.0
atasan-pria,Poleyrum Capricious Ventilated T-Shirt - Kaos Running Inspired Oversized Fit Cotton Combed 20s Pria Unisex - Hitam,Rp219.900,219900.0
atasan-pria,Cole Pintu Repeat Kemeja Koko Pria 123201508,Rp229.900,229900.0
atasan-pria,CYFCLO Kaos Reguler Ringer Full Katun-Simple dan Nyaman Dipakai Seharian | RCC109-Gorila Face,Rp120.350,120350.0
atasan-pria,Hanoon - Tshirt White - Kaos Putih RRC Angle,Rp110.980,110980.0
atasan-pria,Jakarta Barat,Rp117.800,117800.0
atasan-pria,Kaos Tshirt Distro CZ1 / Baju Unisex Outfit Kekinian Bahan Katun,Rp115.005,115005.0
atasan-pria,Adyatma Wayang White Putih - Kemeja Batik Slim Fit Lengan Panjang Katun,Rp253.900,253900.0
atasan-pria,CYFCLO Baju Kaos Distro CD808 Space Adventure Atasan Unisex Lengan Pendek Sablon DTF Bahan Cotton Combed 24s Tebal Menyerap Keringat Pria Wanita Cowok,Rp114.200,114200.0
atasan-pria,Casualuxe PRESTIGE Long Sleeve Oxford Shirt Navy - Kemeja Pria Lengan Panjang Oxford Hitam,Rp199.000,199000.0
atasan-pria,Baju distro Kaos Cyfclo Pria dan Wanita bahan katun premium Kakashi,Rp115.005,115005.0
atasan-pria,Outfit kaos Distro CZ1 / Tshirt Kekinian kualitas Katun Premium,Rp115.005,115005.0
atasan-pria,Avana by Adyatma Jinara Navy Blue Kemeja Batik Slim Fit Tricot Pria Katun Foil,Rp449.000,449000.0
atasan-pria,MOC Kemeja Lengan Panjang Stripes Pria Myles - Black,Rp299.900,299900.0
atasan-pria,MOC - Kemeja Motif Pria Lengan Pendek Marco - Maroon,Rp230.000,230000.0
atasan-pria,Epidemic T-shirt [BOXY FIT] American Cotton 20s Sometimes Againt,Rp169.650,169650.0
atasan-pria,PAKAJI Kemeja Pria Flanel Double Pocket Premium Putih List Hitam Flanel Kantong Dua 1344,Rp175.000,175000.0
atasan-pria,Levi's® Men's Graphic Vintage Fit T-Shirt (87373-0394),Rp399.900,399900.0
atasan-pria,"Benidson Kaos Polo Shirt Kaos Kerah Maroon, Navy, Dark Green",Rp120.000,120000.0
atasan-pria,shirt Polo moto gp 2019,Rp619.312,619312.0
atasan-pria,RY Lifestyle TShirt Kaos Pria Pendek TTD Rylifestyle Merah Distro Original,Rp69.700,69700.0
atasan-pria,INKCHANTRESS - ADOLF HITLER - IC-135 - KAOS HITAM POLOS PREMIUM Cotton Combed 24s Katun Black Minimalist Casual Unisex Fit Kerah Lembut Pria Distro Basic Baju Wanita T-Shirt High Band Anime Panjang Keren,Rp94.000,94000.0
atasan-pria,Benidson Singlet Sleeveless Oversized Tshirt Hitam Eagle,Rp95.000,95000.0
atasan-pria,Rizgo - Kaos Distro Pendek Srgl Gold Casual Bahan Catton 24s T Shirt Tebal Nyaman Oblong Unisex Regular Sablon Cotton Combed 24s,Rp68.370,68370.0
atasan-pria,Kaos T-shirt DB TEAM PEMORSIAN OMPRENG ISI SPPG BGN Round Reck Reguler Fit Unisex Pria Wanita Program MBG,Rp74.900,74900.0
atasan-pria,HEARTNESS Kaos Streetwear Pria Wanita Maddog Black | T-Shirt Vintage Unisex Cotton Combed 24s,Rp89.000,89000.0
atasan-pria,Jakarta Pusat,Rp59.040,59040.0
atasan-pria,Madless Kaos Pria Hitam | HOLO GIRL,Rp79.000,79000.0
atasan-pria,Madless Kaos Pria Moka | B.M.A,Rp79.000,79000.0
atasan-pria,HLPD WeirdWorld | Baju Kaos | T shirt | Boxy Tee - Insomnia,Rp104.000,104000.0
atasan-pria,Ashall.sky Baju Kaos Distro ABU HELLO SUMMER Pakaian Pria Wanita Terbaru | Kaos Distro Unisex Keren Lengan Pendek,Rp59.000,59000.0
atasan-pria,Promo Polo Shirt Lis Kombinasi Kaos Grass Sabik Lengan Pendek Baju Kerah Premium Unisex Casual Basic,Rp64.380,64380.0
atasan-pria,RY Lifestyle TShirt Kaos Pria Pendek Panda Hip Hopl Man Original Nyaman Panjang,Rp69.700,69700.0
atasan-pria,HLPD WeirdWorld | Baju Kaos | T shirt | Boxy Tee - Desty,Rp104.000,104000.0
atasan-pria,Jemssky T-Shirt Kaos Lengan Panjang Abu Tua Polos Unisex,Rp52.800,52800.0
atasan-pria,Districtstuff Kaos Band Black Dahlia Murder Tshirt Vintage Oversize Pria Wanita,Rp187.500,187500.0
atasan-pria,Benidson Regular Tshirt Helians,Rp90.000,90000.0
atasan-pria,HLPD Weirdworld Pocket Boxy Oversize Baju Kaos Distro Basic T Shirt Cotton Combad 24S - Stone,Rp84.900,84900.0
atasan-pria,"Kaos Baju Distro Murah Motif ""FEEDBACK"" Original Premium Tebal Unisex Katun 24S Cewek Cowok Pasangan Nyaman Atasan Keren Simple Dewasa Couple Oblong Panjang Wanita Lembut Pendek pria",Rp67.800,67800.0
atasan-pria,MEGABLAST - LOVE HATE TRUE KAOS OVERSIZE COTTON 24S UNISEX OVERSIZED T SHIRT,Rp99.900,99900.0
atasan-pria,HLPD Weirdworld 16S Heavyweight Oversized Tee - Born,Rp114.000,114000.0
atasan-pria,MEGABLAST - AZ*Z TSHIRT OVERSIZE COTTON 24S UNISEX,Rp99.900,99900.0
atasan-pria,MERCHANDISE KAOS OFFICIAL LKS AUTOPARTS,Rp90.000,90000.0
atasan-pria,Rizgo - Kaos Distro Pendek Comin Soon Silver Casual Bahan Catton 24s T Shirt Tebal Nyaman Oblong Regular Sablon Cotton Combed Unisex,Rp68.370,68370.0
atasan-pria,HLPD WeirdWorld | Baju Kaos | T shirt | Boxy Tee - Freedom,Rp104.000,104000.0
atasan-pria,EPIDEMIC PRM T-shirt & Longsleeve ( D*FF*CT ),Rp140.000,140000.0
atasan-pria,Third Day MTC55C logo JPN blk T-shirt Hitam,Rp119.000,119000.0
atasan-pria,Baju Kaos Distro Pria MTH69 Third Day Osaka 1Line Kaos White,Rp119.000,119000.0
atasan-pria,Skelly Kaos Pria Wanita Ace Much Tee Orange,Rp99.000,99000.0
atasan-pria,Kemeja Pendek Soldierside Blue Rose on Cream,Rp215.000,215000.0
atasan-pria,Kaos Kerah Motor VARIO Racing Kaos Polo Racing Balap Tshirt Kerah Motor Keren,Rp85.000,85000.0
atasan-pria,HLPD WeirdWorld | T shirt | Kaos Polos Reguler cotton 24s Combed Oblong Dewasa Baju Pria - Rifle Green,Rp79.000,79000.0
atasan-pria,Ashall.sky Kaos Distro Pria Lengan Pendek Logo Simpel Feel Good Hitam | Baju Oblong Pria Bahan Katun Unisex 30s,Rp59.000,59000.0
atasan-pria,Ashall.sky Kaos Distro Oblong Pria Lengan Pendek HITAM OUR JURNEY Adventure | Baju Kaos Pria Wanita Unisex Cotton Combed 30s Warna Hitam,Rp58.000,58000.0
atasan-pria,Ashall.sky Kaos Pria Distro Warna Sage Green Motif Spooky Unisex Bahan Katun Combed 30s Premium,Rp59.000,59000.0
atasan-pria,MEGABLAST - TUPAC TSHIRT OVERSIZE COTTON 24S UNISEX,Rp99.900,99900.0
atasan-pria,Runks Pride T-Shirt Reguler Cotton Combed 24s Fire Runks White,Rp119.500,119500.0
atasan-pria,Ashallsky Kaos Distro Pria Motif Big Bear Lengan Pendek Warna Putih | Baju Pria Wanita Katun 30s,Rp58.000,58000.0
atasan-pria,Rizgo - Kaos Distro Pendek Jpn Tegak New Orange Casual Bahan Catton 24s T Shirt Tebal Nyaman Oblong Regular Sablon Cotton Combed Unisex,Rp68.370,68370.0
atasan-pria,Kab. Banyumas,Rp599.500,599500.0
atasan-pria,kaos vespa bahan bahan katun original by rvj store Tshirt Unisex Distro Atasan,Rp56.000,56000.0
atasan-pria,Urbanstrict - T-Shirt Kaos Panjang Polos Combed 30s - Hitam,Rp51.600,51600.0
atasan-pria,Kemeja Pendek Corduroy Polos | Madless Corduroy Work Shirts boxy,Rp149.000,149000.0
atasan-pria,FIZZGE Kaos Skena Vintage Pria Wanita Fit Tshirt Cotton PE 30s White Just Cool Bahan Soft Polyester Jahitan Rantai Awet Sablon DTF Kualitas Terbaik,Rp25.889,25889.0
atasan-pria,RY Lifestyle -Tshirt Kaos Pria Pendek Fake People Kaos Cowok Cewek Distro Original RY Apparel Kaos Santai,Rp69.700,69700.0
atasan-pria,Kickchick Tshirt Reguler Stripe Love Embroidery | Kaos Lengan Pendek | Atasan Unisex Bordir | KC-TS-STRIP-KLE,Rp105.000,105000.0
atasan-pria,WHSTL. Kemeja - Greace #4 - Turquise,Rp99.000,99000.0
atasan-pria,FOGIVE T-Shirt Oversized Kaos Oversize Build Heaven White,Rp118.000,118000.0
atasan-pria,FIZZGE Baju Kaos Distro HELLO Lengan Pendek Pria Katun Soft Polyester Sablon Cutting Polyflex Keren Dewasa,Rp25.889,25889.0
atasan-pria,Rocketman - Poloshirt Pendek Sppg Mbg Baju Kaos Kerah Seragam Bgn Pria Wanita Makan Bergizi Gratis Unisex,Rp58.000,58000.0
atasan-pria,Ashall.sky Kaos Distro Pria Unisex Logo Tulisan Simpel Baju Lengan Pendek Kuning Mustard Atasan Kaos Murah Katun 30s,Rp59.000,59000.0
atasan-pria,Benidson Oversized Tshirt Chinese Mandarin,Rp104.000,104000.0
atasan-pria,Detak Original Kemeja Polos Pria Lengan Pendek Cigarett Abu Silver,Rp119.900,119900.0
atasan-pria,HLPD WeirdWorld Baju Kaos Lengan Panjang T shirt Long Sleeve Boxy Tee - Enamored,Rp114.000,114000.0
atasan-pria,Ashall.sky Kaos Pria Wanita Motif Having Whole Warna Denim Katun Combed 30s,Rp59.000,59000.0
atasan-pria,Jakarta Pusat,Rp49.500,49500.0
atasan-pria,Rizgo - Kaos Distro Pendek Jpn Tegak Orange Casual Bahan Catton 24s T Shirt Tebal Nyaman Oblong Regular Sablon Cotton Combed Unisex,Rp68.370,68370.0
atasan-pria,Detak Original Kemeja Polos Pria Lengan Pendek Cigarette Kuning,Rp119.900,119900.0
atasan-pria,INKCHANTRESS - HAKUNA MATATA - IC-21 - KAOS HITAM POLOS PREMIUM Cotton Combed 24s Katun Black Minimalist Casual Unisex Fit Kerah Lembut Pria Distro Basic Wanita T-Shirt Baju High Panjang Sablon Cowok Keren,Rp94.000,94000.0
atasan-pria,Corner Concept Tshirt - Jangan Gpp Terus - Personality Starts Here,Rp69.750,69750.0
atasan-pria,HLPD Weirdworld Kaos Tshirt Boxy Oversize Pecah Pola Cirs Black - Yellow,Rp114.000,114000.0
atasan-pria,HLPD WeirdWorld | Baju Kaos | T shirt | Oversize Tee - Strain,Rp104.000,104000.0
atasan-pria,HLPD Weirdworld Double Sleeve Boxy Tee - Modern,Rp119.500,119500.0
atasan-pria,FICHINO Kemeja Flannel Shefel Blue,Rp99.000,99000.0
atasan-pria,Ashall.sky Baju Distro Pria Reality Abu | Kaos Distro Pria Wanita Katun Combed 30s,Rp59.000,59000.0
atasan-pria,Santrinesia Kaos Sujiwo Tejo Caknun Emha Ainun Najib Maiyah Bahan Combed 24s,Rp89.999,89999.0
atasan-pria,Ashall.sky Kaos Unisex Pria Wanita Dewasa Warna Hitol Motif SOD Katun Combed 24s,Rp68.000,68000.0
atasan-pria,Ashall.sky Kaos Pria Wanita Motif Island Warna Hitam Katun Combed 24s,Rp69.000,69000.0
atasan-pria,Ashall.sky | Kaos Lengan Pendek Kaos Motif The Forest Coklat | Kaos Pria Kaos cotton combed 30s unisex pria Wanita,Rp58.000,58000.0
atasan-pria,Kickchick Tshirt Reguler Shoulder Love Green Embroidery Black Army | Kaos Lengan Pendek | Atasan Unisex Bordir | KC-TS-STRING-SHD-KLE,Rp90.000,90000.0
atasan-pria,Kemeja Pria Lengan Pendek Polos Polymicro Casual Slimfit,Rp119.900,119900.0
atasan-pria,"Benidson Kaos Polo Shirt Kaos Kerah Hitam, Navy, Putih",Rp120.000,120000.0
atasan-pria,HLPD WeirdWorld Kemeja Boxy Lengan Pendek Shirt Polos - Freus Navy,Rp129.900,129900.0
atasan-pria,Kaos Rohani The Lord is Our Unfailing Hope,Rp36.000,36000.0
atasan-pria,KAOS DISTRO UKURAN JUMBO PRIA ORIGINAL MYMAN 4XL - 5XL - VARIAN E,Rp70.000,70000.0
atasan-pria,RY Lifestyle TShirt Kaos Pria Panjang Adventure Tegak Piramid Blok Hitam Kaos Cowok Cewek Distro Original RY Apparel Kaos Santai,Rp73.800,73800.0
atasan-pria,LMTLS - Kaos Cowok Oversize Boxy Cut Premium Tshirt Distro Pria Keren Casual Style - Japan Black On Black,Rp99.900,99900.0
atasan-pria,Kemeja Pria Lengan Pendek Polos Warna Abu Muda Bahan Waffle Kotak,Rp109.999,109999.0
atasan-pria,"baju oversize vinton M|L,XL,XXL,3XLkaos disto t-shirt bandung oblong terlaris fashion Pria-ikemen.id Fit Motif Sablon Distro Pendek Cowok Keren Atasan Dewasa",Rp41.650,41650.0
atasan-pria,MEGABLAST - MEOW PUNK TSHIRT OVERSIZE COTTON 24S UNISEX,Rp99.900,99900.0
atasan-pria,Rizgo - T-Shirt Kaos Pendek Polos Sage Quality Unisex Combed Kerja,Rp68.000,68000.0
atasan-pria,Rocketman - Bonus Topi Kaos Distro Pendek N4s4 Logo Yellow Baju Pria Wanita Distro Cewek Cowok Import,Rp60.640,60640.0
atasan-pria,RBJ T-Shirt Cotton Oversized Pria 2079230301,Rp65.000,65000.0
atasan-pria,Ashall.sky Kaos Distro Pria Wanita Motif Magic Warna Hitam Bahan Katun Combed 24s,Rp68.000,68000.0
atasan-pria,Benidson Kaos Boxy Lengan Panjang Oversized Stuffy Head Putih Katun 16s,Rp130.000,130000.0
atasan-pria,LMTLS Kaos Custom Unisex Desain Sendiri Warna Hitam dan Putih Oversize Boxy Cut Regular Fit Tshirt Bahan Premium Casual Style,Rp99.900,99900.0
atasan-pria,MEART - T-shirt Salur - Blue White Kaos Pria Keren Pendek Nyaman Unisex,Rp77.400,77400.0
atasan-pria,KAOS VANS OFF THE WALL | VANS ARCHE DANTEL,Rp638.720,638720.0
atasan-pria,KAOS PRIA KATUN PUTIH LENGAN PANJANG VNS OTW | VNS CLASSIC WHITE LS,Rp830.720,830720.0
atasan-pria,BREY.CO T-Shirt Brey Baster All Varian,Rp79.000,79000.0
atasan-pria,EPIDEMIC PRM T-shirt & Longsleeve ( D*FF*CT ),Rp140.000,140000.0
atasan-pria,Firsthand Kaos Kerah Polo Shirt Pria Switch Toffee,Rp184.000,184000.0
atasan-pria,KEMEJA LENGAN PENDEK LINEN PRIA PREMIUM - HITAM - UREKI LINEN SHIRT,Rp479.000,479000.0
atasan-pria,Skelly Kaos Pria Wanita Ace Much Tee Orange,Rp99.000,99000.0
atasan-pria,Benidson Reguler Tshirt Shark Fin,Rp90.000,90000.0
atasan-pria,Ashall.sky Kaos Unisex Pria Wanita Dewasa Warna Hitam Motif Sonnies Katun Combed 30s,Rp59.000,59000.0
atasan-pria,Ashall.sky Kaos Pria Wanita Motif Paradise Born Warna Hijau Botol Bahan Katun Combed 30s Unisex,Rp59.000,59000.0
atasan-pria,Giordano Men's Print Tee Pria [0109525037],Rp189.000,189000.0
atasan-pria,Ashall.sky Kaos Distro Pria Wanita Motif Neverlet Warna Putih Bahan Katun Combed 24s,Rp69.000,69000.0
atasan-pria,Kaos Polos Pria/Wanita Katun Combed 24s tanpa jahitan samping - Kuning Mustard,Rp128.000,128000.0
atasan-pria,M231 T-Shirt Ponte Heavyweight Polos Oversized Pendek Navy 0756J,Rp109.000,109000.0
atasan-pria,Rizgo Kaos Pendek More Motif Gold Casual Bahan Katun 24s Tebal Nyaman Pria Wanita Oblong Unisex,Rp68.370,68370.0
atasan-pria,RY LIFESTYLE Baju Polo Kerah Lengan Pendek R Star White Polos Unisex Pria Wanita Bahan Katun Pique Premium Tampil Stylish Nyaman Ukuran S M L XL XXL Tersedia Banyak Warna Distro Dewasa,Rp69.700,69700.0
atasan-pria,"MTR47 kaos oversize scuba tebal pria ""cat outline katakana"" hitam",Rp185.000,185000.0
atasan-pria,Ashall.sky Kaos Distro Lengan Pendek Pria Wanita Oblong Hijau Army Colorado Simple Bahan Katun 30s,Rp59.000,59000.0
atasan-pria,Indostreet - Kaos Polo Lengan Pendek Polos New Idst Unisex Ascgh M White Kerah Tebal Sablon Panjang Merah Putih Gold Silver Basic Distro Logo Pria Wanita,Rp64.600,64600.0
atasan-pria,KOZE - Premium Comfort Light Maroon T-shirt - Kaos Polos Merah Marun Muda,Rp65.000,65000.0
atasan-pria,KOZE - Premium Comfort Premium Combed 30S Orange - Tshirt Kaos Polos Oranye,Rp65.000,65000.0
atasan-pria,Arjuna Weda Hem Batik Premium Pria Motif Pisang Bali - Body Fit | Bahan Katun | Lapis Trikot | Lengan Pendek | Kerah Kemeja | Kancing Depan | Kantong Depan,Rp239.700,239700.0
atasan-pria,Paramerch T-shirt Kaos Broken Bear Streetwear Unisex 3D Dimensi Viral Aesthetic Cowok Cewek Pria Wanita Distro Beruang Original Keren Vintage Quotes Viral Trend Modern Simple Premium Tebal Adem Terbaru Cotton Combed 24s,Rp125.356,125356.0
atasan-pria,Cardinal Kemeja Koko Lengan Panjang Big Size C2976N04I,Rp295.000,295000.0
atasan-pria,RY Lifestyle TShirt Kaos Pria Panjang Apache Hitam Kaos Cewek Cowok Distro Original RY Apparel Kaos Santai,Rp73.800,73800.0
atasan-pria,Greenlight Kemeja Pria Lengan Pendek Regular Fit Rayon Connor HP-C070225,Rp179.100,179100.0
atasan-pria,T-shirt Awear Understanding Short Sleeve Mocca,Rp95.000,95000.0
atasan-pria,LGS - Kemeja Casual - Full Motif - Hitam - Regular Fit - CSH.272.S570.1224.C,Rp213.850,213850.0
atasan-pria,HIPSTER T-shirt Kaos Lengan Pendek Motif HPSTR,Rp57.000,57000.0
atasan-pria,Popsicles Tshirt Boxy Fit Oversize Freedom White - Kaos Boxyfit Oversized Putih,Rp105.000,105000.0
atasan-pria,Osella Short Sleeve Tencel Shirt Top 20326602 | Kemeja Lengan Pendek Pria,Rp248.127,248127.0
atasan-pria,MAGNESIUM137 KAOS | RTF | BAND SERIES,Rp80.000,80000.0
atasan-pria,Corner Concept Tshirt - Two Stroke No smoke No Party - First Gaming Distro,Rp85.000,85000.0
atasan-pria,WESTGODS - Jersey Vintage Baseball Rugby Oversize Pria Wanita Size M L XL,Rp110.000,110000.0
atasan-pria,MANZONE Kaos Pria Lengan Pendek DERION - RED,Rp119.900,119900.0
atasan-pria,KAOSBRO - Kaos MAAFKU TULUS BUKAN OPLOSAN - Kaos Dakwah - Kaos Islami - Cotton Combed 24s Kain Katun Nyaman Distro Pria Baju Polos Oblong,Rp72.413,72413.0
atasan-pria,MAGNESIUM137 KAOS | DINO | ANIMAL SERIES,Rp70.000,70000.0
atasan-pria,KAOSBRO - Kaos GATELPELER - Kaos Skena - Cotton combed - Pria dan Wanita,Rp72.413,72413.0
atasan-pria,Obermain Kaos Polo Pria DOUGHT Maroon OPA25006MR,Rp179.000,179000.0
atasan-pria,Reckblud - Polo Shirt Kerah Outfit Polos Terkeren Unisex Baju Santai Baju Kerja Brand Quality Navy,Rp58.900,58900.0
atasan-pria,MILLS POLO SHIRT ENVER 4.0 POLO SHIRT LONG SLEEVE 00800229,Rp299.000,299000.0
atasan-pria,Hush Puppies Bsc Bready Pria,Rp339.450,339450.0
atasan-pria,XTRAORDINARY T-Shirt Cotton Spandex Pria 48082,Rp129.000,129000.0
atasan-pria,FortKlass Store MINDBEAR Kaos Pria Lengan Pendek Catton Combed 30s,Rp73.000,73000.0
atasan-pria,AMK Kemeja Pria Lengan Pendek SHP Oscar SS Black,Rp189.000,189000.0
atasan-pria,Ashall.sky Baju Kaos Pria Tshirt Cotton 30s Paradise Emerald | T-shirt Distro Katun Pria Wanita Unisex,Rp58.000,58000.0
atasan-pria,STARCROSS Kaos Pria - DBK SHIFTER - Red,Rp94.000,94000.0
atasan-pria,Underscore - Kaos pria dan wanita Born to ride bahan katun combed24s Kaos Distro,Rp120.000,120000.0
atasan-pria,Kaos/Tshirt Respect Gangstakid Navy - RT147,Rp160.000,160000.0
atasan-pria,Metaphores Heavyweight Basic T-shirt 16s Pocket Oversize - Black,Rp157.900,157900.0
atasan-pria,POLICE Kemeja Polos Cotton Slim Fit Pria,Rp179.000,179000.0
atasan-pria,Atasan Pria Kemeja Polos Casual Lengan Panjang Warna Kunyit Bahan Adem Tidak Panas,Rp114.000,114000.0
atasan-pria,[MINOR] ZM Zaskia Mecca - Ruvey Kemeja Pria - Primadona Series Edisi Lilya Senja - Koleksi Ramadhan Series,Rp244.300,244300.0
atasan-pria,POLICE Kemeja Kotak Cotton Slub Regular Fit Pria,Rp199.000,199000.0
atasan-pria,Johnson | T-Shirt Eyes Never Lie Black Combed Sablon Pria Distro Kaos Baju Katun Hitam Pendek,Rp99.000,99000.0
atasan-pria,Bodypack Rykers Short Sleeves T-Shirt Baju Kaos Lengan Pendek Relax Comfort,Rp211.650,211650.0
atasan-pria,"Peternatin Kemeja pria flanel lengan panjang Casual Pria - Atasan, Motif",Rp236.500,236500.0
atasan-pria,Kaos Pria Wanita Oversize Distro Premium Custom - Baju Oversize Atasan Sablon Pria Wanita,Rp174.000,174000.0
atasan-pria,Dancus Kemeja Kodorai Lengan Panjang Kantong Dua Unisex / Atasan Pria dan Wanita Unisex Lengan Panjang Bahan Kodorai,Rp145.000,145000.0
atasan-pria,Hush Puppies Kemeja Pria BSC DILLION 3 Navy MB29504NVY,Rp289.000,289000.0
atasan-pria,Arjuna Weda Body Fit Gurdo Kemeja Batik Pria 123174673,Rp319.600,319600.0
atasan-pria,kemeja oxford premium print lengan pendek,Rp185.000,185000.0
atasan-pria,Kemeja Coduroy Panjang Colourspace - Stylezio - Black,Rp400.000,400000.0
atasan-pria,Chemistry Straight - T-Shirt Heavyweight Oversize - Marston Black,Rp189.000,189000.0
atasan-pria,Barley Division Tshirt Pocket Forest,Rp129.000,129000.0
atasan-pria,Kemeja Batik Pria KERTANEGARA PANJANG Full Furing Bahan Katun Halus High Quality,Rp209.000,209000.0
atasan-pria,Kaos/Tshirt Respect Night Train Black - RT156,Rp160.000,160000.0
atasan-pria,"(Gratis Goodie Bag & Sticker) Bundling Buy 1 Get 3 Kaos Distro Unisex Pria & Wanita, Cotton Combed Premium Keren - Exclusive Bundle 010",Rp300.000,300000.0
atasan-pria,EPIDEMIC PRM T-shirt & Longsleeve ( D*FF*CT ),Rp140.000,140000.0
atasan-pria,Firsthand Kaos Kerah Polo Shirt Pria Switch Toffee,Rp184.000,184000.0
atasan-pria,KEMEJA LENGAN PENDEK LINEN PRIA PREMIUM - HITAM - UREKI LINEN SHIRT,Rp479.000,479000.0
atasan-pria,Skelly Kaos Pria Wanita Ace Much Tee Orange,Rp99.000,99000.0
atasan-pria,Benidson Reguler Tshirt Shark Fin,Rp90.000,90000.0
atasan-pria,Bloods Series Tshirt Kaos Frantal Black,Rp100.000,100000.0
atasan-pria,HIPSTER T-shirt Kaos Lengan Pendek Motif HPSTR,Rp57.000,57000.0
atasan-pria,MANZONE Kaos Pria Lengan Pendek DERION - RED,Rp119.900,119900.0
atasan-pria,Popsicles Tshirt Boxy Fit Oversize Freedom White - Kaos Boxyfit Oversized Putih,Rp105.000,105000.0
atasan-pria,MAGNESIUM137 KAOS | RTF | BAND SERIES,Rp80.000,80000.0
atasan-pria,KAOSBRO - Kaos MAAFKU TULUS BUKAN OPLOSAN - Kaos Dakwah - Kaos Islami - Cotton Combed 24s Kain Katun Nyaman Distro Pria Baju Polos Oblong,Rp72.413,72413.0
atasan-pria,WESTGODS - Jersey Vintage Baseball Rugby Oversize Pria Wanita Size M L XL,Rp110.000,110000.0
atasan-pria,Corner Concept Tshirt - Two Stroke No smoke No Party - First Gaming Distro,Rp85.000,85000.0
atasan-pria,Greenlight Kemeja Pria Lengan Pendek Regular Fit Rayon Connor HP-C070225,Rp179.100,179100.0
atasan-pria,Osella Short Sleeve Tencel Shirt Top 20326602 | Kemeja Lengan Pendek Pria,Rp248.127,248127.0
atasan-pria,T-shirt Awear Understanding Short Sleeve Mocca,Rp95.000,95000.0
atasan-pria,MAGNESIUM137 KAOS | DINO | ANIMAL SERIES,Rp70.000,70000.0
atasan-pria,KAOSBRO - Kaos GATELPELER - Kaos Skena - Cotton combed - Pria dan Wanita,Rp72.413,72413.0
atasan-pria,LGS - Kemeja Casual - Full Motif - Hitam - Regular Fit - CSH.272.S570.1224.C,Rp213.850,213850.0
atasan-pria,HYPETHENTIC Black T-shirt - Fire Samurai Element,Rp369.000,369000.0
atasan-pria,Reckblud - Polo Shirt Kerah Outfit Polos Terkeren Unisex Baju Santai Baju Kerja Brand Quality Navy,Rp58.900,58900.0
atasan-pria,Obermain Kaos Polo Pria DOUGHT Maroon OPA25006MR,Rp179.000,179000.0
atasan-pria,Represent UK Owners Club Aged Black Tee Original,Rp1.999.000,1999000.0
atasan-pria,HLPD WeirdWorld | Baju Kaos | T shirt | Oversize Tee - Anxious,Rp104.000,104000.0
atasan-pria,BLUE CRUSH OVERSIZE TEES CLUB of 1986 / Kaos Retro Vintage Trapped in 1986 Culture 24s,Rp139.000,139000.0
atasan-pria,CRSL Kubo Tees Series I Basic T-shirt I Basic Top I Atasan Polos I Kaos Polos I Casual I Baju Unisex Pria Wanita Katun Soft Logo Lengan Pendek,Rp169.000,169000.0
atasan-pria,Hi VABA Oversized Break Rules Tshirt | Kaos Streetwear Unisex Tee,Rp105.000,105000.0
atasan-pria,Frozt T-shirt Resilent - Sage Kaos Unisex Combed Fit Sablon Pria Distro Wanita Baju Hitam Katun Oversize,Rp93.000,93000.0
atasan-pria,VANADIUM V-Grey REGULER FIT + REGULER+ARM FIT TEE,Rp218.000,218000.0
atasan-pria,Giordano Men's Short Sleeve Wrinkle Free Shirt Pria [0104520909],Rp599.000,599000.0
atasan-pria,Bloods Series Tshirt Kaos Oversize Xinze 02 Black,Rp95.000,95000.0
atasan-pria,Kab. Bekasi,Rp72.413,72413.0
atasan-pria,Clote Kaos Boxy Crop Fit Oversize Pria Dan Wanita Waves Black Cotton 20s,Rp99.999,99999.0
atasan-pria,MILLS POLO SHIRT ENVER 4.0 POLO SHIRT LONG SLEEVE 00800229,Rp299.000,299000.0
atasan-pria,FortKlass Store MINDBEAR Kaos Pria Lengan Pendek Catton Combed 30s,Rp73.000,73000.0
atasan-pria,AMK Kemeja Pria Lengan Pendek SHP Oscar SS Black,Rp189.000,189000.0
atasan-pria,XTRAORDINARY T-Shirt Cotton Spandex Pria 48082,Rp129.000,129000.0
atasan-pria,STARCROSS Kaos Pria - DBK SHIFTER - Red,Rp94.000,94000.0
atasan-pria,Barley Division T-Shirt Cartel Black,Rp152.000,152000.0
atasan-pria,Underscore - Kaos pria dan wanita Born to ride bahan katun combed24s Kaos Distro,Rp120.000,120000.0
atasan-pria,Kaos Distro Pria Wanita Tebal Bandung Baju Atasan Unisex Cewek Cowok Dustry Original Lengan Pendek Panjang Hitam Katun Kombet 30S Motif Nyaman Outdoor Combed Oblong,Rp90.990,90990.0
atasan-pria,Ashall.sky Baju Kaos Pria Tshirt Cotton 30s Paradise Emerald | T-shirt Distro Katun Pria Wanita Unisex,Rp58.000,58000.0
atasan-pria,Kaos/Tshirt Respect Gangstakid Navy - RT147,Rp160.000,160000.0
atasan-pria,Delibra Kaos Polos Pria Arva Premium Quality,Rp131.705,131705.0
atasan-pria,Aerostreet T Shirt Pique Kenzy Cafe Latte Kaos T Shirt KBAAA,Rp99.900,99900.0
atasan-pria,Hi VABA Oversized Sayonara Bear Tshirt | Kaos Streetwear Unisex Tee Combed Wanita Pria Distro Oversize Baju Panjang Printing,Rp105.000,105000.0
atasan-pria,T-shirt Persebaya Retro Kami Haus Gol Kamu | Persebaya Store,Rp175.000,175000.0
atasan-pria,Bloods Series Tshirt Oversize Kaos Os-Foremost 03 Grey Stripe,Rp120.000,120000.0
atasan-pria,keepfs.id l t-shirt black 16s l floppy,Rp130.000,130000.0
atasan-pria,Familias - T Shirt Black - Jeze Bc,Rp165.000,165000.0
atasan-pria,[NAFAZOL] Kemeja Pria Lengan Pendek Slimfit Premium Kemeja Casual 5211,Rp105.470,105470.0
atasan-pria,Kaos Oversize Distro Premium Korean Cute Three Chicken Egg Chick - Baju Oversize Sablon Pria Wanita,Rp174.000,174000.0
atasan-pria,Cardinal Wangky Pria E0378P01A,Rp179.500,179500.0
atasan-pria,"Kaos Anime One Piece Gear Of Flame and Thunder Distro Way Unisex Hitam Pria Wanita Cotton Combed Gratis Stiker & Goodiebag - Oblong, Keren Baju Motif",Rp88.000,88000.0
atasan-pria,RIZZBEAR Kaos Pria Hitam Slimfit Clothing Distro Original Streetwear Planet Surfing Cowok Dotgain,Rp399.000,399000.0
atasan-pria,Bloods Series Kids Kaos Anak Lengan Panjang Cubikids 01 Navy Grey,Rp80.000,80000.0
atasan-pria,Rip Curl Men Free Wheelin Tee - Black,Rp426.000,426000.0
atasan-pria,MANZONE - Kemeja Koko Lengan Panjang Pria Khalid Comfort Fit - White,Rp209.900,209900.0
atasan-pria,"Kemeja Flanel Wool Peternation Basic Panjang Regular Fit Kerah Pria Casual Distro Baju - Kualitas Tinggi - High, Formal",Rp236.500,236500.0
atasan-pria,Hush Puppies Kaos Polo Pria TANGELO Purple MK26518PP,Rp239.500,239500.0
atasan-pria,Seishin Kemeja Workshirt Avenged sevenfold A7x Pdh musik metal unisex warna hitam kualitas distro,Rp150.000,150000.0
atasan-pria,Waveblast Boxy T-Shirt - Keisho Black,Rp119.000,119000.0
atasan-pria,LARUSSO Kemeja Pria Basic Oxford Lengan Panjang - Seed Pearl,Rp99.900,99900.0
atasan-pria,CDL Kemeja Lengan Panjang Slim Fit Pria I0342J02B,Rp255.000,255000.0
atasan-pria,Seishin Kemeja Workshirt Avenged the only stop in asia Pdh musik metal unisex warna hitam kualitas distro,Rp150.000,150000.0
atasan-pria,Kemeja Pendek Soldierside Blue Rose on Cream,Rp215.000,215000.0
atasan-pria,Benidson Reguler Tshirt Shark Fin,Rp90.000,90000.0
atasan-pria,KEMEJA LENGAN PENDEK LINEN PRIA PREMIUM - HITAM - UREKI LINEN SHIRT,Rp479.000,479000.0
atasan-pria,Third Day MTI34 Kaos T-Shirt Pria Instacool Byic Waist Label Hitam,Rp125.000,125000.0
atasan-pria,RJ SKAY Polo Shrit Polos Maroon Kaos Kerah Unisex Keren Premium Quality Baju Brand Pria Wanita,Rp63.570,63570.0
atasan-pria,Jakarta Utara,Rp98.600,98600.0
atasan-pria,Jakarta Utara,Rp98.600,98600.0
atasan-pria,Animous Kaos Tshirt Pria Ware,Rp110.000,110000.0
atasan-pria,Kaos Lengan Pendek Pria Tracker Slow Car,Rp179.000,179000.0
atasan-pria,Kaos Polo Pria Lengan Panjang Kerah Shanghai Polo Shirt Biru Navy Blue,Rp89.999,89999.0
atasan-pria,Kaos Lengan Pendek Pria Tracker Fishing,Rp179.000,179000.0
atasan-pria,Unionwell Shirt Dann Ls Black,Rp580.000,580000.0
atasan-pria,Kab. Bekasi,Rp72.413,72413.0
atasan-pria,BATIK TRUSMI Kemeja Batik Pria Motif Mega Mendung Balian Encim Cocok Untuk Kerja dan Kondangan Baju Hem Kain Katun Nyaman Panjang Pendek Hitam,Rp245.000,245000.0
atasan-pria,Kemeja Pria Lengan Panjang Salur Hitam Putih OLR160,Rp119.000,119000.0
atasan-pria,Tinctori - Classic Collar Linen Shirts Indigo,Rp625.000,625000.0
atasan-pria,Jakarta Barat,Rp550.000,550000.0
atasan-pria,Rianty Batik Premium Pria Kemeja Panjang Hem Audison,Rp249.000,249000.0
atasan-pria,Kemeja Lengan Pendek Flora Pink,Rp1.320.000,1320000.0
atasan-pria,Calderioz - Kemeja Casual Full Print Motif Tropis Malibu Unisex Outfit Nongkrong Santai,Rp135.000,135000.0
atasan-pria,Breakside T-Shirt Wheels Speeds Black Kaos Baju Hitam Pria,Rp98.000,98000.0
atasan-pria,Indostreet - New Paket Combo Hemat Bundling Kaos Lengan Pendek Motif Polos Unisex Pria Wanita Bahan Katun Combed 24s Premium Nyaman Dipakai Sehari-hari Turkis,Rp188.100,188100.0
atasan-pria,Oxygen Denim Relax T-Shirt (101-19322),Rp329.900,329900.0
atasan-pria,Oxygen Denim Invade Relax T-shirt (101-18622),Rp329.900,329900.0
atasan-pria,Oxygen Denim Relax T-Shirt (101-80112),Rp299.900,299900.0
atasan-pria,HOOLIGANS T-Shirt Have Fun Misty Baju Kaos Katun Pria Wanita Unisex,Rp81.900,81900.0
atasan-pria,Hush Puppies Kemeja Pria DILLION 2 Light Grey MB25503LG,Rp289.500,289500.0
atasan-pria,CDL Kemeja Lengan Panjang Semi Fit Pria I0099J08A,Rp170.000,170000.0
atasan-pria,Bloods Series Tshirt Kaos Frantal Black,Rp100.000,100000.0
atasan-pria,Hush Puppies Kemeja Pria DILLION LS Khaki MB29514KHK,Rp359.000,359000.0
atasan-pria,MANZONE - Shams LS Junior - Kemeja Koko Shanghai Anak Lengan Panjang - Beige,Rp169.900,169900.0
atasan-pria,KAOS T-SHIRT PRIA KATUN COMBED CASUAL SIMPLE LENGAN PENDEK NAVY FRIDAY KILLER | SHINE NAVY,Rp185.600,185600.0
atasan-pria,RIC Ricky is Clown Approval Knight Red Tee Original,Rp749.000,749000.0
atasan-pria,[TERBARU] Arjuna Weda Kemeja Batik Pria Motif Manuk - Regular Fit | Lapis Trikot,Rp415.480,415480.0
atasan-pria,HLPD WeirdWorld | Baju Kaos | T shirt | Oversize Tee - Warm,Rp104.000,104000.0
atasan-pria,Executive Regular Fit Long Sleeve Oxford Shirt 1-LSRBSC524O104 White,Rp314.910,314910.0
atasan-pria,Kemeja Pria Short Sleeve Reguler Fit Exclusive Birdie 04,Rp139.000,139000.0
atasan-pria,Lakhsana Batik Adiyatma - Kemeja Batik Premium Slimfit Lengan Panjang Bahan Katun Primissima Lapisan Furing Ero Halus Lembut dan Adem Ready Size S - 2XL Bisa Custom,Rp266.000,266000.0
atasan-pria,Kab. Bekasi,Rp72.413,72413.0
atasan-pria,Obermain Kaos Polo Pria DEFTONES White OPA24077WH,Rp199.000,199000.0
atasan-pria,"POHAN Premium T-shirt KAOS MARGA Sibagot ni Pohan ""Onanzoe | Kaos Batak Pendek Pria Distro Oblong",Rp91.250,91250.0
atasan-pria,Kemeja Pria Polos Lengan Panjang Baby Green OXFORD ada BIG SIZE JUMBO,Rp99.999,99999.0
atasan-pria,MATSUDA Kameoka Kaos Polo Shirt Pria Kerah,Rp129.900,129900.0
atasan-pria,Scommer T-Shirt Stripe Ringer Tee Black&White,Rp99.900,99900.0
atasan-pria,Kalibre T-Shirt Turqoise Blue 981079,Rp129.000,129000.0
atasan-pria,Gozeal | Boxy Washed T-Shirt | Romeo | Pria Wanita Unisex | Simple Casual,Rp179.999,179999.0
atasan-pria,FortKlass Kaos AKEMI Oversize Tshirt Oversized Unisex Combed Baju Fit Kain Kaos Nyaman Kaos Jumbo,Rp92.000,92000.0
atasan-pria,Hush Puppies Kemeja Pria Dillion Ls White,Rp359.000,359000.0
atasan-pria,Hush Puppies Kaos Polo Pria Tangerine Yellow,Rp259.000,259000.0
atasan-pria,NAWLA POLO ZIIP COLLECTIONS Baju Atasan Pria Polo Shirt Lengan Pendek Material Chief Value Cotton CVC Warna Dark Charcoal Size S-XXL,Rp135.000,135000.0
atasan-pria,PAKAJI Baju Koko Pria Bordir Lengan Pendek Premium Light Grey Belah Ketupat Baju Koko 3068,Rp179.000,179000.0
atasan-pria,PAKAJI Kemeja Pria Polos Panjang Basic Cigarette Hijau Sage 2570,Rp139.000,139000.0
atasan-pria,[NAFAZOL] Fashion Pria Lengan Pendek Polos Hitam Slimfit Premium Katun 4995,Rp105.470,105470.0
atasan-pria,SIXTYNINE PROJECT - SX9 Basic Oversize T-Shirt | Heavyweight Cotton,Rp278.000,278000.0
atasan-pria,Heyfreak T-shirt Oversize Freak Type,Rp99.000,99000.0
atasan-pria,Kaos Polo Shirt Pria Lengan Pendek Warna Coklat Muda Knit Garis,Rp99.999,99999.0
atasan-pria,MAGNESIUM137 KAOS l LOTE | ANIMAL SERIES,Rp70.000,70000.0
atasan-pria,MAGNESIUM137 KAOS l SMOKILL | LOGO SERIES,Rp70.000,70000.0
atasan-pria,POLOSHIRT ZKSSTD RACING Zacksscoot.Studios,Rp219.000,219000.0
atasan-pria,Kalibre Kemeja Tangan Panjang Black 980958,Rp299.000,299000.0
atasan-pria,Kalibre Kemeja 980671 Navy,Rp315.000,315000.0
atasan-pria,Kalibre Kemeja Tangan Panjang Grey 980797,Rp299.000,299000.0
atasan-pria,Kalibre Kemeja Army 980907,Rp385.000,385000.0
atasan-pria,Kalibre Kemeja Grey 98027,Rp299.000,299000.0
atasan-pria,Obermain Polo Pria LANE White OPA23013WH,Rp199.000,199000.0
atasan-pria,Kemeja Pendek Soldierside Blue Rose on Cream,Rp215.000,215000.0
atasan-pria,Benidson Reguler Tshirt Shark Fin,Rp90.000,90000.0
atasan-pria,KEMEJA LENGAN PENDEK LINEN PRIA PREMIUM - HITAM - UREKI LINEN SHIRT,Rp479.000,479000.0
atasan-pria,Third Day MTI34 Kaos T-Shirt Pria Instacool Byic Waist Label Hitam,Rp125.000,125000.0
atasan-pria,RJ SKAY Polo Shrit Polos Maroon Kaos Kerah Unisex Keren Premium Quality Baju Brand Pria Wanita,Rp63.570,63570.0
celana-pria,Civity Celana Cargo Panjang Pria Original Navy,Rp189.000,189000.0
celana-pria,GRAHANGGRA Celana Boardshort Pants Polyester + Key Chain,Rp140.000,140000.0
celana-pria,Moward - Boxer Cotton Saku | Celana Pendek | Unisex | MWBSKU011 Coklat,Rp55.000,55000.0
celana-pria,Moward - Boxer Cotton Saku | Celana Pendek | Unisex | MWBSKU012 Black,Rp55.000,55000.0
celana-pria,HLPD WeirdWorld Boardshort Cargo Celana Pendek Parasut Pria Wanita Distro Cartes - Grey,Rp99.000,99000.0
celana-pria,Giordano Men's Khakis Pants 0111505505,Rp279.000,279000.0
celana-pria,DEVOTED - Short Pants Celana Pendek Polos PRIA Wanita Nyaman Premium Kain Despo,Rp38.920,38920.0
celana-pria,Two Mix - Celana Pendek Chinos Pria / Laki Dewasa Bahan Katun 4179,Rp75.000,75000.0
celana-pria,CELANA PANJANG CLASSIC WORK PANTS CASUAL PRIA ABU ABU ORIGINAL DICKIES | 874 CHARCOAL,Rp1.203.200,1203200.0
celana-pria,Third Day MC021 Instacool pyjama celana pendek shorts Td hitam,Rp114.000,114000.0
celana-pria,Superego Baggy Pants Corduroy Tobacco By NeverTooLavish BPRK01B,Rp449.000,449000.0
celana-pria,Moward - Boxer Cotton MWB094 White | Celana Pendek,Rp49.000,49000.0
celana-pria,MYMAN - CELANA KANTORAN BAHAN KATUN Size Jumbo dan reguler,Rp120.000,120000.0
celana-pria,OOTDSUPPLY Short Pants Parachute OOTD Rubber Black & Grey | Celana Pendek Unisex SPP003,Rp85.000,85000.0
celana-pria,Celana cargo baby tery/celana cargo fleace/celana pendek/brodhshot,Rp69.900,69900.0
celana-pria,Moward - Boxer Boardshort MWB04 Black | Celana pendek shorts pria,Rp49.000,49000.0
celana-pria,BAPIN Celana Pendek Sweat Short Pants Pria Navy - Celana Pendek Sweatpants Pria Jogger Training Polos,Rp65.000,65000.0
celana-pria,BREY Celana Cargo Ex Panjang,Rp125.000,125000.0
celana-pria,Celana Pendek Bermuda Pria Cardinal F0211BK05C,Rp328.500,328500.0
celana-pria,Cartiera Lino Stripe Pants Celana Panjang Pria Celana Salur Formal dan Casual Semi Wool,Rp229.900,229900.0
celana-pria,Celana Pendek Boardshort Shortpants Black Fleece Strees Hand,Rp49.900,49900.0
celana-pria,Celana Pendek Boardshort Shortpants Black Fleece Strees Daun,Rp49.900,49900.0
celana-pria,Celana Pendek Boardshort Shortpants Black Fleece Strees Money,Rp49.900,49900.0
celana-pria,Celana Pendek Boardshort Shortpants Black Fleece Strees Im Okay,Rp49.900,49900.0
celana-pria,Celana Pendek Boardshort Shortpants Black Fleece Strees Jussmile,Rp49.900,49900.0
celana-pria,Dickies 10 Inch Slim Tapered Fit Work Short WR872 Pria Celana Pendek,Rp790.000,790000.0
celana-pria,Under Pressure Celana Pendek Cargo Short Combat,Rp150.000,150000.0
celana-pria,Moxie Celana Pendek Reguler Fit Chino Twill Hijau Tua Dark Green Chino Short Pants,Rp141.800,141800.0
celana-pria,Cardinal Celana Panjang Straight Cut Pria E0897BK03G,Rp309.000,309000.0
celana-pria,logo GM Celana Training Panjang Jogger ADS Import Terbaru Olahraga Running Lari Sepeda Gym Premium Bahan Baby Terry Nyaman Menyerap Keringat Cocok Untuk Pria Dan Wanita Size M L XL XXL,Rp65.000,65000.0
celana-pria,Cardinal Celana Panjang Pria E0868BK02H,Rp391.500,391500.0
celana-pria,Cardinal Celana Pendek Bermuda Slim Fit Pria Big Size E0610C04F,Rp259.500,259500.0
celana-pria,Celana Bahan Panjang Kantor Formal Slim Fit Pria Kerja Warna Coklat Tua,Rp95.999,95999.0
celana-pria,Dhulagiri - Celana Panjang Pria - Ventura Long Pants - Celana Panjang Kasual Quick Dry dan Nyaman untuk Kegiatan Outdoor,Rp289.000,289000.0
celana-pria,Mcvois Boardshort Celana Pendek Cargo Army,Rp84.000,84000.0
celana-pria,RHATU.ID - Celana Pendek Cargo Fleece Bahan Lembut Adem,Rp150.000,150000.0
celana-pria,Cardinal Celana Pendek Bermuda Slim Fit Pria E0009F04A,Rp225.000,225000.0
celana-pria,LGS - Celana Pendek Casual Pria Motif Garis-Garis Warna Hitam Reguler Fit - CSS.439.054.086.C,Rp227.000,227000.0
celana-pria,Troy Company Boardshort Fleece Misty Fulgur - Celana Pendek Pria Abu Misty PTN 2876,Rp122.000,122000.0
celana-pria,Metaphores Chino Long Pants Navy - Cotton Twill Stretch,Rp137.900,137900.0
celana-pria,Cardinal Celana Panjang Chinos Pria E0345BK03I,Rp309.000,309000.0
celana-pria,MGee Celana Chinos Panjang Pria M.gee Felix C034 Dark Mustard,Rp478.800,478800.0
celana-pria,Cardinal Celana Panjang Pria E0854BK03G,Rp309.000,309000.0
celana-pria,Cardinal Celana Pendek Bermuda Pria E0023BK03D,Rp377.500,377500.0
celana-pria,Goldy Outfit Celana Pria Formal - Peaky Series,Rp225.000,225000.0
celana-pria,HSRM Celana Chino Gallen Ankle Pants Pria 09,Rp155.000,155000.0
celana-pria,Escaperfect Cargo Pants Minority - Black Celana Panjang Pria,Rp180.000,180000.0
celana-pria,Kasual Celana Panjang Smart Wide Loose Cream Pants Pria,Rp339.000,339000.0
celana-pria,Superego Baggy Pants by Isser James Brown BIJ02,Rp274.500,274500.0
celana-pria,MGee Celana Cargo Panjang Pria Stretch Mgee Greg C029 Black,Rp590.800,590800.0
celana-pria,Kab. Tangerang,Rp1.599.000,1599000.0
celana-pria,SCREAMOUS Celana Board Short Pants MITRIL,Rp129.000,129000.0
celana-pria,POLICE Celana Corduroy Panjang Premium Regular Fit Pria,Rp349.000,349000.0
celana-pria,RBJ Celana Pendek Karet Cargo Khaky Pria,Rp149.000,149000.0
celana-pria,Hush Puppies Celana Pendek Pria BENINO Dark Blue ME28518DBL,Rp289.000,289000.0
celana-pria,Epidemic Long Cargo Pants Loose Army Green Brooks,Rp297.500,297500.0
celana-pria,The Don's House MAURENE BLACK - Celana Pendek Parasut Polos Pria Wanita,Rp115.000,115000.0
celana-pria,Moxie Trackpants Supersonic - Black,Rp149.800,149800.0
celana-pria,Celana Chino WOODCUTTER Pendek - Essence Chino Short - Olive Green,Rp229.500,229500.0
celana-pria,HASIER Wide fit Cargo Pants | Celana Cargo Pria,Rp314.100,314100.0
celana-pria,Cardinal Celana Pendek Bermuda Slim Fit Pria C0316BK15A,Rp348.900,348900.0
celana-pria,Superego Baggy Relaxed Cargo Corduroy Pants Brown BCC01C Unisex,Rp264.500,264500.0
celana-pria,Voust Loose Pants Nylon Cringkle Onax | Celana Gorpcore Pria Wanita Ankle Slim,Rp109.000,109000.0
celana-pria,Celana Bahan Panjang Kantor Pria Formal Slim Fit Stretch Nyaman Semi Kerja Casual Warna Putih Abu Muda Navy Cream Hitam Abu Tua Coklat Tua,Rp95.999,95999.0
celana-pria,Third Day MC021 Instacool pyjama celana pendek shorts Td hitam,Rp114.000,114000.0
celana-pria,LGS Street - Celana Panjang Joger - Stripe Line - Jogger - Streetwear - Putih - Unisex - SJ.10.H006.004.C,Rp269.250,269250.0
celana-pria,Artch - Wolu Hitam - Boardshort Celana Pendek,Rp120.000,120000.0
celana-pria,Celana Pendek Pria Santai Distro Board Dry,Rp115.000,115000.0
celana-pria,LE COQ PANTS MEN LG5SLP00M LCS SLACKS BLACK,Rp557.690,557690.0
celana-pria,HONORABLE - Cargo Pendek Crinkle Polyester Pria with Reflective Sablon,Rp84.900,84900.0
celana-pria,Artch - Jitu All Varian - Celana Panjang Cargo,Rp160.000,160000.0
celana-pria,Cardinal Celana Panjang Straight Cut Pria E0893BK04B,Rp309.000,309000.0
celana-pria,Obermain Pakaian Dalam Pria KNIT BRIEF A Black / Dk Gray OMZ22018DG,Rp119.000,119000.0
celana-pria,Celana Jogger Wanita Korean Style / Celana Olahraga Panjang Dewasa / TRAINING JOGGER abu pria,Rp73.000,73000.0
celana-pria,OCWA TORETO FLARE TRACK PANTS BLACK,Rp519.900,519900.0
celana-pria,Cardinal Celana Panjang Straight Cut Pria E0943BK12G,Rp309.000,309000.0
celana-pria,Cardinal Celana Panjang Chinos Pria E0340BK03F,Rp309.000,309000.0
celana-pria,Mnst | Celana Cargo Pendek | Wide Pants | Sasuke,Rp165.000,165000.0
celana-pria,Dobujack Short Pants Yuke Black,Rp140.000,140000.0
celana-pria,LGS - Celana Pendek Casual Pria Motif Tekstur - Abu - CSS.430.056.265,Rp214.900,214900.0
celana-pria,Jack Nicklaus Clayton Celana Panjang Pria Regular Fit Mocha,Rp479.500,479500.0
celana-pria,LGS - Celana Pendek Casual Pria - Stretch - Warna Cream Motif Polos Regular Fit - CSS.546.S077.001.C,Rp397.425,397425.0
celana-pria,Superego Reguler Chino Work Pants Twill Cotton Milo SCPR01C,Rp274.500,274500.0
celana-pria,Notbadclub - Cervantez | Celana Pendek Denim Jorts Washed Sablon,Rp205.000,205000.0
celana-pria,TIABIE Celana Panjang Baggy Pant Casual Loose Trackpant Line Putih Pria Wanita Nyaman Katun,Rp210.000,210000.0
celana-pria,Cardinal Celana Pendek Bermuda Slim Fit Pria E0589BK06F,Rp209.000,209000.0
celana-pria,Giordano Cotton Twill Short Pria [110220147],Rp189.000,189000.0
celana-pria,X Urband Absolute Detachable Pocket Premium Crinkle Shorts Boardshort,Rp105.000,105000.0
celana-pria,Cardinal Celana Panjang Chinos Pria C0028BK03G,Rp440.500,440500.0
celana-pria,Northernape - Short Cargo FRAUD | Cargo pendek | Shortpants | Boardshort,Rp85.000,85000.0
celana-pria,Onlyifyouknow - Black Loosefit Sweatpants Heavyweight Cotton 330gsm No Design ( V2 ),Rp450.000,450000.0
celana-pria,Cardinal Celana Panjang Kargo GI Slim Fit Pria E0095BK04C,Rp462.000,462000.0
celana-pria,Kasual Celana Formal Pearl Grey Ankle Cuff,Rp229.000,229000.0
celana-pria,3Mongkis - Celana Panjang Pria dan Wanita Clayrino Pants,Rp495.000,495000.0
celana-pria,House Of Tambiyu Celana District Short Pants 300gsm Unisex size M L XL,Rp125.000,125000.0
celana-pria,LEE CONTI Celana Panjang Pria Chinos Stretch ( TA ),Rp249.900,249900.0
celana-pria,Steigen - Jogger Pants Fleece Navy,Rp115.000,115000.0
celana-pria,NZL - Celana Pria Formal Bahan High Quality Krem Reguler,Rp139.900,139900.0
celana-pria,Celana Pendek Pria Dewasa Katun Chino Wash Biru Premium Ori LAFProject,Rp159.000,159000.0
celana-pria,LGS - Celana Casual Pria - Celana Chinos Regular Fit - Hitam - CCT.777.A09.332.C,Rp229.950,229950.0
celana-pria,MANZONE - Celana Panjang Active Jogger Robin 03 - Dark Grey,Rp279.900,279900.0
celana-pria,Cardinal Celana Panjang Skinny Pria E0097BK04B,Rp259.000,259000.0
celana-pria,Escaperfect BoardShort Meyland - Caramel Celana Pendek Pria,Rp92.000,92000.0
celana-pria,Insurgent Club - Long Pants Bondage Black,Rp399.000,399000.0
celana-pria,MOC - Celana Panjang Chinos Pria Yara - Brown,Rp229.000,229000.0
celana-pria,Breakside BoardShort Mino - Caramel Celana Pendek Pria,Rp94.500,94500.0
celana-pria,Cardinal Celana Pendek Bermuda Slim Fit Pria C0316BK15A,Rp348.900,348900.0
celana-pria,M231 Celana Panjang Pria Chino Pants Slim Fit Stretch Dark Grey 0080,Rp144.000,144000.0
celana-pria,Suko Sweat Celana Jogger Pria 121697148,Rp199.000,199000.0
celana-pria,Noir Sur Blanc Men Trousers Mocha,Rp550.000,550000.0
celana-pria,Johnwin - Celana Formal - Slim Fit - Polyester - Navy - F.1026.010.127.C,Rp464.350,464350.0
celana-pria,EVERNEXT APPAREL Celana Chino Panjang Cowok Chino Santai Big Size Celana Chino Long Pants Slimfit Kerja Kantoran,Rp165.000,165000.0
celana-pria,Johnwin - Celana Panjang Formal Pria - Celana Bahan Polyester - Double Back Pocket - Slim Fit - Hitam - F.1025.010.110.C,Rp464.350,464350.0
celana-pria,Johnwin - Celana Formal - Regular Fit - Celana Pria - Polyester - F.1035.008,Rp229.000,229000.0
celana-pria,Johnwin - Celana Chinos Pendek - Cream - ACS.118.303.412.C,Rp227.000,227000.0
celana-pria,Platini Celana Chino Pria Panjang Hitam 5501,Rp195.000,195000.0
celana-pria,EVERNEXT Celana Cargo Pria Panjang Long Pants Marco Cargo Regular Fit Celana Outdoor Santai Pria,Rp165.000,165000.0
celana-pria,Blackgroud - Celana Boardshort Pendek Pria Despo,Rp39.900,39900.0
celana-pria,Pojok Busana Celana Pendek Pria Sport Casual - Shorts Bawahan Cowok Olah Rage Kasual Santai,Rp59.900,59900.0
celana-pria,LGS - Celana Casual Pria - Celana Panjang - Warna Hitam - Reguler - LECT.777.015.659.1.7C,Rp224.950,224950.0
celana-pria,Gloaming Celana Pendek Cargo Cotton Twill Army,Rp165.000,165000.0
celana-pria,Gloaming Trackpants Parasut Cargo Unisex Hitam Outdoor dengan Desain Multifungsi dan Nyaman,Rp189.900,189900.0
celana-pria,Gloaming Celana Barrel Twill Baggy Unisex White,Rp217.900,217900.0
celana-pria,RIVERLINE19 -SHORT PANTS CARGO PRIA KATUN TWILL Outdoor Keren,Rp145.500,145500.0
celana-pria,Cardinal Celana Pendek Bermuda Slim Fit Pria E0540BK01A,Rp209.000,209000.0
celana-pria,Cardinal Celana Pendek Bermuda Slim Fit Pria C0316BK15A,Rp348.900,348900.0
celana-pria,Superego Baggy Relaxed Cargo Corduroy Pants Brown BCC01C Unisex,Rp264.500,264500.0
celana-pria,Voust Loose Pants Nylon Cringkle Onax | Celana Gorpcore Pria Wanita Ankle Slim,Rp109.000,109000.0
celana-pria,Celana Bahan Panjang Kantor Pria Formal Slim Fit Stretch Nyaman Semi Kerja Casual Warna Putih Abu Muda Navy Cream Hitam Abu Tua Coklat Tua,Rp95.999,95999.0
celana-pria,Third Day MC021 Instacool pyjama celana pendek shorts Td hitam,Rp114.000,114000.0
celana-pria,Steigen - Jogger Pants Fleece Navy,Rp115.000,115000.0
celana-pria,Platini Celana Chino Pria Panjang Hitam 5501,Rp195.000,195000.0
celana-pria,Blackgroud - Celana Boardshort Pendek Pria Despo,Rp39.900,39900.0
celana-pria,EVERNEXT Celana Cargo Pria Panjang Long Pants Marco Cargo Regular Fit Celana Outdoor Santai Pria,Rp165.000,165000.0
celana-pria,Gloaming Celana Barrel Twill Baggy Unisex White,Rp217.900,217900.0
celana-pria,Gloaming Trackpants Parasut Cargo Unisex Hitam Outdoor dengan Desain Multifungsi dan Nyaman,Rp189.900,189900.0
celana-pria,Gloaming Celana Pendek Cargo Cotton Twill Army,Rp165.000,165000.0
celana-pria,LGS - Celana Casual Pria - Celana Panjang - Warna Hitam - Reguler - LECT.777.015.659.1.7C,Rp224.950,224950.0
celana-pria,RIVERLINE19 -SHORT PANTS CARGO PRIA KATUN TWILL Outdoor Keren,Rp145.500,145500.0
celana-pria,M231 Celana Panjang Pria Chino Pants Slim Fit Stretch Dark Grey 0080,Rp144.000,144000.0
celana-pria,Suko Sweat Celana Jogger Pria 121697148,Rp199.000,199000.0
celana-pria,Johnwin - Celana Panjang Formal Pria - Celana Bahan Polyester - Double Back Pocket - Slim Fit - Hitam - F.1025.010.110.C,Rp464.350,464350.0
celana-pria,Johnwin - Celana Formal - Regular Fit - Celana Pria - Polyester - F.1035.008,Rp229.000,229000.0
celana-pria,Johnwin - Celana Formal - Slim Fit - Polyester - Navy - F.1026.010.127.C,Rp464.350,464350.0
celana-pria,Johnwin - Celana Chinos Pendek - Cream - ACS.118.303.412.C,Rp227.000,227000.0
celana-pria,Noir Sur Blanc Men Trousers Mocha,Rp550.000,550000.0
celana-pria,Pojok Busana Celana Pendek Pria Sport Casual - Shorts Bawahan Cowok Olah Rage Kasual Santai,Rp59.900,59900.0
celana-pria,EVERNEXT APPAREL Celana Chino Panjang Cowok Chino Santai Big Size Celana Chino Long Pants Slimfit Kerja Kantoran,Rp165.000,165000.0
celana-pria,Dobujack Boardshort Pluto Black,Rp99.000,99000.0
celana-pria,Crocodile CHIN CR551 - Men Chino Pants Activewear Celana Panjang Pria,Rp799.000,799000.0
celana-pria,Papperdine - Celana Jeans Pria - Jorts Short Pants Non Stretch,Rp249.000,249000.0
celana-pria,adidas Gym & Training WORKOUT ESSENTIALS BASE 3-STRIPES PIQUE SHORT 9inch Men Black KA3464,Rp400.000,400000.0
celana-pria,Insurgent Club - Pants Siber Stripe Black,Rp375.000,375000.0
celana-pria,Cardinal Celana Pendek Bermuda Slim Fit Pria E0540BK01A,Rp209.000,209000.0
celana-pria,LEZAHRASIGNATURE Jogger Sporty Tafi - Celana Joger Babyterry Training Olahraga Lari Gym fit M-XXL,Rp239.000,239000.0
celana-pria,DICKIES - Relaxed Fit Heavyweight Duck Carpenter Pants - Celana Kerja Panjang (Inseam 32 Inch) (1),Rp810.000,810000.0
celana-pria,SUFINE-Shortpants Corduroy Bronze Pria/ Celana Pendek Corduroy,Rp112.000,112000.0
celana-pria,KUZI PROJECT - Cargo Pants - Javier - Black - Twill PE - Celana Cargo - Celana Panjang Unisex Terbaru - Reguler fit,Rp174.999,174999.0
celana-pria,StayCool SuppleCool Floristy Boxer Briefs Celana Dalam,Rp143.650,143650.0
celana-pria,StayCool SuppleCool Camoline Boxer Briefs Celana Dalam,Rp169.000,169000.0
celana-pria,Cardinal Celana Panjang Chinos Skinny Pria C0084BK02H,Rp475.500,475500.0
celana-pria,SUWALL Celana Jeans Panjang Pria Stlye Outfit Skena Straight Loose Size 28 Sampai 44 SWL014,Rp152.900,152900.0
celana-pria,Decathlon SIMOND Celana Gunung Pria Panjang/Pendek 2 in 1 MT500 - Abu-abu Celana Trekking Pria 2 in 1 MT500 - 8853742,Rp1.002.000,1002000.0
celana-pria,Cardinal Celana Panjang Skinny Pria E0155BK03B,Rp419.500,419500.0
celana-pria,Kasual Celana Formal Grey Ankle Cuff,Rp229.000,229000.0
celana-pria,Greenlight Voyager Celana Cargo Pendek Pria Baby Canvas Volkat HP-CG021224,Rp206.100,206100.0
celana-pria,Cardinal Celana Panjang Formal Pria F4003F04B,Rp249.000,249000.0
celana-pria,MANZONE - Celana Panjang Cargo Pria Richard - Black,Rp244.732,244732.0
celana-pria,Felix.B Special Price Shorty Satuan - FB59,Rp59.000,59000.0
celana-pria,Juaraga Celana Pendek - JR Infinite - Coklat,Rp249.900,249900.0
celana-pria,Mnst Parachute cringkle Baggy Pants | Black | Rafaela,Rp125.000,125000.0
celana-pria,Ortuseight Basic Pants Army,Rp249.000,249000.0
celana-pria,Active Short Pant Olive Human Greatness,Rp168.000,168000.0
celana-pria,Delibra Celana Chino Panjang Original Grey Old,Rp160.650,160650.0
celana-pria,Almeroo - Celana Pendek Pria Chino Pants Katun Twill Grey,Rp114.500,114500.0
celana-pria,Dgm Fashion Celana Tartan Pria Celana Panjang 6707,Rp149.000,149000.0
celana-pria,DGM Fashion Celana Tartan Pria Celana Panjang Pria 1482,Rp149.000,149000.0
celana-pria,DGM Celana Cargo Panjang Pria Double Pocket Premium Cream 2601,Rp225.000,225000.0
celana-pria,"Ackermann - Celana Panjang Pria Chino Reguler Fit | Simple, Elegan, Maskulin",Rp137.000,137000.0
celana-pria,Cardinal Celana Panjang Skinny Pria E0103BK12F,Rp385.000,385000.0
celana-pria,Emoline Chino Long Pants Black Premium – Celana Chino Panjang Premium Emoline,Rp266.000,266000.0
celana-pria,"KAMB Celana Cargo Panjang Pria 4 Kantong, Warna Hitam & Hijau",Rp139.900,139900.0
celana-pria,Flamoush Wataru Green Pants Jogger,Rp135.000,135000.0
celana-pria,Cardinal Celana Pendek Bermuda Pria E0744BK01A,Rp405.500,405500.0
celana-pria,DICKIES - Relaxed Fit Heavyweight Duck Carpenter Pants - Celana Kerja Panjang (Inseam 32 Inch),Rp810.000,810000.0
celana-pria,Cardinal Celana Panjang Slim Fit Pria F4001B04A,Rp335.500,335500.0
celana-pria,My Mind - Celana Pendek Boardshort Flecee Pria Hitam Polos Unisex,Rp39.900,39900.0
celana-pria,Giordano Men's Liquid Touch Shorts 0110440709,Rp219.000,219000.0
celana-pria,SWAVIEE Fleece Sweatpants Basic Nova | Boardshort Celana Pendek Unisex Fit,Rp80.000,80000.0
celana-pria,Homeler Celana Pendek Boxer Pria 1 Pcs CB HL-415,Rp58.000,58000.0
celana-pria,BOYSCODE Celana Pendek Chino Pria Short Pants Mocca Premium,Rp93.500,93500.0
celana-pria,Artch - Go Arfa All Varian - Boardshort Celana Pendek,Rp120.000,120000.0
celana-pria,Long pants Cargo Krem HEMMEH,Rp560.000,560000.0
celana-pria,CDL Celana Pendek Bermuda Slim Fit Pria J0201BK12E,Rp225.000,225000.0
celana-pria,Hush Puppies Celana Panjang Pria TOSHI Black,Rp409.500,409500.0
celana-pria,Arvos - Camp Relaxed Short Pants Black / Celana Pendek Hitam Pria Unisex,Rp300.000,300000.0
celana-pria,Kickchick Celana Boardshort Waterfall All Colours | Boxer | Celana Santai | Celana Pendek Unisex KCSPB001,Rp47.500,47500.0
celana-pria,Madless Celana Pendek Pria Hijau | Shorts green 2,Rp74.000,74000.0
celana-pria,TERSERAH Celana Panjang Motif salur UNISEX Casual Long pants PRIA WANITA,Rp67.199,67199.0
celana-pria,RIVERLINE19-Celana Cargo Panjang Pria Hitam loose fitt Reguler,Rp199.999,199999.0
celana-pria,HOUSE OF TAMBIYU CELANA PENDEK CARGO BULSHIT HOLOGRAM PRIA WANITA BAHAN FLEECE HITAM PRMIUM,Rp75.000,75000.0
celana-pria,Gloaming Celana Pendek Fleece Boardshort Tosca,Rp119.000,119000.0
celana-pria,EIGER X-TORLA 1.0 CARGO LONG PANTS,Rp479.000,479000.0
celana-pria,Dickies WE872 Slim Straight Tapered Fit Pant,Rp940.000,940000.0
celana-pria,Shadow Celana Chinos Long Pants Stretch Slim Fit Camel WC01A,Rp229.000,229000.0
celana-pria,STARCROSS Short Pants - SP KL 150 - Black,Rp190.400,190400.0
celana-pria,Roofwell - Combat Cream | Celana Cargo Panjang | Celana Ripstop Panjang | Cargo Pants | Celana Gunung Unisex |,Rp290.000,290000.0
celana-pria,Baggy Pants | Leopard Brown | Brainsgland,Rp138.000,138000.0
celana-pria,Ortuseight Training Shorts Grey,Rp249.000,249000.0
celana-pria,Breakside Cargo Pants Thinker - Mocca Celana Panjang Pria,Rp195.000,195000.0
celana-pria,Roofwell - Utero Black | Celana Cargo Panjang | Celana Twill Panjang | Cargo Pants | Celana Gunung Unisex |,Rp290.000,290000.0
celana-pria,Breakside Pants Denim Biggest - Grey Celana Panjang Jeans Pria,Rp230.000,230000.0
celana-pria,LAMLICKA ETHNIC TRIBAL MAORI PATTERN TWO TONE SHORT PANTS CELANA PENDEK BRANDED ORIGINAL STREETWEAR,Rp650.000,650000.0
celana-pria,Cardinal Celana Fashion Relax Pria C0004F01A,Rp454.500,454500.0
celana-pria,CELANA JOGER KOREAN STYLE TRAINING UNTUK PRIA DAN WANITA CELANA JOGGER PREMIUN CELANA DEWASA celana korea olahraga wanita pria mnxd abu sport,Rp72.250,72250.0
celana-pria,Deus Ex Machina Indonesia - Aerial Boardshort,Rp764.000,764000.0
celana-pria,FICHINO Cargo Pants / Celana Cargo Panjang Pria Simba Brown - Chicago Series - Stretch Katun Twill Slim Fit Melar Casual,Rp154.000,154000.0
celana-pria,Ortuseight Encore Shorts Abu-abu,Rp249.000,249000.0
celana-pria,Cardinal Celana Panjang Chinos Skinny Pria C0070BK01A,Rp418.900,418900.0
celana-pria,VELOCUST - Celana Panjang Twill Cargo Pants Reguler Loosefit Kantong Kembung Casual,Rp200.000,200000.0
celana-pria,KASEP CHINOS TROUSER (3 warna) Bottom,Rp236.500,236500.0
celana-pria,MANZONE - Celana Panjang Chinos Pria Lorenzo 01 Slim Fit - Brown,Rp299.900,299900.0
celana-pria,MGee Celana Chinos Panjang Pria M.gee Felix C036 Khaky,Rp478.800,478800.0
celana-pria,Forester CLF 08396 Cargo Short Pants Celana Hitam Pria Panjang Casual Santai,Rp240.000,240000.0
celana-pria,Decathlon Quechua Celana Panjang Hiking Gunung Modular Pria Mh150 - Biru - 8652204,Rp412.000,412000.0
celana-pria,Basmala Celana Ankle Pants Aneka Warna Celana Panjang Pria Katun Casual Chino Santai Dewasa,Rp259.200,259200.0
celana-pria,NOTBADCLUB - LEOBAD - CELANA CARGO GORPCORE LEOPARD,Rp175.000,175000.0
celana-pria,Obermain Pakaian Dalam Pria KNIT BOXER B Dk Green / Dk Gray OMX22019DG,Rp267.330,267330.0
celana-pria,Cardinal Celana Pendek Bermuda Pria E0767BK04B,Rp419.500,419500.0
celana-pria,Celana Panjang Chinos Straight Slim Pria Cardinal C0076BK04D,Rp434.000,434000.0
celana-pria,MOC - Celana Pendek Pria Bermuda Vincent - Black,Rp189.000,189000.0
celana-pria,Hush Puppies Celana Jeans Cargo Pria PL ZOLA Blue MF29608BLU,Rp509.500,509500.0
celana-pria,Okechuku FELIX BIG New Color Celana Joger Ukuran Jumbo Joger Pants,Rp155.000,155000.0
celana-pria,LE COQ SHORTS MEN LG5SHP00M SUNSCREEN BLUE,Rp511.680,511680.0
celana-pria,Obermain Celana Pria AMBROSSE Olive OPH23038OL,Rp249.000,249000.0
celana-pria,Cardinal Celana Panjang Alter Kargo GI Skinny Pria EL008BK03I,Rp426.500,426500.0
celana-pria,Celana Panjang Jogger Skinny Pria Cardinal C0009F04F,Rp179.000,179000.0
celana-pria,HASIER Light Nylon Pants | Celana Pendek Nilon,Rp149.000,149000.0
celana-pria,Kalibre Celana Panjang Chino Black 980760,Rp399.000,399000.0
celana-pria,Celana Bahan Panjang Kantor Formal Slim Fit Pria Kerja Warna Navy,Rp95.999,95999.0
celana-pria,Cardinal Celana Panjang Chinos Regular Fit Pria F2044BK04B,Rp363.500,363500.0
celana-pria,Lawell Celana Chino Panjang Pria Slim Fit - Bawahan Polos Branded Kualitas Premium | Nyaman untuk Kerja & Kasual,Rp229.900,229900.0
celana-pria,Celana Panjang Jogger Skinny Pria Cardinal C0002F02H,Rp179.000,179000.0
celana-pria,HASIER Loose Cargo Shorts | Celana Cargo Pendek,Rp246.750,246750.0
celana-pria,Celana Panjang Pria Cartenz Tactical jogger Strike Max Sport,Rp345.000,345000.0
celana-pria,Celana Cargo WOODCUTTER Pendek - Venture Cargo Short - Black / Hitam,Rp239.500,239500.0
celana-pria,M.Gee Celana Kerja Cargo Panjang Pria Kargo GRAND C039 LIGHTOLIVE,Rp309.250,309250.0
celana-pria,M231 Celana Panjang Pria Chino Pants 1278,Rp209.000,209000.0
celana-pria,Trijee Sportswear - Celana Olahraga Jogger Pria /Lari/Outdoor/ Raiden - Black,Rp299.000,299000.0
celana-pria,M231 Celana Cargo Pendek Pria Khaky 0763D,Rp199.000,199000.0
celana-pria,Celana Training Jogger Pria SPORTYTO Original | Bahan Misty Premium | Celana Olahraga Gym Lari Santai,Rp111.600,111600.0
celana-pria,LEE CONTI Celana Panjang Pria Chinos Silky Stretch Terrain,Rp207.000,207000.0
celana-pria,OCWA TOVE CARGO PANTS DARK BROWN,Rp649.900,649900.0
celana-pria,Celana Panjang Pria Cartenz Tactical Patriot,Rp795.000,795000.0
celana-pria,Cardinal Celana Pendek Bermuda Pria E0642BK04A,Rp305.000,305000.0
celana-pria,BOYSCODE Celana Pendek Chino Pria Short Pants Mocca Premium,Rp93.500,93500.0
celana-pria,Artch - Go Arfa All Varian - Boardshort Celana Pendek,Rp120.000,120000.0
celana-pria,Long pants Cargo Krem HEMMEH,Rp560.000,560000.0
celana-pria,CDL Celana Pendek Bermuda Slim Fit Pria J0201BK12E,Rp225.000,225000.0
celana-pria,Hush Puppies Celana Panjang Pria TOSHI Black,Rp409.500,409500.0
celana-pria,Okechuku FELIX BIG New Color Celana Joger Ukuran Jumbo Joger Pants,Rp155.000,155000.0
celana-pria,Cardinal Celana Panjang Alter Kargo GI Skinny Pria EL008BK03I,Rp426.500,426500.0
celana-pria,Obermain Celana Pria AMBROSSE Olive OPH23038OL,Rp249.000,249000.0
celana-pria,Kalibre Celana Panjang Chino Black 980760,Rp399.000,399000.0
celana-pria,"MC039 Celana Pendek Pria Santai bahan Scuba Stretch ""manga cat katakana"" hitam",Rp143.000,143000.0
celana-pria,Giordano Men's Liquid Touch Shorts 0110440709,Rp219.000,219000.0
celana-pria,Homeler Celana Pendek Boxer Pria 1 Pcs CB HL-415,Rp58.000,58000.0
celana-pria,Arvos - Camp Relaxed Short Pants Black / Celana Pendek Hitam Pria Unisex,Rp300.000,300000.0
celana-pria,"MEART - Boardshort Jasper ""Navy"" - Celana Pendek Nyaman Kain Lembut Pant Pria Keren",Rp40.000,40000.0
celana-pria,WHSTL. Celana Boardshort Cargo Pendek Trobe Series,Rp99.000,99000.0
celana-pria,MORWICK - Cargo Celana Pendek Pria - Noje - Hitam,Rp105.000,105000.0
celana-pria,Kickchick Celana Boardshort Waterfall All Colours | Boxer | Celana Santai | Celana Pendek Unisex KCSPB001,Rp47.500,47500.0
celana-pria,TERSERAH Celana Panjang Motif salur UNISEX Casual Long pants PRIA WANITA,Rp67.199,67199.0
celana-pria,celana bahan flece tebal celpen celana santai celan jersey celana pantai celpen distro celana distro celpen stop-ikemen.id Fit Kantong Karet Shorts,Rp36.750,36750.0
celana-pria,ARTCH - Kaitaki Biru - Celana Pendek Boardshort Biru Shorts Nyaman Pria,Rp100.000,100000.0
celana-pria,Giordano Men's French Terry Shorts Pria [0110541013],Rp219.000,219000.0
celana-pria,Executive Slim Fit Basic Chinos Pants 1-LPIBSC525O192 Olive,Rp359.910,359910.0
celana-pria,Deus Ex Machina Indonesia - Poplin Harris Fatigue Short,Rp977.500,977500.0
celana-pria,Forester CLF 08431 | Celana Panjang Long Pants ‘Octane’,Rp230.000,230000.0
celana-pria,Celana Pendek Boardshort Shortpants Black Fleece Strees T-rex,Rp49.900,49900.0
celana-pria,Celana Pendek Boardshort Shortpants Black Fleece Strees Skate1,Rp49.900,49900.0
celana-pria,Jack Nicklaus Encore Premium Pants Regular Fit Classic Navy,Rp1.039.600,1039600.0
celana-pria,STREES Celana Pendek Hope Shortpant Fleece,Rp49.900,49900.0
celana-pria,HASIER Light Nylon Pants | Celana Pendek Nilon,Rp149.000,149000.0
celana-pria,M231 Celana Cargo Pendek Pria Khaky 0763D,Rp199.000,199000.0
celana-pria,AMK Celana Pendek Cargo Pria PT Neo Black,Rp239.000,239000.0
celana-pria,LE COQ SHORTS MEN LG5SHP00M SUNSCREEN BLUE,Rp511.680,511680.0
celana-pria,Celana Panjang Jogger Skinny Pria Cardinal C0009F04F,Rp179.000,179000.0
celana-pria,Trijee Sportswear - Celana Olahraga Jogger Pria /Lari/Outdoor/ Raiden - Black,Rp299.000,299000.0
celana-pria,M231 Celana Panjang Pria Chino Pants 1278,Rp209.000,209000.0
celana-pria,Celana Training Jogger Pria SPORTYTO Original | Bahan Misty Premium | Celana Olahraga Gym Lari Santai,Rp111.600,111600.0
celana-pria,Celana Cargo WOODCUTTER Pendek - Venture Cargo Short - Cream Khaki,Rp239.500,239500.0
celana-pria,MOC - Celana Panjang Chinos Pria Oswald - Beige,Rp199.000,199000.0
celana-pria,CDL Celana Panjang Formal Regular Fit Pria I0059BK03D By Cardinal,Rp220.000,220000.0
celana-pria,CDL Celana Panjang Chinos Slim Fit Pria J0022BK06F,Rp275.000,275000.0
celana-pria,Cardinal Celana Pendek Bermuda Slim Fit Pria E0068F01A,Rp229.500,229500.0
celana-pria,OCWA DIAZ ELECTRIC BLUE CARGO JOGGER PANTS,Rp429.900,429900.0
celana-pria,POLICE Celana Chino Panjang Cotton Premium Regular Fit Pria,Rp269.000,269000.0
celana-pria,"KUZI PROJECT - Celana Carpenter - Morgan 13,5oz - Jort - Black Indigo - Raw Denim - Loose fit - Celana Pendek Pria Terbaru",Rp189.999,189999.0
celana-pria,Manzone Celana Pendek Bermuda Pria Regular Fit Harago 3 - Navy,Rp199.900,199900.0
celana-pria,Cardinal Celana Panjang Chinos Skinny Pria E0142BK12H,Rp309.000,309000.0
celana-pria,Cardinal Celana Panjang Pria Big Size E0929C03B,Rp461.500,461500.0
celana-pria,Cardinal Celana Fashion Skinny Pria C0035F01A,Rp433.500,433500.0
celana-pria,Cardinal Celana Panjang Chinos Skinny Pria E0146BK04E,Rp299.500,299500.0
celana-pria,Escaperfect BoardShort Suite - Brown Celana Pendek Pria,Rp92.000,92000.0
celana-pria,Cardinal Celana Panjang Formal Semi Baggy Pria E8L91BK11,Rp244.500,244500.0
celana-pria,Celana Panjang Corduroy Colourspace - Jalley - Light Yellow,Rp250.000,250000.0
celana-pria,SPORTYTO - Jogger Pants Celana Panjang Olahraga Training Joger Unisex,Rp120.000,120000.0
celana-pria,Cardinal Celana Panjang Formal Pria F4011F01A,Rp229.000,229000.0
celana-pria,RIGI Celana Panjang Outdoor / Celana Katun / Celana Lapangan / Celana Military Cargo Pria Greenland,Rp245.000,245000.0
celana-pria,House of Smith Pants Orion Double Knee Work Pants - Celana Work Pants,Rp269.000,269000.0
celana-pria,"Rip Curl Men The Search Volley 19"" Boardshorts - Iron",Rp949.000,949000.0
celana-pria,CDL Celana Panjang Straight Cut Pria J0032BK01A,Rp319.000,319000.0
celana-pria,Screamous Long Pants Cargo WITSON BLACK,Rp159.000,159000.0
celana-pria,Breakside Short Cargo Prevail - Brown Celana Pendek Pria,Rp188.000,188000.0
celana-pria,GRACIOUSTYLE - Celana Outdoor Hiking Cargo Trackpants Celana Panjang Cargo Parasut Olahraga Unisex Hitam Casual,Rp131.000,131000.0
celana-pria,CDL Celana Panjang Formal Slim Fit Pria I0165BK01B,Rp220.000,220000.0
celana-pria,Elfs Active Jogger Dry Fit Cool Max Performance wear Utility Pants,Rp185.000,185000.0
celana-pria,OOTDSUPPLY Baggy Pants Line Lumora | Celana Panjang Unisex | Celana Sporty | BP001,Rp225.000,225000.0
celana-pria,Superego Chinos Long Pants Stretch Slim Fit Camel SCP01A,Rp229.000,229000.0
celana-pria,Celana Panjang Chinos Straight Slim Pria Cardinal C0054BK04D,Rp413.000,413000.0
celana-pria,EMOLINE Celana Bahan Formal Pria Men Panjang Kantor Kerja Abu abu,Rp181.000,181000.0
celana-pria,STARCROSS Cargo Pants - SP CG 116 - Black,Rp230.400,230400.0
celana-pria,Moward - Boxer Cotton Saku | Celana Pendek | Unisex | MWBSKU013 Putih,Rp55.000,55000.0
celana-pria,Cardinal Celana Pendek Bermuda Pria E0747BK04B,Rp289.500,289500.0
celana-pria,Dancus - Celana Pendek Pria Celana Cargo Motif Warna Abu CS051,Rp89.900,89900.0
celana-pria,Nevada Basic Regular Fit Spray Celana Denim Pria 123413235,Rp203.100,203100.0
celana-pria,XLUNO Long Training Pants Bigsize Black Celana Training Panjang Jumbo,Rp299.000,299000.0
celana-pria,CELANA JOGGER SEMI CARGO WANITA PANJANG SPORTS ANKEL | PORTICO JUN04,Rp75.000,75000.0
celana-pria,DOCKERS Signature Go Khaki Straight A4260-0000,Rp499.500,499500.0
celana-pria,DOCKERS Signature Stain Def Straight - A5210-0001,Rp566.370,566370.0
celana-pria,Familias - Twill Longpants - Beka,Rp550.000,550000.0
celana-pria,Johnwin - Celana Formal Pria - Harington Pants - Hitam - Polyester - Slim Fit - F.1010.010.162.C,Rp399.350,399350.0
celana-pria,Cole Knit Twill Asietex Celana Pendek Pria 123587094,Rp149.900,149900.0
celana-pria,Nevada Texture Regular Seersucker Celana Pendek Pria 123414930,Rp199.900,199900.0
celana-pria,Trousary Celana Chino Panjang Model Workpants Loose Reguler Fit Bahan American Twill Premium Nyaman Tidak Panas Sleting YKK Awet,Rp224.250,224250.0
celana-pria,Greenlight Celana Pendek Pria Regular Fit Lounge Short Pants Massimo HP-C030126,Rp189.050,189050.0
celana-pria,GOOD BYE EX - Alpha Long Cargo Khaki,Rp179.900,179900.0
celana-pria,Barli Asmara Jiro Formal Wide Long Pants,Rp529.000,529000.0
celana-pria,Barli Asmara Leon Long Wide Pants In Black,Rp399.000,399000.0
celana-pria,Papperdine RC01 Khaky Short Cargo Celana Pendek Pria,Rp219.000,219000.0
celana-pria,Cardinal Celana Panjang Pria C1138BK15A,Rp468.500,468500.0
celana-pria,EXECUTIVE Regular Fit Corduroy Pants 1-LPRCRT225L342 Black,Rp270.837,270837.0
celana-pria,DOMINATE - STREAM SHORT 25 BLACK/PURPLE,Rp428.800,428800.0
celana-pria,Aos Knit Celana Pendek Pria 123402149,Rp129.900,129900.0
celana-pria,Cardinal Celana Pendek Bermuda Pria EL015BK01A,Rp398.500,398500.0
celana-pria,RIGI Celana Pendek Outdoor / Celana Hiking / Celana Gunung Celana Quickdry Cepat Kering Pria Odense,Rp120.000,120000.0
celana-pria,ODZA Classic Celana Panjang Slimfit Chino Formal Katun Pria Hitam,Rp299.000,299000.0
celana-pria,PROMO BUNDLING EKSKLUSIF KALIBRE x STAR WARS 981017,Rp425.000,425000.0
celana-pria,Steigen Celana Panjang Katun Linen Relaxed Loose Pants Putih,Rp170.000,170000.0
celana-pria,REMEDY Celana Panjang Linen Pria Warna Abu Stripe - Cannon Linen Pants,Rp375.200,375200.0
celana-pria,Black Loosefit Sweatpants Bold Logo Design Heavyweight Cotton 330gsm ( V4 ),Rp450.000,450000.0
celana-pria,IOK Celana Jogger Pria Keren Celana Panjang Training Pants Lembut Nyaman Bernapas Celana Pinggang Tinggi High Waist Pants (CJ003),Rp169.000,169000.0
celana-pria,Suko Cargo Fit Woven Celana Panjang Pria 119663330,Rp299.900,299900.0
celana-pria,Celana Panjang Pria Cardinal E0682BK03H,Rp409.500,409500.0
celana-pria,houseofcuff Celana Panjang High Waist Gurkha Hitam Side Tab Checkered,Rp330.000,330000.0
celana-pria,Roofwell - Utero Mocca | Celana Cargo Panjang | Celana Twill Panjang | Cargo Pants | Celana Gunung Unisex |,Rp211.700,211700.0
celana-pria,Forester Trouvail CLF 08449 Celanan Pendek Short Pants Cringkle Santai Pria Casual,Rp215.000,215000.0
celana-pria,Cardinal Celana Panjang Formal Slim Fit Pria F0005F04A,Rp249.000,249000.0
celana-pria,MANZONE - Celana Pendek Bermuda Pria Brian 01 - Black,Rp135.932,135932.0
celana-pria,MANZONE - Celana Panjang Pria Chinos Zarco 4 Slim Fit - Navy,Rp203.932,203932.0
celana-pria,Hush Puppies Pakaian Dalam Pria GIO BOXER Dark Gray/Navy UGM24023DG,Rp329.200,329200.0
celana-pria,Energized Bohemian Explorer Casual Sweat Shorts 501-100109,Rp198.000,198000.0
celana-pria,RN X WBRN Long Pants Reversible Unisex.,Rp385.000,385000.0
celana-pria,EIGER LUGANO WIDE ANKLE PANTS,Rp329.000,329000.0
celana-pria,LGS - Celana Casual - Celana Chinos - Stretch - Hitam - Regular Fit - CCT.559.S048.A16.C,Rp299.950,299950.0
celana-pria,Cardinal Celana Panjang Formal Straight Fit Ankle Length Pria F4003F02H,Rp269.500,269500.0
celana-pria,adidas Lifestyle Essentials French Terry Tapered Cuff 3-Stripes Pants Men Black GK8831,Rp720.000,720000.0
celana-pria,adidas Lifestyle ALL SZN French Terry Shorts Men Grey IC9816,Rp390.000,390000.0
celana-pria,CDL Celana Pendek Bermuda Slim Fit Pria J0192BK05C By Cardinal,Rp225.000,225000.0
celana-pria,Cardinal Celana Panjang Formal Semi Baggy Pria F2039BK11F,Rp129.900,129900.0
celana-pria,Celana Kantor Pria Panjang Formal Hitam Bahan Kain Jet Black Strect Casual Melar,Rp179.000,179000.0
celana-pria,Cardinal Celana Panjang Skinny Pria E0142BK03A,Rp319.500,319500.0
celana-pria,MOC - Celana Panjang Chinos Pria Wallsie - Navy,Rp199.000,199000.0
celana-pria,EIGER PEDAUH SHORTS CARGO,Rp469.000,469000.0
celana-pria,TENDENCIES Ibiza Nylon Boardshort Pants,Rp115.000,115000.0
celana-pria,KAMB Celana pendek pria santai untuk jogging pantai atletik nyaman cepat kering pilihan warna beragam,Rp88.900,88900.0
celana-pria,EMOLINE Board Short Cargo Mocca - Celana Cargo Pendek Mocca,Rp138.250,138250.0
celana-pria,Option Short Pant Black Human Greatness,Rp95.000,95000.0
celana-pria,Celana Pendek Kalibre Short Pants Sequinox Black Artikel 981074,Rp425.000,425000.0
celana-pria,Deus Ex Machina Indonesia - The Harrison,Rp750.000,750000.0
celana-pria,Ackermann - Celana Chino Pria Premium Stretch Regular Fit Pinggang Karet Elastis Nyaman Formal Casual,Rp185.000,185000.0
celana-pria,Barley Division Classic Navy Shortpants,Rp212.000,212000.0
celana-pria,Cardinal Celana Panjang Chinos Slim Fit Pria E0262BK05A,Rp309.000,309000.0
celana-pria,Celana Panjang Pria Skinny Cardinal E0016BK03D,Rp229.000,229000.0
celana-pria,Celana Panjang Chinos Straight Slim Pria Cardinal C0054BK04D,Rp413.000,413000.0
celana-pria,EMOLINE Celana Bahan Formal Pria Men Panjang Kantor Kerja Abu abu,Rp181.000,181000.0
celana-pria,STARCROSS Cargo Pants - SP CG 116 - Black,Rp230.400,230400.0
celana-pria,Moward - Boxer Cotton Saku | Celana Pendek | Unisex | MWBSKU013 Putih,Rp55.000,55000.0
celana-pria,Cardinal Celana Pendek Bermuda Pria E0747BK04B,Rp289.500,289500.0
celana-pria,Cardinal Celana Pendek Bermuda Slim Fit Pria E0027F04F,Rp224.500,224500.0
celana-pria,LARUSSO - Formal Ankle Pants - Dark Brown,Rp339.900,339900.0
celana-pria,WOOD Tapered Slim Fit Textured Pants 2-OPILXC126C044 KHAKI,Rp449.900,449900.0
celana-pria,CROSS Celana Pendek Pria BYRON TECH CHINOS Navy – Celana Golf Teknis Anti Air & Fleksibel,Rp400.000,400000.0
celana-pria,CELANA PENDEK DICKIES | 42283 KHA,Rp838.400,838400.0
celana-pria,Filbert Cargo shortPants Zhon Army Hijau Celana Tactical Pendek,Rp100.188,100188.0
celana-pria,Jane Frey Clothing Jogger Cargo Parasut Pria | Jogger Pria | Jogger Parasut 8236,Rp140.000,140000.0
celana-pria,Civity Celana Jogger Long Pants Slim fit Army,Rp130.000,130000.0
celana-pria,"Benidson Boxer Polos Hitam, Cream, Abu-abu",Rp65.000,65000.0
celana-pria,shorts pants unisex size reguler dan size jumbo myman bahan fleece,Rp65.000,65000.0
celana-pria,Moward - Boxer Cotton MWB043 Black | Celana pendek shorts pria Santai Katun,Rp49.000,49000.0
celana-pria,WESTGODS - Sweatpants Celana Santai Boardshort Bahan Flecee Cotton Pendek,Rp65.000,65000.0
celana-pria,Firsthand Celana Chino Panjang Sherwal Slimfit Mocca,Rp194.350,194350.0
celana-pria,Moward - Boxer Cotton Saku | Celana Pendek | Unisex | MWBSKU017 Putih,Rp55.000,55000.0
celana-pria,BELIEVEDIAGEMSAE – Basic Shortpants Chino Banbaji Pants,Rp74.900,74900.0
celana-pria,Celana Pendek Pria Broadshort Pants Hitam,Rp99.000,99000.0
celana-pria,DICKIES Celana Kerja WP918 Slim Fit Double Knee Work Pant Twill Stretch Pria Formal Casual,Rp940.000,940000.0
celana-pria,HEARTNESS Celana Cargo Baggy Pants Loose Hypebeat Pocket Hitam Katun Twill Tebal,Rp319.000,319000.0
celana-pria,Cargo Joger Remaja Panjang - Long Cargo Pants,Rp218.000,218000.0
celana-pria,Cargo Pants panjang Dewasa - Long Cargo Pants,Rp149.000,149000.0
celana-pria,Deus Ex Machina Indonesia - Sandbar Beach Short,Rp684.000,684000.0
celana-pria,Executive Slim Fit Basic Chinos Pants 1-LPIBSC525O194 Ecru,Rp359.910,359910.0
celana-pria,Okechuku DENNY BIG Celana Cargo BIGSIZE Celana Taktikal Cargo Jumbo,Rp189.900,189900.0
celana-pria,Men Riors Rangers Running Pants | Celana Sport,Rp350.910,350910.0
celana-pria,Celana Cargo Pendek Civity Original Stretch Shorts Cream,Rp149.800,149800.0
celana-pria,Moward - Boxer Boardshort MWB020 White | Celana pendek shorts pria,Rp49.000,49000.0
celana-pria,Enamour Celana Sweat Pants Loose Cutting,Rp110.000,110000.0
celana-pria,Moward - Boxer Cotton MWB0105 Putih | Celana Pendek,Rp49.000,49000.0
celana-pria,Artch - Kanser Navy - Celana Pendek Boardshort,Rp130.000,130000.0
celana-pria,Celana Pendek Boardshort Fleece Hoodie Addict Warna Hitam,Rp70.000,70000.0
celana-pria,EIGER HILLWANDER CARGO SHORT PANTS,Rp279.300,279300.0
celana-pria,MANZONE - Celana Panjang Chino Rega 02 Slim Fit - Black,Rp299.900,299900.0
celana-pria,Giordano Men's Khakis Pants 0111503704,Rp559.200,559200.0
celana-pria,Jakarta Timur,Rp66.899,66899.0
celana-pria,Notbadclub - Badshort Cargo | Celana Pendek Kargo Camo Tiger,Rp105.000,105000.0
celana-pria,Obermain Pakaian Dalam Pria KNIT BRIEF Black/White OMZ03022BK,Rp79.000,79000.0
celana-pria,EXECUTIVE Baby Canvas Drawstring Shorts 1-SPICRT225L351 Beige,Rp179.910,179910.0
celana-pria,NVSR Long Cargo Tactical Street Pants — Vanguard Green | Cargo Tactical Hijau,Rp187.000,187000.0
celana-pria,SOCIABLE - Celana Panjang Cargo Reguler Fit Pria Cotton Twill Stretch Premium Casual Pants Slim Straigth,Rp175.000,175000.0
celana-pria,Cardinal Celana Panjang Straight Cut Pria E0836BK04E,Rp279.000,279000.0
celana-pria,Cardinal Celana Panjang Chinos Straight Slim Pria C0050BK12B,Rp413.000,413000.0
celana-pria,Emba Classic - Altitude 2 Celana Panjang Pria Chino Slim Fit Collection Kerja Casual Katun,Rp259.900,259900.0
celana-pria,Troy Company Boardshort Fleece Black Cardinal - Celana Pendek Pria Hitam PTN 2772,Rp122.000,122000.0
celana-pria,Cardinal Celana Panjang Formal Slim Fit Pria F4261BK02H,Rp391.500,391500.0
celana-pria,SCOMMER SWEATERPANTS BASIC SCO UNISEX - Celana panjang pria/wanita,Rp175.000,175000.0
celana-pria,LAICA Trainning Girls - Jogger Anak,Rp309.900,309900.0
celana-pria,Escaperfect Cargo Pants Rivers - Cream,Rp190.000,190000.0
celana-pria,NOTBADCLUB - Fenris Jorts One - Celana Pendek Denim Hitam,Rp219.500,219500.0
celana-pria,"Celana Trening Standar Wanita/Pria, Model Terbaru dengan Bahan Baby Terry Berkualitas",Rp73.000,73000.0
celana-pria,Deus Ex Machina Indonesia - Too Busy To Work Pant,Rp945.000,945000.0
celana-pria,Dobujack Celana Floki Long Cargo Navy,Rp145.000,145000.0
celana-pria,3Mongkis - Celana Pendek Wanita Pria Cassia Short Pants,Rp395.000,395000.0
celana-pria,Celana Sopan Pria Cardinal F0001F01A,Rp249.000,249000.0
celana-pria,GOOD BYE EX - Short Cargo Cream,Rp319.000,319000.0
celana-pria,Decathlon KIPRUN Celana Lari Pria Run 500 Cool Hitam - 8902777,Rp589.000,589000.0
celana-pria,Pinnacle Tabiea Evo - Dark Navy,Rp456.500,456500.0
celana-pria,OCWA LULU WATERPROOF LIGHT GREY SHORT MEN,Rp299.900,299900.0
celana-pria,Steigen Celana Sweatpants Cargo Loose Baggy Fleece,Rp156.000,156000.0
celana-pria,Cardinal Celana Pendek Slim Fit Pria E0472BK05A,Rp349.500,349500.0
celana-pria,OCWA CRE FLARE PANTS BLACK MEN,Rp589.900,589900.0
celana-pria,Hush Puppies Celana Panjang Pria TOSHI Black,Rp409.500,409500.0
celana-pria,Voust Loose Pants Nylon Cringkle Onax | Celana Gorpcore Pria Wanita Ankle Slim,Rp109.000,109000.0
celana-pria,Celana Cargo Pendek Civity Original Stretch Shorts Cream,Rp149.800,149800.0
celana-pria,EMOLINE Celana Bahan Formal Pria Men Panjang Kantor Kerja Abu abu,Rp181.000,181000.0
celana-pria,STARCROSS Cargo Pants - SP CG 116 - Black,Rp230.400,230400.0
celana-pria,Cardinal Celana Panjang Chinos Skinny Pria F2058BK03A,Rp377.500,377500.0
celana-pria,OYLEN Celana Pendek Pria Premium Chinos Pants Ukuran M-XXL Bahan Babycanva Tebal Adem Tidak Mudah Kusut Model Reguler Potongan Rapi dan Stylish,Rp150.000,150000.0
celana-pria,CDL Celana Pendek Bermuda Slim Fit Pria J0215BK05A By Cardinal,Rp225.000,225000.0
celana-pria,Cardinal Celana Panjang Formal Slim Fit Pria F4238BK01A,Rp269.500,269500.0
celana-pria,Cardinal Celana Panjang Chinos Pria E0321BK04E,Rp309.000,309000.0
celana-pria,EVERNEXT - Celana Cargo Pendek Pria Vortex Short Pants Cargo Regular Fit Celana Outdoor Santai Pria Terbaru,Rp145.000,145000.0
celana-pria,Baggy Pants Crinkle | Dmande 003 | Gray | Celana Panjang | Brainsgland,Rp94.900,94900.0
celana-pria,NX Celana Pendek Karet Cargo Pria,Rp129.000,129000.0
celana-pria,Cardinal Celana Kargo GI Relax Pria C0010BK14A,Rp447.500,447500.0
celana-pria,OCWA DEVIN FLARE CARGO PANTS MISTY GREY MAN,Rp459.900,459900.0
celana-pria,Cardinal Celana Pendek Bermuda Pria C0018F02H,Rp169.000,169000.0
celana-pria,CDL Celana Panjang Pria J0229BK04D By Cardinal,Rp275.000,275000.0
celana-pria,Cardinal Celana Panjang Skinny Pria E0136BK04C,Rp324.500,324500.0
celana-pria,Celana Panjang Pria Wanita Fashionable Hikemore Spynet Original,Rp229.000,229000.0
celana-pria,Celana Panjang Corduroy Colourspace - Denna - Caramel,Rp250.000,250000.0
celana-pria,KREMLIN Celana Chino Loose Fit Baggy Long Pants - Black - Bumble,Rp199.900,199900.0
celana-pria,Oxygen Denim Prime Slim Chino Pants (708-9512),Rp399.900,399900.0
celana-pria,LONG CARGO STEIGEN Panjang Pria,Rp236.000,236000.0
celana-pria,Barley Division Moxa Black Trackpant,Rp176.000,176000.0
celana-pria,MANZONE - Celana Panjang Chinos Pria Durbiksa 04 Reguler Fit - Black,Rp190.332,190332.0
celana-pria,Celana Pendek Chinos Kalibre Brown 981109,Rp339.000,339000.0
celana-pria,Ortuseight Berlin Shorts Grey,Rp249.000,249000.0
celana-pria,KUZI PROJECT - Celana Chino - Palmer - Black - Work Pants - Reguler fit,Rp199.999,199999.0
celana-pria,Seigneur Celana Chino Khaki / Celana Panjang Original,Rp139.700,139700.0
celana-pria,AMK Celana Pendek Pria SP Callisto Beige,Rp169.000,169000.0
celana-pria,Cardinal Celana Panjang Straight Cut Pria E0879BK04E,Rp309.000,309000.0
celana-pria,Cardinal Celana Fashion Alter Skinny Pria EL002F06G,Rp489.500,489500.0
celana-pria,Hush Puppies Celana Panjang Pria TOSHI Black,Rp409.500,409500.0
celana-pria,"Basic Set 21: Kaos Oversize, Celana Chino, Belt",Rp395.000,395000.0
celana-pria,Celana Motor Pria BYSON N14C 021 Riding Pants Knee Protector Stretch TRACKER,Rp995.000,995000.0
celana-pria,EMOLINE Board Short Cargo Abu - Celana Cargo Pendek Abu,Rp138.250,138250.0
celana-pria,Cardinal Celana Panjang Chinos Skinny Pria C0066BK01A,Rp418.900,418900.0
celana-pria,Celana Pendek Unfinish Unisex Gloaming - Santai Distro Surfing Dewasa Hitam - Shorts,Rp89.000,89000.0
celana-pria,Steigen - Jogger Pants Fleece Sage,Rp115.000,115000.0
celana-pria,Cardinal Celana Pendek Bermuda Pria C0340BK17A,Rp363.500,363500.0
celana-pria,WAAC PANTS MEN FW25 WTPNA25501-NYD,Rp2.969.100,2969100.0
celana-pria,Forester CLF 08429 Celana Pendek Sebamban Hitam Shorts Pria Santai Casual,Rp169.000,169000.0
celana-pria,EMOLINE Celana Pendek Unisex Knit Jade Green Karet Katun - Short pants santai,Rp106.000,106000.0
celana-pria,Cressida The Next Level Celana Jeans Abu Pria Ripped Skinny Fit Jeans J275A,Rp503.920,503920.0
celana-pria,TREN'CO celana bahan semi woll celana bahan pria formal celana bahan kain celana kantor slim fit,Rp179.000,179000.0
celana-pria,DOCKERS Signature Stain Def Straight A5210-0006,Rp566.370,566370.0
celana-pria,WP873 Slim Straight Fit Work Pant-BK,Rp940.000,940000.0
celana-pria,Hoi Polloy - Route Pants Celana Panjang (Black),Rp325.000,325000.0
celana-pria,Johnwin - Celana Formal - Hitam - Slim Fit - F.951.010.110.C,Rp384.850,384850.0
celana-pria,Celana Jepang Unisex Kenji-san Harajuku Street Style Joger Pria Wanita - Polo Exchange 10131,Rp89.967,89967.0
celana-pria,Notbadclub - Emilly | Celana Jorts Denim Pendek Embordired,Rp185.000,185000.0
celana-pria,Celana Pendek Olahraga Pria Wanita Training Santai Basketball - Spoor Shorts Sport,Rp377.100,377100.0
celana-pria,Hush Puppies Celana Pria OHASHI Beige,Rp649.200,649200.0
celana-pria,KUZI PROJECT - Celana Boardshort Pria - Teodor - Leopard - Motif 1 - Boardshort - Celana Pendek Unisex Terbaru - Reguler fit,Rp99.999,99999.0
celana-pria,FOLX Red Rope Casual Sweatpants,Rp329.340,329340.0
celana-pria,Cardinal Celana Formal Slim Fit Pria F4005BK04C,Rp391.500,391500.0
celana-pria,Celana Panjang Pria Twill Reguler Fit Charming Abu Tua 122502,Rp229.900,229900.0
celana-pria,LGS - Celana Chinos Casual Pendek Pria Warna Krem CSS.500.055.005.C,Rp227.000,227000.0
celana-pria,HSRM Celana Bahan Dapper Ankle Pants Pria 19 | Celana Formal Pria,Rp175.000,175000.0
celana-pria,Gloaming Celana Chinos Panjang Pria Army Regular Fit,Rp169.900,169900.0
celana-pria,ARR SANJAYA Celana Pendek Slim Linen Cotton Premium Unisex Kain Lembut Nyaman Casual Santai Pantai Berkualitas Kuat Ringan Sejuk,Rp217.000,217000.0
celana-pria,REMEDY Celana Pendek Bermuda Linen Pria Warna Biru Stripe - Mykonos Linen Shorts,Rp389.000,389000.0
celana-pria,Carnos - Celana Cargo Pendek Pria Abu Muda,Rp129.000,129000.0
celana-pria,StayCool SuppleCool Shark Attack Boxer Briefs Celana Dalam,Rp169.000,169000.0
celana-pria,Hush Puppies Celana Panjang Pria TOSHI Black,Rp409.500,409500.0
celana-pria,Voust Loose Pants Nylon Cringkle Onax | Celana Gorpcore Pria Wanita Ankle Slim,Rp109.000,109000.0
celana-pria,Celana Cargo Pendek Civity Original Stretch Shorts Cream,Rp149.800,149800.0
celana-pria,EMOLINE Celana Bahan Formal Pria Men Panjang Kantor Kerja Abu abu,Rp181.000,181000.0
celana-pria,STARCROSS Cargo Pants - SP CG 116 - Black,Rp230.400,230400.0
celana-pria,DUST Celana Short Pant Louie Hitam (DM.3401),Rp199.500,199500.0
celana-pria,REMEDY Celana Pendek Linen Pantai Pria Warna Motif - Cane Linen Shorts,Rp257.400,257400.0
celana-pria,LGS - Celana Pendek Casual - Stretch - Abu - Regular Fit - CSS.514.S074.001.C,Rp249.950,249950.0
celana-pria,VOLCOM MWS STONE FADED 19 HYBRID SHORTS STEALTH,Rp1.050.000,1050000.0
celana-pria,"Celana Formal Big Size Slimfit Kantor Kerja Casual Bahan Semi Wool Nyaman, Tebal, Stretch Size 39 - 44",Rp120.000,120000.0
celana-pria,Celana Panjang Chino Pria Rigi Flicker,Rp289.000,289000.0
celana-pria,Epidemic Long Chino Pants Loose Rebel,Rp318.750,318750.0
celana-pria,MOC Celana Panjang Pria STANFORD - Dark Grey,Rp199.000,199000.0
celana-pria,Wellborn Slack Denim Pants Blue,Rp368.900,368900.0
celana-pria,Escaperfect Cargo Pants Cartel - Navy Blue Celana Panjang Pria,Rp170.000,170000.0
celana-pria,VOLCOM MLP SKT VIT CJ COLLIN STORMY SEA,Rp480.000,480000.0
celana-pria,CELANA PANJANG FORMAL SLIM FIT (HITAM),Rp349.500,349500.0
celana-pria,RIGI Celana Pendek Outdoor / Celana Hiking / Celana Gunung Celana Stretch Quickdry Cepat Kering Pria Carbon,Rp165.000,165000.0
celana-pria,Independent Trucks BTG Summit Canvas Utility Pant IN1220902,Rp989.999,989999.0
celana-pria,keepfs.id | trackpants nylon navy | central,Rp190.000,190000.0
celana-pria,OCWA PON NEON JOGGER CARGO PANTS MEN,Rp399.900,399900.0
celana-pria,Bawwa Santai | FLEET ADMIRAL Series | CAMO BAGGY BARREL DOUBLE KNEE | | Celana Gombrang | Baggy pants | Cargo pants,Rp317.250,317250.0
celana-pria,Greenlight Celana Chino Pendek Pria Regular Fit Twill Albany HP-CG010625,Rp215.100,215100.0
celana-pria,Cardinal Celana Panjang Chinos Skinny Pria E0091BK04A,Rp279.000,279000.0
celana-pria,BRADERFACT - Paket 3 Pcs Boardshort,Rp199.000,199000.0
celana-pria,Houseofcuff Celana Panjang Chino Loose Fit,Rp215.000,215000.0
celana-pria,MOC - Celana Panjang Chinos Pria Zoe - Charcoal,Rp299.900,299900.0
celana-pria,DGM celana chinos panjang pria slimfit 1831,Rp135.000,135000.0
celana-pria,M231 Celana Panjang Pria Chino Dobby 0953,Rp214.000,214000.0
celana-pria,LGS - Celana Chinos Stretch - Celana Panjang Casual - Abu - Reguler Fit - CCT.502.040.007.C,Rp299.950,299950.0
celana-pria,Cole Basic Regular Celana Denim Pria 123381556,Rp279.900,279900.0
celana-pria,Ackermann - Chino Pria Reguler Fit Terlaris TikTok | Nyaman Dipakai Seharian,Rp137.000,137000.0
celana-pria,Lawell Celana Panjang Pria Formal – BERNARD-R-JB & BERNARD-SF-JB | Jet Black | Motif Salur Halus | Regular & Slim Fit | Polyester,Rp269.900,269900.0
celana-pria,LGS - Celana Casual Pria - Celana Panjang Chinos - Warna Hitam - Reguler - LECT.777.015.659.7C,Rp237.000,237000.0
celana-pria,WOOD Slim Tapered Texture Pants 2-OPILXC126B017 ECRU,Rp429.900,429900.0
celana-pria,Homeler Celana Pendek Boxer Pria dewasa 2 Pcs CB HL-415,Rp116.000,116000.0
celana-pria,SSST x Lique ID Baggy Short Denim Pants Washed Black,Rp559.550,559550.0
celana-pria,PRAYERFAITH - Boxer Short Pria Matterial Despo Polos,Rp44.999,44999.0
celana-pria,Levi's® Men's 454 Relaxed Shorts (000YB-0001),Rp599.900,599900.0
celana-pria,Third Day MC013 Celana Pendek Pria Scuba Tdco Black,Rp119.000,119000.0
celana-pria,Cardinal Celana Panjang Chinos Pria C0020BK01A,Rp280.000,280000.0
celana-pria,Paket 3 Pcs Celana Cargo Pendek Comfy Bertali Bahan Diamond Knit Salur Broadshort Jumbo Hitam Army Beige,Rp50.625,50625.0
celana-pria,Under Armour Women Pjt Rck All Train HG Ankl LG Bottoms,Rp359.700,359700.0
celana-pria,Jane Frey Clothing 8219 Celana Pendek Cargo Pria Fleece M-XXL keren celana candy original broad short,Rp78.400,78400.0
celana-pria,[LIVE EXCLUSIF] BAPIN Celana Cargo Panjang Pria Erroz – Long Pants Cargo Regulerfit,Rp250.000,250000.0
celana-pria,Celana Dalam Pria Boxer Isi 3 Emga SB1B Cool Silk Seamless Celana Dalam Pria Pakaian Dalam Breathable Ultra Thin Tipis Comfortable Seamless Kolor Briefs Pendek CD Underwear Dalaman Sempak Adem Dingin Solid Color Men Man Cowok Laki Motif Polos,Rp75.999,75999.0
celana-pria,Executive Basic Slim Fit Casual Pants 1-LPIBSC525O154 DARK GREY,Rp386.910,386910.0
celana-pria,Geje Apparel Celana Chino pendek Shortpant,Rp65.000,65000.0
celana-pria,EXECUTIVE 4-Way Stretch Active Pull up Pants 1-LPIACT225K124 Lt. Grey,Rp386.910,386910.0
celana-pria,Executive Slim Fit Basic Chinos Pants 1-LPIBSC525O193 Navy,Rp359.910,359910.0
celana-pria,Giordano Cotton Stretch Pants Pria Dark Heather Blue,Rp259.000,259000.0
celana-pria,Cardinal Celana Panjang Kargo GI Pria Big Size E0582C03H,Rp489.500,489500.0
celana-pria,Cardinal Celana Panjang Formal Pria F4007F02H,Rp391.500,391500.0
celana-pria,LGS - Celana Panjang Chinos Pria Warna Coklat CCT.500.037.009.C,Rp279.950,279950.0
celana-pria,LGS - Celana Chinos Panjang Pria Coklat CCT.500.037.002.C,Rp279.950,279950.0
celana-pria,Moward - Boxer Cotton Saku | Celana Pendek | Unisex | MWBSKU07 Black,Rp55.000,55000.0
celana-pria,DICKIES-WP873 Slim Straight Fit Work Pant-CH,Rp940.000,940000.0
celana-pria,Cardinal Celana Panjang Pria E0825BK03F,Rp309.000,309000.0
celana-pria,Celana- CARGO Short Pants celana panjang Pria Katun,Rp90.000,90000.0
celana-pria,Jaket Hoodie Marvell Apollo Print Poly Orange,Rp220.000,220000.0
celana-pria,Cardinal Celana Panjang Chinos Regular Fit Pria F2048BK04C,Rp269.500,269500.0
celana-pria,"ROXXYQI90STYLE Celana Panjang Chino Pria Ankle Pants Slim Fit Bahan Saten Stronus Stretch Warna Kuning Size 27-38 Nyaman Stylish Desain Modern Cocok untuk Berbagai, panjang 88-90cm",Rp131.999,131999.0
celana-pria,NORON - Celana Pendek Boardshort Santai Baby Terry Unfinished Broken White,Rp88.999,88999.0
celana-pria,NORON - Celana Pendek Pria Boardshort Santai Baby Terry Unfinish Black,Rp88.999,88999.0
celana-pria,Cardinal Celana Panjang Chinos Slim Fit Pria F4093BK04D,Rp259.500,259500.0
celana-pria,Long pants Cargo Krem HEMMEH,Rp560.000,560000.0
celana-pria,Moxie Boardshort Short Pants Grey,Rp91.800,91800.0
celana-pria,Celana Bahan Panjang Kantor Pria Formal Slim Fit Stretch Nyaman Semi Kerja Casual Warna Putih Abu Muda Navy Cream Hitam Abu Tua Coklat Tua,Rp95.999,95999.0
celana-pria,Artch - Go Arfa All Varian - Boardshort Celana Pendek,Rp120.000,120000.0
celana-pria,Celana Panjang Chinos Straight Slim Pria Cardinal C0054BK04D,Rp413.000,413000.0
celana-pria,Geje Apparel Celana Chino pendek Shortpant,Rp65.000,65000.0
celana-pria,Executive Basic Slim Fit Casual Pants 1-LPIBSC525O154 DARK GREY,Rp386.910,386910.0
celana-pria,STARCROSS Ripstop Pants - LP RS 101 - Olive,Rp250.800,250800.0
celana-pria,"ROXXYQI90STYLE Celana Panjang Chino Pria Ankle Pants Slim Fit Bahan Saten Stronus Stretch Warna Kuning Size 27-38 Nyaman Stylish Desain Modern Cocok untuk Berbagai, panjang 88-90cm",Rp131.999,131999.0
celana-pria,Moxie Colton Corduroy Pants - Light Brown,Rp175.800,175800.0
celana-pria,Cardinal Celana Panjang Chinos Slim Fit Pria F4093BK04D,Rp259.500,259500.0
celana-pria,MC WISCER - Celana Jeans Pendek Pria Ripped Wash Black 129A,Rp220.000,220000.0
celana-pria,NORON - Celana Pendek Boardshort Santai Baby Terry Unfinished Broken White,Rp88.999,88999.0
celana-pria,NORON - Celana Pendek Pria Boardshort Santai Baby Terry Unfinish Black,Rp88.999,88999.0
celana-pria,Cardinal Celana Panjang Formal Regular Fit Pria F0255BK02H,Rp249.500,249500.0
celana-pria,Fertig - Autre Carbon/Frost Board Short -Celana Pendek Pria Parasut Crinkle Casual Lightweight,Rp151.800,151800.0
celana-pria,Cardinal Celana Pendek Bermuda Pria E0728BK04E,Rp279.000,279000.0
celana-pria,Capmart Celana Panjang Formal Pria Crinkle Nylon Drawstring C030124 Hitam,Rp199.500,199500.0
celana-pria,Breakside Jogger Pants Hazel - Black Celana Panjang Pria,Rp193.800,193800.0
celana-pria,Celana Cargo Panjang Pruia Mocca - Celama PDL Pria,Rp149.000,149000.0
celana-pria,Dobujack Boardshort Gatlin Soft Olive,Rp95.000,95000.0
celana-pria,Jaket Hoodie Marvell Apollo Print Poly Orange,Rp220.000,220000.0
celana-pria,Cardinal Celana Panjang Chinos Regular Fit Pria F2048BK04C,Rp269.500,269500.0
celana-pria,Cardinal Celana Panjang Kargo GI Pria Big Size E0582C03H,Rp489.500,489500.0
celana-pria,CARDINAL CASUAL CELANA BERMUDA SLIM 11 (COKLAT),Rp294.000,294000.0
celana-pria,Hush Puppies Celana Pendek Pria MORGI Black,Rp359.500,359500.0
celana-pria,OCWA TREY FLARE PANTS BLACK MEN,Rp529.900,529900.0
celana-pria,SPORTYTO Celana Training Pria Jogger Sport Gym Running Celana Olahraga Pria Training Pants Sport,Rp130.625,130625.0
celana-pria,DICKIES-WP873 Slim Straight Fit Work Pant-CH,Rp940.000,940000.0
celana-pria,Celana- CARGO Short Pants celana panjang Pria Katun,Rp90.000,90000.0
celana-pria,LGS - Celana Panjang Chinos Pria Warna Coklat CCT.500.037.009.C,Rp279.950,279950.0
celana-pria,LGS - Celana Chinos Panjang Pria Coklat CCT.500.037.002.C,Rp279.950,279950.0
celana-pria,Moward - Boxer Cotton Saku | Celana Pendek | Unisex | MWBSKU07 Black,Rp55.000,55000.0
celana-pria,Cardinal Celana Panjang Formal Pria F4007F02H,Rp391.500,391500.0
celana-pria,Cardinal Celana Panjang Pria E0825BK03F,Rp309.000,309000.0
celana-pria,FICHINO Chino Short Pants Venus Light Brown - Miami Series - Non Stretch,Rp125.000,125000.0
celana-pria,M.Gee Celana Panjang Pria Dewasa Chino Mgee Vincent C019 Navy,Rp478.800,478800.0
celana-pria,Erspo 2025 Tactical Pants Zipper Pocket Khaki,Rp374.500,374500.0
celana-pria,Cardinal Celana Pendek Bermuda Pria Big Size C0290C18A,Rp275.000,275000.0
celana-pria,Cardinal Celana Panjang Chinos Pria E0370BK04C,Rp412.500,412500.0
celana-pria,Celana Cargo Stretch Mahameru C02-TS 01 untuk Pria - Fit Twill Panjang Harian,Rp321.750,321750.0
celana-pria,IOK Celana Pendek Pria Oversize Pants Casual Hitam Lembut Nyaman Bernapas Celana Pinggang Tinggi High Waist Pants (CP002),Rp120.000,120000.0
celana-pria,CELANA FRIDAY KILLER | ARSENE CREAM Panjang,Rp365.000,365000.0
celana-pria,Coop Design - Chinoze Celana Chino Pants Reguler Stretch Panjang Premium Pria ( New Versi ),Rp219.900,219900.0
celana-pria,RBJ Celana Pendek Karet Cargo Printing Pria,Rp129.000,129000.0
celana-pria,XLUNO Chino Short Pants Khaki Celana Pendek Pria Jumbo Big Size,Rp249.000,249000.0
celana-pria,Cardinal Celana Panjang Pria E0861BK01A,Rp344.500,344500.0
celana-pria,Cardinal Celana Pendek Bermuda Slim Fit Pria E0613BK01B,Rp342.500,342500.0
celana-pria,Celana Pendek Pria RIB Boardshort GARIS GARIS Putih Hitam Polos Series Sportwear Beachwell Bali Fit Nyaman,Rp280.000,280000.0
celana-pria,Livehaf - Tapered Flex Shorts Beige,Rp159.800,159800.0
celana-pria,Cardinal Celana Pendek Bermuda Pria E0192BK04F,Rp304.500,304500.0
celana-pria,Celana Cargo Panjang Pants Black Outdoor Celana Dewasa Activity Celana Sporty,Rp154.000,154000.0
celana-pria,SSST Rover Celana Panjang Cargo Olive,Rp343.200,343200.0
celana-pria,Familias - Boardshort - Vice Gr,Rp225.000,225000.0
celana-pria,Dobujack Track Pants Chiba Black,Rp185.000,185000.0
celana-pria,DOCKERS Signature Stain Def Straight - A5210-0003,Rp449.500,449500.0
celana-pria,"Atalon Utility Long Cargo Pants - Celana Panjang Cargo, Celana Cargo, Cargo Pants",Rp439.000,439000.0
celana-pria,Celana Pendek Olahraga Pria Wanita Training Santai Basketball - Swish And Swirl Shorts,Rp499.000,499000.0
celana-pria,Cardinal Celana Panjang Pria E0906BK01E,Rp496.500,496500.0
celana-pria,Xellano Celana Kantor Pria Slimfit Warna Abu Dean Bahan Kain Smokey Grey Jumbo 28-38,Rp200.000,200000.0
celana-pria,TRIPLE Celana Pendek Denim (362 848 01 BWB),Rp339.000,339000.0
celana-pria,RBJ Celana Cargo Panjang Regular Fit Cotton Premium Pria,Rp269.000,269000.0
celana-pria,ARR SANJAYA Celana Pendek Unisex Linen Cotton Premium - LC08,Rp196.000,196000.0
celana-pria,ARR SANJAYA Celana Pendek Slim Linen Cotton Premium Unisex Pria Wanita Kain Nyaman Lembut Casual Santai Shorts Slimfit Basic Pant Dewasa Kuat Sejuk Anti Bakteri Modern Japanese Zen,Rp217.000,217000.0
celana-pria,Celana Pendek Linen Pria Bermuda Warna Hijau Army by REMEDY - Midnight Green Linen Shorts,Rp389.000,389000.0
celana-pria,Long pants Cargo Krem HEMMEH,Rp560.000,560000.0
celana-pria,Moxie Boardshort Short Pants Grey,Rp91.800,91800.0
celana-pria,Celana Bahan Panjang Kantor Pria Formal Slim Fit Stretch Nyaman Semi Kerja Casual Warna Putih Abu Muda Navy Cream Hitam Abu Tua Coklat Tua,Rp95.999,95999.0
celana-pria,Artch - Go Arfa All Varian - Boardshort Celana Pendek,Rp120.000,120000.0
celana-pria,Celana Panjang Chinos Straight Slim Pria Cardinal C0054BK04D,Rp413.000,413000.0
celana-pria,Celana Pendek Boardshort Shortpants Black Fleece Strees Side Skull,Rp49.900,49900.0
celana-pria,Dickies Celana Pria Loose Fit Double Knee Pants 85-283 Twill Hitam Stretch Ankle Casual Waist Hitam,Rp1.160.000,1160000.0
celana-pria,NORTHRE Short Pants Celso Cotton Fleece Tosca NTbasic,Rp77.900,77900.0
celana-pria,celana formal pria angkle pants slimfit | premium | casual | celana bahan,Rp89.460,89460.0
celana-pria,CELANA PENDEK PRIA CASUAL FRIDAY KILLER | LEO BS BROWN,Rp249.100,249100.0
celana-pria,Cardinal Celana Panjang Chinos Skinny Pria F2038BK03E,Rp363.500,363500.0
celana-pria,CDL Celana Panjang Formal Slim Fit Pria I0163BK01A,Rp245.000,245000.0
celana-pria,Shadow Celana Bahan Sopan Ankle Pants Light Grey WSA01B,Rp229.000,229000.0
celana-pria,Cardinal Celana Panjang Chinos Skinny Pria Big Size E0120C03H,Rp426.500,426500.0
celana-pria,LGS - Celana Chino Pendek - Coklat - Motif Polos - Regular Fit - CSP.777P.001.984.C,Rp227.000,227000.0
celana-pria,Cardinal Celana Pendek Bermuda Pria E0192BK04F,Rp304.500,304500.0
celana-pria,Celana Cargo Panjang Pants Black Outdoor Celana Dewasa Activity Celana Sporty,Rp154.000,154000.0
celana-pria,SSST Rover Celana Panjang Cargo Olive,Rp343.200,343200.0
celana-pria,RBJ Celana Pendek Karet Cargo Printing Pria,Rp129.000,129000.0
celana-pria,Cardinal Celana Panjang Pria E0861BK01A,Rp344.500,344500.0
celana-pria,Cardinal Celana Pendek Bermuda Slim Fit Pria E0613BK01B,Rp342.500,342500.0
celana-pria,XLUNO Chino Short Pants Khaki Celana Pendek Pria Jumbo Big Size,Rp249.000,249000.0
celana-pria,Familias - Boardshort - Vice Gr,Rp225.000,225000.0
celana-pria,Celana Pendek Pria RIB Boardshort GARIS GARIS Putih Hitam Polos Series Sportwear Beachwell Bali Fit Nyaman,Rp280.000,280000.0
celana-pria,Livehaf - Tapered Flex Shorts Beige,Rp159.800,159800.0
celana-pria,Celana Pendek Linen Pria Bermuda Warna Hijau Army by REMEDY - Midnight Green Linen Shorts,Rp389.000,389000.0
celana-pria,Kasual Celana Grey Smart Waist Ankle Pant Stretch,Rp239.000,239000.0
celana-pria,RBJ Celana Cargo Panjang Regular Fit Cotton Premium Pria,Rp269.000,269000.0
celana-pria,TRIPLE Celana Pendek Denim (362 848 01 BWB),Rp339.000,339000.0
celana-pria,Xellano Celana Kantor Pria Slimfit Warna Abu Dean Bahan Kain Smokey Grey Jumbo 28-38,Rp200.000,200000.0
celana-pria,ARR SANJAYA Celana Pendek Unisex Linen Cotton Premium - LC08,Rp196.000,196000.0
celana-pria,ARR SANJAYA Celana Pendek Slim Linen Cotton Premium Unisex Pria Wanita Kain Nyaman Lembut Casual Santai Shorts Slimfit Basic Pant Dewasa Kuat Sejuk Anti Bakteri Modern Japanese Zen,Rp217.000,217000.0
celana-pria,Cardinal Celana Panjang Chinos Skinny Pria F2046BK03F,Rp229.000,229000.0
celana-pria,Dobujack Track Pants Chiba Black,Rp185.000,185000.0
celana-pria,DOCKERS Signature Stain Def Straight - A5210-0003,Rp449.500,449500.0
celana-pria,TROUSARY - CELANA CHINO PANJANG MODEL WORKPANTS SIZE S SAMPAI 5XL LOOSE REGULER FIT,Rp224.250,224250.0
celana-pria,TROUSARY CELANA CARGO PENDEK SIZE S SAMPAI 5XL BAHAN AMERICAN TWILL PREMIUM,Rp219.000,219000.0
celana-pria,Celana Pendek Golf Casual Stylish Polyester Dryfit SP-01 Birdie,Rp331.550,331550.0
celana-pria,Erigo Bundling Paket Hemat Five Pocket Pants Xavi Dark Brown + Xever Dark Grey Unisex,Rp598.000,598000.0
celana-pria,Monochrome Celana Pendek Pria Cotton Linen Short Pants Santai Linen Shorty Series,Rp129.000,129000.0
celana-pria,Frasser Celana Training Joger Zipper Pria Wanita Jogger Olahraga Trening Panjang Running Sweatpants Premium Seragam Gerak Jalan Original CLTRNW 01,Rp45.900,45900.0
celana-pria,Celana Pendek Chino | Chinos Warna MOCCA Cinos Pria / Cowok Distro Kualitas Premium,Rp63.000,63000.0
celana-pria,OCWA LJ SHORT PANTS BLACK MEN,Rp399.900,399900.0
celana-pria,Celana Pendek Olahraga Pria Basketball Athletic Listed Short SageGreen,Rp389.000,389000.0
celana-pria,Celana Pendek Olahraga Pria Wanita Training Santai Basketball - Rated Shorts,Rp350.100,350100.0
celana-pria,Celana Pendek Olahraga Pria Wanita Training Santai Basketball - On The Go Black Shorts,Rp349.000,349000.0
celana-pria,Celana Pendek Pria Wanita Lari Running Semi Stretch Hikemore Satnav Premium,Rp169.000,169000.0
celana-pria,Celana Pendek Olahraga Pria Wanita Training Santai Basketball - Swish And Swirl Shorts,Rp499.000,499000.0
celana-pria,Cardinal Celana Panjang Pria E0906BK01E,Rp496.500,496500.0
celana-pria,MANZONE - Celana Pendek Bermuda Pria Danny 03 Slim Fit - Olive,Rp259.900,259900.0
celana-pria,RIGI Celana Panjang Celana Running Pria Quick Dry Celana Outdoor Celana Outdoor Stretch Pants DASH,Rp189.000,189000.0
celana-pria,CDL Celana Panjang Pria J0268BK04E,Rp316.000,316000.0
celana-pria,Long Cargo Blast Black NVSR,Rp165.000,165000.0
celana-pria,celana chino panjang pria abu - celana formal slimfit,Rp129.000,129000.0
celana-pria,The Don's House CASTILY ROCK - Celana Panjang Bahan Semi Wol Stripe Loose Fit Pria Wanita,Rp265.000,265000.0
celana-pria,MANZONE Celana Pendek Bermuda Pria RENDER-NA - NAVY,Rp169.900,169900.0
celana-pria,Cardinal Celana Kargo Alter Ankle Length Pria EL001BK06E,Rp304.500,304500.0
celana-pria,Aos Knit Celana Pendek Pria 123402167,Rp129.900,129900.0
celana-pria,Lawell Celana Panjang Pria Formal Kerja Regular Fit krem - Formal Long Pants Begie| RUPERT-R,Rp299.900,299900.0
celana-pria,VENGOZ Celana Pria Regular Fit Pedro Trousers - Khaki,Rp349.000,349000.0
celana-pria,Delibra Celana Chino Premium Khaki,Rp165.300,165300.0
celana-pria,Frasser Celana Training Joger Zipper Pria Wanita Jogger Olahraga Trening Panjang Running Sweatpants Premium Original CLTRN 10,Rp319.500,319500.0
celana-pria,HEIJI - High Comfort Flares-Support,Rp226.900,226900.0
celana-pria,MILLS Celana Training Tyson Long Pant 1.0 41001,Rp399.000,399000.0
celana-pria,Breakside Cargo Pants Royal Netral - Dark Grey,Rp195.000,195000.0
celana-pria,Voust Loose Pants Nylon Cringkle Onax | Celana Gorpcore Pria Wanita Ankle Slim,Rp109.000,109000.0
celana-pria,BOYSCODE Celana Pendek Chino Pria Short Pants Mocca Premium,Rp93.500,93500.0
celana-pria,Celana Panjang Chinos Straight Slim Pria Cardinal C0054BK04D,Rp413.000,413000.0
celana-pria,Superego Baggy Relaxed Cargo Corduroy Pants Brown BCC01C Unisex,Rp264.500,264500.0
celana-pria,Celana Bahan Panjang Kantor Pria Formal Slim Fit Stretch Nyaman Semi Kerja Casual Warna Putih Abu Muda Navy Cream Hitam Abu Tua Coklat Tua,Rp95.999,95999.0
celana-pria,CDL Celana Panjang Pria J0268BK04E,Rp316.000,316000.0
celana-pria,Hanoon Industries – Chino Pants Twill Celana Panjang Pria Work Pants Khaki Jaunt,Rp197.400,197400.0
celana-pria,Cardinal Celana Kargo Alter Ankle Length Pria EL001BK06E,Rp304.500,304500.0
celana-pria,Aos Knit Celana Pendek Pria 123402167,Rp129.900,129900.0
celana-pria,CDL Celana Panjang Chinos Pria J0175BK01C,Rp295.000,295000.0
celana-pria,MANZONE - Celana Panjang Formal Pria Marc 03 Slim Fit - Navy,Rp359.900,359900.0
celana-pria,LGS - Celana Casual Pria - Chinos - Stretch - Coklat Gelap - CCT.559.S048.A05.C,Rp299.950,299950.0
celana-pria,Wrangler Short Pants Regular SRTTX 01A25,Rp300.930,300930.0
celana-pria,Cardinal Celana Panjang Kargo GI Slim Fit Pria E0093BK03E,Rp462.000,462000.0
celana-pria,TRIPLE Celana Pendek Denim (362 848 01 BWA),Rp339.000,339000.0
celana-pria,Cardinal Celana Panjang Pria E0830BK03B,Rp309.000,309000.0
celana-pria,Ackermann - Celana Panjang Pria Chino Slim Fit Premium Stretch Casual Formal,Rp129.000,129000.0
celana-pria,OYLEN Boardshort Kargo Celana Pendek Kasual Premium PROMO 3 PCS Soft Fleece 280 Gsm Celana Santai Pria Stylish,Rp60.900,60900.0
celana-pria,Troy Company Long Cargo Pants Black Ronin - Celana Panjang Cargo Hitam LCT 3343,Rp167.900,167900.0
celana-pria,SSST Roamer Celana Panjang Grey,Rp423.200,423200.0
celana-pria,WOOD Tapered Slim Fit Textured Pants 2-OPILXC126C043 BEIGE,Rp449.900,449900.0
celana-pria,TENUE Celana Pendek - Off-Grid Ripstop - Olive,Rp219.887,219887.0
celana-pria,Cardinal Celana Panjang Alter Kargo GI Skinny Pria EL005BK05D,Rp349.000,349000.0
celana-pria,Ackermann - Best Seller Celana Chino Pria Reguler Fit | Wajib Punya Pria Dewasa,Rp137.000,137000.0
celana-pria,Rhodey Pemendek Celana Self Adhesive Pants Shorten Paste Iron 1M - L-103,Rp9.900,9900.0
celana-pria,"SmartCasual Set 6: Kemeja Panjang Slimfit, Celana Formal Slimfit, Belt",Rp410.000,410000.0
celana-pria,DGM Fashion Celana Tartan Pria Celana Panjang Pria 1506,Rp149.000,149000.0
celana-pria,SSST Ranger Celana Kargo Panjang All Colour,Rp439.200,439200.0
celana-pria,Mahameru Celana Cargo Army Pria Celana Cargo Camo Unisex Outdoor Material Cotton Ripstop Tahan Goresan Serangga Dilengkapi Saku Ergonomis Gusset Belakang,Rp215.000,215000.0
celana-pria,MOC - Celana Panjang Chinos Pria Zoe - Olive,Rp299.900,299900.0
celana-pria,Celana Panjang Pria Cartenz Tactical Magnetic,Rp745.000,745000.0
celana-pria,Celana Pria Chino Panjang Cinos Premium Original,Rp179.000,179000.0
celana-pria,Madless Celana Panjang | Pants Cor 3,Rp139.000,139000.0
celana-pria,Civity Celana Cargo Panjang Pria Original Slim Fit Stretch Cream,Rp189.000,189000.0
celana-pria,Rhaja.co - Celana Pendek Boardshort Pria Despo Nyaman Lembut,Rp39.900,39900.0
celana-pria,Okechuku KENJO Celana Cargo Hypebeast Streetwear Style Cargo Pant Pria,Rp149.900,149900.0
celana-pria,celana bahan flece tebal celpen celana santai celan jersey celana pantai celpen distro celana distro batle-ikemen.id Fit Kantong Karet Shorts,Rp36.750,36750.0
celana-pria,WHSTL. Celana pendek - Fraser #4 Blue,Rp49.000,49000.0
celana-pria,Cardinal Celana Panjang Chinos Skinny Pria C0058BK01A,Rp384.500,384500.0
celana-pria,Obermain Pakaian Dalam Pria KNIT BRIEF OB COVER Gray / Blue OMZ22021GY,Rp154.630,154630.0
celana-pria,KAMB Celana Pendek Olahraga Pria 4 Kantong Bahan Elastis & Cepat Kering,Rp129.000,129000.0
celana-pria,Cardinal Celana Pendek Bermuda Pria F0206BK02A,Rp328.500,328500.0
celana-pria,Celana Dalam Trunk Pria Cardinal V0021L11A,Rp135.000,135000.0
celana-pria,Giordano Cotton Twill Shorts Pria Signature Navy,Rp429.000,429000.0
celana-pria,Livehaf - Chill Ease Shorts Latte,Rp139.900,139900.0
celana-pria,Emba Classic - Iron Celana Panjang Pria Cargo Collection,Rp364.900,364900.0
celana-pria,CDL Celana Pendek Bermuda Slim Fit Pria J0194BK03H By Cardinal,Rp225.000,225000.0
celana-pria,Breakside Long Pants Cargo Baggy Mane - Black Celana panjang Pria,Rp215.000,215000.0
celana-pria,Cardinal Celana Panjang Pria Big Size C0862C04D,Rp461.500,461500.0
celana-pria,Benidson Celana Panjang Long Pants Corduroy Abu-Abu Muda,Rp185.000,185000.0
celana-pria,The Don's House KIRA BLACK - Celana Pendek Nilon Polos Pria Wanita,Rp115.000,115000.0
celana-pria,GOODETHICS - Alter Wide Pants Pria / Celana Bahan Losse,Rp188.370,188370.0
celana-pria,EXECUTIVE Slim Fit Basic Formal Pants 1-LPIBSC525O235 Lt. Grey,Rp341.910,341910.0
celana-pria,"EXECUTIVE Regular Fit 7"" Drawstring Shorts 1-SPRCRT225I344 Black",Rp169.915,169915.0
celana-pria,Jack Nicklaus Bridgeston Celana Panjang Pria Slim Fit Navy,Rp383.600,383600.0
celana-pria,Colourspace Short Pants Reign Black,Rp180.000,180000.0
celana-pria,Moward - Boxer Cotton MWB055 Maroon | Celana pendek shorts pria,Rp49.000,49000.0
celana-pria,Moward - Boxer Cotton Saku | Celana Pendek | Unisex | MWBSKU02 Black,Rp55.000,55000.0
celana-pria,OOTDSUPPLY Short Pants Cargo Twill Stitch l Celana Cargo Pendek Pria | CGTBLK,Rp125.000,125000.0
celana-pria,CELANA PENDEK VANS OFF THE WALL | AUTHENTIC RELAXED SHORT DIRT,Rp1.150.720,1150720.0
celana-pria,Celana Pendek Pria Broadshort Pants Putih,Rp99.000,99000.0
celana-pria,Emoline Celana Kerja Formal - Celana Panjang Biru Dongker Pria,Rp181.000,181000.0
celana-pria,Kab. Banyumas,Rp349.000,349000.0
celana-pria,EIGER TALA ANKLE PANTS CELANA,Rp499.000,499000.0
celana-pria,Higend - Cargo Pants Ripstop Olive - Celana Cargo Panjang Ripstop Pria & Wanita,Rp224.000,224000.0
celana-pria,Voust Loose Pants Nylon Cringkle Onax | Celana Gorpcore Pria Wanita Ankle Slim,Rp109.000,109000.0
celana-pria,BOYSCODE Celana Pendek Chino Pria Short Pants Mocca Premium,Rp93.500,93500.0
celana-pria,Celana Panjang Chinos Straight Slim Pria Cardinal C0054BK04D,Rp413.000,413000.0
celana-pria,Superego Baggy Relaxed Cargo Corduroy Pants Brown BCC01C Unisex,Rp264.500,264500.0
celana-pria,Celana Bahan Panjang Kantor Pria Formal Slim Fit Stretch Nyaman Semi Kerja Casual Warna Putih Abu Muda Navy Cream Hitam Abu Tua Coklat Tua,Rp95.999,95999.0
celana-pria,Evermen Slim Fit Ankle Pants Pria Formal Celana Bahan Adem & Jatuh Anti Kusut Cocok untuk Kerja dan Acara Formal Hitam Kain Katun Lembut Melar,Rp89.200,89200.0
celana-pria,Cargo Joger Dewasa Uniquee,Rp278.000,278000.0
celana-pria,Emoline Jogger Pants Mocca – Celana Jogger Panjang Mocca Sport Joger Sport Joger,Rp181.000,181000.0
celana-pria,Celana Pendek Boardshort Shortpants Black Fleece Strees,Rp49.900,49900.0
celana-pria,Cardinal Celana Panjang Pria E0971BK02H,Rp419.500,419500.0
celana-pria,Cardinal Celana Fashion Relax Pria C0034F03E,Rp468.500,468500.0
celana-pria,LGS - Celana Panjang Chinos - Double Pocket - Abu-Abu - Regular Fit - CCT.567.S040.007.C,Rp314.950,314950.0
celana-pria,Decathlon INESIS Celana Panjang Golf Pria WW500 Hitam - 8732535,Rp825.000,825000.0
celana-pria,NZL - Celana Kerja Kantor Pria Reguler - Celana Bahan Pria Formal - Basic Twist Pants,Rp139.900,139900.0
celana-pria,Celana Pendek Pria Celana Cargo Polos Warna Hitam CS045,Rp89.000,89000.0
celana-pria,Metaphores Cargo Short Dark Green,Rp166.900,166900.0
celana-pria,POLICE Celana Chino Pendek Cotton Premium Regular Fit Pria,Rp199.000,199000.0
celana-pria,CDL Celana Panjang Pria J0258BK06F,Rp275.000,275000.0
celana-pria,Celana Panjang Cargo Kalibre Vanderton 980962,Rp450.000,450000.0
celana-pria,Gozeal | Workpants - Brixton | Celana Panjang Casual | Pria Wanita Unisex,Rp299.999,299999.0
celana-pria,Obermain Celana Pria EDWIN Gray OPH25017GY,Rp535.330,535330.0
celana-pria,Cardinal Celana Panjang Pria E0920BK04C,Rp309.500,309500.0
celana-pria,Emba Classic - Prestige Celana Panjang Pria Officer Slim Fit,Rp314.900,314900.0
celana-pria,Insurgent Club - AFS Cargo Pants Black,Rp399.000,399000.0
celana-pria,Cardinal Celana Panjang Chinos Slim Fit Pria E0266BK06G,Rp294.500,294500.0
celana-pria,FOLX Active ABC Classic Fit Long Pants,Rp465.460,465460.0
celana-pria,Ackermann - Jeans Pria Regular Fit Kekinian | Celana Cowok Wajib Punya,Rp160.000,160000.0
celana-pria,KUZI PROJECT - Celana Pendek Nylon - Delta - Black - Boardshort - Reguler fit,Rp74.999,74999.0
celana-pria,POLICE Celana Pendek Cargo parasut Kantong Zipper Regular Fit Pria,Rp199.000,199000.0
celana-pria,GRACIOUSTYLE - Celana Outdoor Hiking Cargo Trackpants Celana Sport Panjang Cargo Parasut Casual Olahraga Unisex,Rp131.000,131000.0
celana-pria,Zou9 - Celana Panjang Olahraga / Jogger Olahraga Slim,Rp105.000,105000.0
celana-pria,EVERNEXT APPAREL - Celana Chino Short Pants Slimfit Kerja Kantoran Chino Pendek Santai Big Size Celana Chino Pendek Pria,Rp149.000,149000.0
celana-pria,Kasual Celana Ankle Pearl Grey Smart Waist,Rp239.000,239000.0
celana-pria,VOLCOM MLP FRICKIN MODERN STRETCH PANTS KHAKI,Rp995.000,995000.0
celana-pria,Dickies WP818 Slim Fit Work Pant Celana Pria Casual,Rp940.000,940000.0
celana-pria,Cardinal Celana Panjang Pria E0748BK03F,Rp259.000,259000.0
celana-pria,MANZONE - Celana Pendek Bermuda Pria Xak 5 Slim Fit - Black,Rp203.932,203932.0
celana-pria,DICKIES-WP811 Skinny Fit Straight Double Knee,Rp940.000,940000.0
celana-pria,NVSR Long Cargo Tactical Street Pants — Vanguard Grey | Cargo Tactical Abu,Rp187.000,187000.0
celana-pria,Celana Bahan Panjang Kantor Formal Slim Fit Pria Kerja Warna Putih,Rp95.999,95999.0
celana-pria,Heyfreak Longpants Cargo Lontas,Rp199.000,199000.0
celana-pria,NZL - Celana Jeans Pendek Polos Basic Fit Pria,Rp89.900,89900.0
celana-pria,House of Smith Pants Vanguard Fatigue Pants - Celana Fatigue Pants,Rp325.000,325000.0
celana-pria,Barley Division Bold Cream Boardshort,Rp140.000,140000.0
celana-pria,RBJ Celana Chino Panjang Cotton Premium Regular Fit Pria,Rp249.000,249000.0
celana-pria,Decathlon Quechua Celana Pendek Mendaki Pria Nh500 - Abu Gelap - 8644361,Rp648.000,648000.0
celana-pria,Deus Ex Machina Indonesia - Imperial Pant,Rp1.480.000,1480000.0
celana-pria,BAPIN Nerro Celana Ankle Pants Pria Sandstone Slim Fit Kain Twill Stretch Nyaman,Rp179.900,179900.0
celana-pria,MxM Nevada Celana Pendek Chinnos Pria 122914204,Rp100.000,100000.0
celana-pria,Cardinal Celana Panjang Formal Slim Fit Pria F0466BK02E,Rp349.500,349500.0
celana-pria,KUZI PROJECT - Celana Pendek - Ofelia - Black - Motif 1 - Parasut - Boardshort - Celana Pendek Unisex Terbaru - Reguler fit,Rp79.999,79999.0
celana-pria,OCWA X VEDECI KENDRICK FLARE TRACK PANTS BEIGE CREAM MEN,Rp519.900,519900.0
celana-pria,QUADRANT Celana Boardshort Pria Annara Black Jumbo Celana Pendek Cowok,Rp100.000,100000.0
celana-pria,Cardinal Celana Pendek Bermuda Pria E0029BK04E,Rp377.500,377500.0
celana-pria,OYLEN Celana Pendek Unisex Celana Pendek Pria Pinggang Karet Bahan Fleece Celana Pendek Kekinian Shortpants Distro,Rp63.050,63050.0
celana-pria,Hush Puppies Celana Pria OHASHI Khaki,Rp649.200,649200.0
celana-pria,LARUSSO - Commuter Pants AirPro - Medium Grey,Rp339.900,339900.0
celana-pria,Celana PDL Pria Astralis New Arei Outdoorgear Outdoor,Rp399.000,399000.0
celana-pria,Cardinal Celana Panjang Pria E0800BK03I,Rp279.000,279000.0
celana-pria,Cardinal Celana Panjang Skinny Pria E0117BK04A,Rp309.000,309000.0
celana-pria,Cardinal Celana Panjang Formal Semi Baggy Pria C8675BK05,Rp377.500,377500.0
celana-pria,Cardinal Celana Panjang Pria E0863BK04A,Rp309.000,309000.0
celana-pria,Cardinal Celana Panjang Pria C0884BK03G,Rp440.500,440500.0
celana-pria,Celana Pendek Pria LINEN KATUN Canggu Series warna ABU ABU Beachwell,Rp189.000,189000.0
celana-pria,Wellborn. Glare Short Track Pants Black.,Rp260.000,260000.0
celana-pria,Superego Baggy Relaxed Cargo Corduroy Pants Brown BCC01C Unisex,Rp264.500,264500.0
celana-pria,Hush Puppies Celana Panjang Pria TOSHI Black,Rp409.500,409500.0
celana-pria,Cardinal Celana Pendek Bermuda Slim Fit Pria C0316BK15A,Rp348.900,348900.0
celana-pria,CDL Celana Pendek Bermuda Slim Fit Pria J0201BK12E,Rp225.000,225000.0
celana-pria,Celana Bahan Panjang Kantor Pria Formal Slim Fit Stretch Nyaman Semi Kerja Casual Warna Putih Abu Muda Navy Cream Hitam Abu Tua Coklat Tua,Rp95.999,95999.0
celana-pria,LGS - Celana Casual - Celana Pendek Chinos - Coklat - Regular Fit - CSS.777.013.659.C,Rp227.000,227000.0
celana-pria,POLICE Celana Chino Panjang V Pocket Cotton Premium Stretch Pria,Rp298.000,298000.0
celana-pria,Swarna Tactical - Vanguard Pants - Celana Tactical Pria Panjang Standar Militer Anti Lecek 8 Kantong Water Repellent,Rp480.000,480000.0
celana-pria,3Second Celana Pendek Pria Regular Fit Polyester Sporty Noid HP-C021225,Rp197.100,197100.0
celana-pria,Cole Woven Slim Celana Panjang Chinos Pria 123312442,Rp197.900,197900.0
celana-pria,ERMOP Celana Boardshort Pendek Pria Polos Casual Matt Micro Suede,Rp45.000,45000.0
celana-pria,Johnwin - Celana Formal - Celana Pria - Hitam - Polyester - Slim Fit - F.996.010.110.C,Rp399.350,399350.0
celana-pria,Kale Clint Short Pants Cotton Twill Stretch Chinos,Rp215.000,215000.0
celana-pria,Trousary Celana Cargo Mocca/ Celana Cargo Model Loose Reguler Fit Bahan American Twill,Rp204.000,204000.0
celana-pria,TROUSARY CELANA CARGO PENDEK BAHAN AMERICAN TWILL PREMIUM,Rp219.000,219000.0
celana-pria,Hammerstout - Fadh - Barrel Pants,Rp344.400,344400.0
celana-pria,Cardinal Celana Panjang Chinos Skinny Pria F4046BK01D,Rp349.500,349500.0
celana-pria,MOC Celana Panjang Chinos Pria Reguler Fit HARRINGTON - Dark Grey,Rp199.000,199000.0
celana-pria,LINKSWEAR Celana Chino Stretch Casual Chino Panjang Pria Cream Slim Fit Lembut Kantong Twill,Rp235.000,235000.0
celana-pria,Celana BIG Size Tactical Blackhawk Gen. v2 Ripstop Kualitas Terbaik,Rp285.000,285000.0
celana-pria,Cardinal Celana Panjang Straight Cut Pria E0832BK04D,Rp279.000,279000.0
celana-pria,LGS - Celana Casual Pria - Regular Fit - Krem - CCT.563.S050.001.C,Rp389.935,389935.0
celana-pria,REMEDY | Uluwatu Celana Panjang Linen Pria Putih | Linen Long Pants Men White,Rp489.000,489000.0
celana-pria,KUZI PROJECT - Celana Pendek Nylon - Summer - Black - Boardshort - Reguler fit,Rp84.777,84777.0
celana-pria,Cardinal Celana Panjang Pria E0755BK01C,Rp409.500,409500.0
celana-pria,Gloaming Celana Barrel Twill Baggy Unisex Black,Rp217.900,217900.0
celana-pria,CDL Celana Panjang Chinos Slim Fit Pria J0029BK04C,Rp275.000,275000.0
celana-pria,EQUINE STORE Celana Carpenter Pants Best Quality,Rp259.000,259000.0
celana-pria,RBJ Celana Karet Cargo Pria,Rp99.000,99000.0
celana-pria,CDL By Cardinal Celana Panjang Sopan 4 (Abu-abu),Rp255.000,255000.0
celana-pria,Erspo 2025 Tactical Pants Falp Pocket Hazelnut,Rp374.500,374500.0
celana-pria,Owngrace Celana Pria Saku Ritsleting Celana Cepat Kering Panjang Ice Silk Fabric Elastisitas Pants,Rp129.000,129000.0
celana-pria,LGS - Celana Panjang Casual - Double Pocket - Coklat Tua - Regular Fit - CCT.354.027.674.C,Rp249.950,249950.0
celana-pria,Levi's® Men's Carrier Cargo Shorts (001KG-0009),Rp494.910,494910.0
celana-pria,Cardinal Celana Pendek Bermuda Pria E0026BK04B,Rp377.500,377500.0
celana-pria,Opelon Bike Short - Black,Rp179.500,179500.0
celana-pria,StayCool SuppleCool Costra Boxer Briefs Celana Dalam,Rp169.000,169000.0
celana-pria,Metaphores Cargo Short Pants Celana Pendek Grey,Rp166.900,166900.0
celana-pria,2 SET StayCool SuppleCool Pleasure Shark Boxer Briefs Celana Dalam,Rp299.000,299000.0
celana-pria,KAMB Celana Pendek saku resleting Kamuflase Hitam Hijau Dewasa Pria,Rp126.000,126000.0
celana-pria,AMK Celana Pendek Pria SP Callisto Black,Rp169.000,169000.0
celana-pria,LGS - Regular Chinos Army - Motif full - CCP.495.417.002.C,Rp264.950,264950.0
celana-pria,Celana Pendek Pria | Katun Twill Stretch | JB Shorts Cargo Grey,Rp199.000,199000.0
celana-pria,Celana Panjang Karet Jogger Pria Katun Twill Loreng Coklat 142201N Sport,Rp219.900,219900.0
celana-pria,Celana Panjang Chino Pria Formal Dewasa Stretch,Rp175.000,175000.0
celana-pria,KREMLIN Long Cargo Nylon Cringkle - Dark Grey - Chronos,Rp269.900,269900.0
celana-pria,Deus Ex Machina Indonesia - Infinity Acid Beach Short,Rp477.500,477500.0
celana-pria,MANZONE - Celana Panjang Cargo Pria Bosila 2 - Blue,Rp271.932,271932.0
celana-pria,KUZI PROJECT - Celana Cargo Panjang - Rogers - Black - Cargo Pants - Slim Straight fit,Rp199.999,199999.0
celana-pria,Hush Puppies Celana Panjang Cargo Pria 90S CORGI Dark Grey,Rp410.000,410000.0
celana-pria,Jack Nicklaus Zen Kemeja Pria Lengan Panjang Slim Fit Green,Rp399.500,399500.0
celana-pria,Gloaming Celana Panjang Cargo Parasut Crinckle Cream Unisex,Rp190.000,190000.0
celana-pria,Cardinal Celana Panjang Skinny Pria E0118BK01A,Rp334.500,334500.0
celana-pria,Cardinal Celana Panjang Chinos Skinny Pria E0131BK03H,Rp269.000,269000.0
celana-pria,Platini Celana Pendek Chino Katun Brown 5370.39,Rp159.000,159000.0
celana-pria,Riors Select Training Pants - Celana Panjang Olahraga Pria,Rp350.910,350910.0
celana-pria,Carnos Zipper Celana Cargo Panjang Pria Reguler Mocca,Rp169.000,169000.0
celana-pria,LGS - Celana Pendek Casual Pria - Stretch - Motif Polos Warna Hitam Regular Fit - CSS.514.S075.005.C,Rp374.925,374925.0
celana-pria,Cardinal Celana Panjang Kargo GI Skinny Pria E0104BK03B,Rp454.500,454500.0
celana-pria,Forester CLF 08405 Chino Long Pants 2 Line Abu Canvas Pria Celana Panjang Dewasa,Rp260.000,260000.0
celana-pria,MOC - Celana Panjang Denim Pria Tumai - Black,Rp249.000,249000.0
celana-pria,MOC Celana Panjang Chinos Jogger Pria ZENITH - GREY,Rp299.900,299900.0
celana-pria,MOC - Celana Panjang Chinos Pria Jaco - Light Grey,Rp329.900,329900.0
celana-pria,MOC - Celana Panjang Pria Andest - Dark Brown,Rp279.000,279000.0
celana-pria,Kasual Celana Milo Brown City Pleated Wide Baggy Loose Pants,Rp359.000,359000.0
celana-pria,Celana Panjang Chinos Straight Slim Pria Cardinal C0054BK04D,Rp413.000,413000.0
celana-pria,BOYSCODE Celana Pendek Chino Pria Short Pants Mocca Premium,Rp93.500,93500.0
celana-pria,Voust Loose Pants Nylon Cringkle Onax | Celana Gorpcore Pria Wanita Ankle Slim,Rp109.000,109000.0
celana-pria,Cardinal Celana Pendek Bermuda Slim Fit Pria C0316BK15A,Rp348.900,348900.0
celana-pria,Celana Cargo Pendek Civity Original Stretch Shorts Cream,Rp149.800,149800.0
celana-pria,SSST Craftman Celana Kargo Grey,Rp466.550,466550.0
celana-pria,"SmartCasual Set 16 : Kemeja Bowling, Celana Chino, Belt",Rp454.000,454000.0
celana-pria,Cardinal Celana Panjang Skinny Pria E0159BK01A,Rp419.500,419500.0
celana-pria,TENUE Celana Panjang - Off-City Ripstop - Black,Rp219.887,219887.0
celana-pria,HSRM Celana Malvore Long Pants All Variant | Celana Panjang Formal Kerja Pria,Rp169.000,169000.0
celana-pria,SKATEBACK - Celana Pendek Pria Santai Bahan Despo Quick Dry Celana Polos Sporty,Rp39.999,39999.0
celana-pria,Wrangler Short Pants Loose JORTS 01A25,Rp300.930,300930.0
celana-pria,Celana Panjang Pria Cartenz Tactical Bulet,Rp875.000,875000.0
celana-pria,DGM Celana Pendek Pria Bahan Flanel Tartan Celana Pendek Hitam List Putih 2766,Rp139.000,139000.0
celana-pria,WOOD Slim Fit Tapered Textured Pants 2-OPILXC225I092 SAGE,Rp429.900,429900.0
celana-pria,Ackermann - Celana Panjang Pria Premium Chino Slim Fit Elastis,Rp130.000,130000.0
celana-pria,DGM celana chinos pria panjang slimfi fit strech mocha 1119,Rp130.000,130000.0
celana-pria,Ackermann - Celana Chino Pria Regular Fit | Simple & Stylish | Look Ganteng Instan,Rp137.000,137000.0
celana-pria,Celana Bermuda Slim Fit Pria Cardinal E0474BK04A,Rp349.500,349500.0
celana-pria,Celana Chino Pria Cardinal E0069BK01A,Rp385.000,385000.0
celana-pria,Deus Ex Machina Indonesia - Duck Dive Pant,Rp1.317.500,1317500.0
celana-pria,Evermen Celana Ankle Pants Pria Slim Fit Hitam Panjang Kantor Kerja Distro Karet Nyaman Adem Anti Kusut Zipper YKK Original Ankle Pant Kain Gentle Pant House of Smith,Rp89.200,89200.0
celana-pria,Benidson Boardshort Celana Pendek Bordir Hitam Mixtrip,Rp125.000,125000.0
celana-pria,Jack Nicklaus Raptor Celana Panjang Pria Regular Fit Medium Brown,Rp479.500,479500.0
celana-pria,Jack Nicklaus Rodriguez Celana Panjang Pria Regular Fit Light Grey,Rp359.600,359600.0
celana-pria,Jack Nicklaus Cougar Celana Panjang Pria Slim Fit Dark Green,Rp359.600,359600.0
celana-pria,Jack Nicklaus Fox Celana Panjang Pria Slim Fit Khaki,Rp359.600,359600.0
celana-pria,Jack Nicklaus Thunderbird Celana Panjang Pria Slim Fit Light Khaki,Rp359.600,359600.0
celana-pria,Emoline Celana Cargo Utility Pendek Hitam,Rp340.000,340000.0
celana-pria,BAPIN Shorts Cargo Pants Army Green- Celana Cargo Pendek Pria Kain Katun Canvas Nyaman Santai,Rp175.000,175000.0
celana-pria,NORON - Celana Pendek Boardshort Santai Terry Unfinish Navy,Rp82.999,82999.0
celana-pria,HSRM Gallen Chino Ankle Pants Dark Brown | Celana Chino Ankle Slimfit Pria Casual,Rp155.000,155000.0
celana-pria,Hi VABA Shortpants || Celana Pendek Unisex Panjang Pria,Rp80.000,80000.0
celana-pria,Roofwell - Ignite Khaki | Ripstop Fatigue | Celana Fatigue Panjang | Fatigue Pants | Celana Fatigue Unisex |,Rp198.400,198400.0
celana-pria,LGS - Celana Chinos - Slim Fit - Stretch - Hitam - Full Polos - JCT.450.S051.010.C,Rp389.870,389870.0
celana-pria,Cardinal Celana Panjang Chinos Straight Slim Pria C0062BK01A,Rp413.000,413000.0
celana-pria,Cardinal Celana Panjang Chinos Pria E0416BK06A,Rp299.500,299500.0
celana-pria,Tamp-X Oversize Jumbo Celana Panjang Pria Baggy Pants Tartan Santai Korean Style Kotak Kotak Straight Kulot,Rp149.800,149800.0
celana-pria,MANZONE - Celana Pendek Bermuda Pria Danny 06 Slim Fit - Grey Dark,Rp259.900,259900.0
celana-pria,Metaphores - Celana Panjang Cargo Regular Fit - Cotton Twill Stretch Grey,Rp167.900,167900.0
celana-pria,Metaphores Boardshort Multi Pocket Pants Parachute - Army,Rp99.900,99900.0
celana-pria,Waveblast Short Pants - Izuba Nylon Crincle Navy,Rp94.950,94950.0
celana-pria,Cardinal Celana Panjang Pria E0930BK04C,Rp309.500,309500.0
celana-pria,Celana Jeans Pria Cressida The Next Level Skinny Fit JB019B - Biru,Rp300.230,300230.0
celana-pria,Barley Division Classic Khaki Longpants Chino,Rp266.000,266000.0
celana-pria,Emoline Men's Short Cargo Utility Pants Cream - Celana pendek utility pria warna cream,Rp340.000,340000.0
celana-pria,Cardinal Celana Pendek Bermuda Pria F0237BK02H,Rp328.500,328500.0
celana-pria,BASMALA - Celana Cingkrang Pria Muslim Celana Sirwal Pria Premium Bahan Twill Stretch Chino Pants,Rp260.000,260000.0
celana-pria,Cardinal Celana Panjang Chinos Pria E0409BK03B,Rp419.500,419500.0
celana-pria,Symple.co Celana Cargo Panjang ORIGINAL Celana Panjang Pria Celana Kargo Celana Kimpol Casual reguler Fit Twill,Rp154.000,154000.0
celana-pria,LEE CONTI Celana Pendek Pria Ban Kancing Katun Polos,Rp201.000,201000.0
celana-pria,Cardinal Celana Panjang Chinos Straight Slim Pria C0084BK04D,Rp461.500,461500.0
celana-pria,MGee Celana Pendek Cargo Pria Original Protean Series ZEV C001 Orange,Rp289.900,289900.0
celana-pria,M.Gee Celana Cargo Panjang Pria Mgee Original GREG C013 Khaky,Rp299.900,299900.0
celana-pria,Wellborn Evade Crease Long Pants Ebony Casual,Rp210.000,210000.0
celana-pria,EMOLINE Celana Pendek Unisex Knit Hitam Karet Katun Santai Size M L XL Saku Samping Belakang,Rp106.250,106250.0
celana-pria,Wellborn Glare Long Track Pants Black Unisex,Rp350.000,350000.0
celana-pria,M.Gee Celana Chinos Panjang Original Felix C026 Khaky,Rp259.900,259900.0
celana-pria,NVSR Long Cargo Loose Pants | Fake Pocket Green,Rp187.000,187000.0
celana-pria,Celana Pendek Persebaya Surabaya Retro - Green | Persebaya Store,Rp275.000,275000.0
celana-pria,CROSS Celana Pendek Pria BYRON LUX CHINOS Navy – Celana Golf Premium Stretch & Water-Repellent,Rp400.000,400000.0
celana-pria,Giordano Men's Linen Cotton Pants Pria [0112520201],Rp249.000,249000.0
celana-pria,Project Rock Icon Fleece Men's Joggers - Black,Rp699.500,699500.0
celana-pria,Moward - Boxer Cotton MWB0142 Black | Celana Pendek,Rp49.000,49000.0
celana-pria,Madless Celana Pendek | Short Stripe 3,Rp55.000,55000.0
celana-pria,Celana Panjang Chinos Straight Slim Pria Cardinal C0054BK04D,Rp413.000,413000.0
celana-pria,BOYSCODE Celana Pendek Chino Pria Short Pants Mocca Premium,Rp93.500,93500.0
celana-pria,Voust Loose Pants Nylon Cringkle Onax | Celana Gorpcore Pria Wanita Ankle Slim,Rp109.000,109000.0
celana-pria,Cardinal Celana Pendek Bermuda Slim Fit Pria C0316BK15A,Rp348.900,348900.0
celana-pria,Celana Cargo Pendek Civity Original Stretch Shorts Cream,Rp149.800,149800.0
celana-pria,NORON - Loose Pants Baggy Fit Breathable Linen Blukud Stripe,Rp98.999,98999.0
celana-pria,Firecast | Celana Panjang | Celana Mancing Cargo | Firecast Stranger,Rp279.000,279000.0
celana-pria,DECATHLON QUECHUA Women's Mountain Walking Trousers MH100 - 8733947,Rp353.000,353000.0
celana-pria,Homeler Celana Pendek Pria Boxer Sport Parasut Micro Premium 1 Pcs CB HL-410,Rp79.000,79000.0
celana-pria,LGS - Celana Panjang Chinos - Double Pocket - Hitam - Regular Fit - CCT.319.027.509.C,Rp249.950,249950.0
celana-pria,FOLX Bar Stripes Jogger Pants,Rp359.280,359280.0
celana-pria,Breakside Cargo Pants Blade - Darkgrey Celana Panjang Pria,Rp185.000,185000.0
celana-pria,M231 Celana Panjang Pria Chino Pants 1286,Rp209.000,209000.0
celana-pria,OCWA JOEY FLARE TRACK PANTS BLACK MEN,Rp519.900,519900.0
celana-pria,Erspo X Darbotz 2025 Long Pants Denver Black,Rp251.550,251550.0
celana-pria,"SPORTYTO Celana,Olahraga,Pria,Wanita Training Jogger Pants Unisex Hitam – Streetwear Elastis Tebal, OOTD Keren Harian",Rp120.000,120000.0
celana-pria,OCWA DIAZ GREY JOGGER CARGO PANTS MEN,Rp399.900,399900.0
celana-pria,Celana Panjang Pria Cartenz Tactical Cartridge,Rp750.000,750000.0
celana-pria,Celana Cargo Pendek Pria Slimfit Katun Twill Stretch Grey,Rp135.000,135000.0
celana-pria,Mahameru Celana Outdoor Cargo Long Pants Quick Dry C02-JN 003,Rp255.000,255000.0
celana-pria,Houseofcuff Celana Panjang Chino Pria Slim Fit Stretch Expandable,Rp210.000,210000.0
celana-pria,SIXTYNINE PROJECT - Boardshort Pants | Nylon Taslan | Premium,Rp169.000,169000.0
celana-pria,Hush Puppies Celana Pria PP MICREA LP Navy,Rp359.500,359500.0
celana-pria,Cardinal Celana Pendek Bermuda Pria C0338BK17A,Rp398.500,398500.0
celana-pria,CROSS Celana Pendek Pria BYRON LUX CHINOS Navy – Celana Golf Premium Stretch & Water-Repellent,Rp400.000,400000.0
celana-pria,Moward - Boxer Cotton Saku | Celana Pendek | Unisex | MWBSKU016 Putih,Rp55.000,55000.0
celana-pria,Putri Nasya - Celana Big Size Panjang Ukuran S Fit To L Warna Moca Cream Capucino Abu Muda Tua Hitam,Rp94.900,94900.0
celana-pria,Moward - Boxer Cotton MWB032 Black | Celana pendek shorts Santai Katun,Rp49.000,49000.0
celana-pria,Moward - Boxer Cotton MWB031 Black shorts pria Santai,Rp49.000,49000.0
celana-pria,NORTHRE Jogger Pants Gatling Scuba NTbasic,Rp88.000,88000.0
celana-pria,MORWICK Track Pants Celana Panjang Pria STRIDE Hitam,Rp125.000,125000.0
celana-pria,Celana Training Pria Wanita Olahraga Jogging Parasut Pria Bertali Scuba Ukuran Jumbo Warna Putih Bahan Misty Elastis Kuat dan Lentur,Rp79.950,79950.0
celana-pria,Celana Training SAT bumblebee SUGIH WARAS Size M - XXL Running Sport Olahraga,Rp105.000,105000.0
celana-pria,Artch - Jitu Army - Celana Panjang Cargo,Rp160.000,160000.0
celana-pria,Celana Cargo Pendek Pria Kargo Short Big Mocca,Rp185.000,185000.0
celana-pria,Celana Pendek Boardshort Shortpants Black Fleece Strees Angels,Rp49.900,49900.0
celana-pria,Evermen Celana Ankle Pants Pria Slim Fit Hitam Panjang Kantor Kerja Distro Karet Nyaman Adem Anti Kusut Zipper YKK Original Ankle Pant Kain Gentle Pant House of Smith,Rp89.200,89200.0
celana-pria,Deus Ex Machina Indonesia - Duck Dive Pant,Rp1.317.500,1317500.0
celana-pria,Jack Nicklaus Raptor Celana Panjang Pria Regular Fit Medium Brown,Rp479.500,479500.0
celana-pria,Jack Nicklaus Rodriguez Celana Panjang Pria Regular Fit Light Grey,Rp359.600,359600.0
celana-pria,Benidson Boardshort Celana Pendek Bordir Hitam Mixtrip,Rp125.000,125000.0
celana-pria,Jack Nicklaus Cougar Celana Panjang Pria Slim Fit Dark Green,Rp359.600,359600.0
celana-pria,Jack Nicklaus Fox Celana Panjang Pria Slim Fit Khaki,Rp359.600,359600.0
celana-pria,Jack Nicklaus Thunderbird Celana Panjang Pria Slim Fit Light Khaki,Rp359.600,359600.0
celana-pria,Isla For Men Arden Pants - Jogger Pants - Celana Panjang Pria - Formal - Casual,Rp149.900,149900.0
celana-pria,Nevada Above Knee Celana Pendek Cargo Pria 123546182,Rp147.900,147900.0
celana-pria,Cole Woven Celana Panjang Pria 123312433,Rp197.900,197900.0
celana-pria,Nevada Knit Baggy Fit Cut And Sewn Back & Front Celana Jogger Pria 123265566,Rp179.900,179900.0
celana-pria,3Second Celana Pendek Pria Regular Fit Baby Terry Sporty Noir HP-C090225,Rp179.100,179100.0
celana-pria,Executive 4-Way Stretch Slim Fit Formal Pants 1-LPIBSC525O155 Beige,Rp386.910,386910.0
celana-pria,Celana Panjang Katun - Warna Coklat - Double Back Pocket,Rp227.000,227000.0
celana-pria,CASUALUXE Celana Chino Panjang Pria Strecth Slimfit Bahan Katun Hitam Black,Rp199.000,199000.0
celana-pria,Johnwin - Celana Formal Ankle Pants - Slim Fit - Polyester - Alpha Pants Navy - F.1031.012.127.C,Rp424.350,424350.0
celana-pria,CASUALUXE Celana Chino Panjang Pria Original Abu Abu Slimfit Stretch Twill Hitam Celana Chino Jumbo Formal,Rp199.000,199000.0
celana-pria,Johnwin - Celana Formal - Celana Pria - Hitam - Polyester - Slim Fit - F.1016.010.110.C,Rp399.350,399350.0
celana-pria,Johnwin - Slim Fit - Celana Formal - Celana Bahan - Double Pocket - 958.010.116.C,Rp384.850,384850.0
celana-pria,Crocodile CHIN CR815 - Men Chino Pants Celana Panjang Pria,Rp799.000,799000.0
celana-pria,TROUSARY Celana Cargo Panjang Model Slimfit Straight Bahan American Twill Premium Hijau Army Celana Cargo Pria Unisex dengan 6 Saku dan Zipper YKK,Rp199.000,199000.0
celana-pria,TROUSARY - CELANA CHINO PANJANG MODEL WORKPANTS BAHAN AMERICAN TWILL LOOSE REGULER FIT,Rp224.250,224250.0
celana-pria,Celana Panjang Kargo Cowok Pria Olga Gowes Jogging Lezahrasignature,Rp239.000,239000.0
celana-pria,Miracle Mates - Pale Noid Loose Baggy Denim Pants | Celana Panjang Baggy Pria/Wanita,Rp499.000,499000.0
celana-pria,JB - Chino Pants Regular Fit Black - Basic Straight Loose Pants - Celana Panjang,Rp229.000,229000.0
celana-pria,LGS - Celana Chinos Stretch - Celana Panjang Casual - Coklat Muda - Reguler Fit - CCT.502.040.005.C,Rp299.950,299950.0
celana-pria,Miracle Mates - Nered Blue Loose Baggy Denim Pants | Celana Panjang Baggy Pria/Wanita,Rp499.000,499000.0
celana-pria,Celana Panjang Chinos Skinny Pria Cardinal E0070BK04C,Rp409.500,409500.0
celana-pria,Third Day MC021 Instacool pyjama celana pendek shorts Td hitam,Rp114.000,114000.0
celana-pria,CDL Celana Pendek Bermuda Slim Fit Pria J0201BK12E,Rp225.000,225000.0
celana-pria,Moxie Boardshort Short Pants Grey,Rp91.800,91800.0
celana-pria,Celana Bahan Panjang Kantor Pria Formal Slim Fit Stretch Nyaman Semi Kerja Casual Warna Putih Abu Muda Navy Cream Hitam Abu Tua Coklat Tua,Rp95.999,95999.0
celana-pria,BOYSCODE Celana Pendek Chino Pria Short Pants Mocca Premium,Rp93.500,93500.0
celana-pria,Cardinal Celana Panjang Straight Cut Pria E0956BK03A,Rp294.500,294500.0
celana-pria,GRACIOUSTYLE - Long Pants Cargo Tactical Oudoor Premium Reguler Fit,Rp128.800,128800.0
celana-pria,CDL Celana Panjang Formal Slim Fit Pria I0121BK04A By Cardinal,Rp195.000,195000.0
celana-pria,Celana Panjang Pria Katun Chinos Slim Fit Melar Cheers Mate Coklat 112505,Rp229.900,229900.0
celana-pria,CASUALUXE Celana Pria Formal Slimfit Bahan Dark Grey Trousers / Celana Kerja Kantor Abu Tua,Rp179.000,179000.0
celana-pria,MGee Celana Cargo Panjang Bahan Nilon Saku Outdoor Cruz Grey,Rp630.800,630800.0
celana-pria,LINKSWEAR Celana Chino Panjang Pria Dewasa Hitam Panjang Slimfit Casual Formal Stretchy Katun Navy Kantor Kerja,Rp235.000,235000.0
celana-pria,REMEDY Celana Panjang Korea Linen Pria Warna Putih Garis – Jekyll Linen Loose Pants,Rp599.000,599000.0
celana-pria,Escaperfect Chino Pants Bloomy - Cream,Rp170.000,170000.0
celana-pria,BensMall Celana Panjang Pria Slimfit Warna Navy,Rp110.000,110000.0
celana-pria,Cardinal Celana Pendek Bermuda Slim Fit Pria E0555BK02H,Rp209.000,209000.0
celana-pria,Tiento Celana Training Selutut Jogger Pria Half Pants Joger Basic Sporty Men,Rp219.000,219000.0
celana-pria,Barli Asmara Leon Long Wide Pants In Grey,Rp399.000,399000.0
celana-pria,REMEDY Celana Panjang Korea Linen Pria Hitam – Midnight Linen Loose Pants,Rp599.000,599000.0
celana-pria,ARC'TERYX NIMBUS Trousers – Celana Panjang Outdoor Ringan & Nyaman,Rp2.159.100,2159100.0
celana-pria,KREMLIN Short Pants Celana Cargo Base Layer Spandek - STRIDER,Rp269.900,269900.0
celana-pria,Giordano Linen Short Pria Apple Butter (Red),Rp169.000,169000.0
celana-pria,Schoeller Celana Panjang Pria Formal – LASER Jet Black Kualitas Premium,Rp279.900,279900.0
celana-pria,MANZONE - Celana Panjang Chinos Pria Lorenzo 04 Slim Fit - Navy,Rp299.900,299900.0
celana-pria,EXECUTIVE Regular Fit Chinos Pants 1-LPRCRT126C477 Black,Rp359.910,359910.0
celana-pria,Hush Puppies Celana Pria WONKA Khaki,Rp260.000,260000.0
celana-pria,Celana Panjang Pria Nunkun X1 Arei Outdoorgear,Rp479.000,479000.0
celana-pria,FOLX Back Pocket Patch Casual Jogger Pants,Rp279.300,279300.0
celana-pria,HSRM Celana Formal Panjang Bahan Malvore Long Pants 06,Rp495.000,495000.0
celana-pria,Celana Cargo Pria Cressida The Next Level Basic Skinny J267R - Cream,Rp284.950,284950.0
celana-pria,Celana Pendek Pria Celana Cargo Motif Army Loreng Warna Hijau CS065,Rp89.000,89000.0
celana-pria,Artch - Go Duka Abu Muda - Boardshort Celana Pendek,Rp130.000,130000.0
celana-pria,Nauhtec Celana Cargo Tactical Resletting Original Outdoor Sport Model Tinggi 170kg Bahan Ripstop Berkualitas Size M L XL XXL,Rp173.900,173900.0
celana-pria,Celana Panjang Cartenz Tactical Fox Hole,Rp850.000,850000.0
celana-pria,RACERTEES Celana Boadshort Hitam - RCL.123 || Celana Pendek,Rp129.999,129999.0
celana-pria,MOC - Celana Panjang Denim Pria Vitus - Khaky,Rp229.000,229000.0
celana-pria,LGS - Celana Chinos Pendek Pria Warna Cream CSP.777P.002.917.C,Rp227.000,227000.0
celana-pria,AMK Celana Chino Pria Panjang PT Jeno Lp Black,Rp249.000,249000.0
celana-pria,Cardinal Celana Panjang Alter Chinos Slim Fit Ankle Length Pria EL001BK03B,Rp279.500,279500.0
celana-pria,MOC Celana Panjang Chinos Pria Regular Fit Svarga - Grey,Rp329.900,329900.0
celana-pria,MOC - Celana Panjang Chinos Pria Renviggo - Brown,Rp229.000,229000.0
celana-pria,Delibra Celana Chino Pendek Light Cream,Rp126.750,126750.0
celana-pria,Froyemul SLIM FIT FORMAL PANTS 4-WAY STRETCH | Celana Formal Pria Slim Fit Berbahan Melar,Rp210.000,210000.0
celana-pria,StayCool SuppleCool Dark Sphynx Boxer Briefs Celana Dalam,Rp169.000,169000.0
celana-pria,Carnos Exter Celana Cargo Panjang Pria Reguler Ripstop Abu,Rp169.000,169000.0
celana-pria,Louis Martine - Retro- Super Jumbo Big Size (39-44) - Denim - Regular Jeans - Corvus 13 oz - Unisex - Celana Jeans Panjang Daily Wear Anti Gerah Nyaman,Rp315.000,315000.0
celana-pria,Erfolgreich - Sweatpants Polos basic Premium unisex Hitam Black,Rp289.000,289000.0
celana-pria,Langky Corduroy Pants Celana Panjang BAGGY MJBA CO BLUNT,Rp230.000,230000.0
celana-pria,Trousary Celana Cargo Mocca/ Celana Cargo Model Loose Reguler Fit Bahan American Twill,Rp204.000,204000.0
celana-pria,StayCool SuppleCool Daily Life Boxer Briefs Celana Dalam,Rp169.000,169000.0
celana-pria,Cole Woven Reg Celana Panjang Pria 123265208,Rp279.900,279900.0
celana-pria,SUWALL Celana Panjang Baggy Pants Pria Skena Casual Stlye Outfit Straight Loose Size 28-38 SWL018,Rp164.900,164900.0
celana-pria,NVSR Long Cargo Tactical Street Pants — Vanguard Black | Cargo Tactical Hitam,Rp187.000,187000.0
celana-pria,Wrangler Long Pants Chinos Loose BUCKS 01A25,Rp289.950,289950.0
celana-pria,Ackermann - Celana Panjang Pria Chino Regular Fit Premium Pinggang Karet Stretch Cocok Kerja & Harian,Rp185.000,185000.0
celana-pria,TENUE Celana Balon - Off-Grid Nylon - Olive Navy,Rp219.887,219887.0
celana-pria,DGM celana chinos panjang pria slimfit army 1832,Rp135.000,135000.0
celana-pria,Dgm celana chino pendek pria premium light gray 1293,Rp125.000,125000.0
celana-pria,DGM Celana Panjang Pria Formal Slim Fit Grey 2325,Rp169.000,169000.0
celana-pria,Ackermann - Celana Panjang Pria Pinggang Karet Stretch Chino Premium Regular Fit Elastis Nyaman,Rp185.000,185000.0
celana-pria,WOOD Slim Fit Formal Pants 2-FPILXC225L136 BLACK,Rp429.900,429900.0
celana-pria,DICKIES - 247 Loose Fit Pant (Inseam 32 Inch),Rp1.052.190,1052190.0
celana-pria,Hush Puppies Pakaian Dalam Pria BRAM BOXER Grey UGM25002GY,Rp329.200,329200.0
celana-pria,Celana Panjang Pria Katun Chinos Slim Fit Cheers Mate Abu 112504,Rp200.000,200000.0
celana-pria,Levi's® Men's Carrier Cargo Shorts (001KG-0013),Rp549.900,549900.0
celana-pria,Third Day MC021 Instacool pyjama celana pendek shorts Td hitam,Rp114.000,114000.0
celana-pria,CDL Celana Pendek Bermuda Slim Fit Pria J0201BK12E,Rp225.000,225000.0
celana-pria,Moxie Boardshort Short Pants Grey,Rp91.800,91800.0
celana-pria,Celana Bahan Panjang Kantor Pria Formal Slim Fit Stretch Nyaman Semi Kerja Casual Warna Putih Abu Muda Navy Cream Hitam Abu Tua Coklat Tua,Rp95.999,95999.0
celana-pria,BOYSCODE Celana Pendek Chino Pria Short Pants Mocca Premium,Rp93.500,93500.0
celana-pria,Cardinal Celana Panjang Formal Straight Fit Ankle Length Pria F4002F04A,Rp269.500,269500.0
celana-pria,CELANA PANJANG CHINO CLASSIC WORK PANTS CASUAL PRIA HITAM ORIGINAL DICKIES | 874 BLACK,Rp1.203.200,1203200.0
celana-pria,JEANSBRO - Celana Chino Panjang Pria Slim Fit Khaki (Cream),Rp249.000,249000.0
celana-pria,Kickchick Celana Boardshort NIgatsu| Boxer | Celana Santai | Celana Pendek Unisex KCSPB013,Rp47.500,47500.0
celana-pria,Jane Frey Clothing 8224 Celana Baggy Tartan Flannel Green Navy Celana Korean Celana Loose Celana Gombrong,Rp112.500,112500.0
celana-pria,Moward - Boxer Cotton MWB0124 Kubus | Celana Pendek | Unisex,Rp49.000,49000.0
celana-pria,Moward - Boxer Cotton Saku | Celana Pendek | Unisex | All Varian Pocket Edition,Rp55.000,55000.0
celana-pria,CELANA CHINOS TREND//CELANA PANJANG CHINOS/CELANA PRIA PANJANG TERBARU,Rp125.000,125000.0
celana-pria,Benidson Boardshort Celana Pendek Bordir Near To Son,Rp125.000,125000.0
celana-pria,Okechuku FREDY Celana Chino Pendek Pria Short Chinos Pendek Pria Chino Pants Pendek,Rp149.900,149900.0
celana-pria,Moward - Boxer Cotton MWB038 White shorts pria,Rp49.000,49000.0
celana-pria,Moward - Boxer Cotton MWB0152 Black | Celana Pendek,Rp49.000,49000.0
celana-pria,adidas Lifestyle Essentials French Terry 3-Stripes Shorts Men Black GK9597,Rp580.000,580000.0
celana-pria,BAPIN Boardshort Celana Pendek Pria Skylite Navy,Rp89.900,89900.0
celana-pria,ZHON ARMY - Alvin Slim Prime - Celana Formal Hitam Pria,Rp169.000,169000.0
celana-pria,Executive Slim Fit Basic Long Pants 1-LPIBSC525O152 JET BLACK,Rp386.910,386910.0
celana-pria,CDL Celana Panjang Formal Slim Fit Pria I0125BK04A,Rp255.000,255000.0
celana-pria,WHITTAKER Basic Joger Baru #3802 / Celana Jogger / Jogger Olahraga,Rp200.000,200000.0
celana-pria,Breakside Cargo Pants Explore - Black Celana Panjang Hitam Pria,Rp185.000,185000.0
celana-pria,LGS - Celana Panjang Chinos - Double Pocket - Abu-Abu - Regular Fit - CCT.787.054.005.C,Rp412.425,412425.0
celana-pria,STARCROSS Chino Pants - LP CN 124 - Olive,Rp238.800,238800.0
celana-pria,LAMLICKA TIE DYE CELANA PENDEK SHORT PANTS OVERSIZE WASHING RETRO IMPORT BRANDED ORIGINAL UNISEX,Rp487.500,487500.0
celana-pria,Forester CLF 08469 Celana Pendek Lipat Short Pants Pockatable ‘Luzern’,Rp145.000,145000.0
celana-pria,NVSR Linebreaker Long Cargo Pants Unisex — Rebellion Edition Green,Rp178.000,178000.0
celana-pria,Greenlight Essential Celana Chino Pendek Pria Regular Fit Armen HP-C021124,Rp179.100,179100.0
celana-pria,UA Golf Vented Men's Pants - Black,Rp899.400,899400.0
celana-pria,Decathlon SIMOND Celana Trekking Pria 2-in-1 MT500 Celana Trekking Pria 2-in-1 MT500 - 8853743,Rp1.002.000,1002000.0
celana-pria,Decathlon KIPRUN Celana Lari Panjang Pria Run Dry 100 - Navy - 8882068,Rp294.000,294000.0
celana-pria,MGee Celana Chinos Panjang Pria Stretch Felix C029 Light Olive,Rp478.800,478800.0
celana-pria,Emoline Jogger Pants Green – Celana Jogger Panjang Hijau Army,Rp181.000,181000.0
celana-pria,MGee Celana Cargo Panjang Pria Mgee Greg C031 Grey,Rp590.800,590800.0
celana-pria,QUADRANT Celana Boardshort Pria Annara Dark Grey Jumbo Celana Pendek Cowok,Rp100.000,100000.0
celana-pria,Hendy Dion X OOTDSUPPLY Celana Carpenter Cargo Embroidery Stitch Black | Celana Panjang Twill Kanvas Unisex | LPCPTR,Rp225.000,225000.0
celana-pria,M.Gee Celana Cargo Pendek Pria Dewasa Mgee Rows C006 Light Olive,Rp284.250,284250.0
celana-pria,MANZONE - Celana Panjang Active Jogger Robin 02 - Black,Rp279.900,279900.0
celana-pria,MANZONE - Celana Panjang Cargo Pria Bosila 3 - Beige,Rp271.932,271932.0
celana-pria,Cardinal Celana Panjang Chinos Straight Slim Pria C0082BK06F,Rp461.500,461500.0
celana-pria,Decathlon INESIS Celana Chino Pria Golf Cotton MW500 - Khaki - 8842856,Rp507.000,507000.0
celana-pria,Wearpack Baju Overall Time Series Black Beachwell Bali Baju Kodok Pria,Rp499.900,499900.0
celana-pria,IOK Celana Olahraga Jogger Pants Longgar Training Jogging Sport Sejuk Bernapas Lembut Celana Pendek Celana Pinggang Tinggi High Waist Pants Pira (JYMK009),Rp129.000,129000.0
celana-pria,Cardinal Celana Panjang Formal Slim Fit Pria F0418BK01A,Rp349.500,349500.0
celana-pria,HOUSE OF TAMBIYU Sweatpants Baggy Cotton Fleece 300gsm High Quality Celana Panjang Unisex Warna Sage,Rp157.500,157500.0
celana-pria,Cardinal Celana Panjang Kargo GI Loose Tapered Pria ED002BK06F,Rp489.500,489500.0
celana-pria,CELANA PANJANG FORMAL SLIM FIT 26 (HITAM),Rp349.500,349500.0
celana-pria,"Schoeller Celana Panjang Pria Slim Fit, Reguler Fit – Abu Hitam – TITAN-PL",Rp249.900,249900.0
celana-pria,Cardinal Celana Panjang Chinos Skinny Pria F4039BK04C,Rp249.500,249500.0
celana-pria,STREES Celana Panjang Sweatpants Baggy DRAGON Pria Berbahan Kain Fleece Lembut Adem Pria Wanita,Rp85.000,85000.0
celana-pria,Cardinal Celana Panjang Chinos Pria Big Size E0414C04A,Rp319.500,319500.0
celana-pria,Cardinal Celana Panjang Chinos Pria E0373BK04E,Rp309.000,309000.0
celana-pria,Forester CLF 08393 Kansai Short Pant,Rp85.000,85000.0
celana-pria,Greenlight Celana Pria Katun Relaxed Fit Seattle Ribstop Long Pants Formal C011223,Rp211.600,211600.0
celana-pria,Cardinal Celana Pendek Bermuda Pria E0016BK06F,Rp269.500,269500.0
celana-pria,Troy Company Boardshort Fleece Black Signare - Celana Pendek Pria Hitam PTN 3235,Rp122.000,122000.0
celana-pria,Cardinal Celana Panjang Pria Big Size E0937C03E,Rp454.500,454500.0
celana-pria,OOTDSUPPLY Trackpant Parachute Circle Black Grey l Celana Panjang Parasut | Longpants Sporty Unisex | TRP-CLN-BGRY,Rp185.000,185000.0
celana-pria,Ackermann - Celana Panjang Pria Cargo Slim Fit | Model Trendy & Maskulin,Rp147.000,147000.0
celana-pria,MATSUDA Celana Pendek Pria Chino Maru Dark Grey,Rp109.885,109885.0
celana-pria,Matsuda Celana Panjang Chino Pria Saka Stone,Rp129.885,129885.0
celana-pria,Celana Panjang Putih Formal Pria Panjang Slimfit Kerja Kantor Bahan Dasar 27-44 Casual,Rp139.000,139000.0
celana-pria,Delibra Celana Chino Premium Green Army,Rp165.300,165300.0
celana-pria,Moward - Boxer Cotton Saku | Celana Pendek | Unisex | MWBSKU013 Putih,Rp55.000,55000.0
celana-pria,Celana Cargo Pendek Civity Original Stretch Shorts Cream,Rp149.800,149800.0
celana-pria,SUFINE-Chinos Saku Tempel Katun Twill Premium HITAM,Rp120.000,120000.0
celana-pria,Artch - Go Arfa All Varian - Boardshort Celana Pendek,Rp120.000,120000.0
celana-pria,Long pants Cargo Krem HEMMEH,Rp560.000,560000.0
celana-pria,Cardinal Celana Panjang Chinos Skinny Pria C0052BK03G,Rp384.500,384500.0
celana-pria,Cardinal Celana Pendek Bermuda Pria F0243BK04B,Rp342.500,342500.0
celana-pria,Artch - Prastas Tosca - Celana Pendek Boardshort Boxer,Rp99.000,99000.0
celana-pria,Celana Pendek Boardshort Fleece Hoodie Addict Warna Deep Blue,Rp70.000,70000.0
celana-pria,hoodie addict - boardshort fleece Mint,Rp70.000,70000.0
celana-pria,Qwertylife - Boardshort Bacis Unisex - Army,Rp79.000,79000.0
celana-pria,Deus Ex Machina Indonesia - Riley Short,Rp680.000,680000.0
celana-pria,RANGKAY FUTURE - Baggy Pants,Rp73.000,73000.0
celana-pria,Celana Joger Pants Panjang Sweatpants Sport Training jogging gym RUNNING,Rp54.900,54900.0
celana-pria,Celana Cargo Pendek Civity Original Stretch Shorts,Rp149.800,149800.0
celana-pria,EIGER VERT 89 CARGO LONGPANTS,Rp328.300,328300.0
celana-pria,EIGER KARIMATA CARGO SWEATSHORT,Rp258.300,258300.0
celana-pria,Giordano Men's Khakis Pants Pria [0111505590],Rp259.000,259000.0
celana-pria,"KAMB Celana Panjang Pria Model Trendy, Nyaman Banget!",Rp159.000,159000.0
celana-pria,Celana Pendek Boardshort Shortpants Black Fleece Strees FF,Rp49.900,49900.0
celana-pria,Madless Celana Panjang | Loose Pants | Cotton Corduroy | Olive,Rp159.000,159000.0
celana-pria,Deus Ex Machina Indonesia - Tropical Boardshort,Rp1.150.000,1150000.0
celana-pria,Giordano Men's Cotton Twill Shorts Pria [0110522101],Rp199.000,199000.0
celana-pria,Celana Pendek Boardshort Shortpants Black Fleece Strees DeathClub,Rp49.900,49900.0
celana-pria,Jack Nicklaus Encore Premium Pants Regular Fit Microchip,Rp1.039.600,1039600.0
celana-pria,ERACOZ Celana Chino Panjang Pria Skinny Fit Big Size Jumbo Mocha,Rp200.000,200000.0
celana-pria,"VOLCOM MWS REVEL CARGO 20"" STRETCH SHORTS WINTERMOSS",Rp447.000,447000.0
celana-pria,Celana Panjang Cargo Pria Outdoor Hikemore Taclito,Rp265.000,265000.0
celana-pria,Almeroo - Celana Pendek Cargo Pants Barnett Brown,Rp134.900,134900.0
celana-pria,FOLX Icon Stripe Jogger Pants,Rp461.230,461230.0
celana-pria,Cardinal Celana Panjang Kargo GI Slim Fit Pria E0103BK06E,Rp349.000,349000.0
celana-pria,Celana Panjang Pria Skinny Cardinal E0038BK03E,Rp275.000,275000.0
celana-pria,Breakside Cargo Pants Forward - Black Celana Panjang Hitam Pria,Rp195.000,195000.0
celana-pria,TREN'CO celana bahan pria celana bahan formal celana bahan kerja black Kantor Slimfit slim fit,Rp179.000,179000.0
celana-pria,Cole Pull On Ribstop Flap Pocket Celana Pendek Pria 123297540,Rp179.900,179900.0
celana-pria,DOCKERS Signature Stain Def Slim A5209-0007,Rp575.360,575360.0
celana-pria,Nevada Knit Regular Button Zipper Texture Celana Pria 123265557,Rp177.900,177900.0
celana-pria,Johnwin - Gosen Pants - Celana Kerja - Celana Formal - Slim Fit - Polyester - Abu - F.992.008.230.C,Rp464.350,464350.0
celana-pria,HOOLIGANS Boardshort Renato Linea,Rp108.800,108800.0
celana-pria,Bombboogie Celana Cargo Cyrus Black 43006B5BK,Rp349.000,349000.0
celana-pria,Logo GM Celana Olahraga Celana Jogger Unisex Pria & Wanita | Bahan Baby Terry dengan RIB Pinggang & Kaki | Model Polos & Motif | Tersedia Ukuran M-XXL & Warna Hitam/Abu/Navy,Rp65.000,65000.0
celana-pria,Celana Pendek Olahraga Pria Wanita Training - Discover Cream Shorts,Rp179.400,179400.0
celana-pria,Celana Pendek Olahraga Pria Wanita Basketball - Cashmere Black Shorts,Rp419.000,419000.0
celana-pria,Loose Pants Basic Highwaist Celana Panjang Training Oversized Longgar Unisex Bahan Katun Flacee Korean Style,Rp82.619,82619.0
celana-pria,Familias - Short Pants - Bare,Rp285.000,285000.0
celana-pria,MANZONE - Celana Chinos Panjang Pria Turner 10 Reguler Fit - Brown,Rp299.900,299900.0
celana-pria,Cardinal Celana Panjang Kargo GI Slim Fit Pria E0106BK01A,Rp440.500,440500.0
celana-pria,RIGI Celana Pendek Boxer Pria Magnus Hitam Dewasa Distro Ringan Mudah Kering Dengan Tali Pinggang Adjustable Polyester,Rp134.000,134000.0
celana-pria,Giordano Linen Ankle Pria White,Rp209.000,209000.0
celana-pria,Roofwell - Prime Black - Celana Trackpants Cargo Crinckle | Trackpants Nylon Polyester |,Rp145.000,145000.0
celana-pria,Troy Company Boardshort Fleece Misty Bienennest - Celana Pendek Pria Abu Misty PTN 2879,Rp122.000,122000.0
celana-pria,PURPOSE - Boardshort Pendek Pria,Rp45.000,45000.0
celana-pria,Bloods Series Pants Celana Cargo Pendek Arket 04 Tan,Rp112.500,112500.0
celana-pria,Rip Curl Men Classic Surf Chino Walkshort - Black,Rp759.000,759000.0
celana-pria,Hush Puppies Celana Panjang Cargo Pria 90S CORGI Khaki,Rp410.000,410000.0
celana-pria,Breakside Pants Denim Cosmo - Black Celana Panjang,Rp260.000,260000.0
celana-pria,KUZI PROJECT - Celana Cargo Pendek - Falta - Olive - Cargo Pants - Reguler fit,Rp167.999,167999.0
celana-pria,"Formal Set 1 : Blazzer, Celana Formal Slimfit",Rp1.948.000,1948000.0
celana-pria,Opelon Celana Jogger Pria - Mens Essential Jogger regular random warna,Rp227.700,227700.0
celana-pria,Kasual Celana Pearl Grey Executive Ankle Pant,Rp229.000,229000.0
celana-pria,Cardinal Celana Panjang Chinos Slim Fit Pria E0290BK04A,Rp419.500,419500.0
celana-pria,OCWA BRICK NAVY FOREST GREEN JOGGER PANTS,Rp429.900,429900.0
celana-pria,Columbia Men's ROC™ Cargo Pant,Rp1.849.000,1849000.0
celana-pria,Cressida The Next Level Celana Jeans Biru Pria Ripped Skinny Fit Jeans J276B,Rp503.920,503920.0
celana-pria,Celana Kantor Panjang Formal/ Kerja Pia Cowok Warna NAVY Mengkilap Metalik Slim Fit,Rp73.200,73200.0
celana-pria,Moward - Boxer Cotton Saku | Celana Pendek | Unisex | MWBSKU013 Putih,Rp55.000,55000.0
celana-pria,Celana Cargo Pendek Civity Original Stretch Shorts Cream,Rp149.800,149800.0
celana-pria,SUFINE-Chinos Saku Tempel Katun Twill Premium HITAM,Rp120.000,120000.0
celana-pria,Artch - Go Arfa All Varian - Boardshort Celana Pendek,Rp120.000,120000.0
celana-pria,Long pants Cargo Krem HEMMEH,Rp560.000,560000.0
celana-pria,"Basic Set 14 : Kaos Oversize, Celana Chino, Belt",Rp390.000,390000.0
celana-pria,Celana pendek pria / Celana cargo pendek pria - Atalon Recovery Cargo Short Pants,Rp199.000,199000.0
celana-pria,Sweatpants Baggy Strees Celana Panjang Onepiece Pria Wanita Bahan Fleece Size M-XXL,Rp89.900,89900.0
celana-pria,Celana Panjang Pria Long Pants Fit Katun Twill Soft Non Stretch Nyaman Coklat Caramel 122306,Rp229.900,229900.0
celana-pria,Celana Panjang Pria Katun Chinos Slim Fit Cheers Mate Abu Tua 112502,Rp229.900,229900.0
celana-pria,Celana Panjang Cargo Kalibre Seaweed 980963,Rp450.000,450000.0
celana-pria,Celana Panjang Chinos Skinny Pria Cardinal C0026BB06E,Rp274.500,274500.0
celana-pria,RBJ Celana Chino Pendek Cotton Premium Regular Fit Pria,Rp199.000,199000.0
celana-pria,Celana Pendek Pria Chinos Ward Chino Abu Size 27-32 Twill Casual Santai,Rp99.000,99000.0
celana-pria,CASUALUXE Celana Pria Formal Slimfit Bahan Deep Light Grey / Celana Kerja Kantor Abu Muda,Rp189.000,189000.0
celana-pria,Decathlon QUECHUA Over Trousers Hiking Kedap Air Pria - NH500 Imper Celana Jas Hujan NH500 - 8796550,Rp419.000,419000.0
celana-pria,Celana Dalam Boxer Pria Cardinal V0026L01A,Rp135.000,135000.0
celana-pria,LGS - Celana Panjang Chinos - Double Pocket - Hitam - Regular Fit - CCT.777.A15.333.C,Rp237.000,237000.0
celana-pria,Cardinal Celana Pendek Bermuda Pria E0741BK05D,Rp299.500,299500.0
celana-pria,FOLX Active Venture Trousers,Rp396.890,396890.0
celana-pria,Cardinal Celana Panjang Skinny Pria E0132BK04C,Rp309.000,309000.0
celana-pria,Uniquee- Celana Chinos PANTS DEWASA 28 - 40 Karet Nyaman Stretch Pria Panjang Twill Chino Formal Kerja,Rp141.498,141498.0
celana-pria,"SmartCasual Set 3 : Kemeja Bowling, Celana Formal Pinggang Karet, Belt",Rp454.000,454000.0
celana-pria,Cardinal Celana Pendek Bermuda Slim Fit Pria E0569BK04A,Rp209.000,209000.0
celana-pria,Celana Pria Cartenz Tactical Callahan 01,Rp895.000,895000.0
celana-pria,Cardinal Celana Panjang Straight Cut Pria E0842BK12F,Rp259.000,259000.0
celana-pria,"DICKIES - Loose Fit Double Knee Pants, Silver - Celana Kerja (Inseam 32 Inch)",Rp963.900,963900.0
celana-pria,RBJ Celana Pendek Karet Polos Cotton Pria Hitam,Rp129.000,129000.0
celana-pria,POLICE Celana Chino Panjang Cotton Premium Stretch Regular Fit Pria,Rp299.000,299000.0
celana-pria,LAMLICKA MONOGRAM LOGO OG POCKET CAMPUS SHORT PANTS CELANA PENDEK STREETWEAR ORIGINAL BRANDED,Rp650.000,650000.0
celana-pria,PAKAJI Celana Cargo Panjang Pria hitam Premium 2483,Rp215.000,215000.0
celana-pria,KUZI PROJECT - Trackpants - Oliver - Camo - Grey - Motif 1 - Ns - Celana Trackpants - Celana Panjang Unisex Terbaru - Reguler fit,Rp149.999,149999.0
celana-pria,Carnos Rivers Celana Cargo Panjang Pria Reguler Brown,Rp169.000,169000.0
celana-pria,IOK Celana Jogger Pria Trendy Celana Panjang Casual Oversize Pants Training Celana Pinggang Tinggi High Waist Pants (CJ001),Rp129.000,129000.0
celana-pria,MOC - Celana Panjang Denim Pria Vitus - Grey,Rp229.000,229000.0
celana-pria,Cardinal Celana Panjang Chinos Skinny Pria C0096BK12B,Rp440.500,440500.0
celana-pria,Celana Dalam Brief Pria Cardinal V0010L10A,Rp135.000,135000.0
celana-pria,Trousary Celana Cargo Panjang Bahan American Twill Model Loose Fit Size S M L XL XXL 3XL 4XL 5XL,Rp204.000,204000.0
celana-pria,Celana Training Olahraga Panjang Gen Active - Celana Slim Fit Sport Lari Gym Hiking Outdoor,Rp263.100,263100.0
celana-pria,DGM Fashion Celana Chinos Polos Panjang Pria 6927,Rp135.000,135000.0
celana-pria,DGM Celana Tartan Pria Celana Panjang Pria Tartan Pants Pria 1504,Rp149.000,149000.0
celana-pria,"MEART - Cargo Long Pants Street ""Zipper"" Celana Cargo Panjang black Hitam Pria Stretch",Rp180.500,180500.0
celana-pria,Celana Panjang Chinos Slim Fit Pria Cardinal E0218BK03H,Rp259.000,259000.0
celana-pria,WOOD Slim Fit Chinos Pants 2-OPIBSC524O050 Grey,Rp449.900,449900.0
celana-pria,Epidemic Barrel Denim Pants Dead,Rp420.750,420750.0
celana-pria,Epidemic Baggy Denim Cargo Pants Vortex,Rp420.750,420750.0
celana-pria,CDL Celana Panjang Pria J0234BK06E,Rp275.000,275000.0
celana-pria,Believe Loosepants England Black,Rp159.900,159900.0
celana-pria,CDL Celana Panjang Slim Fit Pria J0015BK12E,Rp260.000,260000.0
celana-pria,AGLXY & Ensemble Botanical Division Shorts - Olive Green,Rp380.000,380000.0
celana-pria,"MC041 Celana Pendek Pria Santai bahan Scuba Stretch ""23 outline"" hitam",Rp143.000,143000.0
celana-pria,Cardinal Celana Panjang Chinos Straight Slim Pria C0088BK03D,Rp461.500,461500.0
celana-pria,Madless Celana Pendek | Nylon Shorts 02,Rp69.000,69000.0
celana-pria,Deus Ex Machina Indonesia - Imperial Poplin Short,Rp920.000,920000.0
celana-pria,EMOLINE Celana Pendek Pria Wanita Kolor Boxer Motif Kotak Kotak,Rp48.500,48500.0
celana-pria,FICHINO Short Pants Casual Purple - LA Series,Rp99.000,99000.0
celana-pria,Benidson Boxer Black Gloomy Dog,Rp65.000,65000.0
celana-pria,Moward - Boxer Cotton MWB045 Black | Celana pendek shorts pria Santai Katun,Rp49.000,49000.0
celana-pria,Mnst | Shortpants | Celana Pendek Boardshort | Monica,Rp65.000,65000.0
celana-pria,"BensMall | Celana Panjang Pria Slimfit Bahan Dasar Kain Katun Semi Woll Premium Quality Warna Abu tua Ukuran 27-38, Cocok Buat Kerja Kantor Acara Formal Maupun Casual Nyaman Dipakai",Rp110.963,110963.0
celana-pria,POLICE Celana Chino Panjang Cotton Premium Stretch Regular Fit Pria,Rp299.000,299000.0
celana-pria,"MC042 Celana Jogger Panjang Scuba ""thirddayco graffiti"" hitam",Rp175.000,175000.0
celana-pria,Celana Panjang Regular fit Pria Formal Kerja Kantor Bahan Kain Twist Teflon Tebal Nyaman Anti lecek Hitam High Quality Size 27-38,Rp150.000,150000.0
celana-pria,MORWICK - Cargo Celana Panjang Pria - Bane - Abu,Rp188.000,188000.0
celana-pria,Libra Celana Chino Pendek Khaki,Rp195.000,195000.0
celana-pria,Third Day MC021 Instacool pyjama celana pendek shorts Td hitam,Rp114.000,114000.0
celana-pria,Moxie Boardshort Short Pants Grey,Rp91.800,91800.0
celana-pria,BEACHWELL Celana Panjang Pria Linen Stripes Garis Katun - Bozzaline Trouser Pants Series All Varians,Rp429.000,429000.0
celana-pria,Long pants Cargo Krem HEMMEH,Rp560.000,560000.0
celana-pria,BOYSCODE Celana Pendek Chino Pria Short Pants Mocca Premium,Rp93.500,93500.0
blazer-jas-pria,Dasi Pria Motif Elegant Neck Tie Ukuran 8cm Warna Biru DS014,Rp59.000,59000.0
blazer-jas-pria,Collar Bar Lapel Pin Bros FLOWER LAPEL NINO PEACH,Rp79.000,79000.0
blazer-jas-pria,Dancus - Bow Tie Dasi Kupu Kupu Pria Elegan Formal Look BowTie Hitam Merah KP012,Rp55.000,55000.0
blazer-jas-pria,COVER JAS SARUNG JAS TEMPAT WAJAH JAS BLAZER HITAM MURAH,Rp32.800,32800.0
blazer-jas-pria,cufflinks cufflink manset french cuff shirt kancing wedding best man,Rp199.000,199000.0
blazer-jas-pria,Dasi NeckTie Slim Polos Wedding Best Man VIOLET RED BLACK LISTED TIE,Rp120.000,120000.0
blazer-jas-pria,Cufflinks jual cufflink untuk kemeja manset model french cuff,Rp150.000,150000.0
blazer-jas-pria,Cufflinks Manset Kancing Kemeja French Cuff RECTANGLE EDGE GREY GEM,Rp150.000,150000.0
blazer-jas-pria,Houseofcuff Jepit dasi / Pin tie 21,Rp89.000,89000.0
blazer-jas-pria,Cardinal Jas Slim Fit Pria F0027J02E,Rp1.183.000,1183000.0
blazer-jas-pria,HIJIKATA2 TIE DASI INSTANT DASI SEIFUKU JK uniform school dasi cosplay Japanese Korean Chinese,Rp35.000,35000.0
blazer-jas-pria,SHIRT SLEEVE GARTER non-slip elastic shirt garter penjepit lengan baju,Rp35.000,35000.0
blazer-jas-pria,Cufflinks Manset Kancing Kemeja French Cuff BRICKS GREEN CUFFLINKS,Rp150.000,150000.0
blazer-jas-pria,Jepit Dasi Pin Tie clasp Pin dasi HOUSEOFCUFF PIN TIE SILVER BEZEL 12,Rp89.000,89000.0
blazer-jas-pria,houseofcuff Bullet Cufflink,Rp150.000,150000.0
blazer-jas-pria,Setelan Jas Celana & Rompi Pria - Slim Fit - Peaky Series -Milo - Goldy,Rp495.000,495000.0
blazer-jas-pria,Bowtie Dasi Kupu Wedding Houseofcuff Dasi kupu kupu Merah Marun,Rp89.000,89000.0
blazer-jas-pria,Houseofcuff Lapel Pin Brooch Bros Untuk Jas Tusuk JJ019,Rp139.000,139000.0
blazer-jas-pria,Houseofcuff Cufflinks Kancing Lengan Kemeja Studded A002,Rp250.000,250000.0
blazer-jas-pria,Houseofcuff Lapel Pin Brooch Bros Untuk Jas Tusuk Gold A47,Rp139.000,139000.0
blazer-jas-pria,Houseofcuff Dasi Kupu Dan Pocket Square Bahan Linen Warna Merah Wine,Rp99.000,99000.0
blazer-jas-pria,Lapel Pin Bros Jas Wedding Best Man FLOWER LEAF PINK LAPEL,Rp139.000,139000.0
blazer-jas-pria,cufflinks cufflink manset french cuff shirt kancing wedding best man,Rp180.000,180000.0
blazer-jas-pria,Dasi Pria Motif Elegant Neck Tie Ukuran 8cm Warna Navy Bintik DS024,Rp59.000,59000.0
blazer-jas-pria,Houseofcuff Dasi Bolo Tie TWIN SKULL BOLO TIE GOLD,Rp180.000,180000.0
blazer-jas-pria,bowtie bow tie dasi kupu motif wedding best man neck tie,Rp89.000,89000.0
blazer-jas-pria,Bow Tie Dasi Kupu Kupu Houseofcuff BOWTIE MIX BLACK SKYBLUE,Rp89.000,89000.0
blazer-jas-pria,Dasi Neck Tie Slim Polos Wedding Best Man SQUARE BLUE LIGHT TIE,Rp119.000,119000.0
blazer-jas-pria,Bowtie Dasi Kupu Wedding Houseofcuff Dasi kupu kupu Satin Silver,Rp89.000,89000.0
blazer-jas-pria,Cufflinks Manset Kancing Kemeja French Cuff NAVI COMMANDO SILVER,Rp180.000,180000.0
blazer-jas-pria,Cufflinks Manset Kancing Kemeja French Cuf ROSE GOLD STUDDED CUFFLINKS,Rp250.000,250000.0
blazer-jas-pria,Cufflinks cufflinks manset handcuff kancing murah 33,Rp180.000,180000.0
blazer-jas-pria,Houseofcuff Bow Tie Dasi Kupu 18,Rp89.000,89000.0
blazer-jas-pria,TOMMY CUFFLINK - kancing manset kancing lengan kemeja,Rp55.000,55000.0
blazer-jas-pria,dasi kupu motif batik bow tie coklat instant pria wedding houseofcuff,Rp120.000,120000.0
blazer-jas-pria,Neck tie / Dasi panjang 31,Rp109.000,109000.0
blazer-jas-pria,Houseofcuff pocket square handkerchief sapu tangan X26,Rp75.000,75000.0
blazer-jas-pria,Houseofcuff Lapel Pin Bros Jas WHITE GOLD BEE LAPEL PIN - Emas Putih,Rp79.000,79000.0
blazer-jas-pria,Jepit Dasi Pin Tie clasp Pin dasi HOUSEOFCUFF SILVER SLIM PIN TIE 20,Rp89.000,89000.0
blazer-jas-pria,Houseofcuff Dasi Blue Soft Mint,Rp109.000,109000.0
blazer-jas-pria,Bowtie Dasi Kupu Anak Houseofcuff Dasi kupu kupu Hitam Junior,Rp89.000,89000.0
blazer-jas-pria,Cufflinks Manset Kancing Kemeja French Cuff ELIPS ORNAMENT CUFFLINKS,Rp150.000,150000.0
blazer-jas-pria,Cufflinks cufflinks manset handcuff kancing murah 26,Rp180.000,180000.0
blazer-jas-pria,cufflink kancing manset CAPTAIN AMERICA CUFFLINKS,Rp169.000,169000.0
blazer-jas-pria,Houseofcuff lapel pin brooch bros untuk jas RANTAI Gold JJ 003,Rp139.000,139000.0
blazer-jas-pria,Lapel Pin Bros Jas Wedding Best Man SHIELD BRONZE BROOCH,Rp139.000,139000.0
blazer-jas-pria,Houseofcuff Jepit Dasi Pin Tie clasp Pin Dasi Glasses Black Slim,Rp99.000,99000.0
blazer-jas-pria,Houseofcuff Dasi Panjang Bahan Katun Motif Garis Neck Tie Motif Garis,Rp150.000,150000.0
blazer-jas-pria,houseofcuff cufflinks kancing manset starwars rebel alliance,Rp180.000,180000.0
blazer-jas-pria,Houseofcuff Cufflinks Kancing Manset French Cuff Brick Abu,Rp150.000,150000.0
blazer-jas-pria,Houseofcuff cufflink kancing manset jepit Cufflinks Pin Tie Set Gold I,Rp185.000,185000.0
blazer-jas-pria,houseofcuff korsase bunga corsage brooch jas PEACH FLOWER LAPEL PIN,Rp139.000,139000.0
blazer-jas-pria,Bowtie Dasi Kupu Wedding Houseofcuff Dasi kupu kupu Pink Muda,Rp89.000,89000.0
blazer-jas-pria,Silk Knot Cufflinks jual cufflink untuk kemeja manset french cuff,Rp120.000,120000.0
blazer-jas-pria,Dasi Pria PROFUMO PR-75SO-04-RD,Rp370.500,370500.0
blazer-jas-pria,Pin JKI (Jelajah Kopi Indonesia) - Bros Aksesoris Pakaian / Penjepit Kerah,Rp65.000,65000.0
blazer-jas-pria,Collar Bar Lapel Pin Bros FLOWER LAPEL NINO BLACK,Rp79.000,79000.0
blazer-jas-pria,Cufflinks Manset Kancing Kemeja French Cuff SILVER WAR JET,Rp180.000,180000.0
blazer-jas-pria,YAOYOROZU TIE DASI INSTANT DASI SEIFUKU JK uniform school dasi cosplayJapanese Korean Chinese,Rp32.000,32000.0
blazer-jas-pria,Lapel Pin / Bros untuk Jas,Rp139.000,139000.0
blazer-jas-pria,Bowtie Dasi Kupu Wedding Houseofcuff Dasi kupu kupu Ungu Muda,Rp89.000,89000.0
blazer-jas-pria,Dasi Resleting Pria PROFUMO PR-75ZPS-42-BN Zipper Tie,Rp335.200,335200.0
blazer-jas-pria,Bow Tie Manual / Self Tie Bow Tie murah,Rp155.000,155000.0
blazer-jas-pria,Bowtie Dasi Kupu Wedding Houseofcuff Dasi kupu kupu Pink Muda,Rp89.000,89000.0
blazer-jas-pria,houseofcuff korsase bunga corsage brooch PASTEL LIGHT FLOWER LAPEL PIN,Rp139.000,139000.0
blazer-jas-pria,YAOYOROZU TIE DASI INSTANT DASI SEIFUKU JK uniform school dasi cosplayJapanese Korean Chinese,Rp32.000,32000.0
blazer-jas-pria,Lapel Pin / Bros untuk Jas,Rp139.000,139000.0
blazer-jas-pria,bowtie bow tie dasi kupu motif wedding best man neck tie,Rp89.000,89000.0
blazer-jas-pria,Houseofcuff Lapel Pin Bros Jas Deer Gold Chain Lapel Pin,Rp139.000,139000.0
blazer-jas-pria,Pin Tie Jepit Dasi Slim silver I houseofcuff,Rp89.000,89000.0
blazer-jas-pria,houseofcuff korsase bunga corsage brooch SMALL BLACK FLOWER LAPEL PIN,Rp99.000,99000.0
blazer-jas-pria,Dasi Neck Tie Slim Polos Wedding Best Man SQUARE GREEN LIME TIE,Rp99.000,99000.0
blazer-jas-pria,Houseofcuff Dasi Blue Mint,Rp109.000,109000.0
blazer-jas-pria,Dasi Neck Tie Motif Wedding Best Man DARK RED PAISLEY BATIK TIE,Rp170.000,170000.0
blazer-jas-pria,houseofcuff cufflink kancing manset LINE RECTANGLE CUFFLINKS,Rp150.000,150000.0
blazer-jas-pria,Bros Mutiara Double-C Mewah Ringan Aksesoris Jas Kardigan Bros Jaket,Rp16.599,16599.0
blazer-jas-pria,Houseofcuff Dasi Kupu Dan Pocket Square Bahan Linen Warna Lime,Rp99.000,99000.0
blazer-jas-pria,Houseofcuff Dasi Kupu Bowtie Pocket Square Saputangan Biru ElektrikA49,Rp99.000,99000.0
blazer-jas-pria,Neck tie / Dasi panjang 05,Rp99.000,99000.0
blazer-jas-pria,Houseofcuff Lapel Pin Brooch Bros Untuk Jas Tusuk Putih A72,Rp79.000,79000.0
blazer-jas-pria,Houseofcuff Cufflinks Manset WOLF FINAL FANTASY CUFFLINKS,Rp169.000,169000.0
blazer-jas-pria,NIHONMART Dasi Pria Motif Elegant Neck Tie,Rp57.230,57230.0
blazer-jas-pria,Houseofcuff lapel pin brooch bros untuk jas TUSUK GOLD II,Rp139.000,139000.0
blazer-jas-pria,Dasi Kupu Kupu Oversize Bowtie Wedding Bahan Suede Beludru Semua Warna,Rp166.600,166600.0
blazer-jas-pria,Houseofcuff dasi kupu pria bowtie pocket square bludru,Rp130.000,130000.0
blazer-jas-pria,Houseofcuff Lapel Pin Brooch Bros Untuk Jas Tusuk Silver A31,Rp139.000,139000.0
blazer-jas-pria,Houseofcuff Pin Tie Jepit Dasi Slim Silver A22,Rp99.000,99000.0
blazer-jas-pria,Houseofcuff Cufflinks Manset Kemeja CLOVER BLACK CUFFLINKS,Rp140.000,140000.0
blazer-jas-pria,Houseofcuff Cufflinks Kancing Manset French Cuff Brick Krem,Rp150.000,150000.0
blazer-jas-pria,Houseofcuff Lapel Pin Brooch Bros Untuk Jas Tusuk Gold A50,Rp139.000,139000.0
blazer-jas-pria,Houseofcuff CUFFLINK Manset Kancing Bricks CUFFLINKS X04,Rp169.000,169000.0
blazer-jas-pria,Dasi Pria PROFUMO PR-75SO-04-MR,Rp370.500,370500.0
blazer-jas-pria,Dasi Pria PROFUMO PR-75SO-36-BN Neck Tie,Rp312.000,312000.0
blazer-jas-pria,Dasi Pria Motif Elegant Neck Tie Ukuran 8cm Warna Navy DS009,Rp59.000,59000.0
blazer-jas-pria,RICARDO - suspender bretel pantalon - FREE BOX !,Rp119.000,119000.0
blazer-jas-pria,Houseofcuff Barca Cufflink,Rp150.000,150000.0
blazer-jas-pria,Bowtie Dasi Kupu Anak Houseofcuff Dasi kupu kupu Merah Junior,Rp89.000,89000.0
blazer-jas-pria,Cufflinks cufflinks manset handcuff kancing murah 63,Rp150.000,150000.0
blazer-jas-pria,ZM x Meccanism - Daila Manset Kaos Baju Premium Turtle Neck - Tangan Panjang Muslim Rayon,Rp125.000,125000.0
blazer-jas-pria,TRILIVE - Jas Formal Pria Dewasa Slimfit High Twiss,Rp285.000,285000.0
blazer-jas-pria,Houseofcuff Lapel Pin Bros Jas Wedding Best Man FLOWER LEAF RED DARK,Rp139.000,139000.0
blazer-jas-pria,houseofcuff korsase bunga corsage brooch jas PASTEL LIGHT YELLOW LAPEL,Rp139.000,139000.0
blazer-jas-pria,Houseofcuff Lapel Pin Brooch Rusa Deer Pin Jas,Rp139.000,139000.0
blazer-jas-pria,Dasi kupu kupu yellow bow tie,Rp89.000,89000.0
blazer-jas-pria,Bow Tie Dasi Kupu Kupu Houseofcuff BOWTIE MIX BLACK BLUEDARK,Rp89.000,89000.0
blazer-jas-pria,Jas Formal Hitam Big Size Dewasa Bapak Super Jumbo XXL-10XL Muat BB 150Kg LD 152 LD 140 LD 130 LD 120 Baju Resmi Blazer Kantor Kerja Pelantikan Jabatan Wisuda Kuliah Pernikahan Pengantin Semi Casual,Rp485.000,485000.0
blazer-jas-pria,Houseofcuff Cufflinks Manset SQUARE MULTI STUDDED CRYSTAL GOLD,Rp199.000,199000.0
blazer-jas-pria,Houseofcuff Dasi Blue Bright,Rp109.000,109000.0
blazer-jas-pria,houseofcuff lapel pin brooch rantai jas pria silver black stonee,Rp139.000,139000.0
blazer-jas-pria,Neck tie / Dasi panjang 39,Rp89.000,89000.0
blazer-jas-pria,Goldy Outfit - Dasi Panjang Formal Motif Premium,Rp79.000,79000.0
blazer-jas-pria,Bowtie Dasi Kupu Houseofcuff Dasi kupu kupu Satin Pink Fushia,Rp89.000,89000.0
blazer-jas-pria,Dasi kupu kupu orange dark bow tie,Rp89.000,89000.0
blazer-jas-pria,Cufflink Cufflinks Manset Kancing Kemeja French Cuff CIRCLE BW 008 CUF,Rp150.000,150000.0
blazer-jas-pria,Dancus - Bow Tie Dasi Kupu Kupu Pria Elegan Formal Look BowTie Merah Salur KP04,Rp55.000,55000.0
blazer-jas-pria,Cardinal Jas Pria F4076J01A,Rp1.183.000,1183000.0
blazer-jas-pria,REMEDY Outer Linen Set Pria Panjang Putih - Salt Blazer Set,Rp1.149.000,1149000.0
blazer-jas-pria,VeE Cincin Pria Batu Giok Hitam - Batu Akik CGH07,Rp99.000,99000.0
blazer-jas-pria,Houseofcuff Circle Studded Blue Gem Cufflinks,Rp180.000,180000.0
blazer-jas-pria,Cufflinks Manset Kancing Kemeja French Cuff RECTANGLE EDGE BLACK GEM,Rp150.000,150000.0
blazer-jas-pria,houseofcuff korsase bunga corsage brooch PIN PASTEL NAVY FLOWER LAPEL,Rp139.000,139000.0
blazer-jas-pria,Jstro Jas Blazer Pria Katun Twil Hitam Formal Blazer Double Breasted,Rp200.000,200000.0
blazer-jas-pria,Houseofcuff Pin Tie Jepit Dasi Slim Silver A14,Rp99.000,99000.0
blazer-jas-pria,Houseofcuff Lapel Pin Brooch Bros Untuk Jas Tusuk Silver A63,Rp79.000,79000.0
blazer-jas-pria,Formal Set 6 : Jas + Sepatu + Turtle neck Lengan Panjang,Rp2.610.000,2610000.0
blazer-jas-pria,Bowtie Dasi Kupu Wedding Houseofcuff Dasi kupu kupu Ungu Muda,Rp89.000,89000.0
blazer-jas-pria,Dasi Resleting Pria PROFUMO PR-75ZPS-42-BN Zipper Tie,Rp335.200,335200.0
blazer-jas-pria,Bow Tie Manual / Self Tie Bow Tie murah,Rp155.000,155000.0
blazer-jas-pria,Bowtie Dasi Kupu Wedding Houseofcuff Dasi kupu kupu Pink Muda,Rp89.000,89000.0
blazer-jas-pria,houseofcuff korsase bunga corsage brooch PASTEL LIGHT FLOWER LAPEL PIN,Rp139.000,139000.0
blazer-jas-pria,Houseofcuff cufflinks & jepit dasi pin tie set warna silver X012,Rp250.000,250000.0
blazer-jas-pria,Houseofcuff Cufflinks Kancing Manset Knot Putih,Rp99.000,99000.0
blazer-jas-pria,Houseofcuff Cufflinks Manset Kancing Kemeja ARTICHOKE SILVER,Rp185.000,185000.0
blazer-jas-pria,Jstro Jas Blazer Pria Katun Twil Hitam Formal Blazer Double Breasted,Rp200.000,200000.0
blazer-jas-pria,Houseofcuff pocket square handkerchief sapu tangan putih list cream muda,Rp75.000,75000.0
blazer-jas-pria,Formal Set 6 : Jas + Sepatu + Turtle neck Lengan Panjang,Rp2.610.000,2610000.0
blazer-jas-pria,Houseofcuff lapel pin brooch bros untuk jas TUSUK HITAM A14,Rp79.000,79000.0
blazer-jas-pria,Houseofcuff lapel pin brooch bros untuk jas TUSUK SILVER PP,Rp139.000,139000.0
blazer-jas-pria,oversize bowtie besar wedding pocket square cufflinks beludru suede,Rp200.000,200000.0
blazer-jas-pria,Lapel pin collar bar/bross untuk jas 19,Rp139.000,139000.0
blazer-jas-pria,Cufflinks Manset Kancing Kemeja French Cuff GUITAR SILVER CUFFLINKS,Rp180.000,180000.0
blazer-jas-pria,Dancus - Bow Tie Dasi Kupu Kupu Pria Elegan Formal Look BowTie Hitam Polos KP01,Rp55.000,55000.0
blazer-jas-pria,Dancus - Bow Tie Dasi Kupu Kupu Pria Elegan Formal Look BowTie Merah Hitam KP011,Rp55.000,55000.0
blazer-jas-pria,Mybamus Syaza Manset Leher Premium Basic Inner Super Adem Rayon Wanita Karet Dalaman,Rp29.000,29000.0
blazer-jas-pria,WEDDING PARTY SCARF - dasi pesta wedding scarf,Rp85.000,85000.0
blazer-jas-pria,Pin Tie Jepit Dasi Slim silver J houseofcuff,Rp89.000,89000.0
blazer-jas-pria,Pin Tie Jepit Dasi Slim silver C houseofcuff,Rp89.000,89000.0
blazer-jas-pria,Goldy Outfit Setelan Jas Celana & Rompi Mustard - Vente Series,Rp435.000,435000.0
blazer-jas-pria,Collar Bar Lapel pin Bros Jas Wedding Best Man FLOWER SATIN PINK DUSTY,Rp139.000,139000.0
blazer-jas-pria,Cufflinks cufflinks manset handcuff kancing murah 99,Rp150.000,150000.0
blazer-jas-pria,Houseofcuff lapel pin brooch bros untuk jas TUSUK GOLD LL,Rp139.000,139000.0
blazer-jas-pria,Cufflinks jual cufflink untuk kemeja manset model french cuff,Rp199.000,199000.0
blazer-jas-pria,Goldy Outfit - Dasi Kupu Premium Motif Tie,Rp39.000,39000.0
blazer-jas-pria,Youngsung Exclusive - Jas Pria Jumbo Hitam Formal Dewasa Wisuda Big Size XXL XXXL 4XL 5XL 6XL 7XL 8XL 9XL 10XL,Rp199.000,199000.0
blazer-jas-pria,Trilive - Jas Jaket Formal Pria / Jasket Coach Zipper Seleting Casual,Rp229.000,229000.0
blazer-jas-pria,bowtie bow tie dasi kupu motif wedding best man neck tie,Rp89.000,89000.0
blazer-jas-pria,Cufflinks cufflinks manset handcuff kancing murah 96,Rp150.000,150000.0
blazer-jas-pria,Cufflinks jual cufflink untuk kemeja manset model french cuff,Rp150.000,150000.0
blazer-jas-pria,Setelan Jas Celana Pria - Hitam - Slim Fit - New Hotma Series - Goldy,Rp649.000,649000.0
blazer-jas-pria,Bow Tie Dasi Kupu Kupu Houseofcuff WHITE LINED BOW TIE,Rp89.000,89000.0
blazer-jas-pria,Houseofcuff Lapel Pin Bros Jas Deer Silver Chain Lapel Pin,Rp139.000,139000.0
blazer-jas-pria,Bowtie Dasi Kupu Wedding Best Man Dasi kupu kupu brown bow tie,Rp89.000,89000.0
blazer-jas-pria,Lapel pin collar bar/bross untuk jas 17,Rp139.000,139000.0
blazer-jas-pria,Houseofcuff pocket square handkerchief sapu tangan X25,Rp75.000,75000.0
blazer-jas-pria,Setelan Jas & Celana Merah Maroon - Hotma Series - Goldy outfit,Rp649.000,649000.0
blazer-jas-pria,Houseofcuff Corsage Lapel In Korsase Bunga Dusty Cream,Rp139.000,139000.0
blazer-jas-pria,korsase bunga wedding pria bungadada corsage bungapengantin,Rp40.000,40000.0
blazer-jas-pria,Houseofcuff lapel pin brooch bros untuk jas TUSUK GOLD EE,Rp139.000,139000.0
blazer-jas-pria,Dasi Neck Tie Slim Polos Wedding Best Man SQUARE PURPLE TIE,Rp119.000,119000.0
blazer-jas-pria,Blazer Linen Pria Warna Cream Garis by REMEDY - Diaz Linen Blazer,Rp999.000,999000.0
blazer-jas-pria,Houseofcuff Lapel Pin Brooch Bros Untuk Jas Tusuk Silver A78,Rp79.000,79000.0
blazer-jas-pria,CUFFLINK CUFFLINKS MANSET KANCING KEMEJA FRENCH CUFF RED BOXING,Rp180.000,180000.0
blazer-jas-pria,Cufflinks cufflinks manset handcuff kancing murah 60,Rp150.000,150000.0
blazer-jas-pria,Houseofcuff Dasi Ruche Tie RUCHE BLUE FLOWER,Rp150.000,150000.0
blazer-jas-pria,Houseofcuff pocket square handkerchief sapu tangan X24,Rp75.000,75000.0
blazer-jas-pria,Cufflinks Manset Kancing Kemeja French Cuff BICYCLE BLACK CUFFLINKS,Rp180.000,180000.0
blazer-jas-pria,Cufflinks cufflinks manset handcuff kancing murah 91,Rp150.000,150000.0
blazer-jas-pria,Houseofcuff Dasi Kupu Bowtie Pocket Square Saputangan Pink Salur A36,Rp99.000,99000.0
blazer-jas-pria,houseofcuff jepit dasi pin tie penjepit dasi polos warna gold emas,Rp99.000,99000.0
blazer-jas-pria,Houseofcuff Dasi Turqouise,Rp109.000,109000.0
blazer-jas-pria,dasi kupu motif batik burung bow tie instant pria wedding houseofcuff,Rp114.400,114400.0
blazer-jas-pria,Houseofcuff lapel pin brooch bros untuk jas TUSUK HITAM A06,Rp79.000,79000.0
blazer-jas-pria,Houseofcuff cufflinks & jepit dasi pin tie set warna gold X025,Rp250.000,250000.0
blazer-jas-pria,houseofcuff lapel pin brooch rantai jas pria Patzy silver,Rp139.000,139000.0
blazer-jas-pria,dasi kupu motif batik merah A bow tie instant pria wedding houseofcuff,Rp114.400,114400.0
blazer-jas-pria,Houseofcuff lapel pin brooch bros untuk jas TUSUK SILVER HH,Rp139.000,139000.0
blazer-jas-pria,Houseofcuff Dasi Kupu Bowtie Pocket Square Saputangan Krem A10,Rp99.000,99000.0
blazer-jas-pria,Collar Bar Lapel Pin Bros FLOWER LAPEL NINO PURPLE,Rp79.000,79000.0
blazer-jas-pria,Dancus - Bow Tie Dasi Kupu Kupu Pria Elegan Formal Look BowTie Hitam Salur KP03,Rp55.000,55000.0
blazer-jas-pria,cufflinks untuk kemeja manset model french cuff LEATHER BLUE,Rp199.000,199000.0
blazer-jas-pria,Neck tie / Dasi panjang 03,Rp99.000,99000.0
blazer-jas-pria,Houseofcuff Pocket Square Saputangan Jas Aksesoris Pria Y02,Rp100.000,100000.0
blazer-jas-pria,FORMAL SET 4 : Suit Blazer Hitam + Celana bahan Formal Hitam,Rp2.005.000,2005000.0
blazer-jas-pria,dasi kupu batik putih bow tie instant pria wedding houseofcuff,Rp114.400,114400.0
blazer-jas-pria,Dasi Formal Premium Untuk Acara Pernikahan Bisnis Kerja,Rp69.000,69000.0
blazer-jas-pria,Cufflink Cufflinks Manset Kancing Kemeja French Cuff CIRCLE BW 001 CUF,Rp150.000,150000.0
blazer-jas-pria,Silk Knot Blue White Cufflink,Rp120.000,120000.0
blazer-jas-pria,Cufflinks Manset Kancing Kemeja French Cuff DRAGON SILVER CUFFLINKS,Rp180.000,180000.0
blazer-jas-pria,BOW TIE DASI KUPU KUPU WEDDING BEST MAN POLOS READY STOCK SEMUA WARNA,Rp89.000,89000.0
blazer-jas-pria,Houseofcuff Dasi Neck Tie Black Silver Batik Center Neck Tie,Rp150.000,150000.0
blazer-jas-pria,RAFAEL - PAKET EXCLUSIVE 3IN1 : dasi + sapu tangan + cuff link wedding,Rp109.000,109000.0
blazer-jas-pria,JAPANESE ANIME FOX TIE - DASI MANUAL dasi korea dasi anime dasi cospla,Rp22.000,22000.0
blazer-jas-pria,Cufflink Cufflinks Manset Kancing Kemeja French Cuff CIRCLE BW 002 CUF,Rp150.000,150000.0
blazer-jas-pria,Houseofcuff Purple Black Knit Bow,Rp150.000,150000.0
blazer-jas-pria,Houseofcuff Dasi Orange Light,Rp109.000,109000.0
blazer-jas-pria,Silk Knot Cufflinks jual cufflink untuk kemeja manset french cuff,Rp120.000,120000.0
blazer-jas-pria,Houseofcuff Dasi Golden Yellow,Rp109.000,109000.0
blazer-jas-pria,SEBASTIAN - Dasi instant dasi skinny dasi siap pakai dasi formal,Rp59.000,59000.0
blazer-jas-pria,Bowtie Dasi Kupu Wedding Houseofcuff Dasi kupu kupu Dark Wine,Rp89.000,89000.0
blazer-jas-pria,Houseofcuff Pocket Square Saputangan Jas Aksesoris Pria Y12,Rp75.000,75000.0
blazer-jas-pria,Cufflinks Manset U/ French Cuff Shirt SQUARE MULTI ORNAMENT CUFFLINKS,Rp180.000,180000.0
blazer-jas-pria,Youngsung - Jas Pengantin Pria Hitam List Premium Elegant Semi Casual Blazer Wisuda Slim Fit,Rp266.000,266000.0
blazer-jas-pria,[Alfamidi LINK]bros jilbab simple elegan / Klip cardigan aksesoris kerah kemeja hiasan busana tidak mudah rusak,Rp14.900,14900.0
blazer-jas-pria,Dasi Pria Motif Elegant Neck Tie Ukuran 8cm Warna Navy DS002,Rp59.000,59000.0
blazer-jas-pria,Dasi Resleting Pria PROFUMO PR-75ZPS-36-DB Zipper Tie,Rp335.200,335200.0
blazer-jas-pria,Cufflinks jual cufflink untuk kemeja manset model french cuff,Rp199.000,199000.0
blazer-jas-pria,VeE Cincin Pria Batu Giok Hitam - Batu Akik CGH14,Rp99.000,99000.0
blazer-jas-pria,houseofcuff Cufflinks Kancing Lengan Manset Calaveras & Flower,Rp150.000,150000.0
blazer-jas-pria,BIA x Meccanism - Daila Manset Kaos Baju Premium Turtle Neck - Tangan Panjang,Rp119.000,119000.0
blazer-jas-pria,Houseofcuff dasi panjang motif garis neck tie limited edition pattern,Rp150.000,150000.0
blazer-jas-pria,Bowtie Dasi Kupu Polos Motif PINK BOW,Rp99.000,99000.0
blazer-jas-pria,Houseofcuff Dasi Kupu Bowtie Pocket Square Saputangan White A43,Rp99.000,99000.0
blazer-jas-pria,Houseofcuff Dasi Kupu Bowtie Pocket Square Saputangan Salur Hitam A20,Rp99.000,99000.0
blazer-jas-pria,Houseofcuff Cufflinks Kancing Lengan Kemeja Studded A003,Rp250.000,250000.0
blazer-jas-pria,Houseofcuff cufflink kancing manset jepit Cufflinks Pin Tie Set Gold C,Rp185.000,185000.0
blazer-jas-pria,Houseofcuff Lapel Pin Brooch Bros Untuk Jas Tusuk JJ008,Rp139.000,139000.0
blazer-jas-pria,Stud Button Kancing Kemeja Tuxedo Cufflinks Studs Button,Rp290.000,290000.0
blazer-jas-pria,dasi kupu motif batik putih A bow tie instant pria wedding houseofcuff,Rp114.400,114400.0
blazer-jas-pria,Houseofcuff Lapel Pin Brooch Bros Untuk Jas Tusuk Hitam A09,Rp79.000,79000.0
blazer-jas-pria,Houseofcuff lapel pin brooch bros untuk jas TUSUK ROSE GOLD GG,Rp139.000,139000.0
blazer-jas-pria,dasi kupu motif hitam a batik bow tie instant pria wedding houseofcuff,Rp114.400,114400.0
blazer-jas-pria,Houseofcuff lapel pin brooch bros untuk jas RANTAI GOLD FF,Rp139.000,139000.0
blazer-jas-pria,Houseofcuff Lapel Pin Brooch Bros Untuk Jas Tusuk Silver A80,Rp79.000,79000.0
blazer-jas-pria,Houseofcuff cufflink kancing manset jepit Cufflinks Pin Tie Set Gold F,Rp185.000,185000.0
blazer-jas-pria,houseofcuff cufflink kancing manset ROSE GOLD GEAR STEAMPUNK CUFFLINKS,Rp600.000,600000.0
blazer-jas-pria,Houseofcuff Jepit Dasi Pin Tie clasp Pin Dasi Glasses Gold Slim,Rp99.000,99000.0
blazer-jas-pria,Houseofcuff Dasi Kupu Manual Self Tie Bow Tie Wedding Best Man Black A,Rp166.600,166600.0
blazer-jas-pria,Houseofcuff lapel pin brooch bros untuk jas TUSUK QQ,Rp139.000,139000.0
blazer-jas-pria,Dasi Resleting Pria PROFUMO PR-75ZPS-42-BN Zipper Tie,Rp335.200,335200.0
blazer-jas-pria,URESHII - DASI INSTANT DASI COSPLAY dasi siap pakai dasi sekolah,Rp45.000,45000.0
blazer-jas-pria,RITZ - bow tie dasi kupu-kupu dasi anak,Rp19.100,19100.0
blazer-jas-pria,TOBIAS CUFFLINK - kancing manset kancing lengan kemeja,Rp59.000,59000.0
blazer-jas-pria,Houseofcuff Pocket Square Saputangan Jas Aksesoris Pria Y15,Rp75.000,75000.0
blazer-jas-pria,NECK TIE DASI BATIK SLIM FIT READY STOCK UNTUK WEDDING / PERUSAHAAN,Rp150.000,150000.0
blazer-jas-pria,RED DOFF SLIM JEPIT DASI PIN TIE SLIM REGULAR TIE CLASP KLIP DASI,Rp120.000,120000.0
blazer-jas-pria,Bowtie Dasi Kupu Motif Polka All Color Bowtie Listed,Rp99.000,99000.0
blazer-jas-pria,Houseofcuff Lapel Pin Brooch Bros Sheriff S02,Rp139.000,139000.0
blazer-jas-pria,houseofcuff korsase bunga corsage brooch SMALL BLUE FLOWER LAPEL PIN,Rp99.000,99000.0
blazer-jas-pria,BREWYN GIFT BOX KOTAK KADO HADIAH,Rp22.000,22000.0
blazer-jas-pria,Cufflinks cufflinks manset handcuff kancing murah 29,Rp150.000,150000.0
blazer-jas-pria,Houseofcuff Pin Tie Jepit Dasi Slim Gold A19,Rp99.000,99000.0
blazer-jas-pria,Bow Tie Dasi Kupu Kupu Houseofcuff BOWTIE MIX BLACK BLUE NAVY,Rp89.000,89000.0
blazer-jas-pria,Houseofcuff Lapel Pin Brooch Bros Untuk Jas Tusuk Gold A101,Rp79.000,79000.0
blazer-jas-pria,Cufflink Cufflinks Manset Kancing Kemeja French Cuff RECTANGLE BW 002,Rp150.000,150000.0
blazer-jas-pria,Houseofcuff Jepit dasi / Pin tie 01,Rp89.000,89000.0
blazer-jas-pria,Neck tie / Dasi panjang 03,Rp99.000,99000.0
blazer-jas-pria,Houseofcuff Pocket Square Saputangan Jas Aksesoris Pria Y02,Rp100.000,100000.0
blazer-jas-pria,FORMAL SET 4 : Suit Blazer Hitam + Celana bahan Formal Hitam,Rp2.005.000,2005000.0
blazer-jas-pria,dasi kupu batik putih bow tie instant pria wedding houseofcuff,Rp114.400,114400.0
blazer-jas-pria,Dasi Formal Premium Untuk Acara Pernikahan Bisnis Kerja,Rp69.000,69000.0
blazer-jas-pria,Houseofcuff Cufflinks Agent Of Shield Avengers Cufflinks,Rp169.000,169000.0
blazer-jas-pria,Houseofcuff Lapel Pin Brooch Bros Untuk Jas Tusuk Putih A27,Rp79.000,79000.0
blazer-jas-pria,Houseofcuff Cufflinks Manset SQUARE MULTI STUDDED CRYSTAL CUFFLINKS,Rp185.000,185000.0
blazer-jas-pria,Houseofcuff Quickmark Cufflink,Rp180.000,180000.0
blazer-jas-pria,Houseofcuff Dasi Kupu Dan Pocket Square Bahan Linen Warna Abu,Rp99.000,99000.0
blazer-jas-pria,AIZEN - All-in-one Skin Repair Triple Set 1,Rp374.400,374400.0
blazer-jas-pria,Houseofcuff Dasi Neck Tie Brown Yellow Batik Center Neck Tie,Rp150.000,150000.0
blazer-jas-pria,Cufflinks Manset Kancing Kemeja French Cuff STAR FIGHTER CUFFLINKS,Rp180.000,180000.0
blazer-jas-pria,Dasi Resleting Pria PROFUMO PR-75ZPS-42-BN Zipper Tie,Rp335.200,335200.0
blazer-jas-pria,Dasi Pria Motif Elegant Neck Tie Ukuran 8cm Warna Biru DS011,Rp59.000,59000.0
blazer-jas-pria,RITZ - bow tie dasi kupu-kupu dasi anak,Rp19.100,19100.0
blazer-jas-pria,URESHII - DASI INSTANT DASI COSPLAY dasi siap pakai dasi sekolah,Rp45.000,45000.0
blazer-jas-pria,NECK TIE DASI BATIK SLIM FIT READY STOCK UNTUK WEDDING / PERUSAHAAN,Rp150.000,150000.0
blazer-jas-pria,TOBIAS CUFFLINK - kancing manset kancing lengan kemeja,Rp59.000,59000.0
blazer-jas-pria,RED DOFF SLIM JEPIT DASI PIN TIE SLIM REGULAR TIE CLASP KLIP DASI,Rp120.000,120000.0
blazer-jas-pria,Bow Tie Dasi Kupu Kupu Houseofcuff BOWTIE MIX BLACK BLUE NAVY,Rp89.000,89000.0
blazer-jas-pria,Houseofcuff Lapel Pin Brooch Bros Untuk Jas Tusuk Gold A101,Rp79.000,79000.0
blazer-jas-pria,Houseofcuff Pin Tie Jepit Dasi Slim Gold A19,Rp99.000,99000.0
blazer-jas-pria,Houseofcuff Pocket Square Saputangan Jas Aksesoris Pria Y15,Rp75.000,75000.0
blazer-jas-pria,Cufflink Cufflinks Manset Kancing Kemeja French Cuff RECTANGLE BW 002,Rp150.000,150000.0
blazer-jas-pria,Cufflinks cufflinks manset handcuff kancing murah 29,Rp150.000,150000.0
blazer-jas-pria,Bowtie Dasi Kupu Motif Polka All Color Bowtie Listed,Rp99.000,99000.0
blazer-jas-pria,Houseofcuff Lapel Pin Brooch Bros Jas Pria Lebah B01,Rp139.000,139000.0
blazer-jas-pria,Cufflinks cufflinks manset handcuff kancing murah 101,Rp139.000,139000.0
blazer-jas-pria,Youngsung - Setelan Jas Formal Pria Hitam Celana Wisuda Big Size Jumbo 4XL 5XL 6XL 7XL 8XL 9XL 10XL,Rp600.000,600000.0
blazer-jas-pria,Houseofcuff Cufflinks SQUARE MULTI STUDDED CRYSTAL GOLD CUFFLINKS,Rp199.000,199000.0
blazer-jas-pria,Dasi Resleting Pria PROFUMO PR-75ZP-01-PL Purple Zipper Tie,Rp398.050,398050.0
blazer-jas-pria,WELLEN PRINT – Cetak Pin Akrilik Custom / Print Bros Acrylic Badge Aksesoris Tas Lucu / Brooch Peniti Karakter Dekorasi Hiasan Topi Unik Souvenir & Hadiah Unik,Rp6.500,6500.0
blazer-jas-pria,Bowtie Dasi Kupu Wedding bestman Houseofcuff Dasi kupu kupu Biru,Rp89.000,89000.0
blazer-jas-pria,Cufflink Cufflinks Manset Handcuff Kancing Murah 01,Rp199.000,199000.0
blazer-jas-pria,Pin Tie Jepit Dasi Slim SIlver L houseofcuff,Rp89.000,89000.0
blazer-jas-pria,Dasi Neck Tie Slim Polos Wedding Best Man SQUARE BLUE DARK TIE,Rp99.000,99000.0
blazer-jas-pria,Cufflinks Manset Kancing Kemeja French Cuff SILVER BLACK SQUARE,Rp150.000,150000.0
blazer-jas-pria,Jepit dasi / Pin Tie ber motif,Rp89.000,89000.0
blazer-jas-pria,bowtie bow tie dasi kupu motif wedding best man neck tie,Rp89.000,89000.0
blazer-jas-pria,Houseofcuff cufflinks cufflink kancing manset indonesia wayang barong,Rp199.000,199000.0
blazer-jas-pria,Pin Tie Jepit Dasi Slim silver D houseofcuff,Rp89.000,89000.0
blazer-jas-pria,Silk Knot Cufflinks jual cufflink untuk kemeja manset french cuff,Rp120.000,120000.0
blazer-jas-pria,Houseofcuff Lapel Pin Bros Jas Wedding Best Man FLOWER LEAF ROSE GOLD,Rp139.000,139000.0
blazer-jas-pria,houseofcuff pin garuda indonesia emas lapel pin jas,Rp130.000,130000.0
blazer-jas-pria,Dasi Pita dan Kupu-Kupu Cowok Cewek untuk Perempuan dan Laki-Laki,Rp15.000,15000.0
blazer-jas-pria,Houseofcuff Dasi Kupu Bowtie Polka All Color,Rp89.000,89000.0
blazer-jas-pria,BLUE PAISLEY BATIK TIEBLUE PAISLEY BATIK TIE,Rp150.000,150000.0
blazer-jas-pria,Lapel Pin Bros Jas Wedding Best Man FLOWER LEAF BLUE BRIGHT LAPEL,Rp139.000,139000.0
blazer-jas-pria,VeE Cincin Pria Batu Kecubung Ungu - Batu Akik CP05,Rp99.000,99000.0
blazer-jas-pria,Houseofcuff Bowtie Dasi Kupu COOPER GOLD NECK TIE - Emas,Rp89.000,89000.0
blazer-jas-pria,cufflink kancing manset THANOS AVENGERS MARVEL CUFFLINKS,Rp169.000,169000.0
blazer-jas-pria,Lapel Pin Bros Jas Wedding Best Man FLOWER LEAF BLUE LAPEL,Rp139.000,139000.0
blazer-jas-pria,Cufflinks Manset U/ French Cuff Shirt RECTANGLE CLEAR GEM CUFFLINKS,Rp180.000,180000.0
blazer-jas-pria,Houseofcuff Cufflinks Kancing Manset Knot Hitam,Rp99.000,99000.0
blazer-jas-pria,Houseofcuff Dasi Kupu Dan Pocket Square Bahan Linen Warna Pink Soft,Rp99.000,99000.0
blazer-jas-pria,Houseofcuff cufflink jepit dasi Cufflinks Pin Tie Set Silver E,Rp185.000,185000.0
blazer-jas-pria,Groomsmen box bestman cufflinks dasi wedding bowtie PACKAGE,Rp375.000,375000.0
blazer-jas-pria,Houseofcuff Lapel Pin Brooch Bros Untuk Jas Tusuk Hitam A13,Rp79.000,79000.0
blazer-jas-pria,Houseofcuff Lapel Pin Brooch Bros Untuk Jas Tusuk Hitam A05,Rp79.000,79000.0
blazer-jas-pria,Houseofcuff Cufflinks Manset Kemeja SEMPOA CUFFLINKS,Rp169.000,169000.0
blazer-jas-pria,Houseofcuff Dasi Kupu Polos Bowtie Pria Bahan Satin,Rp99.000,99000.0
blazer-jas-pria,Houseofcuff dasi kupu pria bowtie pocket square jacquard,Rp99.000,99000.0
blazer-jas-pria,Houseofcuff lapel pin brooch bros untuk jas TUSUK SILVER DD,Rp139.000,139000.0
blazer-jas-pria,Suspender Tali Jojon Karet ikat pinggang pria dewasa besar A03,Rp200.000,200000.0
blazer-jas-pria,Dasi Formal Premium Untuk Acara Pernikahan Bisnis Kerja,Rp69.000,69000.0
blazer-jas-pria,Bowtie Dasi Kupu Wedding Houseofcuff Dasi kupu kupu Pink Muda,Rp89.000,89000.0
blazer-jas-pria,Bow Tie Manual / Self Tie Bow Tie murah,Rp155.000,155000.0
blazer-jas-pria,Bowtie Dasi Kupu Wedding Houseofcuff Dasi kupu kupu Ungu Muda,Rp89.000,89000.0
blazer-jas-pria,RED DOFF SLIM JEPIT DASI PIN TIE SLIM REGULAR TIE CLASP KLIP DASI,Rp120.000,120000.0
blazer-jas-pria,Houseofcuff Corsage Lapel In Korsase Bunga Dusty Mint,Rp139.000,139000.0
blazer-jas-pria,Ataru Pin Enamel Most Awkward Human Bros Pin Lucu Aksesoris Hiasan Baju Tas Topi Brooch Accessories,Rp32.900,32900.0
blazer-jas-pria,MATT METAL TIE CLIP - wedding clamp necktie penjepit dasi,Rp35.000,35000.0
blazer-jas-pria,Bowtie Dasi Kupu Polos Motif DUSTY PINK BOW,Rp89.000,89000.0
blazer-jas-pria,dasi kupu bowtie manual 11,Rp166.600,166600.0
blazer-jas-pria,Houseofcuff Pocket Square Saputangan Jas Aksesoris Pria Y09,Rp100.000,100000.0
blazer-jas-pria,Dasi NeckTie Slim Polos Wedding Best Man CHARCOAL LISTED TIE,Rp120.000,120000.0
blazer-jas-pria,Silk Knot Cufflinks jual cufflink untuk kemeja manset french cuff,Rp120.000,120000.0
blazer-jas-pria,Goldy - Jas Celana Pria Biru Frozen - New Hotma Series Blazer Formal,Rp649.000,649000.0
blazer-jas-pria,Youngsung Exclusive - Jas Pria Big Size 3XL-10XL Muat hingga 140Kg Kualitas Premium Ready Bigsize 3XL 4XL 5XL 6XL 7XL 8XL 9XL 10XL,Rp370.000,370000.0
blazer-jas-pria,studs button kancing tuxedo aksesoris kancing jas wing collar,Rp200.000,200000.0
blazer-jas-pria,Dasi NeckTie Motif Wedding Best Man BLACK WHITE BATIK TIE,Rp150.000,150000.0
blazer-jas-pria,Jepit Dasi Pin Tie clasp Pin dasi HOUSEOFCUFF SILVER SLIM PIN TIE 08,Rp89.000,89000.0
blazer-jas-pria,Houseofcuff pocket square handkerchief sapu tangan X33,Rp75.000,75000.0
blazer-jas-pria,Dhaulagiri - Pin Tas - Enamel Pin - Pin Button - Pin Bros Emblem Aksesoris Tas Pin Lucu,Rp25.000,25000.0
blazer-jas-pria,Cufflinks Manset Kancing Kemeja French Cuff BAT MASK CUFFLINKS,Rp180.000,180000.0
blazer-jas-pria,Bow Tie Dasi Kupu Kupu Houseofcuff BOWTIE MIX BLACK DARK MAROON,Rp89.000,89000.0
blazer-jas-pria,Cufflinks Manset Kancing Kemeja French Cuff SKULL MULTI SILVER CUFFLIN,Rp150.000,150000.0
blazer-jas-pria,houseofcuff korsase bunga corsage brooch jas BLACK FLOWER LAPEL PIN,Rp139.000,139000.0
blazer-jas-pria,Houseofcuff Pin Tie Jepit Dasi Slim Gold A18,Rp99.000,99000.0
blazer-jas-pria,Houseofcuff Dasi Kupu Bowtie Pocket Square Saputangan Krem A51,Rp99.000,99000.0
blazer-jas-pria,Houseofcuff Cufflinks Kancing Manset Batman Kemeja French Cuff,Rp150.000,150000.0
blazer-jas-pria,Houseofcuff Lapel Pin Brooch Bros Untuk Jas Tusuk Silver A43,Rp139.000,139000.0
blazer-jas-pria,Dasi kupu kupu Oversize bowtie wedding bahan suede / beludru marun,Rp166.600,166600.0
blazer-jas-pria,Houseofcuff Dasi Kupu Bowtie Pocket Square Saputangan Beige A41,Rp99.000,99000.0
blazer-jas-pria,Houseofcuff lapel pin brooch bros untuk jas TUSUK GOLD AA,Rp139.000,139000.0
blazer-jas-pria,Cufflinks cufflinks manset handcuff kancing murah 25,Rp180.000,180000.0
blazer-jas-pria,Cufflink Cufflinks Manset Kancing Kemeja French Cuff SQUARE BW 003 CUF,Rp150.000,150000.0
blazer-jas-pria,Cufflinks cufflinks manset handcuff kancing murah 49,Rp150.000,150000.0
blazer-jas-pria,Cufflinks Manset Kancing Kemeja French Cuff SILVER WHEEL ANCHOR,Rp180.000,180000.0
blazer-jas-pria,Cardinal Jas Slim Fit Pria F4241J02H,Rp1.113.000,1113000.0
blazer-jas-pria,Collar Bar Lapel pin Bros Jas Wedding Best Man FLOWER SATIN BLUE DARK,Rp139.000,139000.0
blazer-jas-pria,Executive Basic Slim Fit Formal Suit 1-SUIBSC523O095 Black,Rp1.169.910,1169910.0
blazer-jas-pria,Houseofcuff Cufflinks Manset Kemeja RED STUDDED CUFFLINKS,Rp180.000,180000.0
blazer-jas-pria,Bowtie Dasi Kupu Manual Wedding Best Man GOLDEN YELLOW PATTERN UNTIED,Rp166.600,166600.0
blazer-jas-pria,Dasi NeckTie Slim Polos Wedding Best Man COOPER BLACK LISTED TIE,Rp120.000,120000.0
blazer-jas-pria,Neck tie / Dasi panjang 03,Rp99.000,99000.0
blazer-jas-pria,houseofcuff korsase bunga corsage brooch jas PASTEL COLOR BLACK FLOWER,Rp139.000,139000.0
blazer-jas-pria,Houseofcuff Bowtie Dasi Kupu Motif BATIK BOWTIE ARROW BLACK,Rp89.000,89000.0
blazer-jas-pria,Houseofcuff Lapel Pin Brooch Bros Untuk Jas Tusuk S88,Rp139.000,139000.0
blazer-jas-pria,"Lawell Dasi Pria Formal Slim Tie – Model Zipper & Non-Zipper – Hitam, Merah, Silver, Navy – Artikel D1240, D1264, D1266",Rp149.900,149900.0
blazer-jas-pria,Cufflinks cufflinks manset handcuff kancing murah 22,Rp180.000,180000.0
blazer-jas-pria,Cufflinks cufflinks manset handcuff kancing murah 98,Rp150.000,150000.0
blazer-jas-pria,Bow Tie Dasi Kupu Kupu Houseofcuff BOWTIE MIX BLACK CARAMEL,Rp89.000,89000.0
blazer-jas-pria,Skelly Guard Head Enamel Pin,Rp125.000,125000.0
blazer-jas-pria,Cufflinks cufflinks manset handcuff kancing murah 11,Rp180.000,180000.0
blazer-jas-pria,Dasi Formal Premium Untuk Acara Pernikahan Bisnis Kerja,Rp69.000,69000.0
blazer-jas-pria,Houseofcuff CUFFLINK Manset Kancing ROUND WOOD MEDIUM DARK CUFFLINKS,Rp150.000,150000.0
blazer-jas-pria,UTRECHT 2 - DASI INSTANT dasi siap pakai dasi resleting dasi formal,Rp37.900,37900.0
blazer-jas-pria,Houseofcuff pin bros untuk jas motif wayang barong khas indonesia,Rp139.000,139000.0
blazer-jas-pria,Cufflinks jual cufflink untuk kemeja manset model french cuff,Rp180.000,180000.0
blazer-jas-pria,Houseofcuff cufflink kancing manset jepit Cufflinks Pin Tie Set Gold J,Rp185.000,185000.0
blazer-jas-pria,Houseofcuff Cufflinks BLACK PANTHER AVENGERS MARVEL CUFFLINKS,Rp170.000,170000.0
blazer-jas-pria,Houseofcuff Cufflinks Kancing Manset Iron Kemeja French Cuff,Rp150.000,150000.0
blazer-jas-pria,houseofcuff dasi kupu pocket square saputangan pria motif 005,Rp99.000,99000.0
blazer-jas-pria,Houseofcuff Cufflinks Winter Soldier Avengers Cufflinks,Rp169.000,169000.0
blazer-jas-pria,Houseofcuff Lapel Pin Brooch Bros Untuk Jas Tusuk Hitam A11,Rp79.000,79000.0
blazer-jas-pria,Houseofcuff cufflink kancing manset jepit Cufflinks Pin Tie Set Gold E,Rp185.000,185000.0
blazer-jas-pria,Houseofcuff CUFFLINK Manset Kancing CUFFLINKS X01,Rp160.000,160000.0
blazer-jas-pria,Goldy - Setelan Jas Celana Pria Rose Gold - New Hotma Series Blazer Formal,Rp649.000,649000.0
blazer-jas-pria,Dasi Formal Premium Untuk Acara Pernikahan Bisnis Kerja,Rp69.000,69000.0
blazer-jas-pria,Bowtie Dasi Kupu Wedding Houseofcuff Dasi kupu kupu Pink Muda,Rp89.000,89000.0
blazer-jas-pria,Bow Tie Manual / Self Tie Bow Tie murah,Rp155.000,155000.0
blazer-jas-pria,Bowtie Dasi Kupu Wedding Houseofcuff Dasi kupu kupu Ungu Muda,Rp89.000,89000.0
blazer-jas-pria,RED DOFF SLIM JEPIT DASI PIN TIE SLIM REGULAR TIE CLASP KLIP DASI,Rp120.000,120000.0
blazer-jas-pria,dasi kupu batik putih bow tie instant pria wedding houseofcuff,Rp114.400,114400.0
blazer-jas-pria,Cufflinks Manset Kancing Kemeja French Cuff SQUARE BLACK SILVER CENTER,Rp150.000,150000.0
blazer-jas-pria,Houseofcuff Dasi Kupu Anak Polos Bowtie Kids,Rp89.000,89000.0
blazer-jas-pria,Houseofcuff Lapel Pin Bros Jas Wedding Best Man SILVER MAPLE PIN,Rp139.000,139000.0
blazer-jas-pria,Silk Knot Cufflinks jual cufflink untuk kemeja manset french cuff,Rp120.000,120000.0
blazer-jas-pria,Lapel Pin / Bros untuk Jas,Rp139.000,139000.0
blazer-jas-pria,Cufflinks Manset Kancing Kemeja French Cuff SQUARE LEGO RED,Rp150.000,150000.0
blazer-jas-pria,Dasi Pria Cardinal F0075X01A,Rp104.500,104500.0
blazer-jas-pria,Cufflinks Manset Kancing Kemeja French Cuff Circle Black List,Rp150.000,150000.0
blazer-jas-pria,Collar Bar Lapel pin Bros Jas Wedding Best Man FLOWER SATIN BROWN DARK,Rp139.000,139000.0
blazer-jas-pria,Bow Tie Dasi Kupu Kupu Houseofcuff BOWTIE DIAMOND BLACK RED,Rp89.000,89000.0
blazer-jas-pria,Houseofcuff Circle Yellow Cufflink,Rp150.000,150000.0
blazer-jas-pria,Houseofcuff Pocket Square Saputangan Jas Aksesoris Pria Y02,Rp100.000,100000.0
blazer-jas-pria,Houseofcuff Dasi Kupu Blue White Dot Knit Bow,Rp150.000,150000.0
blazer-jas-pria,Cardinal Jas Slim Fit Pria F4089J01A,Rp1.323.000,1323000.0
blazer-jas-pria,Houseofcuff Dasi Neck Tie Slim Polos Turquoise Satin Neck Tie,Rp89.000,89000.0
blazer-jas-pria,Neck tie / Dasi panjang 14,Rp99.000,99000.0
blazer-jas-pria,houseofcuff dasi kupu pocket square saputangan pria motif 004,Rp99.000,99000.0
blazer-jas-pria,Houseofcuff Dasi Kupu Bowtie Pocket Square Saputangan Biru Mint A07,Rp99.000,99000.0
blazer-jas-pria,Houseofcuff Dasi Kupu Bowtie Pocket Square Saputangan Ungu Tua A15,Rp99.000,99000.0
blazer-jas-pria,Groomsmen Box Bestman Cufflinks Dasi Wedding Bowtie Nelson Package,Rp550.000,550000.0
blazer-jas-pria,Houseofcuff Dasi Rajut Knit Black Tie,Rp150.000,150000.0
blazer-jas-pria,Houseofcuff Lapel Pin Brooch Bros Untuk Jas Tusuk Silver A73,Rp79.000,79000.0
blazer-jas-pria,Goldy Outfit Setelan Jas Celana & Rompi Hijau - Peaky series,Rp495.000,495000.0
blazer-jas-pria,TANOSHII - DASI INSTANT DASI COSPLAY dasi siap pakai dasi sekolah,Rp45.000,45000.0
blazer-jas-pria,RENNO - bow tie dasi kupu,Rp19.100,19100.0
blazer-jas-pria,Cufflinks Manset Kancing Kemeja French Cuff Motorbike Cufflink,Rp180.000,180000.0
blazer-jas-pria,Bowtie Dasi Kupu Wedding Houseofcuff Dasi kupu kupu Ungu Muda,Rp89.000,89000.0
blazer-jas-pria,Houseofcuff Dasi Neck Tie All Color Batik Center Tie,Rp150.000,150000.0
blazer-jas-pria,Cufflinks cufflinks manset handcuff kancing murah 16,Rp180.000,180000.0
blazer-jas-pria,Youngsung - Setelan Jas Pria Hitam 5in1 Celana Rompi Kemeja Putih Dasi Formal Wisuda Kantor Casual,Rp699.000,699000.0
blazer-jas-pria,Bowtie Dasi Kupu Manual Wedding Best Man BRIGHT RED PATTERN UNTIED,Rp166.600,166600.0
blazer-jas-pria,Neck tie / Dasi panjang 17,Rp109.000,109000.0
blazer-jas-pria,Collar Bar Lapel Pin Bros Jas Wedding Best Man LAPEL PIN ENGLAND,Rp139.000,139000.0
blazer-jas-pria,Collar Bar Lapel pin Bros Jas Wedding Best Man,Rp139.000,139000.0
blazer-jas-pria,Brandluxid Men Driver Pearce Loafers in Safari with Red Trainspotting Stripe,Rp5.750.000,5750000.0
blazer-jas-pria,Bowtie Dasi Kupu Manual Wedding Best Man GREY PATTERN UNTIED BOWTIE,Rp166.600,166600.0
blazer-jas-pria,Lapel Pin / Bros untuk Jas,Rp139.000,139000.0
blazer-jas-pria,Lapel Pin Bros Jas Wedding Best Man GOLDEN GREEN GEM CROSS PIN,Rp139.000,139000.0
blazer-jas-pria,HIA EveryWear Deerya Top Manset Sport Long Sleeve T-Shirt Workout atasan olahraga baju pakaian Wanita Muslim Panjang Tunik,Rp120.500,120500.0
blazer-jas-pria,Pin Tie Jepit Dasi Slim Fit,Rp89.000,89000.0
blazer-jas-pria,Houseofcuff Dasi NeckTie Polos Wedding Best Man Dasi Yellow Listed,Rp140.000,140000.0
blazer-jas-pria,FORMAL SET 4 : Suit Blazer Hitam + Celana bahan Formal Hitam,Rp2.005.000,2005000.0
blazer-jas-pria,Silk Knot Cufflinks jual cufflink untuk kemeja manset french cuff,Rp120.000,120000.0
blazer-jas-pria,Silk Knot Cufflinks jual cufflink untuk kemeja manset french cuff,Rp120.000,120000.0
blazer-jas-pria,Houseofcuff CUFFLINK Manset Kancing ENAMEL CAR CUFFLINKS,Rp150.000,150000.0
blazer-jas-pria,Setelan Jas Celana & Rompi Pria - Slim Fit - Coklat - Peaky Premium Series - Goldy,Rp435.000,435000.0
blazer-jas-pria,Collar Bar Lapel Pin Bros Jas Wedding Best Man LAPEL PIN INDONESIA,Rp139.000,139000.0
blazer-jas-pria,Neck tie / Dasi panjang 09,Rp99.000,99000.0
blazer-jas-pria,Pin Tie Jepit Dasi Slim Fit,Rp89.000,89000.0
blazer-jas-pria,Jas Celana & Rompi - Vente Series - Goldy outfit Casual-HIJAU,Rp649.000,649000.0
blazer-jas-pria,Noir Sur Blanc Men Melange Blazer Mocha,Rp799.000,799000.0
blazer-jas-pria,Cufflinks Manset Kancing Kemeja French Cuff CROWN SILVER CUFFLINKS,Rp195.000,195000.0
blazer-jas-pria,Houseofcuff Lapel Pin Brooch Jas Trisula Pin Jas,Rp139.000,139000.0
blazer-jas-pria,Lapel Pin collar bar Bros Jas Wedding Best Man COLLAR BAR SILVER SWING,Rp139.000,139000.0
blazer-jas-pria,Houseofcuff Cufflinks Kancing Manset Cufflink Flower Wax Warna Hitam,Rp139.000,139000.0
blazer-jas-pria,Cufflinks Manset French Cuff Shirt Silver Vertical Lines Cufflinks,Rp250.000,250000.0
blazer-jas-pria,Houseofcuff Jas Celana Vest Rompi Blazer Coklat Slim Fit Motif Kotak,Rp1.500.000,1500000.0
blazer-jas-pria,dasi kupu motif batik putih C bow tie instant pria wedding houseofcuff,Rp114.400,114400.0
blazer-jas-pria,Houseofcuff cufflinks & jepit dasi pin tie set warna silver X016,Rp250.000,250000.0
blazer-jas-pria,TOBIAS CUFFLINK - kancing manset kancing lengan kemeja,Rp59.000,59000.0
blazer-jas-pria,NECK TIE DASI BATIK SLIM FIT READY STOCK UNTUK WEDDING / PERUSAHAAN,Rp150.000,150000.0
blazer-jas-pria,FORMAL SET 4 : Suit Blazer Hitam + Celana bahan Formal Hitam,Rp2.005.000,2005000.0
blazer-jas-pria,Dasi Formal Premium Untuk Acara Pernikahan Bisnis Kerja,Rp69.000,69000.0
blazer-jas-pria,houseofcuff korsase bunga corsage brooch PASTEL LIGHT FLOWER LAPEL PIN,Rp139.000,139000.0
blazer-jas-pria,dasi kupu motif batik coklat bow tie instant pria wedding houseofcuff,Rp114.400,114400.0
blazer-jas-pria,Houseofcuff Cufflinks Kancing Manset Cufflink Flower Wax Warna Merah,Rp139.000,139000.0
blazer-jas-pria,Houseofcuff Lapel Pin Brooch Bros Untuk Jas Tusuk Putih A81,Rp79.000,79000.0
blazer-jas-pria,Houseofcuff lapel pin brooch bros untuk jas TUSUK HITAM SILVER A25,Rp79.000,79000.0
blazer-jas-pria,Houseofcuff Cufflinks Manset Kemeja CROWN LOGO CUFFLINKS,Rp140.000,140000.0
blazer-jas-pria,Dasi Pria Motif Elegant Neck Tie Ukuran 8cm Warna Hitam DS010,Rp59.000,59000.0
blazer-jas-pria,Dasi Pria Motif Elegant Neck Tie Ukuran 8cm Warna Biru Salur DS012,Rp59.000,59000.0
blazer-jas-pria,Houseofcuff Lapel Pin Collar Bar Bros Jas FLY GOLD LAPEL PIN,Rp79.000,79000.0
blazer-jas-pria,EIGER HEXA ACRYLIC PIN 1989,Rp41.300,41300.0
blazer-jas-pria,THIERY - DASI MANUAL dasi fashion dasi pria dasi panjang dasi formal,Rp59.000,59000.0
blazer-jas-pria,Cufflinks cufflinks manset handcuff kancing murah 18,Rp180.000,180000.0
blazer-jas-pria,Houseofcuff pocket square handkerchief sapu tangan X30,Rp75.000,75000.0
blazer-jas-pria,Neck tie / Dasi panjang 38,Rp89.000,89000.0
blazer-jas-pria,Goldy Outfit - Dasi Formal Motif Garis - tie,Rp64.000,64000.0
blazer-jas-pria,Jepit Dasi Pin Tie clasp Pin dasi HOUSEOFCUFF Dasi GLASSES GOLD SLIM,Rp99.000,99000.0
blazer-jas-pria,CUFFLINK CUFFLINKS MANSET KANCING KEMEJA FRENCH CUFF GOLD WHEEL ANCHOR,Rp180.000,180000.0
blazer-jas-pria,Houseofcuff Cufflinks Kancing Inisial Alphabet Kemeja French Cuff,Rp100.000,100000.0
blazer-jas-pria,houseofcuff jepit dasi pin tie tie clasp SHIP WAR PIN TIE pintie,Rp89.000,89000.0
blazer-jas-pria,Bowtie Dasi Kupu Wedding Houseofcuff Dasi kupu kupu Dusty Pink,Rp89.000,89000.0
blazer-jas-pria,Dasi Neck Tie Slim Polos Wedding Best Man SQUARE GREY SILVER TIE,Rp119.000,119000.0
blazer-jas-pria,Houseofcuff Corsage Lapel In Korsase Bunga Dusty Grey,Rp139.000,139000.0
blazer-jas-pria,CROSSWOOD - GANTUNGAN DASI BELT SCARF tie hanger tie organizer tie sto,Rp69.000,69000.0
blazer-jas-pria,FIURI - Dasi Kupu - Kupu Hitam Polos Karet Pengait- Dasi Pria Hitam Polos - Dasi Eksklusif - Dasi Kerja - Dasi Formal,Rp8.900,8900.0
blazer-jas-pria,Houseofcuff Pin Tie Jepit Dasi PIN TIE SILVER BEZEL 11,Rp89.000,89000.0
blazer-jas-pria,dasi kupu bowtie manual 19,Rp166.600,166600.0
blazer-jas-pria,Cufflinks Manset Kancing Kemeja French Cuff ROUND STUDDED CRYSTAL,Rp150.000,150000.0
blazer-jas-pria,Neck tie / Dasi panjang 29,Rp89.000,89000.0
blazer-jas-pria,Houseofcuff Cufflinks Manset Kancing Kemeja SHIFT GEAR CUFFLINKS,Rp150.000,150000.0
blazer-jas-pria,Silk Knot Cufflinks jual cufflink untuk kemeja manset french cuff,Rp120.000,120000.0
blazer-jas-pria,Houseofcuff Lapel Pin Brooch Bros Sheriff S03,Rp139.000,139000.0
blazer-jas-pria,REMEDY Blazer Linen Pria Biru Warna Navy - Durban Linen Blazer,Rp799.000,799000.0
blazer-jas-pria,Houseofcuff Dasi Kupu Dan Pocket Square Bahan Linen Warna Merah,Rp99.000,99000.0
blazer-jas-pria,houseofcuff dasi kupu pocket square saputangan pria motif 006,Rp99.000,99000.0
blazer-jas-pria,Houseofcuff Dasi Kupu Bowtie Pocket Square Saputangan Cream Muda A13,Rp99.000,99000.0
blazer-jas-pria,Houseofcuff Dasi Kupu Bowtie Pocket Square Saputangan Violet Polka A25,Rp99.000,99000.0
blazer-jas-pria,Houseofcuff Lapel Pin Brooch Bros Untuk Jas Tusuk Hitam A12,Rp79.000,79000.0
blazer-jas-pria,houseofcuff cufflink kancing manset BLUE FLOWER CUFFLINKS,Rp169.000,169000.0
blazer-jas-pria,houseofcuff cufflinks kancing manset ironman heart kemeja french cuff,Rp180.000,180000.0
blazer-jas-pria,Houseofcuff Pin Tie Jepit Dasi Slim Silver A23,Rp99.000,99000.0
blazer-jas-pria,Houseofcuff Lapel Pin Brooch Bros Untuk Jas Tusuk C045,Rp79.000,79000.0
blazer-jas-pria,dasi kupu motif batik navy bow tie instant pria wedding houseofcuff,Rp114.400,114400.0
blazer-jas-pria,Houseofcuff Cufflinks Manset Kemeja CIRCLE STUDDED PURPLE CUFFLINKS,Rp185.000,185000.0
blazer-jas-pria,Neck tie / Dasi panjang 33,Rp99.000,99000.0
blazer-jas-pria,Houseofcuff BOWTIE POCKET SQUARE CUFFLINKS BLACK DOT LIST,Rp200.000,200000.0
blazer-jas-pria,Houseofcuff pocket square handkerchief sapu tangan X31,Rp75.000,75000.0
blazer-jas-pria,Houseofcuff Silk Knot Grey White,Rp79.000,79000.0
blazer-jas-pria,Primaragam Dasi Pramuka Sd Siaga Paket Ring Smp Sma Smk Penggalang Penegak Hasduk Kacu,Rp20.000,20000.0
blazer-jas-pria,Houseofcuff Lapel Pin collar bar Bros Jas FLY SILVER LAPEL PIN,Rp79.000,79000.0
blazer-jas-pria,Bros Mawar Premium untuk Jas Pria Groom Pesta Pernikahan Pin Corsage Satin Kristal Mutiara Lapel Flower Brooch Hiasan Formal Elegan,Rp25.000,25000.0
blazer-jas-pria,done handymade mini korsase corsage flower decor dekorasi craft AL545,Rp2.800,2800.0
blazer-jas-pria,Yellow Sportbike Cufflink,Rp180.000,180000.0
blazer-jas-pria,houseofcuff cufflink kancing manset SQUARE CLEAR STONE CUFFLINKS,Rp180.000,180000.0
blazer-jas-pria,Cufflinks cufflinks manset handcuff kancing murah 98,Rp150.000,150000.0
blazer-jas-pria,Bowtie Dasi Kupu Wedding Houseofcuff Dasi kupu kupu Hijau Lime,Rp89.000,89000.0
blazer-jas-pria,Houseofcuff Bowtie Dasi Kupu Motif BATIK BOWTIE ARROW RED,Rp89.000,89000.0
blazer-jas-pria,Bowtie Dasi Kupu Motif POLKA RED BOW TIE,Rp89.000,89000.0
blazer-jas-pria,Cufflinks jual cufflink untuk kemeja manset model french cuff,Rp150.000,150000.0
blazer-jas-pria,Lapel Pin Bros Jas Wedding Best Man FLOWER LEAF LEMON LAPEL,Rp139.000,139000.0
blazer-jas-pria,Lapel pin collar bar/bross untuk jas 30,Rp139.000,139000.0
blazer-jas-pria,CARROUSEL - GANTUNGAN DASI MINI tie hanger tie organizer tie storage,Rp29.000,29000.0
blazer-jas-pria,TOBIAS CUFFLINK - kancing manset kancing lengan kemeja,Rp59.000,59000.0
blazer-jas-pria,NECK TIE DASI BATIK SLIM FIT READY STOCK UNTUK WEDDING / PERUSAHAAN,Rp150.000,150000.0
blazer-jas-pria,FORMAL SET 4 : Suit Blazer Hitam + Celana bahan Formal Hitam,Rp2.005.000,2005000.0
blazer-jas-pria,Dasi Formal Premium Untuk Acara Pernikahan Bisnis Kerja,Rp69.000,69000.0
blazer-jas-pria,houseofcuff korsase bunga corsage brooch PASTEL LIGHT FLOWER LAPEL PIN,Rp139.000,139000.0
blazer-jas-pria,Goldy - Jas Celana Pria Terracotta - New Hotma Series Formal Blazer,Rp649.000,649000.0
blazer-jas-pria,Neck tie / Dasi panjang 32,Rp89.000,89000.0
blazer-jas-pria,Suspender Tali Jojon Karet ikat pinggang pria dewasa besar A01,Rp200.000,200000.0
blazer-jas-pria,Houseofcuff Jepit dasi / Pin tie 17,Rp89.000,89000.0
blazer-jas-pria,Dasi NeckTie Slim Polos Wedding Best Man PINK LISTED TIE,Rp140.000,140000.0
blazer-jas-pria,Dasi Neck Tie Motif Wedding Best Man GREEN BATIK TIE,Rp150.000,150000.0
blazer-jas-pria,Houseofcuff Pin Tie Jepit Dasi PIN TIE GOLD SILVER BEZEL 13,Rp89.000,89000.0
blazer-jas-pria,Houseofcuff Lapel Pin Brooch Fleur De Lis Pin Jas,Rp139.000,139000.0
blazer-jas-pria,Houseofcuff pocket square handkerchief sapu tangan LINEN coklat susu list cream,Rp75.000,75000.0
blazer-jas-pria,Houseofcuff Lapel Pin Brooch Bros Untuk Jas Tusuk Gold A33,Rp139.000,139000.0
blazer-jas-pria,Lapel Pin Bros Jas Wedding Best Man CHAIN CROWN GEM PIN,Rp139.000,139000.0
blazer-jas-pria,Houseofcuff lapel pin brooch bros untuk jas TUSUK HITAM GOLD A26,Rp79.000,79000.0
blazer-jas-pria,Houseofcuff Dasi Kupu Bowtie Pocket Square Saputangan Marun A42,Rp99.000,99000.0
blazer-jas-pria,Houseofcuff Lapel Pin Brooch Bros Untuk Jas Tusuk JJ014,Rp139.000,139000.0
blazer-jas-pria,Houseofcuff Lapel Pin Brooch Bros Untuk Jas Tusuk Gold A62,Rp139.000,139000.0
blazer-jas-pria,Bowtie Dasi Kupu Houseofcuff Dasi kupu kupu Satin Toska Tua,Rp89.000,89000.0
blazer-jas-pria,Houseofcuff Pink Fusia Tie,Rp109.000,109000.0
blazer-jas-pria,Cufflinks cufflinks manset handcuff kancing murah 16,Rp199.000,199000.0
blazer-jas-pria,Cufflinks Manset Kancing Kemeja French Cuff RECTANGLE BLACK LIST,Rp150.000,150000.0
blazer-jas-pria,Square Abstrack Black Cufflink,Rp120.000,120000.0
blazer-jas-pria,Houseofcuff Cufflinks Manset Kancing Kemeja FrencBLUE CROSS CUFFLINKS,Rp180.000,180000.0
blazer-jas-pria,Dasi kupu kupu golden yellow bow tie,Rp89.000,89000.0
blazer-jas-pria,CUFFLINK CUFFLINKS MANSET KANCING KEMEJA FRENCH CUFF GOLDEN CANDLE,Rp180.000,180000.0
blazer-jas-pria,Youngsung Official - Jas Formal Pria Hitam Wisuda Slim Fit Kancing 2,Rp350.000,350000.0
blazer-jas-pria,houseofcuff Cufflinks kancing manset kemeja vinyl record hitam,Rp150.000,150000.0
blazer-jas-pria,Cufflinks cufflinks manset handcuff kancing murah 33,Rp150.000,150000.0
blazer-jas-pria,Jepit Dasi Pin Tie clasp Pin dasi HOUSEOFCUFF GOLD SILVER BEZEL 10,Rp89.000,89000.0
blazer-jas-pria,Houseofcuff COLLAR STAY STEEL SILVER XL,Rp150.000,150000.0
blazer-jas-pria,Houseofcuff Circle Clear Cufflink,Rp150.000,150000.0
blazer-jas-pria,Dasi Neck Tie Slim Polos Wedding Best Man Listed All Color,Rp120.000,120000.0
blazer-jas-pria,Cufflink Cufflinks Manset Kancing Kemeja French Cuff RECTANGLE BW 003,Rp150.000,150000.0
blazer-jas-pria,Houseofcuff Pocket Square Saputangan Jas Aksesoris Pria Y01,Rp100.000,100000.0
blazer-jas-pria,Collar Bar Lapel Pin Bros Jas Wedding Best Man FLOWER LAPEL RED,Rp139.000,139000.0
blazer-jas-pria,Lapel pin collar bar/bross untuk jas 27,Rp139.000,139000.0
blazer-jas-pria,Cufflinks cufflinks manset handcuff kancing murah 37,Rp150.000,150000.0
blazer-jas-pria,Dasi Neck Tie Motif Wedding Best Man DARK BLUE PAISLEY BATIK TIE,Rp170.000,170000.0
blazer-jas-pria,Houseofcuff pocket square handkerchief sapu tangan X18,Rp75.000,75000.0
blazer-jas-pria,Cufflinks cufflinks manset handcuff kancing murah 24,Rp150.000,150000.0
blazer-jas-pria,Bow Tie Dasi Kupu Kupu Houseofcuff BOWTIE MIX BLACK BLUE LIGHT,Rp89.000,89000.0
blazer-jas-pria,Dasi Neck Tie Slim Polos Wedding Best Man SQUARE PURPLE FUSIA TIE,Rp119.000,119000.0
blazer-jas-pria,Bowtie Dasi Kupu Wedding Houseofcuff Dasi kupu kupu Satin Gold,Rp89.000,89000.0
blazer-jas-pria,GOODETHICS- Elegant Jas Pria Slimfit,Rp629.000,629000.0
blazer-jas-pria,Setelan Jas Celana & Rompi - Peaky Premium Series - Goldy outfit,Rp765.000,765000.0
blazer-jas-pria,Dasi NeckTie Slim Polos Wedding Best Man Merah Gelap LISTED TIE,Rp120.000,120000.0
blazer-jas-pria,Houseofcuff Dasi Kupu Bowtie Pocket Square Saputangan Hitam Bunga A22,Rp99.000,99000.0
blazer-jas-pria,Houseofcuff Dasi Kupu Bowtie Pocket Square Saputangan Ungu Lilac A08,Rp99.000,99000.0
blazer-jas-pria,houseofcuff lapel pin brooch rantai jas pria Patzy,Rp139.000,139000.0
blazer-jas-pria,Houseofcuff Dasi Kupu Dan Pocket Square Bahan Linen Warna Coklat,Rp99.000,99000.0
blazer-jas-pria,Houseofcuff cufflinks & jepit dasi pin tie set warna gold X027,Rp250.000,250000.0
blazer-jas-pria,Houseofcuff Lapel Pin Brooch Bros Untuk Jas Tusuk Gold A51,Rp139.000,139000.0
blazer-jas-pria,Houseofcuff Lapel Pin Brooch Bros Untuk Jas Tusuk Silver A53,Rp139.000,139000.0
blazer-jas-pria,Houseofcuff Cufflinks Manset Kemeja Geneva Silver Cufflinks,Rp300.000,300000.0
blazer-jas-pria,Houseofcuff dasi set batik panjang batik dasi kupu pocket square nusantara,Rp275.000,275000.0
blazer-jas-pria,Houseofcuff Dasi Kupu Bowtie Pocket Square Saputangan Baby Blue A45,Rp99.000,99000.0
blazer-jas-pria,Suspender Tali Jojon Karet ikat pinggang pria dewasa besar A12,Rp200.000,200000.0
blazer-jas-pria,Houseofcuff Lapel Pin Bros Jas FLY BRONZE LAPEL PIN,Rp79.000,79000.0
blazer-jas-pria,Goldy - Satu Set Dasi Kupu - Kupu & Sapu Tangan,Rp59.000,59000.0
blazer-jas-pria,Dasi Pria PROFUMO PR-85SO-32-GL Neck Tie,Rp312.000,312000.0
blazer-jas-pria,NOIR - DASI HITAM MANUAL 8CM dasi pria dasi regular dasi formal dasi kantor wedding tie,Rp59.000,59000.0
blazer-jas-pria,OKITA TIE DASI INSTANT DASI SEIFUKU JK uniform school dasi cosplay Japanese Korean Chinese,Rp32.000,32000.0
blazer-jas-pria,Bowtie Dasi Kupu Wedding Houseofcuff Dasi kupu kupu Pink Muda,Rp89.000,89000.0
blazer-jas-pria,Bowtie Dasi Kupu Wedding Houseofcuff Dasi kupu kupu Biru BCA,Rp89.000,89000.0
blazer-jas-pria,Setelan Jas Celana & Rompi Pria - Slim Fit - Coklat - Peaky Premium Series - Goldy,Rp435.000,435000.0
blazer-jas-pria,dasi kupu batik putih bow tie instant pria wedding houseofcuff,Rp114.400,114400.0
blazer-jas-pria,TOBIAS CUFFLINK - kancing manset kancing lengan kemeja,Rp59.000,59000.0
blazer-jas-pria,NOIR - DASI HITAM MANUAL 8CM dasi pria dasi regular dasi formal dasi kantor wedding tie,Rp59.000,59000.0
blazer-jas-pria,Houseofcuff Lapel Pin Bros Jas Wedding FLOWER LEAF BLUE TEAL,Rp139.000,139000.0
blazer-jas-pria,Cufflink Cufflinks Manset Kancing Kemeja French Cuff BAT MASK GUNMETAL,Rp180.000,180000.0
blazer-jas-pria,houseofcuff cufflink kancing manset TITANIUM GEAR STEAMPUNK CUFFLINKS,Rp600.000,600000.0
blazer-jas-pria,Goldy - Satu Set Dasi Kupu - Kupu & Sapu Tangan,Rp59.000,59000.0
blazer-jas-pria,Bowtie Dasi Kupu Houseofcuff Dasi kupu kupu Satin Hijau Lime,Rp89.000,89000.0
blazer-jas-pria,Cufflinks Manset Kancing Kemeja French Cuff Iron Hero Cufflink,Rp180.000,180000.0
blazer-jas-pria,Dasi Neck Tie Motif Wedding Best Man VIOLET BATIK TIE,Rp150.000,150000.0
blazer-jas-pria,Lapel Pin Bros Jas Wedding Best Man FLOWER SATIN FUSIA LAPEL PIN,Rp139.000,139000.0
blazer-jas-pria,Cufflink Cufflinks Manset Kancing Kemeja French Cuff SQUARE BW 009 CUF,Rp150.000,150000.0
blazer-jas-pria,Houseofcuff pocket square handkerchief sapu tangan X23,Rp75.000,75000.0
blazer-jas-pria,VeE Cincin Pria Batu Kecubung Ungu - Batu Akik CP19,Rp99.000,99000.0
blazer-jas-pria,Houseofcuff lapel pin brooch bros untuk jas RANTAI GOLD DD,Rp139.000,139000.0
blazer-jas-pria,Groomsmen Box Bestman Cufflinks Dasi Wedding Bowtie Keith Package,Rp500.000,500000.0
blazer-jas-pria,Houseofcuff Dasi Kupu Dan Pocket Square Bahan Linen Warna Coklat Tua,Rp99.000,99000.0
blazer-jas-pria,Houseofcuff Custom Cufflinks Wedding Grafir Huruf Kancing Manset,Rp550.000,550000.0
blazer-jas-pria,Houseofcuff lapel pin brooch bros untuk jas TUSUK GOLD A60,Rp139.000,139000.0
blazer-jas-pria,Houseofcuff Lapel Pin Brooch Bros Untuk Jas Tusuk Silver A76,Rp79.000,79000.0
blazer-jas-pria,Houseofcuff Bowtie Dasi Kupu BLUE DOTS BOW TIE - Biru,Rp89.000,89000.0
blazer-jas-pria,Houseofcuff Dasi Kupu Bowtie Pocket Square Saputangan Hijau Botol A02,Rp99.000,99000.0
blazer-jas-pria,Houseofcuff Lapel Pin Brooch Bros Untuk Jas Tusuk C028,Rp79.000,79000.0
blazer-jas-pria,Houseofcuff lapel pin brooch bros untuk jas TUSUK BLACK RR,Rp79.000,79000.0
blazer-jas-pria,Houseofcuff Dasi Kupu Bowtie Pocket Square Saputangan Dusty Pink A27,Rp99.000,99000.0
blazer-jas-pria,Houseofcuff Cufflinks Manset Kemeja SPIDER SILVER CRYSTAL CUFFLINKS,Rp169.000,169000.0
blazer-jas-pria,dasi kupu motif batik merah D bow tie instant pria wedding houseofcuff,Rp114.400,114400.0
blazer-jas-pria,Suspender Gesper Belt Wedding Best Man Cummerbund Gold Motif,Rp600.000,600000.0
blazer-jas-pria,Houseofcuff Dasi Kupu Bowtie Pocket Square Saputangan Coklat A05,Rp99.000,99000.0
blazer-jas-pria,cufflink kancing manset IRON MAN CUFFLINKS,Rp170.000,170000.0
blazer-jas-pria,Houseofcuff Cufflinks Manset Kemeja Rose Gold Square Cufflinks,Rp250.000,250000.0
blazer-jas-pria,Houseofcuff Pin Tie Jepit Dasi Slim Silver A07,Rp99.000,99000.0
blazer-jas-pria,Seragam SMA Kemeja RACERTEES Spesial School Pack,Rp132.000,132000.0
blazer-jas-pria,Lapel Pin Bros Jas Wedding Best Man FLOWER SATIN RED LAPEL PIN,Rp139.000,139000.0
blazer-jas-pria,Bowtie Dasi Kupu Houseofcuff Dasi kupu kupu Satin Dusty Pink,Rp89.000,89000.0
blazer-jas-pria,Houseofcuff Pocket Square Saputangan Jas Aksesoris Pria Y08,Rp75.000,75000.0
blazer-jas-pria,Cufflinks Manset Kancing Kemeja French Cuff SMILING SKULL CUFFLINKS,Rp180.000,180000.0
blazer-jas-pria,Cufflinks Manset Kancing Kemeja French Cuff MOCKINGJAY BIRD CUFFLINKS,Rp180.000,180000.0
blazer-jas-pria,Houseofcuff Pocket Square Saputangan Jas Aksesoris Pria Y07,Rp75.000,75000.0
blazer-jas-pria,Dasi kupu kupu green bow tie,Rp89.000,89000.0
blazer-jas-pria,Dasi Pria Motif Batik Klasik Panjang Standar Bahan Polyester Lembut Dan Ringan Cocok Untuk Kerja Harian Kantor Acara Formal Dan Hadiah,Rp59.000,59000.0
blazer-jas-pria,Patch Bordir Emblem Woven Premium Romi & the jahats bundling PIN,Rp30.000,30000.0
blazer-jas-pria,houseofcuff korsase bunga corsage brooch jas RED FLOWER LAPEL PIN,Rp139.000,139000.0
blazer-jas-pria,Houseofcuff Cufflinks kancing manset kemeja bitcoin,Rp180.000,180000.0
blazer-jas-pria,STARLINE - ONE SET CHEONGSAM IP MAN JACKET,Rp679.000,679000.0
blazer-jas-pria,XELLANO - Jas Pria Formal Slimfit Jas Blazer Pengantin Pria Size S-Xl Jas Formal Pria Dewasa Hitam,Rp690.000,690000.0
blazer-jas-pria,Pin Tie Jepit Dasi Slim silver F houseofcuff,Rp89.000,89000.0
blazer-jas-pria,Dasi Neck Tie Motif Wedding Best Man PURPLE PAISLEY BATIK TIE,Rp150.000,150000.0
blazer-jas-pria,houseofcuff korsase bunga corsage brooch jas DARK GREY FLOWER LAPELPIN,Rp139.000,139000.0
blazer-jas-pria,Houseofcuff pocket square handkerchief sapu tangan X28,Rp75.000,75000.0
blazer-jas-pria,houseofcuff Cufflinks Kancing Manset Garuda & Bendera Indonesia,Rp199.000,199000.0
blazer-jas-pria,Houseofcuff Lapel Pin Brooch Bros Untuk Jas Tusuk Hitam A17,Rp79.000,79000.0
blazer-jas-pria,Houseofcuff Cufflinks Kancing Lengan Kemeja Square Silver Cufflink,Rp180.000,180000.0
blazer-jas-pria,Houseofcuff Dasi Kupu Bowtie Pocket Square Saputangan Pink Muda A04,Rp99.000,99000.0
blazer-jas-pria,Houseofcuff lapel pin brooch bros untuk jas TUSUK SILVER A55,Rp139.000,139000.0
blazer-jas-pria,Houseofcuff Dasi Kupu Bowtie Pocket Square Saputangan MagentaPolka A40,Rp99.000,99000.0
blazer-jas-pria,Houseofcuff pocket square handkerchief sapu tangan LINEN abu tua list putih,Rp75.000,75000.0
blazer-jas-pria,Cream Red Black List Knit Bow,Rp150.000,150000.0
blazer-jas-pria,Houseofcuff Dasi NeckTie Slim Motif Wedding Best Man Dasi Orange Red,Rp119.000,119000.0
blazer-jas-pria,Cufflinks Manset Kancing Kemeja French Cuff BROWN BIOLA,Rp180.000,180000.0
blazer-jas-pria,Dasi kupu bowtie manual 12,Rp166.600,166600.0
blazer-jas-pria,TROY CUFFLINK - kancing manset kancing lengan kemeja,Rp59.000,59000.0
blazer-jas-pria,Bowtie Dasi Kupu Wedding Houseofcuff Dasi kupu kupu Pink Muda,Rp89.000,89000.0
blazer-jas-pria,Bowtie Dasi Kupu Wedding Houseofcuff Dasi kupu kupu Biru BCA,Rp89.000,89000.0
blazer-jas-pria,Setelan Jas Celana & Rompi Pria - Slim Fit - Coklat - Peaky Premium Series - Goldy,Rp435.000,435000.0
blazer-jas-pria,dasi kupu batik putih bow tie instant pria wedding houseofcuff,Rp114.400,114400.0
blazer-jas-pria,TOBIAS CUFFLINK - kancing manset kancing lengan kemeja,Rp59.000,59000.0
blazer-jas-pria,Dasi kupu kupu white bow tie,Rp89.000,89000.0
blazer-jas-pria,Houseofcuff Dasi NeckTie Polos Wedding Best Man Dasi Watermelon Stripe,Rp99.000,99000.0
blazer-jas-pria,Pin Tie Jepit Dasi Slim silver B houseofcuff,Rp89.000,89000.0
blazer-jas-pria,Goldy - Jas Celana Pria Mocca - New Hotma Series Formal Blazer,Rp649.000,649000.0
blazer-jas-pria,Goldy Outfit Setelan Jas Celana & Rompi Abu Abu / Grey - Vente Series,Rp649.000,649000.0
blazer-jas-pria,Neck tie/Dasi panjang 21 Dasi Pria,Rp89.000,89000.0
blazer-jas-pria,Bowtie Dasi Kupu Wedding Houseofcuff Dasi kupu kupu Orange Tua,Rp89.000,89000.0
blazer-jas-pria,Houseofcuff lapel pin brooch bros untuk jas TUSUK Putih GOLD A100,Rp79.000,79000.0
blazer-jas-pria,Cufflink Cufflinks Manset Kancing Kemeja French Cuff SQUARE BW 006 CUF,Rp150.000,150000.0
blazer-jas-pria,Houseofcuff Pocket Square Saputangan Jas Aksesoris Pria Y10,Rp75.000,75000.0
blazer-jas-pria,Lapel pin collar bar/bross untuk jas 16,Rp139.000,139000.0
blazer-jas-pria,Goldy Outfit Setelan Jas Celana & Rompi Golden Brown - Peaky Series,Rp339.000,339000.0
blazer-jas-pria,houseofcuff cufflink kancing manset SQUARE HALF SILVER CUFFLINKS,Rp150.000,150000.0
blazer-jas-pria,Houseofcuff pocket square handkerchief sapu tangan X27,Rp75.000,75000.0
blazer-jas-pria,CUFFLINK CUFFLINKS MANSET KANCING KEMEJA FRENCH CUFF KNOT GOLD,Rp180.000,180000.0
blazer-jas-pria,Cufflinks cufflinks manset handcuff kancing murah 27,Rp150.000,150000.0
blazer-jas-pria,Houseofcuff Cufflinks Manset SILVER TRIANGLE CLEAR STUDDED CUFFLINKS,Rp185.000,185000.0
blazer-jas-pria,dasi kupu motif batik biru bow tie instant pria wedding houseofcuff,Rp114.400,114400.0
blazer-jas-pria,Houseofcuff Cufflinks Kancing Manset French Cuff Brick Biru,Rp150.000,150000.0
blazer-jas-pria,Groomsmen Box Bestman Cufflinks Dasi Wedding Bowtie Piper Package,Rp450.000,450000.0
blazer-jas-pria,Houseofcuff Dasi Bolo Tie Bull Horns Gold,Rp180.000,180000.0
blazer-jas-pria,Houseofcuff Pin Tie Jepit Dasi Slim Silver A17,Rp99.000,99000.0
blazer-jas-pria,Houseofcuff Lapel Pin Brooch Bros Untuk Jas Tusuk JJ012,Rp139.000,139000.0
blazer-jas-pria,kotak bestman aksesoris hadiah kado pria alfa D houseofcuff,Rp450.000,450000.0
blazer-jas-pria,Lapel pin collar bar/bross untuk jas 32,Rp139.000,139000.0
blazer-jas-pria,Cufflinks Manset Kancing Kemeja French Cuff FLOWER WAX RED CUFFLINKS,Rp150.000,150000.0
blazer-jas-pria,TRILIVE - Jas Blazer Pria Casual Slimfit Motif Tartan Kotak,Rp205.000,205000.0
blazer-jas-pria,ROBB - PAKET suspender + bow tie - dasi kupu - bretel pantalon,Rp49.000,49000.0
blazer-jas-pria,Pin Tie Jepit Dasi Slim silver H houseofcuff,Rp89.000,89000.0
blazer-jas-pria,bowtie bow tie dasi kupu motif wedding best man neck tie,Rp89.000,89000.0
blazer-jas-pria,Dasi Kupu-Kupu PROFUMO PR-BTSO-01 Bow Tie,Rp370.500,370500.0
blazer-jas-pria,ARABINA Arm Cover Medium Cotton Spandex Hand Sock Manset Renda Hijab Panjang Katun,Rp28.900,28900.0
blazer-jas-pria,Dasi Pria Motif Elegant Neck Tie Ukuran 8cm Warna Navy DS005,Rp59.000,59000.0
blazer-jas-pria,Cufflinks Manset Kancing Kemeja French Cuff SILK KNOT LIGHT BLUE,Rp120.000,120000.0
blazer-jas-pria,Dagadu Pin Enamel Djokdja Series,Rp60.000,60000.0
blazer-jas-pria,Dasi NeckTie Slim Polos Wedding Best Man SEA FOAM LISTED TIE,Rp99.000,99000.0
blazer-jas-pria,Houseofcuff Bowtie Dasi Kupu Motif BATIK BOWTIE BLACK,Rp89.000,89000.0
blazer-jas-pria,Houseofcuff Pocket Square Saputangan Jas Aksesoris Pria Y03,Rp100.000,100000.0
blazer-jas-pria,Bowtie Dasi Kupu Houseofcuff Dasi kupu kupu Satin Abu Tua,Rp89.000,89000.0
blazer-jas-pria,Houseofcuff Blue Black Dot Knit Bow,Rp150.000,150000.0
blazer-jas-pria,Suspender Tali Jojon Karet ikat pinggang pria dewasa besar A14,Rp200.000,200000.0
blazer-jas-pria,ONE SET WOOL JACKET SWEET / ELEGANT JACKET,Rp649.000,649000.0
blazer-jas-pria,Houseofcuff Dasi Kupu Bowtie Pocket Square Saputangan Biru Langit A01,Rp99.000,99000.0
blazer-jas-pria,houseofcuff cufflinks kancing manset blue gem round kemeja french cuff,Rp180.000,180000.0
blazer-jas-pria,houseofcuff cufflinks kancing manset wedding bulat kayu wood,Rp150.000,150000.0
blazer-jas-pria,Groomsmen box bestman cufflinks dasi wedding bowtie PACKAGE,Rp525.000,525000.0
blazer-jas-pria,Houseofcuff Lapel Pin Brooch Bros Untuk Jas Tusuk JJ011,Rp139.000,139000.0
blazer-jas-pria,Houseofcuff Pin Tie Jepit Dasi Slim Gold A08,Rp99.000,99000.0
blazer-jas-pria,Houseofcuff cufflink kancing manset jepit Cufflinks Pin Tie Set Gold H,Rp185.000,185000.0
blazer-jas-pria,Houseofcuff lapel pin brooch bros untuk jas RANTAI SILVER GG,Rp139.000,139000.0
blazer-jas-pria,Round Jepit Dasi Pin Tie Slim Reguler Tie Clasp Klip Dasi,Rp99.000,99000.0
blazer-jas-pria,Houseofcuff Lapel Pin Brooch Bros Untuk Jas Tusuk C011,Rp139.000,139000.0
blazer-jas-pria,Cufflink Cufflinks Manset Kancing Kemeja French Cuff KNOT GOLD,Rp180.000,180000.0
blazer-jas-pria,Cufflinks Manset Kancing Kemeja French Cuff Casino Roullete Cufflink,Rp150.000,150000.0
blazer-jas-pria,Cufflinks Manset Kancing Kemeja French Cuff FLOWER WAX BROWN CUFFLINKS,Rp150.000,150000.0
blazer-jas-pria,Kingsland Classic Men’s Tie dengan Logo KL di bagian depan bawah.,Rp529.000,529000.0
blazer-jas-pria,Cufflinks Manset Kancing Kemeja French Cuff DRUM SET RED CUFFLINKS,Rp180.000,180000.0
blazer-jas-pria,Goldy Outfit - Dasi Kupu Polos - Bowtie - Tie,Rp30.500,30500.0
blazer-jas-pria,Dasi Pria Groom's Man pagar bagus wedding pernikahan seragam pink,Rp35.000,35000.0
blazer-jas-pria,Bros Kerah Rantai Kristal Model Jepit Pin Dasi Jas Blazer Kemeja Pria Wanita Aksesoris Fashion Formal Elegan Gaya Korea Vintage Unik & Mewah,Rp25.000,25000.0
blazer-jas-pria,TOBIAS CUFFLINK - kancing manset kancing lengan kemeja,Rp59.000,59000.0
blazer-jas-pria,FORMAL SET 4 : Suit Blazer Hitam + Celana bahan Formal Hitam,Rp2.005.000,2005000.0
blazer-jas-pria,Bowtie Dasi Kupu Wedding Houseofcuff Dasi kupu kupu Ungu Muda,Rp89.000,89000.0
blazer-jas-pria,Dasi Formal Premium Untuk Acara Pernikahan Bisnis Kerja,Rp69.000,69000.0
blazer-jas-pria,Dasi Pria PROFUMO PR-75SO-04-RD,Rp370.500,370500.0
blazer-jas-pria,Dasi Pria PROFUMO PR-85SO-45-RD Neck Tie,Rp390.000,390000.0
blazer-jas-pria,Alfamidi LINK 2PCS/Bag Suspender Kemeja Suspender For Men Shirt Holder Shirt Suspender Intactor Leg Warna Hitam,Rp42.900,42900.0
blazer-jas-pria,Cuflinks cuflinks manset handcuff kancing murah,Rp199.000,199000.0
blazer-jas-pria,Houseofcuff Bowtie Dasi Kupu Manual SELF-TIE BOW TIE MAROON,Rp166.600,166600.0
blazer-jas-pria,Dasi Neck Tie Motif Wedding Best Man BLUE BLACK PAISLEY BATIK TIE,Rp170.000,170000.0
blazer-jas-pria,Lapel pin collar bar / Bros untuk jas 01,Rp139.000,139000.0
blazer-jas-pria,Pin Tie Jepit Dasi Slim Fit,Rp89.000,89000.0
blazer-jas-pria,Collar Bar Lapel pin Bros Jas Wedding Best Man FLOWER SATIN SILVER,Rp139.000,139000.0
blazer-jas-pria,Cufflinks Cufflinks Manset U/ French Cuff Shirt RED BUS CUFFLINKS,Rp180.000,180000.0
blazer-jas-pria,Cufflinks cufflinks manset handcuff kancing murah 69,Rp150.000,150000.0
blazer-jas-pria,Houseofcuff pocket square handkerchief sapu tangan X22,Rp75.000,75000.0
blazer-jas-pria,Neck tie / Dasi panjang 40,Rp109.000,109000.0
blazer-jas-pria,Cufflinks Manset U/ French Cuff Shirt SILVER BAT HERO CUFFLINKS,Rp150.000,150000.0
blazer-jas-pria,Lapel pin collar bar/bross untuk jas 18,Rp139.000,139000.0
blazer-jas-pria,Cufflinks Manset Kancing Kemeja French Cuff BB DROID CUFFLINKS,Rp180.000,180000.0
blazer-jas-pria,Neck tie / Dasi panjang 13,Rp99.000,99000.0
blazer-jas-pria,Inara Manset Leher Tiebymin - Dasi Berkualitas Tinggi,Rp20.000,20000.0
blazer-jas-pria,Bow Tie Dasi Kupu Kupu Houseofcuff BOWTIE MIX BLACK RED,Rp89.000,89000.0
blazer-jas-pria,REMEDY Blazer Linen Pria Warna Cream - Sand Linen Blazer,Rp799.000,799000.0
blazer-jas-pria,Houseofcuff Dasi Kupu Dan Pocket Square Bahan Linen Warna Beige,Rp99.000,99000.0
blazer-jas-pria,Houseofcuff Dasi NeckTie Motif Wedding Best Man BLUE OCEAN BATIK TIE,Rp150.000,150000.0
blazer-jas-pria,Houseofcuff Dasi Kupu Pocket Square Saputangan Pria Motif 001,Rp99.000,99000.0
blazer-jas-pria,Cufflinks Manset Kancing Kemeja French Cuff Sleeping Skull Cufflink,Rp180.000,180000.0
blazer-jas-pria,houseofcuff cufflink kancing manset RECTANGLE SQUARE CUFFLINKS,Rp150.000,150000.0
blazer-jas-pria,Houseofcuff Dasi Kupu Bowtie Pocket Square Saputangan Dark Salmon A31,Rp99.000,99000.0
blazer-jas-pria,Formal Set 7 : Set Jas + Sepatu + Kemeja French Cuff + Dasi + Pin Tie,Rp2.978.000,2978000.0
blazer-jas-pria,Houseofcuff Dasi Kupu Bowtie Pocket Square Saputangan Mauve A16,Rp99.000,99000.0
blazer-jas-pria,dasi kupu hitam motif batik bow tie instant pria wedding houseofcuff,Rp114.400,114400.0
blazer-jas-pria,Houseofcuff Dasi Kupu Bowtie Pocket Square Saputangan Midnite Grey A09,Rp99.000,99000.0
blazer-jas-pria,Houseofcuff lapel pin brooch bros untuk jas TUSUK PUTIH A19,Rp79.000,79000.0
blazer-jas-pria,Dasi kupu kupu Oversize bowtie wedding bahan suede / beludru navy,Rp166.600,166600.0
blazer-jas-pria,Houseofcuff Pin Tie Jepit Dasi Slim Gold A02,Rp99.000,99000.0
blazer-jas-pria,Houseofcuff Lapel Pin Brooch Bros Untuk Jas Tusuk Silver A59,Rp139.000,139000.0
blazer-jas-pria,Dasi Kupu-Kupu PROFUMO PR-BTSO-03 Bow Tie,Rp370.500,370500.0
blazer-jas-pria,Houseofcuff Lapel Pin Bros Jas Cheetah Silver Lapel Pin,Rp79.000,79000.0
blazer-jas-pria,Cufflinks Manset Kancing Kemeja French Cuff ENGRAVABLE ENAMEL CUSTOM,Rp450.000,450000.0
blazer-jas-pria,Skelly Tuby Guard Enamel Pin,Rp125.000,125000.0
blazer-jas-pria,Houseofcuff pocket square handkerchief sapu tangan X32,Rp75.000,75000.0
blazer-jas-pria,Houseofcuff Lapel Pin Brooch Bros Untuk Jas Tusuk Gold A105,Rp79.000,79000.0
blazer-jas-pria,Silk Knot Cufflinks jual cufflink untuk kemeja manset french cuff,Rp120.000,120000.0
blazer-jas-pria,Forester Manset Corak Olahraga Lari,Rp52.000,52000.0
blazer-jas-pria,TOM 2 - DASI INSTANT dasi siap pakai dasi resleting dasi formal,Rp39.000,39000.0
blazer-jas-pria,cufflinks cufflink manset french cuff shirt kancing wedding best man,Rp199.000,199000.0
blazer-jas-pria,Bowtie Dasi Kupu Wedding bestman Houseofcuff Dasi kupu kupu mint,Rp89.000,89000.0
blazer-jas-pria,Houseofcuff Pin Tie Jepit Dasi Slim Silver A24,Rp99.000,99000.0
blazer-jas-pria,cufflinks cufflink manset french cuff shirt kancing wedding best man,Rp180.000,180000.0
blazer-jas-pria,Black White Square Knit Bow,Rp150.000,150000.0
blazer-jas-pria,Bow Tie Dasi Kupu Kupu Houseofcuff BOWTIE MIX BLACK BLUE,Rp89.000,89000.0
blazer-jas-pria,Cufflinks Manset U/ French Cuff Shirt SILVER BLACK GUITAR CUFFLINKS,Rp180.000,180000.0
blazer-jas-pria,Neckt Tie Dasi Motif Slim Fit Houseofcuff BLACK GREEN BATIK PAISLEY,Rp150.000,150000.0
blazer-jas-pria,Houseofcuff Pin Tie Jepit Dasi GLASSES SILVER SLIM PIN TIE,Rp89.000,89000.0
blazer-jas-pria,Cufflinks cufflinks manset handcuff kancing murah 49,Rp150.000,150000.0
blazer-jas-pria,OCWA DOMA TWOTONE DENIM BLAZER BLUE NAVY,Rp749.900,749900.0
blazer-jas-pria,Cufflinks Manset U/ French Cuff ShirtSILVER CYLINDER CUFFLINKS,Rp180.000,180000.0
blazer-jas-pria,Epaulet Rumbai Rivet Vintage - Tanda Pangkat Militer & Rantai Logam untuk Kostum Panggung Punk/Metal,Rp28.900,28900.0
blazer-jas-pria,REMEDY Outer Linen Set Pria Panjang Warna Hitam - Midnight Blazer Set,Rp1.149.000,1149000.0
blazer-jas-pria,houseofcuff korsase bunga corsage brooch jas BLUE LIGHT LAPEL PIN,Rp139.000,139000.0
blazer-jas-pria,Bowtie Dasi Kupu Wedding Houseofcuff Dasi kupu kupu Mint Gelap,Rp99.000,99000.0
blazer-jas-pria,Goldy Outfit Setelan Jas Celana & Rompi Biru Elektrik - Vente Series,Rp435.000,435000.0
blazer-jas-pria,Houseofcuff Dasi Kupu Bowtie Pocket Square Saputangan Abu Polka A37,Rp99.000,99000.0
blazer-jas-pria,TOBIAS CUFFLINK - kancing manset kancing lengan kemeja,Rp59.000,59000.0
blazer-jas-pria,FORMAL SET 4 : Suit Blazer Hitam + Celana bahan Formal Hitam,Rp2.005.000,2005000.0
blazer-jas-pria,Bowtie Dasi Kupu Wedding Houseofcuff Dasi kupu kupu Ungu Muda,Rp89.000,89000.0
blazer-jas-pria,Dasi Formal Premium Untuk Acara Pernikahan Bisnis Kerja,Rp69.000,69000.0
blazer-jas-pria,Dasi Pria PROFUMO PR-75SO-04-RD,Rp370.500,370500.0
blazer-jas-pria,Houseofcuff Dasi Kupu Bowtie Pocket Square Saputangan Hitam Bunga A38,Rp99.000,99000.0
blazer-jas-pria,houseofcuff lapel pin brooch rantai jas pria Patzy gold,Rp139.000,139000.0
blazer-jas-pria,Cufflinks Manset Kancing Kemeja French Cuff ENGRAVABLE ENAMEL CUSTOM,Rp450.000,450000.0
blazer-jas-pria,Dasi Kupu-Kupu PROFUMO PR-BTSO-03 Bow Tie,Rp370.500,370500.0
blazer-jas-pria,Houseofcuff Lapel Pin Brooch Bros Untuk Jas Tusuk Gold A105,Rp79.000,79000.0
blazer-jas-pria,Forester Manset Corak Olahraga Lari,Rp52.000,52000.0
blazer-jas-pria,TOM 2 - DASI INSTANT dasi siap pakai dasi resleting dasi formal,Rp39.000,39000.0
blazer-jas-pria,Silk Knot Cufflinks jual cufflink untuk kemeja manset french cuff,Rp120.000,120000.0
blazer-jas-pria,cufflinks cufflink manset french cuff shirt kancing wedding best man,Rp199.000,199000.0
blazer-jas-pria,Bowtie Dasi Kupu Wedding Houseofcuff Dasi kupu kupu Orange Muda,Rp89.000,89000.0
blazer-jas-pria,Cufflinks Manset Kancing Kemeja French Cuff GOLDEN TRIANGLE STUDDED,Rp199.000,199000.0
blazer-jas-pria,Bros Jas Wanita Pria Pengantin Groomsmen BBEMBU Hiasan Clips,Rp24.000,24000.0
blazer-jas-pria,Houseofcuff Bowtie Dasi Kupu BROWN YELLOW GOLD NECK TIE,Rp89.000,89000.0
blazer-jas-pria,Cufflinks cufflinks manset handcuff kancing murah 64,Rp150.000,150000.0
blazer-jas-pria,Dasi Pria Cardinal F0089X03B,Rp104.500,104500.0
blazer-jas-pria,Cufflink Cufflinks Manset Kancing Kemeja French Cuff,Rp199.000,199000.0
blazer-jas-pria,Dancus - Bow Tie Dasi Kupu Kupu Pria Elegan Formal Look BowTie Burgundy Salur KP05,Rp55.000,55000.0
blazer-jas-pria,Lapel pin Bros Jas Wedding Best Man FLOWER SATIN GOLDEN BROWN,Rp139.000,139000.0
blazer-jas-pria,Collar Bar Lapel pin Bros Jas Wedding Best Man FLOWER SATIN BLACK,Rp139.000,139000.0
blazer-jas-pria,cufflinks cufflink manset french cuff shirt kancing wedding best man,Rp180.000,180000.0
blazer-jas-pria,Cufflinks cufflinks manset handcuff kancing murah 42,Rp150.000,150000.0
blazer-jas-pria,Houseofcuff Pocket Square Saputangan Jas Aksesoris Pria Y11,Rp75.000,75000.0
blazer-jas-pria,Bowtie Dasi Kupu Wedding Houseofcuff Dasi kupu kupu Biru BCA,Rp89.000,89000.0
blazer-jas-pria,Suspender Tali Jojon Karet ikat pinggang pria dewasa besar A05,Rp200.000,200000.0
blazer-jas-pria,houseofcuff korsase bunga corsage brooch PASTEL LIGHT FLOWER LAPEL PIN,Rp139.000,139000.0
blazer-jas-pria,Cufflink Cufflinks Manset Kancing Kemeja French Cuff CIRCLE BW 003 CUF,Rp150.000,150000.0
blazer-jas-pria,Bowtie Dasi Kupu Motif POLKA BLACK BOW TIE,Rp89.000,89000.0
blazer-jas-pria,Cufflinks Manset Kancing Kemeja French Cuff FLOWER WAX BLACK CUFFLINKS,Rp150.000,150000.0
blazer-jas-pria,Houseofcuff Jas Set Celana Formal Blazer Krem Formal Pria Jas Nikah,Rp2.000.000,2000000.0
blazer-jas-pria,REMEDY Outer Linen Set Pria Panjang Warna Hijau Army - Midnight GreenBlazer Set,Rp1.149.000,1149000.0
blazer-jas-pria,Houseofcuff Dasi Kupu Bowtie Pocket Square Saputangan Merah A50,Rp99.000,99000.0
blazer-jas-pria,Groomsmen Box Bestman Cufflinks Dasi Wedding Bowtie Maguire Package,Rp375.000,375000.0
blazer-jas-pria,Houseofcuff lapel pin brooch bros untuk jas TUSUK SILVER A56,Rp139.000,139000.0
blazer-jas-pria,Houseofcuff Dasi Kupu Manual Pre Tied Bowtie Self Tie Motif A04,Rp226.630,226630.0
blazer-jas-pria,Houseofcuff Dasi biru muda Neck Tie Slim Polos Wedding Best Man Blue Soft Tie,Rp120.000,120000.0
blazer-jas-pria,Circle Studded Black Cufflinks,Rp199.000,199000.0
blazer-jas-pria,Houseofcuff Pin Tie Jepit Dasi Slim Silver A04,Rp99.000,99000.0
blazer-jas-pria,Houseofcuff Cufflinks Kancing Lengan Kemeja Studded A001,Rp250.000,250000.0
blazer-jas-pria,Houseofcuff Cufflinks HULK MARVEL AVENGERS CUFFLINKS,Rp169.000,169000.0
blazer-jas-pria,Houseofcuff cufflink kancing manset jepit Cufflinks Pin Tie Set Gold G,Rp185.000,185000.0
blazer-jas-pria,Houseofcuff Cufflinks Manset Kancing Kemeja BLACK BIG CROSS CUFFLINKS,Rp180.000,180000.0
blazer-jas-pria,Collar Bar Lapel Pin Bros FLOWER LAPEL NINO FUSIA,Rp79.000,79000.0
blazer-jas-pria,Dasi Pria Motif Elegant Neck Tie Ukuran 8cm Warna Ungu DS018,Rp59.000,59000.0
blazer-jas-pria,Houseofcuff Lapel Pin Brooch Bros Untuk Jas Tusuk Gold A110,Rp79.000,79000.0
blazer-jas-pria,Dasi Pria Motif Elegant Neck Tie Ukuran 8cm Warna Merah Salur DS019,Rp59.000,59000.0
blazer-jas-pria,Lapel Pin Bros Jas Wedding Best Man FLOWER LEAF ORANGE LAPEL,Rp139.000,139000.0
blazer-jas-pria,Houseofcuff Pocket Square Saputangan Jas Aksesoris Pria Y04,Rp75.000,75000.0
blazer-jas-pria,Bow Tie Dasi Kupu Kupu Houseofcuff BOWTIE MIX BLACK PURPLE,Rp89.000,89000.0
blazer-jas-pria,Dasi Kupu Kupu Oversize Bowtie Wedding Bahan Suede Beludru Hijau Sacramento,Rp166.600,166600.0
blazer-jas-pria,Cufflinks cufflinks manset handcuff kancing murah 21,Rp180.000,180000.0
blazer-jas-pria,Bow Tie Dasi Kupu Kupu Houseofcuff BOWTIE MIX GOLD RED,Rp89.000,89000.0
blazer-jas-pria,BOSS Jas Formal Pria Regular Fit RJB Hitam,Rp569.900,569900.0
blazer-jas-pria,Suspender Tali Jojon Karet ikat pinggang pria dewasa besar A11,Rp200.000,200000.0
blazer-jas-pria,Goldy Outfit Setelan Jas Celana & Rompi Biru Elektrik - Peaky Series,Rp495.000,495000.0
blazer-jas-pria,Cufflinks Cufflinks Manset U/ French Cuff Shirt CIRCLE CROSS CUFFLINKS,Rp180.000,180000.0
blazer-jas-pria,Cufflinks Manset Kancing Kemeja French CuffSILK KNOT BLUE PINK,Rp120.000,120000.0
blazer-jas-pria,GOODETHICS - Luxury Jas Pria Slimfit | Blazer Motif Stripe | Pattren,Rp999.000,999000.0
blazer-jas-pria,houseofcuff Cufflinks Kancing Lengan Manset Super Black,Rp199.000,199000.0
blazer-jas-pria,Goldy - Jas Celana Pria Hijau Sage - New Hotma Series,Rp649.000,649000.0
blazer-jas-pria,Dancus Dasi Instant Pria Motif Elegant Neck Tie Ukuran 8cm,Rp59.000,59000.0
blazer-jas-pria,dasi kupu batik putih bow tie instant pria wedding houseofcuff,Rp114.400,114400.0
blazer-jas-pria,Bowtie Dasi Kupu Wedding Houseofcuff Dasi kupu kupu Pink Muda,Rp89.000,89000.0
blazer-jas-pria,Bowtie Dasi Kupu Wedding Houseofcuff Dasi kupu kupu Ungu Muda,Rp89.000,89000.0
blazer-jas-pria,TOBIAS CUFFLINK - kancing manset kancing lengan kemeja,Rp59.000,59000.0
blazer-jas-pria,Dasi Resleting Pria PROFUMO PR-75ZPS-42-BN Zipper Tie,Rp335.200,335200.0
blazer-jas-pria,Neck tie / Dasi panjang 28,Rp89.000,89000.0
blazer-jas-pria,Cufflinks Manset U/ French Cuff Shirt SILVER GRAND PIANO CUFFLINKK,Rp180.000,180000.0
blazer-jas-pria,Cufflinks Manset Kancing Kemeja French Cuff Slik Knot Square Blue,Rp120.000,120000.0
blazer-jas-pria,bowtie bow tie dasi kupu motif wedding best man neck tie,Rp89.000,89000.0
blazer-jas-pria,Dasi Resleting Pria PROFUMO PR-75ZPS-35-NV Zipper Tie,Rp335.200,335200.0
blazer-jas-pria,Cufflinks cufflinks manset handcuff kancing murah 28,Rp180.000,180000.0
blazer-jas-pria,HIJIKATA TIE DASI INSTANT DASI SEIFUKU JK uniform school dasi cosplay Japanese Korean Chinese,Rp35.000,35000.0
blazer-jas-pria,Lapel pin collar bar/bross untuk jas 28,Rp139.000,139000.0
blazer-jas-pria,Jepit Dasi Pin Tie clasp Pin dasi HOUSEOFCUFF GLASSES BLACK SLIM,Rp99.000,99000.0
blazer-jas-pria,Houseofcuff Cufflinks Manset Kemeja HARRY POTTER CUFFLINKS,Rp169.000,169000.0
blazer-jas-pria,Stud Button Kancing Kemeja Tuxedo Cufflinks Studs Button Navy,Rp290.000,290000.0
blazer-jas-pria,Houseofcuff Grey White Knit Bow,Rp150.000,150000.0
blazer-jas-pria,Houseofcuff pocket square handkerchief sapu tangan LINEN olive list biru,Rp75.000,75000.0
blazer-jas-pria,Houseofcuff Lapel Pin Brooch Bros Untuk Jas Tusuk Hitam A16,Rp79.000,79000.0
blazer-jas-pria,Houseofcuff Dasi Kupu Manual Pre Tied Bowtie Self Tie Motif A05,Rp226.630,226630.0
blazer-jas-pria,Houseofcuff Cufflinks Kancing Manset Transfo Silver Kemeja French Cuff,Rp150.000,150000.0
blazer-jas-pria,Houseofcuff cufflinks & jepit dasi pin tie set warna gold X032,Rp250.000,250000.0
blazer-jas-pria,Houseofcuff cufflinks & jepit dasi pin tie set warna silver X017,Rp250.000,250000.0
blazer-jas-pria,Suspender Gesper Belt Wedding Best Man Cummerbund Hitam,Rp400.000,400000.0
blazer-jas-pria,Neck tie / Dasi panjang 20,Rp99.000,99000.0
blazer-jas-pria,STANLEY - Dasi polos dasi instant dasi skinny dasi siap pakai,Rp65.000,65000.0
blazer-jas-pria,Cufflinks Manset Kancing Kemeja French Cuff SCALE GOLDEN CUFFLINKS,Rp180.000,180000.0
blazer-jas-pria,Cufflinks Manset Kancing Kemeja French Cuff SILK KNOT BROWN WHITE,Rp120.000,120000.0
blazer-jas-pria,SETELAN JAS CELANA PRIA HITAM KUALITAS PREMIUM JAS RESMI JAS,Rp435.000,435000.0
blazer-jas-pria,Cufflinks Manset Kancing Kemeja French Cuff ROSE SILVER CUFFLINKS,Rp199.000,199000.0
blazer-jas-pria,DASI BOLO TIE CIRCLE BLACK GEM BOLO,Rp200.000,200000.0
blazer-jas-pria,[Alfamidi LINK]Dasi Inggris Dasi Garis Dasi Harry Potter Dasi untuk Cosplay Sekolah Sihir,Rp22.900,22900.0
blazer-jas-pria,Dancus Dasi Instant Pria Motif Elegant Neck Tie Ukuran 8cm Warna Merah DW003,Rp59.000,59000.0
blazer-jas-pria,Cufflinks Manset Kancing Kemeja French Cuff GOLD STUDDED BLUE GEM,Rp199.000,199000.0
blazer-jas-pria,Cufflinks cufflinks manset handcuff kancing murah 02,Rp199.000,199000.0
blazer-jas-pria,Goldy Outfit Dasi Pria Formal Dasi Wedding Polos & Motif,Rp79.000,79000.0
blazer-jas-pria,SCOTT - DASI INSTANT dasi siap pakai dasi resleting dasi formal skinny,Rp52.000,52000.0
blazer-jas-pria,Bow Tie Manual / Self Tie Bow Tie murah,Rp155.000,155000.0
blazer-jas-pria,Houseofcuff Jepit dasi / Pin tie 04,Rp89.000,89000.0
blazer-jas-pria,Cufflink Cufflinks Manset Kancing Kemeja French Cuff SQUARE BW 002 CUF,Rp150.000,150000.0
blazer-jas-pria,Houseofcuff pocket square handkerchief sapu tangan X20,Rp75.000,75000.0
blazer-jas-pria,Cufflinks Manset Kancing Kemeja French Cuff STAR FIGHTER SILVER,Rp180.000,180000.0
blazer-jas-pria,Houseofcuff Dasi Neck Tie Slim Polos Gold Yellow Neck Tie,Rp89.000,89000.0
blazer-jas-pria,Bowtie Dasi Kupu Wedding Dasi kupu kupu Satin Ungu Houseofcuff,Rp89.000,89000.0
blazer-jas-pria,Neck tie / Dasi panjang 41,Rp109.000,109000.0
blazer-jas-pria,Houseofcuff Lapel Pin Bros Jas Wedding Best Man FLOWER LEAF GOLD,Rp139.000,139000.0
blazer-jas-pria,Lapel Pin Bros Jas Wedding Best Man VINTAGE TRIANGLE BRONZE COLLAR PIN,Rp139.000,139000.0
blazer-jas-pria,Bowtie Dasi Kupu Wedding Houseofcuff Dasi kupu kupu Hijau,Rp89.000,89000.0
blazer-jas-pria,Lapel Pin Bros Jas Wedding Best Man FLOWER SATIN TURQUOISE LAPEL PIN,Rp139.000,139000.0
blazer-jas-pria,Goldy - Jas Celana Pria Silver - New Hotma Series Blazer Formal,Rp649.000,649000.0
blazer-jas-pria,Houseofcuff Dasi Ascot Tie Ascot / Cravat Tie All Color,Rp260.000,260000.0
blazer-jas-pria,Houseofcuff dasi panjang dasi kupu pocket square satin,Rp235.000,235000.0
blazer-jas-pria,Houseofcuff Dasi Kupu Bowtie Pocket Square Saputangan Dusty Pink A17,Rp99.000,99000.0
blazer-jas-pria,Houseofcuff Jepit Dasi Pin Tie Penjepit Tie Polos Warna Rose Gold,Rp99.000,99000.0
blazer-jas-pria,Groomsmen box bestman cufflinks dasi wedding bowtie DAVID PACKAGE,Rp375.000,375000.0
blazer-jas-pria,Lapel Pin Bros Jas INSECT LAPEL PIN,Rp79.000,79000.0
blazer-jas-pria,Houseofcuff cufflinks & jepit dasi pin tie set warna gold X029,Rp250.000,250000.0
blazer-jas-pria,Houseofcuff Lapel Pin Brooch Bros Untuk Jas Tusuk Gold A37,Rp139.000,139000.0
blazer-jas-pria,Houseofcuff lapel pin brooch bros untuk jas RANTAI Gold JJ 001,Rp139.000,139000.0
blazer-jas-pria,Cufflinks Manset Kancing Kemeja French Cuff Silver Black Scale,Rp180.000,180000.0
blazer-jas-pria,MEN SHIRT HOLDER - LEG SUSPENDER - TUCK IN SUSPENDER,Rp59.000,59000.0
blazer-jas-pria,Houseofcuff Dasi WINE DARK MAROON LISTED NECK TIE - Merah Marun,Rp120.000,120000.0
blazer-jas-pria,Houseofcuff Dasi Neck Tie Motif SKYBLUE NECK TIE - Biru Langit,Rp89.000,89000.0
blazer-jas-pria,Houseofcuff Cufflinks Manset SILVER TRIANGLE BLACK STUDDED CUFFLINKS,Rp185.000,185000.0
blazer-jas-pria,HIA EveryWear Deerya Top Manset Sport Long Sleeve T-Shirt Workout atasan olahraga baju pakaian Wanita Muslim Panjang Tunik,Rp116.900,116900.0
blazer-jas-pria,dasi kupu batik putih bow tie instant pria wedding houseofcuff,Rp114.400,114400.0
blazer-jas-pria,Bowtie Dasi Kupu Wedding Houseofcuff Dasi kupu kupu Pink Muda,Rp89.000,89000.0
blazer-jas-pria,Bowtie Dasi Kupu Wedding Houseofcuff Dasi kupu kupu Ungu Muda,Rp89.000,89000.0
blazer-jas-pria,TOBIAS CUFFLINK - kancing manset kancing lengan kemeja,Rp59.000,59000.0
blazer-jas-pria,Dasi Resleting Pria PROFUMO PR-75ZPS-42-BN Zipper Tie,Rp335.200,335200.0
blazer-jas-pria,HIA EveryWear Deerya Top Manset Sport Long Sleeve T-Shirt Workout atasan olahraga baju pakaian Wanita Muslim Panjang Tunik,Rp116.900,116900.0
blazer-jas-pria,Houseofcuff Suspender Vintage Klasik Model Kancing Tali Jojon,Rp330.000,330000.0
blazer-jas-pria,THANOS - DASI INSTANT dasi siap pakai dasi resleting dasi formal,Rp55.000,55000.0
blazer-jas-pria,Bowtie Dasi Kupu Wedding Houseofcuff Dasi kupu kupu Putih,Rp89.000,89000.0
blazer-jas-pria,Dasi Pria Motif Elegant Neck Tie Ukuran 8cm Warna Navy DS007,Rp59.000,59000.0
blazer-jas-pria,Parayu - Jas Blazer Pria Formal Kancing Satu Slim Fit,Rp195.000,195000.0
blazer-jas-pria,BOSS Dasi Panjang Formal Pria Polos Motif - Tie,Rp79.000,79000.0
blazer-jas-pria,houseofcuff cufflink kancing manset SQUARE MULTI CUFFLINKS,Rp150.000,150000.0
blazer-jas-pria,Houseofcuff Dasi Golden Green,Rp109.000,109000.0
blazer-jas-pria,[COD] SK C1325 Bros Pin Bunga Tulip Elegan Jas Blazer Wanita Pria,Rp6.719,6719.0
blazer-jas-pria,Goldy Outfit Dasi Panjang Formal Motif Premium,Rp79.000,79000.0
blazer-jas-pria,Setelan Jas Celana & Rompi Hitam - Vente Series - Goldy outfit,Rp435.000,435000.0
blazer-jas-pria,Bowtie Dasi Kupu Houseofcuff Dasi kupu kupu Satin Cream Tua,Rp99.000,99000.0
blazer-jas-pria,cufflink kancing manset DOCTOR STRANGE AVENGERS MARVEL CUFFLINKS,Rp170.000,170000.0
blazer-jas-pria,Houseofcuff Suspender Besar Heavy Duty Hook Model X,Rp330.000,330000.0
blazer-jas-pria,RAISMA - Handsock Manset Tangan Rajut Minie Premium Muslimah,Rp55.000,55000.0
blazer-jas-pria,Goldy Outfit Setelan Jas Celana & Rompi Milo - Vente Series,Rp649.000,649000.0
blazer-jas-pria,Houseofcuff Cufflinks Manset Kemeja POKEMON BALL CUFFLINKS,Rp140.000,140000.0
blazer-jas-pria,Cufflinks Manset Kancing Kemeja French Cuff VADER BLACK CUFFLINKS,Rp180.000,180000.0
blazer-jas-pria,Parayu - Setelan Jas Blazer Vali Jas Pria Formal Kancing Dua Slim Fit,Rp325.000,325000.0
blazer-jas-pria,Bowtie Dasi Kupu Wedding Houseofcuff Dasi kupu kupu Satin Hitam,Rp89.000,89000.0
blazer-jas-pria,Manset Cooltech by Sylmibasic Official,Rp90.000,90000.0
blazer-jas-pria,HARGA SPECIAL - UTRECHT DASI INSTANT + MIKE TIE CLIP PENJEPIT DASI - dasi siap pakai dasi resleting dasi formal +wedding clamp necktie penjepit dasi,Rp59.000,59000.0
blazer-jas-pria,MISTYVORI | Manset Inner Wanita,Rp139.000,139000.0
blazer-jas-pria,Cotton Inch - Yuza Inner Manset Leher,Rp29.900,29900.0
blazer-jas-pria,Houseofcuff Suspender Gesper Belt Wedding Best Man BLUE DARK SUSPENDER,Rp99.000,99000.0
blazer-jas-pria,Shirt Garter Suspender Belt Penarik Baju SHIRTTAIL GARTER ROUND LEG,Rp200.000,200000.0
blazer-jas-pria,Cotton Inch - Yuri Inner Manset Lengan Bolero Wanita,Rp29.900,29900.0
blazer-jas-pria,Jas Formal Hitam Pira Wisuda/Nikah/Acara Formal - Setelan Kemeja Putih,Rp205.000,205000.0
blazer-jas-pria,TOM - DASI INSTANT dasi siap pakai dasi resleting dasi formal,Rp39.000,39000.0
blazer-jas-pria,Jepit Dasi Pin Tie clasp size regular fit,Rp89.000,89000.0
blazer-jas-pria,Neck tie / Dasi panjang 35,Rp109.000,109000.0
blazer-jas-pria,Dasi kupu kupu silver bow tie,Rp89.000,89000.0
blazer-jas-pria,Dasi Neck Tie Slim Polos Wedding Best Man SQUARE ORANGE BLACK TIE,Rp99.000,99000.0
blazer-jas-pria,dasi kupu batik bow tie instant pria rose gold wedding houseofcuff,Rp114.400,114400.0
blazer-jas-pria,bowtie bow tie dasi kupu motif wedding best man neck tie,Rp89.000,89000.0
blazer-jas-pria,Bowtie Dasi Kupu Wedding Houseofcuff Dasi kupu kupu Hitam Satin,Rp31.390,31390.0
blazer-jas-pria,BOSS Jas Formal Pria Slim Fit RJB Hitam,Rp569.900,569900.0
blazer-jas-pria,Goldy Outfit Jas Formal Pria - Peaky Series,Rp339.000,339000.0
blazer-jas-pria,Coop Design - Taylor Dasi Jadi Instan Pria Neck Tie Long Formal Wedding Office Premium,Rp99.900,99900.0
blazer-jas-pria,RASCAL 2 DASI MANUAL - long formal office wedding skinny tie dasi panjang,Rp69.000,69000.0
blazer-jas-pria,Dasi kupu kupu pink bow tie,Rp89.000,89000.0
blazer-jas-pria,Dasi NeckTie Slim Polos Wedding Best Man BROWN RED LISTED TIE,Rp99.000,99000.0
blazer-jas-pria,Dasi Neck Tie Slim Polos Wedding Best Man SQUARE BLUE TIE,Rp99.000,99000.0
blazer-jas-pria,Houseofcuff Dasi Ascot Tie ASCOT / CRAVAT TIE WHITE,Rp260.000,260000.0
blazer-jas-pria,STEVEN - DASI POLOS INSTANT skinny tie dasi siap pakai dasi resleting dasi pria dasi formal dasi kantor formal tie office tie wedding tie,Rp37.000,37000.0
blazer-jas-pria,Houseofcuff Dasi Kupu Bowtie Pocket Square Saputangan Abu Abu A06,Rp99.000,99000.0
blazer-jas-pria,Houseofcuff Dasi Kupu Dan Pocket Square Bahan Linen Warna Krem,Rp99.000,99000.0
blazer-jas-pria,NECK TIE DASI MOTIF SLIM FIT READY STOCK UNTUK WEDDING / PERUSAHAAN,Rp99.000,99000.0
blazer-jas-pria,Bunga Jas Clips Pengantin Pria Bunga Putih Kecil Groomsmen BBPJJ Bros,Rp49.000,49000.0
blazer-jas-pria,CROW - GANTUNGAN DASI BELT SCARF tie hanger tie organizer tie storage,Rp59.000,59000.0
blazer-jas-pria,RASCAL DASI MANUAL - long formal office wedding skinny tie dasi panjang,Rp69.000,69000.0
blazer-jas-pria,RICHARD - bow tie diamond ring dasi kupu,Rp42.000,42000.0
blazer-jas-pria,VINCENT - DASI INSTANT POLOS 8CM dasi pria dasi regular dasi resleting dasi formal dasi kantor wedding tie,Rp35.000,35000.0
blazer-jas-pria,Dasi Pria Motif Elegant Neck Tie Ukuran 8cm Warna Biru Muda DS016,Rp59.000,59000.0
blazer-jas-pria,CUFFLINK - kancing manset kancing kemeja,Rp65.000,65000.0
blazer-jas-pria,Houseofcuff Dasi Red Maroon,Rp109.000,109000.0
blazer-jas-pria,Jas Blazer Polos Hitam Formal - Jas Wisuda - Nikah Jas Kerja Pria,Rp359.000,359000.0
blazer-jas-pria,Parayu Tie Dasi Kupu Kupu Satin Untuk Jas Kemeja Premium,Rp35.000,35000.0
blazer-jas-pria,Houseofcuff Bowtie Dasi Kupu BLACK PATTERN BOW TIE - Hitam,Rp89.000,89000.0
blazer-jas-pria,houseofcuff korsase bunga corsage brooch PASTEL LIGHT FLOWER LAPEL PIN,Rp139.000,139000.0
blazer-jas-pria,Dasi Pria PROFUMO PR-75SO-42-BK,Rp390.000,390000.0
blazer-jas-pria,Neck tie / Dasi panjang 03,Rp99.000,99000.0
blazer-jas-pria,Bowtie Dasi Kupu Wedding Dasi kupu kupu Satin Ungu Houseofcuff,Rp89.000,89000.0
blazer-jas-pria,dasi kupu batik putih bow tie instant pria wedding houseofcuff,Rp114.400,114400.0
blazer-jas-pria,Houseofcuff Dasi Neck Tie Hijau Tosca Polyester Neck Tie,Rp89.000,89000.0
blazer-jas-pria,CUFFLINK - kancing manset kancing kemeja,Rp65.000,65000.0
blazer-jas-pria,UTRECHT - DASI INSTANT dasi siap pakai dasi resleting dasi formal,Rp37.900,37900.0
blazer-jas-pria,Houseofcuff Suspender Backpack Kulit Leather Coklat,Rp330.000,330000.0
blazer-jas-pria,Bow Tie Dasi Kupu Kupu Houseofcuff BOWTIE MIX BLACK WHITE,Rp89.000,89000.0
blazer-jas-pria,BOWTIE DASI KUPU MANUAL SELF TIE SELF-TIE BOW BLACK,Rp166.600,166600.0
blazer-jas-pria,MALCOLM FASHION METAL TIE CLIP - wedding clamp necktie penjepit dasi Pengait,Rp65.000,65000.0
blazer-jas-pria,bowtie bow tie dasi kupu motif wedding best man neck tie,Rp89.000,89000.0
blazer-jas-pria,Neck tie / Dasi panjang 22,Rp89.000,89000.0
blazer-jas-pria,Hijaberies - Pin Magnet Hijab (Aksesoris Kerudung Muslim pengganti Peniti Bahan Stainless Steel Ukuran 13mm),Rp39.000,39000.0
blazer-jas-pria,JAS PRIA HITAM JUMBO BIGSIZE FORMAL WISUDA PERNIKAHAN BRANDED XXL XXXL 4XL 5XL 6XL 7XL 8XL 9XL 10XL,Rp355.000,355000.0
blazer-jas-pria,Houseofcuff Pocket Square Saputangan Jas Aksesoris Pria Y05,Rp75.000,75000.0
blazer-jas-pria,Dasi Neck Tie Slim Polos Wedding Best Man SQUARE RED MAROON TIE,Rp119.000,119000.0
blazer-jas-pria,CUFFLINK CUFFLINKS MANSET KANCING KEMEJA FRENCH CUFF SILVER KNOT,Rp180.000,180000.0
blazer-jas-pria,Dasi Pria Motif Elegant Neck Tie Ukuran 8cm Warna Hitam DS004,Rp59.000,59000.0
blazer-jas-pria,Houseofcuff Lapel Pin Bros Jas Wing Silver Chain Lapel Pin,Rp139.000,139000.0
blazer-jas-pria,Houseofcuff Dasi Kupu Bowtie Pocket Square Saputangan Biru Denim A35,Rp99.000,99000.0
blazer-jas-pria,Youngsung - Setelan Jas Celana Pria Hitam Formal Pernikahan Wisuda Casual Kantor Big Size Jumbo Oversize 4XL 5XL 6XL 7XL 8XL 9XL 10XL,Rp575.000,575000.0
blazer-jas-pria,Dasi Pria Motif Elegant Neck Tie Ukuran 8cm Warna Ungu DS017,Rp59.000,59000.0
blazer-jas-pria,Jas Blazer Pria Abu Muda Formal - InsanMosleem Blezer Formal,Rp210.000,210000.0
blazer-jas-pria,Bowtie Dasi Kupu Wedding Houseofcuff Dasi kupu kupu Navy Poly,Rp89.000,89000.0
blazer-jas-pria,Bowtie Dasi Kupu Wedding Houseofcuff Dasi kupu kupu Marun,Rp89.000,89000.0
blazer-jas-pria,DASI BOLO TIE SUN BLACK GEM BOLO,Rp180.000,180000.0
blazer-jas-pria,RUSTIC GOLD PIN JEPIT DASI PIN TIE SLIM REGULAR TIE CLASP KLIP DASI,Rp99.000,99000.0
blazer-jas-pria,Jas Pria Premium - VENTE SERIES - GOLDY OUTFIT,Rp435.000,435000.0
blazer-jas-pria,Dasi NeckTie Slim Polos Wedding Best Man BLACK SHADES NECK TIE,Rp109.000,109000.0
blazer-jas-pria,Houseofcuff Bowtie Dasi Kupu COOPER GOLD NECK TIE - Emas,Rp89.000,89000.0
blazer-jas-pria,SYLVESTER - DASI SUPER SKINNY DASI COSPLAY DASI POLOS DASI SEKOLAH DASI INSTANT dasi siap pakai dasi resleting dasi pria,Rp45.000,45000.0
blazer-jas-pria,Houseofcuff Dasi Panjang Neck Tie Batik Slim Fit Special Edition,Rp150.000,150000.0
blazer-jas-pria,Houseofcuff pocket square handkerchief sapu tangan X29,Rp75.000,75000.0
blazer-jas-pria,Dasi NeckTie Slim Polos Wedding Best Man BRONZE LISTED TIE,Rp120.000,120000.0
blazer-jas-pria,Neck tie / Dasi panjang 19,Rp89.000,89000.0
blazer-jas-pria,Setelan Jas Celana & Rompi Pria - Slim Fit - Tuxedo Putih- Peaky Premium Series - Goldy,Rp435.000,435000.0
blazer-jas-pria,Dasi NeckTie Slim Polos Wedding Best Man BROWN GOLD LISTED TIE,Rp119.000,119000.0
blazer-jas-pria,RUSTY - bow tie dasi kupu,Rp32.000,32000.0
blazer-jas-pria,VALEN - DASI MANUAL SALUR GARIS 8CM pria regular dasi formal dasi kantor wedding tie,Rp39.000,39000.0
blazer-jas-pria,Houseofcuff Dasi Neck Tie Motif CREAM LISTED NECK TIE,Rp120.000,120000.0
blazer-jas-pria,Setelan Jas Celana & Rompi Pria - Slim Fit - Biru Navy - Peaky Series - Goldy,Rp495.000,495000.0
blazer-jas-pria,Dasi Pria Motif Elegant Neck Tie Ukuran 8cm,Rp59.000,59000.0
blazer-jas-pria,(Dikirim 1Jam Setelah Order) Setelan Jas Formal Pria Jas Resmi Jas Wisuda Celana Slimfit Dasi Hitam,Rp355.000,355000.0
blazer-jas-pria,Primaragam Dasi sekolah Smp Biru Instan Siap Pakai,Rp22.500,22500.0
blazer-jas-pria,Houseofcuff Dasi Neck Tie Motif Wedding Best CREAM LISTED NECK TIE,Rp120.000,120000.0
blazer-jas-pria,Dasi Pria Motif Elegant Neck Tie Ukuran 8cm Warna Hitam DS001,Rp59.000,59000.0
blazer-jas-pria,Houseofcuff Bowtie Dasi Kupu Polos Motif Wedding Best Men Blue Dark Bow - Biru Tua,Rp99.000,99000.0
blazer-jas-pria,Houseofcuff Dasi Golden Grey,Rp109.000,109000.0
blazer-jas-pria,HOUSEOFCUFF DASI NECK TIE PANJANG GOLD EMAS SLIM FIT TEBAL MURAH,Rp99.000,99000.0
blazer-jas-pria,Setelan Jas Celana & Rompi Abu Tua - Vente Series - Goldy outfit,Rp435.000,435000.0
blazer-jas-pria,lapel pin collar bar / bros untuk jas 10,Rp139.000,139000.0
blazer-jas-pria,Dasi Neck Tie Slim Polos Wedding Best Man SQUARE YELLOW TIE,Rp99.000,99000.0
blazer-jas-pria,Goldy Outfit Setelan Jas Celana & Rompi Burgundy - Vente Series,Rp649.000,649000.0
blazer-jas-pria,Dasi Kupu Kupu - Hitam - Bowtie - Tie - Goldy Outfit,Rp30.500,30500.0
blazer-jas-pria,Houseofcuff Dasi Bolo Tie INDIAN SILVER BOLO TIE,Rp180.000,180000.0
blazer-jas-pria,Houseofcuff Dasi Neck Tie Coklat Tua Satin Neck Tie,Rp120.000,120000.0
blazer-jas-pria,Dasi NeckTie Slim Polos Wedding Best Man ORANGE LISTED LIGHT TIE,Rp140.000,140000.0
blazer-jas-pria,Houseofcuff Dasi Neck Tie Motif SILVER LISTED NECK TIE - Perak,Rp140.000,140000.0
blazer-jas-pria,Houseofcuff Pocket Square Saputangan Jas Aksesoris Pria Y14,Rp75.000,75000.0
blazer-jas-pria,Jas Blazer Vali Jas Pria Formal Kancing Satu Slim Fit Semi Wisuda,Rp195.000,195000.0
blazer-jas-pria,SQUARE STUDDED BLUE GEM CUFFLINKS,Rp180.000,180000.0
blazer-jas-pria,Houseofcuff Jas Celana Vest Rompi Blazer Abu Abu Slim Fit Motif Kotak,Rp450.000,450000.0
blazer-jas-pria,Dasi kupu kupu black bow tie,Rp89.000,89000.0
blazer-jas-pria,houseofcuff korsase bunga corsage brooch PASTEL LIGHT FLOWER LAPEL PIN,Rp139.000,139000.0
blazer-jas-pria,Dasi Pria PROFUMO PR-75SO-42-BK,Rp390.000,390000.0
blazer-jas-pria,Neck tie / Dasi panjang 03,Rp99.000,99000.0
blazer-jas-pria,Bowtie Dasi Kupu Wedding Dasi kupu kupu Satin Ungu Houseofcuff,Rp89.000,89000.0
blazer-jas-pria,dasi kupu batik putih bow tie instant pria wedding houseofcuff,Rp114.400,114400.0
blazer-jas-pria,Houseofcuff Lapel Pin Bros Jas VINTAGE SILVER TRIANGLE COLLAR PIN,Rp139.000,139000.0
blazer-jas-pria,BLACK DOFF ROUND SLIM PIN TIE JEPIT DASI PIN SLIM REGULAR TIE CLASP,Rp99.000,99000.0
blazer-jas-pria,RONN - suspender bretel pantalon,Rp35.000,35000.0
blazer-jas-pria,Youngsung Exclusive - Setelan Jas Wisuda Pria Hitam Slim Fit 4in1 Jas Blazer Kemeja Putih Celana Bahan Formal Dasi,Rp455.000,455000.0
blazer-jas-pria,Suspender Tali Jojon Karet ikat pinggang pria dewasa besar,Rp200.000,200000.0
blazer-jas-pria,Lapel Pin Bros Jas Wedding Best Man GOLDEN MAPLE LAPEL PIN,Rp139.000,139000.0
blazer-jas-pria,Bowtie Dasi Kupu Wedding Houseofcuff Dasi kupu kupu Hitam,Rp99.000,99000.0
blazer-jas-pria,Houseofcuff Dasi Kupu Bowtie Pocket Square Saputangan Sky Blue A29,Rp99.000,99000.0
blazer-jas-pria,Neck tie / Dasi panjang pria,Rp99.000,99000.0
blazer-jas-pria,Neck tie / Dasi panjang 27,Rp99.000,99000.0
blazer-jas-pria,"""20pcs/Set Kancing Jeans Logam Baut Instant Adjustable Magic Button Kancing Lepas Pasang Motif Detachable Tusuk Pengecil Celana Jeans """,Rp14.500,14500.0
blazer-jas-pria,SHANE - DASI POLOS MANUAL dasi pria dasi formal dasi kantor formal tie office tie wedding tie,Rp29.000,29000.0
blazer-jas-pria,RONAN - long formal office wedding tie dasi panjang dasi formal,Rp55.000,55000.0
blazer-jas-pria,Dasi kupu kupu red maroon bow tie,Rp89.000,89000.0
blazer-jas-pria,Bowtie Dasi Kupu kupu Wedding Houseofcuff Dasi kupu kupu krem,Rp89.000,89000.0
blazer-jas-pria,Youngsung - Jas Pria Hitam Formal Slim Fit Wisuda Kantor Blazer Semi Casual,Rp177.000,177000.0
blazer-jas-pria,Dasi NeckTie Slim Polos Wedding Best Man GOLD YELLOW LISTED TIE,Rp119.000,119000.0
blazer-jas-pria,Houseofcuff Lapel Pin Bros Jas Sword Chain Silver Lapel Pin,Rp139.000,139000.0
blazer-jas-pria,HOUSEOFCUFF COLLAR STAY STEEL SILVER LARGE,Rp150.000,150000.0
blazer-jas-pria,SAM - DASI INSTANT dasi siap pakai dasi resleting dasi formal slim tie,Rp37.900,37900.0
blazer-jas-pria,CUMMERBUND SET FOR TUXEDO kemben pria bengkung ikat pinggang tuksedo,Rp90.000,90000.0
blazer-jas-pria,Pin Tie Jepit Dasi Slim silver E houseofcuff,Rp89.000,89000.0
blazer-jas-pria,Houseofcuff Dasi NeckTie Slim Polos Wedding Best Man PEACH SOFT TIE,Rp109.000,109000.0
blazer-jas-pria,HOUSEOFCUFF COLLAR STAY STEEL SILVER MEDIUM,Rp145.000,145000.0
blazer-jas-pria,Neck tie / Dasi panjang 46,Rp119.000,119000.0
blazer-jas-pria,Houseofcuff Dasi Kupu Bowtie Pocket Square Saputangan Emas A14,Rp99.000,99000.0
blazer-jas-pria,BOW TIE DASI KUPU KUPU WEDDING BEST MAN POLOS READY STOCK SEMUA WARNA,Rp89.000,89000.0
blazer-jas-pria,Houseofcuff Jepit dasi / Pin tie 24,Rp89.000,89000.0
blazer-jas-pria,Collar extender kancing tambahan kerah button COLLAR EXTENDER BUTTON,Rp79.000,79000.0
blazer-jas-pria,Stud button kancing kemeja tuxedo cufflinks studs STUDS BUTTON BLACK,Rp200.000,200000.0
blazer-jas-pria,Houseofcuff Dasi Neck Tie Pink Satin Neck Tie,Rp99.000,99000.0
blazer-jas-pria,MAXX FASHION METAL TIE CLIP - wedding clamp necktie penjepit dasi,Rp32.000,32000.0
blazer-jas-pria,Bowtie Dasi Kupu Wedding Houseofcuff Dasi kupu kupu Abu Abu,Rp89.000,89000.0
blazer-jas-pria,Jepit Dasi Pin Tie clasp Pin dasi HOUSEOFCUFF GOLD SILVER BEZEL 05,Rp89.000,89000.0
blazer-jas-pria,Houseofcuff Dasi Neck Tie Silver Black Half Batik Neck Tie,Rp140.000,140000.0
blazer-jas-pria,Dasi Pria Motif Elegant Neck Tie Ukuran 8cm Warna Abu DS013,Rp59.000,59000.0
blazer-jas-pria,Dasi kupu kupu black bow tie 1,Rp89.000,89000.0
blazer-jas-pria,Collar Bar Lapel Pin Bros Jas Wedding Best Man IMPERIAL BLACK GEM PIN,Rp139.000,139000.0
blazer-jas-pria,Houseofcuff Dasi Ascot Tie ASCOT / CRAVAT TIE MAROON,Rp260.000,260000.0
blazer-jas-pria,Houseofcuff Cufflinks Manset Kemeja STAR TREK CUFFLINKS,Rp169.000,169000.0
blazer-jas-pria,Goldy Outfit Dasi Kupu Kupu Premium,Rp39.000,39000.0
blazer-jas-pria,HATSUNO TIE DASI INSTANT DASI SEIFUKU JK uniform school dasi pria dasi cosplay Japanese Korean Chinese,Rp35.000,35000.0
blazer-jas-pria,Dasi NeckTie Slim Polos Wedding Best Man WHITE SILVER LISTED TIE,Rp89.000,89000.0
blazer-jas-pria,ROCKBROS XT057 Manset Tangan Sepeda Cycling Arm Sleeve Outdoor Sports Anti UV Elastis,Rp90.900,90900.0
blazer-jas-pria,Parayu Tie Dasi Kupu Kupu Polyster Untuk Jas Kemeja Premium,Rp39.000,39000.0
blazer-jas-pria,GOLD SLIM PIN TIE JEPIT DASI PIN TIE SLIM REGULAR TIE CLASP KLIP DASI,Rp120.000,120000.0
blazer-jas-pria,Groomsmen box bestman cufflinks dasi wedding bowtie PACKAGE,Rp375.000,375000.0
blazer-jas-pria,Goldy Outfit - Dasi Panjang Premium Polos Hitam Merah,Rp39.000,39000.0
blazer-jas-pria,SAM 2 - DASI INSTANT dasi siap pakai dasi resleting dasi formal,Rp37.900,37900.0
blazer-jas-pria,MIKE METAL TIE CLIP - wedding clamp necktie penjepit dasi,Rp27.000,27000.0
blazer-jas-pria,Jas Hitam Formal / Jas Blazer Wisuda Nikah Formal Premium,Rp205.000,205000.0
blazer-jas-pria,Bow Tie Dasi Kupu Kupu Houseofcuff BOWTIE MIX RED BLACK,Rp89.000,89000.0
blazer-jas-pria,THEO - DASI MANUAL office tie dasi pria dasi panjang dasi formal,Rp55.000,55000.0
blazer-jas-pria,Jepit Dasi Pin Tie clasp Pin dasi HOUSEOFCUFF PIN TIE SILVER BEZEL 08,Rp89.000,89000.0
blazer-jas-pria,Dasi kupu kupu blue dark bow tie,Rp89.000,89000.0
blazer-jas-pria,Goldy Outfit Setelan Jas Celana & Rompi Merah - Peaky Series,Rp495.000,495000.0
blazer-jas-pria,Dasi Neck Tie Motif Wedding Best Man ORANGE BLACK PAISLEY BATIK TIE,Rp170.000,170000.0
blazer-jas-pria,Emikoawa Manset Kaos Badan Wanita Inner Top Lengan Panjang Daily Basic Manset Longsleeve Rayon Strech Adem Premium,Rp89.000,89000.0
blazer-jas-pria,Nobby Asma Manset Inner Kaos Wanita Basic Spandex Nyaman Baju Dalaman Panjang,Rp92.500,92500.0
blazer-jas-pria,RIBBON FLAG ENAMEL BROOCH PIN X02 PIN BROOCH JAS LAPEL PIN,Rp79.000,79000.0
blazer-jas-pria,Bow Tie Manual / Self Tie Bow Tie murah,Rp155.000,155000.0
blazer-jas-pria,Dasi Formal Premium Untuk Acara Pernikahan Bisnis Kerja,Rp69.000,69000.0
blazer-jas-pria,Neck tie / Dasi panjang 03,Rp99.000,99000.0
blazer-jas-pria,Bowtie Dasi Kupu Wedding Houseofcuff Dasi kupu kupu Biru BCA,Rp89.000,89000.0
blazer-jas-pria,Dasi Pria PROFUMO PR-75SO-42-BK,Rp390.000,390000.0
blazer-jas-pria,CUFFLINK CUFFLINKS MANSET KANCING KEMEJA FRENCH CUFF HEXAGON BLUE GEM,Rp150.000,150000.0
blazer-jas-pria,Neck tie / Dasi panjang 10,Rp119.000,119000.0
blazer-jas-pria,Houseofcuff Dasi Panjang Polos Neck Tie Satin Polos 2 Inch & 3 Inch Bahan Satin Warna Peach Kotak Packaging Asli Produk,Rp120.000,120000.0
blazer-jas-pria,Setelan Jas & Celana Hitam - Hotma Series - Goldy outfit,Rp649.000,649000.0
blazer-jas-pria,Houseofcuff Jepit dasi / Pin tie,Rp89.000,89000.0
blazer-jas-pria,Dasi Neck Tie Slim Polos Wedding Best Man SQUARE ORANGE TIE,Rp119.000,119000.0
blazer-jas-pria,Cufflinks Manset Kancing Kemeja French Cuff MILLENIUM GUNMETAL SHIP,Rp180.000,180000.0
blazer-jas-pria,Houseofcuff dasi panjang motif garis neck tie limited edition listed,Rp150.000,150000.0
blazer-jas-pria,Lapel pin collar bar/bross untuk jas 37,Rp79.000,79000.0
blazer-jas-pria,houseofcuff cufflink kancing manset jepit dasi SQUARE BLACK LIST,Rp199.000,199000.0
blazer-jas-pria,Bowtie Dasi Kupu Wedding Houseofcuff Dasi kupu kupu Hitam Poly,Rp89.000,89000.0
blazer-jas-pria,BOSS Setelan Jas Formal Pria Slim Fit RJB Hitam,Rp789.900,789900.0
blazer-jas-pria,houseofcuff cufflink kancing manset SQUARE PURPLE STONE CUFFLINKS,Rp180.000,180000.0
blazer-jas-pria,Houseofcuff Pin Tie Jepit Dasi Slim Gold A09,Rp99.000,99000.0
blazer-jas-pria,Setelan Jas Wisuda Hitam Pria Formal Wisuda 4in1 Celana Kantor Semi Casual Blazer Modern Kekinian,Rp455.000,455000.0
blazer-jas-pria,Koyu Hijab Manset Leher Cotray Best Seller,Rp23.900,23900.0
blazer-jas-pria,Shirt Garter Suspender Belt Penarik Baju SHIRTTAIL GARTER SINGLE STEEL,Rp125.000,125000.0
blazer-jas-pria,Houseofcuff Dasi Neck Tie Motif SOFT YELLOW TIE - Kuning Lembut,Rp89.000,89000.0
blazer-jas-pria,Houseofcuff Dasi Kupu Dan Pocket Square Bahan Satin Warna Marun,Rp99.000,99000.0
blazer-jas-pria,Houseofcuff Penjepit Dasi Pin Tie Jepit Dasi Polos Silver,Rp99.000,99000.0
blazer-jas-pria,Houseofcuff Cufflinks Manset Kancing Kemeja DEADPOOL CUFFLINKS,Rp180.000,180000.0
blazer-jas-pria,Jepit Dasi Pin Tie clasp Pin dasi HOUSEOFCUFF GOLD SILVER BEZEL 01,Rp89.000,89000.0
blazer-jas-pria,Cufflinks cufflinks manset handcuff kancing murah 34,Rp150.000,150000.0
blazer-jas-pria,Houseofcuff Custom Jepit Dasi Pin Tie Custom Huruf Logo Wedding,Rp400.000,400000.0
blazer-jas-pria,Setelan Jas Celana & Rompi Pria - Slim Fit - Peaky Series - Goldy,Rp599.000,599000.0
blazer-jas-pria,houseofcuff dasi panjang neck tie batik murah berkualitas SLIM FIT,Rp150.000,150000.0
blazer-jas-pria,Cufflinks Manset Kancing Kemeja French Cuff SILK KNOT BLUE BRIGHT,Rp120.000,120000.0
blazer-jas-pria,houseofcuff dasi panjang neck tie batik murah berkualitas tebal,Rp170.000,170000.0
blazer-jas-pria,kotak bestman aksesoris hadiah kado pria alfa C houseofcuff,Rp450.000,450000.0
blazer-jas-pria,Houseofcuff Cufflinks Manset Kemeja CIRCLE STUDDED SILVER CUFFLINKS,Rp185.000,185000.0
blazer-jas-pria,GOLD ROUND SLIM JEPIT DASI PIN TIE SLIM REGULAR TIE CLASP KLIP DASI,Rp99.000,99000.0
blazer-jas-pria,Dasi kupu kupu lime green bow tie,Rp89.000,89000.0
blazer-jas-pria,Cufflinks Manset Kancing Kemeja French Cuff Ace Card Cufflink,Rp180.000,180000.0
blazer-jas-pria,Neck tie / Dasi panjang 07,Rp119.000,119000.0
blazer-jas-pria,Bow Tie Dasi Kupu Kupu Houseofcuff BOWTIE DIAMOND BLACK,Rp89.000,89000.0
blazer-jas-pria,Cufflinks Manset Kancing Kemeja French Cuff SILVER CYLINDER MULTILIST,Rp180.000,180000.0
blazer-jas-pria,Houseofcuff Lapel Pin Bros Jas Wedding Best Man DEER BRONZE BROOCH,Rp139.000,139000.0
blazer-jas-pria,Suspender Tali Jojon Karet ikat pinggang pria dewasa besar A09,Rp200.000,200000.0
blazer-jas-pria,Houseofcuff Dasi Ascot Tie ASCOT / CRAVAT TIE BLACK,Rp260.000,260000.0
blazer-jas-pria,Houseofcuff Lapel Pin Brooch Bros Untuk Jas Rantai Gold HH,Rp139.000,139000.0
blazer-jas-pria,houseofcuff jepit dasi pin tie penjepit tie polos warna gold silver,Rp99.000,99000.0
blazer-jas-pria,Suspender Tali Jojon Karet ikat pinggang pria dewasa besar A06,Rp200.000,200000.0
blazer-jas-pria,Cufflinks Manset Kancing Kemeja French Cuff BAT SYMBOL CUFFLINKS,Rp180.000,180000.0
blazer-jas-pria,Goldy Outfit Setelan Jas Celana & Rompi Beige - Vente Series,Rp649.000,649000.0
blazer-jas-pria,Bowtie Dasi Kupu Houseofcuff Dasi kupu kupu Satin Biru Muda,Rp89.000,89000.0
blazer-jas-pria,Dasi Neck Tie Slim Polos Wedding Best Man SQUARE BLUE SOFT TIE,Rp99.000,99000.0
blazer-jas-pria,houseofcuff cufflink kancing manset WHITE ENGLAND FLAG CUFFLINKS,Rp140.000,140000.0
blazer-jas-pria,Houseofcuff Dasi Neck Tie Coklat Muda Satin Neck Tie,Rp120.000,120000.0
blazer-jas-pria,Ataru Pin Enamel Id Rather Be Sleeping Bros Pin Lucu Aksesoris Hiasan Baju Tas Topi Brooch Accessories,Rp32.900,32900.0
blazer-jas-pria,GOODETHICS - ONE SET ELEGANT JAS PRIA Celana Semi originial l ld 104-108cm,Rp1.189.000,1189000.0
blazer-jas-pria,JAS WISUDA PRIA HITAM SLIMFIT KANCING2 JAS BLAZER PRIA CASUAL,Rp255.000,255000.0
blazer-jas-pria,FORMAL SET 5 : Suit Blazer Navy + Celana bahan Formal Navy,Rp2.005.000,2005000.0
blazer-jas-pria,Lapel Pin Bros Jas Wedding Best Man SILVER TREE PIN,Rp79.000,79000.0
blazer-jas-pria,Cufflink Cufflinks Manset Kancing Kemeja French Cuff SQUARE BW 008 CUF,Rp150.000,150000.0
blazer-jas-pria,Jaket Semi Jas Pria A528 - X-Urband Official,Rp220.000,220000.0
blazer-jas-pria,Neckt Tie Dasi Motif Slim Fit SQUARE DARK GREY SILVER NECK TIE,Rp99.000,99000.0
blazer-jas-pria,Bowtie Dasi Kupu Houseofcuff Dasi kupu kupu Satin Navy Gelap,Rp89.000,89000.0
blazer-jas-pria,Houseofcuff Lapel Pin Bros Jas Wedding FLOWER LEAF BLACK LAPEL PIN,Rp139.000,139000.0
blazer-jas-pria,Collar Bar Lapel pin Bros Jas Wedding Best Man FLOWER SATIN WHITE,Rp139.000,139000.0
blazer-jas-pria,Lapel Pin Bros Jas Wedding Best Man DEER FULL BROOCH,Rp139.000,139000.0
blazer-jas-pria,Bow Tie Manual / Self Tie Bow Tie murah,Rp155.000,155000.0
blazer-jas-pria,Dasi Formal Premium Untuk Acara Pernikahan Bisnis Kerja,Rp69.000,69000.0
blazer-jas-pria,Neck tie / Dasi panjang 03,Rp99.000,99000.0
blazer-jas-pria,Bowtie Dasi Kupu Wedding Houseofcuff Dasi kupu kupu Biru BCA,Rp89.000,89000.0
blazer-jas-pria,Dasi Pria PROFUMO PR-75SO-42-BK,Rp390.000,390000.0
blazer-jas-pria,Dasi Formal Pria Motif Garis - Goldy Outfit,Rp79.000,79000.0
blazer-jas-pria,Houseofcuff cufflinks & jepit dasi pin tie set warna silver X023,Rp250.000,250000.0
blazer-jas-pria,houseofcuff cufflinks cufflink manset kancing wedding fabric warna,Rp120.000,120000.0
blazer-jas-pria,Houseofcuff Lapel Pin Bros Jas Cross Silver Lapel Pin,Rp139.000,139000.0
blazer-jas-pria,Dasi NeckTie Slim Polos Wedding Best Man ELECTRIC BLUE LISTED TIE,Rp99.000,99000.0
blazer-jas-pria,BLAZER PRIA FORMAL BLEZER COWOK KOREA JAS WISUDA JAS KERJA JAS KULIAH,Rp350.000,350000.0
blazer-jas-pria,Suspender Tali Jojon Karet ikat pinggang pria dewasa besar A13,Rp200.000,200000.0
blazer-jas-pria,Houseofcuff Cufflinks Manset Kancing Kemeja AVENGERS CUFFLINKS,Rp180.000,180000.0
blazer-jas-pria,Houseofcuff Cufflinks Manset Kancing Kemeja KNOT BLACK CUFFLINKS,Rp180.000,180000.0
blazer-jas-pria,Dasi NeckTie Slim Polos Wedding Best Man COBALT LISTED TIE,Rp120.000,120000.0
blazer-jas-pria,Setelan Jas & Celana Pria - Slim Fit - Peaky Series - Goldy,Rp495.000,495000.0
blazer-jas-pria,BOW TIE DASI KUPU KUPU & POCKET SQUARE SAPUTANGAN WEDDING BEST MAN,Rp120.000,120000.0
blazer-jas-pria,Dasi kupu kupu cream bow tie,Rp89.000,89000.0
blazer-jas-pria,Houseofcuff COLLAR STAY STEEL SILVER SMALL,Rp150.000,150000.0
blazer-jas-pria,Parayu - Jas Blazer zepp With Jacket Pria Formal Kancing Satu Slim Fit,Rp195.000,195000.0
blazer-jas-pria,Houseofcuff Dasi Neck Tie Motif GREEN INFERNO LISTED NECK TIE - Hijau,Rp120.000,120000.0
blazer-jas-pria,Dasi kupu kupu bowtie wedding bahan suede / beludru hitam,Rp114.400,114400.0
blazer-jas-pria,Houseofcuff Dasi Kupu Bowtie Pocket Square Saputangan Biru Tua A03,Rp99.000,99000.0
blazer-jas-pria,Houseofcuff Cufflinks Manset Kancing Kemeja CROWN LOGO CUFFLINKS,Rp170.000,170000.0
blazer-jas-pria,Houseofcuff Suspender Belt Gesper Abu Model Y,Rp150.000,150000.0
blazer-jas-pria,Lapel pin collar bar/bross untuk jas 35,Rp79.000,79000.0
blazer-jas-pria,TODOROKI TIE DASI INSTANT DASI SEIFUKU JK uniform school dasi cosplay Japanese Korean Chinese,Rp35.000,35000.0
blazer-jas-pria,Bowtie Dasi Kupu kupu Wedding Houseofcuff Dasi kupu coklat tua,Rp89.000,89000.0
blazer-jas-pria,Neck tie / Dasi panjang 11,Rp119.000,119000.0
blazer-jas-pria,Dasi Neck Tie Slim Polos Wedding Best Man SQUARE BLUE DARK TIE,Rp119.000,119000.0
blazer-jas-pria,Neck tie / Dasi panjang 01,Rp99.000,99000.0
blazer-jas-pria,Houseofcuff Pin Tie Jepit Das GOLDEN SILVER SAW PIN TIE,Rp89.000,89000.0
blazer-jas-pria,Houseofcuff Dasi Blue Dark,Rp109.000,109000.0
blazer-jas-pria,Dasi Neck Tie Slim Polos Wedding Best Man Square Black Tie,Rp99.000,99000.0
blazer-jas-pria,Houseofcuff lapel pin brooch bros untuk jas TUSUK HITAM SILVER A18,Rp79.000,79000.0
blazer-jas-pria,Neck tie / Dasi panjang 25,Rp109.000,109000.0
blazer-jas-pria,Goldy Outfit Dasi Kupu Kupu Motif Premium,Rp49.000,49000.0
blazer-jas-pria,Houseofcuff Dasi Neck Tie Dark Red Maroon Half Batik Neck Tie,Rp150.000,150000.0
blazer-jas-pria,Jepit Dasi Pin Tie clasp Pin dasi HOUSEOFCUFF GOLD SILVER BEZEL 08,Rp89.000,89000.0
blazer-jas-pria,Houseofcuff Bowtie Dasi Kupu GREY DOTS BOW Tie - Abuabu,Rp89.000,89000.0
blazer-jas-pria,Houseofcuff pocket square handkerchief sapu tangan X19,Rp75.000,75000.0
blazer-jas-pria,Houseofcuff Dasi Kupu Manual Pre Tied Bowtie Selftie Hijau,Rp162.250,162250.0
blazer-jas-pria,houseofcuff collar bar instant / tempel dengan rantai untuk kerah dasi,Rp140.000,140000.0
blazer-jas-pria,Dasi NeckTie Slim Polos Wedding Best Man ELECTRIC BLUE NECK TIE,Rp109.000,109000.0
blazer-jas-pria,Houseofcuff lapel pin brooch bros untuk jas RANTAI GOLD CC,Rp139.000,139000.0
blazer-jas-pria,Houseofcuff Silver Knot Cufflink,Rp180.000,180000.0
blazer-jas-pria,Cufflinks Manset Kancing Kemeja French Cuff SUPER HERO BLACK CUFFLINKS,Rp150.000,150000.0
blazer-jas-pria,Houseofcuff Jas Set Celana Formal Blazer Mocca Formal Pria Jas Nikah,Rp2.000.000,2000000.0
blazer-jas-pria,Houseofcuff Dasi Ascot Tie ASCOT / CRAVAT TIE DARK BLUE,Rp260.000,260000.0
blazer-jas-pria,BOWTIE DASI KUPU POLOS MOTIF WEDDING BEST MEN OVERSIZED,Rp150.000,150000.0
blazer-jas-pria,TUMBHOLE TOP by Sylmibasic Official,Rp199.000,199000.0
blazer-jas-pria,Armband garter / bartender garter sleeve garter ARMBAND SLEEVE GARTER,Rp50.000,50000.0
blazer-jas-pria,Goldy Outfit - Dasi Formal Hitam Polos - Tie,Rp29.900,29900.0
blazer-jas-pria,houseofcuff cufflinks stetoskop dokter manset kancing lengan,Rp180.000,180000.0
blazer-jas-pria,Houseofcuff Dasi Grey Dark,Rp109.000,109000.0
blazer-jas-pria,Bow Tie Dasi Kupu Kupu Houseofcuff BOWTIE MIX BLACK LIGHTPINK,Rp89.000,89000.0
blazer-jas-pria,Setelan Jas Celana & Rompi Pria - Hitam - Jas Slim Fit Formal - Peaky Series - Goldy,Rp339.000,339000.0
blazer-jas-pria,Houseofcuff Dasi Neck Tie Cream Satin Neck Tie,Rp99.000,99000.0
blazer-jas-pria,Houseofcuff Lapel Pin Bros Jas Ribbon Bird Lapel Pin,Rp79.000,79000.0
blazer-jas-pria,Shirt Garter Suspender Belt Penarik Baju SHIRT GARTER ROW STEEL,Rp200.000,200000.0
blazer-jas-pria,Houseofcuff Dasi Neck Tie Motif SUNSHINE ROSEGOLD NECK TIE rosegold,Rp109.000,109000.0
blazer-jas-pria,Houseofcuff Jepit dasi / Pin tie 18,Rp89.000,89000.0
blazer-jas-pria,Jas Pria Slim Fit Suit Blazer Formal Hitam,Rp1.800.000,1800000.0
blazer-jas-pria,Houseofcuff Dasi Neck Tie Motif Wedding Best Man Brown Gold Neck Tie,Rp89.000,89000.0
blazer-jas-pria,Setelan Jas & Celana Double Breasted Hitam-Peaky Series,Rp339.000,339000.0
blazer-jas-pria,Dasi Formal Premium Untuk Acara Pernikahan Bisnis Kerja,Rp69.000,69000.0
blazer-jas-pria,TOBIAS CUFFLINK - kancing manset kancing lengan kemeja,Rp59.000,59000.0
blazer-jas-pria,Dasi Resleting Pria PROFUMO PR-75ZPS-42-BN Zipper Tie,Rp335.200,335200.0
blazer-jas-pria,Bowtie Dasi Kupu Wedding Houseofcuff Dasi kupu kupu Ungu Muda,Rp89.000,89000.0
blazer-jas-pria,Dasi Pria PROFUMO PR-75SO-04-RD,Rp370.500,370500.0
blazer-jas-pria,Cufflinks jual cufflink untuk kemeja manset model french cuff,Rp150.000,150000.0
blazer-jas-pria,Houseofcuff cufflinks & jepit dasi pin tie set warna gold X002,Rp250.000,250000.0
blazer-jas-pria,Houseofcuff lapel pin brooch bros untuk jas RANTAI SILVER EE,Rp139.000,139000.0
blazer-jas-pria,Dasi Formal Panjang Pria Bahan Satin - Dasi Pria Kerja Polos Merah,Rp89.000,89000.0
blazer-jas-pria,Lapel Pin Bros Jas Wedding Best Man SILVER CHAIN CROWN GEM PIN,Rp139.000,139000.0
blazer-jas-pria,Dasi NeckTie Slim Motif Wedding Best Man DARK SILVER LISTED TIE,Rp89.000,89000.0
blazer-jas-pria,Houseofcuff Dasi Red Claret,Rp109.000,109000.0
blazer-jas-pria,Bowtie Dasi Kupu Wedding Houseofcuff Dasi kupu kupu Silver,Rp89.000,89000.0
blazer-jas-pria,Houseofcuff Dasi Ruche Tie RUCHE RED FLOWER,Rp150.000,150000.0
blazer-jas-pria,Dasi NeckTie Slim Polos Wedding Best Man BLACK LISTED THICK TIE,Rp119.000,119000.0
blazer-jas-pria,Lapel pin collar bar/bross untuk jas 38,Rp79.000,79000.0
blazer-jas-pria,Jas Blazer Vali Jas Pria Formal Kancing Dua Slim Fit Wisuda Hitam Pengantin Celana,Rp195.000,195000.0
blazer-jas-pria,Houseofcuff Dasi Neck Tie SQUARE DARK DUSTY PINK NECK TIE - Merah Muda,Rp119.000,119000.0
blazer-jas-pria,DASI BOLO TIE COWBOY BRONZE BOLO,Rp180.000,180000.0
blazer-jas-pria,Raisma - Paket Bundle Handsock Renda Cincin Raisma,Rp225.000,225000.0
blazer-jas-pria,Parayu Dasi Formal Pria Zipper Satin Otomatis Udah Jadi Untuk Jas dan Kemeja Dewasa,Rp45.000,45000.0
blazer-jas-pria,Bowtie Dasi Kupu Wedding Houseofcuff Dasi kupu kupu satin Marun,Rp89.000,89000.0
blazer-jas-pria,Cufflinks Manset Kancing Kemeja French Cuff Bricks YELLOW CUFFLINKS,Rp150.000,150000.0
blazer-jas-pria,Houseofcuff cufflinks & jepit dasi pin tie set warna silver X031,Rp250.000,250000.0
blazer-jas-pria,Lapel Pin collar bar Bros Jas Wedding Best Man WOLF BROOCH COOPER,Rp139.000,139000.0
blazer-jas-pria,Lapel Pin Bros Jas Wedding Best Man FLOWER LEAF SILVER LAPEL,Rp139.000,139000.0
blazer-jas-pria,Jas Rompi Pria Daleman Jas Pria Slimfit Formal Pria Abu Hitam Navy Casual,Rp119.000,119000.0
blazer-jas-pria,Houseofcuff Cufflinks Manset Kemeja Black Batik Center Neck Tie,Rp170.000,170000.0
blazer-jas-pria,Houseofcuff Dasi Panjang tempel Instant Neck Tie Slim ada semua warna,Rp150.000,150000.0
blazer-jas-pria,Houseofcuff Dasi Blue Navy,Rp109.000,109000.0
blazer-jas-pria,Houseofcuff Pin Tie Jepit Dasi ROSE GOLD PIN TIE REGULAR - Mawar Emas,Rp99.000,99000.0
blazer-jas-pria,Youngsung - Jas Wisuda Hitam Jumbo Formal Pria Kerja Kantoran Big Size 10XL 9XL 8XL 7XL 6XL 5XL 4XL XXXL XXL,Rp370.000,370000.0
blazer-jas-pria,Houseofcuff Dasi NeckTie Slim Polos Wedding Best Man BLACK TIE 2,Rp89.000,89000.0
blazer-jas-pria,Neck tie / Dasi panjang 48,Rp89.000,89000.0
blazer-jas-pria,DASI BOLO TIE BUCKLER SILVER BOLO,Rp180.000,180000.0
blazer-jas-pria,Neckt Tie Dasi Motif Slim Fit Houseofcuff SQUARE LIGHT BLUE NECK TIE,Rp99.000,99000.0
blazer-jas-pria,Pin Tie Jepit Dasi Slim Fit,Rp89.000,89000.0
blazer-jas-pria,Bow Tie Dasi Kupu Kupu Houseofcuff BOWTIE MIX BLACK GREY,Rp89.000,89000.0
blazer-jas-pria,Neck tie / Dasi panjang 16,Rp89.000,89000.0
blazer-jas-pria,Neckt Tie Dasi Motif Slim Fit Houseofcuff BROWN BATIK PAISLEY TIE,Rp170.000,170000.0
blazer-jas-pria,Primaragam Dasi Hitam Polos Pria Instan Ospek Perekat Siap Pakai Wanita Wisuda Velcro,Rp20.000,20000.0
blazer-jas-pria,Dasi Panjang Murah Slim Neck Tie Polos Satin Wedding dasi kantor kerja,Rp89.000,89000.0
blazer-jas-pria,Houseofcuff Lapel Pin Bros Jas Wedding Best Man SHIELD GOLD BROOCH,Rp139.000,139000.0
blazer-jas-pria,Houseofcuff lapel pin brooch bros untuk jas TUSUK GOLD NN,Rp139.000,139000.0
blazer-jas-pria,Dasi NeckTie Slim Polos Wedding Best Man YELLOW LISTED TIE,Rp99.000,99000.0
blazer-jas-pria,Bowtie Dasi Kupu Wedding Houseofcuff Dasi kupu kupu Satin Cream,Rp89.000,89000.0
blazer-jas-pria,Houseofcuff pocket square handkerchief sapu tangan,Rp75.000,75000.0
blazer-jas-pria,Houseofcuff Cufflinks Manset Kemeja STARWARS DROID CUFFLINKS,Rp169.000,169000.0
blazer-jas-pria,NAVY SLIM PIN JEPIT DASI PIN TIE SLIM REGULAR TIE CLASP KLIP DASI,Rp120.000,120000.0
blazer-jas-pria,Lapel pin collar bar/bross untuk jas 34,Rp79.000,79000.0
blazer-jas-pria,Setelan Jas Celana & Rompi Tuxedo Hitam - Peaky Premium Series - Goldy outfit,Rp435.000,435000.0
blazer-jas-pria,NECK TIE DASI POLOS READY STOCK SEMUA WARNA UNTUK WEDDING / PERUSAHAAN,Rp89.000,89000.0
blazer-jas-pria,Goldy Outfit Setelan Jas Celana - Vente Series,Rp649.000,649000.0
blazer-jas-pria,Setelan Jas Celana & Rompi - Vente Series - Goldy outfit Casual,Rp765.000,765000.0
blazer-jas-pria,Goldy Outfit Setelan Jas Celana & Rompi Coklat - Vente Series,Rp649.000,649000.0
blazer-jas-pria,houseofcuff jepit dasi pin tie clasp regular slim fork pin tie bar,Rp89.000,89000.0
blazer-jas-pria,Dasi kupu kupu blue bright bow tie,Rp89.000,89000.0
blazer-jas-pria,Youngsung - Jas Pria Slim Fit Formal List Hitam Premium 4in1 Celana Kemeja Putih Dasi Pengantin,Rp477.000,477000.0
blazer-jas-pria,Jas Slim Fit Suit Blazer Formal warna navy,Rp1.800.000,1800000.0
blazer-jas-pria,Houseofcuff CUFFLINK Manset Kancing GENEVE WATCH LOGO CUFFLINKS,Rp280.000,280000.0
blazer-jas-pria,Heaven Lights - Autonoma Pin - Peniti Pin Magnet Hijab,Rp86.130,86130.0
blazer-jas-pria,VINCENZO - DASI MANUAL POLOS 8CM pria regular dasi formal dasi kantor wedding tie,Rp35.000,35000.0
blazer-jas-pria,Suspender Tali Jojon Karet ikat pinggang pria dewasa besar A04,Rp200.000,200000.0
blazer-jas-pria,Dasi NeckTie Slim Polos Wedding Best Man GOLD SOFT SATIN NECK TIE,Rp109.000,109000.0
blazer-jas-pria,Bowtie Dasi Kupu Wedding Houseofcuff Dasi kupu kupu Satin Peach,Rp89.000,89000.0
blazer-jas-pria,Dasi Formal Premium Untuk Acara Pernikahan Bisnis Kerja,Rp69.000,69000.0
blazer-jas-pria,TOBIAS CUFFLINK - kancing manset kancing lengan kemeja,Rp59.000,59000.0
blazer-jas-pria,Dasi Resleting Pria PROFUMO PR-75ZPS-42-BN Zipper Tie,Rp335.200,335200.0
blazer-jas-pria,Bowtie Dasi Kupu Wedding Houseofcuff Dasi kupu kupu Ungu Muda,Rp89.000,89000.0
blazer-jas-pria,Dasi Pria PROFUMO PR-75SO-04-RD,Rp370.500,370500.0
